split,engine_id,end_cycle,true_rul,pred_rul,error
train,1,30,162.0,207.33096,45.330963
train,1,31,161.0,213.50143,52.501434
train,1,32,160.0,219.68369,59.683685
train,1,33,159.0,217.84955,58.84955
train,1,34,158.0,209.711,51.711
train,1,35,157.0,209.67615,52.676147
train,1,36,156.0,215.03575,59.03575
train,1,37,155.0,228.23647,73.236465
train,1,38,154.0,235.10782,81.10782
train,1,39,153.0,239.71278,86.71278
train,1,40,152.0,241.7345,89.7345
train,1,41,151.0,245.87227,94.87227
train,1,42,150.0,246.30244,96.302444
train,1,43,149.0,229.76727,80.76727
train,1,44,148.0,236.87247,88.87247
train,1,45,147.0,223.41449,76.41449
train,1,46,146.0,219.70934,73.709335
train,1,47,145.0,222.31216,77.312164
train,1,48,144.0,209.20267,65.20267
train,1,49,143.0,209.4602,66.460205
train,1,50,142.0,201.84079,59.84079
train,1,51,141.0,205.7946,64.7946
train,1,52,140.0,205.6718,65.6718
train,1,53,139.0,198.71124,59.711243
train,1,54,138.0,189.38553,51.38553
train,1,55,137.0,190.31305,53.31305
train,1,56,136.0,187.84784,51.84784
train,1,57,135.0,178.25748,43.257477
train,1,58,134.0,177.88507,43.88507
train,1,59,133.0,175.86153,42.861526
train,1,60,132.0,186.52094,54.520935
train,1,61,131.0,180.76471,49.76471
train,1,62,130.0,191.19168,61.19168
train,1,63,129.0,177.96239,48.962387
train,1,64,128.0,173.28568,45.285675
train,1,65,127.0,164.16011,37.16011
train,1,66,126.0,175.49422,49.494217
train,1,67,125.0,174.50995,49.50995
train,1,68,124.0,174.74936,50.74936
train,1,69,123.0,177.52414,54.52414
train,1,70,122.0,177.8442,55.844193
train,1,71,121.0,181.81639,60.81639
train,1,72,120.0,180.09216,60.092163
train,1,73,119.0,194.03622,75.036224
train,1,74,118.0,196.3397,78.33971
train,1,75,117.0,192.1847,75.18469
train,1,76,116.0,193.03438,77.03438
train,1,77,115.0,188.76027,73.76027
train,1,78,114.0,190.10199,76.10199
train,1,79,113.0,192.2201,79.22009
train,1,80,112.0,183.47586,71.47586
train,1,81,111.0,180.77588,69.77588
train,1,82,110.0,180.30933,70.309326
train,1,83,109.0,177.78313,68.78313
train,1,84,108.0,166.62442,58.62442
train,1,85,107.0,169.33746,62.337463
train,1,86,106.0,173.01816,67.01816
train,1,87,105.0,156.35336,51.353363
train,1,88,104.0,160.00803,56.008026
train,1,89,103.0,155.06996,52.06996
train,1,90,102.0,155.39209,53.39209
train,1,91,101.0,161.4881,60.4881
train,1,92,100.0,163.84225,63.842255
train,1,93,99.0,138.50768,39.507675
train,1,94,98.0,129.27438,31.274384
train,1,95,97.0,120.59963,23.599632
train,1,96,96.0,129.02248,33.022476
train,1,97,95.0,127.38255,32.382553
train,1,98,94.0,137.22217,43.222168
train,1,99,93.0,129.59717,36.597168
train,1,100,92.0,119.450714,27.450714
train,1,101,91.0,121.47551,30.47551
train,1,102,90.0,112.80394,22.80394
train,1,103,89.0,118.56511,29.56511
train,1,104,88.0,131.0367,43.036697
train,1,105,87.0,137.47446,50.474457
train,1,106,86.0,143.27829,57.27829
train,1,107,85.0,146.70654,61.706543
train,1,108,84.0,138.44232,54.44232
train,1,109,83.0,133.69772,50.697723
train,1,110,82.0,126.24878,44.24878
train,1,111,81.0,110.76748,29.767479
train,1,112,80.0,118.73731,38.737312
train,1,113,79.0,111.208984,32.208984
train,1,114,78.0,112.40695,34.40695
train,1,115,77.0,116.507256,39.507256
train,1,116,76.0,124.25079,48.250793
train,1,117,75.0,125.34706,50.34706
train,1,118,74.0,123.72367,49.72367
train,1,119,73.0,127.405106,54.405106
train,1,120,72.0,120.271454,48.271454
train,1,121,71.0,123.28186,52.28186
train,1,122,70.0,108.8257,38.8257
train,1,123,69.0,103.52793,34.52793
train,1,124,68.0,95.669395,27.669395
train,1,125,67.0,90.43889,23.438889
train,1,126,66.0,83.84282,17.84282
train,1,127,65.0,84.00735,19.007347
train,1,128,64.0,79.699585,15.699585
train,1,129,63.0,80.07387,17.073868
train,1,130,62.0,85.12891,23.128906
train,1,131,61.0,81.89551,20.895508
train,1,132,60.0,75.142624,15.142624
train,1,133,59.0,69.02143,10.021431
train,1,134,58.0,76.0482,18.048203
train,1,135,57.0,84.22049,27.22049
train,1,136,56.0,95.36781,39.367813
train,1,137,55.0,94.15433,39.154327
train,1,138,54.0,98.45933,44.459328
train,1,139,53.0,97.78754,44.787537
train,1,140,52.0,105.19521,53.195213
train,1,141,51.0,95.87824,44.878242
train,1,142,50.0,92.68764,42.687637
train,1,143,49.0,89.60057,40.60057
train,1,144,48.0,89.2955,41.2955
train,1,145,47.0,80.43063,33.430634
train,1,146,46.0,91.52852,45.52852
train,1,147,45.0,89.36055,44.36055
train,1,148,44.0,94.01793,50.01793
train,1,149,43.0,86.53923,43.53923
train,1,150,42.0,82.01541,40.01541
train,1,151,41.0,80.9948,39.994797
train,1,152,40.0,65.89154,25.89154
train,1,153,39.0,51.228355,12.228355
train,1,154,38.0,40.516243,2.516243
train,1,155,37.0,38.499565,1.4995651
train,1,156,36.0,35.70798,-0.2920189
train,1,157,35.0,38.666763,3.6667633
train,1,158,34.0,39.255085,5.255085
train,1,159,33.0,27.452908,-5.5470924
train,1,160,32.0,18.949892,-13.050108
train,1,161,31.0,23.03982,-7.9601803
train,1,162,30.0,12.8309,-17.1691
train,1,163,29.0,6.6610336,-22.338966
train,1,164,28.0,3.0535488,-24.946451
train,1,165,27.0,2.7060204,-24.29398
train,1,166,26.0,3.1401024,-22.859898
train,1,167,25.0,5.0510693,-19.94893
train,1,168,24.0,14.915131,-9.084869
train,1,169,23.0,12.268113,-10.731887
train,1,170,22.0,15.354874,-6.6451263
train,1,171,21.0,19.544773,-1.4552269
train,1,172,20.0,18.656116,-1.3438835
train,1,173,19.0,20.132545,1.1325455
train,1,174,18.0,19.790524,1.7905235
train,1,175,17.0,16.481876,-0.5181236
train,1,176,16.0,20.86052,4.8605194
train,1,177,15.0,22.072659,7.0726585
train,1,178,14.0,27.22305,13.223049
train,1,179,13.0,22.182125,9.182125
train,1,180,12.0,22.71686,10.71686
train,1,181,11.0,19.075275,8.075275
train,1,182,10.0,12.872552,2.872552
train,1,183,9.0,14.369663,5.3696632
train,1,184,8.0,4.7476387,-3.2523613
train,1,185,7.0,3.7138882,-3.2861118
train,1,186,6.0,0.82435215,-5.1756477
train,1,187,5.0,-2.294407,-7.294407
train,1,188,4.0,-3.0003586,-7.0003586
train,1,189,3.0,-7.1423817,-10.142382
train,1,190,2.0,-13.051832,-15.051832
train,1,191,1.0,-10.999107,-11.999107
train,1,192,0.0,-13.3288,-13.3288
train,2,30,257.0,190.8335,-66.166504
train,2,31,256.0,191.67352,-64.32648
train,2,32,255.0,197.99689,-57.003113
train,2,33,254.0,192.7008,-61.299194
train,2,34,253.0,194.748,-58.252
train,2,35,252.0,200.84036,-51.159637
train,2,36,251.0,205.22614,-45.773865
train,2,37,250.0,206.50873,-43.491272
train,2,38,249.0,199.5857,-49.414307
train,2,39,248.0,221.90372,-26.096283
train,2,40,247.0,250.28761,3.287613
train,2,41,246.0,235.23074,-10.769257
train,2,42,245.0,255.08968,10.089676
train,2,43,244.0,262.90497,18.904968
train,2,44,243.0,260.59702,17.597015
train,2,45,242.0,252.47096,10.470963
train,2,46,241.0,256.50595,15.505951
train,2,47,240.0,253.55118,13.551178
train,2,48,239.0,253.22618,14.226181
train,2,49,238.0,259.85986,21.859863
train,2,50,237.0,261.397,24.397003
train,2,51,236.0,269.805,33.804993
train,2,52,235.0,226.83066,-8.169342
train,2,53,234.0,228.06601,-5.9339905
train,2,54,233.0,221.2499,-11.750107
train,2,55,232.0,207.36131,-24.638687
train,2,56,231.0,217.0076,-13.992401
train,2,57,230.0,210.90404,-19.095963
train,2,58,229.0,213.06479,-15.935211
train,2,59,228.0,209.50478,-18.495224
train,2,60,227.0,202.79314,-24.206863
train,2,61,226.0,200.9559,-25.044098
train,2,62,225.0,197.77437,-27.225632
train,2,63,224.0,194.1671,-29.832901
train,2,64,223.0,190.81552,-32.18448
train,2,65,222.0,177.95259,-44.04741
train,2,66,221.0,181.85632,-39.143677
train,2,67,220.0,178.23643,-41.763565
train,2,68,219.0,172.76572,-46.234283
train,2,69,218.0,167.57777,-50.422226
train,2,70,217.0,160.67201,-56.327988
train,2,71,216.0,149.70384,-66.29616
train,2,72,215.0,155.43378,-59.566223
train,2,73,214.0,160.34566,-53.654343
train,2,74,213.0,164.48026,-48.519745
train,2,75,212.0,177.76526,-34.23474
train,2,76,211.0,178.52383,-32.476166
train,2,77,210.0,180.62424,-29.375763
train,2,78,209.0,192.3275,-16.6725
train,2,79,208.0,188.43167,-19.568329
train,2,80,207.0,199.01767,-7.9823303
train,2,81,206.0,206.36353,0.3635254
train,2,82,205.0,202.68527,-2.3147278
train,2,83,204.0,205.09512,1.0951233
train,2,84,203.0,199.70047,-3.29953
train,2,85,202.0,201.58533,-0.41467285
train,2,86,201.0,199.42618,-1.573822
train,2,87,200.0,196.30243,-3.6975708
train,2,88,199.0,202.03967,3.0396729
train,2,89,198.0,203.14243,5.1424255
train,2,90,197.0,194.6761,-2.3238983
train,2,91,196.0,193.36288,-2.6371155
train,2,92,195.0,184.53018,-10.469818
train,2,93,194.0,178.51508,-15.484924
train,2,94,193.0,180.17554,-12.824463
train,2,95,192.0,171.78209,-20.21791
train,2,96,191.0,166.04971,-24.950287
train,2,97,190.0,157.46019,-32.53981
train,2,98,189.0,164.302,-24.697998
train,2,99,188.0,157.1701,-30.829895
train,2,100,187.0,152.98544,-34.014557
train,2,101,186.0,156.1531,-29.846893
train,2,102,185.0,149.4928,-35.507202
train,2,103,184.0,151.8851,-32.1149
train,2,104,183.0,147.93442,-35.065582
train,2,105,182.0,148.24986,-33.750137
train,2,106,181.0,146.08078,-34.91922
train,2,107,180.0,146.47232,-33.52768
train,2,108,179.0,147.60071,-31.399292
train,2,109,178.0,138.50974,-39.490265
train,2,110,177.0,142.74913,-34.25087
train,2,111,176.0,152.69897,-23.301025
train,2,112,175.0,152.46802,-22.531982
train,2,113,174.0,155.19258,-18.807419
train,2,114,173.0,162.1971,-10.802902
train,2,115,172.0,160.95534,-11.044662
train,2,116,171.0,168.93204,-2.0679626
train,2,117,170.0,171.2056,1.2055969
train,2,118,169.0,173.41977,4.4197693
train,2,119,168.0,162.5697,-5.430298
train,2,120,167.0,166.8875,-0.11250305
train,2,121,166.0,169.75908,3.759079
train,2,122,165.0,168.57385,3.5738525
train,2,123,164.0,168.32367,4.3236694
train,2,124,163.0,171.91797,8.917969
train,2,125,162.0,167.41153,5.4115295
train,2,126,161.0,158.81879,-2.1812134
train,2,127,160.0,157.86401,-2.1359863
train,2,128,159.0,158.40378,-0.5962219
train,2,129,158.0,163.986,5.9859924
train,2,130,157.0,159.93536,2.9353638
train,2,131,156.0,165.65161,9.651611
train,2,132,155.0,149.02324,-5.976761
train,2,133,154.0,134.6648,-19.335205
train,2,134,153.0,137.24982,-15.750183
train,2,135,152.0,131.48972,-20.510284
train,2,136,151.0,130.24045,-20.759552
train,2,137,150.0,128.06885,-21.931152
train,2,138,149.0,127.53184,-21.468163
train,2,139,148.0,119.48906,-28.51094
train,2,140,147.0,120.88574,-26.114258
train,2,141,146.0,118.952835,-27.047165
train,2,142,145.0,115.7189,-29.281097
train,2,143,144.0,116.55324,-27.446762
train,2,144,143.0,122.99295,-20.00705
train,2,145,142.0,127.74514,-14.25486
train,2,146,141.0,127.33537,-13.664627
train,2,147,140.0,124.40315,-15.596848
train,2,148,139.0,126.90223,-12.097771
train,2,149,138.0,124.877655,-13.122345
train,2,150,137.0,131.36179,-5.638214
train,2,151,136.0,135.02551,-0.9744873
train,2,152,135.0,131.761,-3.2389984
train,2,153,134.0,125.3259,-8.674103
train,2,154,133.0,125.68527,-7.314728
train,2,155,132.0,128.63156,-3.3684387
train,2,156,131.0,128.21469,-2.7853088
train,2,157,130.0,120.7941,-9.205902
train,2,158,129.0,120.39435,-8.605652
train,2,159,128.0,123.7529,-4.247101
train,2,160,127.0,115.28998,-11.710022
train,2,161,126.0,120.19708,-5.8029175
train,2,162,125.0,124.986015,-0.01398468
train,2,163,124.0,122.63127,-1.3687286
train,2,164,123.0,131.23029,8.230286
train,2,165,122.0,136.06442,14.064423
train,2,166,121.0,142.93063,21.930634
train,2,167,120.0,142.00137,22.001373
train,2,168,119.0,137.76682,18.766815
train,2,169,118.0,131.67868,13.67868
train,2,170,117.0,133.37677,16.37677
train,2,171,116.0,126.11421,10.114212
train,2,172,115.0,128.55096,13.550964
train,2,173,114.0,119.70611,5.706108
train,2,174,113.0,118.24762,5.2476196
train,2,175,112.0,121.73566,9.735657
train,2,176,111.0,123.301895,12.301895
train,2,177,110.0,116.9715,6.9714966
train,2,178,109.0,113.949936,4.949936
train,2,179,108.0,118.87366,10.873657
train,2,180,107.0,119.7439,12.7438965
train,2,181,106.0,124.89608,18.89608
train,2,182,105.0,122.368515,17.368515
train,2,183,104.0,111.72745,7.7274475
train,2,184,103.0,133.39783,30.397827
train,2,185,102.0,140.65952,38.659515
train,2,186,101.0,134.77556,33.77556
train,2,187,100.0,121.55797,21.557968
train,2,188,99.0,128.709,29.709
train,2,189,98.0,130.62753,32.627533
train,2,190,97.0,130.82004,33.820038
train,2,191,96.0,120.10606,24.106056
train,2,192,95.0,86.02846,-8.971542
train,2,193,94.0,78.32673,-15.673271
train,2,194,93.0,68.367966,-24.632034
train,2,195,92.0,70.99169,-21.008308
train,2,196,91.0,71.227356,-19.772644
train,2,197,90.0,71.93711,-18.06289
train,2,198,89.0,73.34188,-15.658119
train,2,199,88.0,61.609253,-26.390747
train,2,200,87.0,58.585846,-28.414154
train,2,201,86.0,66.3773,-19.622704
train,2,202,85.0,58.293278,-26.706722
train,2,203,84.0,53.026344,-30.973656
train,2,204,83.0,51.267097,-31.732903
train,2,205,82.0,45.998123,-36.001877
train,2,206,81.0,54.63659,-26.36341
train,2,207,80.0,56.13809,-23.861912
train,2,208,79.0,50.7483,-28.251701
train,2,209,78.0,44.69066,-33.30934
train,2,210,77.0,48.18265,-28.817348
train,2,211,76.0,50.905167,-25.094833
train,2,212,75.0,44.86641,-30.13359
train,2,213,74.0,50.5095,-23.490501
train,2,214,73.0,55.72959,-17.270409
train,2,215,72.0,51.627815,-20.372185
train,2,216,71.0,46.6864,-24.313599
train,2,217,70.0,39.28476,-30.71524
train,2,218,69.0,31.504425,-37.495575
train,2,219,68.0,26.787537,-41.212463
train,2,220,67.0,28.07687,-38.92313
train,2,221,66.0,29.620802,-36.379196
train,2,222,65.0,52.41709,-12.582909
train,2,223,64.0,48.202305,-15.797695
train,2,224,63.0,37.320873,-25.679127
train,2,225,62.0,33.371384,-28.628616
train,2,226,61.0,45.91108,-15.088921
train,2,227,60.0,44.97288,-15.027119
train,2,228,59.0,50.083855,-8.916145
train,2,229,58.0,52.17298,-5.8270187
train,2,230,57.0,55.954475,-1.0455246
train,2,231,56.0,57.86496,1.8649597
train,2,232,55.0,58.43874,3.4387398
train,2,233,54.0,58.144154,4.1441536
train,2,234,53.0,56.91814,3.9181404
train,2,235,52.0,53.91914,1.9191399
train,2,236,51.0,58.63435,7.63435
train,2,237,50.0,57.067604,7.067604
train,2,238,49.0,57.32724,8.32724
train,2,239,48.0,53.967567,5.9675674
train,2,240,47.0,56.213356,9.213356
train,2,241,46.0,50.428608,4.428608
train,2,242,45.0,49.306816,4.306816
train,2,243,44.0,52.057026,8.057026
train,2,244,43.0,48.73886,5.738861
train,2,245,42.0,46.513947,4.5139465
train,2,246,41.0,44.93923,3.9392319
train,2,247,40.0,44.49605,4.496052
train,2,248,39.0,42.212387,3.212387
train,2,249,38.0,39.42106,1.4210587
train,2,250,37.0,35.92295,-1.0770493
train,2,251,36.0,38.314793,2.3147926
train,2,252,35.0,38.013912,3.0139122
train,2,253,34.0,37.877815,3.8778152
train,2,254,33.0,30.643415,-2.3565845
train,2,255,32.0,27.832949,-4.1670513
train,2,256,31.0,31.554888,0.5548878
train,2,257,30.0,31.65076,1.6507607
train,2,258,29.0,31.418688,2.4186878
train,2,259,28.0,31.412857,3.412857
train,2,260,27.0,30.13094,3.1309395
train,2,261,26.0,27.666355,1.6663551
train,2,262,25.0,28.689856,3.6898556
train,2,263,24.0,34.34238,10.342381
train,2,264,23.0,31.968248,8.968248
train,2,265,22.0,30.166649,8.166649
train,2,266,21.0,33.21776,12.217758
train,2,267,20.0,32.55918,12.559181
train,2,268,19.0,30.93517,11.935169
train,2,269,18.0,35.3392,17.3392
train,2,270,17.0,34.666943,17.666943
train,2,271,16.0,28.778873,12.778873
train,2,272,15.0,33.182217,18.182217
train,2,273,14.0,31.668102,17.668102
train,2,274,13.0,28.186245,15.186245
train,2,275,12.0,25.004902,13.004902
train,2,276,11.0,22.292557,11.292557
train,2,277,10.0,22.866457,12.866457
train,2,278,9.0,21.554478,12.554478
train,2,279,8.0,15.8771,7.8771
train,2,280,7.0,15.411209,8.411209
train,2,281,6.0,16.632515,10.632515
train,2,282,5.0,9.241016,4.2410164
train,2,283,4.0,7.720093,3.7200928
train,2,284,3.0,3.9489498,0.9489498
train,2,285,2.0,3.5006218,1.5006218
train,2,286,1.0,2.7547112,1.7547112
train,2,287,0.0,-1.7603227,-1.7603227
train,4,30,159.0,152.23293,-6.7670746
train,4,31,158.0,161.45413,3.454132
train,4,32,157.0,169.74701,12.747009
train,4,33,156.0,164.95193,8.951935
train,4,34,155.0,159.72835,4.728348
train,4,35,154.0,146.64569,-7.354309
train,4,36,153.0,145.32864,-7.671356
train,4,37,152.0,143.48785,-8.512146
train,4,38,151.0,153.58118,2.5811768
train,4,39,150.0,143.57053,-6.429474
train,4,40,149.0,141.27582,-7.724182
train,4,41,148.0,157.63278,9.632782
train,4,42,147.0,170.9155,23.915497
train,4,43,146.0,163.79364,17.79364
train,4,44,145.0,170.47557,25.47557
train,4,45,144.0,184.78558,40.785583
train,4,46,143.0,123.959785,-19.040215
train,4,47,142.0,118.21878,-23.78122
train,4,48,141.0,118.42525,-22.574753
train,4,49,140.0,114.52738,-25.472618
train,4,50,139.0,111.84127,-27.15873
train,4,51,138.0,126.39542,-11.604584
train,4,52,137.0,117.80614,-19.193863
train,4,53,136.0,134.60913,-1.3908691
train,4,54,135.0,123.601715,-11.398285
train,4,55,134.0,134.55527,0.55526733
train,4,56,133.0,141.07153,8.071533
train,4,57,132.0,139.80167,7.8016663
train,4,58,131.0,128.25249,-2.7475128
train,4,59,130.0,134.81218,4.8121796
train,4,60,129.0,135.18243,6.182434
train,4,61,128.0,131.50977,3.5097656
train,4,62,127.0,125.223434,-1.7765656
train,4,63,126.0,124.490524,-1.5094757
train,4,64,125.0,125.501,0.50099945
train,4,65,124.0,138.03806,14.038055
train,4,66,123.0,136.79024,13.790237
train,4,67,122.0,143.66322,21.663223
train,4,68,121.0,143.42114,22.421143
train,4,69,120.0,132.01369,12.013687
train,4,70,119.0,123.29939,4.2993927
train,4,71,118.0,124.272575,6.2725754
train,4,72,117.0,125.513016,8.513016
train,4,73,116.0,119.60334,3.6033401
train,4,74,115.0,118.85589,3.8558884
train,4,75,114.0,124.17008,10.170082
train,4,76,113.0,154.58168,41.58168
train,4,77,112.0,147.91098,35.91098
train,4,78,111.0,150.59407,39.59407
train,4,79,110.0,150.60567,40.605667
train,4,80,109.0,142.58743,33.587433
train,4,81,108.0,146.42996,38.429962
train,4,82,107.0,150.28986,43.289856
train,4,83,106.0,155.76965,49.769653
train,4,84,105.0,146.00247,41.002472
train,4,85,104.0,153.17422,49.174225
train,4,86,103.0,157.43088,54.430878
train,4,87,102.0,144.86333,42.863327
train,4,88,101.0,132.95554,31.955536
train,4,89,100.0,145.96466,45.96466
train,4,90,99.0,146.15756,47.157562
train,4,91,98.0,151.81763,53.817627
train,4,92,97.0,142.85095,45.850952
train,4,93,96.0,140.46854,44.468536
train,4,94,95.0,143.50888,48.50888
train,4,95,94.0,159.76636,65.76636
train,4,96,93.0,164.82138,71.82138
train,4,97,92.0,153.32799,61.327988
train,4,98,91.0,155.88884,64.88884
train,4,99,90.0,154.23032,64.230316
train,4,100,89.0,157.28568,68.285675
train,4,101,88.0,156.54715,68.54715
train,4,102,87.0,152.42656,65.42656
train,4,103,86.0,162.33115,76.33115
train,4,104,85.0,163.31169,78.31169
train,4,105,84.0,162.06317,78.06317
train,4,106,83.0,150.89656,67.89656
train,4,107,82.0,148.00237,66.002365
train,4,108,81.0,148.31111,67.31111
train,4,109,80.0,145.59358,65.59358
train,4,110,79.0,150.58867,71.58867
train,4,111,78.0,148.81451,70.814514
train,4,112,77.0,149.12488,72.12488
train,4,113,76.0,142.62837,66.62837
train,4,114,75.0,132.7709,57.770905
train,4,115,74.0,130.32726,56.327255
train,4,116,73.0,123.57069,50.570686
train,4,117,72.0,114.95019,42.950188
train,4,118,71.0,117.07708,46.07708
train,4,119,70.0,102.250916,32.250916
train,4,120,69.0,101.85986,32.859863
train,4,121,68.0,98.49776,30.497757
train,4,122,67.0,93.78025,26.78025
train,4,123,66.0,82.81134,16.81134
train,4,124,65.0,85.968544,20.968544
train,4,125,64.0,94.99689,30.996887
train,4,126,63.0,86.384476,23.384476
train,4,127,62.0,81.01631,19.016312
train,4,128,61.0,67.24185,6.241852
train,4,129,60.0,71.86363,11.863632
train,4,130,59.0,74.79796,15.797958
train,4,131,58.0,73.05255,15.052551
train,4,132,57.0,65.03825,8.038254
train,4,133,56.0,60.55055,4.5505486
train,4,134,55.0,63.549793,8.549793
train,4,135,54.0,54.37937,0.37937164
train,4,136,53.0,48.678417,-4.321583
train,4,137,52.0,46.1584,-5.8415985
train,4,138,51.0,50.63886,-0.3611412
train,4,139,50.0,50.50493,0.5049286
train,4,140,49.0,53.645607,4.645607
train,4,141,48.0,54.901093,6.9010925
train,4,142,47.0,53.550453,6.550453
train,4,143,46.0,51.9292,5.929199
train,4,144,45.0,53.265198,8.265198
train,4,145,44.0,51.231754,7.2317543
train,4,146,43.0,47.36467,4.36467
train,4,147,42.0,44.22632,2.2263184
train,4,148,41.0,45.30764,4.30764
train,4,149,40.0,45.496597,5.4965973
train,4,150,39.0,45.46158,6.4615784
train,4,151,38.0,41.94211,3.9421082
train,4,152,37.0,44.835953,7.8359528
train,4,153,36.0,46.57051,10.570511
train,4,154,35.0,45.129776,10.129776
train,4,155,34.0,45.079826,11.079826
train,4,156,33.0,47.857273,14.857273
train,4,157,32.0,48.111248,16.111248
train,4,158,31.0,43.51203,12.512032
train,4,159,30.0,38.736008,8.736008
train,4,160,29.0,38.12922,9.129219
train,4,161,28.0,34.34687,6.3468704
train,4,162,27.0,30.114079,3.1140785
train,4,163,26.0,28.330545,2.3305454
train,4,164,25.0,25.677826,0.6778259
train,4,165,24.0,23.655138,-0.34486198
train,4,166,23.0,24.892836,1.8928356
train,4,167,22.0,18.095499,-3.904501
train,4,168,21.0,15.646024,-5.3539762
train,4,169,20.0,14.380992,-5.619008
train,4,170,19.0,8.170673,-10.829327
train,4,171,18.0,5.986909,-12.013091
train,4,172,17.0,4.797838,-12.202162
train,4,173,16.0,7.4866962,-8.513304
train,4,174,15.0,5.516859,-9.483141
train,4,175,14.0,3.2720604,-10.72794
train,4,176,13.0,1.0731333,-11.926867
train,4,177,12.0,-0.74539196,-12.745392
train,4,178,11.0,-2.6878853,-13.687885
train,4,179,10.0,-8.8327675,-18.832767
train,4,180,9.0,-12.214491,-21.21449
train,4,181,8.0,-14.547028,-22.547028
train,4,182,7.0,-20.277288,-27.277288
train,4,183,6.0,-21.186813,-27.186813
train,4,184,5.0,-22.266785,-27.266785
train,4,185,4.0,-25.911112,-29.911112
train,4,186,3.0,-24.306316,-27.306316
train,4,187,2.0,-27.6846,-29.6846
train,4,188,1.0,-27.563023,-28.563023
train,4,189,0.0,-28.693733,-28.693733
train,6,30,158.0,163.98235,5.9823456
train,6,31,157.0,176.46585,19.46585
train,6,32,156.0,173.4118,17.411804
train,6,33,155.0,181.01859,26.018585
train,6,34,154.0,185.58064,31.580643
train,6,35,153.0,185.64938,32.649384
train,6,36,152.0,180.7504,28.750397
train,6,37,151.0,184.18315,33.18315
train,6,38,150.0,186.89383,36.89383
train,6,39,149.0,186.13438,37.134384
train,6,40,148.0,184.42421,36.42421
train,6,41,147.0,171.3656,24.3656
train,6,42,146.0,174.9252,28.925201
train,6,43,145.0,175.64896,30.648956
train,6,44,144.0,178.80054,34.800537
train,6,45,143.0,171.40085,28.400848
train,6,46,142.0,166.16591,24.165909
train,6,47,141.0,171.84064,30.840637
train,6,48,140.0,170.10266,30.102661
train,6,49,139.0,165.52287,26.522873
train,6,50,138.0,159.41031,21.410309
train,6,51,137.0,164.44264,27.442642
train,6,52,136.0,162.53082,26.530823
train,6,53,135.0,159.70996,24.70996
train,6,54,134.0,154.42738,20.427383
train,6,55,133.0,158.83601,25.836014
train,6,56,132.0,153.5009,21.5009
train,6,57,131.0,160.17142,29.171417
train,6,58,130.0,147.38805,17.388046
train,6,59,129.0,144.32492,15.324921
train,6,60,128.0,152.52913,24.529129
train,6,61,127.0,137.54312,10.543121
train,6,62,126.0,144.21208,18.212082
train,6,63,125.0,146.16684,21.16684
train,6,64,124.0,148.59427,24.594269
train,6,65,123.0,154.81122,31.811218
train,6,66,122.0,145.26047,23.260468
train,6,67,121.0,155.28004,34.280045
train,6,68,120.0,148.02962,28.029617
train,6,69,119.0,154.78079,35.780792
train,6,70,118.0,149.39421,31.39421
train,6,71,117.0,136.26042,19.260422
train,6,72,116.0,138.45929,22.45929
train,6,73,115.0,122.15581,7.1558075
train,6,74,114.0,119.62751,5.62751
train,6,75,113.0,100.779175,-12.220825
train,6,76,112.0,107.27161,-4.7283936
train,6,77,111.0,107.9523,-3.047699
train,6,78,110.0,111.287834,1.2878342
train,6,79,109.0,93.08444,-15.915558
train,6,80,108.0,98.62606,-9.3739395
train,6,81,107.0,103.27356,-3.7264404
train,6,82,106.0,96.78554,-9.214462
train,6,83,105.0,93.773224,-11.226776
train,6,84,104.0,96.40989,-7.590111
train,6,85,103.0,89.883804,-13.116196
train,6,86,102.0,96.15898,-5.8410187
train,6,87,101.0,108.443825,7.443825
train,6,88,100.0,116.20916,16.20916
train,6,89,99.0,103.505264,4.5052643
train,6,90,98.0,100.94031,2.9403076
train,6,91,97.0,109.83905,12.83905
train,6,92,96.0,110.14858,14.148582
train,6,93,95.0,113.09914,18.099136
train,6,94,94.0,106.67038,12.67038
train,6,95,93.0,115.21799,22.217987
train,6,96,92.0,103.147385,11.147385
train,6,97,91.0,108.56307,17.563072
train,6,98,90.0,109.78844,19.788437
train,6,99,89.0,104.890976,15.890976
train,6,100,88.0,105.382645,17.382645
train,6,101,87.0,98.774536,11.774536
train,6,102,86.0,101.465065,15.465065
train,6,103,85.0,92.19833,7.1983337
train,6,104,84.0,102.19527,18.195267
train,6,105,83.0,106.872,23.872002
train,6,106,82.0,109.05357,27.053574
train,6,107,81.0,112.70404,31.70404
train,6,108,80.0,112.10861,32.108612
train,6,109,79.0,112.217125,33.217125
train,6,110,78.0,120.77687,42.77687
train,6,111,77.0,121.905426,44.905426
train,6,112,76.0,112.241035,36.241035
train,6,113,75.0,107.10731,32.107307
train,6,114,74.0,108.16,34.160004
train,6,115,73.0,104.27273,31.272728
train,6,116,72.0,102.81222,30.812218
train,6,117,71.0,105.37051,34.370506
train,6,118,70.0,102.19556,32.195557
train,6,119,69.0,89.435196,20.435196
train,6,120,68.0,86.61457,18.61457
train,6,121,67.0,98.74005,31.740051
train,6,122,66.0,98.84271,32.842712
train,6,123,65.0,85.57143,20.571426
train,6,124,64.0,78.110695,14.110695
train,6,125,63.0,80.32083,17.320831
train,6,126,62.0,62.548965,0.54896545
train,6,127,61.0,49.34196,-11.658039
train,6,128,60.0,51.591072,-8.408928
train,6,129,59.0,51.666122,-7.3338776
train,6,130,58.0,46.55311,-11.446892
train,6,131,57.0,36.64843,-20.35157
train,6,132,56.0,41.578823,-14.421177
train,6,133,55.0,48.000523,-6.9994774
train,6,134,54.0,48.322975,-5.677025
train,6,135,53.0,51.047516,-1.9524841
train,6,136,52.0,51.841225,-0.15877533
train,6,137,51.0,57.3374,6.3373985
train,6,138,50.0,52.982124,2.9821243
train,6,139,49.0,54.818447,5.818447
train,6,140,48.0,56.601177,8.601177
train,6,141,47.0,52.493675,5.493675
train,6,142,46.0,51.510094,5.5100937
train,6,143,45.0,44.47765,-0.5223503
train,6,144,44.0,41.469536,-2.5304642
train,6,145,43.0,50.193764,7.1937637
train,6,146,42.0,50.14814,8.14814
train,6,147,41.0,45.605965,4.6059647
train,6,148,40.0,41.5366,1.5365982
train,6,149,39.0,40.345833,1.3458328
train,6,150,38.0,40.22546,2.22546
train,6,151,37.0,39.620537,2.6205368
train,6,152,36.0,39.39698,3.3969803
train,6,153,35.0,40.037292,5.0372925
train,6,154,34.0,42.694878,8.694878
train,6,155,33.0,42.015457,9.015457
train,6,156,32.0,32.428493,0.4284935
train,6,157,31.0,29.382,-1.618
train,6,158,30.0,28.555332,-1.4446678
train,6,159,29.0,31.665478,2.6654778
train,6,160,28.0,29.522316,1.522316
train,6,161,27.0,27.538872,0.53887177
train,6,162,26.0,27.556747,1.5567474
train,6,163,25.0,18.64672,-6.353279
train,6,164,24.0,16.371738,-7.6282616
train,6,165,23.0,13.546131,-9.453869
train,6,166,22.0,11.445671,-10.554329
train,6,167,21.0,9.087143,-11.912857
train,6,168,20.0,10.338854,-9.661146
train,6,169,19.0,10.856342,-8.143658
train,6,170,18.0,7.9247227,-10.075277
train,6,171,17.0,5.90888,-11.09112
train,6,172,16.0,1.6802882,-14.319712
train,6,173,15.0,6.0038013,-8.996199
train,6,174,14.0,8.220228,-5.779772
train,6,175,13.0,5.194912,-7.805088
train,6,176,12.0,0.05855739,-11.9414425
train,6,177,11.0,-0.14269459,-11.142694
train,6,178,10.0,-2.8095093,-12.809509
train,6,179,9.0,-8.875572,-17.875572
train,6,180,8.0,-6.856064,-14.856064
train,6,181,7.0,-6.013527,-13.013527
train,6,182,6.0,-10.759697,-16.759697
train,6,183,5.0,-13.139687,-18.139687
train,6,184,4.0,-12.206665,-16.206665
train,6,185,3.0,-19.184555,-22.184555
train,6,186,2.0,-26.267242,-28.267242
train,6,187,1.0,-26.960514,-27.960514
train,6,188,0.0,-28.250626,-28.250626
train,7,30,229.0,173.9259,-55.074097
train,7,31,228.0,174.74078,-53.259216
train,7,32,227.0,174.97514,-52.024857
train,7,33,226.0,174.78433,-51.215668
train,7,34,225.0,177.3163,-47.6837
train,7,35,224.0,170.86069,-53.139313
train,7,36,223.0,174.70578,-48.29422
train,7,37,222.0,175.60886,-46.391144
train,7,38,221.0,176.23251,-44.767487
train,7,39,220.0,173.11539,-46.884613
train,7,40,219.0,178.36606,-40.63394
train,7,41,218.0,174.51729,-43.48271
train,7,42,217.0,171.00754,-45.992462
train,7,43,216.0,168.59717,-47.402832
train,7,44,215.0,167.48212,-47.517883
train,7,45,214.0,167.21893,-46.781067
train,7,46,213.0,166.59802,-46.401978
train,7,47,212.0,163.85265,-48.147354
train,7,48,211.0,160.48659,-50.513412
train,7,49,210.0,159.469,-50.531006
train,7,50,209.0,154.29251,-54.70749
train,7,51,208.0,147.36809,-60.631912
train,7,52,207.0,159.79543,-47.204575
train,7,53,206.0,154.85669,-51.14331
train,7,54,205.0,154.33557,-50.66443
train,7,55,204.0,158.79272,-45.207275
train,7,56,203.0,156.62314,-46.37686
train,7,57,202.0,146.65112,-55.348877
train,7,58,201.0,154.11029,-46.88971
train,7,59,200.0,158.75835,-41.241653
train,7,60,199.0,158.33183,-40.668167
train,7,61,198.0,157.8891,-40.1109
train,7,62,197.0,159.86444,-37.13556
train,7,63,196.0,160.13445,-35.865555
train,7,64,195.0,161.60898,-33.39102
train,7,65,194.0,162.1562,-31.843796
train,7,66,193.0,160.21896,-32.781036
train,7,67,192.0,152.01666,-39.983337
train,7,68,191.0,151.41093,-39.589066
train,7,69,190.0,150.2555,-39.744507
train,7,70,189.0,154.3097,-34.690308
train,7,71,188.0,159.46957,-28.530426
train,7,72,187.0,158.39052,-28.609482
train,7,73,186.0,161.2962,-24.703796
train,7,74,185.0,157.81921,-27.180786
train,7,75,184.0,149.80225,-34.197754
train,7,76,183.0,148.70416,-34.295837
train,7,77,182.0,148.07806,-33.921936
train,7,78,181.0,145.66017,-35.33983
train,7,79,180.0,137.63687,-42.36313
train,7,80,179.0,135.77124,-43.22876
train,7,81,178.0,132.61864,-45.381363
train,7,82,177.0,133.33232,-43.66768
train,7,83,176.0,126.75375,-49.246246
train,7,84,175.0,125.36134,-49.638657
train,7,85,174.0,130.71817,-43.28183
train,7,86,173.0,140.70111,-32.29889
train,7,87,172.0,134.78412,-37.21588
train,7,88,171.0,123.58298,-47.417023
train,7,89,170.0,125.11536,-44.884644
train,7,90,169.0,131.25073,-37.749268
train,7,91,168.0,132.09479,-35.905212
train,7,92,167.0,134.36803,-32.631973
train,7,93,166.0,124.53803,-41.461967
train,7,94,165.0,128.0265,-36.973495
train,7,95,164.0,136.22385,-27.776154
train,7,96,163.0,143.04382,-19.956177
train,7,97,162.0,139.48743,-22.512573
train,7,98,161.0,135.51889,-25.48111
train,7,99,160.0,118.08974,-41.910263
train,7,100,159.0,117.80729,-41.19271
train,7,101,158.0,124.52341,-33.476593
train,7,102,157.0,125.15686,-31.84314
train,7,103,156.0,124.03069,-31.969307
train,7,104,155.0,127.82605,-27.17395
train,7,105,154.0,125.129944,-28.870056
train,7,106,153.0,128.21928,-24.780716
train,7,107,152.0,125.50551,-26.494492
train,7,108,151.0,122.417206,-28.582794
train,7,109,150.0,133.9285,-16.071503
train,7,110,149.0,126.08112,-22.918877
train,7,111,148.0,129.38293,-18.617065
train,7,112,147.0,130.40381,-16.596191
train,7,113,146.0,124.84621,-21.153793
train,7,114,145.0,124.00901,-20.99099
train,7,115,144.0,121.21789,-22.782112
train,7,116,143.0,138.138,-4.8619995
train,7,117,142.0,135.61162,-6.388382
train,7,118,141.0,121.77024,-19.22976
train,7,119,140.0,119.060715,-20.939285
train,7,120,139.0,129.00511,-9.994888
train,7,121,138.0,127.75539,-10.244614
train,7,122,137.0,122.9465,-14.053497
train,7,123,136.0,124.332115,-11.667885
train,7,124,135.0,117.57525,-17.424751
train,7,125,134.0,122.794525,-11.205475
train,7,126,133.0,128.28398,-4.7160187
train,7,127,132.0,128.52339,-3.4766083
train,7,128,131.0,125.26892,-5.731079
train,7,129,130.0,122.38861,-7.611389
train,7,130,129.0,135.25339,6.2533875
train,7,131,128.0,142.22173,14.221725
train,7,132,127.0,130.22374,3.2237396
train,7,133,126.0,122.97632,-3.0236816
train,7,134,125.0,112.18816,-12.811836
train,7,135,124.0,109.15436,-14.845642
train,7,136,123.0,112.21158,-10.788422
train,7,137,122.0,114.11479,-7.885208
train,7,138,121.0,107.18255,-13.8174515
train,7,139,120.0,114.31904,-5.6809616
train,7,140,119.0,116.94194,-2.0580597
train,7,141,118.0,124.9309,6.9309006
train,7,142,117.0,124.085884,7.085884
train,7,143,116.0,120.191666,4.1916656
train,7,144,115.0,124.54567,9.54567
train,7,145,114.0,119.438065,5.4380646
train,7,146,113.0,117.18141,4.1814117
train,7,147,112.0,105.97337,-6.0266266
train,7,148,111.0,101.19685,-9.803146
train,7,149,110.0,95.12019,-14.8798065
train,7,150,109.0,92.5809,-16.419098
train,7,151,108.0,93.199356,-14.800644
train,7,152,107.0,96.864006,-10.135994
train,7,153,106.0,94.98411,-11.015892
train,7,154,105.0,83.9605,-21.039497
train,7,155,104.0,83.2525,-20.747498
train,7,156,103.0,81.76306,-21.236938
train,7,157,102.0,80.57466,-21.425339
train,7,158,101.0,78.138626,-22.861374
train,7,159,100.0,76.65043,-23.349571
train,7,160,99.0,82.071686,-16.928314
train,7,161,98.0,85.87958,-12.120422
train,7,162,97.0,78.05657,-18.943428
train,7,163,96.0,76.76613,-19.233871
train,7,164,95.0,75.75504,-19.244957
train,7,165,94.0,81.39897,-12.601028
train,7,166,93.0,86.801315,-6.1986847
train,7,167,92.0,78.16725,-13.832748
train,7,168,91.0,72.81102,-18.18898
train,7,169,90.0,77.796455,-12.203545
train,7,170,89.0,86.61839,-2.381607
train,7,171,88.0,85.80912,-2.1908798
train,7,172,87.0,79.56288,-7.4371185
train,7,173,86.0,72.6576,-13.3424
train,7,174,85.0,73.06491,-11.935089
train,7,175,84.0,61.75579,-22.24421
train,7,176,83.0,57.25377,-25.746231
train,7,177,82.0,56.56385,-25.43615
train,7,178,81.0,57.865463,-23.134537
train,7,179,80.0,51.336296,-28.663704
train,7,180,79.0,51.49702,-27.50298
train,7,181,78.0,48.571182,-29.428818
train,7,182,77.0,50.900867,-26.099133
train,7,183,76.0,52.184124,-23.815876
train,7,184,75.0,57.23265,-17.76735
train,7,185,74.0,61.00962,-12.990379
train,7,186,73.0,57.22789,-15.77211
train,7,187,72.0,52.693077,-19.306923
train,7,188,71.0,49.60858,-21.391418
train,7,189,70.0,50.348038,-19.651962
train,7,190,69.0,50.48591,-18.514091
train,7,191,68.0,52.32386,-15.67614
train,7,192,67.0,56.74218,-10.25782
train,7,193,66.0,57.022446,-8.977554
train,7,194,65.0,57.493885,-7.506115
train,7,195,64.0,56.542023,-7.4579773
train,7,196,63.0,56.47908,-6.52092
train,7,197,62.0,56.346855,-5.653145
train,7,198,61.0,53.033497,-7.966503
train,7,199,60.0,58.557827,-1.442173
train,7,200,59.0,56.946022,-2.053978
train,7,201,58.0,58.24108,0.24108124
train,7,202,57.0,57.547394,0.5473938
train,7,203,56.0,58.0387,2.0387
train,7,204,55.0,56.861107,1.8611069
train,7,205,54.0,57.04151,3.0415115
train,7,206,53.0,56.273872,3.2738724
train,7,207,52.0,56.367554,4.3675537
train,7,208,51.0,59.215755,8.215755
train,7,209,50.0,59.62335,9.623348
train,7,210,49.0,56.80979,7.8097916
train,7,211,48.0,56.39557,8.395569
train,7,212,47.0,57.71175,10.71175
train,7,213,46.0,57.315422,11.315422
train,7,214,45.0,58.035507,13.035507
train,7,215,44.0,58.69001,14.69001
train,7,216,43.0,58.79641,15.79641
train,7,217,42.0,60.315056,18.315056
train,7,218,41.0,61.104546,20.104546
train,7,219,40.0,59.258698,19.258698
train,7,220,39.0,62.586903,23.586903
train,7,221,38.0,60.90755,22.90755
train,7,222,37.0,59.979767,22.979767
train,7,223,36.0,60.85938,24.859379
train,7,224,35.0,57.596027,22.596027
train,7,225,34.0,53.429504,19.429504
train,7,226,33.0,51.0521,18.052101
train,7,227,32.0,48.810677,16.810677
train,7,228,31.0,51.39521,20.39521
train,7,229,30.0,53.17429,23.17429
train,7,230,29.0,48.79407,19.794071
train,7,231,28.0,44.914574,16.914574
train,7,232,27.0,41.602425,14.602425
train,7,233,26.0,39.041824,13.041824
train,7,234,25.0,34.672043,9.672043
train,7,235,24.0,35.95167,11.951672
train,7,236,23.0,37.626705,14.626705
train,7,237,22.0,34.02147,12.021469
train,7,238,21.0,31.11155,10.111549
train,7,239,20.0,31.190742,11.1907425
train,7,240,19.0,33.38394,14.383942
train,7,241,18.0,31.247713,13.247713
train,7,242,17.0,28.370121,11.370121
train,7,243,16.0,25.44336,9.443359
train,7,244,15.0,26.645596,11.645596
train,7,245,14.0,22.637299,8.637299
train,7,246,13.0,22.73495,9.734949
train,7,247,12.0,18.27975,6.279751
train,7,248,11.0,15.940577,4.9405766
train,7,249,10.0,13.564276,3.5642757
train,7,250,9.0,11.870705,2.8707047
train,7,251,8.0,7.6067886,-0.39321136
train,7,252,7.0,8.975201,1.9752007
train,7,253,6.0,4.676056,-1.3239441
train,7,254,5.0,8.423979,3.4239788
train,7,255,4.0,6.2773075,2.2773075
train,7,256,3.0,-0.15561497,-3.1556149
train,7,257,2.0,-1.6873246,-3.6873245
train,7,258,1.0,-1.6584207,-2.6584206
train,7,259,0.0,-4.9961796,-4.9961796
train,8,30,120.0,171.34221,51.34221
train,8,31,119.0,166.3198,47.319794
train,8,32,118.0,162.71799,44.717987
train,8,33,117.0,151.11919,34.119186
train,8,34,116.0,143.49057,27.49057
train,8,35,115.0,136.99312,21.993118
train,8,36,114.0,130.43689,16.43689
train,8,37,113.0,133.646,20.645996
train,8,38,112.0,134.1737,22.173706
train,8,39,111.0,134.85605,23.856049
train,8,40,110.0,136.19899,26.19899
train,8,41,109.0,122.3158,13.315804
train,8,42,108.0,122.64009,14.640091
train,8,43,107.0,134.35101,27.351013
train,8,44,106.0,128.94528,22.945282
train,8,45,105.0,130.94827,25.948273
train,8,46,104.0,140.09119,36.091187
train,8,47,103.0,134.82957,31.829575
train,8,48,102.0,133.84094,31.840942
train,8,49,101.0,133.46616,32.466156
train,8,50,100.0,124.73978,24.739777
train,8,51,99.0,114.80745,15.807449
train,8,52,98.0,114.622086,16.622086
train,8,53,97.0,115.45602,18.456017
train,8,54,96.0,122.514206,26.514206
train,8,55,95.0,124.49123,29.491226
train,8,56,94.0,144.03499,50.03499
train,8,57,93.0,140.1677,47.167694
train,8,58,92.0,133.8485,41.848495
train,8,59,91.0,141.8645,50.864502
train,8,60,90.0,131.61856,41.61856
train,8,61,89.0,143.76453,54.764526
train,8,62,88.0,132.23216,44.232162
train,8,63,87.0,122.19842,35.198418
train,8,64,86.0,108.20395,22.203949
train,8,65,85.0,102.554596,17.554596
train,8,66,84.0,95.344635,11.344635
train,8,67,83.0,90.11435,7.1143494
train,8,68,82.0,97.238655,15.238655
train,8,69,81.0,99.349236,18.349236
train,8,70,80.0,103.7734,23.7734
train,8,71,79.0,103.892815,24.892815
train,8,72,78.0,108.27221,30.27221
train,8,73,77.0,109.84731,32.847313
train,8,74,76.0,109.46212,33.46212
train,8,75,75.0,121.36035,46.36035
train,8,76,74.0,124.96438,50.96438
train,8,77,73.0,111.41304,38.41304
train,8,78,72.0,113.83322,41.83322
train,8,79,71.0,111.762024,40.762024
train,8,80,70.0,95.01979,25.01979
train,8,81,69.0,85.012474,16.012474
train,8,82,68.0,81.87055,13.870552
train,8,83,67.0,87.26295,20.262947
train,8,84,66.0,82.07574,16.075737
train,8,85,65.0,70.08913,5.0891266
train,8,86,64.0,72.12396,8.123962
train,8,87,63.0,64.808754,1.808754
train,8,88,62.0,56.85502,-5.1449814
train,8,89,61.0,68.31036,7.310364
train,8,90,60.0,60.040733,0.040733337
train,8,91,59.0,72.385925,13.385925
train,8,92,58.0,66.27551,8.275513
train,8,93,57.0,72.535934,15.535934
train,8,94,56.0,68.14705,12.147049
train,8,95,55.0,59.367577,4.3675766
train,8,96,54.0,60.334747,6.3347473
train,8,97,53.0,62.360527,9.360527
train,8,98,52.0,72.934586,20.934586
train,8,99,51.0,66.328026,15.328026
train,8,100,50.0,59.28288,9.282879
train,8,101,49.0,61.538765,12.538765
train,8,102,48.0,59.72255,11.722549
train,8,103,47.0,67.61424,20.614243
train,8,104,46.0,66.95911,20.959106
train,8,105,45.0,70.62755,25.627548
train,8,106,44.0,67.60701,23.60701
train,8,107,43.0,66.41316,23.413162
train,8,108,42.0,63.888474,21.888474
train,8,109,41.0,62.40051,21.400509
train,8,110,40.0,61.575886,21.575886
train,8,111,39.0,64.00408,25.004082
train,8,112,38.0,65.18584,27.185837
train,8,113,37.0,63.0999,26.0999
train,8,114,36.0,62.55986,26.55986
train,8,115,35.0,66.87921,31.879211
train,8,116,34.0,58.131462,24.131462
train,8,117,33.0,57.52467,24.52467
train,8,118,32.0,52.66925,20.66925
train,8,119,31.0,53.253113,22.253113
train,8,120,30.0,46.39424,16.394241
train,8,121,29.0,49.810017,20.810017
train,8,122,28.0,45.52409,17.52409
train,8,123,27.0,49.60474,22.60474
train,8,124,26.0,43.899353,17.899353
train,8,125,25.0,42.161522,17.161522
train,8,126,24.0,40.231903,16.231903
train,8,127,23.0,39.018776,16.018776
train,8,128,22.0,39.343216,17.343216
train,8,129,21.0,33.466522,12.466522
train,8,130,20.0,28.289963,8.289963
train,8,131,19.0,24.571308,5.571308
train,8,132,18.0,22.869488,4.869488
train,8,133,17.0,20.462206,3.462206
train,8,134,16.0,14.690779,-1.3092213
train,8,135,15.0,12.381483,-2.618517
train,8,136,14.0,7.310648,-6.689352
train,8,137,13.0,6.6822186,-6.3177814
train,8,138,12.0,3.5734959,-8.426504
train,8,139,11.0,5.359871,-5.640129
train,8,140,10.0,7.0570145,-2.9429855
train,8,141,9.0,9.087376,0.08737564
train,8,142,8.0,8.6178875,0.6178875
train,8,143,7.0,7.7074146,0.7074146
train,8,144,6.0,4.158552,-1.8414478
train,8,145,5.0,6.8058243,1.8058243
train,8,146,4.0,10.6524105,6.6524105
train,8,147,3.0,8.692415,5.692415
train,8,148,2.0,8.9310875,6.9310875
train,8,149,1.0,7.177887,6.177887
train,8,150,0.0,4.966713,4.966713
train,9,30,171.0,181.7247,10.724701
train,9,31,170.0,185.00328,15.003281
train,9,32,169.0,182.76636,13.766357
train,9,33,168.0,187.53452,19.534515
train,9,34,167.0,185.26173,18.261734
train,9,35,166.0,193.84688,27.846878
train,9,36,165.0,189.2669,24.266907
train,9,37,164.0,181.87265,17.87265
train,9,38,163.0,189.66483,26.664825
train,9,39,162.0,186.34778,24.347778
train,9,40,161.0,183.32571,22.325714
train,9,41,160.0,184.20796,24.207962
train,9,42,159.0,166.66614,7.6661377
train,9,43,158.0,172.3949,14.394897
train,9,44,157.0,174.73836,17.738358
train,9,45,156.0,178.25993,22.259933
train,9,46,155.0,176.78781,21.787811
train,9,47,154.0,185.70929,31.70929
train,9,48,153.0,193.2926,40.292603
train,9,49,152.0,189.90556,37.905563
train,9,50,151.0,180.12482,29.124817
train,9,51,150.0,173.36322,23.36322
train,9,52,149.0,181.84644,32.846436
train,9,53,148.0,191.33273,43.332733
train,9,54,147.0,195.38084,48.380844
train,9,55,146.0,197.5198,51.519806
train,9,56,145.0,192.09784,47.09784
train,9,57,144.0,184.76988,40.769882
train,9,58,143.0,180.212,37.212006
train,9,59,142.0,182.51912,40.51912
train,9,60,141.0,175.71948,34.719482
train,9,61,140.0,178.3596,38.359604
train,9,62,139.0,170.56728,31.567276
train,9,63,138.0,160.00131,22.001312
train,9,64,137.0,166.51288,29.512878
train,9,65,136.0,164.193,28.192993
train,9,66,135.0,165.24638,30.246384
train,9,67,134.0,156.48535,22.485352
train,9,68,133.0,159.87387,26.87387
train,9,69,132.0,156.61847,24.61847
train,9,70,131.0,155.52919,24.52919
train,9,71,130.0,146.23222,16.232224
train,9,72,129.0,145.61789,16.61789
train,9,73,128.0,135.8696,7.8695984
train,9,74,127.0,144.01877,17.018768
train,9,75,126.0,147.03539,21.035385
train,9,76,125.0,142.41139,17.411392
train,9,77,124.0,142.82983,18.829834
train,9,78,123.0,155.1206,32.120605
train,9,79,122.0,153.926,31.925995
train,9,80,121.0,159.02579,38.025787
train,9,81,120.0,155.77026,35.770264
train,9,82,119.0,154.13057,35.13057
train,9,83,118.0,157.58203,39.58203
train,9,84,117.0,165.92221,48.92221
train,9,85,116.0,167.6081,51.608093
train,9,86,115.0,164.46368,49.463684
train,9,87,114.0,160.4167,46.416702
train,9,88,113.0,163.94434,50.944336
train,9,89,112.0,167.92346,55.923462
train,9,90,111.0,167.24243,56.24243
train,9,91,110.0,165.51532,55.51532
train,9,92,109.0,163.2411,54.241104
train,9,93,108.0,156.1629,48.162903
train,9,94,107.0,152.76657,45.76657
train,9,95,106.0,148.28888,42.28888
train,9,96,105.0,147.9745,42.974503
train,9,97,104.0,141.49567,37.495667
train,9,98,103.0,137.0816,34.081604
train,9,99,102.0,133.69862,31.698624
train,9,100,101.0,138.24954,37.249542
train,9,101,100.0,133.68167,33.68167
train,9,102,99.0,141.52762,42.52762
train,9,103,98.0,142.78395,44.78395
train,9,104,97.0,139.90186,42.901855
train,9,105,96.0,134.349,38.349
train,9,106,95.0,131.21896,36.218964
train,9,107,94.0,133.76517,39.765167
train,9,108,93.0,138.3948,45.394806
train,9,109,92.0,131.43103,39.43103
train,9,110,91.0,135.46521,44.46521
train,9,111,90.0,131.3721,41.3721
train,9,112,89.0,128.38708,39.387085
train,9,113,88.0,130.87704,42.877045
train,9,114,87.0,123.82616,36.826157
train,9,115,86.0,121.39459,35.394592
train,9,116,85.0,120.13643,35.13643
train,9,117,84.0,118.22644,34.22644
train,9,118,83.0,117.35594,34.35594
train,9,119,82.0,117.26197,35.26197
train,9,120,81.0,120.24168,39.241676
train,9,121,80.0,116.650375,36.650375
train,9,122,79.0,107.8815,28.8815
train,9,123,78.0,105.66409,27.664093
train,9,124,77.0,104.50496,27.50496
train,9,125,76.0,102.574265,26.574265
train,9,126,75.0,102.57048,27.57048
train,9,127,74.0,103.47752,29.477524
train,9,128,73.0,101.79207,28.792068
train,9,129,72.0,98.28757,26.287567
train,9,130,71.0,98.658005,27.658005
train,9,131,70.0,91.64248,21.642479
train,9,132,69.0,88.618835,19.618835
train,9,133,68.0,88.56635,20.566353
train,9,134,67.0,85.16927,18.169273
train,9,135,66.0,80.782936,14.782936
train,9,136,65.0,78.14102,13.141022
train,9,137,64.0,75.29396,11.293961
train,9,138,63.0,78.20088,15.200882
train,9,139,62.0,77.85312,15.853119
train,9,140,61.0,73.03935,12.039352
train,9,141,60.0,74.735725,14.735725
train,9,142,59.0,78.714226,19.714226
train,9,143,58.0,75.116684,17.116684
train,9,144,57.0,74.93481,17.934807
train,9,145,56.0,69.264946,13.264946
train,9,146,55.0,67.129364,12.129364
train,9,147,54.0,64.777855,10.777855
train,9,148,53.0,64.04849,11.048492
train,9,149,52.0,65.55358,13.553581
train,9,150,51.0,67.250656,16.250656
train,9,151,50.0,67.071655,17.071655
train,9,152,49.0,62.22913,13.22913
train,9,153,48.0,62.006695,14.006695
train,9,154,47.0,61.39611,14.396111
train,9,155,46.0,81.57202,35.57202
train,9,156,45.0,76.415146,31.415146
train,9,157,44.0,74.78915,30.789146
train,9,158,43.0,38.76484,-4.235161
train,9,159,42.0,39.982635,-2.0173645
train,9,160,41.0,39.570114,-1.4298859
train,9,161,40.0,36.242332,-3.7576675
train,9,162,39.0,36.222652,-2.7773476
train,9,163,38.0,35.682068,-2.3179321
train,9,164,37.0,37.220963,0.22096252
train,9,165,36.0,36.05964,0.059638977
train,9,166,35.0,37.64161,2.6416092
train,9,167,34.0,40.648754,6.648754
train,9,168,33.0,37.56745,4.5674515
train,9,169,32.0,44.460014,12.460014
train,9,170,31.0,41.665604,10.665604
train,9,171,30.0,39.43612,9.436119
train,9,172,29.0,38.536995,9.536995
train,9,173,28.0,38.36978,10.3697815
train,9,174,27.0,34.791946,7.7919464
train,9,175,26.0,37.863216,11.863216
train,9,176,25.0,38.864056,13.864056
train,9,177,24.0,37.69089,13.690891
train,9,178,23.0,38.26535,15.26535
train,9,179,22.0,36.9212,14.9212
train,9,180,21.0,28.99586,7.995859
train,9,181,20.0,24.430235,4.430235
train,9,182,19.0,21.828732,2.8287315
train,9,183,18.0,18.83672,0.8367195
train,9,184,17.0,20.557667,3.5576668
train,9,185,16.0,22.79224,6.79224
train,9,186,15.0,18.358837,3.3588371
train,9,187,14.0,17.425093,3.4250927
train,9,188,13.0,30.019173,17.019173
train,9,189,12.0,26.272808,14.272808
train,9,190,11.0,22.180443,11.180443
train,9,191,10.0,19.434738,9.434738
train,9,192,9.0,17.431723,8.431723
train,9,193,8.0,16.885265,8.885265
train,9,194,7.0,14.379064,7.3790636
train,9,195,6.0,9.948166,3.948166
train,9,196,5.0,2.4048576,-2.5951424
train,9,197,4.0,-4.3630238,-8.363024
train,9,198,3.0,-4.280733,-7.280733
train,9,199,2.0,-9.0345745,-11.0345745
train,9,200,1.0,-13.480629,-14.480629
train,9,201,0.0,-28.584887,-28.584887
train,10,30,192.0,191.86447,-0.13552856
train,10,31,191.0,198.52246,7.522461
train,10,32,190.0,198.16429,8.164291
train,10,33,189.0,196.8412,7.841202
train,10,34,188.0,192.04205,4.042053
train,10,35,187.0,189.90585,2.9058533
train,10,36,186.0,192.04279,6.0427856
train,10,37,185.0,187.88458,2.8845825
train,10,38,184.0,185.49619,1.4961853
train,10,39,183.0,190.48698,7.4869843
train,10,40,182.0,191.95093,9.950928
train,10,41,181.0,196.93346,15.933456
train,10,42,180.0,205.25833,25.258331
train,10,43,179.0,200.21915,21.219147
train,10,44,178.0,195.88257,17.882568
train,10,45,177.0,197.24939,20.24939
train,10,46,176.0,196.48805,20.488052
train,10,47,175.0,197.54984,22.549835
train,10,48,174.0,196.09442,22.094421
train,10,49,173.0,196.10928,23.109283
train,10,50,172.0,189.55542,17.55542
train,10,51,171.0,185.79066,14.790665
train,10,52,170.0,184.88641,14.886414
train,10,53,169.0,179.58862,10.588623
train,10,54,168.0,176.96805,8.968048
train,10,55,167.0,178.50012,11.500122
train,10,56,166.0,176.69666,10.696655
train,10,57,165.0,171.25142,6.251419
train,10,58,164.0,175.60928,11.609283
train,10,59,163.0,176.07631,13.076309
train,10,60,162.0,166.92026,4.9202576
train,10,61,161.0,168.27289,7.272888
train,10,62,160.0,156.4932,-3.5068054
train,10,63,159.0,155.65115,-3.3488464
train,10,64,158.0,152.20033,-5.7996674
train,10,65,157.0,153.86713,-3.1328735
train,10,66,156.0,149.4679,-6.5321045
train,10,67,155.0,148.13443,-6.86557
train,10,68,154.0,146.21364,-7.7863617
train,10,69,153.0,147.65387,-5.3461304
train,10,70,152.0,142.83197,-9.16803
train,10,71,151.0,145.66861,-5.3313904
train,10,72,150.0,142.22234,-7.777664
train,10,73,149.0,141.47885,-7.5211487
train,10,74,148.0,147.10703,-0.89297485
train,10,75,147.0,146.63342,-0.36657715
train,10,76,146.0,143.5524,-2.4476013
train,10,77,145.0,147.49165,2.4916534
train,10,78,144.0,148.54324,4.5432434
train,10,79,143.0,145.5404,2.5404053
train,10,80,142.0,154.83917,12.839172
train,10,81,141.0,160.97165,19.97165
train,10,82,140.0,158.78017,18.780167
train,10,83,139.0,149.33308,10.333084
train,10,84,138.0,151.1456,13.145599
train,10,85,137.0,152.24753,15.247528
train,10,86,136.0,150.4072,14.407196
train,10,87,135.0,150.86224,15.862244
train,10,88,134.0,143.98349,9.98349
train,10,89,133.0,139.07147,6.071472
train,10,90,132.0,148.38475,16.38475
train,10,91,131.0,143.7734,12.773407
train,10,92,130.0,143.95038,13.950378
train,10,93,129.0,134.01755,5.0175476
train,10,94,128.0,143.19693,15.19693
train,10,95,127.0,137.72934,10.72934
train,10,96,126.0,133.71783,7.7178345
train,10,97,125.0,133.16266,8.162659
train,10,98,124.0,132.68729,8.687286
train,10,99,123.0,141.33022,18.330215
train,10,100,122.0,141.12103,19.121033
train,10,101,121.0,147.37047,26.370468
train,10,102,120.0,151.67152,31.671524
train,10,103,119.0,158.77182,39.77182
train,10,104,118.0,150.36768,32.367676
train,10,105,117.0,156.80693,39.80693
train,10,106,116.0,151.44073,35.440735
train,10,107,115.0,149.70483,34.704834
train,10,108,114.0,149.99689,35.996887
train,10,109,113.0,152.99284,39.992844
train,10,110,112.0,152.91031,40.91031
train,10,111,111.0,148.24536,37.24536
train,10,112,110.0,141.93604,31.936035
train,10,113,109.0,138.99197,29.991974
train,10,114,108.0,135.57043,27.570435
train,10,115,107.0,131.77664,24.776642
train,10,116,106.0,136.41966,30.419662
train,10,117,105.0,132.97191,27.971909
train,10,118,104.0,127.61273,23.612732
train,10,119,103.0,122.759445,19.759445
train,10,120,102.0,144.901,42.901
train,10,121,101.0,142.01617,41.016174
train,10,122,100.0,138.05692,38.056915
train,10,123,99.0,138.83353,39.833527
train,10,124,98.0,147.86156,49.861557
train,10,125,97.0,145.20828,48.208282
train,10,126,96.0,137.2807,41.2807
train,10,127,95.0,122.72612,27.72612
train,10,128,94.0,115.42891,21.42891
train,10,129,93.0,109.324356,16.324356
train,10,130,92.0,107.13396,15.133957
train,10,131,91.0,113.150604,22.150604
train,10,132,90.0,114.482666,24.482666
train,10,133,89.0,113.332825,24.332825
train,10,134,88.0,110.65438,22.65438
train,10,135,87.0,112.129944,25.129944
train,10,136,86.0,112.347496,26.347496
train,10,137,85.0,106.74955,21.74955
train,10,138,84.0,111.86783,27.867828
train,10,139,83.0,115.34412,32.344116
train,10,140,82.0,106.73598,24.735977
train,10,141,81.0,102.14202,21.142021
train,10,142,80.0,100.89779,20.897789
train,10,143,79.0,107.91815,28.918152
train,10,144,78.0,105.56546,27.56546
train,10,145,77.0,105.87044,28.870438
train,10,146,76.0,97.70006,21.700058
train,10,147,75.0,92.4726,17.472603
train,10,148,74.0,88.84943,14.849426
train,10,149,73.0,89.532814,16.532814
train,10,150,72.0,94.9229,22.922897
train,10,151,71.0,98.794945,27.794945
train,10,152,70.0,87.0027,17.0027
train,10,153,69.0,85.26419,16.26419
train,10,154,68.0,88.40646,20.406464
train,10,155,67.0,82.55185,15.551849
train,10,156,66.0,76.98094,10.980942
train,10,157,65.0,67.575455,2.5754547
train,10,158,64.0,61.669106,-2.3308945
train,10,159,63.0,58.026127,-4.973873
train,10,160,62.0,48.038185,-13.961815
train,10,161,61.0,51.482025,-9.517975
train,10,162,60.0,50.478226,-9.521774
train,10,163,59.0,48.89947,-10.100529
train,10,164,58.0,34.921,-23.078999
train,10,165,57.0,37.2398,-19.7602
train,10,166,56.0,34.313232,-21.686768
train,10,167,55.0,35.35867,-19.64133
train,10,168,54.0,35.893402,-18.106598
train,10,169,53.0,33.553913,-19.446087
train,10,170,52.0,28.871212,-23.128788
train,10,171,51.0,33.575054,-17.424946
train,10,172,50.0,32.108986,-17.891014
train,10,173,49.0,35.96019,-13.03981
train,10,174,48.0,34.977165,-13.022835
train,10,175,47.0,35.24543,-11.75457
train,10,176,46.0,39.415886,-6.584114
train,10,177,45.0,42.99156,-2.008438
train,10,178,44.0,49.743416,5.743416
train,10,179,43.0,49.664528,6.664528
train,10,180,42.0,52.224377,10.224377
train,10,181,41.0,49.977676,8.977676
train,10,182,40.0,50.696274,10.696274
train,10,183,39.0,50.030266,11.030266
train,10,184,38.0,51.518616,13.518616
train,10,185,37.0,50.424576,13.424576
train,10,186,36.0,45.81832,9.818321
train,10,187,35.0,43.753716,8.7537155
train,10,188,34.0,40.84217,6.8421707
train,10,189,33.0,40.972496,7.972496
train,10,190,32.0,43.707268,11.707268
train,10,191,31.0,42.089928,11.089928
train,10,192,30.0,38.734962,8.734962
train,10,193,29.0,37.9355,8.935501
train,10,194,28.0,33.69388,5.693878
train,10,195,27.0,32.648453,5.6484528
train,10,196,26.0,31.988792,5.9887924
train,10,197,25.0,31.532925,6.5329247
train,10,198,24.0,26.087154,2.0871544
train,10,199,23.0,27.780058,4.780058
train,10,200,22.0,24.456095,2.4560947
train,10,201,21.0,28.517662,7.517662
train,10,202,20.0,29.412691,9.412691
train,10,203,19.0,24.39901,5.3990097
train,10,204,18.0,24.198532,6.198532
train,10,205,17.0,20.362709,3.362709
train,10,206,16.0,17.45707,1.4570694
train,10,207,15.0,15.625809,0.6258087
train,10,208,14.0,13.501619,-0.49838066
train,10,209,13.0,15.60445,2.6044502
train,10,210,12.0,15.553229,3.5532293
train,10,211,11.0,15.281345,4.2813454
train,10,212,10.0,12.355079,2.3550787
train,10,213,9.0,8.156,-0.84399986
train,10,214,8.0,10.293274,2.293274
train,10,215,7.0,12.969713,5.969713
train,10,216,6.0,11.180351,5.1803513
train,10,217,5.0,5.9637127,0.9637127
train,10,218,4.0,2.626338,-1.373662
train,10,219,3.0,-0.13134778,-3.1313477
train,10,220,2.0,-4.1614914,-6.1614914
train,10,221,1.0,-5.936779,-6.936779
train,10,222,0.0,-6.1923733,-6.1923733
train,11,30,210.0,164.78299,-45.21701
train,11,31,209.0,166.5409,-42.459106
train,11,32,208.0,163.68991,-44.31009
train,11,33,207.0,173.2856,-33.7144
train,11,34,206.0,173.80139,-32.19861
train,11,35,205.0,183.5568,-21.443207
train,11,36,204.0,181.83951,-22.160492
train,11,37,203.0,179.857,-23.143005
train,11,38,202.0,187.85889,-14.141113
train,11,39,201.0,183.26888,-17.731125
train,11,40,200.0,183.34056,-16.65944
train,11,41,199.0,186.44376,-12.556244
train,11,42,198.0,184.82385,-13.176147
train,11,43,197.0,186.94873,-10.05127
train,11,44,196.0,179.37506,-16.624939
train,11,45,195.0,185.14563,-9.85437
train,11,46,194.0,191.48596,-2.514038
train,11,47,193.0,191.61469,-1.385315
train,11,48,192.0,185.2944,-6.705597
train,11,49,191.0,190.77475,-0.22525024
train,11,50,190.0,177.10892,-12.891083
train,11,51,189.0,180.39789,-8.602112
train,11,52,188.0,184.42523,-3.574768
train,11,53,187.0,183.50468,-3.4953156
train,11,54,186.0,185.0389,-0.96110535
train,11,55,185.0,179.25616,-5.7438354
train,11,56,184.0,171.9411,-12.058899
train,11,57,183.0,170.74731,-12.252686
train,11,58,182.0,168.38431,-13.615692
train,11,59,181.0,162.96225,-18.03775
train,11,60,180.0,165.4498,-14.550201
train,11,61,179.0,169.05933,-9.940674
train,11,62,178.0,171.42522,-6.5747833
train,11,63,177.0,174.4161,-2.5838928
train,11,64,176.0,173.46349,-2.5365143
train,11,65,175.0,163.56758,-11.432419
train,11,66,174.0,158.47694,-15.523056
train,11,67,173.0,162.08478,-10.915222
train,11,68,172.0,155.72221,-16.277786
train,11,69,171.0,157.68394,-13.316055
train,11,70,170.0,141.81308,-28.18692
train,11,71,169.0,144.9094,-24.090607
train,11,72,168.0,133.45436,-34.54564
train,11,73,167.0,160.9717,-6.028305
train,11,74,166.0,160.42172,-5.5782776
train,11,75,165.0,169.11604,4.116043
train,11,76,164.0,173.20389,9.203888
train,11,77,163.0,169.68968,6.689682
train,11,78,162.0,176.25598,14.255981
train,11,79,161.0,172.43636,11.436356
train,11,80,160.0,171.0765,11.076508
train,11,81,159.0,179.25513,20.255127
train,11,82,158.0,184.73624,26.736237
train,11,83,157.0,183.2482,26.2482
train,11,84,156.0,180.69745,24.697449
train,11,85,155.0,179.69835,24.698349
train,11,86,154.0,172.89273,18.89273
train,11,87,153.0,173.61116,20.61116
train,11,88,152.0,167.86577,15.865768
train,11,89,151.0,167.98216,16.982162
train,11,90,150.0,166.81671,16.816711
train,11,91,149.0,162.55206,13.552063
train,11,92,148.0,171.42212,23.42212
train,11,93,147.0,162.1698,15.1698
train,11,94,146.0,174.40332,28.40332
train,11,95,145.0,179.73853,34.738525
train,11,96,144.0,186.65172,42.65172
train,11,97,143.0,190.01079,47.010788
train,11,98,142.0,188.34706,46.34706
train,11,99,141.0,179.00423,38.004227
train,11,100,140.0,180.28381,40.283813
train,11,101,139.0,190.26602,51.26602
train,11,102,138.0,183.1631,45.1631
train,11,103,137.0,178.22739,41.227386
train,11,104,136.0,177.68134,41.681335
train,11,105,135.0,178.14746,43.14746
train,11,106,134.0,177.07816,43.078156
train,11,107,133.0,191.07849,58.07849
train,11,108,132.0,196.44441,64.44441
train,11,109,131.0,206.18787,75.18787
train,11,110,130.0,214.87427,84.87427
train,11,111,129.0,224.22849,95.228485
train,11,112,128.0,231.48688,103.48688
train,11,113,127.0,191.0307,64.0307
train,11,114,126.0,183.31857,57.318573
train,11,115,125.0,176.89455,51.894547
train,11,116,124.0,170.47232,46.47232
train,11,117,123.0,165.52792,42.527924
train,11,118,122.0,154.66872,32.668716
train,11,119,121.0,142.96835,21.968353
train,11,120,120.0,154.54587,34.545868
train,11,121,119.0,141.44632,22.44632
train,11,122,118.0,140.60333,22.603333
train,11,123,117.0,124.99863,7.9986267
train,11,124,116.0,126.839386,10.839386
train,11,125,115.0,121.98839,6.988388
train,11,126,114.0,123.39366,9.3936615
train,11,127,113.0,123.03235,10.032349
train,11,128,112.0,106.64673,-5.3532715
train,11,129,111.0,105.73433,-5.265671
train,11,130,110.0,102.11595,-7.8840485
train,11,131,109.0,112.32644,3.326439
train,11,132,108.0,115.53872,7.538719
train,11,133,107.0,109.19184,2.1918411
train,11,134,106.0,102.75932,-3.2406769
train,11,135,105.0,95.75362,-9.246384
train,11,136,104.0,100.09916,-3.9008408
train,11,137,103.0,99.00654,-3.9934616
train,11,138,102.0,96.47154,-5.5284576
train,11,139,101.0,95.055466,-5.9445343
train,11,140,100.0,97.702774,-2.297226
train,11,141,99.0,99.94098,0.940979
train,11,142,98.0,103.88298,5.8829803
train,11,143,97.0,116.34165,19.341652
train,11,144,96.0,109.50813,13.508133
train,11,145,95.0,101.649216,6.6492157
train,11,146,94.0,104.35946,10.359459
train,11,147,93.0,96.8963,3.8963013
train,11,148,92.0,89.67003,-2.3299713
train,11,149,91.0,85.2552,-5.7447968
train,11,150,90.0,89.39903,-0.6009674
train,11,151,89.0,90.50114,1.5011368
train,11,152,88.0,89.39885,1.3988495
train,11,153,87.0,86.03478,-0.9652176
train,11,154,86.0,86.07318,0.07318115
train,11,155,85.0,86.5535,1.5534973
train,11,156,84.0,89.233765,5.2337646
train,11,157,83.0,92.41015,9.410149
train,11,158,82.0,88.867935,6.867935
train,11,159,81.0,63.54509,-17.45491
train,11,160,80.0,64.83184,-15.1681595
train,11,161,79.0,66.5456,-12.454399
train,11,162,78.0,66.43739,-11.562607
train,11,163,77.0,70.04201,-6.9579926
train,11,164,76.0,72.95538,-3.0446167
train,11,165,75.0,68.35228,-6.6477203
train,11,166,74.0,66.23077,-7.7692337
train,11,167,73.0,61.795643,-11.204357
train,11,168,72.0,55.47461,-16.52539
train,11,169,71.0,52.1785,-18.821499
train,11,170,70.0,60.072872,-9.927128
train,11,171,69.0,54.11392,-14.886082
train,11,172,68.0,56.878918,-11.121082
train,11,173,67.0,52.40617,-14.59383
train,11,174,66.0,47.19434,-18.80566
train,11,175,65.0,46.415054,-18.584946
train,11,176,64.0,48.34795,-15.65205
train,11,177,63.0,44.543594,-18.456406
train,11,178,62.0,43.105606,-18.894394
train,11,179,61.0,40.941856,-20.058144
train,11,180,60.0,38.645798,-21.354202
train,11,181,59.0,32.565815,-26.434185
train,11,182,58.0,33.2133,-24.786701
train,11,183,57.0,34.398647,-22.601353
train,11,184,56.0,27.796415,-28.203585
train,11,185,55.0,29.3139,-25.6861
train,11,186,54.0,31.165417,-22.834583
train,11,187,53.0,31.52582,-21.47418
train,11,188,52.0,29.128672,-22.871328
train,11,189,51.0,47.321293,-3.6787071
train,11,190,50.0,44.77051,-5.2294884
train,11,191,49.0,45.248833,-3.7511673
train,11,192,48.0,49.61346,1.6134605
train,11,193,47.0,49.699684,2.6996841
train,11,194,46.0,45.397125,-0.60287476
train,11,195,45.0,40.329456,-4.6705437
train,11,196,44.0,36.25411,-7.7458916
train,11,197,43.0,38.509346,-4.490654
train,11,198,42.0,42.232433,0.23243332
train,11,199,41.0,41.134056,0.13405609
train,11,200,40.0,39.816383,-0.18361664
train,11,201,39.0,35.44974,-3.5502586
train,11,202,38.0,36.15262,-1.8473816
train,11,203,37.0,37.676086,0.6760864
train,11,204,36.0,38.941208,2.941208
train,11,205,35.0,36.25438,1.2543793
train,11,206,34.0,36.407486,2.407486
train,11,207,33.0,35.572556,2.5725555
train,11,208,32.0,34.026016,2.0260162
train,11,209,31.0,36.27633,5.276329
train,11,210,30.0,30.858202,0.858202
train,11,211,29.0,31.700098,2.700098
train,11,212,28.0,32.776882,4.776882
train,11,213,27.0,32.226368,5.226368
train,11,214,26.0,32.5687,6.568699
train,11,215,25.0,27.366287,2.3662872
train,11,216,24.0,25.7767,1.7766991
train,11,217,23.0,26.928686,3.9286861
train,11,218,22.0,29.355352,7.3553524
train,11,219,21.0,27.87337,6.873369
train,11,220,20.0,25.344261,5.344261
train,11,221,19.0,27.189451,8.189451
train,11,222,18.0,24.657286,6.6572857
train,11,223,17.0,20.937542,3.937542
train,11,224,16.0,22.54697,6.5469704
train,11,225,15.0,21.731398,6.7313976
train,11,226,14.0,23.296782,9.296782
train,11,227,13.0,22.920532,9.920532
train,11,228,12.0,21.758892,9.758892
train,11,229,11.0,15.2485695,4.2485695
train,11,230,10.0,10.591705,0.5917053
train,11,231,9.0,5.5352707,-3.4647293
train,11,232,8.0,1.8618945,-6.1381054
train,11,233,7.0,-0.1832887,-7.1832886
train,11,234,6.0,-1.9966489,-7.996649
train,11,235,5.0,-1.848549,-6.848549
train,11,236,4.0,-3.8646507,-7.8646507
train,11,237,3.0,-5.7720566,-8.772057
train,11,238,2.0,-6.154537,-8.154537
train,11,239,1.0,-5.1356163,-6.1356163
train,11,240,0.0,-4.794258,-4.794258
train,12,30,140.0,148.84366,8.843658
train,12,31,139.0,149.51247,10.512466
train,12,32,138.0,145.21638,7.216385
train,12,33,137.0,149.72397,12.7239685
train,12,34,136.0,136.65097,0.65097046
train,12,35,135.0,131.84102,-3.1589813
train,12,36,134.0,128.11479,-5.885208
train,12,37,133.0,120.76368,-12.2363205
train,12,38,132.0,126.72781,-5.2721863
train,12,39,131.0,130.67885,-0.32115173
train,12,40,130.0,119.875755,-10.124245
train,12,41,129.0,122.50206,-6.49794
train,12,42,128.0,117.6353,-10.3647
train,12,43,127.0,113.49342,-13.506577
train,12,44,126.0,117.92981,-8.07019
train,12,45,125.0,110.75022,-14.249779
train,12,46,124.0,105.34198,-18.65802
train,12,47,123.0,115.40642,-7.593582
train,12,48,122.0,116.58342,-5.41658
train,12,49,121.0,117.75494,-3.2450638
train,12,50,120.0,125.397354,5.397354
train,12,51,119.0,131.36116,12.36116
train,12,52,118.0,142.3215,24.321503
train,12,53,117.0,148.25302,31.253021
train,12,54,116.0,149.56805,33.568054
train,12,55,115.0,140.7034,25.7034
train,12,56,114.0,140.3744,26.374405
train,12,57,113.0,135.90472,22.904724
train,12,58,112.0,151.10185,39.101852
train,12,59,111.0,151.56102,40.56102
train,12,60,110.0,145.63077,35.630768
train,12,61,109.0,142.66736,33.66736
train,12,62,108.0,137.4387,29.438705
train,12,63,107.0,145.12857,38.12857
train,12,64,106.0,138.94063,32.940628
train,12,65,105.0,139.19876,34.19876
train,12,66,104.0,133.0342,29.034195
train,12,67,103.0,127.152466,24.152466
train,12,68,102.0,127.81288,25.812881
train,12,69,101.0,119.91285,18.91285
train,12,70,100.0,118.883575,18.883575
train,12,71,99.0,133.13815,34.138153
train,12,72,98.0,122.8608,24.860802
train,12,73,97.0,127.418335,30.418335
train,12,74,96.0,137.86131,41.861313
train,12,75,95.0,123.07335,28.073349
train,12,76,94.0,115.63571,21.635712
train,12,77,93.0,125.20504,32.20504
train,12,78,92.0,123.36608,31.366081
train,12,79,91.0,130.25375,39.253754
train,12,80,90.0,143.77425,53.774246
train,12,81,89.0,138.40448,49.40448
train,12,82,88.0,148.01297,60.01297
train,12,83,87.0,132.80637,45.806366
train,12,84,86.0,132.01282,46.012817
train,12,85,85.0,121.55148,36.551483
train,12,86,84.0,110.534256,26.534256
train,12,87,83.0,116.67168,33.671677
train,12,88,82.0,118.641525,36.641525
train,12,89,81.0,119.107925,38.107925
train,12,90,80.0,109.16783,29.167831
train,12,91,79.0,98.11309,19.11309
train,12,92,78.0,80.79296,2.7929611
train,12,93,77.0,78.722855,1.7228546
train,12,94,76.0,87.99931,11.999313
train,12,95,75.0,89.543106,14.543106
train,12,96,74.0,86.56976,12.569763
train,12,97,73.0,84.38867,11.388672
train,12,98,72.0,92.73622,20.736221
train,12,99,71.0,93.9827,22.982697
train,12,100,70.0,101.968056,31.968056
train,12,101,69.0,118.874855,49.874855
train,12,102,68.0,114.387985,46.387985
train,12,103,67.0,106.78869,39.78869
train,12,104,66.0,106.95929,40.95929
train,12,105,65.0,94.91355,29.913551
train,12,106,64.0,93.65296,29.652962
train,12,107,63.0,99.11654,36.11654
train,12,108,62.0,97.60748,35.607483
train,12,109,61.0,88.191795,27.191795
train,12,110,60.0,92.31598,32.31598
train,12,111,59.0,87.685265,28.685265
train,12,112,58.0,82.465126,24.465126
train,12,113,57.0,83.17271,26.172707
train,12,114,56.0,79.2463,23.2463
train,12,115,55.0,79.60158,24.601578
train,12,116,54.0,74.48814,20.488136
train,12,117,53.0,75.117645,22.117645
train,12,118,52.0,66.70948,14.70948
train,12,119,51.0,70.82054,19.820541
train,12,120,50.0,62.720394,12.720394
train,12,121,49.0,67.19442,18.19442
train,12,122,48.0,49.25751,1.2575111
train,12,123,47.0,45.09963,-1.9003716
train,12,124,46.0,46.087303,0.08730316
train,12,125,45.0,39.88668,-5.1133194
train,12,126,44.0,38.336075,-5.663925
train,12,127,43.0,34.28499,-8.715012
train,12,128,42.0,37.989395,-4.010605
train,12,129,41.0,32.98685,-8.013149
train,12,130,40.0,33.868862,-6.131138
train,12,131,39.0,30.812956,-8.187044
train,12,132,38.0,32.004093,-5.995907
train,12,133,37.0,32.923004,-4.076996
train,12,134,36.0,35.43578,-0.5642204
train,12,135,35.0,32.951714,-2.0482864
train,12,136,34.0,35.244553,1.2445526
train,12,137,33.0,34.84749,1.8474884
train,12,138,32.0,32.223724,0.22372437
train,12,139,31.0,31.203213,0.20321274
train,12,140,30.0,36.97113,6.9711304
train,12,141,29.0,32.275494,3.2754936
train,12,142,28.0,28.948288,0.94828796
train,12,143,27.0,28.898031,1.8980312
train,12,144,26.0,31.8191,5.8190994
train,12,145,25.0,35.752728,10.7527275
train,12,146,24.0,41.722916,17.722916
train,12,147,23.0,39.639305,16.639305
train,12,148,22.0,44.956562,22.956562
train,12,149,21.0,38.09759,17.097591
train,12,150,20.0,30.257915,10.2579155
train,12,151,19.0,32.146664,13.146664
train,12,152,18.0,26.313803,8.313803
train,12,153,17.0,24.884926,7.884926
train,12,154,16.0,27.100597,11.100597
train,12,155,15.0,25.728544,10.728544
train,12,156,14.0,24.673576,10.673576
train,12,157,13.0,20.485426,7.485426
train,12,158,12.0,19.746794,7.7467937
train,12,159,11.0,14.585257,3.5852566
train,12,160,10.0,7.8630238,-2.1369762
train,12,161,9.0,4.6526394,-4.3473606
train,12,162,8.0,4.7945194,-3.2054806
train,12,163,7.0,-4.577175,-11.577175
train,12,164,6.0,-4.0335884,-10.033588
train,12,165,5.0,-2.657627,-7.657627
train,12,166,4.0,-5.2005997,-9.2006
train,12,167,3.0,-5.7777634,-8.777763
train,12,168,2.0,-7.0414734,-9.041473
train,12,169,1.0,-7.4715843,-8.471584
train,12,170,0.0,-10.3554,-10.3554
train,13,30,133.0,168.43793,35.437927
train,13,31,132.0,176.36887,44.368866
train,13,32,131.0,178.43166,47.431656
train,13,33,130.0,171.54333,41.543335
train,13,34,129.0,170.9617,41.9617
train,13,35,128.0,169.80948,41.80948
train,13,36,127.0,166.42146,39.421463
train,13,37,126.0,163.52386,37.523865
train,13,38,125.0,151.67517,26.67517
train,13,39,124.0,155.02084,31.020844
train,13,40,123.0,148.26846,25.268463
train,13,41,122.0,149.06717,27.06717
train,13,42,121.0,143.2095,22.209503
train,13,43,120.0,135.48192,15.481918
train,13,44,119.0,134.43846,15.438461
train,13,45,118.0,139.82661,21.826614
train,13,46,117.0,140.63683,23.636826
train,13,47,116.0,150.90643,34.906433
train,13,48,115.0,142.07695,27.07695
train,13,49,114.0,124.68968,10.689682
train,13,50,113.0,107.495636,-5.504364
train,13,51,112.0,112.48268,0.48268127
train,13,52,111.0,112.782394,1.7823944
train,13,53,110.0,130.61237,20.612366
train,13,54,109.0,127.2903,18.290298
train,13,55,108.0,137.07822,29.078217
train,13,56,107.0,145.49075,38.490753
train,13,57,106.0,142.65785,36.657852
train,13,58,105.0,133.65558,28.655579
train,13,59,104.0,132.04208,28.042084
train,13,60,103.0,138.68842,35.688416
train,13,61,102.0,132.93517,30.935165
train,13,62,101.0,135.31651,34.316513
train,13,63,100.0,144.28625,44.286255
train,13,64,99.0,143.52219,44.522186
train,13,65,98.0,130.02132,32.021317
train,13,66,97.0,122.94319,25.943192
train,13,67,96.0,126.289474,30.289474
train,13,68,95.0,122.8494,27.849403
train,13,69,94.0,124.4388,30.438797
train,13,70,93.0,125.15038,32.150383
train,13,71,92.0,116.531525,24.531525
train,13,72,91.0,108.37657,17.376572
train,13,73,90.0,107.01232,17.012321
train,13,74,89.0,113.224525,24.224525
train,13,75,88.0,104.83889,16.83889
train,13,76,87.0,94.21211,7.2121124
train,13,77,86.0,99.46859,13.46859
train,13,78,85.0,95.93651,10.936508
train,13,79,84.0,85.50358,1.5035782
train,13,80,83.0,74.97605,-8.023949
train,13,81,82.0,71.03803,-10.961967
train,13,82,81.0,67.81573,-13.184273
train,13,83,80.0,70.15245,-9.847549
train,13,84,79.0,77.14133,-1.8586731
train,13,85,78.0,76.323944,-1.6760559
train,13,86,77.0,90.89734,13.897339
train,13,87,76.0,85.43535,9.4353485
train,13,88,75.0,83.18615,8.18615
train,13,89,74.0,82.00026,8.000259
train,13,90,73.0,82.17212,9.172119
train,13,91,72.0,81.419556,9.419556
train,13,92,71.0,82.09645,11.096451
train,13,93,70.0,82.3929,12.392899
train,13,94,69.0,86.31119,17.311188
train,13,95,68.0,71.91608,3.9160767
train,13,96,67.0,79.85511,12.85511
train,13,97,66.0,77.49681,11.496811
train,13,98,65.0,71.16752,6.1675186
train,13,99,64.0,77.75046,13.750458
train,13,100,63.0,77.21041,14.210411
train,13,101,62.0,66.194565,4.194565
train,13,102,61.0,69.92589,8.925888
train,13,103,60.0,66.15921,6.15921
train,13,104,59.0,67.7657,8.765701
train,13,105,58.0,64.31376,6.313759
train,13,106,57.0,60.005806,3.005806
train,13,107,56.0,61.159992,5.159992
train,13,108,55.0,60.454803,5.4548035
train,13,109,54.0,58.35035,4.3503494
train,13,110,53.0,53.627296,0.62729645
train,13,111,52.0,48.74682,-3.2531815
train,13,112,51.0,46.91841,-4.0815887
train,13,113,50.0,43.98697,-6.013031
train,13,114,49.0,48.900253,-0.099746704
train,13,115,48.0,45.65068,-2.3493195
train,13,116,47.0,49.3397,2.3396988
train,13,117,46.0,42.81076,-3.1892395
train,13,118,45.0,45.19141,0.19141006
train,13,119,44.0,42.757294,-1.2427063
train,13,120,43.0,43.960995,0.9609947
train,13,121,42.0,42.25562,0.25561905
train,13,122,41.0,44.980293,3.9802933
train,13,123,40.0,38.86212,-1.1378784
train,13,124,39.0,38.891014,-0.1089859
train,13,125,38.0,39.839912,1.8399124
train,13,126,37.0,39.9599,2.9599
train,13,127,36.0,41.762352,5.762352
train,13,128,35.0,37.338753,2.3387527
train,13,129,34.0,38.96276,4.962761
train,13,130,33.0,41.920387,8.920387
train,13,131,32.0,47.232162,15.232162
train,13,132,31.0,49.14113,18.141129
train,13,133,30.0,52.306065,22.306065
train,13,134,29.0,46.652756,17.652756
train,13,135,28.0,44.503166,16.503166
train,13,136,27.0,39.615376,12.6153755
train,13,137,26.0,38.74388,12.743881
train,13,138,25.0,36.976913,11.976913
train,13,139,24.0,29.451056,5.4510555
train,13,140,23.0,26.524555,3.5245552
train,13,141,22.0,26.952578,4.9525776
train,13,142,21.0,25.880219,4.8802185
train,13,143,20.0,19.640041,-0.35995865
train,13,144,19.0,16.502466,-2.4975338
train,13,145,18.0,12.68635,-5.31365
train,13,146,17.0,12.923549,-4.0764513
train,13,147,16.0,10.1211815,-5.8788185
train,13,148,15.0,8.499458,-6.5005417
train,13,149,14.0,8.901913,-5.0980873
train,13,150,13.0,3.6360478,-9.363953
train,13,151,12.0,3.6553898,-8.34461
train,13,152,11.0,1.162568,-9.837432
train,13,153,10.0,2.0247283,-7.9752717
train,13,154,9.0,1.9854735,-7.0145264
train,13,155,8.0,-0.3837968,-8.383797
train,13,156,7.0,4.755745,-2.244255
train,13,157,6.0,1.898281,-4.101719
train,13,158,5.0,1.4904975,-3.5095024
train,13,159,4.0,-4.3968163,-8.396816
train,13,160,3.0,-9.375862,-12.375862
train,13,161,2.0,-9.759274,-11.759274
train,13,162,1.0,-13.036888,-14.036888
train,13,163,0.0,-15.440395,-15.440395
train,14,30,150.0,126.3051,-23.6949
train,14,31,149.0,125.78,-23.220001
train,14,32,148.0,127.83491,-20.165092
train,14,33,147.0,126.04464,-20.95536
train,14,34,146.0,119.78601,-26.21399
train,14,35,145.0,113.1153,-31.884697
train,14,36,144.0,117.63736,-26.36264
train,14,37,143.0,118.13548,-24.864517
train,14,38,142.0,115.2451,-26.754898
train,14,39,141.0,116.08026,-24.919739
train,14,40,140.0,126.10394,-13.896057
train,14,41,139.0,113.21858,-25.781418
train,14,42,138.0,112.56032,-25.439682
train,14,43,137.0,100.07269,-36.927307
train,14,44,136.0,105.148834,-30.851166
train,14,45,135.0,97.287704,-37.712296
train,14,46,134.0,104.09892,-29.901077
train,14,47,133.0,100.90901,-32.09099
train,14,48,132.0,99.26433,-32.735672
train,14,49,131.0,92.285995,-38.714005
train,14,50,130.0,103.72002,-26.279984
train,14,51,129.0,107.808235,-21.191765
train,14,52,128.0,110.012314,-17.987686
train,14,53,127.0,109.219055,-17.780945
train,14,54,126.0,114.11724,-11.882759
train,14,55,125.0,124.61999,-0.3800125
train,14,56,124.0,126.86571,2.8657074
train,14,57,123.0,124.70386,1.7038574
train,14,58,122.0,125.016525,3.0165253
train,14,59,121.0,121.14708,0.14707947
train,14,60,120.0,120.94041,0.9404068
train,14,61,119.0,117.18411,-1.8158875
train,14,62,118.0,119.64346,1.6434631
train,14,63,117.0,119.38938,2.3893814
train,14,64,116.0,123.15651,7.1565094
train,14,65,115.0,123.934906,8.934906
train,14,66,114.0,128.21628,14.216278
train,14,67,113.0,135.19405,22.194046
train,14,68,112.0,139.68184,27.681839
train,14,69,111.0,151.94994,40.949936
train,14,70,110.0,146.76674,36.76674
train,14,71,109.0,139.8422,30.842194
train,14,72,108.0,134.87305,26.873047
train,14,73,107.0,123.52957,16.529572
train,14,74,106.0,125.60761,19.607613
train,14,75,105.0,129.71898,24.718979
train,14,76,104.0,127.416145,23.416145
train,14,77,103.0,115.68889,12.688889
train,14,78,102.0,110.454384,8.454384
train,14,79,101.0,98.06131,-2.9386902
train,14,80,100.0,108.539734,8.539734
train,14,81,99.0,109.06118,10.06118
train,14,82,98.0,120.166504,22.166504
train,14,83,97.0,114.23448,17.234482
train,14,84,96.0,115.2175,19.217499
train,14,85,95.0,114.869644,19.869644
train,14,86,94.0,116.194534,22.194534
train,14,87,93.0,102.36697,9.366966
train,14,88,92.0,102.56564,10.565643
train,14,89,91.0,105.2527,14.252701
train,14,90,90.0,96.21414,6.214142
train,14,91,89.0,89.524445,0.5244446
train,14,92,88.0,86.606606,-1.3933945
train,14,93,87.0,80.9162,-6.0838013
train,14,94,86.0,77.076904,-8.923096
train,14,95,85.0,76.71596,-8.284042
train,14,96,84.0,77.45911,-6.5408936
train,14,97,83.0,76.80809,-6.19191
train,14,98,82.0,79.85124,-2.148758
train,14,99,81.0,79.23392,-1.7660828
train,14,100,80.0,76.826546,-3.1734543
train,14,101,79.0,77.32475,-1.6752472
train,14,102,78.0,71.64197,-6.358032
train,14,103,77.0,70.52968,-6.4703217
train,14,104,76.0,71.61206,-4.3879395
train,14,105,75.0,71.42281,-3.5771866
train,14,106,74.0,66.20291,-7.7970886
train,14,107,73.0,60.554863,-12.445137
train,14,108,72.0,59.18996,-12.8100395
train,14,109,71.0,57.52148,-13.478519
train,14,110,70.0,54.4227,-15.577301
train,14,111,69.0,61.83836,-7.16164
train,14,112,68.0,60.125202,-7.874798
train,14,113,67.0,55.821487,-11.178513
train,14,114,66.0,56.891445,-9.108555
train,14,115,65.0,58.492096,-6.507904
train,14,116,64.0,60.19227,-3.8077316
train,14,117,63.0,60.800808,-2.199192
train,14,118,62.0,65.07813,3.0781326
train,14,119,61.0,64.44415,3.4441528
train,14,120,60.0,59.091354,-0.90864563
train,14,121,59.0,57.980434,-1.0195656
train,14,122,58.0,57.167217,-0.83278275
train,14,123,57.0,56.888695,-0.11130524
train,14,124,56.0,57.157997,1.1579971
train,14,125,55.0,55.540005,0.54000473
train,14,126,54.0,55.288208,1.288208
train,14,127,53.0,52.854385,-0.14561462
train,14,128,52.0,51.135864,-0.86413574
train,14,129,51.0,55.353806,4.3538055
train,14,130,50.0,56.250664,6.2506638
train,14,131,49.0,54.876358,5.876358
train,14,132,48.0,52.546135,4.546135
train,14,133,47.0,51.956245,4.9562454
train,14,134,46.0,53.024895,7.0248947
train,14,135,45.0,50.62422,5.624222
train,14,136,44.0,45.803413,1.8034134
train,14,137,43.0,45.991722,2.991722
train,14,138,42.0,46.24798,4.247978
train,14,139,41.0,46.262344,5.2623444
train,14,140,40.0,43.942364,3.9423637
train,14,141,39.0,42.26844,3.2684402
train,14,142,38.0,42.97307,4.973068
train,14,143,37.0,39.45047,2.45047
train,14,144,36.0,38.480156,2.480156
train,14,145,35.0,39.45562,4.45562
train,14,146,34.0,38.029522,4.029522
train,14,147,33.0,37.175163,4.1751633
train,14,148,32.0,38.55111,6.5511093
train,14,149,31.0,38.93225,7.932251
train,14,150,30.0,38.246296,8.246296
train,14,151,29.0,36.0125,7.012501
train,14,152,28.0,34.46779,6.4677887
train,14,153,27.0,34.94069,7.940689
train,14,154,26.0,37.156868,11.156868
train,14,155,25.0,32.307205,7.307205
train,14,156,24.0,31.662598,7.6625977
train,14,157,23.0,30.87827,7.878269
train,14,158,22.0,29.43926,7.4392605
train,14,159,21.0,33.24792,12.247921
train,14,160,20.0,30.92196,10.921961
train,14,161,19.0,29.141014,10.141014
train,14,162,18.0,24.84239,6.84239
train,14,163,17.0,23.75689,6.7568893
train,14,164,16.0,21.422806,5.422806
train,14,165,15.0,22.294674,7.294674
train,14,166,14.0,19.33834,5.3383408
train,14,167,13.0,12.998711,-0.0012893677
train,14,168,12.0,12.645611,0.6456108
train,14,169,11.0,11.236017,0.23601723
train,14,170,10.0,13.7978325,3.7978325
train,14,171,9.0,13.871803,4.8718033
train,14,172,8.0,10.079567,2.079567
train,14,173,7.0,9.404545,2.4045448
train,14,174,6.0,11.772408,5.7724075
train,14,175,5.0,10.320656,5.320656
train,14,176,4.0,13.37961,9.37961
train,14,177,3.0,9.872005,6.8720055
train,14,178,2.0,5.118677,3.1186771
train,14,179,1.0,2.0163536,1.0163536
train,14,180,0.0,0.28822887,0.28822887
train,15,30,177.0,210.48386,33.483856
train,15,31,176.0,206.15262,30.152618
train,15,32,175.0,196.96994,21.96994
train,15,33,174.0,186.50739,12.507385
train,15,34,173.0,190.12747,17.127472
train,15,35,172.0,184.39622,12.396225
train,15,36,171.0,188.81314,17.81314
train,15,37,170.0,191.98532,21.985321
train,15,38,169.0,202.94653,33.946533
train,15,39,168.0,200.93677,32.936768
train,15,40,167.0,191.52414,24.52414
train,15,41,166.0,191.86786,25.867859
train,15,42,165.0,192.0581,27.058105
train,15,43,164.0,179.852,15.852005
train,15,44,163.0,181.07132,18.07132
train,15,45,162.0,175.78732,13.787323
train,15,46,161.0,174.75993,13.759933
train,15,47,160.0,170.05273,10.052734
train,15,48,159.0,180.21672,21.21672
train,15,49,158.0,180.48096,22.480957
train,15,50,157.0,180.43411,23.434113
train,15,51,156.0,177.51086,21.510864
train,15,52,155.0,176.58685,21.586853
train,15,53,154.0,176.67831,22.678314
train,15,54,153.0,174.75156,21.751556
train,15,55,152.0,166.18604,14.186035
train,15,56,151.0,172.89064,21.89064
train,15,57,150.0,174.11531,24.11531
train,15,58,149.0,176.83258,27.83258
train,15,59,148.0,172.06442,24.064423
train,15,60,147.0,174.0867,27.0867
train,15,61,146.0,174.79916,28.799164
train,15,62,145.0,173.95209,28.952087
train,15,63,144.0,165.05257,21.052567
train,15,64,143.0,149.3337,6.3336945
train,15,65,142.0,147.64087,5.640869
train,15,66,141.0,144.46481,3.4648132
train,15,67,140.0,142.64499,2.644989
train,15,68,139.0,148.64041,9.640411
train,15,69,138.0,154.60526,16.605255
train,15,70,137.0,156.70996,19.70996
train,15,71,136.0,157.50838,21.508377
train,15,72,135.0,157.77554,22.775543
train,15,73,134.0,167.93481,33.934814
train,15,74,133.0,173.33041,40.330414
train,15,75,132.0,178.09915,46.09915
train,15,76,131.0,181.10495,50.10495
train,15,77,130.0,166.60396,36.60396
train,15,78,129.0,182.9946,53.9946
train,15,79,128.0,170.83517,42.835175
train,15,80,127.0,174.41309,47.413086
train,15,81,126.0,197.81104,71.811035
train,15,82,125.0,194.44711,69.44711
train,15,83,124.0,192.47714,68.47714
train,15,84,123.0,195.92313,72.92313
train,15,85,122.0,195.62462,73.62462
train,15,86,121.0,165.294,44.294006
train,15,87,120.0,165.58957,45.58957
train,15,88,119.0,173.09344,54.093445
train,15,89,118.0,165.37555,47.37555
train,15,90,117.0,158.6847,41.684692
train,15,91,116.0,147.46672,31.46672
train,15,92,115.0,138.6136,23.613602
train,15,93,114.0,134.45923,20.459229
train,15,94,113.0,129.41418,16.414185
train,15,95,112.0,131.4161,19.416107
train,15,96,111.0,136.87534,25.875336
train,15,97,110.0,129.55931,19.55931
train,15,98,109.0,126.44527,17.445267
train,15,99,108.0,124.008194,16.008194
train,15,100,107.0,127.008644,20.008644
train,15,101,106.0,133.20685,27.206848
train,15,102,105.0,133.82741,28.827408
train,15,103,104.0,130.82214,26.822144
train,15,104,103.0,126.042435,23.042435
train,15,105,102.0,129.354,27.354004
train,15,106,101.0,127.21098,26.210983
train,15,107,100.0,120.9648,20.964798
train,15,108,99.0,129.38397,30.383972
train,15,109,98.0,118.01294,20.01294
train,15,110,97.0,121.65578,24.655777
train,15,111,96.0,118.52721,22.527206
train,15,112,95.0,112.42601,17.42601
train,15,113,94.0,112.481155,18.481155
train,15,114,93.0,114.74739,21.74739
train,15,115,92.0,112.954094,20.954094
train,15,116,91.0,147.22908,56.22908
train,15,117,90.0,147.3385,57.3385
train,15,118,89.0,156.8834,67.88341
train,15,119,88.0,163.49402,75.49402
train,15,120,87.0,162.87491,75.87491
train,15,121,86.0,153.96211,67.96211
train,15,122,85.0,155.22316,70.22316
train,15,123,84.0,147.03868,63.03868
train,15,124,83.0,111.641266,28.641266
train,15,125,82.0,107.14367,25.14367
train,15,126,81.0,99.61374,18.613739
train,15,127,80.0,97.895905,17.895905
train,15,128,79.0,92.86246,13.862457
train,15,129,78.0,85.01643,7.0164337
train,15,130,77.0,89.69671,12.696709
train,15,131,76.0,90.91269,14.912689
train,15,132,75.0,86.281555,11.281555
train,15,133,74.0,76.70104,2.7010422
train,15,134,73.0,76.58828,3.5882797
train,15,135,72.0,83.459724,11.459724
train,15,136,71.0,80.54625,9.546249
train,15,137,70.0,81.33095,11.330948
train,15,138,69.0,76.22864,7.2286377
train,15,139,68.0,60.099113,-7.9008865
train,15,140,67.0,62.35535,-4.6446495
train,15,141,66.0,61.257988,-4.742012
train,15,142,65.0,63.698402,-1.3015976
train,15,143,64.0,65.071144,1.0711441
train,15,144,63.0,55.571472,-7.428528
train,15,145,62.0,60.880486,-1.1195145
train,15,146,61.0,57.68444,-3.3155594
train,15,147,60.0,51.69636,-8.303638
train,15,148,59.0,54.30517,-4.694832
train,15,149,58.0,62.95342,4.9534187
train,15,150,57.0,51.729362,-5.2706375
train,15,151,56.0,48.51744,-7.482559
train,15,152,55.0,56.18686,1.1868591
train,15,153,54.0,51.39573,-2.604271
train,15,154,53.0,69.67921,16.679207
train,15,155,52.0,63.01687,11.016869
train,15,156,51.0,63.488678,12.488678
train,15,157,50.0,64.37563,14.375633
train,15,158,49.0,62.845036,13.845036
train,15,159,48.0,53.162003,5.1620026
train,15,160,47.0,60.852844,13.852844
train,15,161,46.0,52.893265,6.893265
train,15,162,45.0,53.8552,8.855202
train,15,163,44.0,54.15406,10.15406
train,15,164,43.0,46.273827,3.2738266
train,15,165,42.0,43.976395,1.9763947
train,15,166,41.0,38.917362,-2.0826378
train,15,167,40.0,40.858112,0.85811234
train,15,168,39.0,41.809418,2.8094177
train,15,169,38.0,41.530064,3.5300636
train,15,170,37.0,32.496872,-4.503128
train,15,171,36.0,32.137794,-3.8622055
train,15,172,35.0,30.210554,-4.789446
train,15,173,34.0,25.989237,-8.010763
train,15,174,33.0,31.753426,-1.2465744
train,15,175,32.0,24.474056,-7.5259438
train,15,176,31.0,27.9176,-3.0823994
train,15,177,30.0,27.254736,-2.745264
train,15,178,29.0,26.931847,-2.0681534
train,15,179,28.0,33.46762,5.467621
train,15,180,27.0,28.313301,1.3133011
train,15,181,26.0,30.232779,4.2327785
train,15,182,25.0,35.518555,10.518555
train,15,183,24.0,35.796806,11.796806
train,15,184,23.0,38.941986,15.941986
train,15,185,22.0,34.45224,12.45224
train,15,186,21.0,35.36315,14.363152
train,15,187,20.0,34.688225,14.688225
train,15,188,19.0,33.45858,14.45858
train,15,189,18.0,25.000034,7.0000343
train,15,190,17.0,24.522753,7.522753
train,15,191,16.0,19.601143,3.601143
train,15,192,15.0,22.073305,7.073305
train,15,193,14.0,13.706062,-0.29393768
train,15,194,13.0,6.84988,-6.15012
train,15,195,12.0,4.870367,-7.129633
train,15,196,11.0,-0.13913167,-11.139132
train,15,197,10.0,-2.2153263,-12.215326
train,15,198,9.0,-5.9784813,-14.978481
train,15,199,8.0,-4.59334,-12.59334
train,15,200,7.0,-2.099472,-9.099472
train,15,201,6.0,-2.5416412,-8.541641
train,15,202,5.0,-5.098913,-10.098913
train,15,203,4.0,-10.932854,-14.932854
train,15,204,3.0,-9.589043,-12.589043
train,15,205,2.0,-18.347614,-20.347614
train,15,206,1.0,-22.136505,-23.136505
train,15,207,0.0,-27.088665,-27.088665
train,16,30,179.0,133.88437,-45.11563
train,16,31,178.0,128.79398,-49.206024
train,16,32,177.0,128.33307,-48.66693
train,16,33,176.0,132.47171,-43.52829
train,16,34,175.0,125.76373,-49.236267
train,16,35,174.0,117.17799,-56.822006
train,16,36,173.0,134.20833,-38.79167
train,16,37,172.0,138.90799,-33.09201
train,16,38,171.0,140.08562,-30.914383
train,16,39,170.0,144.68729,-25.312714
train,16,40,169.0,134.63867,-34.36133
train,16,41,168.0,130.43051,-37.56949
train,16,42,167.0,125.15771,-41.842293
train,16,43,166.0,126.537,-39.462997
train,16,44,165.0,122.99777,-42.002228
train,16,45,164.0,126.21106,-37.78894
train,16,46,163.0,127.06376,-35.93624
train,16,47,162.0,123.42969,-38.570312
train,16,48,161.0,121.92023,-39.079773
train,16,49,160.0,112.28752,-47.71248
train,16,50,159.0,105.716934,-53.283066
train,16,51,158.0,102.64751,-55.352493
train,16,52,157.0,104.25229,-52.74771
train,16,53,156.0,104.506805,-51.493195
train,16,54,155.0,108.50062,-46.499382
train,16,55,154.0,112.82678,-41.173218
train,16,56,153.0,105.47492,-47.525078
train,16,57,152.0,107.87851,-44.12149
train,16,58,151.0,106.8986,-44.101402
train,16,59,150.0,105.290825,-44.709175
train,16,60,149.0,109.81831,-39.181686
train,16,61,148.0,108.4178,-39.5822
train,16,62,147.0,110.71945,-36.28055
train,16,63,146.0,105.023926,-40.976074
train,16,64,145.0,107.34052,-37.659477
train,16,65,144.0,112.74835,-31.251648
train,16,66,143.0,115.697105,-27.302895
train,16,67,142.0,114.28367,-27.716331
train,16,68,141.0,120.40887,-20.591133
train,16,69,140.0,119.59207,-20.407928
train,16,70,139.0,117.25966,-21.740341
train,16,71,138.0,109.53999,-28.460007
train,16,72,137.0,111.971504,-25.028496
train,16,73,136.0,104.33251,-31.667488
train,16,74,135.0,108.500626,-26.499374
train,16,75,134.0,104.20653,-29.793472
train,16,76,133.0,110.70076,-22.29924
train,16,77,132.0,106.923096,-25.076904
train,16,78,131.0,102.96756,-28.03244
train,16,79,130.0,103.12754,-26.87246
train,16,80,129.0,95.34416,-33.655838
train,16,81,128.0,96.210625,-31.789375
train,16,82,127.0,98.592865,-28.407135
train,16,83,126.0,99.34236,-26.657639
train,16,84,125.0,105.77985,-19.220154
train,16,85,124.0,104.42988,-19.570122
train,16,86,123.0,103.43884,-19.561157
train,16,87,122.0,104.5111,-17.4889
train,16,88,121.0,101.07567,-19.924332
train,16,89,120.0,103.48002,-16.519981
train,16,90,119.0,109.05789,-9.942108
train,16,91,118.0,103.919014,-14.080986
train,16,92,117.0,103.475204,-13.524796
train,16,93,116.0,92.41177,-23.588226
train,16,94,115.0,93.73843,-21.261574
train,16,95,114.0,92.77423,-21.225769
train,16,96,113.0,96.405365,-16.594635
train,16,97,112.0,87.150375,-24.849625
train,16,98,111.0,84.22249,-26.777512
train,16,99,110.0,84.20219,-25.797813
train,16,100,109.0,82.29402,-26.705978
train,16,101,108.0,79.02684,-28.97316
train,16,102,107.0,85.47888,-21.521118
train,16,103,106.0,82.457726,-23.542274
train,16,104,105.0,83.70253,-21.29747
train,16,105,104.0,78.84908,-25.150917
train,16,106,103.0,79.0168,-23.9832
train,16,107,102.0,80.41825,-21.581749
train,16,108,101.0,83.91629,-17.08371
train,16,109,100.0,84.13982,-15.860184
train,16,110,99.0,83.00864,-15.991364
train,16,111,98.0,85.82451,-12.175491
train,16,112,97.0,85.44898,-11.551018
train,16,113,96.0,86.91676,-9.083237
train,16,114,95.0,92.47185,-2.5281525
train,16,115,94.0,102.27421,8.274208
train,16,116,93.0,105.874756,12.874756
train,16,117,92.0,105.783676,13.783676
train,16,118,91.0,108.10911,17.109108
train,16,119,90.0,108.214714,18.214714
train,16,120,89.0,106.71077,17.71077
train,16,121,88.0,99.61688,11.616882
train,16,122,87.0,98.27258,11.272583
train,16,123,86.0,100.54808,14.54808
train,16,124,85.0,94.10419,9.104187
train,16,125,84.0,86.26327,2.2632675
train,16,126,83.0,93.66055,10.660553
train,16,127,82.0,98.478714,16.478714
train,16,128,81.0,96.24153,15.241531
train,16,129,80.0,95.255615,15.255615
train,16,130,79.0,90.77116,11.771156
train,16,131,78.0,85.0919,7.0919037
train,16,132,77.0,86.26169,9.261688
train,16,133,76.0,79.02878,3.028778
train,16,134,75.0,80.00672,5.0067215
train,16,135,74.0,77.26251,3.2625122
train,16,136,73.0,74.38705,1.3870468
train,16,137,72.0,72.30463,0.30462646
train,16,138,71.0,70.487526,-0.51247406
train,16,139,70.0,67.58678,-2.4132233
train,16,140,69.0,65.70798,-3.2920227
train,16,141,68.0,64.63524,-3.3647614
train,16,142,67.0,60.9097,-6.0903015
train,16,143,66.0,64.517235,-1.4827652
train,16,144,65.0,68.471275,3.4712753
train,16,145,64.0,70.30668,6.306679
train,16,146,63.0,66.86426,3.8642578
train,16,147,62.0,60.441467,-1.5585327
train,16,148,61.0,65.059204,4.059204
train,16,149,60.0,67.628876,7.6288757
train,16,150,59.0,59.377857,0.3778572
train,16,151,58.0,54.025806,-3.9741936
train,16,152,57.0,57.334114,0.33411407
train,16,153,56.0,61.664185,5.6641846
train,16,154,55.0,64.54429,9.544289
train,16,155,54.0,70.42352,16.423523
train,16,156,53.0,70.79004,17.79004
train,16,157,52.0,71.39689,19.396889
train,16,158,51.0,73.41632,22.41632
train,16,159,50.0,76.16568,26.16568
train,16,160,49.0,76.70944,27.709442
train,16,161,48.0,71.51159,23.51159
train,16,162,47.0,72.995384,25.995384
train,16,163,46.0,72.80824,26.808243
train,16,164,45.0,75.19095,30.190948
train,16,165,44.0,72.901276,28.901276
train,16,166,43.0,69.03316,26.033157
train,16,167,42.0,67.15107,25.15107
train,16,168,41.0,57.837753,16.837753
train,16,169,40.0,55.632294,15.632294
train,16,170,39.0,51.700493,12.700493
train,16,171,38.0,47.743042,9.743042
train,16,172,37.0,46.312527,9.312527
train,16,173,36.0,45.91996,9.91996
train,16,174,35.0,47.08503,12.08503
train,16,175,34.0,49.31704,15.3170395
train,16,176,33.0,47.173782,14.173782
train,16,177,32.0,45.970734,13.970734
train,16,178,31.0,49.99524,18.99524
train,16,179,30.0,47.937336,17.937336
train,16,180,29.0,44.956043,15.956043
train,16,181,28.0,41.370995,13.370995
train,16,182,27.0,45.741814,18.741814
train,16,183,26.0,43.805897,17.805897
train,16,184,25.0,41.25215,16.252151
train,16,185,24.0,42.378,18.377998
train,16,186,23.0,39.34043,16.340431
train,16,187,22.0,38.3246,16.3246
train,16,188,21.0,40.98191,19.98191
train,16,189,20.0,39.713387,19.713387
train,16,190,19.0,36.775925,17.775925
train,16,191,18.0,37.833366,19.833366
train,16,192,17.0,31.680698,14.680698
train,16,193,16.0,27.953697,11.953697
train,16,194,15.0,22.045433,7.045433
train,16,195,14.0,16.273205,2.2732048
train,16,196,13.0,17.468884,4.4688835
train,16,197,12.0,16.801338,4.801338
train,16,198,11.0,13.853489,2.853489
train,16,199,10.0,9.866642,-0.133358
train,16,200,9.0,5.5946045,-3.4053955
train,16,201,8.0,6.570389,-1.4296112
train,16,202,7.0,6.026245,-0.9737549
train,16,203,6.0,5.351742,-0.6482582
train,16,204,5.0,9.779018,4.7790184
train,16,205,4.0,11.631126,7.6311264
train,16,206,3.0,11.95834,8.95834
train,16,207,2.0,11.025616,9.025616
train,16,208,1.0,8.114685,7.114685
train,16,209,0.0,4.6470375,4.6470375
train,17,30,246.0,173.72797,-72.27203
train,17,31,245.0,168.87662,-76.12338
train,17,32,244.0,169.30734,-74.69266
train,17,33,243.0,171.8689,-71.1311
train,17,34,242.0,170.26437,-71.73563
train,17,35,241.0,170.4488,-70.55119
train,17,36,240.0,164.94208,-75.05792
train,17,37,239.0,164.72598,-74.27402
train,17,38,238.0,156.5646,-81.435394
train,17,39,237.0,158.95712,-78.04288
train,17,40,236.0,166.05696,-69.94304
train,17,41,235.0,172.15051,-62.849487
train,17,42,234.0,169.73338,-64.26662
train,17,43,233.0,173.97424,-59.025757
train,17,44,232.0,178.24574,-53.754257
train,17,45,231.0,177.15082,-53.849182
train,17,46,230.0,186.26123,-43.73877
train,17,47,229.0,179.59929,-49.40071
train,17,48,228.0,176.77437,-51.22563
train,17,49,227.0,179.9613,-47.038696
train,17,50,226.0,177.92227,-48.07773
train,17,51,225.0,188.46138,-36.53862
train,17,52,224.0,187.06354,-36.936462
train,17,53,223.0,184.86101,-38.138992
train,17,54,222.0,185.28683,-36.713165
train,17,55,221.0,177.63997,-43.36003
train,17,56,220.0,180.86505,-39.13495
train,17,57,219.0,183.85352,-35.146484
train,17,58,218.0,171.66302,-46.336975
train,17,59,217.0,165.41782,-51.582184
train,17,60,216.0,157.50253,-58.497467
train,17,61,215.0,158.42592,-56.57408
train,17,62,214.0,163.83382,-50.166183
train,17,63,213.0,167.57996,-45.420044
train,17,64,212.0,167.01611,-44.983887
train,17,65,211.0,157.08234,-53.917664
train,17,66,210.0,158.68889,-51.31111
train,17,67,209.0,153.59311,-55.40689
train,17,68,208.0,149.62398,-58.376022
train,17,69,207.0,146.76163,-60.238373
train,17,70,206.0,142.69565,-63.30435
train,17,71,205.0,138.80548,-66.19452
train,17,72,204.0,133.58026,-70.41974
train,17,73,203.0,137.94427,-65.055725
train,17,74,202.0,140.9771,-61.022903
train,17,75,201.0,145.75708,-55.24292
train,17,76,200.0,148.17316,-51.826843
train,17,77,199.0,149.65305,-49.346954
train,17,78,198.0,152.83441,-45.16559
train,17,79,197.0,152.10205,-44.89795
train,17,80,196.0,146.9241,-49.075897
train,17,81,195.0,155.53479,-39.46521
train,17,82,194.0,161.69035,-32.309647
train,17,83,193.0,179.98149,-13.018509
train,17,84,192.0,180.86661,-11.133392
train,17,85,191.0,180.15309,-10.846909
train,17,86,190.0,183.62616,-6.3738403
train,17,87,189.0,194.01993,5.019928
train,17,88,188.0,195.27422,7.2742157
train,17,89,187.0,184.49014,-2.5098572
train,17,90,186.0,183.41733,-2.582672
train,17,91,185.0,177.34633,-7.6536713
train,17,92,184.0,168.80042,-15.199585
train,17,93,183.0,172.24118,-10.75882
train,17,94,182.0,172.09021,-9.90979
train,17,95,181.0,175.81046,-5.1895447
train,17,96,180.0,169.61441,-10.38559
train,17,97,179.0,177.63643,-1.3635712
train,17,98,178.0,176.60834,-1.3916626
train,17,99,177.0,180.30237,3.3023682
train,17,100,176.0,175.96391,-0.036087036
train,17,101,175.0,173.28696,-1.7130432
train,17,102,174.0,180.54819,6.5481873
train,17,103,173.0,180.51071,7.5107117
train,17,104,172.0,181.17383,9.173828
train,17,105,171.0,161.4778,-9.522202
train,17,106,170.0,154.37238,-15.6276245
train,17,107,169.0,156.8273,-12.172699
train,17,108,168.0,157.19199,-10.808014
train,17,109,167.0,157.5698,-9.430206
train,17,110,166.0,148.03128,-17.96872
train,17,111,165.0,149.98225,-15.017746
train,17,112,164.0,137.53235,-26.467651
train,17,113,163.0,136.27081,-26.729187
train,17,114,162.0,135.3039,-26.696106
train,17,115,161.0,133.26534,-27.734665
train,17,116,160.0,130.08118,-29.918823
train,17,117,159.0,136.15753,-22.842468
train,17,118,158.0,129.01843,-28.981567
train,17,119,157.0,139.0765,-17.923492
train,17,120,156.0,135.6621,-20.337906
train,17,121,155.0,133.1102,-21.889801
train,17,122,154.0,123.795425,-30.204575
train,17,123,153.0,121.06802,-31.931976
train,17,124,152.0,120.669815,-31.330185
train,17,125,151.0,127.009636,-23.990364
train,17,126,150.0,125.852615,-24.147385
train,17,127,149.0,126.20644,-22.793556
train,17,128,148.0,123.276184,-24.723816
train,17,129,147.0,123.83258,-23.16742
train,17,130,146.0,121.645134,-24.354866
train,17,131,145.0,123.52268,-21.477318
train,17,132,144.0,120.12201,-23.87799
train,17,133,143.0,119.09122,-23.908783
train,17,134,142.0,120.70502,-21.294983
train,17,135,141.0,124.79245,-16.20755
train,17,136,140.0,121.05047,-18.949532
train,17,137,139.0,129.28662,-9.713379
train,17,138,138.0,132.85834,-5.1416626
train,17,139,137.0,135.76865,-1.2313538
train,17,140,136.0,132.99959,-3.000412
train,17,141,135.0,133.2435,-1.7565002
train,17,142,134.0,127.74747,-6.252533
train,17,143,133.0,122.5688,-10.431198
train,17,144,132.0,122.34889,-9.651108
train,17,145,131.0,123.39622,-7.6037827
train,17,146,130.0,106.06258,-23.937424
train,17,147,129.0,113.24499,-15.7550125
train,17,148,128.0,104.61766,-23.38234
train,17,149,127.0,101.04148,-25.958519
train,17,150,126.0,102.990555,-23.009445
train,17,151,125.0,103.647224,-21.352776
train,17,152,124.0,103.713165,-20.286835
train,17,153,123.0,97.714424,-25.285576
train,17,154,122.0,92.39193,-29.60807
train,17,155,121.0,103.59591,-17.40409
train,17,156,120.0,107.397,-12.602997
train,17,157,119.0,93.828804,-25.171196
train,17,158,118.0,97.83534,-20.164658
train,17,159,117.0,95.166306,-21.833694
train,17,160,116.0,96.11319,-19.88681
train,17,161,115.0,92.93043,-22.069572
train,17,162,114.0,96.97652,-17.023483
train,17,163,113.0,93.21939,-19.78061
train,17,164,112.0,100.11801,-11.881989
train,17,165,111.0,106.2074,-4.7926025
train,17,166,110.0,108.83417,-1.1658325
train,17,167,109.0,104.17331,-4.8266907
train,17,168,108.0,106.98016,-1.0198364
train,17,169,107.0,99.43941,-7.5605927
train,17,170,106.0,94.56292,-11.43708
train,17,171,105.0,96.77031,-8.229691
train,17,172,104.0,97.98207,-6.017929
train,17,173,103.0,98.44099,-4.5590134
train,17,174,102.0,96.53597,-5.4640274
train,17,175,101.0,92.385185,-8.614815
train,17,176,100.0,90.80777,-9.19223
train,17,177,99.0,86.84123,-12.158768
train,17,178,98.0,85.95732,-12.042679
train,17,179,97.0,79.87572,-17.124283
train,17,180,96.0,77.00268,-18.997322
train,17,181,95.0,81.66783,-13.332169
train,17,182,94.0,80.44701,-13.552994
train,17,183,93.0,79.58664,-13.413361
train,17,184,92.0,79.25987,-12.740128
train,17,185,91.0,77.95113,-13.048866
train,17,186,90.0,76.60601,-13.39399
train,17,187,89.0,73.641914,-15.358086
train,17,188,88.0,90.20192,2.2019196
train,17,189,87.0,84.54669,-2.453308
train,17,190,86.0,83.73573,-2.264267
train,17,191,85.0,81.88714,-3.1128616
train,17,192,84.0,52.951126,-31.048874
train,17,193,83.0,50.5551,-32.4449
train,17,194,82.0,53.75022,-28.249779
train,17,195,81.0,52.64925,-28.35075
train,17,196,80.0,46.683907,-33.316093
train,17,197,79.0,49.031353,-29.968647
train,17,198,78.0,47.361015,-30.638985
train,17,199,77.0,50.618683,-26.381317
train,17,200,76.0,47.919144,-28.080856
train,17,201,75.0,42.522408,-32.477592
train,17,202,74.0,40.02659,-33.97341
train,17,203,73.0,45.777626,-27.222374
train,17,204,72.0,41.88982,-30.11018
train,17,205,71.0,41.788754,-29.211246
train,17,206,70.0,48.497387,-21.502613
train,17,207,69.0,44.835175,-24.164825
train,17,208,68.0,41.847515,-26.152485
train,17,209,67.0,50.61869,-16.38131
train,17,210,66.0,51.220287,-14.779713
train,17,211,65.0,50.212242,-14.787758
train,17,212,64.0,50.66976,-13.330238
train,17,213,63.0,53.56559,-9.43441
train,17,214,62.0,49.20895,-12.79105
train,17,215,61.0,50.195953,-10.804047
train,17,216,60.0,53.617203,-6.3827972
train,17,217,59.0,53.03057,-5.969429
train,17,218,58.0,46.61752,-11.382481
train,17,219,57.0,45.264736,-11.735264
train,17,220,56.0,43.26958,-12.730419
train,17,221,55.0,41.651917,-13.3480835
train,17,222,54.0,66.01269,12.012688
train,17,223,53.0,68.012794,15.0127945
train,17,224,52.0,61.73376,9.733761
train,17,225,51.0,63.610863,12.610863
train,17,226,50.0,66.42387,16.423866
train,17,227,49.0,61.514893,12.514893
train,17,228,48.0,58.933628,10.933628
train,17,229,47.0,57.282654,10.282654
train,17,230,46.0,54.75376,8.753761
train,17,231,45.0,54.57752,9.577518
train,17,232,44.0,54.745773,10.745773
train,17,233,43.0,50.55483,7.5548286
train,17,234,42.0,51.120903,9.120903
train,17,235,41.0,48.737877,7.737877
train,17,236,40.0,45.485207,5.4852066
train,17,237,39.0,43.856552,4.856552
train,17,238,38.0,43.2228,5.222801
train,17,239,37.0,40.486282,3.4862823
train,17,240,36.0,41.40011,5.4001083
train,17,241,35.0,38.16413,3.1641312
train,17,242,34.0,38.291595,4.2915955
train,17,243,33.0,39.27031,6.2703094
train,17,244,32.0,39.2808,7.2808
train,17,245,31.0,39.11537,8.115372
train,17,246,30.0,37.603348,7.603348
train,17,247,29.0,36.650604,7.6506042
train,17,248,28.0,31.055563,3.055563
train,17,249,27.0,30.079641,3.0796413
train,17,250,26.0,30.460474,4.460474
train,17,251,25.0,26.657022,1.6570225
train,17,252,24.0,26.425932,2.425932
train,17,253,23.0,23.20073,0.20072937
train,17,254,22.0,23.488462,1.4884624
train,17,255,21.0,24.778074,3.7780743
train,17,256,20.0,20.770481,0.7704811
train,17,257,19.0,19.222315,0.22231483
train,17,258,18.0,17.09245,-0.9075508
train,17,259,17.0,18.979218,1.9792175
train,17,260,16.0,18.318195,2.3181953
train,17,261,15.0,16.12232,1.1223202
train,17,262,14.0,18.528088,4.5280876
train,17,263,13.0,16.857008,3.857008
train,17,264,12.0,14.758392,2.7583923
train,17,265,11.0,11.290596,0.290596
train,17,266,10.0,9.903496,-0.09650421
train,17,267,9.0,3.2267704,-5.7732296
train,17,268,8.0,0.54556644,-7.4544334
train,17,269,7.0,0.25198543,-6.7480145
train,17,270,6.0,-3.311327,-9.311327
train,17,271,5.0,-8.321817,-13.321817
train,17,272,4.0,-7.652321,-11.652321
train,17,273,3.0,-12.106625,-15.106625
train,17,274,2.0,-13.426842,-15.426842
train,17,275,1.0,-14.418503,-15.418503
train,17,276,0.0,-16.017853,-16.017853
train,18,30,165.0,172.80978,7.809784
train,18,31,164.0,169.7793,5.779297
train,18,32,163.0,180.8356,17.835602
train,18,33,162.0,177.05164,15.051636
train,18,34,161.0,176.93973,15.939728
train,18,35,160.0,169.48792,9.487915
train,18,36,159.0,170.3691,11.369095
train,18,37,158.0,169.2663,11.266296
train,18,38,157.0,167.47604,10.476044
train,18,39,156.0,159.04666,3.0466614
train,18,40,155.0,155.66583,0.6658325
train,18,41,154.0,146.51355,-7.48645
train,18,42,153.0,151.91707,-1.0829315
train,18,43,152.0,159.77158,7.771576
train,18,44,151.0,161.64243,10.642426
train,18,45,150.0,164.19565,14.195648
train,18,46,149.0,151.3273,2.327301
train,18,47,148.0,158.69232,10.692322
train,18,48,147.0,145.46323,-1.5367737
train,18,49,146.0,149.39572,3.3957214
train,18,50,145.0,154.02972,9.029724
train,18,51,144.0,157.04184,13.04184
train,18,52,143.0,165.93689,22.93689
train,18,53,142.0,160.04839,18.048386
train,18,54,141.0,158.00623,17.006226
train,18,55,140.0,148.91626,8.91626
train,18,56,139.0,153.87796,14.87796
train,18,57,138.0,154.2984,16.2984
train,18,58,137.0,154.84927,17.849274
train,18,59,136.0,154.03307,18.033066
train,18,60,135.0,156.5636,21.563599
train,18,61,134.0,152.94173,18.941727
train,18,62,133.0,152.76147,19.761475
train,18,63,132.0,159.72937,27.72937
train,18,64,131.0,159.27599,28.275986
train,18,65,130.0,155.80914,25.809143
train,18,66,129.0,154.54358,25.54358
train,18,67,128.0,151.95432,23.954315
train,18,68,127.0,170.80989,43.80989
train,18,69,126.0,175.89207,49.892075
train,18,70,125.0,168.41223,43.41223
train,18,71,124.0,163.0285,39.028503
train,18,72,123.0,172.49588,49.49588
train,18,73,122.0,183.84781,61.84781
train,18,74,121.0,186.42218,65.42218
train,18,75,120.0,181.91649,61.91649
train,18,76,119.0,168.03955,49.03955
train,18,77,118.0,169.80737,51.807373
train,18,78,117.0,167.86644,50.86644
train,18,79,116.0,166.69214,50.69214
train,18,80,115.0,156.63522,41.635223
train,18,81,114.0,149.21452,35.214523
train,18,82,113.0,141.80359,28.803589
train,18,83,112.0,131.37825,19.37825
train,18,84,111.0,138.98929,27.989288
train,18,85,110.0,125.39751,15.397507
train,18,86,109.0,129.54996,20.549957
train,18,87,108.0,138.01913,30.019135
train,18,88,107.0,129.79062,22.790619
train,18,89,106.0,131.20673,25.206726
train,18,90,105.0,122.75638,17.756378
train,18,91,104.0,125.03186,21.03186
train,18,92,103.0,125.9212,22.921204
train,18,93,102.0,119.76051,17.760513
train,18,94,101.0,134.79686,33.79686
train,18,95,100.0,144.42377,44.423767
train,18,96,99.0,154.02917,55.029175
train,18,97,98.0,150.90326,52.90326
train,18,98,97.0,149.72513,52.72513
train,18,99,96.0,147.03041,51.03041
train,18,100,95.0,132.16634,37.166336
train,18,101,94.0,121.98947,27.989471
train,18,102,93.0,126.334656,33.334656
train,18,103,92.0,130.90904,38.909042
train,18,104,91.0,131.14514,40.14514
train,18,105,90.0,127.520164,37.520164
train,18,106,89.0,123.414856,34.414856
train,18,107,88.0,124.6983,36.698303
train,18,108,87.0,119.74179,32.74179
train,18,109,86.0,135.71516,49.715164
train,18,110,85.0,133.13142,48.131424
train,18,111,84.0,138.37953,54.37953
train,18,112,83.0,133.50696,50.506958
train,18,113,82.0,125.6695,43.669502
train,18,114,81.0,124.364525,43.364525
train,18,115,80.0,117.80191,37.80191
train,18,116,79.0,122.07748,43.077477
train,18,117,78.0,125.36884,47.368843
train,18,118,77.0,120.14311,43.143112
train,18,119,76.0,118.04136,42.04136
train,18,120,75.0,120.71011,45.710114
train,18,121,74.0,100.87636,26.876358
train,18,122,73.0,99.86998,26.86998
train,18,123,72.0,102.78767,30.787666
train,18,124,71.0,101.67413,30.674133
train,18,125,70.0,108.0414,38.041397
train,18,126,69.0,112.13754,43.137543
train,18,127,68.0,102.825,34.824997
train,18,128,67.0,103.1473,36.1473
train,18,129,66.0,100.678535,34.678535
train,18,130,65.0,95.38634,30.386337
train,18,131,64.0,87.823944,23.823944
train,18,132,63.0,79.439865,16.439865
train,18,133,62.0,74.5342,12.534203
train,18,134,61.0,69.80118,8.801178
train,18,135,60.0,66.529205,6.5292053
train,18,136,59.0,62.27154,3.2715416
train,18,137,58.0,59.516052,1.5160522
train,18,138,57.0,61.122303,4.122303
train,18,139,56.0,65.41809,9.418091
train,18,140,55.0,58.995552,3.995552
train,18,141,54.0,58.825653,4.825653
train,18,142,53.0,56.21511,3.2151108
train,18,143,52.0,53.009796,1.0097961
train,18,144,51.0,56.47885,5.4788513
train,18,145,50.0,58.400906,8.400906
train,18,146,49.0,56.627476,7.6274757
train,18,147,48.0,56.18265,8.1826515
train,18,148,47.0,55.158005,8.158005
train,18,149,46.0,51.3263,5.3263016
train,18,150,45.0,52.024952,7.024952
train,18,151,44.0,60.84204,16.842041
train,18,152,43.0,60.399136,17.399136
train,18,153,42.0,55.87868,13.878681
train,18,154,41.0,50.32163,9.321629
train,18,155,40.0,48.182076,8.1820755
train,18,156,39.0,48.401867,9.401867
train,18,157,38.0,47.047672,9.047672
train,18,158,37.0,66.28494,29.284943
train,18,159,36.0,65.16899,29.168991
train,18,160,35.0,63.084644,28.084644
train,18,161,34.0,65.15566,31.155663
train,18,162,33.0,64.47509,31.47509
train,18,163,32.0,64.99954,32.999542
train,18,164,31.0,62.268925,31.268925
train,18,165,30.0,62.341026,32.341026
train,18,166,29.0,58.44361,29.443611
train,18,167,28.0,56.316994,28.316994
train,18,168,27.0,57.41675,30.416752
train,18,169,26.0,56.29226,30.29226
train,18,170,25.0,55.469276,30.469276
train,18,171,24.0,52.636215,28.636215
train,18,172,23.0,51.046402,28.046402
train,18,173,22.0,47.368828,25.368828
train,18,174,21.0,47.01747,26.017471
train,18,175,20.0,48.96354,28.96354
train,18,176,19.0,43.80493,24.804932
train,18,177,18.0,41.011433,23.011433
train,18,178,17.0,37.61693,20.616928
train,18,179,16.0,36.41069,20.41069
train,18,180,15.0,31.84644,16.84644
train,18,181,14.0,31.991093,17.991093
train,18,182,13.0,28.619034,15.619034
train,18,183,12.0,22.10265,10.10265
train,18,184,11.0,18.355007,7.355007
train,18,185,10.0,14.250802,4.250802
train,18,186,9.0,11.572089,2.5720892
train,18,187,8.0,13.546858,5.546858
train,18,188,7.0,8.900351,1.9003506
train,18,189,6.0,8.058743,2.0587425
train,18,190,5.0,3.2281895,-1.7718105
train,18,191,4.0,1.099346,-2.9006538
train,18,192,3.0,-4.337858,-7.337858
train,18,193,2.0,-9.211586,-11.211586
train,18,194,1.0,-18.123188,-19.123188
train,18,195,0.0,-21.971996,-21.971996
train,20,30,204.0,128.58269,-75.41731
train,20,31,203.0,132.60167,-70.39833
train,20,32,202.0,133.81195,-68.18805
train,20,33,201.0,130.34985,-70.65015
train,20,34,200.0,129.89543,-70.10457
train,20,35,199.0,128.00555,-70.994446
train,20,36,198.0,130.32126,-67.67874
train,20,37,197.0,136.37827,-60.621735
train,20,38,196.0,139.32584,-56.674164
train,20,39,195.0,147.10973,-47.890274
train,20,40,194.0,146.97433,-47.025665
train,20,41,193.0,151.33539,-41.66461
train,20,42,192.0,146.25035,-45.74965
train,20,43,191.0,146.53506,-44.464935
train,20,44,190.0,148.13419,-41.865814
train,20,45,189.0,143.57947,-45.420532
train,20,46,188.0,143.83644,-44.16356
train,20,47,187.0,139.11148,-47.88852
train,20,48,186.0,130.99315,-55.00685
train,20,49,185.0,118.615875,-66.384125
train,20,50,184.0,118.38026,-65.61974
train,20,51,183.0,116.583855,-66.416145
train,20,52,182.0,120.37425,-61.625748
train,20,53,181.0,116.08627,-64.91373
train,20,54,180.0,122.55522,-57.44478
train,20,55,179.0,123.51459,-55.485413
train,20,56,178.0,118.782,-59.218002
train,20,57,177.0,126.19176,-50.808243
train,20,58,176.0,125.066284,-50.933716
train,20,59,175.0,115.20067,-59.79933
train,20,60,174.0,101.286865,-72.713135
train,20,61,173.0,112.85538,-60.144623
train,20,62,172.0,120.89543,-51.10457
train,20,63,171.0,119.42206,-51.57794
train,20,64,170.0,115.857124,-54.142876
train,20,65,169.0,122.34334,-46.656662
train,20,66,168.0,125.96631,-42.03369
train,20,67,167.0,125.5812,-41.4188
train,20,68,166.0,123.77338,-42.226624
train,20,69,165.0,136.71721,-28.282791
train,20,70,164.0,135.45473,-28.545273
train,20,71,163.0,141.5115,-21.488495
train,20,72,162.0,146.94456,-15.055435
train,20,73,161.0,143.83815,-17.16185
train,20,74,160.0,144.48312,-15.516876
train,20,75,159.0,145.59296,-13.407043
train,20,76,158.0,151.40775,-6.5922546
train,20,77,157.0,156.33217,-0.6678314
train,20,78,156.0,161.76128,5.7612762
train,20,79,155.0,154.23305,-0.7669525
train,20,80,154.0,147.86404,-6.135956
train,20,81,153.0,133.43704,-19.562958
train,20,82,152.0,136.16609,-15.833908
train,20,83,151.0,125.94749,-25.052513
train,20,84,150.0,125.095,-24.904999
train,20,85,149.0,121.06511,-27.93489
train,20,86,148.0,126.51941,-21.48059
train,20,87,147.0,140.9865,-6.013504
train,20,88,146.0,135.72568,-10.2743225
train,20,89,145.0,123.56358,-21.436417
train,20,90,144.0,122.49957,-21.500427
train,20,91,143.0,124.158554,-18.841446
train,20,92,142.0,110.54589,-31.45411
train,20,93,141.0,112.027466,-28.972534
train,20,94,140.0,113.73451,-26.265488
train,20,95,139.0,130.05617,-8.943832
train,20,96,138.0,121.42537,-16.57463
train,20,97,137.0,113.75069,-23.249313
train,20,98,136.0,114.155685,-21.844315
train,20,99,135.0,105.94201,-29.057991
train,20,100,134.0,107.231445,-26.768555
train,20,101,133.0,107.53361,-25.466393
train,20,102,132.0,106.41065,-25.589348
train,20,103,131.0,111.95549,-19.04451
train,20,104,130.0,125.927155,-4.0728455
train,20,105,129.0,119.85215,-9.14785
train,20,106,128.0,117.78817,-10.21183
train,20,107,127.0,114.90418,-12.095818
train,20,108,126.0,118.62022,-7.3797836
train,20,109,125.0,119.62626,-5.373741
train,20,110,124.0,122.134186,-1.8658142
train,20,111,123.0,124.6239,1.6239014
train,20,112,122.0,116.24411,-5.75589
train,20,113,121.0,109.87218,-11.127823
train,20,114,120.0,113.99337,-6.00663
train,20,115,119.0,117.18404,-1.8159637
train,20,116,118.0,110.38485,-7.6151505
train,20,117,117.0,108.2147,-8.785301
train,20,118,116.0,104.94116,-11.058838
train,20,119,115.0,106.6864,-8.313599
train,20,120,114.0,108.5791,-5.4208984
train,20,121,113.0,108.04596,-4.9540405
train,20,122,112.0,102.38388,-9.616119
train,20,123,111.0,95.47304,-15.526962
train,20,124,110.0,99.084,-10.916
train,20,125,109.0,100.556,-8.444
train,20,126,108.0,92.51958,-15.480423
train,20,127,107.0,89.4214,-17.578598
train,20,128,106.0,94.91368,-11.086319
train,20,129,105.0,94.68427,-10.315727
train,20,130,104.0,89.40343,-14.596573
train,20,131,103.0,92.190125,-10.8098755
train,20,132,102.0,89.19789,-12.802109
train,20,133,101.0,92.549355,-8.450645
train,20,134,100.0,100.28621,0.2862091
train,20,135,99.0,101.035645,2.0356445
train,20,136,98.0,102.69685,4.6968536
train,20,137,97.0,96.31816,-0.681839
train,20,138,96.0,94.880615,-1.1193848
train,20,139,95.0,92.04436,-2.9556427
train,20,140,94.0,85.20635,-8.793648
train,20,141,93.0,81.86606,-11.133942
train,20,142,92.0,80.390724,-11.609276
train,20,143,91.0,77.469345,-13.530655
train,20,144,90.0,76.60359,-13.396408
train,20,145,89.0,74.035324,-14.964676
train,20,146,88.0,73.367935,-14.632065
train,20,147,87.0,76.87484,-10.12516
train,20,148,86.0,77.43448,-8.565521
train,20,149,85.0,79.07265,-5.927353
train,20,150,84.0,71.418365,-12.5816345
train,20,151,83.0,72.43831,-10.561691
train,20,152,82.0,74.82891,-7.171089
train,20,153,81.0,74.12964,-6.8703613
train,20,154,80.0,75.22904,-4.770958
train,20,155,79.0,75.14058,-3.8594208
train,20,156,78.0,70.92662,-7.0733795
train,20,157,77.0,76.39505,-0.60494995
train,20,158,76.0,76.514435,0.5144348
train,20,159,75.0,77.865364,2.865364
train,20,160,74.0,70.68135,-3.3186493
train,20,161,73.0,66.630875,-6.3691254
train,20,162,72.0,61.667007,-10.332993
train,20,163,71.0,62.170036,-8.829964
train,20,164,70.0,60.032234,-9.967766
train,20,165,69.0,59.058968,-9.941032
train,20,166,68.0,59.845184,-8.154816
train,20,167,67.0,61.235565,-5.764435
train,20,168,66.0,57.393814,-8.606186
train,20,169,65.0,57.92033,-7.07967
train,20,170,64.0,60.157074,-3.842926
train,20,171,63.0,59.780518,-3.2194824
train,20,172,62.0,61.658092,-0.3419075
train,20,173,61.0,61.831116,0.8311157
train,20,174,60.0,57.430607,-2.5693932
train,20,175,59.0,56.2377,-2.7622986
train,20,176,58.0,58.08882,0.08882141
train,20,177,57.0,62.565178,5.565178
train,20,178,56.0,66.05329,10.053291
train,20,179,55.0,68.07818,13.078178
train,20,180,54.0,67.10144,13.10144
train,20,181,53.0,67.41002,14.410019
train,20,182,52.0,66.27968,14.279678
train,20,183,51.0,72.19232,21.192322
train,20,184,50.0,70.64121,20.641212
train,20,185,49.0,67.46621,18.46621
train,20,186,48.0,63.047573,15.047573
train,20,187,47.0,62.30091,15.300911
train,20,188,46.0,54.700954,8.700954
train,20,189,45.0,53.51185,8.511848
train,20,190,44.0,52.34936,8.349361
train,20,191,43.0,49.362415,6.3624153
train,20,192,42.0,46.82867,4.8286705
train,20,193,41.0,40.48719,-0.51280975
train,20,194,40.0,43.10356,3.1035614
train,20,195,39.0,40.53939,1.5393906
train,20,196,38.0,40.5248,2.5247993
train,20,197,37.0,38.746212,1.746212
train,20,198,36.0,43.436386,7.436386
train,20,199,35.0,35.61174,0.6117401
train,20,200,34.0,29.79943,-4.200569
train,20,201,33.0,28.146006,-4.8539944
train,20,202,32.0,24.660475,-7.339525
train,20,203,31.0,24.374983,-6.625017
train,20,204,30.0,23.592693,-6.4073067
train,20,205,29.0,24.20615,-4.79385
train,20,206,28.0,25.238356,-2.7616444
train,20,207,27.0,20.89376,-6.1062393
train,20,208,26.0,21.405203,-4.594797
train,20,209,25.0,24.22985,-0.77014923
train,20,210,24.0,20.26016,-3.7398396
train,20,211,23.0,18.258883,-4.7411175
train,20,212,22.0,15.749723,-6.2502766
train,20,213,21.0,13.694151,-7.305849
train,20,214,20.0,15.489737,-4.5102634
train,20,215,19.0,17.042744,-1.9572563
train,20,216,18.0,16.074465,-1.9255352
train,20,217,17.0,18.706709,1.7067089
train,20,218,16.0,20.420858,4.4208584
train,20,219,15.0,24.160973,9.160973
train,20,220,14.0,20.880812,6.8808117
train,20,221,13.0,19.45193,6.451929
train,20,222,12.0,13.089615,1.0896149
train,20,223,11.0,12.428383,1.4283829
train,20,224,10.0,15.228302,5.228302
train,20,225,9.0,14.796009,5.796009
train,20,226,8.0,14.828117,6.8281174
train,20,227,7.0,9.1085205,2.1085205
train,20,228,6.0,8.379395,2.3793945
train,20,229,5.0,6.573601,1.5736008
train,20,230,4.0,7.525738,3.5257378
train,20,231,3.0,1.7886657,-1.2113343
train,20,232,2.0,-1.6877137,-3.6877136
train,20,233,1.0,1.9048499,0.9048499
train,20,234,0.0,3.5967941,3.5967941
train,21,30,165.0,166.31119,1.3111877
train,21,31,164.0,165.9724,1.9723969
train,21,32,163.0,167.90733,4.9073334
train,21,33,162.0,160.83188,-1.1681213
train,21,34,161.0,161.27225,0.2722473
train,21,35,160.0,149.67026,-10.329742
train,21,36,159.0,154.4432,-4.556793
train,21,37,158.0,140.70374,-17.296265
train,21,38,157.0,151.47018,-5.5298157
train,21,39,156.0,149.6831,-6.3168945
train,21,40,155.0,144.29303,-10.70697
train,21,41,154.0,152.80542,-1.1945801
train,21,42,153.0,161.02795,8.027954
train,21,43,152.0,154.67145,2.6714478
train,21,44,151.0,155.89368,4.8936768
train,21,45,150.0,148.31714,-1.6828613
train,21,46,149.0,148.76414,-0.2358551
train,21,47,148.0,159.43748,11.437485
train,21,48,147.0,170.76067,23.760666
train,21,49,146.0,172.17303,26.173035
train,21,50,145.0,178.37076,33.370758
train,21,51,144.0,180.30977,36.30977
train,21,52,143.0,188.49919,45.49919
train,21,53,142.0,184.71977,42.719772
train,21,54,141.0,178.25214,37.252136
train,21,55,140.0,183.07408,43.07408
train,21,56,139.0,164.76366,25.763657
train,21,57,138.0,165.23749,27.237488
train,21,58,137.0,172.0962,35.096207
train,21,59,136.0,177.90547,41.90547
train,21,60,135.0,183.84973,48.84973
train,21,61,134.0,182.26901,48.269012
train,21,62,133.0,180.76294,47.76294
train,21,63,132.0,179.14066,47.140656
train,21,64,131.0,177.56366,46.56366
train,21,65,130.0,169.92857,39.928574
train,21,66,129.0,160.48694,31.486938
train,21,67,128.0,147.38446,19.38446
train,21,68,127.0,146.92635,19.926346
train,21,69,126.0,155.31938,29.319382
train,21,70,125.0,149.38733,24.38733
train,21,71,124.0,170.08612,46.08612
train,21,72,123.0,161.69183,38.691833
train,21,73,122.0,162.65166,40.651657
train,21,74,121.0,160.65558,39.65558
train,21,75,120.0,148.03693,28.036926
train,21,76,119.0,140.75752,21.757523
train,21,77,118.0,140.36754,22.367538
train,21,78,117.0,146.72913,29.729126
train,21,79,116.0,148.1399,32.139893
train,21,80,115.0,152.11261,37.11261
train,21,81,114.0,139.01227,25.012268
train,21,82,113.0,144.8,31.800003
train,21,83,112.0,140.11147,28.111465
train,21,84,111.0,144.57454,33.57454
train,21,85,110.0,148.9791,38.979095
train,21,86,109.0,145.34041,36.34041
train,21,87,108.0,142.08449,34.084488
train,21,88,107.0,144.71094,37.710938
train,21,89,106.0,136.38408,30.384079
train,21,90,105.0,142.72336,37.72336
train,21,91,104.0,144.78531,40.78531
train,21,92,103.0,123.20892,20.208923
train,21,93,102.0,107.11937,5.1193695
train,21,94,101.0,99.32355,-1.6764526
train,21,95,100.0,91.012314,-8.987686
train,21,96,99.0,85.05874,-13.941261
train,21,97,98.0,87.43459,-10.565407
train,21,98,97.0,93.52394,-3.476059
train,21,99,96.0,114.43254,18.43254
train,21,100,95.0,104.45639,9.45639
train,21,101,94.0,116.95934,22.959343
train,21,102,93.0,103.67651,10.676514
train,21,103,92.0,103.244934,11.244934
train,21,104,91.0,103.70671,12.706711
train,21,105,90.0,112.110565,22.110565
train,21,106,89.0,105.614555,16.614555
train,21,107,88.0,103.31398,15.31398
train,21,108,87.0,106.401,19.401001
train,21,109,86.0,97.13281,11.1328125
train,21,110,85.0,99.09698,14.096977
train,21,111,84.0,90.52343,6.52343
train,21,112,83.0,88.36392,5.363922
train,21,113,82.0,93.70633,11.706329
train,21,114,81.0,94.581055,13.581055
train,21,115,80.0,88.21159,8.211594
train,21,116,79.0,87.03111,8.031113
train,21,117,78.0,84.420265,6.420265
train,21,118,77.0,85.86984,8.869843
train,21,119,76.0,94.020035,18.020035
train,21,120,75.0,94.87671,19.876709
train,21,121,74.0,43.748478,-30.251522
train,21,122,73.0,45.046547,-27.953453
train,21,123,72.0,37.909042,-34.090958
train,21,124,71.0,33.30787,-37.69213
train,21,125,70.0,28.017208,-41.98279
train,21,126,69.0,31.691154,-37.308846
train,21,127,68.0,38.127457,-29.872543
train,21,128,67.0,36.41105,-30.588951
train,21,129,66.0,34.60006,-31.39994
train,21,130,65.0,27.763662,-37.236336
train,21,131,64.0,23.288725,-40.711273
train,21,132,63.0,21.179817,-41.820183
train,21,133,62.0,18.7523,-43.2477
train,21,134,61.0,13.348831,-47.65117
train,21,135,60.0,10.33452,-49.66548
train,21,136,59.0,4.983808,-54.016193
train,21,137,58.0,2.9614239,-55.038574
train,21,138,57.0,7.629016,-49.370983
train,21,139,56.0,4.159491,-51.840508
train,21,140,55.0,1.5167321,-53.48327
train,21,141,54.0,3.0065966,-50.993404
train,21,142,53.0,8.384785,-44.615215
train,21,143,52.0,6.895569,-45.10443
train,21,144,51.0,6.0390906,-44.96091
train,21,145,50.0,8.172487,-41.827515
train,21,146,49.0,6.4122577,-42.58774
train,21,147,48.0,6.2820196,-41.71798
train,21,148,47.0,6.3496943,-40.650307
train,21,149,46.0,6.6095943,-39.390404
train,21,150,45.0,4.924325,-40.075676
train,21,151,44.0,35.198082,-8.801918
train,21,152,43.0,36.31379,-6.6862106
train,21,153,42.0,31.661612,-10.338388
train,21,154,41.0,31.242802,-9.757198
train,21,155,40.0,33.54654,-6.4534607
train,21,156,39.0,34.53469,-4.465309
train,21,157,38.0,33.848,-4.1520004
train,21,158,37.0,32.963867,-4.036133
train,21,159,36.0,33.394413,-2.605587
train,21,160,35.0,31.90221,-3.0977898
train,21,161,34.0,25.394047,-8.605953
train,21,162,33.0,25.998737,-7.0012627
train,21,163,32.0,32.037376,0.037376404
train,21,164,31.0,26.528957,-4.4710426
train,21,165,30.0,25.944946,-4.0550537
train,21,166,29.0,25.546461,-3.453539
train,21,167,28.0,27.901989,-0.09801102
train,21,168,27.0,27.36901,0.36901093
train,21,169,26.0,24.732674,-1.2673264
train,21,170,25.0,27.023651,2.0236511
train,21,171,24.0,27.584671,3.584671
train,21,172,23.0,29.13182,6.1318207
train,21,173,22.0,26.806238,4.806238
train,21,174,21.0,23.715462,2.7154617
train,21,175,20.0,21.61249,1.6124897
train,21,176,19.0,20.153498,1.1534977
train,21,177,18.0,17.351828,-0.6481724
train,21,178,17.0,18.412773,1.4127731
train,21,179,16.0,18.583374,2.583374
train,21,180,15.0,18.697186,3.6971855
train,21,181,14.0,14.145435,0.14543533
train,21,182,13.0,13.557975,0.5579748
train,21,183,12.0,13.927621,1.9276209
train,21,184,11.0,9.607327,-1.3926725
train,21,185,10.0,8.931237,-1.0687628
train,21,186,9.0,8.727688,-0.27231216
train,21,187,8.0,6.8653984,-1.1346016
train,21,188,7.0,5.5417824,-1.4582176
train,21,189,6.0,2.719883,-3.280117
train,21,190,5.0,-0.7169839,-5.716984
train,21,191,4.0,1.47657,-2.5234299
train,21,192,3.0,-3.06287,-6.06287
train,21,193,2.0,-3.6957626,-5.6957626
train,21,194,1.0,-6.162693,-7.162693
train,21,195,0.0,-9.9956,-9.9956
train,23,30,138.0,168.8422,30.842194
train,23,31,137.0,171.47722,34.47722
train,23,32,136.0,173.82979,37.82979
train,23,33,135.0,164.00934,29.009338
train,23,34,134.0,166.97151,32.97151
train,23,35,133.0,165.53827,32.53827
train,23,36,132.0,154.63142,22.631424
train,23,37,131.0,149.2736,18.273605
train,23,38,130.0,151.1578,21.157806
train,23,39,129.0,144.60052,15.600525
train,23,40,128.0,143.03064,15.03064
train,23,41,127.0,138.56949,11.569489
train,23,42,126.0,142.81952,16.819519
train,23,43,125.0,133.5352,8.535202
train,23,44,124.0,123.600555,-0.39944458
train,23,45,123.0,133.60928,10.609283
train,23,46,122.0,146.40512,24.40512
train,23,47,121.0,138.90561,17.90561
train,23,48,120.0,141.46292,21.462921
train,23,49,119.0,133.81451,14.814514
train,23,50,118.0,135.65785,17.657852
train,23,51,117.0,118.91696,1.9169617
train,23,52,116.0,102.96289,-13.037109
train,23,53,115.0,103.81113,-11.188873
train,23,54,114.0,107.13625,-6.8637466
train,23,55,113.0,92.87712,-20.122879
train,23,56,112.0,92.920044,-19.079956
train,23,57,111.0,96.693115,-14.306885
train,23,58,110.0,103.69319,-6.3068085
train,23,59,109.0,107.16187,-1.8381271
train,23,60,108.0,110.947,2.9469986
train,23,61,107.0,109.110886,2.1108856
train,23,62,106.0,112.465164,6.465164
train,23,63,105.0,111.39185,6.3918533
train,23,64,104.0,107.82579,3.8257904
train,23,65,103.0,107.808075,4.808075
train,23,66,102.0,109.503136,7.5031357
train,23,67,101.0,106.56476,5.5647583
train,23,68,100.0,111.78906,11.7890625
train,23,69,99.0,112.42117,13.421173
train,23,70,98.0,104.11514,6.115143
train,23,71,97.0,99.052414,2.052414
train,23,72,96.0,91.5775,-4.4225006
train,23,73,95.0,94.44769,-0.5523071
train,23,74,94.0,91.523224,-2.4767761
train,23,75,93.0,93.194046,0.19404602
train,23,76,92.0,101.12094,9.120941
train,23,77,91.0,96.67665,5.676651
train,23,78,90.0,94.99225,4.9922485
train,23,79,89.0,110.391426,21.391426
train,23,80,88.0,118.17798,30.177979
train,23,81,87.0,119.06276,32.06276
train,23,82,86.0,117.275,31.275002
train,23,83,85.0,120.85687,35.856873
train,23,84,84.0,124.230316,40.230316
train,23,85,83.0,110.46364,27.463638
train,23,86,82.0,109.18511,27.185112
train,23,87,81.0,113.36418,32.36418
train,23,88,80.0,111.19601,31.196007
train,23,89,79.0,114.81341,35.813408
train,23,90,78.0,112.93585,34.935852
train,23,91,77.0,107.413895,30.413895
train,23,92,76.0,106.1839,30.183899
train,23,93,75.0,110.97765,35.977654
train,23,94,74.0,113.92432,39.924316
train,23,95,73.0,107.18946,34.18946
train,23,96,72.0,105.7769,33.7769
train,23,97,71.0,113.31964,42.31964
train,23,98,70.0,112.72101,42.72101
train,23,99,69.0,114.51065,45.51065
train,23,100,68.0,100.46826,32.46826
train,23,101,67.0,96.18779,29.18779
train,23,102,66.0,82.11376,16.113762
train,23,103,65.0,73.12587,8.12587
train,23,104,64.0,73.16486,9.164864
train,23,105,63.0,74.52919,11.52919
train,23,106,62.0,72.08879,10.088791
train,23,107,61.0,65.49252,4.492523
train,23,108,60.0,67.54531,7.545311
train,23,109,59.0,71.2254,12.225403
train,23,110,58.0,71.54559,13.545593
train,23,111,57.0,69.36425,12.36425
train,23,112,56.0,66.10799,10.107986
train,23,113,55.0,71.57464,16.574638
train,23,114,54.0,74.56471,20.564713
train,23,115,53.0,71.99617,18.99617
train,23,116,52.0,66.026665,14.026665
train,23,117,51.0,62.984703,11.984703
train,23,118,50.0,62.386547,12.386547
train,23,119,49.0,64.59414,15.594139
train,23,120,48.0,61.36607,13.36607
train,23,121,47.0,62.212795,15.212795
train,23,122,46.0,61.559265,15.559265
train,23,123,45.0,60.251827,15.251827
train,23,124,44.0,58.97106,14.971062
train,23,125,43.0,61.048347,18.048347
train,23,126,42.0,62.12422,20.124222
train,23,127,41.0,68.51765,27.517647
train,23,128,40.0,67.99731,27.997307
train,23,129,39.0,59.417507,20.417507
train,23,130,38.0,53.250923,15.250923
train,23,131,37.0,47.20878,10.208778
train,23,132,36.0,42.2993,6.299301
train,23,133,35.0,43.55932,8.559319
train,23,134,34.0,46.53486,12.534859
train,23,135,33.0,42.165733,9.165733
train,23,136,32.0,42.76537,10.765369
train,23,137,31.0,40.228355,9.228355
train,23,138,30.0,40.58271,10.58271
train,23,139,29.0,43.18775,14.187752
train,23,140,28.0,46.945084,18.945084
train,23,141,27.0,46.157066,19.157066
train,23,142,26.0,43.845215,17.845215
train,23,143,25.0,41.526115,16.526115
train,23,144,24.0,43.477013,19.477013
train,23,145,23.0,41.41978,18.41978
train,23,146,22.0,39.14941,17.14941
train,23,147,21.0,37.886967,16.886967
train,23,148,20.0,34.552742,14.552742
train,23,149,19.0,30.803614,11.803614
train,23,150,18.0,31.412027,13.412027
train,23,151,17.0,29.474045,12.474045
train,23,152,16.0,27.124512,11.124512
train,23,153,15.0,26.20876,11.208759
train,23,154,14.0,22.278265,8.278265
train,23,155,13.0,27.259731,14.259731
train,23,156,12.0,25.885168,13.885168
train,23,157,11.0,22.871494,11.871494
train,23,158,10.0,19.420382,9.420382
train,23,159,9.0,14.628548,5.6285477
train,23,160,8.0,14.383863,6.3838634
train,23,161,7.0,10.752544,3.7525444
train,23,162,6.0,14.591753,8.591753
train,23,163,5.0,10.93906,5.93906
train,23,164,4.0,4.6637726,0.6637726
train,23,165,3.0,1.6280593,-1.3719407
train,23,166,2.0,0.28209674,-1.7179033
train,23,167,1.0,-3.2319221,-4.231922
train,23,168,0.0,-5.7209854,-5.7209854
train,24,30,117.0,134.77478,17.77478
train,24,31,116.0,136.23254,20.232544
train,24,32,115.0,139.04706,24.047058
train,24,33,114.0,133.83241,19.832413
train,24,34,113.0,132.28484,19.284836
train,24,35,112.0,132.85535,20.855347
train,24,36,111.0,132.40524,21.405243
train,24,37,110.0,135.56378,25.563782
train,24,38,109.0,134.97012,25.970123
train,24,39,108.0,136.07985,28.07985
train,24,40,107.0,133.21649,26.216492
train,24,41,106.0,128.84772,22.847717
train,24,42,105.0,127.40371,22.40371
train,24,43,104.0,123.78415,19.78415
train,24,44,103.0,127.93031,24.930313
train,24,45,102.0,131.26279,29.262787
train,24,46,101.0,123.5197,22.5197
train,24,47,100.0,114.383896,14.383896
train,24,48,99.0,112.21333,13.213333
train,24,49,98.0,121.69685,23.696854
train,24,50,97.0,122.64449,25.644493
train,24,51,96.0,120.33726,24.337257
train,24,52,95.0,120.24705,25.247047
train,24,53,94.0,108.30141,14.301407
train,24,54,93.0,113.66447,20.664467
train,24,55,92.0,119.32743,27.32743
train,24,56,91.0,111.93634,20.93634
train,24,57,90.0,110.14375,20.143753
train,24,58,89.0,107.73376,18.733757
train,24,59,88.0,107.412796,19.412796
train,24,60,87.0,104.92522,17.925217
train,24,61,86.0,99.64708,13.647079
train,24,62,85.0,102.19833,17.198334
train,24,63,84.0,95.83063,11.830627
train,24,64,83.0,93.93967,10.939667
train,24,65,82.0,90.72638,8.726379
train,24,66,81.0,91.205826,10.205826
train,24,67,80.0,101.22226,21.22226
train,24,68,79.0,106.513214,27.513214
train,24,69,78.0,100.34947,22.349472
train,24,70,77.0,88.27518,11.275177
train,24,71,76.0,84.3945,8.394501
train,24,72,75.0,95.52887,20.52887
train,24,73,74.0,101.12654,27.126541
train,24,74,73.0,96.48328,23.483276
train,24,75,72.0,91.875244,19.875244
train,24,76,71.0,86.07529,15.075287
train,24,77,70.0,84.13197,14.131973
train,24,78,69.0,86.98535,17.985352
train,24,79,68.0,99.05727,31.057266
train,24,80,67.0,93.057945,26.057945
train,24,81,66.0,104.35945,38.35945
train,24,82,65.0,104.26696,39.26696
train,24,83,64.0,97.67006,33.67006
train,24,84,63.0,101.02901,38.029007
train,24,85,62.0,101.89144,39.89144
train,24,86,61.0,105.536674,44.536674
train,24,87,60.0,101.3493,41.349297
train,24,88,59.0,87.882065,28.882065
train,24,89,58.0,99.12601,41.126007
train,24,90,57.0,100.14644,43.14644
train,24,91,56.0,90.72818,34.72818
train,24,92,55.0,93.0731,38.073097
train,24,93,54.0,100.55211,46.55211
train,24,94,53.0,102.9785,49.9785
train,24,95,52.0,97.42616,45.426163
train,24,96,51.0,94.832306,43.832306
train,24,97,50.0,89.738045,39.738045
train,24,98,49.0,81.26226,32.26226
train,24,99,48.0,75.2969,27.296898
train,24,100,47.0,73.19364,26.193642
train,24,101,46.0,65.58575,19.585747
train,24,102,45.0,74.74861,29.748611
train,24,103,44.0,74.11032,30.110321
train,24,104,43.0,67.972626,24.972626
train,24,105,42.0,63.42892,21.42892
train,24,106,41.0,63.411118,22.411118
train,24,107,40.0,53.587944,13.587944
train,24,108,39.0,60.670456,21.670456
train,24,109,38.0,62.642075,24.642075
train,24,110,37.0,55.183365,18.183365
train,24,111,36.0,56.44029,20.440289
train,24,112,35.0,60.639893,25.639893
train,24,113,34.0,53.89624,19.89624
train,24,114,33.0,55.146233,22.146233
train,24,115,32.0,57.457245,25.457245
train,24,116,31.0,53.751297,22.751297
train,24,117,30.0,44.863968,14.863968
train,24,118,29.0,35.421375,6.4213753
train,24,119,28.0,40.706566,12.706566
train,24,120,27.0,37.545494,10.545494
train,24,121,26.0,41.719616,15.719616
train,24,122,25.0,41.438644,16.438644
train,24,123,24.0,41.63939,17.639389
train,24,124,23.0,50.754314,27.754314
train,24,125,22.0,48.77047,26.77047
train,24,126,21.0,43.736908,22.736908
train,24,127,20.0,35.491634,15.491634
train,24,128,19.0,31.023008,12.023008
train,24,129,18.0,24.399914,6.399914
train,24,130,17.0,23.399532,6.3995323
train,24,131,16.0,23.182579,7.182579
train,24,132,15.0,27.775723,12.7757225
train,24,133,14.0,20.548248,6.5482483
train,24,134,13.0,16.816185,3.816185
train,24,135,12.0,11.79961,-0.20038986
train,24,136,11.0,8.297813,-2.7021866
train,24,137,10.0,1.1794451,-8.820555
train,24,138,9.0,2.0898418,-6.910158
train,24,139,8.0,-4.438732,-12.438732
train,24,140,7.0,-3.3974304,-10.39743
train,24,141,6.0,-12.586266,-18.586266
train,24,142,5.0,-17.185017,-22.185017
train,24,143,4.0,-25.275745,-29.275745
train,24,144,3.0,-28.100159,-31.100159
train,24,145,2.0,-30.235594,-32.235596
train,24,146,1.0,-34.28766,-35.28766
train,24,147,0.0,-39.771736,-39.771736
train,27,30,126.0,155.47122,29.471222
train,27,31,125.0,151.60422,26.604218
train,27,32,124.0,152.57614,28.576141
train,27,33,123.0,146.56567,23.565674
train,27,34,122.0,150.70763,28.707626
train,27,35,121.0,152.1539,31.1539
train,27,36,120.0,147.25822,27.258224
train,27,37,119.0,152.69467,33.69467
train,27,38,118.0,156.4346,38.4346
train,27,39,117.0,158.85745,41.857452
train,27,40,116.0,144.8391,28.839096
train,27,41,115.0,136.78973,21.789734
train,27,42,114.0,136.2876,22.287598
train,27,43,113.0,118.43648,5.4364777
train,27,44,112.0,118.96222,6.962219
train,27,45,111.0,109.494934,-1.5050659
train,27,46,110.0,107.28204,-2.7179565
train,27,47,109.0,105.754364,-3.245636
train,27,48,108.0,96.27095,-11.72905
train,27,49,107.0,93.74153,-13.258469
train,27,50,106.0,78.47444,-27.525558
train,27,51,105.0,83.070076,-21.929924
train,27,52,104.0,60.79024,-43.20976
train,27,53,103.0,58.88852,-44.11148
train,27,54,102.0,48.859184,-53.140816
train,27,55,101.0,57.037926,-43.962074
train,27,56,100.0,59.10599,-40.89401
train,27,57,99.0,51.86934,-47.13066
train,27,58,98.0,53.47209,-44.52791
train,27,59,97.0,51.641277,-45.358723
train,27,60,96.0,39.989864,-56.010136
train,27,61,95.0,35.064224,-59.935776
train,27,62,94.0,31.17128,-62.82872
train,27,63,93.0,36.563168,-56.436832
train,27,64,92.0,36.611862,-55.388138
train,27,65,91.0,42.54761,-48.45239
train,27,66,90.0,43.767822,-46.232178
train,27,67,89.0,48.852573,-40.147427
train,27,68,88.0,53.5745,-34.4255
train,27,69,87.0,55.192245,-31.807755
train,27,70,86.0,56.32311,-29.676891
train,27,71,85.0,57.684658,-27.315342
train,27,72,84.0,53.5884,-30.411598
train,27,73,83.0,58.988605,-24.011395
train,27,74,82.0,53.213387,-28.786613
train,27,75,81.0,57.230797,-23.769203
train,27,76,80.0,58.956177,-21.043823
train,27,77,79.0,60.605118,-18.394882
train,27,78,78.0,54.581116,-23.418884
train,27,79,77.0,51.00088,-25.999119
train,27,80,76.0,50.482025,-25.517975
train,27,81,75.0,52.186527,-22.813473
train,27,82,74.0,98.84265,24.842651
train,27,83,73.0,93.32396,20.32396
train,27,84,72.0,80.38573,8.385727
train,27,85,71.0,77.897446,6.8974457
train,27,86,70.0,76.3837,6.3836975
train,27,87,69.0,68.65201,-0.34799194
train,27,88,68.0,67.171265,-0.82873535
train,27,89,67.0,63.82435,-3.1756516
train,27,90,66.0,54.575817,-11.424183
train,27,91,65.0,49.780777,-15.219223
train,27,92,64.0,48.819603,-15.180397
train,27,93,63.0,46.625706,-16.374294
train,27,94,62.0,47.830807,-14.169193
train,27,95,61.0,49.417618,-11.582382
train,27,96,60.0,48.006832,-11.993168
train,27,97,59.0,44.253628,-14.746372
train,27,98,58.0,46.302525,-11.697475
train,27,99,57.0,45.440304,-11.559696
train,27,100,56.0,49.078026,-6.921974
train,27,101,55.0,49.450516,-5.5494843
train,27,102,54.0,50.333435,-3.666565
train,27,103,53.0,47.800835,-5.1991653
train,27,104,52.0,46.74416,-5.2558403
train,27,105,51.0,49.33226,-1.6677399
train,27,106,50.0,48.18987,-1.8101311
train,27,107,49.0,50.52209,1.5220909
train,27,108,48.0,48.04908,0.049079895
train,27,109,47.0,50.368324,3.3683243
train,27,110,46.0,46.984642,0.984642
train,27,111,45.0,49.71912,4.71912
train,27,112,44.0,51.72651,7.726509
train,27,113,43.0,53.312798,10.312798
train,27,114,42.0,54.12567,12.125671
train,27,115,41.0,51.84101,10.841011
train,27,116,40.0,50.022705,10.022705
train,27,117,39.0,46.224884,7.224884
train,27,118,38.0,46.60354,8.6035385
train,27,119,37.0,49.74543,12.74543
train,27,120,36.0,55.65089,19.65089
train,27,121,35.0,53.98748,18.98748
train,27,122,34.0,50.221573,16.221573
train,27,123,33.0,48.629288,15.629288
train,27,124,32.0,49.42096,17.42096
train,27,125,31.0,54.234,23.234001
train,27,126,30.0,49.47742,19.47742
train,27,127,29.0,47.138435,18.138435
train,27,128,28.0,44.73265,16.73265
train,27,129,27.0,44.162846,17.162846
train,27,130,26.0,39.577805,13.577805
train,27,131,25.0,41.940163,16.940163
train,27,132,24.0,39.73419,15.734192
train,27,133,23.0,37.669407,14.669407
train,27,134,22.0,37.259094,15.259094
train,27,135,21.0,35.9616,14.961601
train,27,136,20.0,38.975544,18.975544
train,27,137,19.0,34.66569,15.665691
train,27,138,18.0,30.76183,12.761829
train,27,139,17.0,28.585327,11.585327
train,27,140,16.0,30.59778,14.59778
train,27,141,15.0,27.448536,12.448536
train,27,142,14.0,23.32264,9.322639
train,27,143,13.0,16.350506,3.3505058
train,27,144,12.0,15.217136,3.2171364
train,27,145,11.0,12.808524,1.8085241
train,27,146,10.0,10.573739,0.57373905
train,27,147,9.0,4.7334785,-4.2665215
train,27,148,8.0,1.4422706,-6.5577292
train,27,149,7.0,1.391816,-5.608184
train,27,150,6.0,-3.7408638,-9.740864
train,27,151,5.0,-6.40847,-11.40847
train,27,152,4.0,-6.4591923,-10.459192
train,27,153,3.0,-9.092378,-12.092378
train,27,154,2.0,-9.800945,-11.800945
train,27,155,1.0,-7.9953547,-8.995355
train,27,156,0.0,-11.433684,-11.433684
train,29,30,133.0,117.92541,-15.074593
train,29,31,132.0,125.61545,-6.384552
train,29,32,131.0,119.367966,-11.632034
train,29,33,130.0,112.89273,-17.10727
train,29,34,129.0,117.95047,-11.04953
train,29,35,128.0,123.10317,-4.8968277
train,29,36,127.0,122.95444,-4.0455627
train,29,37,126.0,127.281235,1.2812347
train,29,38,125.0,129.37265,4.37265
train,29,39,124.0,122.71546,-1.2845383
train,29,40,123.0,126.92485,3.9248505
train,29,41,122.0,128.88019,6.880188
train,29,42,121.0,122.643524,1.6435242
train,29,43,120.0,122.08524,2.0852432
train,29,44,119.0,132.0796,13.079605
train,29,45,118.0,123.86339,5.863388
train,29,46,117.0,133.37376,16.373764
train,29,47,116.0,119.79085,3.7908478
train,29,48,115.0,124.76138,9.761383
train,29,49,114.0,130.10216,16.102158
train,29,50,113.0,127.327286,14.327286
train,29,51,112.0,134.95544,22.955444
train,29,52,111.0,136.51396,25.513962
train,29,53,110.0,128.1517,18.151703
train,29,54,109.0,121.69563,12.695633
train,29,55,108.0,113.42659,5.42659
train,29,56,107.0,105.38045,-1.6195526
train,29,57,106.0,108.40809,2.4080887
train,29,58,105.0,107.27929,2.2792892
train,29,59,104.0,109.04317,5.043167
train,29,60,103.0,106.05543,3.0554276
train,29,61,102.0,109.22539,7.2253876
train,29,62,101.0,102.19455,1.1945496
train,29,63,100.0,98.2134,-1.7865982
train,29,64,99.0,103.7697,4.769699
train,29,65,98.0,113.08055,15.080551
train,29,66,97.0,110.00054,13.000542
train,29,67,96.0,109.63655,13.636551
train,29,68,95.0,98.03015,3.0301514
train,29,69,94.0,93.46958,-0.5304184
train,29,70,93.0,99.933266,6.9332657
train,29,71,92.0,91.778786,-0.2212143
train,29,72,91.0,97.61901,6.619011
train,29,73,90.0,98.5327,8.5327
train,29,74,89.0,104.151184,15.151184
train,29,75,88.0,97.2439,9.2438965
train,29,76,87.0,96.07002,9.070023
train,29,77,86.0,93.383484,7.383484
train,29,78,85.0,89.42228,4.4222794
train,29,79,84.0,85.87669,1.8766937
train,29,80,83.0,104.256996,21.256996
train,29,81,82.0,101.157555,19.157555
train,29,82,81.0,96.09481,15.0948105
train,29,83,80.0,97.62452,17.62452
train,29,84,79.0,103.63904,24.639038
train,29,85,78.0,98.74666,20.746658
train,29,86,77.0,85.99821,8.998207
train,29,87,76.0,93.24089,17.24089
train,29,88,75.0,94.00139,19.001389
train,29,89,74.0,93.05775,19.057747
train,29,90,73.0,91.94416,18.94416
train,29,91,72.0,93.22676,21.22676
train,29,92,71.0,93.330505,22.330505
train,29,93,70.0,85.265076,15.265076
train,29,94,69.0,87.76539,18.765388
train,29,95,68.0,96.509186,28.509186
train,29,96,67.0,99.33093,32.330933
train,29,97,66.0,93.19391,27.193909
train,29,98,65.0,76.67229,11.672287
train,29,99,64.0,73.52746,9.527458
train,29,100,63.0,84.94184,21.941841
train,29,101,62.0,77.015724,15.015724
train,29,102,61.0,73.210205,12.210205
train,29,103,60.0,90.39775,30.39775
train,29,104,59.0,84.60011,25.600113
train,29,105,58.0,79.7049,21.704903
train,29,106,57.0,80.73483,23.734833
train,29,107,56.0,83.28468,27.284683
train,29,108,55.0,76.34956,21.349564
train,29,109,54.0,75.79247,21.792473
train,29,110,53.0,82.422935,29.422935
train,29,111,52.0,77.5334,25.533401
train,29,112,51.0,75.736336,24.736336
train,29,113,50.0,76.81184,26.811836
train,29,114,49.0,77.269135,28.269135
train,29,115,48.0,76.010025,28.010025
train,29,116,47.0,72.42963,25.429626
train,29,117,46.0,71.572464,25.572464
train,29,118,45.0,72.30091,27.30091
train,29,119,44.0,69.86391,25.863907
train,29,120,43.0,64.29574,21.295738
train,29,121,42.0,63.314754,21.314754
train,29,122,41.0,65.58216,24.58216
train,29,123,40.0,63.3478,23.347801
train,29,124,39.0,59.557808,20.557808
train,29,125,38.0,61.347664,23.347664
train,29,126,37.0,62.11795,25.11795
train,29,127,36.0,59.288696,23.288696
train,29,128,35.0,54.566307,19.566307
train,29,129,34.0,55.71837,21.718369
train,29,130,33.0,56.86762,23.867619
train,29,131,32.0,55.155067,23.155067
train,29,132,31.0,50.371,19.370998
train,29,133,30.0,53.609684,23.609684
train,29,134,29.0,48.737755,19.737755
train,29,135,28.0,41.77294,13.772942
train,29,136,27.0,40.805275,13.805275
train,29,137,26.0,44.34483,18.34483
train,29,138,25.0,36.77098,11.770981
train,29,139,24.0,35.120262,11.120262
train,29,140,23.0,35.92299,12.922989
train,29,141,22.0,31.326809,9.326809
train,29,142,21.0,31.993654,10.993654
train,29,143,20.0,30.610006,10.610006
train,29,144,19.0,26.8059,7.8059006
train,29,145,18.0,21.322039,3.3220387
train,29,146,17.0,20.781103,3.7811031
train,29,147,16.0,21.268812,5.268812
train,29,148,15.0,21.95312,6.9531193
train,29,149,14.0,19.738626,5.7386265
train,29,150,13.0,10.959311,-2.0406895
train,29,151,12.0,7.1824303,-4.8175697
train,29,152,11.0,5.6292686,-5.3707314
train,29,153,10.0,4.6520634,-5.3479366
train,29,154,9.0,-4.7499123,-13.749912
train,29,155,8.0,-6.959139,-14.959139
train,29,156,7.0,-8.988131,-15.988131
train,29,157,6.0,-6.2694206,-12.269421
train,29,158,5.0,-6.304394,-11.304394
train,29,159,4.0,-6.9601746,-10.960175
train,29,160,3.0,-11.627132,-14.627132
train,29,161,2.0,-16.455097,-18.455097
train,29,162,1.0,-17.045712,-18.045712
train,29,163,0.0,-20.429276,-20.429276
train,30,30,164.0,210.6175,46.617493
train,30,31,163.0,200.85034,37.85034
train,30,32,162.0,202.04015,40.040146
train,30,33,161.0,191.52762,30.527618
train,30,34,160.0,182.28317,22.283173
train,30,35,159.0,188.78366,29.78366
train,30,36,158.0,187.1081,29.108093
train,30,37,157.0,186.75371,29.753708
train,30,38,156.0,182.62627,26.626266
train,30,39,155.0,187.22484,32.22484
train,30,40,154.0,176.49707,22.49707
train,30,41,153.0,184.47774,31.477737
train,30,42,152.0,174.02185,22.02185
train,30,43,151.0,171.1996,20.1996
train,30,44,150.0,168.24146,18.241455
train,30,45,149.0,171.21971,22.219711
train,30,46,148.0,172.58032,24.580322
train,30,47,147.0,180.3454,33.345398
train,30,48,146.0,176.34866,30.348663
train,30,49,145.0,170.4699,25.469894
train,30,50,144.0,167.60187,23.601868
train,30,51,143.0,172.00638,29.006378
train,30,52,142.0,177.58728,35.58728
train,30,53,141.0,187.00943,46.00943
train,30,54,140.0,184.72491,44.724915
train,30,55,139.0,191.77951,52.77951
train,30,56,138.0,185.51898,47.518982
train,30,57,137.0,188.59648,51.59648
train,30,58,136.0,187.75308,51.753082
train,30,59,135.0,181.84161,46.841614
train,30,60,134.0,188.54065,54.54065
train,30,61,133.0,188.77872,55.778717
train,30,62,132.0,198.93933,66.93933
train,30,63,131.0,195.32571,64.325714
train,30,64,130.0,193.19838,63.19838
train,30,65,129.0,183.42725,54.427246
train,30,66,128.0,180.58093,52.580933
train,30,67,127.0,176.22559,49.225586
train,30,68,126.0,179.5134,53.513397
train,30,69,125.0,175.65164,50.65164
train,30,70,124.0,167.75204,43.752045
train,30,71,123.0,168.3458,45.345795
train,30,72,122.0,165.13792,43.137924
train,30,73,121.0,165.21631,44.21631
train,30,74,120.0,160.89684,40.896835
train,30,75,119.0,148.89307,29.893066
train,30,76,118.0,151.01483,33.01483
train,30,77,117.0,152.8469,35.846893
train,30,78,116.0,159.34447,43.344467
train,30,79,115.0,159.26604,44.266037
train,30,80,114.0,156.07338,42.07338
train,30,81,113.0,152.1934,39.193405
train,30,82,112.0,155.53345,43.533447
train,30,83,111.0,157.8971,46.897095
train,30,84,110.0,160.51459,50.514587
train,30,85,109.0,157.52548,48.525482
train,30,86,108.0,160.07242,52.07242
train,30,87,107.0,166.47339,59.47339
train,30,88,106.0,176.37717,70.37717
train,30,89,105.0,168.57227,63.572266
train,30,90,104.0,167.50575,63.505753
train,30,91,103.0,165.4065,62.406494
train,30,92,102.0,158.31982,56.319824
train,30,93,101.0,161.02773,60.027725
train,30,94,100.0,160.76428,60.764282
train,30,95,99.0,155.63052,56.630524
train,30,96,98.0,146.93082,48.930817
train,30,97,97.0,139.37802,42.37802
train,30,98,96.0,133.1466,37.146606
train,30,99,95.0,126.49223,31.492233
train,30,100,94.0,118.43663,24.43663
train,30,101,93.0,120.44016,27.440163
train,30,102,92.0,125.75545,33.755447
train,30,103,91.0,125.78653,34.78653
train,30,104,90.0,125.14319,35.14319
train,30,105,89.0,122.36362,33.363617
train,30,106,88.0,115.06717,27.06717
train,30,107,87.0,112.94058,25.940582
train,30,108,86.0,110.03291,24.032913
train,30,109,85.0,105.54266,20.542664
train,30,110,84.0,100.30284,16.302841
train,30,111,83.0,91.33182,8.331818
train,30,112,82.0,109.21059,27.210587
train,30,113,81.0,109.42379,28.42379
train,30,114,80.0,109.39618,29.39618
train,30,115,79.0,113.3636,34.3636
train,30,116,78.0,117.241974,39.241974
train,30,117,77.0,114.47471,37.47471
train,30,118,76.0,139.42474,63.424744
train,30,119,75.0,149.88367,74.88367
train,30,120,74.0,142.96497,68.964966
train,30,121,73.0,158.00629,85.00629
train,30,122,72.0,143.09503,71.09503
train,30,123,71.0,142.81723,71.81723
train,30,124,70.0,143.90964,73.90964
train,30,125,69.0,140.5058,71.5058
train,30,126,68.0,144.99854,76.998535
train,30,127,67.0,137.6167,70.6167
train,30,128,66.0,136.84497,70.84497
train,30,129,65.0,125.42892,60.428917
train,30,130,64.0,117.14063,53.140633
train,30,131,63.0,113.34278,50.34278
train,30,132,62.0,122.36662,60.366623
train,30,133,61.0,114.46323,53.463226
train,30,134,60.0,110.93467,50.93467
train,30,135,59.0,112.744354,53.744354
train,30,136,58.0,103.08618,45.08618
train,30,137,57.0,103.60475,46.60475
train,30,138,56.0,91.13443,35.13443
train,30,139,55.0,79.06614,24.06614
train,30,140,54.0,77.11589,23.11589
train,30,141,53.0,70.72853,17.72853
train,30,142,52.0,59.925617,7.925617
train,30,143,51.0,63.37934,12.379341
train,30,144,50.0,63.396847,13.396847
train,30,145,49.0,59.64764,10.64764
train,30,146,48.0,56.207054,8.207054
train,30,147,47.0,48.27139,1.271389
train,30,148,46.0,38.476868,-7.5231323
train,30,149,45.0,50.257275,5.2572746
train,30,150,44.0,44.047108,0.047107697
train,30,151,43.0,36.161964,-6.8380356
train,30,152,42.0,28.922966,-13.077034
train,30,153,41.0,23.766756,-17.233244
train,30,154,40.0,18.801373,-21.198627
train,30,155,39.0,21.931425,-17.068575
train,30,156,38.0,23.48318,-14.516821
train,30,157,37.0,21.13742,-15.862579
train,30,158,36.0,23.138184,-12.861816
train,30,159,35.0,22.160776,-12.839224
train,30,160,34.0,21.037455,-12.962545
train,30,161,33.0,18.057661,-14.942339
train,30,162,32.0,26.53921,-5.4607906
train,30,163,31.0,25.634836,-5.365164
train,30,164,30.0,21.863781,-8.136219
train,30,165,29.0,25.51502,-3.4849796
train,30,166,28.0,28.687325,0.6873245
train,30,167,27.0,34.948936,7.9489365
train,30,168,26.0,29.516354,3.5163536
train,30,169,25.0,24.817068,-0.1829319
train,30,170,24.0,29.776888,5.776888
train,30,171,23.0,30.882229,7.882229
train,30,172,22.0,32.40361,10.40361
train,30,173,21.0,31.880703,10.880703
train,30,174,20.0,25.014675,5.014675
train,30,175,19.0,20.917381,1.9173813
train,30,176,18.0,16.416895,-1.5831051
train,30,177,17.0,17.246357,0.24635696
train,30,178,16.0,14.619272,-1.3807278
train,30,179,15.0,18.844116,3.8441162
train,30,180,14.0,12.210823,-1.789177
train,30,181,13.0,12.779575,-0.22042465
train,30,182,12.0,6.9282703,-5.0717297
train,30,183,11.0,6.181488,-4.818512
train,30,184,10.0,2.1631775,-7.8368225
train,30,185,9.0,0.3700446,-8.629955
train,30,186,8.0,-0.32321942,-8.323219
train,30,187,7.0,-11.018377,-18.018377
train,30,188,6.0,-12.374741,-18.37474
train,30,189,5.0,-14.606346,-19.606346
train,30,190,4.0,-18.008762,-22.008762
train,30,191,3.0,-17.783438,-20.783438
train,30,192,2.0,-17.41126,-19.41126
train,30,193,1.0,-28.568396,-29.568396
train,30,194,0.0,-36.928047,-36.928047
train,31,30,204.0,173.633,-30.367004
train,31,31,203.0,171.833,-31.167007
train,31,32,202.0,159.47992,-42.52008
train,31,33,201.0,158.57684,-42.423157
train,31,34,200.0,164.72693,-35.27307
train,31,35,199.0,160.44553,-38.554474
train,31,36,198.0,161.3028,-36.697205
train,31,37,197.0,166.05869,-30.941315
train,31,38,196.0,177.85971,-18.14029
train,31,39,195.0,179.75804,-15.241959
train,31,40,194.0,182.2207,-11.779297
train,31,41,193.0,182.04333,-10.956665
train,31,42,192.0,184.35828,-7.6417236
train,31,43,191.0,185.12608,-5.8739166
train,31,44,190.0,190.1304,0.13040161
train,31,45,189.0,193.52338,4.5233765
train,31,46,188.0,196.0977,8.097702
train,31,47,187.0,201.00662,14.006622
train,31,48,186.0,204.45297,18.452972
train,31,49,185.0,203.60487,18.604874
train,31,50,184.0,199.41232,15.412323
train,31,51,183.0,190.3592,7.359207
train,31,52,182.0,194.53609,12.536087
train,31,53,181.0,186.73747,5.7374725
train,31,54,180.0,191.39355,11.393555
train,31,55,179.0,188.97256,9.972565
train,31,56,178.0,191.1322,13.132202
train,31,57,177.0,197.42848,20.428482
train,31,58,176.0,193.75803,17.758026
train,31,59,175.0,192.31233,17.312332
train,31,60,174.0,188.05675,14.056747
train,31,61,173.0,191.26147,18.261475
train,31,62,172.0,183.28871,11.288712
train,31,63,171.0,172.98961,1.9896088
train,31,64,170.0,173.99365,3.9936523
train,31,65,169.0,169.99048,0.9904785
train,31,66,168.0,165.08107,-2.91893
train,31,67,167.0,163.93451,-3.0654907
train,31,68,166.0,157.55905,-8.4409485
train,31,69,165.0,156.29399,-8.706009
train,31,70,164.0,156.40512,-7.594879
train,31,71,163.0,150.82288,-12.177124
train,31,72,162.0,151.93054,-10.069458
train,31,73,161.0,152.97968,-8.020325
train,31,74,160.0,151.2115,-8.788498
train,31,75,159.0,148.08481,-10.915192
train,31,76,158.0,144.76717,-13.232834
train,31,77,157.0,137.64682,-19.35318
train,31,78,156.0,140.15237,-15.847626
train,31,79,155.0,145.60286,-9.3971405
train,31,80,154.0,137.76318,-16.236816
train,31,81,153.0,131.85782,-21.142181
train,31,82,152.0,134.7688,-17.231201
train,31,83,151.0,133.0232,-17.976807
train,31,84,150.0,135.47816,-14.521835
train,31,85,149.0,140.70207,-8.297928
train,31,86,148.0,144.01625,-3.9837494
train,31,87,147.0,143.32977,-3.670227
train,31,88,146.0,143.69742,-2.3025818
train,31,89,145.0,143.05411,-1.9458923
train,31,90,144.0,145.63142,1.631424
train,31,91,143.0,137.94821,-5.0517883
train,31,92,142.0,141.63919,-0.36080933
train,31,93,141.0,143.8037,2.8036957
train,31,94,140.0,144.3341,4.3341064
train,31,95,139.0,145.048,6.048004
train,31,96,138.0,142.24512,4.245117
train,31,97,137.0,138.98679,1.9867859
train,31,98,136.0,143.29338,7.2933807
train,31,99,135.0,141.91537,6.9153748
train,31,100,134.0,143.79184,9.79184
train,31,101,133.0,136.64487,3.644867
train,31,102,132.0,133.99913,1.9991302
train,31,103,131.0,137.42776,6.427765
train,31,104,130.0,145.38155,15.381546
train,31,105,129.0,151.26013,22.260132
train,31,106,128.0,148.3082,20.308197
train,31,107,127.0,151.00867,24.008667
train,31,108,126.0,148.43022,22.430222
train,31,109,125.0,146.6067,21.606705
train,31,110,124.0,147.18271,23.182709
train,31,111,123.0,134.27304,11.273041
train,31,112,122.0,131.66748,9.66748
train,31,113,121.0,132.02979,11.029785
train,31,114,120.0,134.29907,14.299072
train,31,115,119.0,131.31848,12.318481
train,31,116,118.0,129.71193,11.711929
train,31,117,117.0,127.28291,10.282913
train,31,118,116.0,129.45596,13.455963
train,31,119,115.0,127.72075,12.720749
train,31,120,114.0,129.79675,15.796753
train,31,121,113.0,131.3878,18.387802
train,31,122,112.0,122.841095,10.841095
train,31,123,111.0,126.07184,15.071838
train,31,124,110.0,116.988495,6.988495
train,31,125,109.0,103.999374,-5.0006256
train,31,126,108.0,107.229004,-0.7709961
train,31,127,107.0,101.36521,-5.6347885
train,31,128,106.0,106.17737,0.17736816
train,31,129,105.0,113.50688,8.506882
train,31,130,104.0,115.82297,11.822968
train,31,131,103.0,105.009514,2.0095139
train,31,132,102.0,98.57901,-3.42099
train,31,133,101.0,99.5979,-1.4020996
train,31,134,100.0,92.9108,-7.089203
train,31,135,99.0,91.67634,-7.323662
train,31,136,98.0,87.173706,-10.826294
train,31,137,97.0,89.42798,-7.5720215
train,31,138,96.0,89.90878,-6.091217
train,31,139,95.0,89.60893,-5.3910675
train,31,140,94.0,87.07709,-6.9229126
train,31,141,93.0,81.978134,-11.021866
train,31,142,92.0,87.93568,-4.0643234
train,31,143,91.0,92.17878,1.1787796
train,31,144,90.0,101.03903,11.039032
train,31,145,89.0,91.81575,2.8157501
train,31,146,88.0,86.93805,-1.0619507
train,31,147,87.0,77.88434,-9.115662
train,31,148,86.0,69.843346,-16.156654
train,31,149,85.0,72.50533,-12.494667
train,31,150,84.0,73.47212,-10.527878
train,31,151,83.0,75.583084,-7.416916
train,31,152,82.0,73.0744,-8.925598
train,31,153,81.0,72.328156,-8.6718445
train,31,154,80.0,72.70934,-7.290657
train,31,155,79.0,67.701035,-11.298965
train,31,156,78.0,64.725494,-13.274506
train,31,157,77.0,56.57346,-20.42654
train,31,158,76.0,52.23854,-23.76146
train,31,159,75.0,43.658466,-31.341534
train,31,160,74.0,58.999565,-15.000435
train,31,161,73.0,53.33107,-19.66893
train,31,162,72.0,64.06153,-7.938469
train,31,163,71.0,63.846317,-7.1536827
train,31,164,70.0,67.83774,-2.162262
train,31,165,69.0,65.65859,-3.3414078
train,31,166,68.0,57.03454,-10.965462
train,31,167,67.0,48.351616,-18.648384
train,31,168,66.0,50.818604,-15.1813965
train,31,169,65.0,50.86557,-14.13443
train,31,170,64.0,51.816994,-12.183006
train,31,171,63.0,47.331444,-15.668556
train,31,172,62.0,42.375557,-19.624443
train,31,173,61.0,48.987724,-12.012276
train,31,174,60.0,44.220116,-15.779884
train,31,175,59.0,35.81701,-23.182991
train,31,176,58.0,31.256008,-26.743992
train,31,177,57.0,27.377705,-29.622295
train,31,178,56.0,22.480316,-33.519684
train,31,179,55.0,18.972872,-36.02713
train,31,180,54.0,28.512287,-25.487713
train,31,181,53.0,61.797035,8.797035
train,31,182,52.0,58.503815,6.5038147
train,31,183,51.0,70.195526,19.195526
train,31,184,50.0,66.45394,16.453941
train,31,185,49.0,65.49226,16.492264
train,31,186,48.0,61.417152,13.417152
train,31,187,47.0,61.43565,14.43565
train,31,188,46.0,57.940292,11.940292
train,31,189,45.0,52.73864,7.73864
train,31,190,44.0,49.412155,5.412155
train,31,191,43.0,45.360016,2.3600159
train,31,192,42.0,49.64482,7.644821
train,31,193,41.0,50.542656,9.542656
train,31,194,40.0,48.527966,8.527966
train,31,195,39.0,49.04994,10.049938
train,31,196,38.0,48.9225,10.922501
train,31,197,37.0,40.11498,3.1149788
train,31,198,36.0,45.043694,9.043694
train,31,199,35.0,44.633556,9.633556
train,31,200,34.0,37.382156,3.3821564
train,31,201,33.0,34.80114,1.8011398
train,31,202,32.0,35.119583,3.1195831
train,31,203,31.0,32.77816,1.7781601
train,31,204,30.0,33.208786,3.208786
train,31,205,29.0,30.060293,1.0602932
train,31,206,28.0,23.922112,-4.0778885
train,31,207,27.0,20.259737,-6.740263
train,31,208,26.0,24.710142,-1.2898579
train,31,209,25.0,22.63659,-2.363411
train,31,210,24.0,30.51464,6.514641
train,31,211,23.0,24.014353,1.0143528
train,31,212,22.0,20.18908,-1.8109207
train,31,213,21.0,25.479378,4.4793777
train,31,214,20.0,21.325174,1.3251743
train,31,215,19.0,19.51507,0.51506996
train,31,216,18.0,20.311146,2.3111458
train,31,217,17.0,23.324034,6.3240337
train,31,218,16.0,23.059048,7.0590477
train,31,219,15.0,22.289347,7.2893467
train,31,220,14.0,16.10355,2.10355
train,31,221,13.0,11.003279,-1.9967213
train,31,222,12.0,14.545083,2.545083
train,31,223,11.0,17.946135,6.9461346
train,31,224,10.0,11.717077,1.7170773
train,31,225,9.0,17.619755,8.619755
train,31,226,8.0,18.375818,10.375818
train,31,227,7.0,15.524715,8.524715
train,31,228,6.0,13.302166,7.302166
train,31,229,5.0,3.892292,-1.107708
train,31,230,4.0,4.7201576,0.7201576
train,31,231,3.0,-4.0730705,-7.0730705
train,31,232,2.0,-3.4304314,-5.4304314
train,31,233,1.0,-7.6725235,-8.6725235
train,31,234,0.0,-8.801998,-8.801998
train,32,30,161.0,159.24117,-1.7588348
train,32,31,160.0,152.87936,-7.120636
train,32,32,159.0,147.89664,-11.103363
train,32,33,158.0,157.55928,-0.4407196
train,32,34,157.0,159.87253,2.872528
train,32,35,156.0,160.06003,4.060028
train,32,36,155.0,171.29333,16.293335
train,32,37,154.0,155.92917,1.9291687
train,32,38,153.0,144.15042,-8.849579
train,32,39,152.0,148.3232,-3.6768036
train,32,40,151.0,144.79645,-6.2035522
train,32,41,150.0,143.99544,-6.0045624
train,32,42,149.0,142.87268,-6.1273193
train,32,43,148.0,133.34915,-14.650848
train,32,44,147.0,128.1118,-18.888199
train,32,45,146.0,131.47472,-14.525284
train,32,46,145.0,139.14441,-5.855591
train,32,47,144.0,136.73335,-7.2666473
train,32,48,143.0,144.48497,1.4849701
train,32,49,142.0,141.4703,-0.5296936
train,32,50,141.0,144.70976,3.7097626
train,32,51,140.0,149.63716,9.637161
train,32,52,139.0,144.14641,5.146408
train,32,53,138.0,133.9236,-4.0764008
train,32,54,137.0,138.58542,1.5854187
train,32,55,136.0,144.20618,8.206177
train,32,56,135.0,144.69441,9.694412
train,32,57,134.0,141.66743,7.6674347
train,32,58,133.0,137.49887,4.498871
train,32,59,132.0,123.8893,-8.1107025
train,32,60,131.0,123.79996,-7.2000427
train,32,61,130.0,133.64388,3.6438751
train,32,62,129.0,127.2877,-1.7123032
train,32,63,128.0,133.152,5.151993
train,32,64,127.0,123.34068,-3.659317
train,32,65,126.0,122.94576,-3.0542374
train,32,66,125.0,111.118,-13.882004
train,32,67,124.0,103.5082,-20.491798
train,32,68,123.0,99.11552,-23.884483
train,32,69,122.0,101.92493,-20.075073
train,32,70,121.0,113.61702,-7.3829803
train,32,71,120.0,127.31784,7.3178406
train,32,72,119.0,122.01088,3.0108795
train,32,73,118.0,120.89072,2.8907166
train,32,74,117.0,131.46391,14.463913
train,32,75,116.0,131.92398,15.923981
train,32,76,115.0,138.6595,23.6595
train,32,77,114.0,145.80492,31.804916
train,32,78,113.0,143.71762,30.71762
train,32,79,112.0,132.9984,20.998398
train,32,80,111.0,127.93544,16.93544
train,32,81,110.0,133.07959,23.07959
train,32,82,109.0,131.37898,22.378983
train,32,83,108.0,132.52328,24.523285
train,32,84,107.0,134.85855,27.858551
train,32,85,106.0,132.67697,26.676971
train,32,86,105.0,123.6367,18.636703
train,32,87,104.0,129.98212,25.982117
train,32,88,103.0,111.246666,8.246666
train,32,89,102.0,105.11058,3.1105804
train,32,90,101.0,119.48903,18.489029
train,32,91,100.0,118.052895,18.052895
train,32,92,99.0,120.07271,21.072708
train,32,93,98.0,111.60439,13.604393
train,32,94,97.0,114.67052,17.670517
train,32,95,96.0,102.53795,6.5379486
train,32,96,95.0,87.25047,-7.749527
train,32,97,94.0,83.46385,-10.536148
train,32,98,93.0,75.5044,-17.495598
train,32,99,92.0,82.96967,-9.030327
train,32,100,91.0,87.033005,-3.9669952
train,32,101,90.0,91.92787,1.9278717
train,32,102,89.0,91.49883,2.4988327
train,32,103,88.0,86.8439,-1.1560974
train,32,104,87.0,87.08397,0.083969116
train,32,105,86.0,83.899994,-2.100006
train,32,106,85.0,87.67929,2.6792908
train,32,107,84.0,86.43116,2.43116
train,32,108,83.0,88.27941,5.2794113
train,32,109,82.0,93.080414,11.080414
train,32,110,81.0,86.10841,5.1084137
train,32,111,80.0,89.781975,9.781975
train,32,112,79.0,96.99832,17.998322
train,32,113,78.0,93.492065,15.492065
train,32,114,77.0,101.22978,24.229782
train,32,115,76.0,92.80355,16.80355
train,32,116,75.0,90.70291,15.702911
train,32,117,74.0,91.45765,17.45765
train,32,118,73.0,79.52379,6.5237885
train,32,119,72.0,83.13309,11.133087
train,32,120,71.0,89.3834,18.3834
train,32,121,70.0,86.940155,16.940155
train,32,122,69.0,88.02863,19.028633
train,32,123,68.0,88.122086,20.122086
train,32,124,67.0,83.66199,16.661987
train,32,125,66.0,85.36043,19.360428
train,32,126,65.0,83.50507,18.505074
train,32,127,64.0,81.42045,17.420448
train,32,128,63.0,77.2649,14.2649
train,32,129,62.0,75.667755,13.667755
train,32,130,61.0,76.616844,15.616844
train,32,131,60.0,80.56703,20.567032
train,32,132,59.0,78.90225,19.902252
train,32,133,58.0,74.67933,16.679329
train,32,134,57.0,69.45798,12.457977
train,32,135,56.0,65.23938,9.23938
train,32,136,55.0,61.937798,6.9377975
train,32,137,54.0,62.27677,8.276772
train,32,138,53.0,65.03459,12.034592
train,32,139,52.0,64.17585,12.17585
train,32,140,51.0,59.310543,8.310543
train,32,141,50.0,56.383545,6.383545
train,32,142,49.0,53.120052,4.1200523
train,32,143,48.0,46.043472,-1.9565277
train,32,144,47.0,48.44033,1.4403305
train,32,145,46.0,45.347054,-0.6529465
train,32,146,45.0,46.76958,1.7695808
train,32,147,44.0,47.18391,3.1839104
train,32,148,43.0,45.736332,2.736332
train,32,149,42.0,49.672363,7.6723633
train,32,150,41.0,46.38794,5.3879395
train,32,151,40.0,50.196182,10.196182
train,32,152,39.0,48.079536,9.079536
train,32,153,38.0,43.291447,5.2914467
train,32,154,37.0,41.62593,4.625931
train,32,155,36.0,45.80889,9.808891
train,32,156,35.0,49.68772,14.687721
train,32,157,34.0,48.60258,14.602581
train,32,158,33.0,42.309082,9.309082
train,32,159,32.0,41.479538,9.479538
train,32,160,31.0,40.12771,9.127708
train,32,161,30.0,38.08541,8.085411
train,32,162,29.0,31.746632,2.7466316
train,32,163,28.0,33.284534,5.2845345
train,32,164,27.0,32.596115,5.596115
train,32,165,26.0,29.300753,3.3007526
train,32,166,25.0,25.761349,0.7613487
train,32,167,24.0,22.76155,-1.2384491
train,32,168,23.0,20.811493,-2.188507
train,32,169,22.0,18.933563,-3.0664368
train,32,170,21.0,16.280039,-4.719961
train,32,171,20.0,16.014797,-3.9852028
train,32,172,19.0,13.695297,-5.3047028
train,32,173,18.0,10.176647,-7.823353
train,32,174,17.0,10.880648,-6.1193523
train,32,175,16.0,12.039717,-3.9602833
train,32,176,15.0,10.173618,-4.8263817
train,32,177,14.0,10.707565,-3.2924347
train,32,178,13.0,9.924606,-3.0753937
train,32,179,12.0,5.837288,-6.162712
train,32,180,11.0,4.526558,-6.473442
train,32,181,10.0,3.4232216,-6.5767784
train,32,182,9.0,6.4214706,-2.5785294
train,32,183,8.0,6.224766,-1.7752342
train,32,184,7.0,4.2963715,-2.7036285
train,32,185,6.0,4.0889244,-1.9110756
train,32,186,5.0,2.557705,-2.442295
train,32,187,4.0,4.2604485,0.26044846
train,32,188,3.0,5.306858,2.306858
train,32,189,2.0,5.9866447,3.9866447
train,32,190,1.0,0.3115462,-0.6884538
train,32,191,0.0,-3.3988304,-3.3988304
train,33,30,170.0,194.64545,24.645447
train,33,31,169.0,198.67029,29.670288
train,33,32,168.0,198.8696,30.869598
train,33,33,167.0,199.68512,32.68512
train,33,34,166.0,199.39902,33.399017
train,33,35,165.0,197.29288,32.292877
train,33,36,164.0,205.10423,41.104233
train,33,37,163.0,208.70303,45.703033
train,33,38,162.0,209.03662,47.03662
train,33,39,161.0,207.57846,46.57846
train,33,40,160.0,206.89694,46.896942
train,33,41,159.0,207.1406,48.140594
train,33,42,158.0,205.32521,47.32521
train,33,43,157.0,207.32211,50.322113
train,33,44,156.0,207.86703,51.867035
train,33,45,155.0,207.47087,52.47087
train,33,46,154.0,210.76593,56.76593
train,33,47,153.0,215.14487,62.144867
train,33,48,152.0,211.70956,59.709564
train,33,49,151.0,208.5082,57.508194
train,33,50,150.0,203.30835,53.30835
train,33,51,149.0,196.8326,47.832596
train,33,52,148.0,193.07674,45.076736
train,33,53,147.0,186.42712,39.427124
train,33,54,146.0,188.11682,42.11682
train,33,55,145.0,189.17992,44.179916
train,33,56,144.0,191.9685,47.968506
train,33,57,143.0,186.98553,43.985535
train,33,58,142.0,187.60559,45.60559
train,33,59,141.0,178.95749,37.95749
train,33,60,140.0,172.68628,32.68628
train,33,61,139.0,172.15634,33.15634
train,33,62,138.0,172.47559,34.475586
train,33,63,137.0,170.93488,33.934875
train,33,64,136.0,170.74026,34.740265
train,33,65,135.0,160.95995,25.959946
train,33,66,134.0,152.3252,18.325195
train,33,67,133.0,143.34492,10.344925
train,33,68,132.0,153.20319,21.203186
train,33,69,131.0,148.10449,17.104492
train,33,70,130.0,154.68779,24.68779
train,33,71,129.0,158.26973,29.26973
train,33,72,128.0,162.01526,34.01526
train,33,73,127.0,160.75777,33.757767
train,33,74,126.0,165.7616,39.761597
train,33,75,125.0,166.2811,41.281097
train,33,76,124.0,163.20544,39.205444
train,33,77,123.0,171.80624,48.806244
train,33,78,122.0,173.39943,51.39943
train,33,79,121.0,168.57637,47.57637
train,33,80,120.0,175.03592,55.03592
train,33,81,119.0,175.605,56.604996
train,33,82,118.0,174.19075,56.19075
train,33,83,117.0,174.10747,57.107468
train,33,84,116.0,174.99377,58.993774
train,33,85,115.0,167.76804,52.768036
train,33,86,114.0,169.11006,55.11006
train,33,87,113.0,173.27484,60.27484
train,33,88,112.0,174.4643,62.464294
train,33,89,111.0,172.84662,61.84662
train,33,90,110.0,166.48444,56.484436
train,33,91,109.0,152.8775,43.877502
train,33,92,108.0,151.57175,43.571747
train,33,93,107.0,144.02821,37.028214
train,33,94,106.0,138.66815,32.66815
train,33,95,105.0,143.01726,38.017258
train,33,96,104.0,139.94595,35.945953
train,33,97,103.0,140.8755,37.875504
train,33,98,102.0,139.63083,37.63083
train,33,99,101.0,128.59062,27.590622
train,33,100,100.0,120.78148,20.781479
train,33,101,99.0,114.57512,15.575119
train,33,102,98.0,122.67992,24.679916
train,33,103,97.0,135.05765,38.057648
train,33,104,96.0,127.079094,31.079094
train,33,105,95.0,127.28954,32.289543
train,33,106,94.0,126.66164,32.661636
train,33,107,93.0,120.05139,27.051392
train,33,108,92.0,118.027725,26.027725
train,33,109,91.0,118.35981,27.35981
train,33,110,90.0,115.036064,25.036064
train,33,111,89.0,108.95905,19.959053
train,33,112,88.0,108.73593,20.735931
train,33,113,87.0,122.24205,35.24205
train,33,114,86.0,120.38615,34.386147
train,33,115,85.0,107.70578,22.70578
train,33,116,84.0,108.34053,24.34053
train,33,117,83.0,110.08482,27.084824
train,33,118,82.0,107.68033,25.680328
train,33,119,81.0,102.15103,21.151031
train,33,120,80.0,102.51965,22.519653
train,33,121,79.0,97.67529,18.675293
train,33,122,78.0,94.982635,16.982635
train,33,123,77.0,82.80585,5.805847
train,33,124,76.0,77.77931,1.7793121
train,33,125,75.0,77.097984,2.0979843
train,33,126,74.0,84.54704,10.547043
train,33,127,73.0,84.44692,11.446922
train,33,128,72.0,91.522705,19.522705
train,33,129,71.0,91.221954,20.221954
train,33,130,70.0,92.04591,22.045914
train,33,131,69.0,83.780815,14.780815
train,33,132,68.0,87.29059,19.290588
train,33,133,67.0,79.065155,12.065155
train,33,134,66.0,74.527534,8.5275345
train,33,135,65.0,70.42826,5.428261
train,33,136,64.0,99.69849,35.698486
train,33,137,63.0,96.34851,33.34851
train,33,138,62.0,98.904816,36.904816
train,33,139,61.0,102.082245,41.082245
train,33,140,60.0,92.67714,32.67714
train,33,141,59.0,97.224304,38.224304
train,33,142,58.0,97.72101,39.72101
train,33,143,57.0,104.260086,47.260086
train,33,144,56.0,62.43486,6.43486
train,33,145,55.0,53.648415,-1.3515854
train,33,146,54.0,56.444294,2.444294
train,33,147,53.0,45.77725,-7.2227516
train,33,148,52.0,39.343143,-12.656857
train,33,149,51.0,31.729332,-19.270668
train,33,150,50.0,30.029512,-19.970488
train,33,151,49.0,34.038517,-14.961483
train,33,152,48.0,26.059296,-21.940704
train,33,153,47.0,27.092987,-19.907013
train,33,154,46.0,18.593573,-27.406427
train,33,155,45.0,15.639938,-29.360062
train,33,156,44.0,19.571404,-24.428596
train,33,157,43.0,23.588882,-19.411118
train,33,158,42.0,12.058484,-29.941517
train,33,159,41.0,6.7452264,-34.254772
train,33,160,40.0,4.869345,-35.130653
train,33,161,39.0,10.414875,-28.585125
train,33,162,38.0,7.6697416,-30.330257
train,33,163,37.0,1.0575942,-35.942406
train,33,164,36.0,-4.811309,-40.81131
train,33,165,35.0,-12.123814,-47.123814
train,33,166,34.0,-11.258318,-45.258316
train,33,167,33.0,-8.50409,-41.50409
train,33,168,32.0,-1.3991891,-33.39919
train,33,169,31.0,-1.7737666,-32.773766
train,33,170,30.0,-2.0337296,-32.03373
train,33,171,29.0,-1.492673,-30.492674
train,33,172,28.0,2.5622692,-25.43773
train,33,173,27.0,4.455804,-22.544197
train,33,174,26.0,42.04748,16.047482
train,33,175,25.0,39.76371,14.76371
train,33,176,24.0,40.014717,16.014717
train,33,177,23.0,40.58358,17.58358
train,33,178,22.0,41.886055,19.886055
train,33,179,21.0,39.390182,18.390182
train,33,180,20.0,36.903847,16.903847
train,33,181,19.0,30.55599,11.55599
train,33,182,18.0,34.2706,16.2706
train,33,183,17.0,29.667656,12.667656
train,33,184,16.0,33.076736,17.076736
train,33,185,15.0,26.68732,11.687321
train,33,186,14.0,21.580376,7.5803757
train,33,187,13.0,17.840315,4.840315
train,33,188,12.0,8.9596405,-3.0403595
train,33,189,11.0,6.028454,-4.971546
train,33,190,10.0,2.565731,-7.434269
train,33,191,9.0,4.2568226,-4.7431774
train,33,192,8.0,6.889881,-1.1101189
train,33,193,7.0,5.079397,-1.9206028
train,33,194,6.0,-0.32644093,-6.326441
train,33,195,5.0,-4.9023323,-9.902332
train,33,196,4.0,-12.524284,-16.524284
train,33,197,3.0,-20.851366,-23.851366
train,33,198,2.0,-21.580809,-23.580809
train,33,199,1.0,-29.25093,-30.25093
train,33,200,0.0,-36.277813,-36.277813
train,35,30,151.0,161.38571,10.385712
train,35,31,150.0,148.79384,-1.2061615
train,35,32,149.0,140.26535,-8.73465
train,35,33,148.0,137.43538,-10.564621
train,35,34,147.0,146.84326,-0.15673828
train,35,35,146.0,157.22363,11.223633
train,35,36,145.0,154.4586,9.458603
train,35,37,144.0,154.46384,10.463837
train,35,38,143.0,162.55063,19.550629
train,35,39,142.0,151.92532,9.9253235
train,35,40,141.0,159.1856,18.185593
train,35,41,140.0,159.0068,19.006805
train,35,42,139.0,147.89072,8.890717
train,35,43,138.0,145.21404,7.214035
train,35,44,137.0,133.46115,-3.5388489
train,35,45,136.0,136.514,0.51400757
train,35,46,135.0,129.5469,-5.4530945
train,35,47,134.0,128.84833,-5.1516724
train,35,48,133.0,122.68765,-10.312347
train,35,49,132.0,129.24667,-2.7533264
train,35,50,131.0,135.46753,4.4675293
train,35,51,130.0,148.36392,18.363922
train,35,52,129.0,152.60806,23.608063
train,35,53,128.0,154.11783,26.117828
train,35,54,127.0,156.59138,29.591385
train,35,55,126.0,144.42046,18.420456
train,35,56,125.0,145.33754,20.33754
train,35,57,124.0,154.89835,30.898346
train,35,58,123.0,137.82211,14.822113
train,35,59,122.0,135.07101,13.071014
train,35,60,121.0,128.28473,7.284729
train,35,61,120.0,133.45529,13.455292
train,35,62,119.0,121.97345,2.9734497
train,35,63,118.0,119.85611,1.8561096
train,35,64,117.0,119.40981,2.409813
train,35,65,116.0,126.852325,10.852325
train,35,66,115.0,129.41858,14.418579
train,35,67,114.0,131.0814,17.081406
train,35,68,113.0,128.12727,15.127274
train,35,69,112.0,135.61917,23.619171
train,35,70,111.0,154.69743,43.697433
train,35,71,110.0,148.99783,38.997833
train,35,72,109.0,135.37576,26.375763
train,35,73,108.0,139.49356,31.49356
train,35,74,107.0,122.82542,15.825417
train,35,75,106.0,120.91883,14.918831
train,35,76,105.0,118.022606,13.022606
train,35,77,104.0,125.90176,21.901756
train,35,78,103.0,128.05432,25.054321
train,35,79,102.0,139.84126,37.841263
train,35,80,101.0,149.98157,48.981567
train,35,81,100.0,140.59576,40.595764
train,35,82,99.0,129.3068,30.306793
train,35,83,98.0,118.74489,20.744888
train,35,84,97.0,112.687836,15.687836
train,35,85,96.0,116.03652,20.036522
train,35,86,95.0,125.468056,30.468056
train,35,87,94.0,136.176,42.175995
train,35,88,93.0,144.54012,51.540115
train,35,89,92.0,139.97762,47.977615
train,35,90,91.0,146.78587,55.785873
train,35,91,90.0,145.44128,55.441284
train,35,92,89.0,135.76859,46.768585
train,35,93,88.0,144.44641,56.44641
train,35,94,87.0,147.28223,60.282227
train,35,95,86.0,145.98825,59.98825
train,35,96,85.0,142.06564,57.065643
train,35,97,84.0,139.77887,55.77887
train,35,98,83.0,135.7273,52.727295
train,35,99,82.0,132.20132,50.201324
train,35,100,81.0,146.28925,65.289246
train,35,101,80.0,144.27771,64.27771
train,35,102,79.0,128.56819,49.56819
train,35,103,78.0,129.34392,51.343918
train,35,104,77.0,111.94107,34.94107
train,35,105,76.0,97.84395,21.843948
train,35,106,75.0,95.59784,20.59784
train,35,107,74.0,101.00284,27.002838
train,35,108,73.0,103.35321,30.35321
train,35,109,72.0,107.73129,35.731293
train,35,110,71.0,114.51774,43.51774
train,35,111,70.0,106.844505,36.844505
train,35,112,69.0,99.94063,30.940628
train,35,113,68.0,87.45588,19.45588
train,35,114,67.0,92.285774,25.285774
train,35,115,66.0,82.929855,16.929855
train,35,116,65.0,82.0466,17.0466
train,35,117,64.0,74.39566,10.39566
train,35,118,63.0,84.700264,21.700264
train,35,119,62.0,82.57387,20.573868
train,35,120,61.0,80.54607,19.546066
train,35,121,60.0,78.76018,18.760178
train,35,122,59.0,77.643005,18.643005
train,35,123,58.0,82.73601,24.736008
train,35,124,57.0,73.19236,16.19236
train,35,125,56.0,65.68526,9.685257
train,35,126,55.0,63.623905,8.623905
train,35,127,54.0,64.26796,10.26796
train,35,128,53.0,61.36042,8.36042
train,35,129,52.0,61.548275,9.548275
train,35,130,51.0,61.847687,10.847687
train,35,131,50.0,61.211845,11.211845
train,35,132,49.0,60.241302,11.2413025
train,35,133,48.0,61.312508,13.312508
train,35,134,47.0,59.18294,12.182941
train,35,135,46.0,51.79378,5.7937813
train,35,136,45.0,52.28315,7.2831497
train,35,137,44.0,48.668068,4.668068
train,35,138,43.0,51.44677,8.44677
train,35,139,42.0,50.174057,8.174057
train,35,140,41.0,49.007572,8.007572
train,35,141,40.0,49.48308,9.483082
train,35,142,39.0,52.273808,13.273808
train,35,143,38.0,53.505108,15.505108
train,35,144,37.0,54.979057,17.979057
train,35,145,36.0,50.75293,14.75293
train,35,146,35.0,44.869877,9.869877
train,35,147,34.0,42.30218,8.302181
train,35,148,33.0,43.721245,10.721245
train,35,149,32.0,45.684425,13.684425
train,35,150,31.0,45.41282,14.412819
train,35,151,30.0,43.468952,13.468952
train,35,152,29.0,38.091747,9.091747
train,35,153,28.0,42.142036,14.142036
train,35,154,27.0,38.46487,11.46487
train,35,155,26.0,33.82866,7.828659
train,35,156,25.0,30.994354,5.9943542
train,35,157,24.0,32.32279,8.322788
train,35,158,23.0,28.579773,5.579773
train,35,159,22.0,24.39037,2.3903694
train,35,160,21.0,26.839327,5.839327
train,35,161,20.0,24.41024,4.41024
train,35,162,19.0,18.247131,-0.75286865
train,35,163,18.0,17.807106,-0.19289398
train,35,164,17.0,17.243576,0.24357605
train,35,165,16.0,14.970135,-1.0298653
train,35,166,15.0,12.407079,-2.5929213
train,35,167,14.0,11.515898,-2.4841022
train,35,168,13.0,9.562237,-3.4377632
train,35,169,12.0,8.975607,-3.024393
train,35,170,11.0,8.073906,-2.926094
train,35,171,10.0,8.783428,-1.2165718
train,35,172,9.0,4.164547,-4.835453
train,35,173,8.0,4.832489,-3.167511
train,35,174,7.0,4.289486,-2.710514
train,35,175,6.0,2.6004887,-3.3995113
train,35,176,5.0,-1.2805139,-6.280514
train,35,177,4.0,-3.5118904,-7.5118904
train,35,178,3.0,-1.9241773,-4.924177
train,35,179,2.0,-1.4577829,-3.4577827
train,35,180,1.0,-2.756012,-3.756012
train,35,181,0.0,-4.596096,-4.596096
train,36,30,128.0,155.55148,27.551483
train,36,31,127.0,151.70251,24.702515
train,36,32,126.0,143.54326,17.543259
train,36,33,125.0,144.41965,19.419647
train,36,34,124.0,140.09236,16.092361
train,36,35,123.0,139.03165,16.031647
train,36,36,122.0,128.82352,6.823517
train,36,37,121.0,115.19347,-5.806534
train,36,38,120.0,129.38284,9.382843
train,36,39,119.0,119.73778,0.7377777
train,36,40,118.0,102.623985,-15.376015
train,36,41,117.0,96.65615,-20.34385
train,36,42,116.0,93.026505,-22.973495
train,36,43,115.0,99.7221,-15.277901
train,36,44,114.0,92.46098,-21.539017
train,36,45,113.0,82.99018,-30.009819
train,36,46,112.0,89.02901,-22.970993
train,36,47,111.0,94.99194,-16.008057
train,36,48,110.0,105.81529,-4.1847076
train,36,49,109.0,118.6967,9.696701
train,36,50,108.0,117.73132,9.731323
train,36,51,107.0,127.111176,20.111176
train,36,52,106.0,118.52207,12.522072
train,36,53,105.0,117.29035,12.290352
train,36,54,104.0,127.501526,23.501526
train,36,55,103.0,120.43895,17.43895
train,36,56,102.0,115.62495,13.624947
train,36,57,101.0,118.346054,17.346054
train,36,58,100.0,110.574646,10.574646
train,36,59,99.0,111.61271,12.612709
train,36,60,98.0,115.628235,17.628235
train,36,61,97.0,107.00743,10.007431
train,36,62,96.0,104.38983,8.389832
train,36,63,95.0,112.53356,17.533562
train,36,64,94.0,107.350555,13.350555
train,36,65,93.0,118.50133,25.501328
train,36,66,92.0,119.990036,27.990036
train,36,67,91.0,104.01876,13.018761
train,36,68,90.0,116.36759,26.367592
train,36,69,89.0,110.99396,21.993958
train,36,70,88.0,90.13204,2.132042
train,36,71,87.0,103.14654,16.146538
train,36,72,86.0,89.75926,3.759262
train,36,73,85.0,97.506805,12.506805
train,36,74,84.0,96.45888,12.458878
train,36,75,83.0,98.23706,15.237061
train,36,76,82.0,102.46114,20.461143
train,36,77,81.0,96.4534,15.4534
train,36,78,80.0,101.95911,21.959106
train,36,79,79.0,112.81626,33.81626
train,36,80,78.0,101.61963,23.619629
train,36,81,77.0,98.208786,21.208786
train,36,82,76.0,95.2601,19.260101
train,36,83,75.0,85.606346,10.606346
train,36,84,74.0,96.889,22.889
train,36,85,73.0,90.14346,17.143463
train,36,86,72.0,84.75724,12.75724
train,36,87,71.0,87.313835,16.313835
train,36,88,70.0,84.83949,14.839493
train,36,89,69.0,81.334595,12.334595
train,36,90,68.0,79.65781,11.657806
train,36,91,67.0,75.69516,8.69516
train,36,92,66.0,75.73865,9.738647
train,36,93,65.0,78.22708,13.227081
train,36,94,64.0,70.19829,6.198288
train,36,95,63.0,65.68531,2.6853104
train,36,96,62.0,65.22081,3.22081
train,36,97,61.0,66.450226,5.450226
train,36,98,60.0,65.53693,5.5369263
train,36,99,59.0,69.56573,10.565727
train,36,100,58.0,71.47429,13.474289
train,36,101,57.0,74.14052,17.140518
train,36,102,56.0,59.988968,3.988968
train,36,103,55.0,60.799046,5.7990456
train,36,104,54.0,61.275894,7.275894
train,36,105,53.0,68.82815,15.828148
train,36,106,52.0,66.67181,14.671806
train,36,107,51.0,66.63939,15.639389
train,36,108,50.0,68.14835,18.148354
train,36,109,49.0,69.865295,20.865295
train,36,110,48.0,60.43622,12.436218
train,36,111,47.0,61.237095,14.237095
train,36,112,46.0,52.87464,6.8746414
train,36,113,45.0,50.867672,5.867672
train,36,114,44.0,55.91597,11.91597
train,36,115,43.0,56.194786,13.194786
train,36,116,42.0,52.623337,10.623337
train,36,117,41.0,52.505913,11.505913
train,36,118,40.0,55.280575,15.280575
train,36,119,39.0,57.520805,18.520805
train,36,120,38.0,58.03039,20.030392
train,36,121,37.0,56.9476,19.947601
train,36,122,36.0,57.570683,21.570683
train,36,123,35.0,51.6501,16.6501
train,36,124,34.0,50.03001,16.03001
train,36,125,33.0,52.973976,19.973976
train,36,126,32.0,51.845787,19.845787
train,36,127,31.0,53.848324,22.848324
train,36,128,30.0,49.958908,19.958908
train,36,129,29.0,45.401123,16.401123
train,36,130,28.0,45.20576,17.205761
train,36,131,27.0,41.940086,14.940086
train,36,132,26.0,39.20622,13.206219
train,36,133,25.0,40.092358,15.092358
train,36,134,24.0,34.587395,10.587395
train,36,135,23.0,32.43254,9.432541
train,36,136,22.0,32.206482,10.206482
train,36,137,21.0,35.454506,14.454506
train,36,138,20.0,37.384056,17.384056
train,36,139,19.0,43.3266,24.3266
train,36,140,18.0,32.119934,14.119934
train,36,141,17.0,34.552727,17.552727
train,36,142,16.0,30.865696,14.865696
train,36,143,15.0,27.373554,12.373554
train,36,144,14.0,20.406197,6.4061966
train,36,145,13.0,21.231781,8.231781
train,36,146,12.0,15.7854,3.7854004
train,36,147,11.0,11.287256,0.28725624
train,36,148,10.0,9.116566,-0.8834343
train,36,149,9.0,8.555206,-0.4447937
train,36,150,8.0,8.154337,0.15433693
train,36,151,7.0,5.5994606,-1.4005394
train,36,152,6.0,5.0494995,-0.9505005
train,36,153,5.0,5.8922577,0.8922577
train,36,154,4.0,6.6234055,2.6234055
train,36,155,3.0,4.3793144,1.3793144
train,36,156,2.0,5.902458,3.9024582
train,36,157,1.0,4.792778,3.792778
train,36,158,0.0,0.7725333,0.7725333
train,37,30,140.0,128.86305,-11.136948
train,37,31,139.0,130.09682,-8.903183
train,37,32,138.0,126.79534,-11.2046585
train,37,33,137.0,132.47533,-4.5246735
train,37,34,136.0,141.62134,5.621338
train,37,35,135.0,135.74911,0.749115
train,37,36,134.0,153.71838,19.718384
train,37,37,133.0,155.4181,22.418106
train,37,38,132.0,148.96786,16.967865
train,37,39,131.0,162.58517,31.585175
train,37,40,130.0,171.45227,41.45227
train,37,41,129.0,170.7893,41.789307
train,37,42,128.0,171.82254,43.82254
train,37,43,127.0,171.92146,44.921463
train,37,44,126.0,150.82402,24.82402
train,37,45,125.0,148.52534,23.525345
train,37,46,124.0,152.84518,28.845184
train,37,47,123.0,161.11261,38.11261
train,37,48,122.0,156.5236,34.523605
train,37,49,121.0,158.38295,37.38295
train,37,50,120.0,156.25958,36.259583
train,37,51,119.0,149.92265,30.922653
train,37,52,118.0,157.84418,39.844177
train,37,53,117.0,161.56659,44.56659
train,37,54,116.0,162.1803,46.180298
train,37,55,115.0,144.70503,29.705032
train,37,56,114.0,125.36824,11.36824
train,37,57,113.0,123.48401,10.484009
train,37,58,112.0,125.08798,13.087982
train,37,59,111.0,116.033875,5.0338745
train,37,60,110.0,109.27783,-0.72216797
train,37,61,109.0,105.24359,-3.7564087
train,37,62,108.0,99.256004,-8.743996
train,37,63,107.0,100.52998,-6.4700165
train,37,64,106.0,112.325356,6.3253555
train,37,65,105.0,112.16792,7.167923
train,37,66,104.0,121.757416,17.757416
train,37,67,103.0,123.30894,20.308937
train,37,68,102.0,113.25995,11.259949
train,37,69,101.0,113.00849,12.0084915
train,37,70,100.0,114.106,14.106003
train,37,71,99.0,104.098145,5.0981445
train,37,72,98.0,98.35614,0.35614014
train,37,73,97.0,105.05693,8.056931
train,37,74,96.0,110.19127,14.191269
train,37,75,95.0,102.583786,7.583786
train,37,76,94.0,107.97057,13.970573
train,37,77,93.0,119.43691,26.436913
train,37,78,92.0,120.11397,28.113968
train,37,79,91.0,123.41443,32.41443
train,37,80,90.0,126.91494,36.91494
train,37,81,89.0,131.38434,42.38434
train,37,82,88.0,140.2665,52.266495
train,37,83,87.0,132.3534,45.353394
train,37,84,86.0,137.53253,51.53253
train,37,85,85.0,128.15831,43.15831
train,37,86,84.0,130.86868,46.868683
train,37,87,83.0,130.20796,47.207962
train,37,88,82.0,134.57712,52.577118
train,37,89,81.0,118.59,37.589996
train,37,90,80.0,114.291626,34.291626
train,37,91,79.0,108.586555,29.586555
train,37,92,78.0,102.46279,24.462791
train,37,93,77.0,100.561806,23.561806
train,37,94,76.0,96.97619,20.976189
train,37,95,75.0,93.29644,18.29644
train,37,96,74.0,96.65967,22.659668
train,37,97,73.0,95.58231,22.582314
train,37,98,72.0,96.06282,24.06282
train,37,99,71.0,88.702156,17.702156
train,37,100,70.0,98.572205,28.572205
train,37,101,69.0,95.770676,26.770676
train,37,102,68.0,88.55492,20.554916
train,37,103,67.0,78.88546,11.88546
train,37,104,66.0,99.32577,33.325768
train,37,105,65.0,94.0271,29.0271
train,37,106,64.0,81.00239,17.002388
train,37,107,63.0,85.75316,22.753159
train,37,108,62.0,93.96724,31.96724
train,37,109,61.0,92.5043,31.504303
train,37,110,60.0,91.58423,31.584229
train,37,111,59.0,95.70215,36.70215
train,37,112,58.0,101.38863,43.388634
train,37,113,57.0,95.95788,38.95788
train,37,114,56.0,105.39722,49.397217
train,37,115,55.0,100.20866,45.208656
train,37,116,54.0,98.3685,44.3685
train,37,117,53.0,93.66305,40.663048
train,37,118,52.0,80.053154,28.053154
train,37,119,51.0,76.623474,25.623474
train,37,120,50.0,67.096504,17.096504
train,37,121,49.0,69.93893,20.938927
train,37,122,48.0,63.993835,15.993835
train,37,123,47.0,63.99273,16.99273
train,37,124,46.0,59.34655,13.34655
train,37,125,45.0,43.345078,-1.6549225
train,37,126,44.0,39.15136,-4.8486404
train,37,127,43.0,42.88213,-0.11787033
train,37,128,42.0,41.745373,-0.25462723
train,37,129,41.0,44.66514,3.6651382
train,37,130,40.0,47.80796,7.8079605
train,37,131,39.0,48.175285,9.175285
train,37,132,38.0,40.894737,2.8947372
train,37,133,37.0,33.784657,-3.2153435
train,37,134,36.0,41.127594,5.127594
train,37,135,35.0,38.578228,3.578228
train,37,136,34.0,34.46747,0.46746826
train,37,137,33.0,37.854256,4.8542557
train,37,138,32.0,40.574394,8.574394
train,37,139,31.0,37.512154,6.5121536
train,37,140,30.0,34.281616,4.281616
train,37,141,29.0,37.93518,8.935181
train,37,142,28.0,30.49894,2.4989395
train,37,143,27.0,33.01935,6.019348
train,37,144,26.0,34.08436,8.084358
train,37,145,25.0,28.233889,3.2338886
train,37,146,24.0,19.946968,-4.053032
train,37,147,23.0,23.471043,0.47104263
train,37,148,22.0,18.615688,-3.3843117
train,37,149,21.0,19.622105,-1.3778954
train,37,150,20.0,14.547971,-5.452029
train,37,151,19.0,23.240915,4.2409153
train,37,152,18.0,18.866879,0.8668785
train,37,153,17.0,17.188557,0.18855667
train,37,154,16.0,19.0537,3.0536995
train,37,155,15.0,13.319127,-1.6808729
train,37,156,14.0,8.037607,-5.962393
train,37,157,13.0,6.8137875,-6.1862125
train,37,158,12.0,7.232424,-4.767576
train,37,159,11.0,3.7594032,-7.240597
train,37,160,10.0,12.281254,2.2812538
train,37,161,9.0,9.866343,0.86634254
train,37,162,8.0,8.715937,0.71593666
train,37,163,7.0,11.611139,4.6111393
train,37,164,6.0,5.860817,-0.13918304
train,37,165,5.0,0.57492626,-4.4250736
train,37,166,4.0,-3.1092358,-7.109236
train,37,167,3.0,-4.876934,-7.876934
train,37,168,2.0,-8.88863,-10.88863
train,37,169,1.0,-7.550606,-8.550606
train,37,170,0.0,-14.294645,-14.294645
train,38,30,164.0,118.72229,-45.27771
train,38,31,163.0,126.97602,-36.02398
train,38,32,162.0,137.52957,-24.470428
train,38,33,161.0,134.46461,-26.535385
train,38,34,160.0,135.82462,-24.175385
train,38,35,159.0,143.24913,-15.75087
train,38,36,158.0,153.05634,-4.9436646
train,38,37,157.0,160.76833,3.7683258
train,38,38,156.0,157.74013,1.7401276
train,38,39,155.0,165.39493,10.394928
train,38,40,154.0,164.46333,10.463333
train,38,41,153.0,167.74571,14.745712
train,38,42,152.0,154.2739,2.2738953
train,38,43,151.0,154.03851,3.0385132
train,38,44,150.0,156.8233,6.823303
train,38,45,149.0,148.19395,-0.80604553
train,38,46,148.0,146.45818,-1.5418243
train,38,47,147.0,148.24028,1.2402802
train,38,48,146.0,152.443,6.442993
train,38,49,145.0,142.95226,-2.0477448
train,38,50,144.0,138.2151,-5.784897
train,38,51,143.0,132.03636,-10.963638
train,38,52,142.0,122.00792,-19.99208
train,38,53,141.0,130.04596,-10.954041
train,38,54,140.0,135.77707,-4.222931
train,38,55,139.0,146.86127,7.861267
train,38,56,138.0,139.38654,1.3865356
train,38,57,137.0,129.6839,-7.316101
train,38,58,136.0,132.62149,-3.3785095
train,38,59,135.0,144.86154,9.861542
train,38,60,134.0,137.71793,3.717926
train,38,61,133.0,140.85999,7.8599854
train,38,62,132.0,145.49695,13.496948
train,38,63,131.0,148.2373,17.237305
train,38,64,130.0,149.06866,19.068665
train,38,65,129.0,160.31807,31.31807
train,38,66,128.0,156.39943,28.39943
train,38,67,127.0,171.88672,44.88672
train,38,68,126.0,161.69011,35.69011
train,38,69,125.0,161.67947,36.679474
train,38,70,124.0,168.22363,44.223633
train,38,71,123.0,175.2731,52.2731
train,38,72,122.0,183.05432,61.05432
train,38,73,121.0,176.53673,55.536728
train,38,74,120.0,171.77676,51.776764
train,38,75,119.0,171.25761,52.257614
train,38,76,118.0,167.92834,49.928345
train,38,77,117.0,160.20888,43.208878
train,38,78,116.0,156.64383,40.64383
train,38,79,115.0,136.60605,21.606049
train,38,80,114.0,128.28938,14.289383
train,38,81,113.0,122.894196,9.894196
train,38,82,112.0,130.13403,18.134033
train,38,83,111.0,130.1367,19.136703
train,38,84,110.0,124.8927,14.8927
train,38,85,109.0,130.30241,21.302414
train,38,86,108.0,128.27122,20.271225
train,38,87,107.0,132.7543,25.754303
train,38,88,106.0,136.48865,30.488647
train,38,89,105.0,139.1723,34.172302
train,38,90,104.0,135.18655,31.186554
train,38,91,103.0,137.34871,34.34871
train,38,92,102.0,144.21677,42.216766
train,38,93,101.0,146.10632,45.106323
train,38,94,100.0,142.6052,42.605194
train,38,95,99.0,139.8033,40.8033
train,38,96,98.0,141.26724,43.267242
train,38,97,97.0,143.24103,46.241028
train,38,98,96.0,131.75787,35.757874
train,38,99,95.0,111.29669,16.296692
train,38,100,94.0,104.96091,10.960907
train,38,101,93.0,111.53358,18.533577
train,38,102,92.0,129.22304,37.223038
train,38,103,91.0,118.162415,27.162415
train,38,104,90.0,104.55793,14.55793
train,38,105,89.0,91.252144,2.2521439
train,38,106,88.0,91.90355,3.9035492
train,38,107,87.0,88.2785,1.2785034
train,38,108,86.0,93.03934,7.039337
train,38,109,85.0,90.29306,5.2930603
train,38,110,84.0,95.44095,11.4409485
train,38,111,83.0,93.79181,10.791809
train,38,112,82.0,103.01242,21.01242
train,38,113,81.0,112.957565,31.957565
train,38,114,80.0,109.44502,29.445023
train,38,115,79.0,103.952736,24.952736
train,38,116,78.0,97.7433,19.743301
train,38,117,77.0,109.24347,32.24347
train,38,118,76.0,107.45819,31.45819
train,38,119,75.0,97.4021,22.4021
train,38,120,74.0,102.1492,28.1492
train,38,121,73.0,103.9089,30.908897
train,38,122,72.0,108.598045,36.598045
train,38,123,71.0,108.25222,37.25222
train,38,124,70.0,104.94704,34.947037
train,38,125,69.0,104.03464,35.034637
train,38,126,68.0,101.347115,33.347115
train,38,127,67.0,97.00368,30.003677
train,38,128,66.0,89.59791,23.597908
train,38,129,65.0,83.22235,18.222351
train,38,130,64.0,82.15825,18.158249
train,38,131,63.0,79.37155,16.371552
train,38,132,62.0,77.38637,15.386368
train,38,133,61.0,73.0785,12.078499
train,38,134,60.0,71.55635,11.556351
train,38,135,59.0,65.69475,6.694748
train,38,136,58.0,58.471214,0.4712143
train,38,137,57.0,63.01094,6.0109406
train,38,138,56.0,59.22123,3.2212296
train,38,139,55.0,53.832672,-1.1673279
train,38,140,54.0,57.725677,3.7256775
train,38,141,53.0,58.527473,5.5274734
train,38,142,52.0,59.607162,7.6071625
train,38,143,51.0,56.601624,5.6016235
train,38,144,50.0,57.35313,7.3531303
train,38,145,49.0,55.026184,6.026184
train,38,146,48.0,52.5354,4.5354004
train,38,147,47.0,49.25666,2.2566605
train,38,148,46.0,44.141533,-1.8584671
train,38,149,45.0,42.071022,-2.928978
train,38,150,44.0,38.79767,-5.2023315
train,38,151,43.0,38.837646,-4.1623535
train,38,152,42.0,38.709435,-3.2905655
train,38,153,41.0,39.593266,-1.4067345
train,38,154,40.0,36.784584,-3.215416
train,38,155,39.0,35.255417,-3.7445831
train,38,156,38.0,29.923813,-8.076187
train,38,157,37.0,31.295813,-5.7041874
train,38,158,36.0,28.497519,-7.5024815
train,38,159,35.0,31.760115,-3.2398853
train,38,160,34.0,32.88512,-1.1148796
train,38,161,33.0,36.610092,3.6100922
train,38,162,32.0,35.92944,3.9294395
train,38,163,31.0,39.731987,8.731987
train,38,164,30.0,37.840576,7.840576
train,38,165,29.0,35.97922,6.9792213
train,38,166,28.0,34.870132,6.8701324
train,38,167,27.0,33.39003,6.39003
train,38,168,26.0,29.228985,3.2289848
train,38,169,25.0,29.909752,4.909752
train,38,170,24.0,29.210094,5.2100945
train,38,171,23.0,28.563467,5.563467
train,38,172,22.0,30.85478,8.85478
train,38,173,21.0,27.404884,6.4048843
train,38,174,20.0,29.464909,9.464909
train,38,175,19.0,32.010185,13.010185
train,38,176,18.0,25.75597,7.75597
train,38,177,17.0,29.338848,12.338848
train,38,178,16.0,23.816296,7.8162956
train,38,179,15.0,20.68385,5.6838493
train,38,180,14.0,23.36045,9.360451
train,38,181,13.0,23.313656,10.313656
train,38,182,12.0,18.83223,6.8322296
train,38,183,11.0,19.667667,8.667667
train,38,184,10.0,16.820274,6.8202744
train,38,185,9.0,11.085979,2.0859795
train,38,186,8.0,11.245007,3.2450066
train,38,187,7.0,7.2576027,0.2576027
train,38,188,6.0,4.1686172,-1.8313828
train,38,189,5.0,1.1028136,-3.8971863
train,38,190,4.0,-2.4609528,-6.4609528
train,38,191,3.0,-1.1290857,-4.1290855
train,38,192,2.0,-1.6623307,-3.6623306
train,38,193,1.0,-2.3971138,-3.3971138
train,38,194,0.0,-5.8588905,-5.8588905
train,39,30,98.0,137.8245,39.824493
train,39,31,97.0,134.03453,37.03453
train,39,32,96.0,136.09549,40.09549
train,39,33,95.0,124.81383,29.813828
train,39,34,94.0,124.97798,30.977982
train,39,35,93.0,125.15768,32.157677
train,39,36,92.0,120.77227,28.77227
train,39,37,91.0,118.62799,27.62799
train,39,38,90.0,104.8017,14.801697
train,39,39,89.0,111.07967,22.079674
train,39,40,88.0,105.85518,17.855179
train,39,41,87.0,113.07648,26.076477
train,39,42,86.0,108.51338,22.513382
train,39,43,85.0,101.076675,16.076675
train,39,44,84.0,97.12597,13.125969
train,39,45,83.0,99.71907,16.71907
train,39,46,82.0,101.32415,19.32415
train,39,47,81.0,94.924934,13.924934
train,39,48,80.0,97.45852,17.458519
train,39,49,79.0,106.14548,27.145477
train,39,50,78.0,106.18701,28.187012
train,39,51,77.0,108.25862,31.258621
train,39,52,76.0,120.37596,44.37596
train,39,53,75.0,134.74542,59.745422
train,39,54,74.0,138.28346,64.28346
train,39,55,73.0,145.98657,72.98657
train,39,56,72.0,126.98753,54.987534
train,39,57,71.0,123.290886,52.290886
train,39,58,70.0,130.73825,60.73825
train,39,59,69.0,136.02386,67.023865
train,39,60,68.0,132.5932,64.5932
train,39,61,67.0,126.18797,59.187973
train,39,62,66.0,128.82593,62.825928
train,39,63,65.0,124.659904,59.659904
train,39,64,64.0,125.71031,61.71031
train,39,65,63.0,122.227715,59.227715
train,39,66,62.0,110.858315,48.858315
train,39,67,61.0,102.13023,41.130234
train,39,68,60.0,88.781395,28.781395
train,39,69,59.0,75.4507,16.450699
train,39,70,58.0,70.14768,12.147682
train,39,71,57.0,80.36318,23.363182
train,39,72,56.0,80.32117,24.321167
train,39,73,55.0,76.31526,21.315262
train,39,74,54.0,84.155365,30.155365
train,39,75,53.0,77.15956,24.159561
train,39,76,52.0,72.84613,20.84613
train,39,77,51.0,66.76813,15.768127
train,39,78,50.0,61.7323,11.7323
train,39,79,49.0,67.41304,18.41304
train,39,80,48.0,62.56646,14.56646
train,39,81,47.0,62.616096,15.6160965
train,39,82,46.0,58.520256,12.520256
train,39,83,45.0,53.916748,8.916748
train,39,84,44.0,51.197235,7.197235
train,39,85,43.0,52.875732,9.875732
train,39,86,42.0,40.576553,-1.4234467
train,39,87,41.0,36.869514,-4.1304855
train,39,88,40.0,42.11599,2.1159897
train,39,89,39.0,47.11536,8.11536
train,39,90,38.0,42.221508,4.221508
train,39,91,37.0,38.924156,1.9241562
train,39,92,36.0,40.272884,4.2728844
train,39,93,35.0,49.241096,14.2410965
train,39,94,34.0,49.359077,15.359077
train,39,95,33.0,57.90739,24.90739
train,39,96,32.0,47.214027,15.214027
train,39,97,31.0,47.968662,16.968662
train,39,98,30.0,45.897247,15.897247
train,39,99,29.0,45.567417,16.567417
train,39,100,28.0,39.206436,11.206436
train,39,101,27.0,40.916435,13.916435
train,39,102,26.0,34.144096,8.144096
train,39,103,25.0,30.764496,5.764496
train,39,104,24.0,36.09861,12.09861
train,39,105,23.0,37.622643,14.6226425
train,39,106,22.0,32.48257,10.482571
train,39,107,21.0,34.810436,13.810436
train,39,108,20.0,37.5729,17.572899
train,39,109,19.0,39.114014,20.114014
train,39,110,18.0,32.940228,14.9402275
train,39,111,17.0,28.058964,11.058964
train,39,112,16.0,25.713495,9.713495
train,39,113,15.0,20.917244,5.917244
train,39,114,14.0,12.962511,-1.0374889
train,39,115,13.0,7.059559,-5.940441
train,39,116,12.0,2.384573,-9.615427
train,39,117,11.0,-3.7743568,-14.774357
train,39,118,10.0,-5.152523,-15.152523
train,39,119,9.0,-7.4487476,-16.448748
train,39,120,8.0,-15.378626,-23.378626
train,39,121,7.0,-17.568634,-24.568634
train,39,122,6.0,-24.97752,-30.97752
train,39,123,5.0,-27.099594,-32.099594
train,39,124,4.0,-30.533005,-34.533005
train,39,125,3.0,-40.546898,-43.546898
train,39,126,2.0,-42.685226,-44.685226
train,39,127,1.0,-47.207016,-48.207016
train,39,128,0.0,-45.255863,-45.255863
train,40,30,158.0,138.498,-19.501999
train,40,31,157.0,135.1345,-21.865494
train,40,32,156.0,128.75436,-27.245636
train,40,33,155.0,136.94452,-18.055481
train,40,34,154.0,132.41907,-21.580933
train,40,35,153.0,133.97809,-19.021912
train,40,36,152.0,124.234024,-27.765976
train,40,37,151.0,130.80988,-20.190125
train,40,38,150.0,126.34845,-23.65155
train,40,39,149.0,119.6267,-29.373299
train,40,40,148.0,112.30902,-35.69098
train,40,41,147.0,117.259476,-29.740524
train,40,42,146.0,114.43126,-31.56874
train,40,43,145.0,111.2767,-33.723297
train,40,44,144.0,116.19342,-27.80658
train,40,45,143.0,116.618866,-26.381134
train,40,46,142.0,110.546455,-31.453545
train,40,47,141.0,107.65925,-33.34075
train,40,48,140.0,100.78899,-39.211014
train,40,49,139.0,106.02611,-32.973892
train,40,50,138.0,102.72485,-35.275146
train,40,51,137.0,107.42616,-29.573837
train,40,52,136.0,99.95241,-36.047592
train,40,53,135.0,101.63611,-33.36389
train,40,54,134.0,98.691925,-35.308075
train,40,55,133.0,100.57358,-32.426422
train,40,56,132.0,106.97107,-25.02893
train,40,57,131.0,112.80796,-18.19204
train,40,58,130.0,114.39133,-15.608673
train,40,59,129.0,110.311226,-18.688774
train,40,60,128.0,117.711685,-10.288315
train,40,61,127.0,116.26862,-10.731377
train,40,62,126.0,120.53573,-5.4642715
train,40,63,125.0,123.83912,-1.160881
train,40,64,124.0,121.57728,-2.4227219
train,40,65,123.0,125.26758,2.2675781
train,40,66,122.0,124.28852,2.2885208
train,40,67,121.0,131.47092,10.470917
train,40,68,120.0,127.09439,7.094391
train,40,69,119.0,124.65803,5.6580276
train,40,70,118.0,121.014694,3.0146942
train,40,71,117.0,117.11815,0.1181488
train,40,72,116.0,117.245186,1.2451859
train,40,73,115.0,118.96085,3.9608536
train,40,74,114.0,115.43043,1.4304276
train,40,75,113.0,115.39676,2.396759
train,40,76,112.0,106.23582,-5.764183
train,40,77,111.0,100.99687,-10.003128
train,40,78,110.0,102.619835,-7.380165
train,40,79,109.0,106.98111,-2.0188904
train,40,80,108.0,106.08951,-1.910492
train,40,81,107.0,99.37254,-7.6274567
train,40,82,106.0,96.84386,-9.156143
train,40,83,105.0,94.29251,-10.707489
train,40,84,104.0,92.32605,-11.67395
train,40,85,103.0,88.649124,-14.350876
train,40,86,102.0,92.84397,-9.156029
train,40,87,101.0,86.70943,-14.290573
train,40,88,100.0,87.05357,-12.946426
train,40,89,99.0,83.17164,-15.8283615
train,40,90,98.0,84.46393,-13.536072
train,40,91,97.0,76.90521,-20.094788
train,40,92,96.0,77.19287,-18.807129
train,40,93,95.0,76.71972,-18.280281
train,40,94,94.0,76.07542,-17.924583
train,40,95,93.0,74.48679,-18.513206
train,40,96,92.0,71.98975,-20.010246
train,40,97,91.0,68.607056,-22.392944
train,40,98,90.0,67.40312,-22.596878
train,40,99,89.0,71.14748,-17.852524
train,40,100,88.0,78.20684,-9.7931595
train,40,101,87.0,79.10563,-7.894371
train,40,102,86.0,70.98813,-15.011871
train,40,103,85.0,66.67477,-18.325233
train,40,104,84.0,71.592834,-12.407166
train,40,105,83.0,76.21704,-6.782959
train,40,106,82.0,72.44448,-9.555519
train,40,107,81.0,72.2581,-8.741898
train,40,108,80.0,68.668365,-11.3316345
train,40,109,79.0,73.31905,-5.6809464
train,40,110,78.0,74.84169,-3.15831
train,40,111,77.0,70.81102,-6.18898
train,40,112,76.0,71.75104,-4.2489624
train,40,113,75.0,74.04494,-0.95506287
train,40,114,74.0,68.447365,-5.552635
train,40,115,73.0,73.972595,0.9725952
train,40,116,72.0,70.68942,-1.3105774
train,40,117,71.0,63.147797,-7.8522034
train,40,118,70.0,58.34049,-11.659512
train,40,119,69.0,57.342705,-11.657295
train,40,120,68.0,51.879448,-16.120552
train,40,121,67.0,53.876778,-13.123222
train,40,122,66.0,52.29013,-13.709869
train,40,123,65.0,53.213207,-11.786793
train,40,124,64.0,53.59725,-10.402748
train,40,125,63.0,57.99313,-5.0068703
train,40,126,62.0,57.183956,-4.816044
train,40,127,61.0,57.497154,-3.5028458
train,40,128,60.0,58.575005,-1.4249954
train,40,129,59.0,54.615593,-4.384407
train,40,130,58.0,52.553974,-5.446026
train,40,131,57.0,53.343105,-3.6568947
train,40,132,56.0,52.868935,-3.1310654
train,40,133,55.0,52.664215,-2.335785
train,40,134,54.0,54.921722,0.9217224
train,40,135,53.0,52.8784,-0.121601105
train,40,136,52.0,51.80633,-0.19366837
train,40,137,51.0,53.38526,2.3852615
train,40,138,50.0,53.782234,3.7822342
train,40,139,49.0,57.43997,8.439968
train,40,140,48.0,56.82395,8.823952
train,40,141,47.0,56.62234,9.622341
train,40,142,46.0,53.498707,7.498707
train,40,143,45.0,57.7821,12.782101
train,40,144,44.0,51.790634,7.790634
train,40,145,43.0,47.311348,4.311348
train,40,146,42.0,49.46279,7.4627914
train,40,147,41.0,52.343613,11.343613
train,40,148,40.0,53.45246,13.452461
train,40,149,39.0,50.860313,11.860313
train,40,150,38.0,46.15032,8.150318
train,40,151,37.0,44.268597,7.2685966
train,40,152,36.0,42.437126,6.437126
train,40,153,35.0,41.14733,6.147331
train,40,154,34.0,38.506355,4.5063553
train,40,155,33.0,31.920504,-1.0794964
train,40,156,32.0,30.361761,-1.6382389
train,40,157,31.0,29.233526,-1.7664738
train,40,158,30.0,28.097307,-1.9026928
train,40,159,29.0,23.316853,-5.6831474
train,40,160,28.0,24.996553,-3.0034466
train,40,161,27.0,22.481846,-4.518154
train,40,162,26.0,20.717125,-5.282875
train,40,163,25.0,20.982668,-4.017332
train,40,164,24.0,17.840303,-6.1596966
train,40,165,23.0,16.17975,-6.8202496
train,40,166,22.0,14.3279,-7.6721
train,40,167,21.0,15.730606,-5.269394
train,40,168,20.0,13.613937,-6.3860626
train,40,169,19.0,14.620617,-4.379383
train,40,170,18.0,14.349445,-3.6505547
train,40,171,17.0,11.432632,-5.5673676
train,40,172,16.0,13.189377,-2.8106232
train,40,173,15.0,7.9638023,-7.0361977
train,40,174,14.0,11.966637,-2.0333633
train,40,175,13.0,9.630714,-3.3692856
train,40,176,12.0,5.962864,-6.037136
train,40,177,11.0,5.891411,-5.108589
train,40,178,10.0,5.2633324,-4.7366676
train,40,179,9.0,5.6114464,-3.3885536
train,40,180,8.0,5.027363,-2.9726372
train,40,181,7.0,6.214863,-0.7851372
train,40,182,6.0,3.8079376,-2.1920624
train,40,183,5.0,2.5864182,-2.4135818
train,40,184,4.0,1.3180655,-2.6819344
train,40,185,3.0,-0.4912454,-3.4912453
train,40,186,2.0,-7.0725594,-9.072559
train,40,187,1.0,-8.386261,-9.386261
train,40,188,0.0,-13.477791,-13.477791
train,41,30,186.0,148.7788,-37.221207
train,41,31,185.0,150.68335,-34.31665
train,41,32,184.0,143.40257,-40.597427
train,41,33,183.0,142.19485,-40.805145
train,41,34,182.0,139.93396,-42.06604
train,41,35,181.0,148.21606,-32.783936
train,41,36,180.0,145.63876,-34.361237
train,41,37,179.0,151.54764,-27.452362
train,41,38,178.0,148.84988,-29.150116
train,41,39,177.0,151.31316,-25.686844
train,41,40,176.0,150.44571,-25.55429
train,41,41,175.0,151.80487,-23.19513
train,41,42,174.0,149.99638,-24.003616
train,41,43,173.0,159.79726,-13.202744
train,41,44,172.0,164.94728,-7.052719
train,41,45,171.0,168.27551,-2.7244873
train,41,46,170.0,166.19962,-3.8003845
train,41,47,169.0,162.19531,-6.8046875
train,41,48,168.0,156.68195,-11.318054
train,41,49,167.0,149.38785,-17.612152
train,41,50,166.0,142.92776,-23.072235
train,41,51,165.0,138.95673,-26.043274
train,41,52,164.0,141.04688,-22.953125
train,41,53,163.0,134.39294,-28.607056
train,41,54,162.0,142.8329,-19.167099
train,41,55,161.0,136.04306,-24.95694
train,41,56,160.0,141.6196,-18.380402
train,41,57,159.0,139.43379,-19.566208
train,41,58,158.0,132.96098,-25.039017
train,41,59,157.0,135.6723,-21.327698
train,41,60,156.0,136.30527,-19.694733
train,41,61,155.0,141.68617,-13.3138275
train,41,62,154.0,140.60127,-13.398727
train,41,63,153.0,136.84988,-16.150116
train,41,64,152.0,132.32785,-19.67215
train,41,65,151.0,130.3523,-20.647705
train,41,66,150.0,126.4787,-23.521301
train,41,67,149.0,129.21164,-19.78836
train,41,68,148.0,123.715324,-24.284676
train,41,69,147.0,122.579666,-24.420334
train,41,70,146.0,139.90091,-6.0990906
train,41,71,145.0,146.20981,1.2098083
train,41,72,144.0,151.99164,7.991638
train,41,73,143.0,150.978,7.977997
train,41,74,142.0,150.14694,8.146942
train,41,75,141.0,145.15363,4.1536255
train,41,76,140.0,144.23155,4.231552
train,41,77,139.0,145.43678,6.436783
train,41,78,138.0,154.77557,16.775574
train,41,79,137.0,144.76666,7.7666626
train,41,80,136.0,140.14154,4.1415405
train,41,81,135.0,148.28711,13.287109
train,41,82,134.0,157.00098,23.000977
train,41,83,133.0,156.15303,23.15303
train,41,84,132.0,163.95184,31.951843
train,41,85,131.0,156.9314,25.931396
train,41,86,130.0,163.5036,33.5036
train,41,87,129.0,135.27902,6.279022
train,41,88,128.0,136.5203,8.520294
train,41,89,127.0,136.86636,9.866364
train,41,90,126.0,133.93266,7.932663
train,41,91,125.0,132.41434,7.414337
train,41,92,124.0,137.04355,13.043549
train,41,93,123.0,125.03572,2.0357208
train,41,94,122.0,122.32271,0.32270813
train,41,95,121.0,122.19335,1.1933517
train,41,96,120.0,114.15298,-5.847023
train,41,97,119.0,107.350174,-11.649826
train,41,98,118.0,104.64634,-13.353661
train,41,99,117.0,110.39534,-6.60466
train,41,100,116.0,94.41059,-21.589409
train,41,101,115.0,97.313736,-17.686264
train,41,102,114.0,93.912224,-20.087776
train,41,103,113.0,94.497375,-18.502625
train,41,104,112.0,103.37854,-8.62146
train,41,105,111.0,96.69788,-14.302116
train,41,106,110.0,93.87601,-16.123993
train,41,107,109.0,93.37327,-15.626732
train,41,108,108.0,94.48283,-13.517174
train,41,109,107.0,89.23639,-17.76361
train,41,110,106.0,89.18201,-16.817993
train,41,111,105.0,95.74289,-9.257111
train,41,112,104.0,93.30586,-10.694138
train,41,113,103.0,87.75753,-15.24247
train,41,114,102.0,90.542465,-11.457535
train,41,115,101.0,96.96849,-4.0315094
train,41,116,100.0,92.42644,-7.5735626
train,41,117,99.0,89.66083,-9.339172
train,41,118,98.0,86.666435,-11.333565
train,41,119,97.0,92.220566,-4.779434
train,41,120,96.0,94.02952,-1.9704819
train,41,121,95.0,93.44502,-1.5549774
train,41,122,94.0,89.24425,-4.7557526
train,41,123,93.0,84.925354,-8.074646
train,41,124,92.0,79.14861,-12.851387
train,41,125,91.0,78.490105,-12.509895
train,41,126,90.0,78.64572,-11.354279
train,41,127,89.0,77.31603,-11.683968
train,41,128,88.0,72.316345,-15.683655
train,41,129,87.0,77.3396,-9.6604
train,41,130,86.0,76.817345,-9.182655
train,41,131,85.0,78.86373,-6.1362686
train,41,132,84.0,69.841934,-14.158066
train,41,133,83.0,72.42363,-10.57637
train,41,134,82.0,77.32202,-4.6779785
train,41,135,81.0,77.18202,-3.817978
train,41,136,80.0,77.609764,-2.390236
train,41,137,79.0,79.92992,0.9299164
train,41,138,78.0,76.25442,-1.7455826
train,41,139,77.0,72.83432,-4.16568
train,41,140,76.0,70.73199,-5.268013
train,41,141,75.0,67.73398,-7.2660217
train,41,142,74.0,86.531006,12.531006
train,41,143,73.0,80.90812,7.908119
train,41,144,72.0,88.09535,16.095352
train,41,145,71.0,87.35405,16.35405
train,41,146,70.0,84.24112,14.241119
train,41,147,69.0,78.092766,9.092766
train,41,148,68.0,77.10997,9.10997
train,41,149,67.0,79.160355,12.160355
train,41,150,66.0,74.316986,8.316986
train,41,151,65.0,74.12265,9.12265
train,41,152,64.0,71.1127,7.1127014
train,41,153,63.0,65.71594,2.7159424
train,41,154,62.0,64.07656,2.076561
train,41,155,61.0,66.908066,5.908066
train,41,156,60.0,58.33387,-1.6661301
train,41,157,59.0,63.642616,4.6426163
train,41,158,58.0,63.03883,5.03883
train,41,159,57.0,60.40006,3.4000587
train,41,160,56.0,61.137337,5.1373367
train,41,161,55.0,58.85965,3.8596497
train,41,162,54.0,53.912895,-0.0871048
train,41,163,53.0,52.553318,-0.44668198
train,41,164,52.0,55.26613,3.2661285
train,41,165,51.0,52.522873,1.5228729
train,41,166,50.0,55.06549,5.0654907
train,41,167,49.0,52.721878,3.721878
train,41,168,48.0,49.48053,1.4805298
train,41,169,47.0,48.06491,1.0649109
train,41,170,46.0,49.02372,3.0237198
train,41,171,45.0,53.720875,8.720875
train,41,172,44.0,50.785168,6.7851677
train,41,173,43.0,55.563515,12.563515
train,41,174,42.0,55.426987,13.426987
train,41,175,41.0,50.861874,9.861874
train,41,176,40.0,55.26139,15.261391
train,41,177,39.0,55.675865,16.675865
train,41,178,38.0,55.361603,17.361603
train,41,179,37.0,56.81858,19.81858
train,41,180,36.0,52.77874,16.77874
train,41,181,35.0,48.50127,13.50127
train,41,182,34.0,52.409737,18.409737
train,41,183,33.0,49.402214,16.402214
train,41,184,32.0,46.205593,14.205593
train,41,185,31.0,46.317787,15.317787
train,41,186,30.0,43.846436,13.846436
train,41,187,29.0,39.51593,10.51593
train,41,188,28.0,38.30455,10.30455
train,41,189,27.0,31.265242,4.2652416
train,41,190,26.0,32.540688,6.5406876
train,41,191,25.0,30.627144,5.627144
train,41,192,24.0,29.05399,5.0539894
train,41,193,23.0,26.090492,3.0904922
train,41,194,22.0,25.391136,3.3911362
train,41,195,21.0,26.911747,5.911747
train,41,196,20.0,27.687424,7.6874237
train,41,197,19.0,28.237043,9.237043
train,41,198,18.0,24.946121,6.946121
train,41,199,17.0,25.145882,8.145882
train,41,200,16.0,26.647783,10.647783
train,41,201,15.0,25.953415,10.953415
train,41,202,14.0,25.215933,11.215933
train,41,203,13.0,27.411282,14.411282
train,41,204,12.0,22.345825,10.345825
train,41,205,11.0,22.585676,11.585676
train,41,206,10.0,19.398167,9.398167
train,41,207,9.0,17.151909,8.151909
train,41,208,8.0,16.180565,8.180565
train,41,209,7.0,16.976685,9.976685
train,41,210,6.0,18.605648,12.605648
train,41,211,5.0,16.832312,11.832312
train,41,212,4.0,15.784231,11.784231
train,41,213,3.0,14.746839,11.746839
train,41,214,2.0,12.97738,10.97738
train,41,215,1.0,11.797601,10.797601
train,41,216,0.0,10.712652,10.712652
train,42,30,166.0,134.28825,-31.711746
train,42,31,165.0,136.32175,-28.678253
train,42,32,164.0,134.19257,-29.807434
train,42,33,163.0,123.85146,-39.148537
train,42,34,162.0,112.97565,-49.024353
train,42,35,161.0,112.20889,-48.791107
train,42,36,160.0,111.46842,-48.531578
train,42,37,159.0,119.616806,-39.383194
train,42,38,158.0,128.61794,-29.382065
train,42,39,157.0,123.07406,-33.92594
train,42,40,156.0,114.695404,-41.304596
train,42,41,155.0,118.10484,-36.895157
train,42,42,154.0,122.898346,-31.101654
train,42,43,153.0,122.6481,-30.351898
train,42,44,152.0,132.60983,-19.390167
train,42,45,151.0,124.06923,-26.93077
train,42,46,150.0,123.11521,-26.884789
train,42,47,149.0,117.9152,-31.0848
train,42,48,148.0,121.22034,-26.779663
train,42,49,147.0,121.13699,-25.863007
train,42,50,146.0,112.09992,-33.900078
train,42,51,145.0,121.384865,-23.615135
train,42,52,144.0,127.62561,-16.37439
train,42,53,143.0,129.71545,-13.284546
train,42,54,142.0,129.9458,-12.054199
train,42,55,141.0,126.70114,-14.298859
train,42,56,140.0,122.19997,-17.800034
train,42,57,139.0,117.01583,-21.984169
train,42,58,138.0,112.2878,-25.712196
train,42,59,137.0,115.55736,-21.442642
train,42,60,136.0,115.20457,-20.795433
train,42,61,135.0,104.247345,-30.752655
train,42,62,134.0,98.66148,-35.338516
train,42,63,133.0,97.180374,-35.819626
train,42,64,132.0,101.19405,-30.805946
train,42,65,131.0,110.168884,-20.831116
train,42,66,130.0,107.88643,-22.113571
train,42,67,129.0,107.18024,-21.819763
train,42,68,128.0,107.216324,-20.783676
train,42,69,127.0,107.70569,-19.294312
train,42,70,126.0,102.066475,-23.933525
train,42,71,125.0,101.0473,-23.952698
train,42,72,124.0,100.58821,-23.411789
train,42,73,123.0,96.92253,-26.077469
train,42,74,122.0,91.41397,-30.58603
train,42,75,121.0,94.238396,-26.761604
train,42,76,120.0,96.504585,-23.495415
train,42,77,119.0,109.30524,-9.694763
train,42,78,118.0,110.38478,-7.615219
train,42,79,117.0,104.6232,-12.376801
train,42,80,116.0,99.15866,-16.84134
train,42,81,115.0,114.91979,-0.080207825
train,42,82,114.0,116.642365,2.6423645
train,42,83,113.0,109.434494,-3.565506
train,42,84,112.0,122.46504,10.465042
train,42,85,111.0,129.5022,18.502197
train,42,86,110.0,128.48445,18.484451
train,42,87,109.0,121.13631,12.136307
train,42,88,108.0,119.80685,11.806847
train,42,89,107.0,123.76767,16.76767
train,42,90,106.0,126.604866,20.604866
train,42,91,105.0,127.22957,22.229568
train,42,92,104.0,134.17024,30.170242
train,42,93,103.0,128.81958,25.81958
train,42,94,102.0,123.63954,21.639542
train,42,95,101.0,125.68302,24.683022
train,42,96,100.0,128.46738,28.467377
train,42,97,99.0,126.50598,27.505981
train,42,98,98.0,117.966064,19.966064
train,42,99,97.0,127.27551,30.275513
train,42,100,96.0,114.42094,18.420937
train,42,101,95.0,121.321884,26.321884
train,42,102,94.0,120.674774,26.674774
train,42,103,93.0,120.24239,27.242393
train,42,104,92.0,120.74614,28.74614
train,42,105,91.0,114.71304,23.713043
train,42,106,90.0,122.65305,32.653053
train,42,107,89.0,117.063614,28.063614
train,42,108,88.0,107.94019,19.940193
train,42,109,87.0,105.4827,18.482697
train,42,110,86.0,109.40924,23.40924
train,42,111,85.0,105.32267,20.32267
train,42,112,84.0,97.42691,13.42691
train,42,113,83.0,90.41349,7.4134903
train,42,114,82.0,90.81636,8.81636
train,42,115,81.0,91.65026,10.650261
train,42,116,80.0,77.38171,-2.6182938
train,42,117,79.0,74.66692,-4.3330765
train,42,118,78.0,76.943184,-1.0568161
train,42,119,77.0,76.740135,-0.2598648
train,42,120,76.0,75.36634,-0.63365936
train,42,121,75.0,80.67381,5.673813
train,42,122,74.0,83.06127,9.061272
train,42,123,73.0,75.72625,2.7262497
train,42,124,72.0,76.44644,4.4464417
train,42,125,71.0,76.65796,5.657959
train,42,126,70.0,88.59714,18.597137
train,42,127,69.0,89.756775,20.756775
train,42,128,68.0,82.110344,14.110344
train,42,129,67.0,78.39251,11.392509
train,42,130,66.0,76.76554,10.765541
train,42,131,65.0,89.39279,24.392792
train,42,132,64.0,80.04616,16.046158
train,42,133,63.0,73.75355,10.753548
train,42,134,62.0,70.353004,8.353004
train,42,135,61.0,75.17187,14.171867
train,42,136,60.0,74.395615,14.395615
train,42,137,59.0,70.63748,11.637482
train,42,138,58.0,70.86222,12.862221
train,42,139,57.0,67.76088,10.7608795
train,42,140,56.0,70.0177,14.0177
train,42,141,55.0,69.71968,14.719681
train,42,142,54.0,69.687836,15.687836
train,42,143,53.0,62.805286,9.805286
train,42,144,52.0,63.139046,11.139046
train,42,145,51.0,65.57433,14.574333
train,42,146,50.0,61.732,11.731998
train,42,147,49.0,64.58358,15.58358
train,42,148,48.0,58.312553,10.312553
train,42,149,47.0,56.704124,9.704124
train,42,150,46.0,55.36334,9.363338
train,42,151,45.0,54.304577,9.304577
train,42,152,44.0,57.58616,13.586159
train,42,153,43.0,54.175858,11.175858
train,42,154,42.0,53.959503,11.959503
train,42,155,41.0,55.486435,14.486435
train,42,156,40.0,61.972443,21.972443
train,42,157,39.0,68.899536,29.899536
train,42,158,38.0,67.93049,29.930489
train,42,159,37.0,70.17618,33.176178
train,42,160,36.0,67.326416,31.326416
train,42,161,35.0,66.66771,31.66771
train,42,162,34.0,64.206,30.206001
train,42,163,33.0,64.742355,31.742355
train,42,164,32.0,61.415478,29.415478
train,42,165,31.0,64.65786,33.65786
train,42,166,30.0,62.656498,32.656498
train,42,167,29.0,61.052734,32.052734
train,42,168,28.0,54.84659,26.846588
train,42,169,27.0,53.314434,26.314434
train,42,170,26.0,49.997307,23.997307
train,42,171,25.0,54.79327,29.79327
train,42,172,24.0,49.689873,25.689873
train,42,173,23.0,47.268486,24.268486
train,42,174,22.0,45.723507,23.723507
train,42,175,21.0,42.2172,21.217201
train,42,176,20.0,38.963837,18.963837
train,42,177,19.0,41.390305,22.390305
train,42,178,18.0,36.689278,18.689278
train,42,179,17.0,36.463707,19.463707
train,42,180,16.0,31.295961,15.295961
train,42,181,15.0,28.99514,13.99514
train,42,182,14.0,26.580238,12.580238
train,42,183,13.0,23.778376,10.778376
train,42,184,12.0,20.814928,8.814928
train,42,185,11.0,19.268057,8.268057
train,42,186,10.0,18.149776,8.149776
train,42,187,9.0,18.090317,9.090317
train,42,188,8.0,18.262495,10.262495
train,42,189,7.0,18.403133,11.403133
train,42,190,6.0,15.220657,9.220657
train,42,191,5.0,12.162903,7.162903
train,42,192,4.0,13.071728,9.071728
train,42,193,3.0,7.33823,4.33823
train,42,194,2.0,2.3044434,0.30444336
train,42,195,1.0,2.5689049,1.5689049
train,42,196,0.0,1.6947287,1.6947287
train,44,30,162.0,159.86,-2.1399994
train,44,31,161.0,152.96054,-8.039459
train,44,32,160.0,149.05319,-10.946808
train,44,33,159.0,140.95912,-18.040878
train,44,34,158.0,137.91153,-20.08847
train,44,35,157.0,145.45935,-11.540649
train,44,36,156.0,141.42781,-14.572189
train,44,37,155.0,138.12135,-16.878647
train,44,38,154.0,138.21143,-15.788574
train,44,39,153.0,136.66989,-16.330109
train,44,40,152.0,141.51315,-10.486847
train,44,41,151.0,135.55835,-15.44165
train,44,42,150.0,131.30038,-18.699615
train,44,43,149.0,127.45233,-21.547668
train,44,44,148.0,134.2547,-13.7453
train,44,45,147.0,138.32579,-8.67421
train,44,46,146.0,133.95169,-12.048309
train,44,47,145.0,133.7284,-11.271606
train,44,48,144.0,138.02264,-5.977356
train,44,49,143.0,138.2248,-4.7752075
train,44,50,142.0,151.17268,9.172684
train,44,51,141.0,144.72116,3.721161
train,44,52,140.0,142.16449,2.1644897
train,44,53,139.0,141.06125,2.0612488
train,44,54,138.0,143.02817,5.0281677
train,44,55,137.0,132.5579,-4.442093
train,44,56,136.0,137.67813,1.6781311
train,44,57,135.0,145.43443,10.434433
train,44,58,134.0,148.16406,14.1640625
train,44,59,133.0,145.40692,12.406921
train,44,60,132.0,152.88297,20.882965
train,44,61,131.0,153.77875,22.778748
train,44,62,130.0,147.47691,17.476913
train,44,63,129.0,141.07997,12.079971
train,44,64,128.0,153.99634,25.996338
train,44,65,127.0,151.43466,24.434662
train,44,66,126.0,144.81079,18.810791
train,44,67,125.0,135.36998,10.36998
train,44,68,124.0,133.35863,9.358627
train,44,69,123.0,127.92093,4.920929
train,44,70,122.0,136.31427,14.31427
train,44,71,121.0,144.9578,23.957794
train,44,72,120.0,143.44061,23.440613
train,44,73,119.0,137.49579,18.495789
train,44,74,118.0,147.82907,29.829071
train,44,75,117.0,147.93803,30.938034
train,44,76,116.0,146.55629,30.55629
train,44,77,115.0,138.25345,23.253448
train,44,78,114.0,137.87704,23.877045
train,44,79,113.0,135.09433,22.09433
train,44,80,112.0,136.00447,24.00447
train,44,81,111.0,130.99474,19.994736
train,44,82,110.0,122.17706,12.177063
train,44,83,109.0,134.75655,25.756546
train,44,84,108.0,127.53107,19.531067
train,44,85,107.0,122.94589,15.945892
train,44,86,106.0,118.853714,12.853714
train,44,87,105.0,118.38971,13.389709
train,44,88,104.0,109.2473,5.247299
train,44,89,103.0,112.67944,9.679443
train,44,90,102.0,102.57712,0.5771179
train,44,91,101.0,100.91876,-0.08123779
train,44,92,100.0,95.366066,-4.633934
train,44,93,99.0,99.85684,0.85684204
train,44,94,98.0,103.18727,5.187271
train,44,95,97.0,96.07408,-0.9259186
train,44,96,96.0,94.83449,-1.1655121
train,44,97,95.0,90.346535,-4.6534653
train,44,98,94.0,78.26366,-15.736343
train,44,99,93.0,74.68448,-18.315521
train,44,100,92.0,78.46608,-13.53392
train,44,101,91.0,82.60051,-8.39949
train,44,102,90.0,75.60061,-14.399391
train,44,103,89.0,72.70235,-16.297653
train,44,104,88.0,71.793625,-16.206375
train,44,105,87.0,74.81158,-12.188423
train,44,106,86.0,78.75064,-7.249359
train,44,107,85.0,71.47048,-13.529518
train,44,108,84.0,66.939606,-17.060394
train,44,109,83.0,67.32518,-15.67482
train,44,110,82.0,70.17503,-11.824966
train,44,111,81.0,63.21378,-17.78622
train,44,112,80.0,70.0614,-9.938599
train,44,113,79.0,67.407555,-11.592445
train,44,114,78.0,73.38571,-4.6142883
train,44,115,77.0,77.71985,0.71984863
train,44,116,76.0,73.106,-2.8939972
train,44,117,75.0,73.280174,-1.7198257
train,44,118,74.0,73.52682,-0.47318268
train,44,119,73.0,76.184105,3.184105
train,44,120,72.0,75.75216,3.752159
train,44,121,71.0,72.24429,1.2442932
train,44,122,70.0,74.8161,4.816101
train,44,123,69.0,74.11676,5.1167603
train,44,124,68.0,71.43181,3.4318085
train,44,125,67.0,94.16989,27.169891
train,44,126,66.0,95.75317,29.753166
train,44,127,65.0,91.44727,26.447273
train,44,128,64.0,82.80396,18.803963
train,44,129,63.0,85.68526,22.685257
train,44,130,62.0,85.77376,23.773758
train,44,131,61.0,89.45783,28.457832
train,44,132,60.0,88.11095,28.110947
train,44,133,59.0,89.51687,30.516869
train,44,134,58.0,80.36769,22.367691
train,44,135,57.0,71.20535,14.205353
train,44,136,56.0,68.49205,12.49205
train,44,137,55.0,65.780304,10.780304
train,44,138,54.0,64.144905,10.144905
train,44,139,53.0,57.47468,4.474682
train,44,140,52.0,55.76425,3.7642517
train,44,141,51.0,58.152214,7.152214
train,44,142,50.0,56.59448,6.5944786
train,44,143,49.0,52.164436,3.1644363
train,44,144,48.0,52.384277,4.3842773
train,44,145,47.0,51.333595,4.3335953
train,44,146,46.0,50.40586,4.405861
train,44,147,45.0,52.754787,7.7547874
train,44,148,44.0,49.573814,5.5738144
train,44,149,43.0,47.689247,4.689247
train,44,150,42.0,43.44916,1.4491615
train,44,151,41.0,43.47643,2.476429
train,44,152,40.0,41.690933,1.6909332
train,44,153,39.0,39.234856,0.23485565
train,44,154,38.0,36.17871,-1.8212891
train,44,155,37.0,34.746376,-2.253624
train,44,156,36.0,38.638412,2.6384125
train,44,157,35.0,43.16104,8.161041
train,44,158,34.0,47.951675,13.951675
train,44,159,33.0,47.104156,14.1041565
train,44,160,32.0,48.46623,16.466228
train,44,161,31.0,46.06328,15.063278
train,44,162,30.0,45.200714,15.200714
train,44,163,29.0,45.587887,16.587887
train,44,164,28.0,45.002945,17.002945
train,44,165,27.0,40.177364,13.177364
train,44,166,26.0,39.91356,13.913559
train,44,167,25.0,41.9869,16.9869
train,44,168,24.0,38.428734,14.428734
train,44,169,23.0,36.425148,13.425148
train,44,170,22.0,36.560863,14.5608635
train,44,171,21.0,35.13927,14.139271
train,44,172,20.0,28.51006,8.510059
train,44,173,19.0,25.85749,6.8574905
train,44,174,18.0,22.978418,4.9784184
train,44,175,17.0,19.196106,2.196106
train,44,176,16.0,14.807571,-1.1924286
train,44,177,15.0,17.879759,2.8797588
train,44,178,14.0,18.2182,4.2182007
train,44,179,13.0,18.039883,5.0398827
train,44,180,12.0,16.326765,4.326765
train,44,181,11.0,12.81646,1.8164597
train,44,182,10.0,7.215122,-2.7848778
train,44,183,9.0,10.538948,1.538948
train,44,184,8.0,8.0457115,0.045711517
train,44,185,7.0,5.6334305,-1.3665695
train,44,186,6.0,5.517002,-0.4829979
train,44,187,5.0,2.1194706,-2.8805294
train,44,188,4.0,2.8625107,-1.1374893
train,44,189,3.0,-1.4971734,-4.4971733
train,44,190,2.0,-3.7723446,-5.7723446
train,44,191,1.0,-6.2974396,-7.2974396
train,44,192,0.0,-9.393036,-9.393036
train,45,30,128.0,185.57652,57.576523
train,45,31,127.0,183.9794,56.9794
train,45,32,126.0,179.47055,53.47055
train,45,33,125.0,179.37648,54.37648
train,45,34,124.0,180.42953,56.429535
train,45,35,123.0,184.04028,61.040283
train,45,36,122.0,184.18677,62.186768
train,45,37,121.0,177.3944,56.394394
train,45,38,120.0,176.02185,56.02185
train,45,39,119.0,173.37668,54.37668
train,45,40,118.0,174.21503,56.215027
train,45,41,117.0,171.71959,54.71959
train,45,42,116.0,171.64902,55.649017
train,45,43,115.0,179.42952,64.42952
train,45,44,114.0,177.28787,63.287872
train,45,45,113.0,171.9415,58.941498
train,45,46,112.0,162.93808,50.93808
train,45,47,111.0,164.57053,53.570526
train,45,48,110.0,161.03424,51.03424
train,45,49,109.0,161.41101,52.41101
train,45,50,108.0,157.82983,49.829834
train,45,51,107.0,151.48279,44.482788
train,45,52,106.0,149.61575,43.615753
train,45,53,105.0,141.89844,36.898438
train,45,54,104.0,139.57169,35.571686
train,45,55,103.0,134.69432,31.69432
train,45,56,102.0,134.60513,32.605133
train,45,57,101.0,138.07031,37.070312
train,45,58,100.0,135.8808,35.8808
train,45,59,99.0,136.73753,37.737534
train,45,60,98.0,128.38335,30.383347
train,45,61,97.0,135.10765,38.10765
train,45,62,96.0,124.15045,28.150452
train,45,63,95.0,141.8093,46.809296
train,45,64,94.0,139.28247,45.28247
train,45,65,93.0,136.80026,43.800262
train,45,66,92.0,139.36224,47.362244
train,45,67,91.0,139.49411,48.49411
train,45,68,90.0,142.50142,52.50142
train,45,69,89.0,142.4931,53.493103
train,45,70,88.0,144.82599,56.82599
train,45,71,87.0,144.92404,57.92404
train,45,72,86.0,136.46338,50.46338
train,45,73,85.0,149.88672,64.88672
train,45,74,84.0,151.09319,67.093185
train,45,75,83.0,145.48712,62.48712
train,45,76,82.0,145.01538,63.01538
train,45,77,81.0,137.06027,56.060272
train,45,78,80.0,142.03961,62.03961
train,45,79,79.0,129.58766,50.58766
train,45,80,78.0,126.63768,48.63768
train,45,81,77.0,125.44982,48.44982
train,45,82,76.0,120.24695,44.24695
train,45,83,75.0,107.34708,32.347076
train,45,84,74.0,110.55783,36.55783
train,45,85,73.0,114.517136,41.517136
train,45,86,72.0,113.45889,41.458893
train,45,87,71.0,109.29953,38.29953
train,45,88,70.0,102.168495,32.168495
train,45,89,69.0,100.71834,31.718338
train,45,90,68.0,98.23976,30.239761
train,45,91,67.0,84.12669,17.126694
train,45,92,66.0,81.55971,15.559708
train,45,93,65.0,82.308655,17.308655
train,45,94,64.0,84.49429,20.494293
train,45,95,63.0,83.60559,20.60559
train,45,96,62.0,84.74925,22.749252
train,45,97,61.0,73.44524,12.445236
train,45,98,60.0,71.48477,11.484772
train,45,99,59.0,65.940605,6.940605
train,45,100,58.0,59.337357,1.3373566
train,45,101,57.0,63.24807,6.24807
train,45,102,56.0,57.54474,1.5447388
train,45,103,55.0,65.84555,10.845551
train,45,104,54.0,64.97468,10.974678
train,45,105,53.0,64.77462,11.77462
train,45,106,52.0,59.559715,7.5597153
train,45,107,51.0,66.858444,15.858444
train,45,108,50.0,68.71784,18.717842
train,45,109,49.0,65.4886,16.488602
train,45,110,48.0,62.61103,14.611031
train,45,111,47.0,63.874695,16.874695
train,45,112,46.0,60.848595,14.848595
train,45,113,45.0,59.07884,14.078838
train,45,114,44.0,58.81507,14.815071
train,45,115,43.0,61.492485,18.492485
train,45,116,42.0,55.393623,13.393623
train,45,117,41.0,52.455994,11.455994
train,45,118,40.0,48.717815,8.717815
train,45,119,39.0,48.747726,9.747726
train,45,120,38.0,48.053158,10.053158
train,45,121,37.0,48.032715,11.032715
train,45,122,36.0,47.476887,11.476887
train,45,123,35.0,51.229237,16.229237
train,45,124,34.0,57.072914,23.072914
train,45,125,33.0,58.936,25.936
train,45,126,32.0,57.400414,25.400414
train,45,127,31.0,54.080948,23.080948
train,45,128,30.0,50.156715,20.156715
train,45,129,29.0,52.40485,23.40485
train,45,130,28.0,50.78784,22.787842
train,45,131,27.0,50.376587,23.376587
train,45,132,26.0,48.588913,22.588913
train,45,133,25.0,47.62394,22.62394
train,45,134,24.0,47.332962,23.332962
train,45,135,23.0,43.339966,20.339966
train,45,136,22.0,41.82109,19.82109
train,45,137,21.0,38.146446,17.146446
train,45,138,20.0,34.675404,14.675404
train,45,139,19.0,32.93788,13.937881
train,45,140,18.0,30.351126,12.351126
train,45,141,17.0,32.150875,15.150875
train,45,142,16.0,31.596794,15.596794
train,45,143,15.0,32.498245,17.498245
train,45,144,14.0,31.254585,17.254585
train,45,145,13.0,28.278076,15.278076
train,45,146,12.0,23.100212,11.100212
train,45,147,11.0,24.5089,13.5089
train,45,148,10.0,19.678392,9.678392
train,45,149,9.0,20.45159,11.45159
train,45,150,8.0,18.52473,10.524731
train,45,151,7.0,20.064753,13.064753
train,45,152,6.0,20.585983,14.585983
train,45,153,5.0,9.124008,4.124008
train,45,154,4.0,6.752018,2.752018
train,45,155,3.0,4.8293686,1.8293686
train,45,156,2.0,-1.340931,-3.340931
train,45,157,1.0,-4.125931,-5.125931
train,45,158,0.0,-8.846558,-8.846558
train,46,30,226.0,190.13147,-35.86853
train,46,31,225.0,182.64421,-42.35579
train,46,32,224.0,185.30618,-38.693817
train,46,33,223.0,184.79486,-38.20514
train,46,34,222.0,189.52347,-32.476532
train,46,35,221.0,193.50461,-27.495392
train,46,36,220.0,187.68799,-32.31201
train,46,37,219.0,193.0129,-25.987106
train,46,38,218.0,187.08351,-30.916489
train,46,39,217.0,191.28534,-25.71466
train,46,40,216.0,193.36295,-22.637054
train,46,41,215.0,183.806,-31.194
train,46,42,214.0,179.36618,-34.63382
train,46,43,213.0,182.19116,-30.808838
train,46,44,212.0,178.97086,-33.029144
train,46,45,211.0,180.93436,-30.065643
train,46,46,210.0,176.33873,-33.66127
train,46,47,209.0,177.21657,-31.783432
train,46,48,208.0,172.50464,-35.49536
train,46,49,207.0,167.32196,-39.67804
train,46,50,206.0,162.66487,-43.33513
train,46,51,205.0,162.39432,-42.605682
train,46,52,204.0,158.16092,-45.83908
train,46,53,203.0,161.7905,-41.209503
train,46,54,202.0,150.49617,-51.50383
train,46,55,201.0,152.89276,-48.10724
train,46,56,200.0,154.33228,-45.667725
train,46,57,199.0,156.4263,-42.5737
train,46,58,198.0,164.49695,-33.50305
train,46,59,197.0,166.37732,-30.62268
train,46,60,196.0,172.29477,-23.70523
train,46,61,195.0,187.4975,-7.5025024
train,46,62,194.0,192.72578,-1.2742157
train,46,63,193.0,204.86429,11.864288
train,46,64,192.0,212.62637,20.626373
train,46,65,191.0,209.7081,18.7081
train,46,66,190.0,199.25833,9.258331
train,46,67,189.0,189.66013,0.66012573
train,46,68,188.0,196.55565,8.555649
train,46,69,187.0,190.65123,3.6512299
train,46,70,186.0,197.70816,11.70816
train,46,71,185.0,191.5991,6.599106
train,46,72,184.0,190.77353,6.773529
train,46,73,183.0,191.39075,8.390747
train,46,74,182.0,171.11162,-10.888382
train,46,75,181.0,159.13268,-21.867325
train,46,76,180.0,167.3123,-12.687698
train,46,77,179.0,166.27211,-12.72789
train,46,78,178.0,172.51357,-5.486435
train,46,79,177.0,173.27347,-3.726532
train,46,80,176.0,167.23611,-8.7638855
train,46,81,175.0,159.9751,-15.024902
train,46,82,174.0,161.6363,-12.363693
train,46,83,173.0,154.0936,-18.906403
train,46,84,172.0,151.53229,-20.467712
train,46,85,171.0,157.48038,-13.519623
train,46,86,170.0,153.45593,-16.544067
train,46,87,169.0,155.83496,-13.165039
train,46,88,168.0,158.92578,-9.074219
train,46,89,167.0,153.29071,-13.70929
train,46,90,166.0,157.60486,-8.395142
train,46,91,165.0,151.11397,-13.886032
train,46,92,164.0,154.27863,-9.7213745
train,46,93,163.0,160.87323,-2.12677
train,46,94,162.0,161.52878,-0.47122192
train,46,95,161.0,169.47787,8.477875
train,46,96,160.0,167.34666,7.3466644
train,46,97,159.0,163.94778,4.9477844
train,46,98,158.0,157.88329,-0.11671448
train,46,99,157.0,152.29654,-4.7034607
train,46,100,156.0,154.03766,-1.9623413
train,46,101,155.0,152.71101,-2.2889862
train,46,102,154.0,156.72728,2.7272797
train,46,103,153.0,152.28528,-0.7147217
train,46,104,152.0,152.74144,0.7414398
train,46,105,151.0,144.65565,-6.344345
train,46,106,150.0,140.23634,-9.763657
train,46,107,149.0,136.44754,-12.55246
train,46,108,148.0,144.33904,-3.660965
train,46,109,147.0,136.81915,-10.180847
train,46,110,146.0,136.19592,-9.804077
train,46,111,145.0,137.36482,-7.6351776
train,46,112,144.0,134.97409,-9.025909
train,46,113,143.0,132.91068,-10.089325
train,46,114,142.0,125.02705,-16.972954
train,46,115,141.0,123.54038,-17.459618
train,46,116,140.0,118.23432,-21.765678
train,46,117,139.0,116.73129,-22.268707
train,46,118,138.0,110.18243,-27.817574
train,46,119,137.0,107.44699,-29.553009
train,46,120,136.0,104.29956,-31.70044
train,46,121,135.0,100.767166,-34.232834
train,46,122,134.0,95.79495,-38.205048
train,46,123,133.0,92.897705,-40.102295
train,46,124,132.0,100.06087,-31.939133
train,46,125,131.0,104.839,-26.161003
train,46,126,130.0,126.89202,-3.1079788
train,46,127,129.0,135.10385,6.1038513
train,46,128,128.0,140.95187,12.951874
train,46,129,127.0,125.38547,-1.6145325
train,46,130,126.0,128.74545,2.745453
train,46,131,125.0,133.87177,8.871765
train,46,132,124.0,137.19043,13.19043
train,46,133,123.0,138.41412,15.414124
train,46,134,122.0,150.43668,28.436676
train,46,135,121.0,153.58109,32.581085
train,46,136,120.0,157.67738,37.677383
train,46,137,119.0,158.62018,39.62018
train,46,138,118.0,169.51416,51.51416
train,46,139,117.0,167.37659,50.376587
train,46,140,116.0,167.26035,51.260345
train,46,141,115.0,176.04208,61.042084
train,46,142,114.0,166.7956,52.795593
train,46,143,113.0,170.72058,57.72058
train,46,144,112.0,180.44614,68.44614
train,46,145,111.0,169.7276,58.7276
train,46,146,110.0,169.86127,59.861267
train,46,147,109.0,148.87,39.869995
train,46,148,108.0,150.853,42.852997
train,46,149,107.0,140.13867,33.13867
train,46,150,106.0,132.52141,26.521408
train,46,151,105.0,132.62405,27.624054
train,46,152,104.0,113.59413,9.594131
train,46,153,103.0,116.328995,13.328995
train,46,154,102.0,109.21518,7.2151794
train,46,155,101.0,101.47836,0.47836304
train,46,156,100.0,105.208145,5.208145
train,46,157,99.0,107.75255,8.752548
train,46,158,98.0,111.22711,13.227112
train,46,159,97.0,112.426155,15.426155
train,46,160,96.0,111.51629,15.516289
train,46,161,95.0,114.24139,19.241386
train,46,162,94.0,108.46199,14.46199
train,46,163,93.0,116.476875,23.476875
train,46,164,92.0,110.22131,18.221313
train,46,165,91.0,110.26041,19.260406
train,46,166,90.0,106.50566,16.505661
train,46,167,89.0,105.03643,16.03643
train,46,168,88.0,116.64044,28.640442
train,46,169,87.0,106.58856,19.588562
train,46,170,86.0,122.67511,36.67511
train,46,171,85.0,132.98819,47.98819
train,46,172,84.0,128.33324,44.333237
train,46,173,83.0,125.764,42.764
train,46,174,82.0,118.69005,36.69005
train,46,175,81.0,113.73752,32.73752
train,46,176,80.0,111.09837,31.098373
train,46,177,79.0,114.69938,35.69938
train,46,178,78.0,112.88143,34.88143
train,46,179,77.0,103.85518,26.855179
train,46,180,76.0,100.55849,24.558487
train,46,181,75.0,95.75467,20.75467
train,46,182,74.0,89.62494,15.624939
train,46,183,73.0,82.416916,9.416916
train,46,184,72.0,82.24856,10.248558
train,46,185,71.0,76.01079,5.010788
train,46,186,70.0,77.62022,7.6202164
train,46,187,69.0,72.50682,3.5068207
train,46,188,68.0,68.38561,0.3856125
train,46,189,67.0,56.941628,-10.0583725
train,46,190,66.0,55.893333,-10.106667
train,46,191,65.0,62.70365,-2.2963486
train,46,192,64.0,63.167747,-0.8322525
train,46,193,63.0,52.69959,-10.300411
train,46,194,62.0,58.572342,-3.427658
train,46,195,61.0,49.000122,-11.999878
train,46,196,60.0,56.892147,-3.107853
train,46,197,59.0,56.324986,-2.6750145
train,46,198,58.0,61.430336,3.430336
train,46,199,57.0,56.536438,-0.463562
train,46,200,56.0,54.96946,-1.0305405
train,46,201,55.0,66.146286,11.146286
train,46,202,54.0,60.6745,6.6744995
train,46,203,53.0,57.529182,4.5291824
train,46,204,52.0,52.733643,0.7336426
train,46,205,51.0,56.49535,5.49535
train,46,206,50.0,59.28438,9.284382
train,46,207,49.0,60.240067,11.240067
train,46,208,48.0,62.0664,14.066399
train,46,209,47.0,63.404907,16.404907
train,46,210,46.0,56.18178,10.181782
train,46,211,45.0,58.693066,13.693066
train,46,212,44.0,57.67392,13.67392
train,46,213,43.0,53.307175,10.307175
train,46,214,42.0,51.946312,9.946312
train,46,215,41.0,52.103012,11.103012
train,46,216,40.0,55.88755,15.88755
train,46,217,39.0,48.043972,9.043972
train,46,218,38.0,39.84525,1.8452492
train,46,219,37.0,33.641422,-3.3585777
train,46,220,36.0,33.66118,-2.3388214
train,46,221,35.0,34.948032,-0.05196762
train,46,222,34.0,36.06288,2.0628815
train,46,223,33.0,38.66318,5.6631813
train,46,224,32.0,43.22091,11.220909
train,46,225,31.0,35.06076,4.0607605
train,46,226,30.0,40.834972,10.834972
train,46,227,29.0,36.90859,7.9085884
train,46,228,28.0,40.058094,12.058094
train,46,229,27.0,41.40441,14.404411
train,46,230,26.0,35.808887,9.8088875
train,46,231,25.0,30.627716,5.627716
train,46,232,24.0,31.782267,7.7822666
train,46,233,23.0,32.626442,9.626442
train,46,234,22.0,33.204933,11.204933
train,46,235,21.0,31.253544,10.253544
train,46,236,20.0,30.290691,10.290691
train,46,237,19.0,32.77947,13.779469
train,46,238,18.0,29.2719,11.2719
train,46,239,17.0,29.277138,12.277138
train,46,240,16.0,26.4489,10.4489
train,46,241,15.0,29.221867,14.221867
train,46,242,14.0,28.944178,14.944178
train,46,243,13.0,26.704823,13.704823
train,46,244,12.0,28.45196,16.45196
train,46,245,11.0,29.72882,18.72882
train,46,246,10.0,21.386131,11.386131
train,46,247,9.0,22.183783,13.183783
train,46,248,8.0,13.402552,5.4025517
train,46,249,7.0,6.563675,-0.43632507
train,46,250,6.0,4.345852,-1.6541481
train,46,251,5.0,0.6580657,-4.341934
train,46,252,4.0,-2.090126,-6.090126
train,46,253,3.0,-2.7054749,-5.705475
train,46,254,2.0,-3.8305283,-5.8305283
train,46,255,1.0,-8.882004,-9.882004
train,46,256,0.0,-10.465805,-10.465805
train,47,30,184.0,160.79234,-23.207657
train,47,31,183.0,160.9294,-22.070602
train,47,32,182.0,159.28087,-22.719131
train,47,33,181.0,158.83572,-22.164276
train,47,34,180.0,164.85344,-15.146561
train,47,35,179.0,166.55197,-12.448029
train,47,36,178.0,174.64757,-3.3524323
train,47,37,177.0,175.9248,-1.0751953
train,47,38,176.0,179.68336,3.6833649
train,47,39,175.0,174.67395,-0.3260498
train,47,40,174.0,167.62102,-6.3789825
train,47,41,173.0,171.7378,-1.262207
train,47,42,172.0,166.38637,-5.613632
train,47,43,171.0,164.1237,-6.876297
train,47,44,170.0,164.9141,-5.085907
train,47,45,169.0,162.73155,-6.268448
train,47,46,168.0,153.55035,-14.449646
train,47,47,167.0,155.79672,-11.203278
train,47,48,166.0,155.77211,-10.22789
train,47,49,165.0,160.66571,-4.3342896
train,47,50,164.0,162.01694,-1.9830627
train,47,51,163.0,158.97989,-4.020111
train,47,52,162.0,155.41763,-6.582367
train,47,53,161.0,146.50272,-14.497284
train,47,54,160.0,142.66782,-17.332184
train,47,55,159.0,138.58319,-20.41681
train,47,56,158.0,155.30177,-2.698227
train,47,57,157.0,158.43668,1.436676
train,47,58,156.0,152.98267,-3.017334
train,47,59,155.0,161.75824,6.7582397
train,47,60,154.0,172.22763,18.22763
train,47,61,153.0,168.98204,15.98204
train,47,62,152.0,165.40074,13.400742
train,47,63,151.0,150.6177,-0.3822937
train,47,64,150.0,154.07745,4.0774536
train,47,65,149.0,149.16678,0.16677856
train,47,66,148.0,144.10544,-3.8945618
train,47,67,147.0,150.1911,3.191101
train,47,68,146.0,157.85849,11.85849
train,47,69,145.0,156.39609,11.396088
train,47,70,144.0,157.11871,13.118713
train,47,71,143.0,158.35736,15.357361
train,47,72,142.0,151.82564,9.825638
train,47,73,141.0,154.03333,13.033325
train,47,74,140.0,155.8605,15.860504
train,47,75,139.0,151.13895,12.138947
train,47,76,138.0,148.32101,10.321014
train,47,77,137.0,145.62349,8.623489
train,47,78,136.0,147.02191,11.021912
train,47,79,135.0,148.602,13.602005
train,47,80,134.0,156.69589,22.695892
train,47,81,133.0,156.36998,23.36998
train,47,82,132.0,159.56613,27.566132
train,47,83,131.0,161.15077,30.150772
train,47,84,130.0,152.84526,22.84526
train,47,85,129.0,149.63881,20.63881
train,47,86,128.0,158.3881,30.388107
train,47,87,127.0,157.45905,30.459045
train,47,88,126.0,151.69566,25.695663
train,47,89,125.0,154.46585,29.46585
train,47,90,124.0,157.53354,33.53354
train,47,91,123.0,157.97049,34.97049
train,47,92,122.0,159.8078,37.8078
train,47,93,121.0,150.81447,29.814468
train,47,94,120.0,140.53656,20.53656
train,47,95,119.0,139.76889,20.76889
train,47,96,118.0,137.60193,19.601929
train,47,97,117.0,140.09766,23.097656
train,47,98,116.0,132.1915,16.191498
train,47,99,115.0,121.0863,6.0863037
train,47,100,114.0,123.44813,9.448128
train,47,101,113.0,135.95187,22.951874
train,47,102,112.0,130.5581,18.558105
train,47,103,111.0,123.84343,12.84343
train,47,104,110.0,113.89415,3.8941498
train,47,105,109.0,104.048965,-4.9510345
train,47,106,108.0,106.34006,-1.6599426
train,47,107,107.0,104.008896,-2.9911041
train,47,108,106.0,103.003265,-2.9967346
train,47,109,105.0,97.31053,-7.6894684
train,47,110,104.0,105.27536,1.2753601
train,47,111,103.0,96.55118,-6.448822
train,47,112,102.0,100.0013,-1.998703
train,47,113,101.0,98.02494,-2.9750595
train,47,114,100.0,90.26019,-9.739807
train,47,115,99.0,94.07883,-4.921173
train,47,116,98.0,92.960976,-5.0390244
train,47,117,97.0,91.24487,-5.755127
train,47,118,96.0,96.68371,0.6837082
train,47,119,95.0,99.22073,4.2207336
train,47,120,94.0,96.326996,2.3269958
train,47,121,93.0,113.03464,20.034637
train,47,122,92.0,111.062256,19.062256
train,47,123,91.0,108.12538,17.125381
train,47,124,90.0,104.23581,14.235809
train,47,125,89.0,98.3656,9.365601
train,47,126,88.0,92.46072,4.4607162
train,47,127,87.0,100.13467,13.134666
train,47,128,86.0,99.73191,13.731911
train,47,129,85.0,96.08635,11.0863495
train,47,130,84.0,97.096596,13.096596
train,47,131,83.0,91.533005,8.533005
train,47,132,82.0,92.41467,10.414673
train,47,133,81.0,91.41643,10.416428
train,47,134,80.0,95.7901,15.7901
train,47,135,79.0,87.20549,8.20549
train,47,136,78.0,89.754486,11.754486
train,47,137,77.0,90.51004,13.51004
train,47,138,76.0,85.53525,9.535248
train,47,139,75.0,85.61713,10.617126
train,47,140,74.0,97.81507,23.815071
train,47,141,73.0,88.65596,15.65596
train,47,142,72.0,93.15799,21.15799
train,47,143,71.0,89.367386,18.367386
train,47,144,70.0,91.1335,21.1335
train,47,145,69.0,90.76908,21.769081
train,47,146,68.0,91.19899,23.19899
train,47,147,67.0,85.62056,18.62056
train,47,148,66.0,85.39184,19.391838
train,47,149,65.0,87.71618,22.716179
train,47,150,64.0,81.33928,17.33928
train,47,151,63.0,78.20344,15.203438
train,47,152,62.0,79.12489,17.124893
train,47,153,61.0,72.272736,11.272736
train,47,154,60.0,66.067986,6.0679855
train,47,155,59.0,61.231365,2.2313652
train,47,156,58.0,58.17945,0.17945099
train,47,157,57.0,65.06612,8.066116
train,47,158,56.0,50.72999,-5.270012
train,47,159,55.0,49.069847,-5.930153
train,47,160,54.0,49.36625,-4.633751
train,47,161,53.0,48.777718,-4.2222824
train,47,162,52.0,42.266014,-9.733986
train,47,163,51.0,47.776264,-3.2237358
train,47,164,50.0,49.0701,-0.9299011
train,47,165,49.0,48.47251,-0.5274887
train,47,166,48.0,49.231827,1.2318268
train,47,167,47.0,50.182426,3.1824265
train,47,168,46.0,51.777153,5.777153
train,47,169,45.0,48.464752,3.4647522
train,47,170,44.0,49.311203,5.311203
train,47,171,43.0,45.751785,2.7517853
train,47,172,42.0,43.949333,1.9493332
train,47,173,41.0,45.906506,4.9065056
train,47,174,40.0,41.71454,1.7145386
train,47,175,39.0,40.223396,1.2233963
train,47,176,38.0,40.75501,2.7550087
train,47,177,37.0,41.684906,4.684906
train,47,178,36.0,42.167545,6.1675453
train,47,179,35.0,45.220646,10.220646
train,47,180,34.0,48.01124,14.011238
train,47,181,33.0,47.853203,14.853203
train,47,182,32.0,42.122147,10.122147
train,47,183,31.0,39.630432,8.630432
train,47,184,30.0,37.486366,7.4863663
train,47,185,29.0,39.925568,10.925568
train,47,186,28.0,38.60211,10.602112
train,47,187,27.0,38.480145,11.4801445
train,47,188,26.0,40.281944,14.281944
train,47,189,25.0,35.708305,10.708305
train,47,190,24.0,34.379158,10.379158
train,47,191,23.0,37.25148,14.25148
train,47,192,22.0,36.98194,14.981941
train,47,193,21.0,33.446167,12.446167
train,47,194,20.0,36.704624,16.704624
train,47,195,19.0,35.200794,16.200794
train,47,196,18.0,34.92185,16.921848
train,47,197,17.0,32.930878,15.930878
train,47,198,16.0,37.496613,21.496613
train,47,199,15.0,32.918114,17.918114
train,47,200,14.0,31.39468,17.39468
train,47,201,13.0,30.670494,17.670494
train,47,202,12.0,31.007338,19.007338
train,47,203,11.0,27.619905,16.619905
train,47,204,10.0,26.58974,16.58974
train,47,205,9.0,24.988556,15.988556
train,47,206,8.0,27.357624,19.357624
train,47,207,7.0,28.388176,21.388176
train,47,208,6.0,27.197144,21.197144
train,47,209,5.0,20.216858,15.216858
train,47,210,4.0,15.627644,11.627644
train,47,211,3.0,17.876587,14.876587
train,47,212,2.0,21.339851,19.339851
train,47,213,1.0,18.60104,17.60104
train,47,214,0.0,14.184254,14.184254
train,48,30,201.0,182.36708,-18.63292
train,48,31,200.0,181.19437,-18.805634
train,48,32,199.0,176.97429,-22.025711
train,48,33,198.0,176.03616,-21.963837
train,48,34,197.0,173.37213,-23.627869
train,48,35,196.0,165.81001,-30.189987
train,48,36,195.0,161.82758,-33.172424
train,48,37,194.0,164.72021,-29.279785
train,48,38,193.0,161.76117,-31.23883
train,48,39,192.0,159.52008,-32.47992
train,48,40,191.0,161.97119,-29.028809
train,48,41,190.0,166.36148,-23.63852
train,48,42,189.0,170.48373,-18.516266
train,48,43,188.0,165.67874,-22.321259
train,48,44,187.0,165.57042,-21.42958
train,48,45,186.0,157.42882,-28.571182
train,48,46,185.0,156.40262,-28.597382
train,48,47,184.0,154.67648,-29.323517
train,48,48,183.0,154.89307,-28.106934
train,48,49,182.0,156.69064,-25.309357
train,48,50,181.0,159.13293,-21.867065
train,48,51,180.0,163.52312,-16.476883
train,48,52,179.0,170.05956,-8.940445
train,48,53,178.0,163.43976,-14.560242
train,48,54,177.0,162.6401,-14.359894
train,48,55,176.0,161.1027,-14.897293
train,48,56,175.0,166.806,-8.194
train,48,57,174.0,163.68275,-10.3172455
train,48,58,173.0,163.73178,-9.268219
train,48,59,172.0,165.09576,-6.904236
train,48,60,171.0,175.06677,4.0667725
train,48,61,170.0,172.18787,2.1878662
train,48,62,169.0,170.52217,1.522171
train,48,63,168.0,172.91129,4.9112854
train,48,64,167.0,174.8715,7.8715057
train,48,65,166.0,175.2857,9.285706
train,48,66,165.0,175.06598,10.065979
train,48,67,164.0,172.01828,8.01828
train,48,68,163.0,172.19661,9.1966095
train,48,69,162.0,173.23936,11.239365
train,48,70,161.0,172.38446,11.38446
train,48,71,160.0,161.67255,1.6725464
train,48,72,159.0,164.00436,5.004364
train,48,73,158.0,167.65103,9.6510315
train,48,74,157.0,166.7024,9.702393
train,48,75,156.0,163.93483,7.9348297
train,48,76,155.0,161.81061,6.810608
train,48,77,154.0,151.64102,-2.3589783
train,48,78,153.0,157.78174,4.7817383
train,48,79,152.0,151.45753,-0.5424652
train,48,80,151.0,160.38412,9.384125
train,48,81,150.0,165.48248,15.482483
train,48,82,149.0,161.7287,12.728699
train,48,83,148.0,156.42426,8.424255
train,48,84,147.0,151.00296,4.00296
train,48,85,146.0,148.45879,2.458786
train,48,86,145.0,151.14294,6.1429443
train,48,87,144.0,150.0835,6.083496
train,48,88,143.0,147.44376,4.443756
train,48,89,142.0,148.50516,6.5051575
train,48,90,141.0,145.5259,4.525894
train,48,91,140.0,133.88022,-6.1197815
train,48,92,139.0,137.96994,-1.0300598
train,48,93,138.0,140.44281,2.44281
train,48,94,137.0,140.76328,3.7632751
train,48,95,136.0,143.48978,7.4897766
train,48,96,135.0,136.90276,1.9027557
train,48,97,134.0,137.26118,3.2611847
train,48,98,133.0,137.00418,4.004181
train,48,99,132.0,128.04547,-3.9545288
train,48,100,131.0,135.13246,4.1324615
train,48,101,130.0,133.91049,3.910492
train,48,102,129.0,147.70178,18.701782
train,48,103,128.0,150.18147,22.181473
train,48,104,127.0,148.77457,21.774567
train,48,105,126.0,144.16025,18.160248
train,48,106,125.0,136.99152,11.991516
train,48,107,124.0,128.86945,4.869446
train,48,108,123.0,121.69066,-1.3093414
train,48,109,122.0,116.02159,-5.978409
train,48,110,121.0,119.91536,-1.0846405
train,48,111,120.0,127.959076,7.959076
train,48,112,119.0,126.52855,7.528549
train,48,113,118.0,124.05936,6.0593567
train,48,114,117.0,128.51956,11.519562
train,48,115,116.0,134.24258,18.242584
train,48,116,115.0,132.77197,17.771973
train,48,117,114.0,130.36763,16.36763
train,48,118,113.0,125.732475,12.732475
train,48,119,112.0,134.77872,22.778717
train,48,120,111.0,138.05658,27.05658
train,48,121,110.0,131.21179,21.211792
train,48,122,109.0,141.1218,32.121796
train,48,123,108.0,140.89827,32.89827
train,48,124,107.0,139.23447,32.234467
train,48,125,106.0,144.0792,38.079193
train,48,126,105.0,150.62494,45.62494
train,48,127,104.0,149.37921,45.37921
train,48,128,103.0,142.9899,39.9899
train,48,129,102.0,136.43063,34.430634
train,48,130,101.0,139.71861,38.718613
train,48,131,100.0,134.77853,34.778534
train,48,132,99.0,144.01683,45.01683
train,48,133,98.0,139.05794,41.057938
train,48,134,97.0,129.82773,32.82773
train,48,135,96.0,127.49776,31.497757
train,48,136,95.0,127.04082,32.040817
train,48,137,94.0,128.96082,34.960815
train,48,138,93.0,121.18152,28.181519
train,48,139,92.0,119.490906,27.490906
train,48,140,91.0,113.49191,22.491913
train,48,141,90.0,113.220375,23.220375
train,48,142,89.0,101.40961,12.409607
train,48,143,88.0,101.6702,13.670197
train,48,144,87.0,101.53012,14.530121
train,48,145,86.0,98.083626,12.083626
train,48,146,85.0,96.09238,11.092377
train,48,147,84.0,92.94049,8.940491
train,48,148,83.0,92.34314,9.34314
train,48,149,82.0,91.10723,9.107231
train,48,150,81.0,88.22089,7.220886
train,48,151,80.0,80.591156,0.591156
train,48,152,79.0,83.40923,4.409233
train,48,153,78.0,86.60721,8.607208
train,48,154,77.0,83.954285,6.9542847
train,48,155,76.0,79.49696,3.4969635
train,48,156,75.0,78.391884,3.3918839
train,48,157,74.0,73.90906,-0.09094238
train,48,158,73.0,75.14453,2.1445312
train,48,159,72.0,75.52089,3.5208893
train,48,160,71.0,77.11846,6.1184616
train,48,161,70.0,76.35309,6.3530884
train,48,162,69.0,71.25354,2.25354
train,48,163,68.0,70.938995,2.9389954
train,48,164,67.0,67.769485,0.7694855
train,48,165,66.0,68.179214,2.1792145
train,48,166,65.0,64.75593,-0.24407196
train,48,167,64.0,68.29138,4.291382
train,48,168,63.0,68.3188,5.318802
train,48,169,62.0,63.87212,1.8721199
train,48,170,61.0,63.19588,2.195881
train,48,171,60.0,61.132294,1.1322937
train,48,172,59.0,70.27878,11.278778
train,48,173,58.0,73.31541,15.315407
train,48,174,57.0,78.62309,21.623093
train,48,175,56.0,76.633415,20.633415
train,48,176,55.0,74.40367,19.403671
train,48,177,54.0,75.690155,21.690155
train,48,178,53.0,74.720436,21.720436
train,48,179,52.0,80.488434,28.488434
train,48,180,51.0,80.97791,29.977913
train,48,181,50.0,77.69114,27.69114
train,48,182,49.0,78.71728,29.717278
train,48,183,48.0,79.08437,31.084373
train,48,184,47.0,23.752186,-23.247814
train,48,185,46.0,25.156628,-20.843372
train,48,186,45.0,22.892427,-22.107573
train,48,187,44.0,20.36087,-23.63913
train,48,188,43.0,16.090258,-26.909742
train,48,189,42.0,21.5812,-20.4188
train,48,190,41.0,22.281654,-18.718346
train,48,191,40.0,20.969147,-19.030853
train,48,192,39.0,20.898062,-18.101938
train,48,193,38.0,20.69022,-17.30978
train,48,194,37.0,21.937162,-15.062838
train,48,195,36.0,33.330334,-2.6696663
train,48,196,35.0,25.65802,-9.34198
train,48,197,34.0,22.474068,-11.525932
train,48,198,33.0,23.528177,-9.471823
train,48,199,32.0,19.036528,-12.963472
train,48,200,31.0,17.434912,-13.565088
train,48,201,30.0,22.991999,-7.0080013
train,48,202,29.0,20.056921,-8.943079
train,48,203,28.0,20.665012,-7.3349876
train,48,204,27.0,23.48825,-3.5117493
train,48,205,26.0,24.714828,-1.2851715
train,48,206,25.0,26.932861,1.9328613
train,48,207,24.0,30.371151,6.371151
train,48,208,23.0,25.401253,2.4012527
train,48,209,22.0,22.95545,0.95545006
train,48,210,21.0,23.350475,2.3504753
train,48,211,20.0,20.138206,0.13820648
train,48,212,19.0,18.408243,-0.5917568
train,48,213,18.0,18.755783,0.7557831
train,48,214,17.0,31.443876,14.443876
train,48,215,16.0,31.608105,15.608105
train,48,216,15.0,28.110277,13.110277
train,48,217,14.0,26.726559,12.726559
train,48,218,13.0,21.842596,8.842596
train,48,219,12.0,21.10785,9.107849
train,48,220,11.0,20.946056,9.946056
train,48,221,10.0,17.588257,7.588257
train,48,222,9.0,10.859047,1.8590469
train,48,223,8.0,6.8250446,-1.1749554
train,48,224,7.0,2.519289,-4.480711
train,48,225,6.0,-0.9784337,-6.9784336
train,48,226,5.0,-1.878481,-6.878481
train,48,227,4.0,-2.3304176,-6.3304176
train,48,228,3.0,-6.7968464,-9.796846
train,48,229,2.0,-10.877686,-12.877686
train,48,230,1.0,-15.085655,-16.085655
train,48,231,0.0,-22.677881,-22.677881
train,49,30,185.0,187.93362,2.9336243
train,49,31,184.0,189.89539,5.8953857
train,49,32,183.0,168.60156,-14.3984375
train,49,33,182.0,148.79767,-33.20233
train,49,34,181.0,159.24579,-21.754211
train,49,35,180.0,160.79402,-19.205978
train,49,36,179.0,164.42036,-14.579636
train,49,37,178.0,162.29994,-15.700058
train,49,38,177.0,155.15549,-21.844513
train,49,39,176.0,149.6113,-26.388702
train,49,40,175.0,143.65674,-31.343262
train,49,41,174.0,149.49857,-24.501434
train,49,42,173.0,160.035,-12.964996
train,49,43,172.0,165.74684,-6.2531586
train,49,44,171.0,168.16693,-2.8330688
train,49,45,170.0,150.42464,-19.575363
train,49,46,169.0,144.48125,-24.518753
train,49,47,168.0,129.24063,-38.75937
train,49,48,167.0,133.7109,-33.289093
train,49,49,166.0,133.97052,-32.02948
train,49,50,165.0,131.46431,-33.53569
train,49,51,164.0,148.55188,-15.44812
train,49,52,163.0,150.70415,-12.295853
train,49,53,162.0,156.47058,-5.529419
train,49,54,161.0,144.87192,-16.128082
train,49,55,160.0,141.85114,-18.148865
train,49,56,159.0,141.81317,-17.186829
train,49,57,158.0,143.59163,-14.408371
train,49,58,157.0,147.79434,-9.205658
train,49,59,156.0,148.13278,-7.867218
train,49,60,155.0,150.98193,-4.0180664
train,49,61,154.0,145.78497,-8.215027
train,49,62,153.0,129.0855,-23.914505
train,49,63,152.0,116.13389,-35.86611
train,49,64,151.0,117.81708,-33.182922
train,49,65,150.0,129.82262,-20.177383
train,49,66,149.0,124.56534,-24.434662
train,49,67,148.0,135.57405,-12.425949
train,49,68,147.0,137.46272,-9.537277
train,49,69,146.0,141.28261,-4.717392
train,49,70,145.0,135.82066,-9.179337
train,49,71,144.0,133.661,-10.3390045
train,49,72,143.0,136.91603,-6.083969
train,49,73,142.0,144.69664,2.69664
train,49,74,141.0,140.45116,-0.5488434
train,49,75,140.0,139.24138,-0.7586212
train,49,76,139.0,142.96437,3.9643707
train,49,77,138.0,144.06848,6.0684814
train,49,78,137.0,138.82874,1.8287354
train,49,79,136.0,132.07594,-3.924057
train,49,80,135.0,132.72002,-2.2799835
train,49,81,134.0,128.73198,-5.2680206
train,49,82,133.0,131.08499,-1.9150085
train,49,83,132.0,119.57763,-12.422371
train,49,84,131.0,120.52047,-10.47953
train,49,85,130.0,126.18675,-3.8132477
train,49,86,129.0,133.34827,4.3482666
train,49,87,128.0,132.58939,4.589386
train,49,88,127.0,121.90924,-5.0907593
train,49,89,126.0,138.55899,12.5589905
train,49,90,125.0,144.16235,19.162354
train,49,91,124.0,148.16055,24.160553
train,49,92,123.0,147.24927,24.249268
train,49,93,122.0,138.35089,16.350891
train,49,94,121.0,133.3919,12.391907
train,49,95,120.0,143.55223,23.55223
train,49,96,119.0,141.6962,22.696198
train,49,97,118.0,130.42598,12.42598
train,49,98,117.0,111.307724,-5.692276
train,49,99,116.0,110.21569,-5.7843094
train,49,100,115.0,115.79564,0.79563904
train,49,101,114.0,107.47566,-6.524338
train,49,102,113.0,107.46643,-5.5335693
train,49,103,112.0,103.47867,-8.521332
train,49,104,111.0,105.1583,-5.8416977
train,49,105,110.0,109.14004,-0.85996246
train,49,106,109.0,111.881454,2.8814545
train,49,107,108.0,123.959496,15.959496
train,49,108,107.0,124.93252,17.932518
train,49,109,106.0,126.046104,20.046104
train,49,110,105.0,120.377914,15.377914
train,49,111,104.0,116.38158,12.381577
train,49,112,103.0,126.08978,23.089783
train,49,113,102.0,108.32425,6.3242493
train,49,114,101.0,109.71906,8.719063
train,49,115,100.0,102.38328,2.383278
train,49,116,99.0,108.98169,9.981689
train,49,117,98.0,114.32856,16.32856
train,49,118,97.0,107.27205,10.272049
train,49,119,96.0,113.75426,17.754257
train,49,120,95.0,119.97954,24.979538
train,49,121,94.0,117.275,23.275002
train,49,122,93.0,122.54335,29.54335
train,49,123,92.0,120.580864,28.580864
train,49,124,91.0,116.57639,25.576393
train,49,125,90.0,115.590004,25.590004
train,49,126,89.0,126.82161,37.82161
train,49,127,88.0,134.80568,46.80568
train,49,128,87.0,127.5072,40.507202
train,49,129,86.0,137.7052,51.7052
train,49,130,85.0,144.70497,59.70497
train,49,131,84.0,130.4472,46.447205
train,49,132,83.0,112.41752,29.417519
train,49,133,82.0,100.069145,18.069145
train,49,134,81.0,102.390236,21.390236
train,49,135,80.0,82.98062,2.9806213
train,49,136,79.0,82.22714,3.2271423
train,49,137,78.0,83.375916,5.3759155
train,49,138,77.0,90.14004,13.140038
train,49,139,76.0,94.56347,18.563469
train,49,140,75.0,90.86022,15.860222
train,49,141,74.0,95.772415,21.772415
train,49,142,73.0,100.28715,27.287148
train,49,143,72.0,92.510994,20.510994
train,49,144,71.0,91.4655,20.4655
train,49,145,70.0,78.810074,8.810074
train,49,146,69.0,71.7689,2.768898
train,49,147,68.0,75.44322,7.443222
train,49,148,67.0,57.451828,-9.548172
train,49,149,66.0,57.952034,-8.047966
train,49,150,65.0,62.444427,-2.5555725
train,49,151,64.0,60.83812,-3.1618805
train,49,152,63.0,59.94925,-3.0507507
train,49,153,62.0,60.357746,-1.6422539
train,49,154,61.0,68.87494,7.874939
train,49,155,60.0,68.7246,8.724602
train,49,156,59.0,71.88749,12.887489
train,49,157,58.0,67.58258,9.582581
train,49,158,57.0,63.573246,6.573246
train,49,159,56.0,60.681797,4.681797
train,49,160,55.0,62.28195,7.281952
train,49,161,54.0,59.823906,5.823906
train,49,162,53.0,53.33645,0.33644867
train,49,163,52.0,52.742542,0.74254227
train,49,164,51.0,57.892563,6.892563
train,49,165,50.0,54.856953,4.8569527
train,49,166,49.0,50.598946,1.5989456
train,49,167,48.0,51.942833,3.942833
train,49,168,47.0,50.26354,3.2635384
train,49,169,46.0,47.983852,1.9838524
train,49,170,45.0,55.47721,10.477211
train,49,171,44.0,60.2854,16.2854
train,49,172,43.0,58.5159,15.5159
train,49,173,42.0,58.056152,16.056152
train,49,174,41.0,60.983387,19.983387
train,49,175,40.0,54.60353,14.603531
train,49,176,39.0,51.131557,12.131557
train,49,177,38.0,49.870026,11.870026
train,49,178,37.0,50.10819,13.108189
train,49,179,36.0,48.09002,12.090019
train,49,180,35.0,49.345257,14.345257
train,49,181,34.0,47.77987,13.779869
train,49,182,33.0,40.444504,7.444504
train,49,183,32.0,39.77058,7.7705803
train,49,184,31.0,46.137066,15.137066
train,49,185,30.0,49.314728,19.314728
train,49,186,29.0,48.328865,19.328865
train,49,187,28.0,51.377655,23.377655
train,49,188,27.0,46.62809,19.62809
train,49,189,26.0,45.579544,19.579544
train,49,190,25.0,39.36093,14.360931
train,49,191,24.0,43.0656,19.065601
train,49,192,23.0,41.021,18.021
train,49,193,22.0,35.793907,13.793907
train,49,194,21.0,34.445328,13.445328
train,49,195,20.0,30.877302,10.877302
train,49,196,19.0,29.691887,10.691887
train,49,197,18.0,24.962183,6.962183
train,49,198,17.0,22.284304,5.2843037
train,49,199,16.0,18.138094,2.138094
train,49,200,15.0,16.254795,1.2547951
train,49,201,14.0,16.693771,2.6937714
train,49,202,13.0,14.651936,1.6519356
train,49,203,12.0,13.879629,1.8796291
train,49,204,11.0,15.333439,4.333439
train,49,205,10.0,19.154926,9.154926
train,49,206,9.0,12.89588,3.8958797
train,49,207,8.0,8.486832,0.48683167
train,49,208,7.0,6.56081,-0.4391899
train,49,209,6.0,6.6950417,0.69504166
train,49,210,5.0,6.7982063,1.7982063
train,49,211,4.0,3.6123238,-0.38767624
train,49,212,3.0,2.6127892,-0.38721085
train,49,213,2.0,-1.5795289,-3.5795288
train,49,214,1.0,-7.9089317,-8.908932
train,49,215,0.0,-12.839851,-12.839851
train,50,30,168.0,125.34738,-42.65262
train,50,31,167.0,128.32327,-38.676727
train,50,32,166.0,135.22972,-30.770279
train,50,33,165.0,134.57724,-30.42276
train,50,34,164.0,135.24048,-28.759521
train,50,35,163.0,142.09354,-20.906464
train,50,36,162.0,142.86728,-19.13272
train,50,37,161.0,105.441574,-55.558426
train,50,38,160.0,107.77394,-52.22606
train,50,39,159.0,108.70687,-50.29313
train,50,40,158.0,108.54664,-49.45336
train,50,41,157.0,109.822426,-47.177574
train,50,42,156.0,119.90917,-36.090828
train,50,43,155.0,112.68471,-42.315292
train,50,44,154.0,120.67195,-33.32805
train,50,45,153.0,144.03946,-8.960541
train,50,46,152.0,141.38895,-10.611053
train,50,47,151.0,129.41563,-21.584366
train,50,48,150.0,123.605286,-26.394714
train,50,49,149.0,107.23085,-41.76915
train,50,50,148.0,103.74205,-44.25795
train,50,51,147.0,101.03685,-45.96315
train,50,52,146.0,97.8087,-48.1913
train,50,53,145.0,92.63971,-52.36029
train,50,54,144.0,95.8672,-48.132797
train,50,55,143.0,88.829025,-54.170975
train,50,56,142.0,85.63335,-56.366653
train,50,57,141.0,81.77127,-59.22873
train,50,58,140.0,87.501785,-52.498215
train,50,59,139.0,92.8094,-46.190598
train,50,60,138.0,91.29567,-46.70433
train,50,61,137.0,94.459,-42.541
train,50,62,136.0,85.17674,-50.823257
train,50,63,135.0,79.00799,-55.992012
train,50,64,134.0,81.95482,-52.04518
train,50,65,133.0,82.505356,-50.494644
train,50,66,132.0,78.0582,-53.941803
train,50,67,131.0,86.65338,-44.34662
train,50,68,130.0,90.34636,-39.65364
train,50,69,129.0,100.8176,-28.182404
train,50,70,128.0,100.3438,-27.656197
train,50,71,127.0,105.847595,-21.152405
train,50,72,126.0,114.28172,-11.718277
train,50,73,125.0,104.406555,-20.593445
train,50,74,124.0,106.925186,-17.074814
train,50,75,123.0,117.47931,-5.520691
train,50,76,122.0,110.52879,-11.471207
train,50,77,121.0,120.29021,-0.7097931
train,50,78,120.0,122.468704,2.4687042
train,50,79,119.0,117.987976,-1.0120239
train,50,80,118.0,112.739876,-5.260124
train,50,81,117.0,117.538956,0.5389557
train,50,82,116.0,117.34908,1.349083
train,50,83,115.0,102.38898,-12.611023
train,50,84,114.0,98.44861,-15.551392
train,50,85,113.0,87.14842,-25.851578
train,50,86,112.0,82.97313,-29.02687
train,50,87,111.0,79.92417,-31.075829
train,50,88,110.0,83.50238,-26.49762
train,50,89,109.0,81.95791,-27.042091
train,50,90,108.0,77.53625,-30.463753
train,50,91,107.0,76.42123,-30.578773
train,50,92,106.0,78.66751,-27.332489
train,50,93,105.0,73.68369,-31.316307
train,50,94,104.0,67.52448,-36.475517
train,50,95,103.0,68.292755,-34.707245
train,50,96,102.0,58.270844,-43.729156
train,50,97,101.0,55.983376,-45.016624
train,50,98,100.0,51.985962,-48.014038
train,50,99,99.0,64.15946,-34.840538
train,50,100,98.0,60.23684,-37.76316
train,50,101,97.0,56.965897,-40.034103
train,50,102,96.0,59.611267,-36.388733
train,50,103,95.0,56.028214,-38.971786
train,50,104,94.0,54.388508,-39.611492
train,50,105,93.0,62.30468,-30.69532
train,50,106,92.0,58.72622,-33.27378
train,50,107,91.0,59.92108,-31.078918
train,50,108,90.0,71.93758,-18.062424
train,50,109,89.0,74.32913,-14.670868
train,50,110,88.0,75.993126,-12.006874
train,50,111,87.0,75.19896,-11.801041
train,50,112,86.0,76.33626,-9.663742
train,50,113,85.0,72.880356,-12.119644
train,50,114,84.0,70.19687,-13.803131
train,50,115,83.0,76.925766,-6.074234
train,50,116,82.0,72.75864,-9.241364
train,50,117,81.0,68.61307,-12.386932
train,50,118,80.0,82.18977,2.1897736
train,50,119,79.0,85.80408,6.804077
train,50,120,78.0,96.181656,18.181656
train,50,121,77.0,91.07704,14.077042
train,50,122,76.0,86.4466,10.446602
train,50,123,75.0,91.85116,16.851158
train,50,124,74.0,82.73543,8.735428
train,50,125,73.0,82.63783,9.637833
train,50,126,72.0,71.34187,-0.65812683
train,50,127,71.0,69.866394,-1.133606
train,50,128,70.0,72.01344,2.013443
train,50,129,69.0,64.07516,-4.924843
train,50,130,68.0,55.114098,-12.885902
train,50,131,67.0,55.776978,-11.223022
train,50,132,66.0,54.10692,-11.893082
train,50,133,65.0,52.318493,-12.681507
train,50,134,64.0,48.82768,-15.172321
train,50,135,63.0,45.600594,-17.399406
train,50,136,62.0,42.8357,-19.164299
train,50,137,61.0,44.54001,-16.459991
train,50,138,60.0,45.553246,-14.446754
train,50,139,59.0,47.270275,-11.729725
train,50,140,58.0,48.703506,-9.296494
train,50,141,57.0,47.668503,-9.331497
train,50,142,56.0,43.01905,-12.980949
train,50,143,55.0,44.274513,-10.725487
train,50,144,54.0,41.63131,-12.3686905
train,50,145,53.0,44.238953,-8.761047
train,50,146,52.0,47.30591,-4.694092
train,50,147,51.0,44.59111,-6.40889
train,50,148,50.0,44.805458,-5.194542
train,50,149,49.0,47.98718,-1.0128212
train,50,150,48.0,48.992672,0.99267197
train,50,151,47.0,51.347294,4.347294
train,50,152,46.0,52.42991,6.4299088
train,50,153,45.0,54.6908,9.6908
train,50,154,44.0,52.568413,8.568413
train,50,155,43.0,52.858955,9.858955
train,50,156,42.0,54.107563,12.107563
train,50,157,41.0,51.577953,10.577953
train,50,158,40.0,53.62227,13.622269
train,50,159,39.0,51.195084,12.195084
train,50,160,38.0,52.146564,14.1465645
train,50,161,37.0,50.61633,13.616329
train,50,162,36.0,42.659492,6.6594925
train,50,163,35.0,45.934998,10.934998
train,50,164,34.0,46.894245,12.894245
train,50,165,33.0,41.79286,8.792858
train,50,166,32.0,38.980377,6.980377
train,50,167,31.0,38.846546,7.846546
train,50,168,30.0,37.247414,7.2474136
train,50,169,29.0,33.83,4.830002
train,50,170,28.0,37.878395,9.878395
train,50,171,27.0,37.82673,10.826729
train,50,172,26.0,33.60028,7.600281
train,50,173,25.0,30.264696,5.264696
train,50,174,24.0,25.249514,1.2495136
train,50,175,23.0,24.22191,1.2219105
train,50,176,22.0,24.67665,2.676649
train,50,177,21.0,27.902338,6.902338
train,50,178,20.0,27.576431,7.5764313
train,50,179,19.0,28.949259,9.949259
train,50,180,18.0,30.456276,12.456276
train,50,181,17.0,29.136604,12.136604
train,50,182,16.0,26.982788,10.982788
train,50,183,15.0,30.97058,15.970579
train,50,184,14.0,29.901442,15.901442
train,50,185,13.0,28.571915,15.571915
train,50,186,12.0,25.864408,13.8644085
train,50,187,11.0,27.329659,16.329659
train,50,188,10.0,27.612373,17.612373
train,50,189,9.0,27.349651,18.349651
train,50,190,8.0,20.037209,12.037209
train,50,191,7.0,17.538502,10.538502
train,50,192,6.0,14.79813,8.79813
train,50,193,5.0,18.583565,13.583565
train,50,194,4.0,12.431929,8.431929
train,50,195,3.0,13.910793,10.910793
train,50,196,2.0,14.198038,12.198038
train,50,197,1.0,11.574932,10.574932
train,50,198,0.0,7.946354,7.946354
train,54,30,227.0,172.6098,-54.390198
train,54,31,226.0,168.39168,-57.608322
train,54,32,225.0,166.58884,-58.411163
train,54,33,224.0,169.30045,-54.699554
train,54,34,223.0,171.12393,-51.87607
train,54,35,222.0,180.07243,-41.927567
train,54,36,221.0,171.74265,-49.257355
train,54,37,220.0,180.34569,-39.654312
train,54,38,219.0,181.19238,-37.807617
train,54,39,218.0,179.25671,-38.743286
train,54,40,217.0,180.91399,-36.086014
train,54,41,216.0,178.50299,-37.49701
train,54,42,215.0,184.31508,-30.684921
train,54,43,214.0,181.51068,-32.48932
train,54,44,213.0,181.80481,-31.19519
train,54,45,212.0,188.56262,-23.437378
train,54,46,211.0,186.92877,-24.071228
train,54,47,210.0,188.30142,-21.698578
train,54,48,209.0,180.66663,-28.333374
train,54,49,208.0,185.21118,-22.788818
train,54,50,207.0,191.19324,-15.806763
train,54,51,206.0,189.2175,-16.782501
train,54,52,205.0,190.26213,-14.737869
train,54,53,204.0,190.14822,-13.851776
train,54,54,203.0,207.06796,4.0679626
train,54,55,202.0,199.11136,-2.8886414
train,54,56,201.0,197.48444,-3.515564
train,54,57,200.0,203.80399,3.8039856
train,54,58,199.0,202.2798,3.2798004
train,54,59,198.0,183.05833,-14.941666
train,54,60,197.0,185.70958,-11.290421
train,54,61,196.0,176.4273,-19.572693
train,54,62,195.0,165.61246,-29.387543
train,54,63,194.0,170.5831,-23.4169
train,54,64,193.0,181.56696,-11.433044
train,54,65,192.0,185.42395,-6.57605
train,54,66,191.0,180.72015,-10.279846
train,54,67,190.0,175.77596,-14.224045
train,54,68,189.0,159.43759,-29.562408
train,54,69,188.0,162.91278,-25.08722
train,54,70,187.0,154.27238,-32.727615
train,54,71,186.0,153.32156,-32.678436
train,54,72,185.0,152.82027,-32.179733
train,54,73,184.0,146.19179,-37.808212
train,54,74,183.0,145.16844,-37.83156
train,54,75,182.0,145.31204,-36.687958
train,54,76,181.0,140.30415,-40.695847
train,54,77,180.0,144.86578,-35.134216
train,54,78,179.0,142.92178,-36.078217
train,54,79,178.0,142.85179,-35.14821
train,54,80,177.0,149.4448,-27.555206
train,54,81,176.0,163.08017,-12.91983
train,54,82,175.0,164.26994,-10.730057
train,54,83,174.0,170.11954,-3.8804626
train,54,84,173.0,167.18802,-5.811981
train,54,85,172.0,161.85037,-10.149628
train,54,86,171.0,170.41476,-0.5852356
train,54,87,170.0,186.12152,16.121521
train,54,88,169.0,171.86095,2.8609467
train,54,89,168.0,167.74458,-0.25541687
train,54,90,167.0,166.57684,-0.42315674
train,54,91,166.0,170.49666,4.4966583
train,54,92,165.0,174.89043,9.890427
train,54,93,164.0,172.79764,8.797638
train,54,94,163.0,176.27907,13.279068
train,54,95,162.0,176.05542,14.05542
train,54,96,161.0,166.1982,5.1981964
train,54,97,160.0,162.75723,2.7572327
train,54,98,159.0,153.2121,-5.787903
train,54,99,158.0,148.69388,-9.306122
train,54,100,157.0,144.41617,-12.583832
train,54,101,156.0,150.43129,-5.5687103
train,54,102,155.0,144.94916,-10.050842
train,54,103,154.0,141.55626,-12.443741
train,54,104,153.0,136.37297,-16.62703
train,54,105,152.0,134.96857,-17.031433
train,54,106,151.0,133.59778,-17.402222
train,54,107,150.0,140.72853,-9.271469
train,54,108,149.0,138.34238,-10.657623
train,54,109,148.0,136.5498,-11.450195
train,54,110,147.0,143.5662,-3.4338074
train,54,111,146.0,144.84052,-1.1594849
train,54,112,145.0,137.729,-7.270996
train,54,113,144.0,135.3837,-8.6163025
train,54,114,143.0,131.85269,-11.147308
train,54,115,142.0,130.4862,-11.513794
train,54,116,141.0,133.20807,-7.791931
train,54,117,140.0,143.26987,3.269867
train,54,118,139.0,141.10497,2.1049652
train,54,119,138.0,143.51614,5.516144
train,54,120,137.0,154.8291,17.829102
train,54,121,136.0,145.32672,9.326721
train,54,122,135.0,150.10394,15.103943
train,54,123,134.0,150.32956,16.32956
train,54,124,133.0,154.08728,21.08728
train,54,125,132.0,147.0503,15.050293
train,54,126,131.0,145.67033,14.670334
train,54,127,130.0,140.96436,10.964355
train,54,128,129.0,135.63446,6.6344604
train,54,129,128.0,128.99818,0.9981842
train,54,130,127.0,130.728,3.7279968
train,54,131,126.0,118.522766,-7.477234
train,54,132,125.0,118.423935,-6.576065
train,54,133,124.0,119.23604,-4.763962
train,54,134,123.0,117.39209,-5.60791
train,54,135,122.0,121.28061,-0.71939087
train,54,136,121.0,119.67613,-1.3238678
train,54,137,120.0,112.226135,-7.7738647
train,54,138,119.0,105.14441,-13.855591
train,54,139,118.0,100.46032,-17.53968
train,54,140,117.0,102.51277,-14.487228
train,54,141,116.0,102.94882,-13.051178
train,54,142,115.0,100.95786,-14.042137
train,54,143,114.0,101.75829,-12.241707
train,54,144,113.0,99.51567,-13.484329
train,54,145,112.0,97.718544,-14.281456
train,54,146,111.0,99.48437,-11.515633
train,54,147,110.0,103.85791,-6.14209
train,54,148,109.0,101.70152,-7.298477
train,54,149,108.0,104.21274,-3.787262
train,54,150,107.0,99.400406,-7.599594
train,54,151,106.0,101.71228,-4.2877197
train,54,152,105.0,101.11119,-3.8888092
train,54,153,104.0,102.51574,-1.4842606
train,54,154,103.0,108.008835,5.008835
train,54,155,102.0,104.86739,2.8673935
train,54,156,101.0,108.70839,7.7083893
train,54,157,100.0,100.47981,0.47981262
train,54,158,99.0,100.25934,1.2593384
train,54,159,98.0,98.27822,0.27822113
train,54,160,97.0,98.37981,1.3798065
train,54,161,96.0,90.768036,-5.231964
train,54,162,95.0,89.20174,-5.7982635
train,54,163,94.0,85.65312,-8.346878
train,54,164,93.0,84.26031,-8.739693
train,54,165,92.0,80.28494,-11.715057
train,54,166,91.0,80.92421,-10.07579
train,54,167,90.0,82.27186,-7.728142
train,54,168,89.0,76.576065,-12.423935
train,54,169,88.0,70.899704,-17.100296
train,54,170,87.0,68.28217,-18.717827
train,54,171,86.0,71.866615,-14.133385
train,54,172,85.0,70.98498,-14.015022
train,54,173,84.0,77.27614,-6.7238617
train,54,174,83.0,74.79044,-8.209557
train,54,175,82.0,68.11289,-13.887108
train,54,176,81.0,68.262535,-12.737465
train,54,177,80.0,66.26875,-13.731247
train,54,178,79.0,66.0513,-12.9487
train,54,179,78.0,67.479904,-10.520096
train,54,180,77.0,52.186882,-24.813118
train,54,181,76.0,50.812874,-25.187126
train,54,182,75.0,51.471336,-23.528664
train,54,183,74.0,43.096138,-30.903862
train,54,184,73.0,41.83599,-31.16401
train,54,185,72.0,42.318336,-29.681664
train,54,186,71.0,40.8521,-30.1479
train,54,187,70.0,40.106266,-29.893734
train,54,188,69.0,41.142944,-27.857056
train,54,189,68.0,39.35958,-28.640419
train,54,190,67.0,37.17043,-29.82957
train,54,191,66.0,42.860626,-23.139374
train,54,192,65.0,41.75134,-23.248661
train,54,193,64.0,39.241894,-24.758106
train,54,194,63.0,39.600266,-23.399734
train,54,195,62.0,39.02577,-22.974232
train,54,196,61.0,37.989105,-23.010895
train,54,197,60.0,39.737988,-20.262012
train,54,198,59.0,39.06866,-19.93134
train,54,199,58.0,37.548744,-20.451256
train,54,200,57.0,39.872276,-17.127724
train,54,201,56.0,41.55151,-14.44849
train,54,202,55.0,40.06018,-14.939819
train,54,203,54.0,38.417934,-15.582066
train,54,204,53.0,42.14527,-10.854729
train,54,205,52.0,41.483063,-10.516937
train,54,206,51.0,43.294037,-7.705963
train,54,207,50.0,43.171684,-6.8283157
train,54,208,49.0,42.174934,-6.8250656
train,54,209,48.0,37.5046,-10.495399
train,54,210,47.0,61.257774,14.257774
train,54,211,46.0,61.002598,15.002598
train,54,212,45.0,57.9168,12.916801
train,54,213,44.0,55.151146,11.151146
train,54,214,43.0,50.414307,7.4143066
train,54,215,42.0,51.166534,9.166534
train,54,216,41.0,53.09719,12.097191
train,54,217,40.0,51.546432,11.5464325
train,54,218,39.0,49.612926,10.6129265
train,54,219,38.0,50.547676,12.547676
train,54,220,37.0,47.50865,10.508652
train,54,221,36.0,42.891747,6.8917465
train,54,222,35.0,40.43943,5.43943
train,54,223,34.0,37.86312,3.863121
train,54,224,33.0,32.71298,-0.28702164
train,54,225,32.0,30.174086,-1.8259144
train,54,226,31.0,33.49639,2.4963913
train,54,227,30.0,35.54738,5.5473785
train,54,228,29.0,32.17704,3.17704
train,54,229,28.0,30.229414,2.229414
train,54,230,27.0,28.733898,1.7338982
train,54,231,26.0,26.055706,0.055706024
train,54,232,25.0,22.601616,-2.398384
train,54,233,24.0,25.72137,1.7213707
train,54,234,23.0,20.064394,-2.935606
train,54,235,22.0,18.256577,-3.7434235
train,54,236,21.0,15.430271,-5.569729
train,54,237,20.0,15.320988,-4.6790123
train,54,238,19.0,16.659332,-2.3406677
train,54,239,18.0,18.359015,0.3590145
train,54,240,17.0,16.8866,-0.113399506
train,54,241,16.0,18.304943,2.304943
train,54,242,15.0,21.187054,6.1870537
train,54,243,14.0,19.593767,5.593767
train,54,244,13.0,21.252989,8.252989
train,54,245,12.0,21.24099,9.24099
train,54,246,11.0,20.208303,9.208303
train,54,247,10.0,18.372503,8.372503
train,54,248,9.0,17.551304,8.551304
train,54,249,8.0,12.191032,4.1910324
train,54,250,7.0,8.165035,1.1650352
train,54,251,6.0,9.992466,3.992466
train,54,252,5.0,9.415882,4.415882
train,54,253,4.0,10.811306,6.811306
train,54,254,3.0,11.723079,8.723079
train,54,255,2.0,10.991238,8.991238
train,54,256,1.0,6.4432716,5.4432716
train,54,257,0.0,5.9835944,5.9835944
train,55,30,163.0,126.74034,-36.25966
train,55,31,162.0,139.30396,-22.696045
train,55,32,161.0,150.17227,-10.827728
train,55,33,160.0,145.64989,-14.350113
train,55,34,159.0,148.12312,-10.876877
train,55,35,158.0,151.52713,-6.47287
train,55,36,157.0,143.94894,-13.051056
train,55,37,156.0,158.14331,2.1433105
train,55,38,155.0,156.43219,1.43219
train,55,39,154.0,155.58937,1.5893707
train,55,40,153.0,166.25006,13.250061
train,55,41,152.0,145.90964,-6.0903625
train,55,42,151.0,156.6325,5.6325073
train,55,43,150.0,153.14929,3.149292
train,55,44,149.0,162.01926,13.019257
train,55,45,148.0,157.38022,9.3802185
train,55,46,147.0,158.1365,11.136505
train,55,47,146.0,167.03198,21.031982
train,55,48,145.0,171.91815,26.918152
train,55,49,144.0,179.99902,35.999023
train,55,50,143.0,166.28958,23.289581
train,55,51,142.0,166.43956,24.43956
train,55,52,141.0,162.47101,21.471008
train,55,53,140.0,161.18854,21.188538
train,55,54,139.0,162.2837,23.283707
train,55,55,138.0,161.91928,23.919281
train,55,56,137.0,148.83966,11.839661
train,55,57,136.0,151.87122,15.871216
train,55,58,135.0,144.20105,9.20105
train,55,59,134.0,130.9914,-3.008606
train,55,60,133.0,134.67877,1.678772
train,55,61,132.0,130.63696,-1.3630371
train,55,62,131.0,134.08887,3.0888672
train,55,63,130.0,132.61203,2.61203
train,55,64,129.0,134.35126,5.3512573
train,55,65,128.0,131.36841,3.3684082
train,55,66,127.0,136.71378,9.713776
train,55,67,126.0,139.1289,13.128906
train,55,68,125.0,145.1567,20.156693
train,55,69,124.0,141.93271,17.932709
train,55,70,123.0,155.03651,32.036514
train,55,71,122.0,133.75122,11.751221
train,55,72,121.0,130.2301,9.230103
train,55,73,120.0,133.71646,13.716461
train,55,74,119.0,131.1055,12.105499
train,55,75,118.0,122.56572,4.5657196
train,55,76,117.0,131.72415,14.724152
train,55,77,116.0,131.38223,15.382233
train,55,78,115.0,141.3941,26.394104
train,55,79,114.0,154.40402,40.404022
train,55,80,113.0,152.25201,39.252014
train,55,81,112.0,160.2539,48.253906
train,55,82,111.0,172.32487,61.324875
train,55,83,110.0,167.58688,57.586884
train,55,84,109.0,162.23914,53.239136
train,55,85,108.0,156.16727,48.167267
train,55,86,107.0,149.17392,42.17392
train,55,87,106.0,153.34123,47.341232
train,55,88,105.0,151.00015,46.000153
train,55,89,104.0,160.59518,56.595184
train,55,90,103.0,151.46262,48.462616
train,55,91,102.0,161.18355,59.183548
train,55,92,101.0,159.43016,58.43016
train,55,93,100.0,163.72275,63.722748
train,55,94,99.0,163.04053,64.04053
train,55,95,98.0,156.50462,58.504623
train,55,96,97.0,155.20456,58.20456
train,55,97,96.0,155.96535,59.965347
train,55,98,95.0,147.67404,52.67404
train,55,99,94.0,137.95514,43.95514
train,55,100,93.0,138.24065,45.240646
train,55,101,92.0,120.15754,28.15754
train,55,102,91.0,125.89551,34.895508
train,55,103,90.0,133.48065,43.48065
train,55,104,89.0,130.509,41.509003
train,55,105,88.0,128.10956,40.10956
train,55,106,87.0,117.51784,30.517838
train,55,107,86.0,123.75632,37.756317
train,55,108,85.0,119.65715,34.65715
train,55,109,84.0,126.62033,42.62033
train,55,110,83.0,121.15506,38.15506
train,55,111,82.0,120.01145,38.01145
train,55,112,81.0,117.68631,36.68631
train,55,113,80.0,105.55759,25.557587
train,55,114,79.0,105.013985,26.013985
train,55,115,78.0,120.19323,42.19323
train,55,116,77.0,110.79912,33.799118
train,55,117,76.0,105.94049,29.94049
train,55,118,75.0,99.22852,24.228523
train,55,119,74.0,101.708405,27.708405
train,55,120,73.0,100.62898,27.628983
train,55,121,72.0,99.79381,27.793808
train,55,122,71.0,98.71772,27.71772
train,55,123,70.0,104.07946,34.07946
train,55,124,69.0,102.32388,33.323883
train,55,125,68.0,104.89246,36.892464
train,55,126,67.0,103.12039,36.12039
train,55,127,66.0,95.88077,29.880768
train,55,128,65.0,102.90411,37.904114
train,55,129,64.0,94.41092,30.41092
train,55,130,63.0,88.51579,25.515793
train,55,131,62.0,85.8879,23.887901
train,55,132,61.0,77.03951,16.039513
train,55,133,60.0,72.21051,12.21051
train,55,134,59.0,66.33696,7.33696
train,55,135,58.0,61.19664,3.19664
train,55,136,57.0,53.508625,-3.491375
train,55,137,56.0,53.71956,-2.2804413
train,55,138,55.0,53.23293,-1.7670708
train,55,139,54.0,51.608192,-2.3918076
train,55,140,53.0,48.24462,-4.7553787
train,55,141,52.0,45.106907,-6.893093
train,55,142,51.0,48.13934,-2.8606606
train,55,143,50.0,43.809372,-6.190628
train,55,144,49.0,44.41224,-4.587761
train,55,145,48.0,46.83221,-1.1677895
train,55,146,47.0,45.143932,-1.8560677
train,55,147,46.0,49.10488,3.1048813
train,55,148,45.0,48.10151,3.101509
train,55,149,44.0,44.501266,0.5012665
train,55,150,43.0,41.310158,-1.6898422
train,55,151,42.0,41.737946,-0.26205444
train,55,152,41.0,39.75174,-1.2482605
train,55,153,40.0,42.23533,2.2353287
train,55,154,39.0,42.884224,3.884224
train,55,155,38.0,41.78934,3.789341
train,55,156,37.0,42.433235,5.433235
train,55,157,36.0,39.288673,3.2886734
train,55,158,35.0,35.275536,0.27553558
train,55,159,34.0,35.654022,1.6540222
train,55,160,33.0,33.550106,0.55010605
train,55,161,32.0,31.941528,-0.05847168
train,55,162,31.0,32.42028,1.4202805
train,55,163,30.0,33.492645,3.4926453
train,55,164,29.0,35.042854,6.0428543
train,55,165,28.0,32.92953,4.929531
train,55,166,27.0,32.356686,5.3566856
train,55,167,26.0,29.065386,3.0653858
train,55,168,25.0,28.728552,3.7285519
train,55,169,24.0,26.036205,2.0362053
train,55,170,23.0,26.458948,3.4589481
train,55,171,22.0,28.282692,6.282692
train,55,172,21.0,22.370499,1.3704987
train,55,173,20.0,23.105942,3.1059418
train,55,174,19.0,24.921122,5.9211216
train,55,175,18.0,20.682299,2.6822987
train,55,176,17.0,17.933533,0.9335327
train,55,177,16.0,15.037634,-0.9623661
train,55,178,15.0,13.942875,-1.0571251
train,55,179,14.0,9.866987,-4.133013
train,55,180,13.0,10.124767,-2.8752327
train,55,181,12.0,6.693701,-5.306299
train,55,182,11.0,4.0720654,-6.9279346
train,55,183,10.0,2.8401222,-7.159878
train,55,184,9.0,-1.7863752,-10.786375
train,55,185,8.0,-5.6912766,-13.691277
train,55,186,7.0,-6.9608517,-13.960852
train,55,187,6.0,-11.383257,-17.383257
train,55,188,5.0,-14.5939045,-19.593904
train,55,189,4.0,-18.058243,-22.058243
train,55,190,3.0,-18.969542,-21.969542
train,55,191,2.0,-22.899542,-24.899542
train,55,192,1.0,-26.955233,-27.955233
train,55,193,0.0,-30.72495,-30.72495
train,56,30,245.0,181.82518,-63.17482
train,56,31,244.0,177.15646,-66.84354
train,56,32,243.0,169.22998,-73.77002
train,56,33,242.0,164.37209,-77.627914
train,56,34,241.0,168.34866,-72.65134
train,56,35,240.0,182.47787,-57.522125
train,56,36,239.0,189.50455,-49.495453
train,56,37,238.0,178.13846,-59.86154
train,56,38,237.0,167.5697,-69.4303
train,56,39,236.0,158.4053,-77.594696
train,56,40,235.0,162.85175,-72.148254
train,56,41,234.0,177.4417,-56.558304
train,56,42,233.0,176.4315,-56.568497
train,56,43,232.0,184.42299,-47.57701
train,56,44,231.0,185.90637,-45.093628
train,56,45,230.0,186.21921,-43.780792
train,56,46,229.0,182.78099,-46.21901
train,56,47,228.0,178.76004,-49.23996
train,56,48,227.0,170.59497,-56.40503
train,56,49,226.0,159.3362,-66.6638
train,56,50,225.0,150.32716,-74.67284
train,56,51,224.0,147.63126,-76.368744
train,56,52,223.0,140.82933,-82.17067
train,56,53,222.0,140.20148,-81.79852
train,56,54,221.0,142.18973,-78.81027
train,56,55,220.0,139.99811,-80.00189
train,56,56,219.0,140.23239,-78.76761
train,56,57,218.0,143.53694,-74.46306
train,56,58,217.0,134.14925,-82.85075
train,56,59,216.0,151.45425,-64.545746
train,56,60,215.0,152.59894,-62.401062
train,56,61,214.0,142.78302,-71.21698
train,56,62,213.0,139.69167,-73.308334
train,56,63,212.0,127.2057,-84.7943
train,56,64,211.0,121.33089,-89.66911
train,56,65,210.0,126.059265,-83.940735
train,56,66,209.0,121.39629,-87.60371
train,56,67,208.0,118.24777,-89.75223
train,56,68,207.0,122.68517,-84.31483
train,56,69,206.0,131.5086,-74.491394
train,56,70,205.0,137.78833,-67.21167
train,56,71,204.0,149.54524,-54.454758
train,56,72,203.0,150.37746,-52.622543
train,56,73,202.0,161.09401,-40.90599
train,56,74,201.0,156.41748,-44.58252
train,56,75,200.0,158.125,-41.875
train,56,76,199.0,168.41351,-30.586487
train,56,77,198.0,160.97556,-37.024445
train,56,78,197.0,170.19754,-26.80246
train,56,79,196.0,155.80904,-40.190964
train,56,80,195.0,148.18102,-46.818985
train,56,81,194.0,142.57411,-51.425888
train,56,82,193.0,136.06366,-56.93634
train,56,83,192.0,135.0808,-56.919205
train,56,84,191.0,136.02286,-54.977142
train,56,85,190.0,139.5871,-50.412903
train,56,86,189.0,133.79579,-55.20421
train,56,87,188.0,144.70413,-43.295868
train,56,88,187.0,127.626236,-59.373764
train,56,89,186.0,134.14803,-51.851974
train,56,90,185.0,131.25836,-53.74164
train,56,91,184.0,127.14931,-56.850693
train,56,92,183.0,130.51192,-52.488083
train,56,93,182.0,135.62709,-46.37291
train,56,94,181.0,137.73578,-43.26422
train,56,95,180.0,139.24318,-40.75682
train,56,96,179.0,126.188835,-52.811165
train,56,97,178.0,116.87161,-61.128387
train,56,98,177.0,130.46622,-46.533783
train,56,99,176.0,129.71552,-46.284485
train,56,100,175.0,131.65901,-43.34099
train,56,101,174.0,136.87898,-37.121017
train,56,102,173.0,139.78032,-33.21968
train,56,103,172.0,138.95822,-33.04178
train,56,104,171.0,122.20807,-48.79193
train,56,105,170.0,125.14665,-44.853348
train,56,106,169.0,130.02318,-38.97682
train,56,107,168.0,129.53278,-38.467224
train,56,108,167.0,133.6393,-33.360703
train,56,109,166.0,122.85152,-43.148483
train,56,110,165.0,125.53133,-39.468674
train,56,111,164.0,130.96661,-33.033386
train,56,112,163.0,125.92038,-37.07962
train,56,113,162.0,120.43434,-41.56566
train,56,114,161.0,126.90454,-34.09546
train,56,115,160.0,122.85044,-37.14956
train,56,116,159.0,118.377304,-40.622696
train,56,117,158.0,108.84158,-49.158417
train,56,118,157.0,112.37173,-44.628273
train,56,119,156.0,120.24062,-35.759377
train,56,120,155.0,110.44463,-44.555367
train,56,121,154.0,105.52138,-48.478622
train,56,122,153.0,106.80669,-46.193314
train,56,123,152.0,113.14961,-38.850388
train,56,124,151.0,120.742905,-30.257095
train,56,125,150.0,118.51815,-31.48185
train,56,126,149.0,107.12987,-41.870132
train,56,127,148.0,109.35742,-38.64258
train,56,128,147.0,117.2592,-29.740799
train,56,129,146.0,114.72777,-31.272232
train,56,130,145.0,113.56886,-31.431137
train,56,131,144.0,111.62745,-32.37255
train,56,132,143.0,113.04802,-29.95198
train,56,133,142.0,111.03812,-30.961884
train,56,134,141.0,109.18251,-31.81749
train,56,135,140.0,116.4319,-23.5681
train,56,136,139.0,125.33927,-13.660728
train,56,137,138.0,126.568375,-11.431625
train,56,138,137.0,123.231415,-13.768585
train,56,139,136.0,122.99542,-13.004578
train,56,140,135.0,116.872215,-18.127785
train,56,141,134.0,112.13341,-21.866592
train,56,142,133.0,107.133194,-25.866806
train,56,143,132.0,103.23587,-28.76413
train,56,144,131.0,104.61076,-26.389236
train,56,145,130.0,99.231476,-30.768524
train,56,146,129.0,95.06962,-33.93038
train,56,147,128.0,94.252266,-33.747734
train,56,148,127.0,92.46263,-34.53737
train,56,149,126.0,94.443596,-31.556404
train,56,150,125.0,97.201416,-27.798584
train,56,151,124.0,95.81557,-28.184433
train,56,152,123.0,95.648575,-27.351425
train,56,153,122.0,86.21689,-35.78311
train,56,154,121.0,82.892334,-38.107666
train,56,155,120.0,81.742615,-38.257385
train,56,156,119.0,75.93013,-43.06987
train,56,157,118.0,75.10727,-42.89273
train,56,158,117.0,80.839584,-36.160416
train,56,159,116.0,82.40561,-33.59439
train,56,160,115.0,79.89682,-35.10318
train,56,161,114.0,80.31546,-33.68454
train,56,162,113.0,83.54031,-29.459686
train,56,163,112.0,82.95528,-29.044724
train,56,164,111.0,91.75843,-19.24157
train,56,165,110.0,95.32454,-14.675461
train,56,166,109.0,91.336075,-17.663925
train,56,167,108.0,86.73488,-21.265121
train,56,168,107.0,83.96086,-23.039139
train,56,169,106.0,83.34908,-22.650917
train,56,170,105.0,84.87648,-20.12352
train,56,171,104.0,82.64644,-21.353561
train,56,172,103.0,85.75548,-17.244522
train,56,173,102.0,82.83985,-19.160149
train,56,174,101.0,84.490005,-16.509995
train,56,175,100.0,85.991974,-14.008026
train,56,176,99.0,82.55559,-16.444412
train,56,177,98.0,82.61678,-15.383217
train,56,178,97.0,80.20508,-16.794922
train,56,179,96.0,78.907166,-17.092834
train,56,180,95.0,73.9133,-21.0867
train,56,181,94.0,72.9366,-21.0634
train,56,182,93.0,73.00519,-19.994812
train,56,183,92.0,70.00405,-21.995949
train,56,184,91.0,74.42166,-16.578339
train,56,185,90.0,71.6073,-18.3927
train,56,186,89.0,69.21849,-19.78151
train,56,187,88.0,68.13988,-19.860123
train,56,188,87.0,67.05684,-19.943161
train,56,189,86.0,67.8846,-18.115402
train,56,190,85.0,66.52973,-18.470268
train,56,191,84.0,63.622368,-20.377632
train,56,192,83.0,58.536816,-24.463184
train,56,193,82.0,62.536613,-19.463387
train,56,194,81.0,62.78483,-18.215172
train,56,195,80.0,60.480923,-19.519077
train,56,196,79.0,65.45582,-13.544182
train,56,197,78.0,63.91909,-14.08091
train,56,198,77.0,64.08728,-12.91272
train,56,199,76.0,62.67571,-13.324291
train,56,200,75.0,68.612885,-6.3871155
train,56,201,74.0,73.84442,-0.15557861
train,56,202,73.0,74.38574,1.3857422
train,56,203,72.0,67.73827,-4.2617264
train,56,204,71.0,68.22241,-2.777588
train,56,205,70.0,69.42685,-0.57315063
train,56,206,69.0,70.945526,1.9455261
train,56,207,68.0,66.9434,-1.0566025
train,56,208,67.0,65.75601,-1.243988
train,56,209,66.0,64.44679,-1.5532074
train,56,210,65.0,64.87322,-0.12677765
train,56,211,64.0,64.17025,0.17024994
train,56,212,63.0,60.570793,-2.4292068
train,56,213,62.0,58.967323,-3.0326767
train,56,214,61.0,56.413235,-4.5867653
train,56,215,60.0,54.466656,-5.5333443
train,56,216,59.0,51.41112,-7.5888786
train,56,217,58.0,47.419304,-10.580696
train,56,218,57.0,49.034714,-7.9652863
train,56,219,56.0,46.712822,-9.287178
train,56,220,55.0,48.507652,-6.4923477
train,56,221,54.0,48.463608,-5.536392
train,56,222,53.0,45.850414,-7.1495857
train,56,223,52.0,46.927177,-5.0728226
train,56,224,51.0,45.83056,-5.169441
train,56,225,50.0,42.75724,-7.2427597
train,56,226,49.0,44.457367,-4.542633
train,56,227,48.0,45.106083,-2.893917
train,56,228,47.0,41.79272,-5.207279
train,56,229,46.0,41.23938,-4.76062
train,56,230,45.0,41.470802,-3.5291977
train,56,231,44.0,39.678844,-4.3211555
train,56,232,43.0,39.768227,-3.2317734
train,56,233,42.0,35.408073,-6.5919266
train,56,234,41.0,35.075478,-5.9245224
train,56,235,40.0,37.64995,-2.3500519
train,56,236,39.0,37.980957,-1.019043
train,56,237,38.0,37.89518,-0.10482025
train,56,238,37.0,38.95294,1.9529419
train,56,239,36.0,41.279247,5.2792473
train,56,240,35.0,39.2909,4.290901
train,56,241,34.0,38.187042,4.187042
train,56,242,33.0,34.41008,1.41008
train,56,243,32.0,31.278206,-0.7217941
train,56,244,31.0,35.099907,4.099907
train,56,245,30.0,37.225647,7.225647
train,56,246,29.0,39.476536,10.476536
train,56,247,28.0,39.063984,11.063984
train,56,248,27.0,35.311573,8.311573
train,56,249,26.0,33.09834,7.098339
train,56,250,25.0,29.864513,4.8645134
train,56,251,24.0,33.555424,9.555424
train,56,252,23.0,29.075943,6.075943
train,56,253,22.0,25.956326,3.9563255
train,56,254,21.0,25.975254,4.975254
train,56,255,20.0,25.258446,5.2584457
train,56,256,19.0,23.383938,4.383938
train,56,257,18.0,21.875553,3.8755531
train,56,258,17.0,21.522724,4.522724
train,56,259,16.0,21.836338,5.836338
train,56,260,15.0,15.552456,0.5524559
train,56,261,14.0,15.237167,1.2371674
train,56,262,13.0,10.391239,-2.6087608
train,56,263,12.0,7.444351,-4.555649
train,56,264,11.0,7.8300858,-3.1699142
train,56,265,10.0,9.892715,-0.107284546
train,56,266,9.0,9.725761,0.7257614
train,56,267,8.0,8.747986,0.74798584
train,56,268,7.0,8.9905205,1.9905205
train,56,269,6.0,8.227455,2.2274551
train,56,270,5.0,8.286846,3.2868462
train,56,271,4.0,1.4325103,-2.5674896
train,56,272,3.0,3.0385094,0.03850937
train,56,273,2.0,0.85045993,-1.1495401
train,56,274,1.0,1.7390441,0.7390441
train,56,275,0.0,-0.1361047,-0.1361047
train,58,30,117.0,125.979034,8.979034
train,58,31,116.0,123.456604,7.456604
train,58,32,115.0,140.22166,25.221664
train,58,33,114.0,155.6694,41.669403
train,58,34,113.0,160.97266,47.972656
train,58,35,112.0,159.21927,47.21927
train,58,36,111.0,162.46089,51.46089
train,58,37,110.0,162.0953,52.095306
train,58,38,109.0,157.30945,48.30945
train,58,39,108.0,149.84438,41.844376
train,58,40,107.0,142.14542,35.145416
train,58,41,106.0,134.19461,28.19461
train,58,42,105.0,129.60545,24.605453
train,58,43,104.0,130.05325,26.053253
train,58,44,103.0,129.04779,26.04779
train,58,45,102.0,137.18544,35.18544
train,58,46,101.0,128.58345,27.58345
train,58,47,100.0,135.37018,35.37018
train,58,48,99.0,135.66922,36.66922
train,58,49,98.0,139.48555,41.48555
train,58,50,97.0,141.85538,44.855377
train,58,51,96.0,154.58603,58.58603
train,58,52,95.0,149.08194,54.08194
train,58,53,94.0,147.33095,53.330948
train,58,54,93.0,144.4163,51.416306
train,58,55,92.0,147.27023,55.270233
train,58,56,91.0,144.5325,53.5325
train,58,57,90.0,145.47992,55.47992
train,58,58,89.0,144.98828,55.98828
train,58,59,88.0,127.44636,39.446358
train,58,60,87.0,126.03247,39.03247
train,58,61,86.0,125.50876,39.50876
train,58,62,85.0,136.53526,51.535263
train,58,63,84.0,130.94211,46.94211
train,58,64,83.0,137.48154,54.481537
train,58,65,82.0,137.69992,55.69992
train,58,66,81.0,137.6406,56.640594
train,58,67,80.0,125.71348,45.713478
train,58,68,79.0,119.14108,40.141083
train,58,69,78.0,124.18831,46.18831
train,58,70,77.0,126.237526,49.237526
train,58,71,76.0,120.774826,44.774826
train,58,72,75.0,111.18269,36.182693
train,58,73,74.0,110.0673,36.0673
train,58,74,73.0,102.9992,29.999199
train,58,75,72.0,106.99936,34.99936
train,58,76,71.0,96.06738,25.067383
train,58,77,70.0,102.76633,32.766327
train,58,78,69.0,95.17342,26.173424
train,58,79,68.0,94.76004,26.76004
train,58,80,67.0,85.42269,18.422691
train,58,81,66.0,86.983604,20.983604
train,58,82,65.0,81.21723,16.217232
train,58,83,64.0,87.50426,23.504257
train,58,84,63.0,89.610596,26.610596
train,58,85,62.0,88.05777,26.05777
train,58,86,61.0,80.75551,19.755508
train,58,87,60.0,75.111404,15.111404
train,58,88,59.0,76.88429,17.884293
train,58,89,58.0,83.00713,25.007133
train,58,90,57.0,79.421036,22.421036
train,58,91,56.0,82.97709,26.977089
train,58,92,55.0,88.013504,33.013504
train,58,93,54.0,90.20709,36.207092
train,58,94,53.0,87.20377,34.203773
train,58,95,52.0,85.06266,33.06266
train,58,96,51.0,81.20827,30.208267
train,58,97,50.0,87.520676,37.520676
train,58,98,49.0,85.40903,36.409027
train,58,99,48.0,82.366554,34.366554
train,58,100,47.0,78.43091,31.430908
train,58,101,46.0,71.75686,25.756859
train,58,102,45.0,71.14978,26.14978
train,58,103,44.0,66.39545,22.395447
train,58,104,43.0,68.880905,25.880905
train,58,105,42.0,66.4698,24.469803
train,58,106,41.0,64.920494,23.920494
train,58,107,40.0,59.91021,19.91021
train,58,108,39.0,54.3481,15.348099
train,58,109,38.0,58.414253,20.414253
train,58,110,37.0,44.388367,7.3883667
train,58,111,36.0,44.11701,8.117008
train,58,112,35.0,35.218185,0.21818542
train,58,113,34.0,40.290306,6.290306
train,58,114,33.0,43.663437,10.663437
train,58,115,32.0,43.08705,11.087051
train,58,116,31.0,42.034546,11.034546
train,58,117,30.0,35.74997,5.7499695
train,58,118,29.0,33.378704,4.378704
train,58,119,28.0,39.997925,11.997925
train,58,120,27.0,37.42092,10.420921
train,58,121,26.0,38.410618,12.410618
train,58,122,25.0,42.7444,17.7444
train,58,123,24.0,42.599655,18.599655
train,58,124,23.0,42.185173,19.185173
train,58,125,22.0,34.83887,12.838871
train,58,126,21.0,38.128937,17.128937
train,58,127,20.0,41.317257,21.317257
train,58,128,19.0,38.05246,19.05246
train,58,129,18.0,36.890568,18.890568
train,58,130,17.0,32.808228,15.808228
train,58,131,16.0,34.687412,18.687412
train,58,132,15.0,29.963303,14.963303
train,58,133,14.0,22.999334,8.999334
train,58,134,13.0,25.587421,12.587421
train,58,135,12.0,30.520489,18.520489
train,58,136,11.0,23.944704,12.944704
train,58,137,10.0,15.896744,5.896744
train,58,138,9.0,10.364338,1.3643379
train,58,139,8.0,7.2928314,-0.7071686
train,58,140,7.0,3.4465408,-3.5534592
train,58,141,6.0,5.4106407,-0.5893593
train,58,142,5.0,-4.303402,-9.303402
train,58,143,4.0,-7.1768265,-11.1768265
train,58,144,3.0,-13.221149,-16.22115
train,58,145,2.0,-22.151962,-24.151962
train,58,146,1.0,-24.671068,-25.671068
train,58,147,0.0,-28.967434,-28.967434
train,59,30,201.0,180.90569,-20.094315
train,59,31,200.0,189.35855,-10.641449
train,59,32,199.0,195.98834,-3.0116577
train,59,33,198.0,192.92831,-5.071686
train,59,34,197.0,191.69104,-5.30896
train,59,35,196.0,195.18182,-0.81817627
train,59,36,195.0,198.63623,3.6362305
train,59,37,194.0,193.00815,-0.9918518
train,59,38,193.0,191.2134,-1.7866058
train,59,39,192.0,186.97858,-5.0214233
train,59,40,191.0,181.73344,-9.266556
train,59,41,190.0,184.33951,-5.660492
train,59,42,189.0,180.35114,-8.648865
train,59,43,188.0,173.72191,-14.278091
train,59,44,187.0,170.96426,-16.035736
train,59,45,186.0,178.89882,-7.101181
train,59,46,185.0,177.30977,-7.6902313
train,59,47,184.0,169.79042,-14.209579
train,59,48,183.0,168.74852,-14.25148
train,59,49,182.0,167.08867,-14.911331
train,59,50,181.0,168.80731,-12.192688
train,59,51,180.0,171.86185,-8.138153
train,59,52,179.0,172.61324,-6.3867645
train,59,53,178.0,176.92258,-1.0774231
train,59,54,177.0,178.95647,1.9564667
train,59,55,176.0,183.079,7.0789948
train,59,56,175.0,181.16655,6.1665497
train,59,57,174.0,184.74393,10.743927
train,59,58,173.0,183.95561,10.955612
train,59,59,172.0,194.88628,22.886276
train,59,60,171.0,204.9401,33.940094
train,59,61,170.0,190.50142,20.50142
train,59,62,169.0,192.7598,23.759796
train,59,63,168.0,194.48196,26.481964
train,59,64,167.0,201.89587,34.895874
train,59,65,166.0,203.22653,37.226532
train,59,66,165.0,204.68137,39.681366
train,59,67,164.0,198.76794,34.767944
train,59,68,163.0,191.8817,28.881699
train,59,69,162.0,175.0247,13.024704
train,59,70,161.0,177.63235,16.632355
train,59,71,160.0,173.69211,13.692108
train,59,72,159.0,172.2387,13.238693
train,59,73,158.0,166.76878,8.768784
train,59,74,157.0,192.41182,35.41182
train,59,75,156.0,194.36172,38.361725
train,59,76,155.0,189.4708,34.470795
train,59,77,154.0,166.93188,12.931885
train,59,78,153.0,139.54391,-13.456085
train,59,79,152.0,135.1027,-16.897293
train,59,80,151.0,137.52612,-13.473877
train,59,81,150.0,136.90814,-13.091858
train,59,82,149.0,135.21625,-13.783752
train,59,83,148.0,140.73315,-7.2668457
train,59,84,147.0,142.53958,-4.4604187
train,59,85,146.0,142.50769,-3.4923096
train,59,86,145.0,141.0247,-3.975296
train,59,87,144.0,139.71637,-4.2836304
train,59,88,143.0,137.26968,-5.730316
train,59,89,142.0,136.44383,-5.5561676
train,59,90,141.0,136.17117,-4.828827
train,59,91,140.0,131.146,-8.854004
train,59,92,139.0,132.15413,-6.845871
train,59,93,138.0,140.62573,2.6257324
train,59,94,137.0,143.97018,6.9701843
train,59,95,136.0,149.15302,13.153015
train,59,96,135.0,149.0495,14.0494995
train,59,97,134.0,158.92764,24.927643
train,59,98,133.0,163.82639,30.826385
train,59,99,132.0,156.22067,24.220673
train,59,100,131.0,159.28476,28.28476
train,59,101,130.0,159.84622,29.846222
train,59,102,129.0,155.99655,26.996552
train,59,103,128.0,155.43546,27.435455
train,59,104,127.0,159.85007,32.850067
train,59,105,126.0,162.14786,36.147858
train,59,106,125.0,168.19281,43.19281
train,59,107,124.0,160.21185,36.211853
train,59,108,123.0,153.02573,30.025726
train,59,109,122.0,162.75772,40.75772
train,59,110,121.0,156.60016,35.60016
train,59,111,120.0,154.81116,34.811157
train,59,112,119.0,145.68936,26.689362
train,59,113,118.0,151.80551,33.80551
train,59,114,117.0,163.508,46.507996
train,59,115,116.0,165.84155,49.841553
train,59,116,115.0,156.08499,41.08499
train,59,117,114.0,157.59637,43.596375
train,59,118,113.0,153.77187,40.771866
train,59,119,112.0,143.90187,31.90187
train,59,120,111.0,141.82504,30.825043
train,59,121,110.0,150.55075,40.55075
train,59,122,109.0,141.80421,32.804214
train,59,123,108.0,142.39874,34.398743
train,59,124,107.0,131.94148,24.941483
train,59,125,106.0,121.30132,15.301323
train,59,126,105.0,110.89482,5.894821
train,59,127,104.0,114.83069,10.830688
train,59,128,103.0,117.17079,14.170792
train,59,129,102.0,108.321,6.320999
train,59,130,101.0,105.70665,4.70665
train,59,131,100.0,98.84031,-1.1596909
train,59,132,99.0,101.336624,2.3366241
train,59,133,98.0,105.77702,7.7770233
train,59,134,97.0,102.138145,5.1381454
train,59,135,96.0,104.768234,8.768234
train,59,136,95.0,100.330666,5.3306656
train,59,137,94.0,101.28253,7.2825317
train,59,138,93.0,91.89227,-1.107727
train,59,139,92.0,96.73064,4.7306366
train,59,140,91.0,90.892365,-0.1076355
train,59,141,90.0,85.95414,-4.0458603
train,59,142,89.0,80.72294,-8.277061
train,59,143,88.0,93.19152,5.1915207
train,59,144,87.0,87.73719,0.73719025
train,59,145,86.0,89.6833,3.6832962
train,59,146,85.0,111.859886,26.859886
train,59,147,84.0,105.923965,21.923965
train,59,148,83.0,104.241135,21.241135
train,59,149,82.0,108.327194,26.327194
train,59,150,81.0,103.23701,22.237007
train,59,151,80.0,109.95731,29.957314
train,59,152,79.0,110.567825,31.567825
train,59,153,78.0,109.51398,31.513977
train,59,154,77.0,109.25954,32.259537
train,59,155,76.0,101.3807,25.3807
train,59,156,75.0,91.67859,16.678589
train,59,157,74.0,88.407104,14.4071045
train,59,158,73.0,82.24079,9.240791
train,59,159,72.0,77.1707,5.1707
train,59,160,71.0,82.69493,11.694931
train,59,161,70.0,82.20566,12.205658
train,59,162,69.0,89.814804,20.814804
train,59,163,68.0,91.19919,23.199188
train,59,164,67.0,87.04607,20.046066
train,59,165,66.0,97.07701,31.077011
train,59,166,65.0,91.13599,26.135986
train,59,167,64.0,96.11038,32.110382
train,59,168,63.0,92.92945,29.929451
train,59,169,62.0,90.01326,28.01326
train,59,170,61.0,77.41585,16.415848
train,59,171,60.0,70.344925,10.344925
train,59,172,59.0,58.654682,-0.34531784
train,59,173,58.0,55.216488,-2.783512
train,59,174,57.0,52.012634,-4.9873657
train,59,175,56.0,42.09941,-13.900589
train,59,176,55.0,45.968296,-9.031704
train,59,177,54.0,47.360397,-6.6396027
train,59,178,53.0,50.096916,-2.9030838
train,59,179,52.0,55.95147,3.9514694
train,59,180,51.0,49.73455,-1.2654495
train,59,181,50.0,51.44604,1.4460411
train,59,182,49.0,50.39997,1.399971
train,59,183,48.0,47.40482,-0.5951805
train,59,184,47.0,41.043907,-5.956093
train,59,185,46.0,37.9311,-8.068901
train,59,186,45.0,43.688522,-1.3114777
train,59,187,44.0,46.042343,2.0423431
train,59,188,43.0,49.01004,6.0100403
train,59,189,42.0,44.514645,2.5146446
train,59,190,41.0,38.34438,-2.6556206
train,59,191,40.0,40.21919,0.21918869
train,59,192,39.0,55.57,16.57
train,59,193,38.0,50.476997,12.476997
train,59,194,37.0,56.368465,19.368465
train,59,195,36.0,54.76519,18.76519
train,59,196,35.0,53.979237,18.979237
train,59,197,34.0,51.336678,17.336678
train,59,198,33.0,55.920338,22.920338
train,59,199,32.0,55.72537,23.725368
train,59,200,31.0,52.176575,21.176575
train,59,201,30.0,45.26984,15.26984
train,59,202,29.0,38.659657,9.659657
train,59,203,28.0,35.797974,7.7979736
train,59,204,27.0,38.67073,11.670731
train,59,205,26.0,38.384186,12.384186
train,59,206,25.0,38.860977,13.860977
train,59,207,24.0,33.592045,9.592045
train,59,208,23.0,28.930817,5.9308167
train,59,209,22.0,32.712406,10.712406
train,59,210,21.0,30.913301,9.913301
train,59,211,20.0,28.781967,8.781967
train,59,212,19.0,30.662706,11.662706
train,59,213,18.0,32.85434,14.85434
train,59,214,17.0,31.577723,14.577723
train,59,215,16.0,31.760508,15.760508
train,59,216,15.0,29.840176,14.840176
train,59,217,14.0,25.512985,11.512985
train,59,218,13.0,27.814074,14.814074
train,59,219,12.0,23.528326,11.528326
train,59,220,11.0,16.263502,5.263502
train,59,221,10.0,14.36138,4.3613796
train,59,222,9.0,9.213947,0.2139473
train,59,223,8.0,-1.2863427,-9.286343
train,59,224,7.0,-0.7618295,-7.7618294
train,59,225,6.0,-1.2694169,-7.269417
train,59,226,5.0,-1.1064569,-6.1064568
train,59,227,4.0,-1.7290117,-5.7290115
train,59,228,3.0,0.81583774,-2.1841621
train,59,229,2.0,-0.825966,-2.825966
train,59,230,1.0,-2.2276802,-3.2276802
train,59,231,0.0,-0.5229074,-0.5229074
train,61,30,155.0,188.25687,33.256866
train,61,31,154.0,190.8392,36.839203
train,61,32,153.0,187.69763,34.69763
train,61,33,152.0,195.77094,43.770935
train,61,34,151.0,198.24924,47.249237
train,61,35,150.0,187.97949,37.979492
train,61,36,149.0,190.05168,41.05168
train,61,37,148.0,184.36377,36.36377
train,61,38,147.0,188.61906,41.619064
train,61,39,146.0,187.31161,41.311615
train,61,40,145.0,200.38156,55.38156
train,61,41,144.0,197.97095,53.970947
train,61,42,143.0,202.29753,59.29753
train,61,43,142.0,195.15594,53.155945
train,61,44,141.0,195.34956,54.349564
train,61,45,140.0,189.98016,49.980164
train,61,46,139.0,190.75053,51.750534
train,61,47,138.0,184.87228,46.872284
train,61,48,137.0,185.05414,48.05414
train,61,49,136.0,188.2797,52.279694
train,61,50,135.0,186.31339,51.313385
train,61,51,134.0,189.91544,55.915436
train,61,52,133.0,189.33954,56.33954
train,61,53,132.0,192.60025,60.60025
train,61,54,131.0,191.52759,60.527588
train,61,55,130.0,200.84752,70.84752
train,61,56,129.0,188.91232,59.912323
train,61,57,128.0,182.7367,54.736694
train,61,58,127.0,179.5064,52.506393
train,61,59,126.0,179.29848,53.298477
train,61,60,125.0,172.09619,47.09619
train,61,61,124.0,172.98761,48.98761
train,61,62,123.0,160.22577,37.22577
train,61,63,122.0,166.75468,44.754684
train,61,64,121.0,168.57416,47.574158
train,61,65,120.0,176.22473,56.22473
train,61,66,119.0,176.63458,57.634583
train,61,67,118.0,167.3564,49.3564
train,61,68,117.0,163.2894,46.2894
train,61,69,116.0,154.7955,38.7955
train,61,70,115.0,154.2859,39.285904
train,61,71,114.0,149.69516,35.69516
train,61,72,113.0,153.04868,40.048676
train,61,73,112.0,150.79352,38.793518
train,61,74,111.0,152.74582,41.74582
train,61,75,110.0,152.00612,42.00612
train,61,76,109.0,146.09445,37.09445
train,61,77,108.0,146.97894,38.978943
train,61,78,107.0,144.43625,37.43625
train,61,79,106.0,151.00168,45.00168
train,61,80,105.0,151.50897,46.508972
train,61,81,104.0,157.5445,53.544495
train,61,82,103.0,157.09703,54.09703
train,61,83,102.0,163.4788,61.478806
train,61,84,101.0,156.45868,55.45868
train,61,85,100.0,155.94504,55.945038
train,61,86,99.0,146.71179,47.711792
train,61,87,98.0,151.16994,53.169937
train,61,88,97.0,150.41138,53.411377
train,61,89,96.0,143.11966,47.11966
train,61,90,95.0,142.33795,47.33795
train,61,91,94.0,141.32465,47.324646
train,61,92,93.0,135.20386,42.203857
train,61,93,92.0,136.168,44.168
train,61,94,91.0,135.49904,44.49904
train,61,95,90.0,130.3725,40.372498
train,61,96,89.0,133.6084,44.6084
train,61,97,88.0,130.81573,42.815735
train,61,98,87.0,135.72722,48.72722
train,61,99,86.0,137.91776,51.917755
train,61,100,85.0,146.05411,61.054108
train,61,101,84.0,140.39389,56.39389
train,61,102,83.0,142.13785,59.137848
train,61,103,82.0,140.68396,58.68396
train,61,104,81.0,141.61484,60.614838
train,61,105,80.0,142.1799,62.1799
train,61,106,79.0,137.23581,58.23581
train,61,107,78.0,139.92725,61.927246
train,61,108,77.0,136.51042,59.51042
train,61,109,76.0,140.58049,64.58049
train,61,110,75.0,140.45212,65.45212
train,61,111,74.0,132.70892,58.708923
train,61,112,73.0,129.04846,56.048462
train,61,113,72.0,124.60556,52.60556
train,61,114,71.0,126.2603,55.2603
train,61,115,70.0,117.527916,47.527916
train,61,116,69.0,116.897964,47.897964
train,61,117,68.0,104.22491,36.224907
train,61,118,67.0,95.92897,28.92897
train,61,119,66.0,86.576065,20.576065
train,61,120,65.0,86.332214,21.332214
train,61,121,64.0,83.11209,19.112091
train,61,122,63.0,76.43913,13.439133
train,61,123,62.0,72.767746,10.767746
train,61,124,61.0,70.70468,9.704681
train,61,125,60.0,62.586384,2.5863838
train,61,126,59.0,54.133823,-4.8661766
train,61,127,58.0,47.914143,-10.085857
train,61,128,57.0,54.678703,-2.3212967
train,61,129,56.0,62.59024,6.5902405
train,61,130,55.0,66.533936,11.533936
train,61,131,54.0,56.390564,2.390564
train,61,132,53.0,53.562416,0.5624161
train,61,133,52.0,57.46248,5.4624786
train,61,134,51.0,57.13101,6.131008
train,61,135,50.0,48.05195,-1.9480515
train,61,136,49.0,38.69554,-10.304459
train,61,137,48.0,60.42576,12.425758
train,61,138,47.0,51.21655,4.216549
train,61,139,46.0,49.12684,3.1268387
train,61,140,45.0,48.010834,3.0108337
train,61,141,44.0,42.12516,-1.8748398
train,61,142,43.0,45.355587,2.355587
train,61,143,42.0,40.15169,-1.8483086
train,61,144,41.0,38.799656,-2.200344
train,61,145,40.0,34.55449,-5.445511
train,61,146,39.0,35.475784,-3.5242157
train,61,147,38.0,43.799583,5.7995834
train,61,148,37.0,39.862663,2.8626633
train,61,149,36.0,33.37919,-2.6208115
train,61,150,35.0,33.610123,-1.3898773
train,61,151,34.0,33.112316,-0.88768387
train,61,152,33.0,27.37462,-5.6253796
train,61,153,32.0,26.979599,-5.020401
train,61,154,31.0,29.400803,-1.5991974
train,61,155,30.0,32.89026,2.8902588
train,61,156,29.0,31.394249,2.394249
train,61,157,28.0,24.81064,-3.1893597
train,61,158,27.0,28.317928,1.3179283
train,61,159,26.0,15.257084,-10.742916
train,61,160,25.0,13.56357,-11.43643
train,61,161,24.0,4.498598,-19.501402
train,61,162,23.0,11.3054695,-11.6945305
train,61,163,22.0,17.125973,-4.8740273
train,61,164,21.0,18.819975,-2.180025
train,61,165,20.0,8.195961,-11.804039
train,61,166,19.0,4.169279,-14.830721
train,61,167,18.0,8.073984,-9.926016
train,61,168,17.0,3.7730427,-13.226957
train,61,169,16.0,1.8526667,-14.147333
train,61,170,15.0,-1.1234933,-16.123493
train,61,171,14.0,-4.6138954,-18.613895
train,61,172,13.0,-2.8496552,-15.849655
train,61,173,12.0,-7.5185184,-19.518518
train,61,174,11.0,-6.6448364,-17.644836
train,61,175,10.0,-8.304747,-18.304747
train,61,176,9.0,-14.378881,-23.378881
train,61,177,8.0,-9.669504,-17.669504
train,61,178,7.0,-10.664354,-17.664354
train,61,179,6.0,-12.753881,-18.753881
train,61,180,5.0,-19.900822,-24.900822
train,61,181,4.0,-17.2374,-21.2374
train,61,182,3.0,-22.442999,-25.442999
train,61,183,2.0,-26.678898,-28.678898
train,61,184,1.0,-27.473553,-28.473553
train,61,185,0.0,-28.646534,-28.646534
train,63,30,144.0,137.46858,-6.531418
train,63,31,143.0,144.80682,1.8068237
train,63,32,142.0,140.28036,-1.719635
train,63,33,141.0,142.64578,1.6457825
train,63,34,140.0,148.07588,8.075882
train,63,35,139.0,140.93672,1.9367218
train,63,36,138.0,117.14896,-20.851044
train,63,37,137.0,122.886375,-14.113625
train,63,38,136.0,106.50426,-29.495743
train,63,39,135.0,108.54635,-26.453651
train,63,40,134.0,113.13754,-20.862457
train,63,41,133.0,120.43113,-12.568871
train,63,42,132.0,121.72816,-10.271843
train,63,43,131.0,132.80232,1.8023224
train,63,44,130.0,140.76611,10.766113
train,63,45,129.0,144.89334,15.893341
train,63,46,128.0,135.08522,7.0852203
train,63,47,127.0,138.46545,11.465454
train,63,48,126.0,143.89117,17.891174
train,63,49,125.0,143.46869,18.468689
train,63,50,124.0,141.00809,17.008087
train,63,51,123.0,147.90028,24.900284
train,63,52,122.0,156.25996,34.259964
train,63,53,121.0,148.25235,27.25235
train,63,54,120.0,157.39877,37.398773
train,63,55,119.0,169.78223,50.782227
train,63,56,118.0,155.64732,37.647324
train,63,57,117.0,161.57152,44.571518
train,63,58,116.0,150.5035,34.503494
train,63,59,115.0,157.75078,42.75078
train,63,60,114.0,144.01929,30.019287
train,63,61,113.0,145.60162,32.601624
train,63,62,112.0,133.67267,21.672668
train,63,63,111.0,124.90825,13.908249
train,63,64,110.0,123.70665,13.70665
train,63,65,109.0,125.74452,16.744522
train,63,66,108.0,115.27254,7.272537
train,63,67,107.0,123.11011,16.110107
train,63,68,106.0,131.10506,25.105057
train,63,69,105.0,132.65112,27.651123
train,63,70,104.0,129.34201,25.34201
train,63,71,103.0,127.31485,24.31485
train,63,72,102.0,131.195,29.195007
train,63,73,101.0,139.60129,38.601288
train,63,74,100.0,142.7352,42.7352
train,63,75,99.0,146.47559,47.475586
train,63,76,98.0,131.56892,33.568924
train,63,77,97.0,148.43578,51.435776
train,63,78,96.0,154.18018,58.180176
train,63,79,95.0,152.71141,57.71141
train,63,80,94.0,151.66513,57.66513
train,63,81,93.0,140.37314,47.37314
train,63,82,92.0,134.80106,42.801056
train,63,83,91.0,130.66644,39.666443
train,63,84,90.0,136.98141,46.981415
train,63,85,89.0,132.11523,43.115234
train,63,86,88.0,129.4592,41.459198
train,63,87,87.0,119.100296,32.100296
train,63,88,86.0,116.62355,30.62355
train,63,89,85.0,122.64935,37.649353
train,63,90,84.0,125.74075,41.740753
train,63,91,83.0,120.27385,37.27385
train,63,92,82.0,114.82336,32.823357
train,63,93,81.0,113.93591,32.935913
train,63,94,80.0,114.74077,34.74077
train,63,95,79.0,111.49478,32.49478
train,63,96,78.0,112.34773,34.347733
train,63,97,77.0,96.70602,19.706017
train,63,98,76.0,85.75148,9.75148
train,63,99,75.0,83.72913,8.729134
train,63,100,74.0,75.44464,1.4446411
train,63,101,73.0,80.62835,7.6283493
train,63,102,72.0,83.85756,11.857559
train,63,103,71.0,81.03882,10.038818
train,63,104,70.0,75.13161,5.131607
train,63,105,69.0,71.59207,2.5920715
train,63,106,68.0,70.373604,2.3736038
train,63,107,67.0,71.91614,4.9161377
train,63,108,66.0,72.13758,6.137581
train,63,109,65.0,70.60045,5.6004486
train,63,110,64.0,63.332096,-0.6679039
train,63,111,63.0,63.218414,0.2184143
train,63,112,62.0,57.112022,-4.8879776
train,63,113,61.0,56.808777,-4.191223
train,63,114,60.0,57.067314,-2.9326859
train,63,115,59.0,52.34797,-6.652031
train,63,116,58.0,52.403328,-5.596672
train,63,117,57.0,50.6878,-6.3121986
train,63,118,56.0,47.38498,-8.615021
train,63,119,55.0,47.29738,-7.7026215
train,63,120,54.0,47.71739,-6.282612
train,63,121,53.0,47.45524,-5.5447617
train,63,122,52.0,48.881905,-3.1180954
train,63,123,51.0,49.23026,-1.769741
train,63,124,50.0,56.325165,6.325165
train,63,125,49.0,55.570904,6.570904
train,63,126,48.0,58.462845,10.462845
train,63,127,47.0,57.844254,10.844254
train,63,128,46.0,51.012955,5.0129547
train,63,129,45.0,51.139366,6.139366
train,63,130,44.0,51.33359,7.3335915
train,63,131,43.0,54.562077,11.562077
train,63,132,42.0,52.50772,10.507721
train,63,133,41.0,50.906036,9.906036
train,63,134,40.0,51.697113,11.697113
train,63,135,39.0,49.847588,10.847588
train,63,136,38.0,49.69377,11.693771
train,63,137,37.0,43.42769,6.4276886
train,63,138,36.0,41.98583,5.9858284
train,63,139,35.0,39.008423,4.008423
train,63,140,34.0,38.76069,4.760689
train,63,141,33.0,34.61475,1.6147499
train,63,142,32.0,33.983093,1.9830933
train,63,143,31.0,37.979813,6.9798126
train,63,144,30.0,35.1084,5.1083984
train,63,145,29.0,35.5083,6.508301
train,63,146,28.0,36.43779,8.43779
train,63,147,27.0,33.358917,6.358917
train,63,148,26.0,31.505064,5.505064
train,63,149,25.0,27.244686,2.2446861
train,63,150,24.0,28.72626,4.726259
train,63,151,23.0,30.545786,7.545786
train,63,152,22.0,30.160181,8.160181
train,63,153,21.0,30.117918,9.117918
train,63,154,20.0,25.804111,5.8041115
train,63,155,19.0,21.906158,2.9061584
train,63,156,18.0,21.930676,3.9306755
train,63,157,17.0,22.020874,5.020874
train,63,158,16.0,17.368835,1.3688354
train,63,159,15.0,16.049065,1.0490646
train,63,160,14.0,15.783115,1.7831154
train,63,161,13.0,14.13019,1.1301899
train,63,162,12.0,13.442429,1.4424286
train,63,163,11.0,16.643969,5.6439686
train,63,164,10.0,11.418697,1.4186974
train,63,165,9.0,7.1373787,-1.8626213
train,63,166,8.0,4.7697678,-3.2302322
train,63,167,7.0,-2.0842495,-9.0842495
train,63,168,6.0,-5.8407593,-11.840759
train,63,169,5.0,-7.4895897,-12.48959
train,63,170,4.0,-5.4163322,-9.416332
train,63,171,3.0,-9.62471,-12.62471
train,63,172,2.0,-7.4067535,-9.406754
train,63,173,1.0,-14.334398,-15.334398
train,63,174,0.0,-17.979422,-17.979422
train,64,30,253.0,96.291405,-156.70859
train,64,31,252.0,96.69095,-155.30905
train,64,32,251.0,98.07657,-152.92343
train,64,33,250.0,103.74432,-146.25568
train,64,34,249.0,106.96176,-142.03824
train,64,35,248.0,100.48793,-147.51207
train,64,36,247.0,109.10784,-137.89215
train,64,37,246.0,106.59194,-139.40805
train,64,38,245.0,150.8027,-94.197296
train,64,39,244.0,146.9661,-97.033905
train,64,40,243.0,143.53607,-99.46393
train,64,41,242.0,149.23447,-92.76553
train,64,42,241.0,152.13834,-88.861664
train,64,43,240.0,153.4513,-86.548706
train,64,44,239.0,144.65654,-94.34346
train,64,45,238.0,139.90244,-98.097565
train,64,46,237.0,153.67397,-83.326035
train,64,47,236.0,159.2293,-76.770706
train,64,48,235.0,162.8866,-72.1134
train,64,49,234.0,166.35649,-67.64351
train,64,50,233.0,178.30475,-54.69525
train,64,51,232.0,178.51276,-53.487244
train,64,52,231.0,179.31982,-51.680176
train,64,53,230.0,174.18567,-55.81433
train,64,54,229.0,169.24295,-59.75705
train,64,55,228.0,177.17154,-50.82846
train,64,56,227.0,180.5982,-46.401794
train,64,57,226.0,171.6305,-54.369507
train,64,58,225.0,159.52129,-65.478714
train,64,59,224.0,159.9335,-64.0665
train,64,60,223.0,160.38972,-62.610275
train,64,61,222.0,157.8042,-64.1958
train,64,62,221.0,166.0402,-54.959793
train,64,63,220.0,162.051,-57.949005
train,64,64,219.0,169.44691,-49.553085
train,64,65,218.0,163.25635,-54.743652
train,64,66,217.0,154.05298,-62.94702
train,64,67,216.0,163.85803,-52.141968
train,64,68,215.0,164.56163,-50.43837
train,64,69,214.0,168.82162,-45.178375
train,64,70,213.0,156.41977,-56.58023
train,64,71,212.0,148.45656,-63.54344
train,64,72,211.0,148.84619,-62.15381
train,64,73,210.0,155.68414,-54.315857
train,64,74,209.0,148.29617,-60.703827
train,64,75,208.0,145.2619,-62.7381
train,64,76,207.0,139.3558,-67.644196
train,64,77,206.0,131.4263,-74.5737
train,64,78,205.0,127.42646,-77.57354
train,64,79,204.0,134.27243,-69.72757
train,64,80,203.0,151.43755,-51.562454
train,64,81,202.0,159.89725,-42.102753
train,64,82,201.0,163.37721,-37.622787
train,64,83,200.0,155.8411,-44.158905
train,64,84,199.0,154.9511,-44.048904
train,64,85,198.0,158.11673,-39.88327
train,64,86,197.0,160.93994,-36.06006
train,64,87,196.0,153.35797,-42.64203
train,64,88,195.0,146.56128,-48.43872
train,64,89,194.0,139.29745,-54.702545
train,64,90,193.0,126.72153,-66.27847
train,64,91,192.0,126.2953,-65.7047
train,64,92,191.0,131.74466,-59.25534
train,64,93,190.0,130.04318,-59.956818
train,64,94,189.0,123.86388,-65.13612
train,64,95,188.0,107.20667,-80.79333
train,64,96,187.0,109.52549,-77.47451
train,64,97,186.0,119.25468,-66.74532
train,64,98,185.0,118.379456,-66.620544
train,64,99,184.0,118.072754,-65.927246
train,64,100,183.0,114.09664,-68.90336
train,64,101,182.0,106.61169,-75.38831
train,64,102,181.0,111.287674,-69.712326
train,64,103,180.0,119.92468,-60.075317
train,64,104,179.0,121.49354,-57.506462
train,64,105,178.0,121.010254,-56.989746
train,64,106,177.0,115.69182,-61.30818
train,64,107,176.0,111.28157,-64.71843
train,64,108,175.0,99.263405,-75.736595
train,64,109,174.0,96.28625,-77.71375
train,64,110,173.0,101.24394,-71.75606
train,64,111,172.0,95.19191,-76.80809
train,64,112,171.0,93.64122,-77.35878
train,64,113,170.0,98.852554,-71.147446
train,64,114,169.0,107.456924,-61.543076
train,64,115,168.0,120.416626,-47.583374
train,64,116,167.0,111.06696,-55.933037
train,64,117,166.0,115.81634,-50.183662
train,64,118,165.0,114.55398,-50.446022
train,64,119,164.0,121.54854,-42.45146
train,64,120,163.0,120.87068,-42.12932
train,64,121,162.0,130.46698,-31.53302
train,64,122,161.0,123.67998,-37.320023
train,64,123,160.0,124.07892,-35.92108
train,64,124,159.0,122.662704,-36.337296
train,64,125,158.0,123.00387,-34.99613
train,64,126,157.0,118.089935,-38.910065
train,64,127,156.0,114.97668,-41.023323
train,64,128,155.0,111.395226,-43.604774
train,64,129,154.0,112.78474,-41.215263
train,64,130,153.0,110.3064,-42.693604
train,64,131,152.0,105.5731,-46.426903
train,64,132,151.0,108.21589,-42.78411
train,64,133,150.0,123.64993,-26.350067
train,64,134,149.0,129.95123,-19.048767
train,64,135,148.0,134.45262,-13.547379
train,64,136,147.0,124.28557,-22.714432
train,64,137,146.0,130.44278,-15.55722
train,64,138,145.0,132.98224,-12.017761
train,64,139,144.0,121.417465,-22.582535
train,64,140,143.0,119.20958,-23.79042
train,64,141,142.0,113.0453,-28.954697
train,64,142,141.0,117.2649,-23.7351
train,64,143,140.0,121.49823,-18.50177
train,64,144,139.0,120.86208,-18.137917
train,64,145,138.0,132.11578,-5.8842163
train,64,146,137.0,131.84409,-5.1559143
train,64,147,136.0,133.25858,-2.7414246
train,64,148,135.0,118.73601,-16.263992
train,64,149,134.0,122.23683,-11.763168
train,64,150,133.0,123.2986,-9.701401
train,64,151,132.0,133.35248,1.352478
train,64,152,131.0,130.1036,-0.8963928
train,64,153,130.0,125.83626,-4.163742
train,64,154,129.0,120.43621,-8.563789
train,64,155,128.0,122.82224,-5.1777573
train,64,156,127.0,106.325455,-20.674545
train,64,157,126.0,94.29525,-31.70475
train,64,158,125.0,95.743355,-29.256645
train,64,159,124.0,91.18741,-32.81259
train,64,160,123.0,89.60404,-33.395958
train,64,161,122.0,89.59346,-32.40654
train,64,162,121.0,77.31151,-43.68849
train,64,163,120.0,82.23962,-37.760384
train,64,164,119.0,78.17914,-40.82086
train,64,165,118.0,73.40661,-44.59339
train,64,166,117.0,77.03559,-39.96441
train,64,167,116.0,82.91733,-33.082672
train,64,168,115.0,90.90484,-24.095161
train,64,169,114.0,98.46066,-15.539337
train,64,170,113.0,91.99019,-21.009811
train,64,171,112.0,87.97611,-24.023888
train,64,172,111.0,90.252106,-20.747894
train,64,173,110.0,83.833176,-26.166824
train,64,174,109.0,84.50072,-24.499283
train,64,175,108.0,88.43876,-19.561241
train,64,176,107.0,89.706924,-17.293076
train,64,177,106.0,87.08623,-18.913773
train,64,178,105.0,78.55115,-26.448853
train,64,179,104.0,77.70161,-26.298393
train,64,180,103.0,78.87076,-24.129242
train,64,181,102.0,81.1103,-20.889702
train,64,182,101.0,81.578674,-19.421326
train,64,183,100.0,84.36369,-15.636307
train,64,184,99.0,84.40796,-14.592041
train,64,185,98.0,80.471054,-17.528946
train,64,186,97.0,78.77024,-18.22976
train,64,187,96.0,81.73186,-14.268143
train,64,188,95.0,83.27937,-11.720627
train,64,189,94.0,83.45128,-10.548721
train,64,190,93.0,84.836624,-8.163376
train,64,191,92.0,89.57788,-2.4221191
train,64,192,91.0,84.31706,-6.6829376
train,64,193,90.0,84.275665,-5.7243347
train,64,194,89.0,85.1708,-3.8292007
train,64,195,88.0,81.49481,-6.505188
train,64,196,87.0,78.542076,-8.457924
train,64,197,86.0,77.016014,-8.983986
train,64,198,85.0,77.29063,-7.7093735
train,64,199,84.0,71.54552,-12.454483
train,64,200,83.0,70.03425,-12.965752
train,64,201,82.0,73.51781,-8.482193
train,64,202,81.0,74.18395,-6.8160477
train,64,203,80.0,76.506546,-3.493454
train,64,204,79.0,76.90333,-2.096672
train,64,205,78.0,77.58392,-0.41607666
train,64,206,77.0,74.15445,-2.8455505
train,64,207,76.0,70.70214,-5.297859
train,64,208,75.0,69.925385,-5.0746155
train,64,209,74.0,64.83177,-9.168228
train,64,210,73.0,64.245804,-8.754196
train,64,211,72.0,65.19655,-6.8034515
train,64,212,71.0,64.9772,-6.0227966
train,64,213,70.0,65.3621,-4.6379013
train,64,214,69.0,63.32949,-5.6705093
train,64,215,68.0,62.544704,-5.4552956
train,64,216,67.0,60.430676,-6.5693245
train,64,217,66.0,58.37506,-7.624939
train,64,218,65.0,58.10666,-6.893341
train,64,219,64.0,50.650337,-13.349663
train,64,220,63.0,48.3434,-14.656601
train,64,221,62.0,48.284847,-13.715153
train,64,222,61.0,46.168602,-14.831398
train,64,223,60.0,46.99449,-13.005508
train,64,224,59.0,49.279354,-9.720646
train,64,225,58.0,46.67591,-11.324089
train,64,226,57.0,48.105106,-8.894894
train,64,227,56.0,51.149055,-4.8509445
train,64,228,55.0,54.857353,-0.14264679
train,64,229,54.0,54.694534,0.6945343
train,64,230,53.0,51.52128,-1.4787216
train,64,231,52.0,50.198338,-1.8016624
train,64,232,51.0,51.666084,0.6660843
train,64,233,50.0,47.391624,-2.6083755
train,64,234,49.0,45.38899,-3.6110115
train,64,235,48.0,41.44153,-6.5584717
train,64,236,47.0,46.62063,-0.37937164
train,64,237,46.0,46.61435,0.61434937
train,64,238,45.0,49.290695,4.290695
train,64,239,44.0,54.273643,10.2736435
train,64,240,43.0,46.815533,3.8155327
train,64,241,42.0,43.030922,1.0309219
train,64,242,41.0,42.24208,1.2420807
train,64,243,40.0,46.074165,6.0741653
train,64,244,39.0,45.78907,6.78907
train,64,245,38.0,49.90823,11.90823
train,64,246,37.0,50.70424,13.704239
train,64,247,36.0,50.774193,14.774193
train,64,248,35.0,47.39256,12.392559
train,64,249,34.0,41.960335,7.960335
train,64,250,33.0,38.01194,5.01194
train,64,251,32.0,37.15249,5.1524887
train,64,252,31.0,39.4713,8.471298
train,64,253,30.0,39.271053,9.271053
train,64,254,29.0,35.98971,6.9897118
train,64,255,28.0,35.564087,7.564087
train,64,256,27.0,34.282814,7.282814
train,64,257,26.0,29.888832,3.888832
train,64,258,25.0,24.741184,-0.25881577
train,64,259,24.0,23.739182,-0.26081848
train,64,260,23.0,22.374275,-0.6257248
train,64,261,22.0,15.902649,-6.097351
train,64,262,21.0,15.688557,-5.3114433
train,64,263,20.0,13.211365,-6.7886353
train,64,264,19.0,12.834793,-6.165207
train,64,265,18.0,10.638615,-7.3613853
train,64,266,17.0,10.360363,-6.639637
train,64,267,16.0,8.781937,-7.2180634
train,64,268,15.0,4.6200333,-10.379967
train,64,269,14.0,7.2656975,-6.7343025
train,64,270,13.0,7.8868294,-5.1131706
train,64,271,12.0,6.0355606,-5.9644394
train,64,272,11.0,5.8750534,-5.1249466
train,64,273,10.0,6.519512,-3.4804878
train,64,274,9.0,9.400768,0.40076828
train,64,275,8.0,6.203171,-1.7968292
train,64,276,7.0,5.4655952,-1.5344048
train,64,277,6.0,7.8326874,1.8326874
train,64,278,5.0,4.521309,-0.4786911
train,64,279,4.0,3.2906227,-0.7093773
train,64,280,3.0,1.9972495,-1.0027505
train,64,281,2.0,-1.5210496,-3.5210495
train,64,282,1.0,1.3437461,0.34374607
train,64,283,0.0,-0.44070828,-0.44070828
train,65,30,123.0,155.54138,32.54138
train,65,31,122.0,163.19296,41.192963
train,65,32,121.0,162.98953,41.989532
train,65,33,120.0,169.61761,49.617615
train,65,34,119.0,162.86273,43.862732
train,65,35,118.0,158.95868,40.95868
train,65,36,117.0,161.7886,44.788605
train,65,37,116.0,162.30603,46.30603
train,65,38,115.0,153.08145,38.08145
train,65,39,114.0,155.24103,41.241028
train,65,40,113.0,158.51376,45.513763
train,65,41,112.0,159.1217,47.121704
train,65,42,111.0,157.91757,46.917572
train,65,43,110.0,151.83762,41.837616
train,65,44,109.0,152.98682,43.986816
train,65,45,108.0,151.147,43.147003
train,65,46,107.0,144.80675,37.806747
train,65,47,106.0,151.72263,45.722626
train,65,48,105.0,150.58511,45.585114
train,65,49,104.0,158.82628,54.82628
train,65,50,103.0,166.42615,63.426147
train,65,51,102.0,162.87231,60.872314
train,65,52,101.0,168.68251,67.68251
train,65,53,100.0,156.94835,56.94835
train,65,54,99.0,153.525,54.524994
train,65,55,98.0,149.55145,51.551453
train,65,56,97.0,154.65765,57.657654
train,65,57,96.0,145.67825,49.678253
train,65,58,95.0,145.54303,50.54303
train,65,59,94.0,144.18854,50.188538
train,65,60,93.0,138.1456,45.1456
train,65,61,92.0,142.71268,50.712677
train,65,62,91.0,137.64818,46.64818
train,65,63,90.0,143.81195,53.81195
train,65,64,89.0,138.1579,49.157898
train,65,65,88.0,139.17545,51.175446
train,65,66,87.0,126.11127,39.111267
train,65,67,86.0,130.84186,44.841858
train,65,68,85.0,124.73874,39.73874
train,65,69,84.0,127.251495,43.251495
train,65,70,83.0,130.99829,47.99829
train,65,71,82.0,124.17558,42.175583
train,65,72,81.0,120.08771,39.087708
train,65,73,80.0,115.88774,35.88774
train,65,74,79.0,117.31384,38.313843
train,65,75,78.0,117.288,39.288002
train,65,76,77.0,109.533844,32.533844
train,65,77,76.0,106.36479,30.364792
train,65,78,75.0,103.495415,28.495415
train,65,79,74.0,89.8548,15.854797
train,65,80,73.0,89.65138,16.651382
train,65,81,72.0,98.34209,26.342087
train,65,82,71.0,93.743,22.742996
train,65,83,70.0,95.570496,25.570496
train,65,84,69.0,93.662674,24.662674
train,65,85,68.0,92.66383,24.663834
train,65,86,67.0,92.36051,25.360512
train,65,87,66.0,84.856964,18.856964
train,65,88,65.0,84.358376,19.358376
train,65,89,64.0,85.511765,21.511765
train,65,90,63.0,89.35434,26.35434
train,65,91,62.0,95.56455,33.564552
train,65,92,61.0,88.246086,27.246086
train,65,93,60.0,98.56109,38.56109
train,65,94,59.0,102.59677,43.59677
train,65,95,58.0,101.18524,43.18524
train,65,96,57.0,101.97966,44.97966
train,65,97,56.0,102.85925,46.859253
train,65,98,55.0,106.72647,51.72647
train,65,99,54.0,98.26589,44.265892
train,65,100,53.0,97.826416,44.826416
train,65,101,52.0,90.49425,38.494247
train,65,102,51.0,95.52178,44.521782
train,65,103,50.0,98.54326,48.54326
train,65,104,49.0,92.79691,43.796913
train,65,105,48.0,91.50448,43.50448
train,65,106,47.0,91.884155,44.884155
train,65,107,46.0,85.04988,39.04988
train,65,108,45.0,80.542595,35.542595
train,65,109,44.0,70.212875,26.212875
train,65,110,43.0,71.9811,28.981102
train,65,111,42.0,71.28639,29.286392
train,65,112,41.0,61.593716,20.593716
train,65,113,40.0,48.264065,8.264065
train,65,114,39.0,48.677525,9.677525
train,65,115,38.0,44.917667,6.9176674
train,65,116,37.0,43.49734,6.497341
train,65,117,36.0,44.746635,8.746635
train,65,118,35.0,42.56887,7.5688705
train,65,119,34.0,47.26158,13.261581
train,65,120,33.0,41.59115,8.591148
train,65,121,32.0,41.253685,9.253685
train,65,122,31.0,39.281174,8.281174
train,65,123,30.0,37.98912,7.9891205
train,65,124,29.0,34.535313,5.5353127
train,65,125,28.0,36.161095,8.161095
train,65,126,27.0,36.87442,9.87442
train,65,127,26.0,32.625683,6.625683
train,65,128,25.0,42.140396,17.140396
train,65,129,24.0,41.16139,17.161388
train,65,130,23.0,38.469208,15.469208
train,65,131,22.0,37.282833,15.282833
train,65,132,21.0,24.89794,3.8979397
train,65,133,20.0,28.83873,8.83873
train,65,134,19.0,25.80479,6.8047905
train,65,135,18.0,20.15659,2.1565895
train,65,136,17.0,12.126648,-4.873352
train,65,137,16.0,11.991589,-4.0084114
train,65,138,15.0,3.9747658,-11.025234
train,65,139,14.0,-9.454838,-23.454838
train,65,140,13.0,-8.398785,-21.398785
train,65,141,12.0,-5.1946754,-17.194675
train,65,142,11.0,-4.1882057,-15.188206
train,65,143,10.0,-1.6520082,-11.652008
train,65,144,9.0,-1.622799,-10.622799
train,65,145,8.0,-8.143204,-16.143204
train,65,146,7.0,-11.385536,-18.385536
train,65,147,6.0,-12.652107,-18.652107
train,65,148,5.0,-23.642038,-28.642038
train,65,149,4.0,-28.325336,-32.325336
train,65,150,3.0,-28.666748,-31.666748
train,65,151,2.0,-32.375977,-34.375977
train,65,152,1.0,-33.16122,-34.16122
train,65,153,0.0,-34.9648,-34.9648
train,66,30,172.0,149.96942,-22.030579
train,66,31,171.0,152.48936,-18.510635
train,66,32,170.0,156.22183,-13.778168
train,66,33,169.0,161.21887,-7.781128
train,66,34,168.0,156.1532,-11.846802
train,66,35,167.0,151.00346,-15.996536
train,66,36,166.0,151.48868,-14.511322
train,66,37,165.0,149.2081,-15.791901
train,66,38,164.0,143.66396,-20.336044
train,66,39,163.0,144.86882,-18.13118
train,66,40,162.0,133.42044,-28.57956
train,66,41,161.0,132.797,-28.203003
train,66,42,160.0,137.34021,-22.65979
train,66,43,159.0,134.65,-24.350006
train,66,44,158.0,132.81082,-25.189178
train,66,45,157.0,119.64676,-37.35324
train,66,46,156.0,117.899734,-38.100266
train,66,47,155.0,121.01311,-33.986893
train,66,48,154.0,120.969505,-33.030495
train,66,49,153.0,113.05821,-39.941788
train,66,50,152.0,124.22948,-27.770523
train,66,51,151.0,125.109566,-25.890434
train,66,52,150.0,131.88321,-18.11679
train,66,53,149.0,121.830536,-27.169464
train,66,54,148.0,123.82571,-24.174294
train,66,55,147.0,114.76692,-32.233078
train,66,56,146.0,116.61342,-29.386581
train,66,57,145.0,112.638794,-32.361206
train,66,58,144.0,118.72387,-25.27613
train,66,59,143.0,28.583178,-114.416824
train,66,60,142.0,25.43049,-116.56951
train,66,61,141.0,12.432056,-128.56795
train,66,62,140.0,20.291998,-119.708
train,66,63,139.0,23.226263,-115.773735
train,66,64,138.0,30.738537,-107.26146
train,66,65,137.0,26.00706,-110.99294
train,66,66,136.0,37.032352,-98.96765
train,66,67,135.0,39.24477,-95.75523
train,66,68,134.0,44.30762,-89.69238
train,66,69,133.0,29.79266,-103.20734
train,66,70,132.0,21.10099,-110.89901
train,66,71,131.0,14.418528,-116.581474
train,66,72,130.0,17.490473,-112.50953
train,66,73,129.0,15.173813,-113.82619
train,66,74,128.0,9.243125,-118.756874
train,66,75,127.0,12.880543,-114.11946
train,66,76,126.0,10.974482,-115.02552
train,66,77,125.0,13.835457,-111.16454
train,66,78,124.0,16.195112,-107.804886
train,66,79,123.0,18.672787,-104.32721
train,66,80,122.0,24.207346,-97.792656
train,66,81,121.0,26.49273,-94.50727
train,66,82,120.0,29.470898,-90.5291
train,66,83,119.0,28.645252,-90.35475
train,66,84,118.0,28.679037,-89.32096
train,66,85,117.0,30.69712,-86.30288
train,66,86,116.0,18.097439,-97.90256
train,66,87,115.0,17.92176,-97.07824
train,66,88,114.0,22.788708,-91.21129
train,66,89,113.0,91.05658,-21.94342
train,66,90,112.0,96.41249,-15.587509
train,66,91,111.0,98.38454,-12.615463
train,66,92,110.0,99.88959,-10.110413
train,66,93,109.0,94.293686,-14.706314
train,66,94,108.0,96.57826,-11.421738
train,66,95,107.0,96.424324,-10.575676
train,66,96,106.0,94.09142,-11.908577
train,66,97,105.0,92.34766,-12.652344
train,66,98,104.0,90.32304,-13.676964
train,66,99,103.0,83.01958,-19.980423
train,66,100,102.0,85.50519,-16.494812
train,66,101,101.0,85.02551,-15.974487
train,66,102,100.0,84.41766,-15.582336
train,66,103,99.0,83.878876,-15.121124
train,66,104,98.0,84.00893,-13.991074
train,66,105,97.0,83.40355,-13.596451
train,66,106,96.0,81.64344,-14.35656
train,66,107,95.0,87.6281,-7.3719025
train,66,108,94.0,83.52243,-10.47757
train,66,109,93.0,86.594894,-6.4051056
train,66,110,92.0,87.985275,-4.0147247
train,66,111,91.0,88.41992,-2.5800781
train,66,112,90.0,88.59463,-1.4053726
train,66,113,89.0,84.30744,-4.6925583
train,66,114,88.0,83.84536,-4.15464
train,66,115,87.0,81.83934,-5.16066
train,66,116,86.0,77.58972,-8.410278
train,66,117,85.0,77.36757,-7.632431
train,66,118,84.0,74.30551,-9.694489
train,66,119,83.0,69.53427,-13.465729
train,66,120,82.0,67.81485,-14.18515
train,66,121,81.0,66.80823,-14.191772
train,66,122,80.0,67.818954,-12.181046
train,66,123,79.0,68.457794,-10.542206
train,66,124,78.0,71.03426,-6.9657364
train,66,125,77.0,75.72433,-1.2756729
train,66,126,76.0,71.06841,-4.931587
train,66,127,75.0,75.07822,0.07821655
train,66,128,74.0,69.55711,-4.4428864
train,66,129,73.0,67.05678,-5.943222
train,66,130,72.0,66.125435,-5.874565
train,66,131,71.0,69.324425,-1.6755753
train,66,132,70.0,66.91056,-3.0894394
train,66,133,69.0,66.12257,-2.8774338
train,66,134,68.0,69.576324,1.5763245
train,66,135,67.0,71.60533,4.6053314
train,66,136,66.0,69.31572,3.3157196
train,66,137,65.0,74.068726,9.068726
train,66,138,64.0,74.52316,10.523163
train,66,139,63.0,80.75546,17.755463
train,66,140,62.0,82.9894,20.989403
train,66,141,61.0,76.6147,15.6147
train,66,142,60.0,72.90059,12.900589
train,66,143,59.0,75.02799,16.027992
train,66,144,58.0,77.03635,19.036346
train,66,145,57.0,75.37554,18.375542
train,66,146,56.0,71.84813,15.848129
train,66,147,55.0,72.661514,17.661514
train,66,148,54.0,77.872765,23.872765
train,66,149,53.0,75.52024,22.52024
train,66,150,52.0,66.87623,14.876228
train,66,151,51.0,65.83769,14.837692
train,66,152,50.0,68.76931,18.76931
train,66,153,49.0,71.30647,22.306473
train,66,154,48.0,72.64939,24.649391
train,66,155,47.0,71.81283,24.812828
train,66,156,46.0,70.72405,24.724052
train,66,157,45.0,65.12999,20.12999
train,66,158,44.0,62.203465,18.203465
train,66,159,43.0,61.41547,18.41547
train,66,160,42.0,59.956207,17.956207
train,66,161,41.0,57.05899,16.05899
train,66,162,40.0,54.09877,14.09877
train,66,163,39.0,45.15147,6.15147
train,66,164,38.0,42.012276,4.0122757
train,66,165,37.0,37.989628,0.98962784
train,66,166,36.0,36.914825,0.91482544
train,66,167,35.0,42.055584,7.055584
train,66,168,34.0,41.97968,7.979679
train,66,169,33.0,41.749664,8.749664
train,66,170,32.0,38.938812,6.9388123
train,66,171,31.0,35.275455,4.2754555
train,66,172,30.0,39.07642,9.07642
train,66,173,29.0,38.55271,9.5527115
train,66,174,28.0,36.907677,8.907677
train,66,175,27.0,39.197655,12.197655
train,66,176,26.0,38.391502,12.391502
train,66,177,25.0,31.775164,6.7751637
train,66,178,24.0,28.805561,4.805561
train,66,179,23.0,25.776054,2.7760544
train,66,180,22.0,25.276802,3.276802
train,66,181,21.0,24.315605,3.3156052
train,66,182,20.0,22.16491,2.1649094
train,66,183,19.0,19.48136,0.48135948
train,66,184,18.0,17.236736,-0.7632637
train,66,185,17.0,17.510672,0.5106716
train,66,186,16.0,17.953148,1.9531479
train,66,187,15.0,16.686958,1.6869583
train,66,188,14.0,17.53158,3.53158
train,66,189,13.0,12.750328,-0.24967194
train,66,190,12.0,5.683363,-6.316637
train,66,191,11.0,6.1836224,-4.8163776
train,66,192,10.0,2.8585567,-7.1414433
train,66,193,9.0,1.5394477,-7.460552
train,66,194,8.0,-0.62745297,-8.627453
train,66,195,7.0,-4.6208878,-11.620888
train,66,196,6.0,-4.841522,-10.841522
train,66,197,5.0,-7.551651,-12.551651
train,66,198,4.0,-7.3784485,-11.3784485
train,66,199,3.0,-5.483589,-8.483589
train,66,200,2.0,-6.448799,-8.448799
train,66,201,1.0,-7.020439,-8.020439
train,66,202,0.0,-7.446869,-7.446869
train,67,30,283.0,143.45872,-139.54128
train,67,31,282.0,149.45773,-132.54227
train,67,32,281.0,143.28868,-137.71132
train,67,33,280.0,155.2634,-124.7366
train,67,34,279.0,154.47575,-124.52425
train,67,35,278.0,153.22507,-124.77493
train,67,36,277.0,147.88199,-129.11801
train,67,37,276.0,147.62578,-128.37422
train,67,38,275.0,155.29266,-119.70734
train,67,39,274.0,156.94456,-117.055435
train,67,40,273.0,156.76268,-116.23732
train,67,41,272.0,173.09021,-98.90979
train,67,42,271.0,180.01614,-90.98386
train,67,43,270.0,183.78569,-86.21431
train,67,44,269.0,191.88968,-77.11032
train,67,45,268.0,192.85779,-75.14221
train,67,46,267.0,188.1534,-78.8466
train,67,47,266.0,184.1702,-81.8298
train,67,48,265.0,163.69852,-101.30148
train,67,49,264.0,178.67479,-85.32521
train,67,50,263.0,163.09406,-99.905945
train,67,51,262.0,178.56929,-83.43071
train,67,52,261.0,173.16443,-87.83557
train,67,53,260.0,159.50735,-100.492645
train,67,54,259.0,160.66565,-98.33435
train,67,55,258.0,165.52814,-92.47186
train,67,56,257.0,158.06407,-98.93593
train,67,57,256.0,150.82385,-105.17615
train,67,58,255.0,142.64088,-112.359116
train,67,59,254.0,145.77823,-108.22177
train,67,60,253.0,138.15808,-114.84192
train,67,61,252.0,142.65218,-109.347824
train,67,62,251.0,131.10172,-119.898285
train,67,63,250.0,134.82864,-115.17136
train,67,64,249.0,137.49124,-111.50876
train,67,65,248.0,131.45181,-116.54819
train,67,66,247.0,129.71326,-117.28674
train,67,67,246.0,121.55901,-124.44099
train,67,68,245.0,137.94315,-107.056854
train,67,69,244.0,140.91602,-103.083984
train,67,70,243.0,140.32602,-102.67398
train,67,71,242.0,145.28362,-96.716385
train,67,72,241.0,151.0826,-89.917404
train,67,73,240.0,163.6943,-76.305695
train,67,74,239.0,155.60596,-83.39404
train,67,75,238.0,156.23447,-81.76553
train,67,76,237.0,160.2114,-76.788605
train,67,77,236.0,161.4921,-74.507904
train,67,78,235.0,153.1062,-81.8938
train,67,79,234.0,150.8847,-83.115295
train,67,80,233.0,144.00269,-88.997314
train,67,81,232.0,151.23332,-80.76668
train,67,82,231.0,146.99486,-84.00514
train,67,83,230.0,144.40347,-85.59653
train,67,84,229.0,145.30148,-83.69852
train,67,85,228.0,138.0629,-89.9371
train,67,86,227.0,139.23433,-87.76567
train,67,87,226.0,140.32846,-85.67154
train,67,88,225.0,134.85873,-90.141266
train,67,89,224.0,89.17886,-134.82114
train,67,90,223.0,91.52748,-131.47252
train,67,91,222.0,99.29892,-122.70108
train,67,92,221.0,94.764496,-126.235504
train,67,93,220.0,92.996506,-127.003494
train,67,94,219.0,105.02919,-113.97081
train,67,95,218.0,96.30577,-121.69423
train,67,96,217.0,104.49313,-112.50687
train,67,97,216.0,108.88268,-107.11732
train,67,98,215.0,118.30318,-96.69682
train,67,99,214.0,113.083954,-100.916046
train,67,100,213.0,108.40416,-104.59584
train,67,101,212.0,109.58622,-102.41378
train,67,102,211.0,107.37207,-103.62793
train,67,103,210.0,97.976974,-112.023026
train,67,104,209.0,91.51627,-117.48373
train,67,105,208.0,90.72057,-117.27943
train,67,106,207.0,93.24644,-113.75356
train,67,107,206.0,86.31456,-119.68544
train,67,108,205.0,87.92759,-117.07241
train,67,109,204.0,83.02623,-120.97377
train,67,110,203.0,84.09213,-118.90787
train,67,111,202.0,84.3725,-117.6275
train,67,112,201.0,85.0591,-115.9409
train,67,113,200.0,84.1821,-115.8179
train,67,114,199.0,83.57738,-115.42262
train,67,115,198.0,76.46066,-121.53934
train,67,116,197.0,78.63243,-118.36757
train,67,117,196.0,74.84154,-121.15846
train,67,118,195.0,77.13515,-117.86485
train,67,119,194.0,115.15137,-78.84863
train,67,120,193.0,113.06526,-79.93474
train,67,121,192.0,113.65282,-78.34718
train,67,122,191.0,101.26813,-89.73187
train,67,123,190.0,102.81857,-87.18143
train,67,124,189.0,102.51126,-86.48874
train,67,125,188.0,103.87073,-84.12927
train,67,126,187.0,102.52985,-84.47015
train,67,127,186.0,101.71617,-84.28383
train,67,128,185.0,101.92712,-83.07288
train,67,129,184.0,96.86886,-87.13114
train,67,130,183.0,97.98007,-85.01993
train,67,131,182.0,104.448364,-77.551636
train,67,132,181.0,99.33028,-81.66972
train,67,133,180.0,96.611465,-83.388535
train,67,134,179.0,102.06637,-76.93363
train,67,135,178.0,99.97977,-78.02023
train,67,136,177.0,108.63556,-68.36444
train,67,137,176.0,116.20293,-59.797073
train,67,138,175.0,111.40482,-63.595177
train,67,139,174.0,125.55615,-48.443848
train,67,140,173.0,129.11305,-43.886948
train,67,141,172.0,130.61108,-41.388916
train,67,142,171.0,127.78066,-43.219337
train,67,143,170.0,129.81155,-40.188446
train,67,144,169.0,134.36774,-34.632263
train,67,145,168.0,138.69638,-29.30362
train,67,146,167.0,132.54044,-34.459564
train,67,147,166.0,125.55661,-40.44339
train,67,148,165.0,125.08674,-39.91326
train,67,149,164.0,116.05257,-47.947433
train,67,150,163.0,126.99635,-36.003647
train,67,151,162.0,121.508095,-40.491905
train,67,152,161.0,127.87266,-33.127342
train,67,153,160.0,129.02515,-30.974854
train,67,154,159.0,124.49664,-34.503357
train,67,155,158.0,125.688324,-32.311676
train,67,156,157.0,124.7711,-32.228897
train,67,157,156.0,125.46541,-30.534592
train,67,158,155.0,125.762375,-29.237625
train,67,159,154.0,123.82982,-30.170181
train,67,160,153.0,115.795784,-37.204216
train,67,161,152.0,123.288536,-28.711464
train,67,162,151.0,117.42861,-33.57139
train,67,163,150.0,115.46608,-34.53392
train,67,164,149.0,115.242096,-33.757904
train,67,165,148.0,122.52635,-25.473648
train,67,166,147.0,115.76227,-31.237732
train,67,167,146.0,117.70099,-28.299011
train,67,168,145.0,116.649605,-28.350395
train,67,169,144.0,114.819046,-29.180954
train,67,170,143.0,108.60286,-34.39714
train,67,171,142.0,113.827675,-28.172325
train,67,172,141.0,105.05638,-35.94362
train,67,173,140.0,106.516716,-33.483284
train,67,174,139.0,101.39377,-37.60623
train,67,175,138.0,100.855705,-37.144295
train,67,176,137.0,94.27952,-42.72048
train,67,177,136.0,106.59705,-29.402946
train,67,178,135.0,98.87514,-36.124863
train,67,179,134.0,94.80492,-39.195084
train,67,180,133.0,97.833694,-35.166306
train,67,181,132.0,96.09432,-35.905678
train,67,182,131.0,97.86262,-33.137383
train,67,183,130.0,96.20173,-33.79827
train,67,184,129.0,100.88623,-28.11377
train,67,185,128.0,88.619064,-39.380936
train,67,186,127.0,84.25888,-42.74112
train,67,187,126.0,81.92181,-44.078194
train,67,188,125.0,88.496445,-36.503555
train,67,189,124.0,81.03242,-42.967583
train,67,190,123.0,78.72058,-44.27942
train,67,191,122.0,74.22853,-47.77147
train,67,192,121.0,67.010544,-53.989456
train,67,193,120.0,74.51534,-45.484657
train,67,194,119.0,73.85204,-45.147957
train,67,195,118.0,82.3985,-35.6015
train,67,196,117.0,75.14192,-41.858078
train,67,197,116.0,77.76831,-38.23169
train,67,198,115.0,87.57362,-27.426376
train,67,199,114.0,87.07596,-26.924042
train,67,200,113.0,85.92232,-27.077682
train,67,201,112.0,87.401794,-24.598206
train,67,202,111.0,93.0971,-17.9029
train,67,203,110.0,96.34067,-13.659332
train,67,204,109.0,92.15756,-16.842438
train,67,205,108.0,90.17887,-17.821129
train,67,206,107.0,90.23818,-16.761818
train,67,207,106.0,88.54602,-17.45398
train,67,208,105.0,89.942215,-15.057785
train,67,209,104.0,90.93228,-13.0677185
train,67,210,103.0,93.39636,-9.603638
train,67,211,102.0,92.01338,-9.986618
train,67,212,101.0,88.96793,-12.032066
train,67,213,100.0,87.331566,-12.668434
train,67,214,99.0,85.93495,-13.065048
train,67,215,98.0,85.5109,-12.489098
train,67,216,97.0,87.051575,-9.948425
train,67,217,96.0,87.93257,-8.067429
train,67,218,95.0,82.82233,-12.177673
train,67,219,94.0,76.516304,-17.483696
train,67,220,93.0,79.1252,-13.874802
train,67,221,92.0,73.95271,-18.047287
train,67,222,91.0,75.5571,-15.442902
train,67,223,90.0,81.377075,-8.622925
train,67,224,89.0,80.366104,-8.633896
train,67,225,88.0,83.44876,-4.551239
train,67,226,87.0,86.45766,-0.54234314
train,67,227,86.0,81.519966,-4.480034
train,67,228,85.0,83.272446,-1.7275543
train,67,229,84.0,80.99681,-3.003189
train,67,230,83.0,78.941956,-4.0580444
train,67,231,82.0,78.5318,-3.4682007
train,67,232,81.0,76.82213,-4.1778717
train,67,233,80.0,76.22997,-3.7700272
train,67,234,79.0,75.54993,-3.4500732
train,67,235,78.0,74.72269,-3.2773132
train,67,236,77.0,72.356606,-4.6433945
train,67,237,76.0,72.64907,-3.3509293
train,67,238,75.0,74.035614,-0.964386
train,67,239,74.0,70.41518,-3.5848236
train,67,240,73.0,72.05127,-0.94873047
train,67,241,72.0,73.071396,1.0713959
train,67,242,71.0,66.91513,-4.0848694
train,67,243,70.0,64.11705,-5.88295
train,67,244,69.0,65.028595,-3.971405
train,67,245,68.0,62.276962,-5.7230377
train,67,246,67.0,61.64344,-5.3565598
train,67,247,66.0,59.116257,-6.8837433
train,67,248,65.0,61.339886,-3.6601143
train,67,249,64.0,62.84985,-1.1501503
train,67,250,63.0,65.28618,2.2861786
train,67,251,62.0,62.299034,0.29903412
train,67,252,61.0,64.72258,3.72258
train,67,253,60.0,64.91862,4.9186172
train,67,254,59.0,67.573044,8.573044
train,67,255,58.0,67.877884,9.877884
train,67,256,57.0,71.05002,14.050018
train,67,257,56.0,75.82185,19.821854
train,67,258,55.0,72.91637,17.916367
train,67,259,54.0,71.778206,17.778206
train,67,260,53.0,67.42869,14.428688
train,67,261,52.0,63.761265,11.761265
train,67,262,51.0,60.739773,9.739773
train,67,263,50.0,59.622673,9.622673
train,67,264,49.0,57.68086,8.680859
train,67,265,48.0,51.801537,3.8015366
train,67,266,47.0,50.92395,3.9239502
train,67,267,46.0,49.748077,3.7480774
train,67,268,45.0,45.805397,0.80539703
train,67,269,44.0,44.98845,0.9884491
train,67,270,43.0,47.049515,4.049515
train,67,271,42.0,40.344,-1.6559982
train,67,272,41.0,38.0552,-2.9448013
train,67,273,40.0,40.191544,0.19154358
train,67,274,39.0,39.351788,0.35178757
train,67,275,38.0,38.443966,0.4439659
train,67,276,37.0,36.112553,-0.88744736
train,67,277,36.0,33.015503,-2.984497
train,67,278,35.0,32.53923,-2.4607697
train,67,279,34.0,28.492302,-5.507698
train,67,280,33.0,27.63776,-5.36224
train,67,281,32.0,27.400156,-4.599844
train,67,282,31.0,29.879606,-1.1203938
train,67,283,30.0,28.859648,-1.1403522
train,67,284,29.0,25.591423,-3.408577
train,67,285,28.0,30.786682,2.7866821
train,67,286,27.0,28.131876,1.131876
train,67,287,26.0,23.169971,-2.8300285
train,67,288,25.0,20.447338,-4.552662
train,67,289,24.0,19.306002,-4.6939983
train,67,290,23.0,24.337786,1.3377857
train,67,291,22.0,28.740974,6.7409744
train,67,292,21.0,30.697977,9.697977
train,67,293,20.0,27.093718,7.0937176
train,67,294,19.0,26.099129,7.0991287
train,67,295,18.0,24.975769,6.975769
train,67,296,17.0,25.025808,8.025808
train,67,297,16.0,22.100252,6.100252
train,67,298,15.0,22.362198,7.362198
train,67,299,14.0,21.47895,7.4789505
train,67,300,13.0,20.925426,7.9254265
train,67,301,12.0,16.40719,4.4071903
train,67,302,11.0,13.878124,2.8781242
train,67,303,10.0,14.619682,4.6196823
train,67,304,9.0,11.667471,2.667471
train,67,305,8.0,13.1731415,5.1731415
train,67,306,7.0,14.908443,7.9084435
train,67,307,6.0,12.547871,6.5478706
train,67,308,5.0,11.27803,6.2780304
train,67,309,4.0,13.817234,9.817234
train,67,310,3.0,11.404892,8.404892
train,67,311,2.0,9.008888,7.0088882
train,67,312,1.0,7.239914,6.239914
train,67,313,0.0,3.4473572,3.4473572
train,68,30,169.0,156.00446,-12.995544
train,68,31,168.0,153.95772,-14.042282
train,68,32,167.0,163.12424,-3.875763
train,68,33,166.0,162.74323,-3.256775
train,68,34,165.0,160.42117,-4.578827
train,68,35,164.0,155.45236,-8.547638
train,68,36,163.0,154.19534,-8.804657
train,68,37,162.0,149.62042,-12.379578
train,68,38,161.0,92.70622,-68.29378
train,68,39,160.0,90.03349,-69.96651
train,68,40,159.0,82.265976,-76.734024
train,68,41,158.0,76.629654,-81.370346
train,68,42,157.0,77.70307,-79.29693
train,68,43,156.0,91.49805,-64.50195
train,68,44,155.0,81.84416,-73.15584
train,68,45,154.0,83.8217,-70.1783
train,68,46,153.0,64.42956,-88.57044
train,68,47,152.0,65.594894,-86.405106
train,68,48,151.0,88.41542,-62.58458
train,68,49,150.0,86.97171,-63.02829
train,68,50,149.0,91.702614,-57.297386
train,68,51,148.0,91.246506,-56.753494
train,68,52,147.0,80.30406,-66.69594
train,68,53,146.0,74.32051,-71.67949
train,68,54,145.0,62.7196,-82.280396
train,68,55,144.0,65.70963,-78.29037
train,68,56,143.0,67.022125,-75.977875
train,68,57,142.0,65.37248,-76.62752
train,68,58,141.0,66.44313,-74.55687
train,68,59,140.0,61.38146,-78.618546
train,68,60,139.0,61.887657,-77.11234
train,68,61,138.0,66.695145,-71.304855
train,68,62,137.0,63.023823,-73.97618
train,68,63,136.0,60.31015,-75.68985
train,68,64,135.0,55.70525,-79.294754
train,68,65,134.0,53.63445,-80.365555
train,68,66,133.0,52.21637,-80.78363
train,68,67,132.0,50.03592,-81.96408
train,68,68,131.0,86.13814,-44.861862
train,68,69,130.0,93.42729,-36.57271
train,68,70,129.0,96.82468,-32.175323
train,68,71,128.0,100.607315,-27.392685
train,68,72,127.0,110.11987,-16.880127
train,68,73,126.0,99.100075,-26.899925
train,68,74,125.0,88.119545,-36.880455
train,68,75,124.0,74.15927,-49.84073
train,68,76,123.0,70.38321,-52.61679
train,68,77,122.0,74.078316,-47.921684
train,68,78,121.0,89.417915,-31.582085
train,68,79,120.0,97.79718,-22.20282
train,68,80,119.0,103.373474,-15.626526
train,68,81,118.0,101.93944,-16.060562
train,68,82,117.0,106.19933,-10.800667
train,68,83,116.0,112.14858,-3.8514175
train,68,84,115.0,92.6462,-22.353798
train,68,85,114.0,90.081345,-23.918655
train,68,86,113.0,92.19162,-20.80838
train,68,87,112.0,89.443115,-22.556885
train,68,88,111.0,85.46077,-25.53923
train,68,89,110.0,81.02948,-28.97052
train,68,90,109.0,78.39035,-30.60965
train,68,91,108.0,76.8838,-31.116203
train,68,92,107.0,71.175644,-35.824356
train,68,93,106.0,78.3954,-27.604599
train,68,94,105.0,84.27524,-20.724762
train,68,95,104.0,85.99577,-18.004227
train,68,96,103.0,25.449066,-77.550934
train,68,97,102.0,24.926058,-77.073944
train,68,98,101.0,26.700237,-74.29976
train,68,99,100.0,26.366596,-73.63341
train,68,100,99.0,25.533627,-73.46637
train,68,101,98.0,30.326473,-67.67352
train,68,102,97.0,25.985626,-71.01437
train,68,103,96.0,24.362747,-71.63725
train,68,104,95.0,24.022457,-70.97754
train,68,105,94.0,22.824064,-71.175934
train,68,106,93.0,22.141232,-70.858765
train,68,107,92.0,25.502754,-66.497246
train,68,108,91.0,21.786724,-69.21327
train,68,109,90.0,18.700897,-71.2991
train,68,110,89.0,18.736748,-70.26325
train,68,111,88.0,13.828844,-74.17116
train,68,112,87.0,12.610565,-74.389435
train,68,113,86.0,17.117975,-68.88203
train,68,114,85.0,23.806664,-61.193336
train,68,115,84.0,22.263622,-61.736378
train,68,116,83.0,25.291126,-57.708874
train,68,117,82.0,28.367107,-53.632893
train,68,118,81.0,26.535583,-54.464417
train,68,119,80.0,28.025679,-51.97432
train,68,120,79.0,29.029163,-49.970837
train,68,121,78.0,32.312885,-45.687115
train,68,122,77.0,29.747763,-47.252235
train,68,123,76.0,29.616068,-46.383934
train,68,124,75.0,27.308374,-47.691628
train,68,125,74.0,26.585432,-47.414566
train,68,126,73.0,70.48553,-2.514473
train,68,127,72.0,72.882576,0.882576
train,68,128,71.0,69.746666,-1.253334
train,68,129,70.0,69.34737,-0.65263367
train,68,130,69.0,69.332924,0.3329239
train,68,131,68.0,68.087524,0.087524414
train,68,132,67.0,65.379456,-1.6205444
train,68,133,66.0,62.41117,-3.588829
train,68,134,65.0,62.533894,-2.4661064
train,68,135,64.0,62.789886,-1.2101135
train,68,136,63.0,67.30117,4.3011703
train,68,137,62.0,70.17985,8.179848
train,68,138,61.0,63.340767,2.340767
train,68,139,60.0,62.23432,2.2343216
train,68,140,59.0,66.240906,7.240906
train,68,141,58.0,62.025986,4.0259857
train,68,142,57.0,66.13722,9.137222
train,68,143,56.0,62.384785,6.3847847
train,68,144,55.0,55.158066,0.1580658
train,68,145,54.0,51.933758,-2.0662422
train,68,146,53.0,50.57817,-2.4218292
train,68,147,52.0,54.4772,2.4771996
train,68,148,51.0,53.298065,2.2980652
train,68,149,50.0,53.26502,3.2650185
train,68,150,49.0,49.321968,0.32196808
train,68,151,48.0,47.837227,-0.16277313
train,68,152,47.0,49.803093,2.803093
train,68,153,46.0,52.356583,6.3565826
train,68,154,45.0,42.70202,-2.2979813
train,68,155,44.0,43.57828,-0.4217186
train,68,156,43.0,45.63345,2.6334496
train,68,157,42.0,45.79128,3.7912788
train,68,158,41.0,44.10652,3.1065216
train,68,159,40.0,40.74299,0.7429886
train,68,160,39.0,43.586628,4.586628
train,68,161,38.0,41.37824,3.3782387
train,68,162,37.0,36.534164,-0.46583557
train,68,163,36.0,39.910797,3.910797
train,68,164,35.0,39.444096,4.4440956
train,68,165,34.0,39.70841,5.7084084
train,68,166,33.0,35.051186,2.0511856
train,68,167,32.0,36.07187,4.071869
train,68,168,31.0,33.227867,2.2278671
train,68,169,30.0,36.918137,6.9181366
train,68,170,29.0,35.895622,6.8956223
train,68,171,28.0,36.141476,8.141476
train,68,172,27.0,36.505302,9.505302
train,68,173,26.0,32.73625,6.736252
train,68,174,25.0,28.865273,3.8652725
train,68,175,24.0,24.11051,0.11050987
train,68,176,23.0,21.97208,-1.0279198
train,68,177,22.0,21.710142,-0.28985786
train,68,178,21.0,22.152945,1.1529446
train,68,179,20.0,20.370928,0.3709278
train,68,180,19.0,20.841324,1.8413239
train,68,181,18.0,21.417992,3.4179916
train,68,182,17.0,17.692247,0.6922474
train,68,183,16.0,17.148384,1.1483841
train,68,184,15.0,12.308575,-2.6914253
train,68,185,14.0,13.114941,-0.88505936
train,68,186,13.0,11.6576805,-1.3423195
train,68,187,12.0,11.6155815,-0.3844185
train,68,188,11.0,7.6274834,-3.3725166
train,68,189,10.0,5.7643394,-4.2356606
train,68,190,9.0,6.2775955,-2.7224045
train,68,191,8.0,-1.6217881,-9.621788
train,68,192,7.0,-0.9577409,-7.957741
train,68,193,6.0,-3.798996,-9.798996
train,68,194,5.0,-8.735836,-13.735836
train,68,195,4.0,-8.255062,-12.255062
train,68,196,3.0,-10.712669,-13.712669
train,68,197,2.0,-11.103287,-13.103287
train,68,198,1.0,-14.581612,-15.581612
train,68,199,0.0,-12.244205,-12.244205
train,69,30,332.0,198.68373,-133.31627
train,69,31,331.0,202.47043,-128.52957
train,69,32,330.0,209.47836,-120.52164
train,69,33,329.0,213.64249,-115.35751
train,69,34,328.0,195.16586,-132.83414
train,69,35,327.0,192.74518,-134.25482
train,69,36,326.0,208.22162,-117.77838
train,69,37,325.0,213.36697,-111.633026
train,69,38,324.0,226.06241,-97.93759
train,69,39,323.0,224.34183,-98.65817
train,69,40,322.0,227.37772,-94.622284
train,69,41,321.0,229.6965,-91.3035
train,69,42,320.0,218.60175,-101.398254
train,69,43,319.0,206.54659,-112.453415
train,69,44,318.0,200.36505,-117.63495
train,69,45,317.0,186.81894,-130.18106
train,69,46,316.0,192.00946,-123.99054
train,69,47,315.0,209.13492,-105.86508
train,69,48,314.0,217.67603,-96.323975
train,69,49,313.0,220.7688,-92.2312
train,69,50,312.0,204.75223,-107.24777
train,69,51,311.0,192.58487,-118.41513
train,69,52,310.0,184.05386,-125.94614
train,69,53,309.0,181.19968,-127.80032
train,69,54,308.0,178.50732,-129.49268
train,69,55,307.0,181.24614,-125.75386
train,69,56,306.0,173.25435,-132.74565
train,69,57,305.0,153.14151,-151.85849
train,69,58,304.0,157.8751,-146.1249
train,69,59,303.0,164.8909,-138.1091
train,69,60,302.0,163.8775,-138.1225
train,69,61,301.0,158.14261,-142.85739
train,69,62,300.0,157.61952,-142.38048
train,69,63,299.0,164.24765,-134.75235
train,69,64,298.0,152.61116,-145.38884
train,69,65,297.0,156.36838,-140.63162
train,69,66,296.0,151.90344,-144.09656
train,69,67,295.0,164.0664,-130.9336
train,69,68,294.0,158.46663,-135.53337
train,69,69,293.0,167.37804,-125.62196
train,69,70,292.0,160.85434,-131.14566
train,69,71,291.0,134.43428,-156.56572
train,69,72,290.0,138.9476,-151.0524
train,69,73,289.0,134.40375,-154.59625
train,69,74,288.0,129.69771,-158.30229
train,69,75,287.0,133.685,-153.315
train,69,76,286.0,150.52744,-135.47256
train,69,77,285.0,157.32692,-127.67308
train,69,78,284.0,172.1912,-111.80881
train,69,79,283.0,177.30904,-105.69096
train,69,80,282.0,181.74709,-100.252914
train,69,81,281.0,169.1874,-111.81261
train,69,82,280.0,165.98657,-114.01343
train,69,83,279.0,158.37654,-120.62346
train,69,84,278.0,149.85217,-128.14783
train,69,85,277.0,146.04832,-130.95168
train,69,86,276.0,138.29349,-137.70651
train,69,87,275.0,126.559074,-148.44092
train,69,88,274.0,135.76505,-138.23495
train,69,89,273.0,126.95715,-146.04285
train,69,90,272.0,130.72847,-141.27153
train,69,91,271.0,125.01123,-145.98877
train,69,92,270.0,126.65042,-143.34958
train,69,93,269.0,123.48892,-145.51108
train,69,94,268.0,122.515366,-145.48463
train,69,95,267.0,115.95131,-151.04869
train,69,96,266.0,119.0461,-146.9539
train,69,97,265.0,118.64638,-146.35362
train,69,98,264.0,115.13502,-148.86499
train,69,99,263.0,116.78841,-146.2116
train,69,100,262.0,105.540794,-156.4592
train,69,101,261.0,121.47365,-139.52635
train,69,102,260.0,115.13716,-144.86284
train,69,103,259.0,110.038635,-148.96136
train,69,104,258.0,101.719185,-156.28082
train,69,105,257.0,101.280365,-155.71964
train,69,106,256.0,98.03536,-157.96463
train,69,107,255.0,98.827194,-156.1728
train,69,108,254.0,100.01435,-153.98566
train,69,109,253.0,108.85454,-144.14546
train,69,110,252.0,115.50915,-136.49084
train,69,111,251.0,117.47122,-133.52878
train,69,112,250.0,110.51959,-139.48041
train,69,113,249.0,110.07414,-138.92586
train,69,114,248.0,108.33948,-139.66052
train,69,115,247.0,104.77942,-142.22058
train,69,116,246.0,108.84825,-137.15175
train,69,117,245.0,111.40924,-133.59076
train,69,118,244.0,115.826294,-128.1737
train,69,119,243.0,112.1078,-130.8922
train,69,120,242.0,114.95424,-127.04576
train,69,121,241.0,107.538025,-133.46198
train,69,122,240.0,114.14461,-125.85539
train,69,123,239.0,111.76487,-127.23513
train,69,124,238.0,109.960464,-128.03954
train,69,125,237.0,103.76001,-133.23999
train,69,126,236.0,100.800674,-135.19933
train,69,127,235.0,106.97825,-128.02176
train,69,128,234.0,113.01971,-120.98029
train,69,129,233.0,114.4501,-118.5499
train,69,130,232.0,106.44695,-125.55305
train,69,131,231.0,101.033554,-129.96645
train,69,132,230.0,104.70987,-125.29013
train,69,133,229.0,92.71678,-136.28322
train,69,134,228.0,96.1469,-131.8531
train,69,135,227.0,102.26297,-124.73703
train,69,136,226.0,103.053024,-122.946976
train,69,137,225.0,106.38583,-118.61417
train,69,138,224.0,108.828995,-115.171005
train,69,139,223.0,141.03069,-81.969315
train,69,140,222.0,124.822815,-97.177185
train,69,141,221.0,115.08498,-105.91502
train,69,142,220.0,110.83301,-109.16699
train,69,143,219.0,114.68323,-104.31677
train,69,144,218.0,112.56093,-105.43907
train,69,145,217.0,112.837234,-104.162766
train,69,146,216.0,120.5908,-95.4092
train,69,147,215.0,126.74658,-88.25342
train,69,148,214.0,163.62378,-50.37622
train,69,149,213.0,146.65067,-66.349335
train,69,150,212.0,141.7652,-70.2348
train,69,151,211.0,144.35823,-66.64177
train,69,152,210.0,146.32886,-63.671143
train,69,153,209.0,144.92804,-64.07196
train,69,154,208.0,152.64938,-55.350616
train,69,155,207.0,149.1513,-57.848694
train,69,156,206.0,143.36246,-62.637543
train,69,157,205.0,149.8495,-55.150497
train,69,158,204.0,159.52023,-44.479767
train,69,159,203.0,146.35272,-56.647278
train,69,160,202.0,147.0924,-54.907593
train,69,161,201.0,132.76355,-68.23645
train,69,162,200.0,135.55325,-64.44675
train,69,163,199.0,125.81347,-73.18653
train,69,164,198.0,125.76227,-72.23773
train,69,165,197.0,125.446205,-71.553795
train,69,166,196.0,120.28434,-75.71566
train,69,167,195.0,111.37842,-83.62158
train,69,168,194.0,122.613914,-71.386086
train,69,169,193.0,125.45139,-67.54861
train,69,170,192.0,126.25596,-65.74404
train,69,171,191.0,104.84532,-86.15468
train,69,172,190.0,98.69269,-91.30731
train,69,173,189.0,105.74887,-83.25113
train,69,174,188.0,108.83029,-79.16971
train,69,175,187.0,132.27386,-54.726135
train,69,176,186.0,132.64893,-53.351074
train,69,177,185.0,137.45087,-47.549133
train,69,178,184.0,137.60901,-46.39099
train,69,179,183.0,124.88446,-58.11554
train,69,180,182.0,129.6918,-52.308197
train,69,181,181.0,126.91909,-54.08091
train,69,182,180.0,133.1338,-46.866196
train,69,183,179.0,129.54639,-49.453613
train,69,184,178.0,138.60472,-39.39528
train,69,185,177.0,133.71878,-43.28122
train,69,186,176.0,134.95529,-41.04471
train,69,187,175.0,128.43343,-46.566574
train,69,188,174.0,130.67667,-43.323334
train,69,189,173.0,124.67697,-48.32303
train,69,190,172.0,130.09695,-41.903046
train,69,191,171.0,126.051735,-44.948265
train,69,192,170.0,110.74909,-59.250908
train,69,193,169.0,105.79048,-63.20952
train,69,194,168.0,104.61667,-63.38333
train,69,195,167.0,112.93432,-54.06568
train,69,196,166.0,120.77276,-45.22724
train,69,197,165.0,115.141235,-49.858765
train,69,198,164.0,100.424355,-63.575645
train,69,199,163.0,100.95616,-62.04384
train,69,200,162.0,103.14095,-58.859047
train,69,201,161.0,98.38269,-62.61731
train,69,202,160.0,100.2529,-59.7471
train,69,203,159.0,94.69539,-64.30461
train,69,204,158.0,102.81093,-55.18907
train,69,205,157.0,110.596146,-46.403854
train,69,206,156.0,120.05636,-35.94364
train,69,207,155.0,121.11777,-33.882233
train,69,208,154.0,111.59362,-42.40638
train,69,209,153.0,106.3513,-46.648697
train,69,210,152.0,109.38197,-42.618027
train,69,211,151.0,106.54507,-44.454933
train,69,212,150.0,106.4173,-43.582703
train,69,213,149.0,111.364136,-37.635864
train,69,214,148.0,114.90288,-33.097122
train,69,215,147.0,108.74163,-38.25837
train,69,216,146.0,111.521835,-34.478165
train,69,217,145.0,104.68891,-40.31109
train,69,218,144.0,102.17493,-41.825073
train,69,219,143.0,109.53432,-33.465683
train,69,220,142.0,120.05273,-21.947273
train,69,221,141.0,112.44527,-28.554733
train,69,222,140.0,114.266975,-25.733025
train,69,223,139.0,100.64688,-38.35312
train,69,224,138.0,108.86014,-29.139862
train,69,225,137.0,122.94557,-14.054428
train,69,226,136.0,133.03992,-2.960083
train,69,227,135.0,135.05496,0.05496216
train,69,228,134.0,129.62119,-4.3788147
train,69,229,133.0,121.816315,-11.183685
train,69,230,132.0,135.14786,3.1478577
train,69,231,131.0,130.29047,-0.7095337
train,69,232,130.0,135.82245,5.8224487
train,69,233,129.0,127.603455,-1.3965454
train,69,234,128.0,122.4639,-5.5361023
train,69,235,127.0,110.85431,-16.14569
train,69,236,126.0,123.55383,-2.446167
train,69,237,125.0,122.13164,-2.8683624
train,69,238,124.0,128.05563,4.0556335
train,69,239,123.0,119.21654,-3.7834625
train,69,240,122.0,103.97377,-18.02623
train,69,241,121.0,105.56015,-15.43985
train,69,242,120.0,103.80156,-16.19844
train,69,243,119.0,108.55145,-10.448547
train,69,244,118.0,108.21394,-9.7860565
train,69,245,117.0,103.26012,-13.739883
train,69,246,116.0,96.61525,-19.38475
train,69,247,115.0,89.51955,-25.480453
train,69,248,114.0,94.89864,-19.101357
train,69,249,113.0,102.205956,-10.7940445
train,69,250,112.0,97.13068,-14.869324
train,69,251,111.0,103.207306,-7.792694
train,69,252,110.0,96.41239,-13.587608
train,69,253,109.0,84.725685,-24.274315
train,69,254,108.0,80.47136,-27.52864
train,69,255,107.0,78.26376,-28.736237
train,69,256,106.0,76.47353,-29.526466
train,69,257,105.0,70.26092,-34.739082
train,69,258,104.0,71.611725,-32.388275
train,69,259,103.0,61.523167,-41.476833
train,69,260,102.0,73.327896,-28.672104
train,69,261,101.0,76.53833,-24.46167
train,69,262,100.0,83.418686,-16.581314
train,69,263,99.0,83.23581,-15.764191
train,69,264,98.0,83.26714,-14.732857
train,69,265,97.0,79.86487,-17.135132
train,69,266,96.0,83.81433,-12.185669
train,69,267,95.0,80.89733,-14.102669
train,69,268,94.0,85.160095,-8.839905
train,69,269,93.0,79.79181,-13.208191
train,69,270,92.0,76.56676,-15.433243
train,69,271,91.0,80.874756,-10.125244
train,69,272,90.0,72.14273,-17.85727
train,69,273,89.0,71.49304,-17.506958
train,69,274,88.0,78.93788,-9.062119
train,69,275,87.0,80.9113,-6.0886993
train,69,276,86.0,74.168686,-11.831314
train,69,277,85.0,72.504715,-12.495285
train,69,278,84.0,78.80689,-5.1931076
train,69,279,83.0,78.64986,-4.3501434
train,69,280,82.0,83.90305,1.9030533
train,69,281,81.0,86.97739,5.9773865
train,69,282,80.0,86.169395,6.1693954
train,69,283,79.0,83.95555,4.955551
train,69,284,78.0,80.70216,2.7021637
train,69,285,77.0,82.99515,5.9951477
train,69,286,76.0,81.52948,5.52948
train,69,287,75.0,78.27333,3.2733307
train,69,288,74.0,72.610306,-1.3896942
train,69,289,73.0,73.12265,0.12265015
train,69,290,72.0,75.573395,3.5733948
train,69,291,71.0,70.687935,-0.31206512
train,69,292,70.0,69.89701,-0.1029892
train,69,293,69.0,67.62675,-1.3732529
train,69,294,68.0,60.942875,-7.057125
train,69,295,67.0,57.802284,-9.197716
train,69,296,66.0,61.196922,-4.8030777
train,69,297,65.0,60.141617,-4.858383
train,69,298,64.0,59.900856,-4.099144
train,69,299,63.0,60.58789,-2.4121094
train,69,300,62.0,61.321877,-0.6781235
train,69,301,61.0,62.61702,1.6170197
train,69,302,60.0,58.39447,-1.6055298
train,69,303,59.0,60.218433,1.2184334
train,69,304,58.0,59.304005,1.3040047
train,69,305,57.0,62.479866,5.479866
train,69,306,56.0,60.91515,4.9151497
train,69,307,55.0,62.794476,7.7944756
train,69,308,54.0,57.253815,3.2538147
train,69,309,53.0,57.49354,4.4935417
train,69,310,52.0,61.933884,9.933884
train,69,311,51.0,60.942398,9.942398
train,69,312,50.0,56.082367,6.082367
train,69,313,49.0,56.399364,7.3993645
train,69,314,48.0,64.34516,16.345161
train,69,315,47.0,56.38301,9.383011
train,69,316,46.0,53.636345,7.636345
train,69,317,45.0,58.5684,13.568401
train,69,318,44.0,57.320675,13.320675
train,69,319,43.0,59.46222,16.46222
train,69,320,42.0,60.557842,18.557842
train,69,321,41.0,58.239567,17.239567
train,69,322,40.0,52.350796,12.350796
train,69,323,39.0,55.314217,16.314217
train,69,324,38.0,48.350304,10.350304
train,69,325,37.0,50.619644,13.619644
train,69,326,36.0,44.52393,8.52393
train,69,327,35.0,42.800636,7.8006363
train,69,328,34.0,41.618767,7.618767
train,69,329,33.0,39.217117,6.2171173
train,69,330,32.0,39.68622,7.6862183
train,69,331,31.0,35.095898,4.0958977
train,69,332,30.0,37.901333,7.901333
train,69,333,29.0,36.13439,7.134392
train,69,334,28.0,35.00499,7.0049896
train,69,335,27.0,34.681557,7.6815567
train,69,336,26.0,31.19502,5.1950207
train,69,337,25.0,34.378265,9.378265
train,69,338,24.0,32.500874,8.500874
train,69,339,23.0,36.273,13.272999
train,69,340,22.0,31.302488,9.302488
train,69,341,21.0,28.948175,7.9481754
train,69,342,20.0,26.282904,6.2829037
train,69,343,19.0,28.723196,9.723196
train,69,344,18.0,30.447836,12.447836
train,69,345,17.0,26.188072,9.188072
train,69,346,16.0,25.558144,9.558144
train,69,347,15.0,20.726776,5.726776
train,69,348,14.0,23.521505,9.521505
train,69,349,13.0,21.012436,8.012436
train,69,350,12.0,16.221539,4.2215385
train,69,351,11.0,13.865189,2.8651886
train,69,352,10.0,12.2117195,2.2117195
train,69,353,9.0,13.99865,4.9986496
train,69,354,8.0,9.677891,1.6778908
train,69,355,7.0,14.190559,7.1905594
train,69,356,6.0,10.357395,4.357395
train,69,357,5.0,8.529232,3.529232
train,69,358,4.0,10.001091,6.001091
train,69,359,3.0,11.834049,8.834049
train,69,360,2.0,10.172916,8.172916
train,69,361,1.0,7.50465,6.50465
train,69,362,0.0,7.4988213,7.4988213
train,70,30,107.0,148.45473,41.454727
train,70,31,106.0,150.06198,44.06198
train,70,32,105.0,136.56624,31.566238
train,70,33,104.0,135.0788,31.078796
train,70,34,103.0,137.15575,34.155746
train,70,35,102.0,140.30312,38.303116
train,70,36,101.0,143.73965,42.739655
train,70,37,100.0,136.52525,36.525253
train,70,38,99.0,128.37181,29.37181
train,70,39,98.0,113.75894,15.758942
train,70,40,97.0,124.39363,27.393631
train,70,41,96.0,124.312546,28.312546
train,70,42,95.0,133.53586,38.53586
train,70,43,94.0,130.67996,36.679962
train,70,44,93.0,138.18246,45.182465
train,70,45,92.0,132.24219,40.242188
train,70,46,91.0,127.42699,36.426987
train,70,47,90.0,102.54341,12.543411
train,70,48,89.0,106.45549,17.45549
train,70,49,88.0,108.04884,20.048843
train,70,50,87.0,119.99282,32.99282
train,70,51,86.0,114.83055,28.830551
train,70,52,85.0,108.42623,23.426231
train,70,53,84.0,110.1942,26.194199
train,70,54,83.0,106.40735,23.407349
train,70,55,82.0,114.55842,32.55842
train,70,56,81.0,109.59247,28.592468
train,70,57,80.0,112.12863,32.12863
train,70,58,79.0,97.82698,18.82698
train,70,59,78.0,102.7256,24.725601
train,70,60,77.0,104.70128,27.701279
train,70,61,76.0,124.538895,48.538895
train,70,62,75.0,122.22743,47.227432
train,70,63,74.0,118.189804,44.189804
train,70,64,73.0,108.46115,35.46115
train,70,65,72.0,112.48764,40.48764
train,70,66,71.0,110.10087,39.10087
train,70,67,70.0,106.11665,36.116653
train,70,68,69.0,98.9642,29.964203
train,70,69,68.0,102.77874,34.77874
train,70,70,67.0,90.655594,23.655594
train,70,71,66.0,93.62108,27.621078
train,70,72,65.0,85.26394,20.263939
train,70,73,64.0,74.156624,10.156624
train,70,74,63.0,79.76604,16.766037
train,70,75,62.0,79.27122,17.271217
train,70,76,61.0,85.57054,24.570541
train,70,77,60.0,79.83275,19.832748
train,70,78,59.0,85.77742,26.77742
train,70,79,58.0,92.05004,34.05004
train,70,80,57.0,93.1799,36.1799
train,70,81,56.0,92.70823,36.70823
train,70,82,55.0,88.95685,33.95685
train,70,83,54.0,87.436134,33.436134
train,70,84,53.0,85.147675,32.147675
train,70,85,52.0,89.48923,37.489227
train,70,86,51.0,88.419846,37.419846
train,70,87,50.0,81.05959,31.059593
train,70,88,49.0,63.228188,14.228188
train,70,89,48.0,65.8932,17.893204
train,70,90,47.0,57.789745,10.789745
train,70,91,46.0,54.855545,8.855545
train,70,92,45.0,53.541733,8.541733
train,70,93,44.0,57.384483,13.384483
train,70,94,43.0,51.89145,8.891449
train,70,95,42.0,57.46039,15.460388
train,70,96,41.0,57.003765,16.003765
train,70,97,40.0,59.673637,19.673637
train,70,98,39.0,54.49362,15.493622
train,70,99,38.0,54.55814,16.55814
train,70,100,37.0,45.399605,8.399605
train,70,101,36.0,45.551197,9.551197
train,70,102,35.0,43.686993,8.686993
train,70,103,34.0,37.06864,3.0686417
train,70,104,33.0,35.457726,2.4577255
train,70,105,32.0,33.82982,1.8298187
train,70,106,31.0,36.126595,5.1265945
train,70,107,30.0,33.95704,3.9570389
train,70,108,29.0,34.510193,5.510193
train,70,109,28.0,32.53893,4.538929
train,70,110,27.0,27.097847,0.097846985
train,70,111,26.0,27.455982,1.4559822
train,70,112,25.0,24.075039,-0.9249611
train,70,113,24.0,23.359333,-0.64066696
train,70,114,23.0,22.3238,-0.67620087
train,70,115,22.0,21.67555,-0.32444954
train,70,116,21.0,22.623425,1.6234245
train,70,117,20.0,19.956558,-0.043441772
train,70,118,19.0,18.658655,-0.34134483
train,70,119,18.0,24.393867,6.3938675
train,70,120,17.0,21.365376,4.3653755
train,70,121,16.0,19.941917,3.9419174
train,70,122,15.0,20.004929,5.0049286
train,70,123,14.0,15.856022,1.8560219
train,70,124,13.0,14.885059,1.8850594
train,70,125,12.0,14.019728,2.0197277
train,70,126,11.0,13.443947,2.4439468
train,70,127,10.0,9.7318535,-0.2681465
train,70,128,9.0,3.040821,-5.959179
train,70,129,8.0,6.689844,-1.3101559
train,70,130,7.0,0.16086566,-6.839134
train,70,131,6.0,0.89982784,-5.100172
train,70,132,5.0,3.3544044,-1.6455956
train,70,133,4.0,-1.4794809,-5.4794807
train,70,134,3.0,-4.616436,-7.616436
train,70,135,2.0,-4.9843407,-6.9843407
train,70,136,1.0,-6.841324,-7.841324
train,70,137,0.0,-11.703228,-11.703228
train,71,30,178.0,150.59808,-27.401917
train,71,31,177.0,142.49174,-34.508255
train,71,32,176.0,128.00334,-47.99666
train,71,33,175.0,126.47189,-48.528107
train,71,34,174.0,135.1112,-38.888794
train,71,35,173.0,147.68054,-25.319458
train,71,36,172.0,145.81677,-26.183228
train,71,37,171.0,150.32921,-20.670792
train,71,38,170.0,154.4809,-15.519104
train,71,39,169.0,161.26097,-7.739029
train,71,40,168.0,157.73386,-10.266144
train,71,41,167.0,145.22995,-21.77005
train,71,42,166.0,143.39395,-22.606049
train,71,43,165.0,148.41956,-16.580444
train,71,44,164.0,161.1556,-2.8444061
train,71,45,163.0,148.56664,-14.433365
train,71,46,162.0,160.19559,-1.8044128
train,71,47,161.0,148.30875,-12.691254
train,71,48,160.0,147.85744,-12.142563
train,71,49,159.0,156.02196,-2.9780426
train,71,50,158.0,172.29895,14.29895
train,71,51,157.0,171.58646,14.586456
train,71,52,156.0,167.54391,11.543915
train,71,53,155.0,169.17902,14.179016
train,71,54,154.0,168.0104,14.0104065
train,71,55,153.0,165.52515,12.5251465
train,71,56,152.0,165.83978,13.839783
train,71,57,151.0,154.35251,3.3525085
train,71,58,150.0,160.59625,10.596252
train,71,59,149.0,160.00702,11.007019
train,71,60,148.0,168.08072,20.080719
train,71,61,147.0,168.59735,21.597351
train,71,62,146.0,156.29697,10.296967
train,71,63,145.0,155.62611,10.626114
train,71,64,144.0,172.73781,28.737808
train,71,65,143.0,178.47725,35.47725
train,71,66,142.0,175.37268,33.37268
train,71,67,141.0,180.91296,39.912964
train,71,68,140.0,190.60956,50.60956
train,71,69,139.0,187.35683,48.356827
train,71,70,138.0,201.02081,63.020813
train,71,71,137.0,197.35179,60.35179
train,71,72,136.0,180.75189,44.751892
train,71,73,135.0,164.16887,29.168869
train,71,74,134.0,163.05843,29.058426
train,71,75,133.0,146.63809,13.638092
train,71,76,132.0,141.02933,9.029327
train,71,77,131.0,145.74094,14.740936
train,71,78,130.0,146.25719,16.257187
train,71,79,129.0,146.16046,17.160461
train,71,80,128.0,146.42462,18.424622
train,71,81,127.0,134.07037,7.0703735
train,71,82,126.0,125.16539,-0.83461
train,71,83,125.0,115.337036,-9.662964
train,71,84,124.0,112.62214,-11.377861
train,71,85,123.0,97.8245,-25.175499
train,71,86,122.0,97.53996,-24.460037
train,71,87,121.0,98.92969,-22.070312
train,71,88,120.0,106.96351,-13.036491
train,71,89,119.0,106.89026,-12.109741
train,71,90,118.0,111.87656,-6.1234436
train,71,91,117.0,110.05915,-6.9408493
train,71,92,116.0,106.99412,-9.005882
train,71,93,115.0,93.4561,-21.5439
train,71,94,114.0,97.6114,-16.388603
train,71,95,113.0,99.045265,-13.954735
train,71,96,112.0,101.93625,-10.063751
train,71,97,111.0,108.595604,-2.404396
train,71,98,110.0,121.13968,11.139679
train,71,99,109.0,121.6375,12.637497
train,71,100,108.0,143.514,35.514008
train,71,101,107.0,145.3961,38.396103
train,71,102,106.0,144.34427,38.34427
train,71,103,105.0,140.84229,35.842285
train,71,104,104.0,139.05519,35.05519
train,71,105,103.0,136.53023,33.530228
train,71,106,102.0,136.02673,34.026733
train,71,107,101.0,132.0864,31.086395
train,71,108,100.0,137.84677,37.84677
train,71,109,99.0,138.18463,39.18463
train,71,110,98.0,132.31848,34.31848
train,71,111,97.0,131.1528,34.1528
train,71,112,96.0,134.64667,38.646667
train,71,113,95.0,127.38993,32.38993
train,71,114,94.0,123.607605,29.607605
train,71,115,93.0,113.43765,20.437653
train,71,116,92.0,107.91616,15.916161
train,71,117,91.0,108.86576,17.86576
train,71,118,90.0,107.6847,17.6847
train,71,119,89.0,112.36766,23.36766
train,71,120,88.0,115.6311,27.631104
train,71,121,87.0,105.42883,18.428833
train,71,122,86.0,106.03821,20.038208
train,71,123,85.0,84.25119,-0.7488098
train,71,124,84.0,84.11126,0.11125946
train,71,125,83.0,84.02533,1.0253296
train,71,126,82.0,74.72325,-7.2767487
train,71,127,81.0,69.97862,-11.021378
train,71,128,80.0,67.11264,-12.88736
train,71,129,79.0,69.75271,-9.247292
train,71,130,78.0,79.53894,1.5389404
train,71,131,77.0,92.54765,15.547653
train,71,132,76.0,97.88698,21.886978
train,71,133,75.0,88.745705,13.745705
train,71,134,74.0,97.895935,23.895935
train,71,135,73.0,92.86969,19.86969
train,71,136,72.0,93.96541,21.965408
train,71,137,71.0,84.89847,13.898468
train,71,138,70.0,74.92465,4.924652
train,71,139,69.0,77.33983,8.3398285
train,71,140,68.0,76.88081,8.880814
train,71,141,67.0,74.247665,7.2476654
train,71,142,66.0,78.017586,12.017586
train,71,143,65.0,74.20674,9.206741
train,71,144,64.0,74.285904,10.285904
train,71,145,63.0,76.37137,13.371368
train,71,146,62.0,72.56938,10.569382
train,71,147,61.0,67.56416,6.564163
train,71,148,60.0,63.01755,3.0175514
train,71,149,59.0,63.41346,4.41346
train,71,150,58.0,63.852512,5.8525124
train,71,151,57.0,63.78918,6.7891808
train,71,152,56.0,59.340546,3.3405457
train,71,153,55.0,52.34425,-2.6557503
train,71,154,54.0,53.29873,-0.70127106
train,71,155,53.0,51.68007,-1.319931
train,71,156,52.0,53.20723,1.2072296
train,71,157,51.0,54.77775,3.777748
train,71,158,50.0,53.258064,3.2580643
train,71,159,49.0,51.811382,2.8113823
train,71,160,48.0,51.97798,3.9779816
train,71,161,47.0,51.10908,4.1090813
train,71,162,46.0,49.633442,3.633442
train,71,163,45.0,46.076904,1.0769043
train,71,164,44.0,48.35659,4.3565903
train,71,165,43.0,44.581657,1.5816574
train,71,166,42.0,43.84053,1.8405304
train,71,167,41.0,43.23459,2.2345886
train,71,168,40.0,40.60241,0.60240936
train,71,169,39.0,43.003555,4.0035553
train,71,170,38.0,45.462826,7.462826
train,71,171,37.0,44.099064,7.099064
train,71,172,36.0,43.8609,7.860901
train,71,173,35.0,38.82291,3.8229103
train,71,174,34.0,38.967964,4.967964
train,71,175,33.0,38.196316,5.196316
train,71,176,32.0,36.00786,4.0078583
train,71,177,31.0,35.288383,4.2883835
train,71,178,30.0,31.465216,1.4652157
train,71,179,29.0,33.283623,4.2836227
train,71,180,28.0,28.382637,0.38263702
train,71,181,27.0,30.294273,3.2942734
train,71,182,26.0,29.570776,3.570776
train,71,183,25.0,26.914791,1.9147911
train,71,184,24.0,26.35177,2.3517704
train,71,185,23.0,21.91659,-1.0834103
train,71,186,22.0,22.870623,0.87062263
train,71,187,21.0,25.279148,4.279148
train,71,188,20.0,23.994678,3.9946785
train,71,189,19.0,29.015224,10.015224
train,71,190,18.0,26.054588,8.054588
train,71,191,17.0,18.697807,1.6978073
train,71,192,16.0,16.90646,0.9064598
train,71,193,15.0,17.213291,2.2132912
train,71,194,14.0,15.383938,1.3839378
train,71,195,13.0,17.926987,4.9269867
train,71,196,12.0,12.887154,0.8871536
train,71,197,11.0,16.487854,5.487854
train,71,198,10.0,15.158054,5.1580544
train,71,199,9.0,14.8039055,5.8039055
train,71,200,8.0,16.78748,8.787479
train,71,201,7.0,14.638023,7.6380234
train,71,202,6.0,10.462955,4.4629555
train,71,203,5.0,4.210705,-0.7892952
train,71,204,4.0,4.335621,0.33562088
train,71,205,3.0,1.6469611,-1.3530389
train,71,206,2.0,-1.237446,-3.2374458
train,71,207,1.0,-7.637924,-8.637924
train,71,208,0.0,-8.369331,-8.369331
train,73,30,183.0,171.86133,-11.138672
train,73,31,182.0,169.50114,-12.498856
train,73,32,181.0,173.28998,-7.710022
train,73,33,180.0,173.70018,-6.29982
train,73,34,179.0,180.46017,1.4601746
train,73,35,178.0,181.73918,3.7391815
train,73,36,177.0,180.67412,3.674118
train,73,37,176.0,177.13702,1.1370239
train,73,38,175.0,168.23415,-6.765854
train,73,39,174.0,168.90114,-5.0988617
train,73,40,173.0,173.58868,0.5886841
train,73,41,172.0,170.34346,-1.6565399
train,73,42,171.0,166.93323,-4.0667725
train,73,43,170.0,156.87495,-13.125046
train,73,44,169.0,157.4487,-11.5513
train,73,45,168.0,141.23672,-26.763275
train,73,46,167.0,139.73221,-27.267792
train,73,47,166.0,139.96202,-26.03798
train,73,48,165.0,140.4321,-24.567902
train,73,49,164.0,138.61255,-25.387451
train,73,50,163.0,142.31651,-20.683487
train,73,51,162.0,140.8172,-21.1828
train,73,52,161.0,151.39932,-9.6006775
train,73,53,160.0,145.7922,-14.207794
train,73,54,159.0,135.94275,-23.057251
train,73,55,158.0,131.13228,-26.867722
train,73,56,157.0,127.86435,-29.13565
train,73,57,156.0,112.462494,-43.537506
train,73,58,155.0,109.98343,-45.01657
train,73,59,154.0,110.046555,-43.953445
train,73,60,153.0,104.6062,-48.3938
train,73,61,152.0,109.666626,-42.333374
train,73,62,151.0,100.15001,-50.84999
train,73,63,150.0,100.985664,-49.014336
train,73,64,149.0,110.874725,-38.125275
train,73,65,148.0,108.087364,-39.912636
train,73,66,147.0,104.18221,-42.817787
train,73,67,146.0,106.70563,-39.294373
train,73,68,145.0,106.876915,-38.123085
train,73,69,144.0,120.36361,-23.63639
train,73,70,143.0,131.68747,-11.3125305
train,73,71,142.0,133.18321,-8.816788
train,73,72,141.0,147.78348,6.783478
train,73,73,140.0,142.84341,2.8434143
train,73,74,139.0,128.80055,-10.199448
train,73,75,138.0,130.42284,-7.5771637
train,73,76,137.0,129.19482,-7.805176
train,73,77,136.0,125.0482,-10.9517975
train,73,78,135.0,115.98772,-19.012283
train,73,79,134.0,130.08743,-3.9125671
train,73,80,133.0,145.30408,12.304077
train,73,81,132.0,145.63443,13.63443
train,73,82,131.0,156.0344,25.034393
train,73,83,130.0,149.70663,19.706635
train,73,84,129.0,144.96124,15.961243
train,73,85,128.0,137.66101,9.661011
train,73,86,127.0,143.89886,16.898865
train,73,87,126.0,134.30687,8.3068695
train,73,88,125.0,129.06554,4.0655365
train,73,89,124.0,125.920364,1.9203644
train,73,90,123.0,119.1769,-3.8230972
train,73,91,122.0,119.22218,-2.7778168
train,73,92,121.0,107.942276,-13.057724
train,73,93,120.0,113.96384,-6.0361633
train,73,94,119.0,101.5823,-17.417702
train,73,95,118.0,95.49945,-22.50055
train,73,96,117.0,92.92429,-24.075706
train,73,97,116.0,93.173584,-22.826416
train,73,98,115.0,94.118034,-20.881966
train,73,99,114.0,101.46475,-12.535248
train,73,100,113.0,95.565956,-17.434044
train,73,101,112.0,86.3504,-25.649597
train,73,102,111.0,96.26579,-14.734207
train,73,103,110.0,83.56411,-26.43589
train,73,104,109.0,88.453354,-20.546646
train,73,105,108.0,80.34462,-27.65538
train,73,106,107.0,73.20567,-33.794327
train,73,107,106.0,67.32471,-38.675293
train,73,108,105.0,72.78002,-32.21998
train,73,109,104.0,76.69725,-27.30275
train,73,110,103.0,78.05375,-24.94625
train,73,111,102.0,80.11175,-21.888252
train,73,112,101.0,86.530525,-14.469475
train,73,113,100.0,94.793625,-5.206375
train,73,114,99.0,94.949295,-4.050705
train,73,115,98.0,92.64586,-5.354141
train,73,116,97.0,101.84538,4.8453827
train,73,117,96.0,91.25566,-4.744339
train,73,118,95.0,103.07321,8.073212
train,73,119,94.0,92.56387,-1.4361267
train,73,120,93.0,79.39756,-13.60244
train,73,121,92.0,76.922165,-15.077835
train,73,122,91.0,79.98703,-11.01297
train,73,123,90.0,78.18611,-11.813889
train,73,124,89.0,80.0168,-8.9832
train,73,125,88.0,88.167175,0.1671753
train,73,126,87.0,91.34523,4.34523
train,73,127,86.0,91.19226,5.1922607
train,73,128,85.0,97.1799,12.179901
train,73,129,84.0,92.15246,8.152458
train,73,130,83.0,93.0586,10.058601
train,73,131,82.0,83.86993,1.8699265
train,73,132,81.0,85.71631,4.7163086
train,73,133,80.0,83.304794,3.3047943
train,73,134,79.0,91.653946,12.653946
train,73,135,78.0,90.346245,12.346245
train,73,136,77.0,88.51213,11.512131
train,73,137,76.0,89.31271,13.312714
train,73,138,75.0,96.976654,21.976654
train,73,139,74.0,99.88907,25.889069
train,73,140,73.0,90.92253,17.922531
train,73,141,72.0,99.09819,27.09819
train,73,142,71.0,94.269135,23.269135
train,73,143,70.0,98.375175,28.375175
train,73,144,69.0,93.361435,24.361435
train,73,145,68.0,89.17629,21.176292
train,73,146,67.0,93.20107,26.201073
train,73,147,66.0,84.12745,18.127449
train,73,148,65.0,84.03794,19.037941
train,73,149,64.0,81.034355,17.034355
train,73,150,63.0,81.33535,18.33535
train,73,151,62.0,79.330956,17.330956
train,73,152,61.0,80.93244,19.932442
train,73,153,60.0,67.78642,7.7864227
train,73,154,59.0,73.018906,14.018906
train,73,155,58.0,68.15797,10.157967
train,73,156,57.0,66.96932,9.969322
train,73,157,56.0,64.9057,8.905701
train,73,158,55.0,65.38915,10.389153
train,73,159,54.0,63.754406,9.754406
train,73,160,53.0,65.30215,12.302147
train,73,161,52.0,54.616745,2.616745
train,73,162,51.0,55.683826,4.6838264
train,73,163,50.0,54.041527,4.041527
train,73,164,49.0,56.232567,7.232567
train,73,165,48.0,57.480106,9.480106
train,73,166,47.0,57.697666,10.697666
train,73,167,46.0,53.002953,7.0029526
train,73,168,45.0,51.752193,6.7521935
train,73,169,44.0,50.013847,6.0138474
train,73,170,43.0,46.857574,3.8575745
train,73,171,42.0,45.528774,3.5287743
train,73,172,41.0,32.41157,-8.5884285
train,73,173,40.0,34.488823,-5.511177
train,73,174,39.0,32.854515,-6.145485
train,73,175,38.0,29.436298,-8.563702
train,73,176,37.0,29.094086,-7.9059143
train,73,177,36.0,31.861603,-4.138397
train,73,178,35.0,31.797947,-3.202053
train,73,179,34.0,29.012524,-4.9874763
train,73,180,33.0,27.2911,-5.7089005
train,73,181,32.0,34.91783,2.9178314
train,73,182,31.0,37.580044,6.580044
train,73,183,30.0,36.329666,6.329666
train,73,184,29.0,35.22528,6.225281
train,73,185,28.0,35.59236,7.5923615
train,73,186,27.0,34.548912,7.548912
train,73,187,26.0,34.18374,8.183739
train,73,188,25.0,34.890297,9.890297
train,73,189,24.0,36.971912,12.971912
train,73,190,23.0,34.83602,11.836021
train,73,191,22.0,37.682617,15.682617
train,73,192,21.0,43.348206,22.348206
train,73,193,20.0,37.81969,17.81969
train,73,194,19.0,35.48605,16.48605
train,73,195,18.0,35.859055,17.859055
train,73,196,17.0,30.23991,13.23991
train,73,197,16.0,27.456066,11.456066
train,73,198,15.0,27.962576,12.962576
train,73,199,14.0,29.04195,15.04195
train,73,200,13.0,23.380552,10.380552
train,73,201,12.0,23.964935,11.964935
train,73,202,11.0,20.771976,9.771976
train,73,203,10.0,20.797565,10.797565
train,73,204,9.0,18.407383,9.407383
train,73,205,8.0,15.580553,7.580553
train,73,206,7.0,13.206566,6.206566
train,73,207,6.0,11.573111,5.5731106
train,73,208,5.0,5.8776245,0.8776245
train,73,209,4.0,7.8624096,3.8624096
train,73,210,3.0,5.235935,2.2359352
train,73,211,2.0,-0.75582707,-2.755827
train,73,212,1.0,1.4520892,0.4520892
train,73,213,0.0,2.0910454,2.0910454
train,74,30,136.0,157.76752,21.767517
train,74,31,135.0,160.24422,25.244217
train,74,32,134.0,153.68285,19.682846
train,74,33,133.0,153.19406,20.194061
train,74,34,132.0,146.41447,14.4144745
train,74,35,131.0,144.58739,13.587387
train,74,36,130.0,145.81125,15.811249
train,74,37,129.0,144.14395,15.143951
train,74,38,128.0,139.71927,11.719269
train,74,39,127.0,138.40253,11.402527
train,74,40,126.0,135.2625,9.262497
train,74,41,125.0,135.07794,10.077942
train,74,42,124.0,135.9021,11.9021
train,74,43,123.0,132.94774,9.947739
train,74,44,122.0,131.84125,9.841248
train,74,45,121.0,131.07043,10.070435
train,74,46,120.0,136.986,16.985992
train,74,47,119.0,134.93774,15.937744
train,74,48,118.0,130.47104,12.471039
train,74,49,117.0,127.00286,10.002861
train,74,50,116.0,132.4365,16.436493
train,74,51,115.0,126.94901,11.949013
train,74,52,114.0,122.51283,8.512833
train,74,53,113.0,113.89956,0.899559
train,74,54,112.0,112.494354,0.49435425
train,74,55,111.0,115.79698,4.796982
train,74,56,110.0,121.96595,11.96595
train,74,57,109.0,116.74133,7.741333
train,74,58,108.0,111.09418,3.0941772
train,74,59,107.0,115.39801,8.39801
train,74,60,106.0,125.339615,19.339615
train,74,61,105.0,133.25119,28.25119
train,74,62,104.0,123.889694,19.889694
train,74,63,103.0,120.00058,17.00058
train,74,64,102.0,115.95944,13.959442
train,74,65,101.0,112.82805,11.828049
train,74,66,100.0,124.65205,24.652046
train,74,67,99.0,111.30698,12.306976
train,74,68,98.0,107.436455,9.436455
train,74,69,97.0,104.7805,7.7805023
train,74,70,96.0,98.44404,2.4440384
train,74,71,95.0,104.34099,9.340988
train,74,72,94.0,112.49718,18.497177
train,74,73,93.0,105.819115,12.819115
train,74,74,92.0,106.5011,14.501099
train,74,75,91.0,117.17051,26.17051
train,74,76,90.0,137.97491,47.974915
train,74,77,89.0,138.02303,49.023026
train,74,78,88.0,127.70422,39.704224
train,74,79,87.0,117.98141,30.981407
train,74,80,86.0,118.634926,32.634926
train,74,81,85.0,108.22063,23.220627
train,74,82,84.0,97.669754,13.669754
train,74,83,83.0,98.2469,15.246902
train,74,84,82.0,100.50809,18.508087
train,74,85,81.0,91.97828,10.978279
train,74,86,80.0,100.2565,20.2565
train,74,87,79.0,91.594086,12.594086
train,74,88,78.0,98.61848,20.618477
train,74,89,77.0,107.17132,30.171318
train,74,90,76.0,102.08742,26.087418
train,74,91,75.0,105.73333,30.73333
train,74,92,74.0,111.05478,37.05478
train,74,93,73.0,112.43863,39.43863
train,74,94,72.0,106.688194,34.688194
train,74,95,71.0,104.38814,33.388138
train,74,96,70.0,104.3742,34.3742
train,74,97,69.0,101.76505,32.765053
train,74,98,68.0,91.92785,23.927849
train,74,99,67.0,88.27156,21.27156
train,74,100,66.0,90.81143,24.811432
train,74,101,65.0,91.21128,26.21128
train,74,102,64.0,91.08023,27.08023
train,74,103,63.0,89.08886,26.08886
train,74,104,62.0,100.07133,38.071327
train,74,105,61.0,106.85962,45.85962
train,74,106,60.0,106.30216,46.302162
train,74,107,59.0,107.45984,48.45984
train,74,108,58.0,108.61043,50.610428
train,74,109,57.0,108.3244,51.3244
train,74,110,56.0,101.67716,45.677162
train,74,111,55.0,84.891396,29.891396
train,74,112,54.0,79.3518,25.351799
train,74,113,53.0,81.585815,28.585815
train,74,114,52.0,86.81394,34.813942
train,74,115,51.0,87.57764,36.577637
train,74,116,50.0,82.982475,32.982475
train,74,117,49.0,68.3354,19.335403
train,74,118,48.0,67.379135,19.379135
train,74,119,47.0,58.774414,11.774414
train,74,120,46.0,57.625027,11.625027
train,74,121,45.0,55.150826,10.1508255
train,74,122,44.0,59.449104,15.449104
train,74,123,43.0,57.61451,14.61451
train,74,124,42.0,55.670586,13.670586
train,74,125,41.0,49.144257,8.144257
train,74,126,40.0,56.099983,16.099983
train,74,127,39.0,58.246338,19.246338
train,74,128,38.0,50.98844,12.988441
train,74,129,37.0,51.899002,14.899002
train,74,130,36.0,48.264927,12.264927
train,74,131,35.0,50.50417,15.504169
train,74,132,34.0,50.911377,16.911377
train,74,133,33.0,55.571552,22.571552
train,74,134,32.0,56.12831,24.128311
train,74,135,31.0,59.633625,28.633625
train,74,136,30.0,58.161213,28.161213
train,74,137,29.0,55.669575,26.669575
train,74,138,28.0,60.976192,32.976192
train,74,139,27.0,57.850056,30.850056
train,74,140,26.0,53.047646,27.047646
train,74,141,25.0,41.74457,16.744572
train,74,142,24.0,38.760773,14.760773
train,74,143,23.0,31.16961,8.169609
train,74,144,22.0,34.679626,12.679626
train,74,145,21.0,33.294277,12.294277
train,74,146,20.0,29.99986,9.999861
train,74,147,19.0,21.917727,2.9177265
train,74,148,18.0,21.413881,3.4138813
train,74,149,17.0,22.326706,5.326706
train,74,150,16.0,18.462357,2.4623566
train,74,151,15.0,14.1809845,-0.8190155
train,74,152,14.0,10.55508,-3.4449196
train,74,153,13.0,6.166172,-6.833828
train,74,154,12.0,6.580574,-5.419426
train,74,155,11.0,0.8340491,-10.165951
train,74,156,10.0,1.5555724,-8.4444275
train,74,157,9.0,3.1060314,-5.8939686
train,74,158,8.0,-3.3932323,-11.393232
train,74,159,7.0,-4.7847977,-11.784798
train,74,160,6.0,-7.573742,-13.573742
train,74,161,5.0,-13.72937,-18.72937
train,74,162,4.0,-18.866531,-22.866531
train,74,163,3.0,-21.46806,-24.46806
train,74,164,2.0,-20.492573,-22.492573
train,74,165,1.0,-22.29131,-23.29131
train,74,166,0.0,-24.508488,-24.508488
train,75,30,199.0,164.60893,-34.391068
train,75,31,198.0,162.68878,-35.31122
train,75,32,197.0,167.09132,-29.908676
train,75,33,196.0,164.6991,-31.300903
train,75,34,195.0,151.39607,-43.603928
train,75,35,194.0,137.74648,-56.253525
train,75,36,193.0,139.27756,-53.722443
train,75,37,192.0,137.26132,-54.738678
train,75,38,191.0,139.22379,-51.776215
train,75,39,190.0,146.54906,-43.450943
train,75,40,189.0,142.47974,-46.520264
train,75,41,188.0,157.62115,-30.378845
train,75,42,187.0,155.17741,-31.822586
train,75,43,186.0,159.36423,-26.635773
train,75,44,185.0,151.25798,-33.74202
train,75,45,184.0,134.29628,-49.70372
train,75,46,183.0,132.88202,-50.11798
train,75,47,182.0,140.34544,-41.654556
train,75,48,181.0,142.85847,-38.141525
train,75,49,180.0,146.61061,-33.38939
train,75,50,179.0,141.69098,-37.30902
train,75,51,178.0,141.49564,-36.504364
train,75,52,177.0,142.92116,-34.078842
train,75,53,176.0,151.43999,-24.560013
train,75,54,175.0,149.89972,-25.10028
train,75,55,174.0,157.02405,-16.975952
train,75,56,173.0,155.57965,-17.42035
train,75,57,172.0,162.36024,-9.639755
train,75,58,171.0,165.98975,-5.010254
train,75,59,170.0,176.40472,6.404724
train,75,60,169.0,178.6887,9.688705
train,75,61,168.0,172.97325,4.9732513
train,75,62,167.0,170.3722,3.3721924
train,75,63,166.0,163.75404,-2.2459564
train,75,64,165.0,154.86862,-10.131378
train,75,65,164.0,157.84361,-6.1563873
train,75,66,163.0,166.72513,3.7251282
train,75,67,162.0,175.76399,13.763992
train,75,68,161.0,166.79297,5.7929688
train,75,69,160.0,174.34161,14.341614
train,75,70,159.0,170.36751,11.367508
train,75,71,158.0,170.64465,12.644653
train,75,72,157.0,172.23871,15.2387085
train,75,73,156.0,165.60799,9.607986
train,75,74,155.0,169.29724,14.297241
train,75,75,154.0,152.06839,-1.9316101
train,75,76,153.0,141.18068,-11.819321
train,75,77,152.0,134.2062,-17.793793
train,75,78,151.0,136.4659,-14.534103
train,75,79,150.0,134.94424,-15.055756
train,75,80,149.0,135.28705,-13.712952
train,75,81,148.0,122.80398,-25.196022
train,75,82,147.0,116.62188,-30.37812
train,75,83,146.0,114.77984,-31.220161
train,75,84,145.0,121.44824,-23.551758
train,75,85,144.0,126.946884,-17.053116
train,75,86,143.0,121.13091,-21.869087
train,75,87,142.0,130.00084,-11.999161
train,75,88,141.0,128.6864,-12.313599
train,75,89,140.0,122.7818,-17.2182
train,75,90,139.0,131.71935,-7.280655
train,75,91,138.0,127.88205,-10.11795
train,75,92,137.0,121.80388,-15.196121
train,75,93,136.0,120.83751,-15.162491
train,75,94,135.0,115.177895,-19.822105
train,75,95,134.0,120.36318,-13.636818
train,75,96,133.0,126.91995,-6.0800476
train,75,97,132.0,142.15053,10.150528
train,75,98,131.0,148.34787,17.34787
train,75,99,130.0,157.6262,27.626205
train,75,100,129.0,160.14627,31.14627
train,75,101,128.0,161.90097,33.90097
train,75,102,127.0,161.26825,34.26825
train,75,103,126.0,158.98567,32.985672
train,75,104,125.0,158.80823,33.808228
train,75,105,124.0,147.98349,23.98349
train,75,106,123.0,149.81158,26.811584
train,75,107,122.0,148.38245,26.382446
train,75,108,121.0,150.18506,29.185059
train,75,109,120.0,150.81192,30.81192
train,75,110,119.0,146.62892,27.628922
train,75,111,118.0,142.45071,24.450714
train,75,112,117.0,128.64815,11.648148
train,75,113,116.0,122.329834,6.329834
train,75,114,115.0,110.70253,-4.29747
train,75,115,114.0,111.96686,-2.033142
train,75,116,113.0,107.98874,-5.011261
train,75,117,112.0,101.474014,-10.525986
train,75,118,111.0,109.05449,-1.9455109
train,75,119,110.0,106.16008,-3.83992
train,75,120,109.0,113.34259,4.3425903
train,75,121,108.0,109.51552,1.5155182
train,75,122,107.0,107.07404,0.074043274
train,75,123,106.0,98.26333,-7.7366714
train,75,124,105.0,99.14348,-5.8565216
train,75,125,104.0,95.03602,-8.963982
train,75,126,103.0,104.04999,1.0499878
train,75,127,102.0,100.890976,-1.109024
train,75,128,101.0,89.07656,-11.923439
train,75,129,100.0,93.69049,-6.3095093
train,75,130,99.0,87.49117,-11.508827
train,75,131,98.0,97.04758,-0.9524231
train,75,132,97.0,98.48123,1.4812317
train,75,133,96.0,107.1192,11.119202
train,75,134,95.0,102.39528,7.395279
train,75,135,94.0,98.67637,4.6763687
train,75,136,93.0,96.539246,3.5392456
train,75,137,92.0,92.551445,0.551445
train,75,138,91.0,81.58055,-9.419449
train,75,139,90.0,79.50356,-10.496437
train,75,140,89.0,78.75083,-10.249168
train,75,141,88.0,68.62691,-19.373093
train,75,142,87.0,71.34137,-15.65863
train,75,143,86.0,74.005356,-11.994644
train,75,144,85.0,83.33465,-1.6653519
train,75,145,84.0,82.10106,-1.898941
train,75,146,83.0,82.44244,-0.5575638
train,75,147,82.0,74.838234,-7.161766
train,75,148,81.0,91.296,10.295998
train,75,149,80.0,88.227486,8.227486
train,75,150,79.0,86.80271,7.8027115
train,75,151,78.0,89.09514,11.095139
train,75,152,77.0,93.549515,16.549515
train,75,153,76.0,100.30627,24.306267
train,75,154,75.0,101.57315,26.57315
train,75,155,74.0,104.87266,30.872658
train,75,156,73.0,116.9348,43.9348
train,75,157,72.0,116.846405,44.846405
train,75,158,71.0,119.48809,48.48809
train,75,159,70.0,124.29208,54.292084
train,75,160,69.0,119.12715,50.12715
train,75,161,68.0,120.914154,52.914154
train,75,162,67.0,126.631195,59.631195
train,75,163,66.0,127.97359,61.973587
train,75,164,65.0,105.285126,40.285126
train,75,165,64.0,100.0851,36.0851
train,75,166,63.0,101.966095,38.966095
train,75,167,62.0,91.01258,29.01258
train,75,168,61.0,75.75425,14.75425
train,75,169,60.0,70.19255,10.192551
train,75,170,59.0,72.628006,13.628006
train,75,171,58.0,53.70457,-4.295429
train,75,172,57.0,46.844776,-10.155224
train,75,173,56.0,44.813347,-11.186653
train,75,174,55.0,44.616795,-10.383205
train,75,175,54.0,35.626865,-18.373135
train,75,176,53.0,31.24535,-21.75465
train,75,177,52.0,26.569101,-25.430899
train,75,178,51.0,30.711794,-20.288206
train,75,179,50.0,28.3531,-21.6469
train,75,180,49.0,22.676777,-26.323223
train,75,181,48.0,30.249968,-17.750032
train,75,182,47.0,24.682972,-22.317028
train,75,183,46.0,24.224937,-21.775063
train,75,184,45.0,29.500502,-15.499498
train,75,185,44.0,23.319103,-20.680897
train,75,186,43.0,34.300648,-8.699352
train,75,187,42.0,31.602987,-10.397013
train,75,188,41.0,33.442665,-7.557335
train,75,189,40.0,34.79198,-5.2080193
train,75,190,39.0,38.752163,-0.24783707
train,75,191,38.0,36.922264,-1.0777359
train,75,192,37.0,33.190735,-3.8092651
train,75,193,36.0,34.526997,-1.4730034
train,75,194,35.0,32.771717,-2.228283
train,75,195,34.0,41.103733,7.103733
train,75,196,33.0,40.311043,7.311043
train,75,197,32.0,39.640232,7.640232
train,75,198,31.0,36.0121,5.0121
train,75,199,30.0,38.165413,8.165413
train,75,200,29.0,36.50365,7.5036507
train,75,201,28.0,32.436188,4.4361877
train,75,202,27.0,31.895834,4.895834
train,75,203,26.0,30.915354,4.915354
train,75,204,25.0,29.016953,4.0169525
train,75,205,24.0,28.111746,4.111746
train,75,206,23.0,28.160797,5.160797
train,75,207,22.0,24.50081,2.5008106
train,75,208,21.0,19.88784,-1.1121597
train,75,209,20.0,18.216309,-1.7836914
train,75,210,19.0,21.480808,2.4808083
train,75,211,18.0,15.059349,-2.940651
train,75,212,17.0,14.738014,-2.2619858
train,75,213,16.0,18.236233,2.2362328
train,75,214,15.0,18.499102,3.4991016
train,75,215,14.0,13.537512,-0.46248817
train,75,216,13.0,11.127504,-1.8724957
train,75,217,12.0,15.500425,3.5004253
train,75,218,11.0,16.048603,5.048603
train,75,219,10.0,14.50238,4.5023804
train,75,220,9.0,13.089481,4.0894814
train,75,221,8.0,10.158936,2.1589355
train,75,222,7.0,5.0433903,-1.9566097
train,75,223,6.0,-1.9665109,-7.966511
train,75,224,5.0,-2.1535263,-7.1535263
train,75,225,4.0,-0.10566723,-4.105667
train,75,226,3.0,0.73353946,-2.2664604
train,75,227,2.0,-0.097652555,-2.0976524
train,75,228,1.0,-1.2837602,-2.28376
train,75,229,0.0,-1.0374223,-1.0374223
train,76,30,180.0,127.960815,-52.039185
train,76,31,179.0,129.83739,-49.162613
train,76,32,178.0,134.92831,-43.071686
train,76,33,177.0,139.40482,-37.595184
train,76,34,176.0,151.00769,-24.99231
train,76,35,175.0,152.14645,-22.853546
train,76,36,174.0,146.46173,-27.538269
train,76,37,173.0,152.4404,-20.5596
train,76,38,172.0,155.84354,-16.156464
train,76,39,171.0,157.8401,-13.159897
train,76,40,170.0,174.27953,4.2795258
train,76,41,169.0,175.40616,6.4061584
train,76,42,168.0,171.16873,3.1687317
train,76,43,167.0,162.60828,-4.3917236
train,76,44,166.0,167.55142,1.5514221
train,76,45,165.0,172.64488,7.644882
train,76,46,164.0,173.97357,9.973572
train,76,47,163.0,172.17125,9.171249
train,76,48,162.0,169.66959,7.669586
train,76,49,161.0,173.98866,12.988663
train,76,50,160.0,164.04984,4.049835
train,76,51,159.0,162.36615,3.36615
train,76,52,158.0,157.10345,-0.8965454
train,76,53,157.0,148.84529,-8.154709
train,76,54,156.0,139.61893,-16.381073
train,76,55,155.0,135.86578,-19.134216
train,76,56,154.0,130.71689,-23.283112
train,76,57,153.0,120.44604,-32.553963
train,76,58,152.0,102.91688,-49.083122
train,76,59,151.0,99.55808,-51.441917
train,76,60,150.0,113.18795,-36.81205
train,76,61,149.0,108.30742,-40.69258
train,76,62,148.0,117.07038,-30.929619
train,76,63,147.0,107.238556,-39.761444
train,76,64,146.0,105.58466,-40.415337
train,76,65,145.0,115.961365,-29.038635
train,76,66,144.0,110.367195,-33.632805
train,76,67,143.0,98.29999,-44.700012
train,76,68,142.0,104.196625,-37.803375
train,76,69,141.0,111.87016,-29.129837
train,76,70,140.0,129.53679,-10.463211
train,76,71,139.0,129.64001,-9.359985
train,76,72,138.0,112.878494,-25.121506
train,76,73,137.0,101.907234,-35.092766
train,76,74,136.0,98.45264,-37.547363
train,76,75,135.0,109.86338,-25.13662
train,76,76,134.0,121.358246,-12.641754
train,76,77,133.0,129.71759,-3.2824097
train,76,78,132.0,131.48935,-0.51065063
train,76,79,131.0,128.00774,-2.9922638
train,76,80,130.0,116.00687,-13.993134
train,76,81,129.0,120.434204,-8.565796
train,76,82,128.0,125.3909,-2.6091003
train,76,83,127.0,125.169876,-1.8301239
train,76,84,126.0,133.79584,7.7958374
train,76,85,125.0,127.1786,2.1785965
train,76,86,124.0,125.03746,1.0374603
train,76,87,123.0,132.17491,9.1749115
train,76,88,122.0,127.94853,5.948532
train,76,89,121.0,123.17781,2.1778107
train,76,90,120.0,130.37366,10.373657
train,76,91,119.0,126.9926,7.9925995
train,76,92,118.0,121.276505,3.2765045
train,76,93,117.0,113.889084,-3.1109161
train,76,94,116.0,106.1783,-9.821701
train,76,95,115.0,117.161705,2.161705
train,76,96,114.0,115.0404,1.0403976
train,76,97,113.0,110.0937,-2.9063034
train,76,98,112.0,102.29271,-9.707291
train,76,99,111.0,113.77058,2.7705765
train,76,100,110.0,105.54689,-4.4531097
train,76,101,109.0,93.10401,-15.895988
train,76,102,108.0,94.279106,-13.720894
train,76,103,107.0,89.27991,-17.720093
train,76,104,106.0,78.43334,-27.566658
train,76,105,105.0,75.53436,-29.465637
train,76,106,104.0,86.72989,-17.270111
train,76,107,103.0,95.654045,-7.345955
train,76,108,102.0,99.40762,-2.5923767
train,76,109,101.0,103.251816,2.2518158
train,76,110,100.0,97.918076,-2.0819244
train,76,111,99.0,91.28355,-7.7164536
train,76,112,98.0,97.49234,-0.5076599
train,76,113,97.0,100.5428,3.542801
train,76,114,96.0,96.53751,0.53751373
train,76,115,95.0,100.60022,5.6002197
train,76,116,94.0,97.180885,3.1808853
train,76,117,93.0,97.70491,4.7049103
train,76,118,92.0,100.03693,8.036926
train,76,119,91.0,97.76344,6.763443
train,76,120,90.0,98.42204,8.422043
train,76,121,89.0,96.057755,7.0577545
train,76,122,88.0,98.96244,10.9624405
train,76,123,87.0,102.21739,15.217392
train,76,124,86.0,96.299286,10.299286
train,76,125,85.0,93.011314,8.011314
train,76,126,84.0,95.74087,11.740868
train,76,127,83.0,98.40408,15.404083
train,76,128,82.0,104.04272,22.042717
train,76,129,81.0,107.93056,26.930557
train,76,130,80.0,101.18451,21.18451
train,76,131,79.0,96.506134,17.506134
train,76,132,78.0,92.380646,14.380646
train,76,133,77.0,83.58885,6.588852
train,76,134,76.0,85.51095,9.510948
train,76,135,75.0,89.91074,14.910744
train,76,136,74.0,87.3704,13.370399
train,76,137,73.0,78.19768,5.1976776
train,76,138,72.0,76.25297,4.252968
train,76,139,71.0,68.3268,-2.6732025
train,76,140,70.0,71.912155,1.9121552
train,76,141,69.0,70.90202,1.9020233
train,76,142,68.0,68.681335,0.68133545
train,76,143,67.0,69.26443,2.2644272
train,76,144,66.0,65.38322,-0.61678314
train,76,145,65.0,67.23741,2.2374115
train,76,146,64.0,70.735245,6.7352448
train,76,147,63.0,66.7475,3.7474976
train,76,148,62.0,65.6617,3.6616974
train,76,149,61.0,67.617065,6.6170654
train,76,150,60.0,68.06818,8.068176
train,76,151,59.0,69.22612,10.22612
train,76,152,58.0,73.24053,15.240532
train,76,153,57.0,76.16273,19.162727
train,76,154,56.0,72.124985,16.124985
train,76,155,55.0,73.632774,18.632774
train,76,156,54.0,74.68848,20.688477
train,76,157,53.0,71.51958,18.519577
train,76,158,52.0,71.17308,19.17308
train,76,159,51.0,72.709335,21.709335
train,76,160,50.0,71.10402,21.10402
train,76,161,49.0,78.44113,29.441132
train,76,162,48.0,69.306465,21.306465
train,76,163,47.0,66.33894,19.338943
train,76,164,46.0,65.13198,19.13198
train,76,165,45.0,66.89358,21.893578
train,76,166,44.0,60.859207,16.859207
train,76,167,43.0,60.839622,17.839622
train,76,168,42.0,56.439877,14.439877
train,76,169,41.0,52.78997,11.78997
train,76,170,40.0,56.219482,16.219482
train,76,171,39.0,58.34455,19.344551
train,76,172,38.0,55.31183,17.311829
train,76,173,37.0,54.80217,17.80217
train,76,174,36.0,52.732548,16.732548
train,76,175,35.0,53.505928,18.505928
train,76,176,34.0,50.44142,16.441422
train,76,177,33.0,48.711586,15.711586
train,76,178,32.0,48.910694,16.910694
train,76,179,31.0,50.266037,19.266037
train,76,180,30.0,47.895863,17.895863
train,76,181,29.0,48.83913,19.83913
train,76,182,28.0,41.297897,13.297897
train,76,183,27.0,40.464554,13.464554
train,76,184,26.0,39.07463,13.074631
train,76,185,25.0,38.06434,13.064339
train,76,186,24.0,37.025555,13.025555
train,76,187,23.0,33.7573,10.757301
train,76,188,22.0,33.061085,11.061085
train,76,189,21.0,32.565598,11.565598
train,76,190,20.0,27.832897,7.832897
train,76,191,19.0,27.610857,8.610857
train,76,192,18.0,27.154697,9.154697
train,76,193,17.0,24.011097,7.011097
train,76,194,16.0,25.884947,9.884947
train,76,195,15.0,24.098375,9.098375
train,76,196,14.0,24.473942,10.473942
train,76,197,13.0,24.764225,11.764225
train,76,198,12.0,24.713608,12.713608
train,76,199,11.0,22.821934,11.821934
train,76,200,10.0,23.856419,13.856419
train,76,201,9.0,23.883322,14.883322
train,76,202,8.0,18.550974,10.550974
train,76,203,7.0,15.670687,8.670687
train,76,204,6.0,13.138355,7.1383553
train,76,205,5.0,10.768955,5.768955
train,76,206,4.0,15.704437,11.704437
train,76,207,3.0,17.648396,14.648396
train,76,208,2.0,16.497677,14.497677
train,76,209,1.0,13.069393,12.069393
train,76,210,0.0,11.751434,11.751434
train,77,30,124.0,86.72296,-37.27704
train,77,31,123.0,85.809616,-37.190384
train,77,32,122.0,91.93617,-30.063828
train,77,33,121.0,72.46573,-48.53427
train,77,34,120.0,66.51912,-53.48088
train,77,35,119.0,59.521378,-59.478622
train,77,36,118.0,48.73096,-69.26904
train,77,37,117.0,55.001663,-61.998337
train,77,38,116.0,60.09188,-55.90812
train,77,39,115.0,59.085922,-55.914078
train,77,40,114.0,61.004585,-52.995415
train,77,41,113.0,65.211075,-47.788925
train,77,42,112.0,81.21422,-30.785782
train,77,43,111.0,86.603714,-24.396286
train,77,44,110.0,103.94293,-6.057068
train,77,45,109.0,102.11978,-6.8802185
train,77,46,108.0,104.99274,-3.0072632
train,77,47,107.0,98.67132,-8.328682
train,77,48,106.0,93.46297,-12.537033
train,77,49,105.0,96.061264,-8.938736
train,77,50,104.0,94.42648,-9.573517
train,77,51,103.0,101.691185,-1.308815
train,77,52,102.0,106.871895,4.871895
train,77,53,101.0,152.77634,51.776337
train,77,54,100.0,159.95505,59.955048
train,77,55,99.0,164.94339,65.94339
train,77,56,98.0,173.04524,75.04524
train,77,57,97.0,180.59517,83.59517
train,77,58,96.0,167.736,71.73599
train,77,59,95.0,159.97203,64.97203
train,77,60,94.0,152.0871,58.087097
train,77,61,93.0,141.93369,48.933685
train,77,62,92.0,148.20172,56.20172
train,77,63,91.0,136.76971,45.769714
train,77,64,90.0,122.98753,32.987534
train,77,65,89.0,121.09462,32.09462
train,77,66,88.0,119.92256,31.922562
train,77,67,87.0,122.47881,35.478813
train,77,68,86.0,112.08711,26.087112
train,77,69,85.0,93.6488,8.648804
train,77,70,84.0,100.639206,16.639206
train,77,71,83.0,102.712585,19.712585
train,77,72,82.0,98.850586,16.850586
train,77,73,81.0,118.39976,37.399757
train,77,74,80.0,118.81544,38.815437
train,77,75,79.0,106.55838,27.55838
train,77,76,78.0,106.38901,28.389008
train,77,77,77.0,106.77361,29.773613
train,77,78,76.0,96.95612,20.956123
train,77,79,75.0,91.908005,16.908005
train,77,80,74.0,92.890724,18.890724
train,77,81,73.0,100.393326,27.393326
train,77,82,72.0,104.17684,32.17684
train,77,83,71.0,97.01055,26.010551
train,77,84,70.0,94.89582,24.89582
train,77,85,69.0,97.14801,28.14801
train,77,86,68.0,108.69209,40.692093
train,77,87,67.0,118.33484,51.33484
train,77,88,66.0,115.78577,49.785767
train,77,89,65.0,112.61099,47.610992
train,77,90,64.0,112.53997,48.53997
train,77,91,63.0,107.08936,44.089363
train,77,92,62.0,113.678055,51.678055
train,77,93,61.0,105.83356,44.833557
train,77,94,60.0,90.62539,30.62539
train,77,95,59.0,76.552185,17.552185
train,77,96,58.0,74.23903,16.239029
train,77,97,57.0,71.06484,14.064842
train,77,98,56.0,58.185204,2.1852036
train,77,99,55.0,50.381573,-4.6184273
train,77,100,54.0,50.21987,-3.7801285
train,77,101,53.0,54.79637,1.7963715
train,77,102,52.0,54.06587,2.0658684
train,77,103,51.0,63.094875,12.094875
train,77,104,50.0,71.2006,21.2006
train,77,105,49.0,65.92653,16.926529
train,77,106,48.0,67.44711,19.447113
train,77,107,47.0,68.65785,21.657852
train,77,108,46.0,74.11508,28.115082
train,77,109,45.0,66.60588,21.60588
train,77,110,44.0,61.989826,17.989826
train,77,111,43.0,63.580315,20.580315
train,77,112,42.0,65.11348,23.11348
train,77,113,41.0,53.590168,12.590168
train,77,114,40.0,55.358013,15.358013
train,77,115,39.0,55.879513,16.879513
train,77,116,38.0,59.334087,21.334087
train,77,117,37.0,59.482796,22.482796
train,77,118,36.0,58.27002,22.27002
train,77,119,35.0,58.27442,23.274422
train,77,120,34.0,65.798294,31.798294
train,77,121,33.0,58.637604,25.637604
train,77,122,32.0,62.231293,30.231293
train,77,123,31.0,59.62297,28.62297
train,77,124,30.0,51.482384,21.482384
train,77,125,29.0,44.18982,15.189819
train,77,126,28.0,45.462173,17.462173
train,77,127,27.0,47.08691,20.08691
train,77,128,26.0,40.426117,14.426117
train,77,129,25.0,37.599796,12.599796
train,77,130,24.0,33.407303,9.407303
train,77,131,23.0,36.104202,13.104202
train,77,132,22.0,30.099228,8.099228
train,77,133,21.0,33.883717,12.883717
train,77,134,20.0,36.75583,16.755829
train,77,135,19.0,30.72083,11.720831
train,77,136,18.0,26.54702,8.54702
train,77,137,17.0,25.001194,8.001194
train,77,138,16.0,25.60279,9.602791
train,77,139,15.0,23.432184,8.432184
train,77,140,14.0,21.567347,7.5673466
train,77,141,13.0,24.865253,11.865253
train,77,142,12.0,22.473854,10.473854
train,77,143,11.0,19.283842,8.283842
train,77,144,10.0,18.77034,8.77034
train,77,145,9.0,16.31308,7.31308
train,77,146,8.0,13.647991,5.647991
train,77,147,7.0,13.145641,6.1456413
train,77,148,6.0,11.535393,5.5353928
train,77,149,5.0,12.042049,7.0420494
train,77,150,4.0,8.797138,4.797138
train,77,151,3.0,5.9672775,2.9672775
train,77,152,2.0,1.2583541,-0.74164593
train,77,153,1.0,-0.32449353,-1.3244935
train,77,154,0.0,-1.6958009,-1.6958009
train,78,30,201.0,197.39978,-3.6002197
train,78,31,200.0,203.46896,3.4689636
train,78,32,199.0,212.08928,13.089279
train,78,33,198.0,205.17036,7.1703644
train,78,34,197.0,207.52176,10.521759
train,78,35,196.0,205.5597,9.559692
train,78,36,195.0,205.79242,10.792419
train,78,37,194.0,202.94534,8.945343
train,78,38,193.0,205.52026,12.520264
train,78,39,192.0,204.40074,12.400742
train,78,40,191.0,203.35,12.350006
train,78,41,190.0,202.37439,12.37439
train,78,42,189.0,198.4453,9.445297
train,78,43,188.0,195.92752,7.9275208
train,78,44,187.0,199.6944,12.694397
train,78,45,186.0,191.84042,5.8404236
train,78,46,185.0,187.66782,2.6678162
train,78,47,184.0,194.66122,10.661224
train,78,48,183.0,193.20953,10.209534
train,78,49,182.0,193.1918,11.191803
train,78,50,181.0,193.31154,12.311539
train,78,51,180.0,181.12561,1.1256104
train,78,52,179.0,181.67621,2.6762085
train,78,53,178.0,182.89362,4.8936157
train,78,54,177.0,182.85004,5.8500366
train,78,55,176.0,187.13794,11.137939
train,78,56,175.0,183.68843,8.688431
train,78,57,174.0,185.06143,11.061432
train,78,58,173.0,181.96512,8.965118
train,78,59,172.0,180.3893,8.3892975
train,78,60,171.0,188.48193,17.481934
train,78,61,170.0,188.08023,18.08023
train,78,62,169.0,193.64569,24.64569
train,78,63,168.0,196.4754,28.475403
train,78,64,167.0,208.54086,41.540863
train,78,65,166.0,196.02835,30.02835
train,78,66,165.0,191.56314,26.56314
train,78,67,164.0,192.91519,28.915192
train,78,68,163.0,194.5494,31.549393
train,78,69,162.0,198.45035,36.450348
train,78,70,161.0,213.61807,52.618073
train,78,71,160.0,211.65344,51.653442
train,78,72,159.0,211.33578,52.335785
train,78,73,158.0,215.6524,57.652405
train,78,74,157.0,206.49237,49.49237
train,78,75,156.0,201.08893,45.08893
train,78,76,155.0,197.16858,42.16858
train,78,77,154.0,185.38771,31.38771
train,78,78,153.0,185.04407,32.044067
train,78,79,152.0,183.69191,31.69191
train,78,80,151.0,174.60384,23.603836
train,78,81,150.0,172.56987,22.56987
train,78,82,149.0,170.34903,21.34903
train,78,83,148.0,159.90225,11.902252
train,78,84,147.0,159.87694,12.876938
train,78,85,146.0,160.43686,14.436859
train,78,86,145.0,160.17172,15.171722
train,78,87,144.0,159.40453,15.404526
train,78,88,143.0,155.90147,12.901474
train,78,89,142.0,149.5257,7.525696
train,78,90,141.0,136.30734,-4.6926575
train,78,91,140.0,133.22836,-6.771637
train,78,92,139.0,136.26357,-2.736435
train,78,93,138.0,139.9014,1.9013977
train,78,94,137.0,143.20474,6.2047424
train,78,95,136.0,146.61935,10.619354
train,78,96,135.0,140.08298,5.0829773
train,78,97,134.0,137.18982,3.1898193
train,78,98,133.0,134.24716,1.2471619
train,78,99,132.0,140.08466,8.084656
train,78,100,131.0,138.65848,7.658478
train,78,101,130.0,142.83063,12.830627
train,78,102,129.0,138.37778,9.377777
train,78,103,128.0,131.75565,3.7556458
train,78,104,127.0,133.03867,6.038666
train,78,105,126.0,134.43228,8.4322815
train,78,106,125.0,135.54391,10.543915
train,78,107,124.0,145.76561,21.76561
train,78,108,123.0,144.92635,21.926346
train,78,109,122.0,149.94994,27.949936
train,78,110,121.0,146.597,25.597
train,78,111,120.0,148.93526,28.935257
train,78,112,119.0,138.95679,19.956787
train,78,113,118.0,148.31398,30.31398
train,78,114,117.0,143.97382,26.973816
train,78,115,116.0,146.05229,30.052292
train,78,116,115.0,150.55945,35.55945
train,78,117,114.0,156.89758,42.897583
train,78,118,113.0,145.1608,32.160797
train,78,119,112.0,146.521,34.520996
train,78,120,111.0,147.4154,36.415405
train,78,121,110.0,139.79106,29.791061
train,78,122,109.0,133.62506,24.625061
train,78,123,108.0,124.53418,16.53418
train,78,124,107.0,129.69594,22.695938
train,78,125,106.0,130.9151,24.9151
train,78,126,105.0,120.158646,15.158646
train,78,127,104.0,117.766495,13.766495
train,78,128,103.0,110.953995,7.9539948
train,78,129,102.0,122.084335,20.084335
train,78,130,101.0,115.64604,14.646042
train,78,131,100.0,119.02272,19.02272
train,78,132,99.0,114.356834,15.356834
train,78,133,98.0,112.89241,14.89241
train,78,134,97.0,114.05991,17.059914
train,78,135,96.0,115.489334,19.489334
train,78,136,95.0,109.87008,14.870079
train,78,137,94.0,103.69466,9.694656
train,78,138,93.0,108.36636,15.366364
train,78,139,92.0,107.55798,15.557983
train,78,140,91.0,96.649475,5.649475
train,78,141,90.0,100.66147,10.6614685
train,78,142,89.0,100.0087,11.0086975
train,78,143,88.0,101.521255,13.5212555
train,78,144,87.0,96.23364,9.233643
train,78,145,86.0,87.070366,1.0703659
train,78,146,85.0,91.279205,6.2792053
train,78,147,84.0,97.64375,13.643753
train,78,148,83.0,101.81688,18.81688
train,78,149,82.0,98.642654,16.642654
train,78,150,81.0,97.936745,16.936745
train,78,151,80.0,89.8422,9.842201
train,78,152,79.0,94.28425,15.284248
train,78,153,78.0,81.93294,3.9329376
train,78,154,77.0,88.60039,11.600388
train,78,155,76.0,79.277466,3.2774658
train,78,156,75.0,77.17621,2.1762085
train,78,157,74.0,78.92405,4.9240494
train,78,158,73.0,78.70129,5.7012863
train,78,159,72.0,62.600258,-9.399742
train,78,160,71.0,49.444496,-21.555504
train,78,161,70.0,55.110897,-14.889103
train,78,162,69.0,62.162575,-6.837425
train,78,163,68.0,55.35637,-12.643631
train,78,164,67.0,61.735565,-5.264435
train,78,165,66.0,61.996044,-4.003956
train,78,166,65.0,60.72912,-4.2708817
train,78,167,64.0,65.18841,1.1884079
train,78,168,63.0,62.270256,-0.72974396
train,78,169,62.0,58.072845,-3.9271545
train,78,170,61.0,45.556572,-15.443428
train,78,171,60.0,52.22441,-7.775589
train,78,172,59.0,51.11313,-7.8868713
train,78,173,58.0,43.32749,-14.672508
train,78,174,57.0,46.037876,-10.962124
train,78,175,56.0,36.008846,-19.991154
train,78,176,55.0,34.915497,-20.084503
train,78,177,54.0,36.09613,-17.90387
train,78,178,53.0,56.14933,3.1493301
train,78,179,52.0,54.206985,2.2069855
train,78,180,51.0,45.801598,-5.1984024
train,78,181,50.0,42.928944,-7.0710564
train,78,182,49.0,35.27189,-13.728111
train,78,183,48.0,37.90635,-10.093651
train,78,184,47.0,37.559547,-9.440453
train,78,185,46.0,41.64039,-4.3596115
train,78,186,45.0,45.06263,0.0626297
train,78,187,44.0,51.097393,7.097393
train,78,188,43.0,49.601685,6.6016846
train,78,189,42.0,52.882504,10.8825035
train,78,190,41.0,53.856716,12.856716
train,78,191,40.0,52.98593,12.985931
train,78,192,39.0,55.469147,16.469147
train,78,193,38.0,55.141327,17.141327
train,78,194,37.0,53.570858,16.570858
train,78,195,36.0,55.775337,19.775337
train,78,196,35.0,57.57734,22.57734
train,78,197,34.0,50.656357,16.656357
train,78,198,33.0,46.455154,13.455154
train,78,199,32.0,46.71159,14.71159
train,78,200,31.0,42.533348,11.533348
train,78,201,30.0,43.09496,13.094959
train,78,202,29.0,43.662895,14.662895
train,78,203,28.0,44.12014,16.12014
train,78,204,27.0,42.879417,15.879417
train,78,205,26.0,47.579918,21.579918
train,78,206,25.0,46.22902,21.22902
train,78,207,24.0,44.646294,20.646294
train,78,208,23.0,44.852715,21.852715
train,78,209,22.0,45.269417,23.269417
train,78,210,21.0,36.628273,15.628273
train,78,211,20.0,32.864197,12.864197
train,78,212,19.0,33.433258,14.433258
train,78,213,18.0,29.854715,11.854715
train,78,214,17.0,25.876038,8.876038
train,78,215,16.0,26.623919,10.623919
train,78,216,15.0,27.385992,12.385992
train,78,217,14.0,22.615437,8.615437
train,78,218,13.0,15.69396,2.6939602
train,78,219,12.0,11.266342,-0.73365784
train,78,220,11.0,13.131115,2.131115
train,78,221,10.0,12.059849,2.0598488
train,78,222,9.0,9.412682,0.41268158
train,78,223,8.0,6.7365284,-1.2634716
train,78,224,7.0,7.4211082,0.42110825
train,78,225,6.0,5.8121147,-0.18788528
train,78,226,5.0,5.9018517,0.90185165
train,78,227,4.0,1.7149428,-2.285057
train,78,228,3.0,0.14474094,-2.855259
train,78,229,2.0,-1.5845109,-3.5845108
train,78,230,1.0,-3.5508041,-4.550804
train,78,231,0.0,-1.5448838,-1.5448838
train,79,30,169.0,200.35855,31.358551
train,79,31,168.0,197.38132,29.381317
train,79,32,167.0,188.09567,21.095673
train,79,33,166.0,183.40799,17.40799
train,79,34,165.0,180.20053,15.200531
train,79,35,164.0,188.01183,24.011826
train,79,36,163.0,173.4259,10.425903
train,79,37,162.0,179.92046,17.920456
train,79,38,161.0,175.26225,14.262253
train,79,39,160.0,184.94818,24.948181
train,79,40,159.0,182.91196,23.911957
train,79,41,158.0,186.76605,28.766052
train,79,42,157.0,175.27155,18.271545
train,79,43,156.0,175.41873,19.418732
train,79,44,155.0,180.22275,25.222748
train,79,45,154.0,161.97931,7.979309
train,79,46,153.0,160.77591,7.7759094
train,79,47,152.0,155.50378,3.5037842
train,79,48,151.0,161.65683,10.65683
train,79,49,150.0,164.36697,14.366974
train,79,50,149.0,165.66077,16.660767
train,79,51,148.0,163.25098,15.250977
train,79,52,147.0,164.72464,17.72464
train,79,53,146.0,163.36713,17.367126
train,79,54,145.0,167.79854,22.798538
train,79,55,144.0,167.08913,23.089127
train,79,56,143.0,179.65921,36.65921
train,79,57,142.0,182.5202,40.520203
train,79,58,141.0,170.23196,29.231964
train,79,59,140.0,169.85483,29.854828
train,79,60,139.0,171.09764,32.09764
train,79,61,138.0,172.51707,34.517075
train,79,62,137.0,170.46454,33.46454
train,79,63,136.0,162.65228,26.652283
train,79,64,135.0,164.41481,29.41481
train,79,65,134.0,163.61313,29.613129
train,79,66,133.0,157.38576,24.385757
train,79,67,132.0,157.0256,25.025604
train,79,68,131.0,154.15088,23.150879
train,79,69,130.0,158.25941,28.259415
train,79,70,129.0,158.03107,29.031067
train,79,71,128.0,162.82721,34.82721
train,79,72,127.0,155.25024,28.250244
train,79,73,126.0,157.57187,31.571869
train,79,74,125.0,165.11844,40.11844
train,79,75,124.0,162.73784,38.73784
train,79,76,123.0,163.5152,40.515198
train,79,77,122.0,154.41934,32.419342
train,79,78,121.0,162.56955,41.56955
train,79,79,120.0,163.90323,43.90323
train,79,80,119.0,166.24522,47.245224
train,79,81,118.0,170.94492,52.944916
train,79,82,117.0,174.90636,57.906357
train,79,83,116.0,175.47095,59.470947
train,79,84,115.0,163.29756,48.29756
train,79,85,114.0,159.95177,45.951767
train,79,86,113.0,165.02713,52.02713
train,79,87,112.0,160.16219,48.162186
train,79,88,111.0,159.50146,48.501465
train,79,89,110.0,151.35074,41.35074
train,79,90,109.0,145.51445,36.51445
train,79,91,108.0,149.78995,41.789948
train,79,92,107.0,147.65329,40.65329
train,79,93,106.0,127.366776,21.366776
train,79,94,105.0,128.41776,23.417755
train,79,95,104.0,133.10587,29.105865
train,79,96,103.0,138.98627,35.986267
train,79,97,102.0,136.80261,34.802612
train,79,98,101.0,146.40477,45.40477
train,79,99,100.0,137.86847,37.86847
train,79,100,99.0,137.2333,38.233307
train,79,101,98.0,129.57227,31.572266
train,79,102,97.0,128.54974,31.549744
train,79,103,96.0,124.4937,28.493698
train,79,104,95.0,118.2665,23.266502
train,79,105,94.0,115.73866,21.738663
train,79,106,93.0,126.3582,33.3582
train,79,107,92.0,110.6748,18.674797
train,79,108,91.0,116.32898,25.32898
train,79,109,90.0,108.23355,18.233551
train,79,110,89.0,116.61065,27.61065
train,79,111,88.0,124.007904,36.007904
train,79,112,87.0,118.69491,31.694908
train,79,113,86.0,120.042015,34.042015
train,79,114,85.0,120.09033,35.090332
train,79,115,84.0,125.83952,41.839523
train,79,116,83.0,122.452614,39.452614
train,79,117,82.0,120.175415,38.175415
train,79,118,81.0,116.247116,35.247116
train,79,119,80.0,108.31641,28.316406
train,79,120,79.0,101.62146,22.62146
train,79,121,78.0,100.611946,22.611946
train,79,122,77.0,95.62249,18.62249
train,79,123,76.0,97.55632,21.55632
train,79,124,75.0,91.555756,16.555756
train,79,125,74.0,88.47815,14.478149
train,79,126,73.0,92.5681,19.5681
train,79,127,72.0,92.80463,20.804626
train,79,128,71.0,87.24777,16.247772
train,79,129,70.0,91.58501,21.585007
train,79,130,69.0,81.979965,12.979965
train,79,131,68.0,83.395096,15.395096
train,79,132,67.0,79.18709,12.187088
train,79,133,66.0,63.89845,-2.101551
train,79,134,65.0,63.35488,-1.6451187
train,79,135,64.0,53.76889,-10.23111
train,79,136,63.0,58.12516,-4.87484
train,79,137,62.0,54.143074,-7.856926
train,79,138,61.0,51.56732,-9.432678
train,79,139,60.0,47.922913,-12.077087
train,79,140,59.0,40.851395,-18.148605
train,79,141,58.0,35.911674,-22.088326
train,79,142,57.0,33.899326,-23.100674
train,79,143,56.0,35.83888,-20.161121
train,79,144,55.0,42.83213,-12.16787
train,79,145,54.0,34.39776,-19.602242
train,79,146,53.0,40.43787,-12.56213
train,79,147,52.0,39.799786,-12.200214
train,79,148,51.0,35.19776,-15.802238
train,79,149,50.0,31.10632,-18.89368
train,79,150,49.0,29.512066,-19.487934
train,79,151,48.0,29.816006,-18.183994
train,79,152,47.0,22.989777,-24.010223
train,79,153,46.0,21.143265,-24.856735
train,79,154,45.0,23.34355,-21.65645
train,79,155,44.0,21.40829,-22.59171
train,79,156,43.0,20.550589,-22.449411
train,79,157,42.0,13.894043,-28.105957
train,79,158,41.0,17.998526,-23.001474
train,79,159,40.0,14.16334,-25.83666
train,79,160,39.0,17.925064,-21.074936
train,79,161,38.0,18.072737,-19.927263
train,79,162,37.0,20.278017,-16.721983
train,79,163,36.0,15.285815,-20.714184
train,79,164,35.0,17.68829,-17.31171
train,79,165,34.0,16.305079,-17.694921
train,79,166,33.0,14.384116,-18.615883
train,79,167,32.0,37.597645,5.597645
train,79,168,31.0,35.37966,4.3796616
train,79,169,30.0,36.628,6.6279984
train,79,170,29.0,37.199936,8.199936
train,79,171,28.0,31.690998,3.690998
train,79,172,27.0,30.006893,3.0068932
train,79,173,26.0,33.014854,7.0148544
train,79,174,25.0,35.397797,10.397797
train,79,175,24.0,34.067905,10.067905
train,79,176,23.0,31.222973,8.222973
train,79,177,22.0,30.320642,8.320642
train,79,178,21.0,29.64359,8.643591
train,79,179,20.0,29.576164,9.576164
train,79,180,19.0,27.174715,8.174715
train,79,181,18.0,27.785252,9.785252
train,79,182,17.0,27.05121,10.05121
train,79,183,16.0,26.127905,10.127905
train,79,184,15.0,25.043356,10.043356
train,79,185,14.0,26.102663,12.102663
train,79,186,13.0,23.344204,10.344204
train,79,187,12.0,18.468979,6.468979
train,79,188,11.0,17.682047,6.682047
train,79,189,10.0,17.327896,7.327896
train,79,190,9.0,17.629105,8.629105
train,79,191,8.0,19.618893,11.618893
train,79,192,7.0,16.789488,9.789488
train,79,193,6.0,18.2393,12.2393
train,79,194,5.0,17.609325,12.609325
train,79,195,4.0,20.652588,16.652588
train,79,196,3.0,15.140266,12.140266
train,79,197,2.0,12.945232,10.945232
train,79,198,1.0,4.9147797,3.9147797
train,79,199,0.0,6.6425056,6.6425056
train,80,30,155.0,130.68405,-24.315948
train,80,31,154.0,130.63007,-23.369934
train,80,32,153.0,146.98396,-6.016037
train,80,33,152.0,140.73155,-11.268448
train,80,34,151.0,142.16414,-8.835861
train,80,35,150.0,131.1897,-18.810303
train,80,36,149.0,127.98754,-21.012459
train,80,37,148.0,120.43088,-27.569122
train,80,38,147.0,139.98401,-7.015991
train,80,39,146.0,141.79323,-4.206772
train,80,40,145.0,144.806,-0.19400024
train,80,41,144.0,141.84384,-2.1561584
train,80,42,143.0,126.95427,-16.04573
train,80,43,142.0,120.6775,-21.322502
train,80,44,141.0,124.01277,-16.987228
train,80,45,140.0,122.891785,-17.108215
train,80,46,139.0,121.70004,-17.299957
train,80,47,138.0,128.56107,-9.438934
train,80,48,137.0,124.36032,-12.639679
train,80,49,136.0,130.79814,-5.2018585
train,80,50,135.0,124.23046,-10.769539
train,80,51,134.0,123.77971,-10.220291
train,80,52,133.0,118.4843,-14.515701
train,80,53,132.0,115.099236,-16.900764
train,80,54,131.0,113.95783,-17.042168
train,80,55,130.0,124.70509,-5.2949066
train,80,56,129.0,120.80779,-8.192207
train,80,57,128.0,111.864334,-16.135666
train,80,58,127.0,112.12494,-14.875061
train,80,59,126.0,120.298195,-5.701805
train,80,60,125.0,120.49717,-4.5028305
train,80,61,124.0,116.39896,-7.6010437
train,80,62,123.0,117.575645,-5.4243546
train,80,63,122.0,123.187294,1.187294
train,80,64,121.0,120.27412,-0.7258835
train,80,65,120.0,125.085724,5.085724
train,80,66,119.0,121.188736,2.188736
train,80,67,118.0,115.47526,-2.5247421
train,80,68,117.0,117.792595,0.7925949
train,80,69,116.0,122.09685,6.0968475
train,80,70,115.0,129.14671,14.146713
train,80,71,114.0,132.27374,18.273743
train,80,72,113.0,127.219894,14.219894
train,80,73,112.0,131.44107,19.44107
train,80,74,111.0,121.668045,10.668045
train,80,75,110.0,118.09108,8.09108
train,80,76,109.0,109.76292,0.76291656
train,80,77,108.0,115.429756,7.429756
train,80,78,107.0,122.15409,15.154091
train,80,79,106.0,131.61435,25.61435
train,80,80,105.0,121.927,16.927002
train,80,81,104.0,122.333466,18.333466
train,80,82,103.0,105.84096,2.8409576
train,80,83,102.0,100.03595,-1.9640503
train,80,84,101.0,98.93056,-2.0694427
train,80,85,100.0,107.495804,7.495804
train,80,86,99.0,110.111664,11.111664
train,80,87,98.0,109.12901,11.129013
train,80,88,97.0,114.86165,17.861649
train,80,89,96.0,117.83832,21.838318
train,80,90,95.0,116.80344,21.803436
train,80,91,94.0,119.5219,25.521896
train,80,92,93.0,119.89946,26.89946
train,80,93,92.0,113.74005,21.740051
train,80,94,91.0,117.31791,26.31791
train,80,95,90.0,114.54587,24.545868
train,80,96,89.0,120.78644,31.786438
train,80,97,88.0,121.05508,33.055077
train,80,98,87.0,111.29576,24.295761
train,80,99,86.0,105.068665,19.068665
train,80,100,85.0,109.220276,24.220276
train,80,101,84.0,101.507324,17.507324
train,80,102,83.0,95.99399,12.993988
train,80,103,82.0,93.74967,11.749672
train,80,104,81.0,86.250626,5.2506256
train,80,105,80.0,92.183975,12.183975
train,80,106,79.0,88.42603,9.426033
train,80,107,78.0,89.77536,11.77536
train,80,108,77.0,89.482025,12.482025
train,80,109,76.0,91.7673,15.767303
train,80,110,75.0,89.88252,14.882523
train,80,111,74.0,87.14916,13.149162
train,80,112,73.0,80.55579,7.555794
train,80,113,72.0,83.32234,11.322342
train,80,114,71.0,76.80991,5.8099136
train,80,115,70.0,72.0194,2.0194016
train,80,116,69.0,71.82689,2.826889
train,80,117,68.0,65.3586,-2.6414032
train,80,118,67.0,66.934654,-0.065345764
train,80,119,66.0,63.305916,-2.6940842
train,80,120,65.0,63.667473,-1.3325272
train,80,121,64.0,61.193077,-2.806923
train,80,122,63.0,61.60795,-1.3920517
train,80,123,62.0,57.074997,-4.925003
train,80,124,61.0,57.179344,-3.8206558
train,80,125,60.0,53.656746,-6.343254
train,80,126,59.0,54.148205,-4.851795
train,80,127,58.0,52.04485,-5.9551506
train,80,128,57.0,52.432663,-4.567337
train,80,129,56.0,52.326725,-3.673275
train,80,130,55.0,52.59495,-2.4050484
train,80,131,54.0,55.551716,1.5517159
train,80,132,53.0,54.021156,1.0211563
train,80,133,52.0,52.219513,0.21951294
train,80,134,51.0,47.60726,-3.3927383
train,80,135,50.0,48.80517,-1.1948318
train,80,136,49.0,40.548203,-8.4517975
train,80,137,48.0,43.47778,-4.5222206
train,80,138,47.0,45.152863,-1.8471375
train,80,139,46.0,46.02064,0.020641327
train,80,140,45.0,49.631203,4.6312027
train,80,141,44.0,46.81367,2.813671
train,80,142,43.0,47.888927,4.8889275
train,80,143,42.0,46.14447,4.14447
train,80,144,41.0,45.146374,4.1463737
train,80,145,40.0,41.022743,1.0227432
train,80,146,39.0,39.83451,0.8345108
train,80,147,38.0,37.450874,-0.5491257
train,80,148,37.0,36.47307,-0.52693176
train,80,149,36.0,34.233475,-1.7665253
train,80,150,35.0,33.355423,-1.644577
train,80,151,34.0,32.565598,-1.4344025
train,80,152,33.0,37.039867,4.0398674
train,80,153,32.0,34.99874,2.9987411
train,80,154,31.0,29.613867,-1.3861332
train,80,155,30.0,30.771137,0.77113724
train,80,156,29.0,26.670368,-2.3296318
train,80,157,28.0,28.075998,0.075998306
train,80,158,27.0,28.895418,1.8954182
train,80,159,26.0,25.474154,-0.5258465
train,80,160,25.0,27.250004,2.2500038
train,80,161,24.0,29.206242,5.2062416
train,80,162,23.0,26.26528,3.2652798
train,80,163,22.0,23.05061,1.0506096
train,80,164,21.0,21.29759,0.29759026
train,80,165,20.0,16.501225,-3.4987755
train,80,166,19.0,14.330542,-4.6694584
train,80,167,18.0,10.209034,-7.790966
train,80,168,17.0,10.441679,-6.558321
train,80,169,16.0,6.032797,-9.967203
train,80,170,15.0,6.754284,-8.245716
train,80,171,14.0,9.027515,-4.9724846
train,80,172,13.0,9.156353,-3.843647
train,80,173,12.0,9.801243,-2.1987572
train,80,174,11.0,9.688877,-1.3111229
train,80,175,10.0,7.2060738,-2.7939262
train,80,176,9.0,3.437214,-5.562786
train,80,177,8.0,2.412445,-5.587555
train,80,178,7.0,3.5540886,-3.4459114
train,80,179,6.0,4.1460953,-1.8539047
train,80,180,5.0,5.7604027,0.7604027
train,80,181,4.0,1.842575,-2.157425
train,80,182,3.0,-3.791977,-6.791977
train,80,183,2.0,-4.5035744,-6.5035744
train,80,184,1.0,-5.0252724,-6.0252724
train,80,185,0.0,-8.814213,-8.814213
train,81,30,210.0,159.46165,-50.538345
train,81,31,209.0,163.36772,-45.63228
train,81,32,208.0,160.43277,-47.56723
train,81,33,207.0,148.55055,-58.449448
train,81,34,206.0,141.78719,-64.212814
train,81,35,205.0,142.78145,-62.21855
train,81,36,204.0,145.2928,-58.7072
train,81,37,203.0,145.97018,-57.029816
train,81,38,202.0,156.10498,-45.89502
train,81,39,201.0,159.54799,-41.45201
train,81,40,200.0,157.47482,-42.525177
train,81,41,199.0,161.94232,-37.05768
train,81,42,198.0,162.17358,-35.826416
train,81,43,197.0,160.80116,-36.198837
train,81,44,196.0,152.89691,-43.10309
train,81,45,195.0,150.79843,-44.20157
train,81,46,194.0,158.16507,-35.83493
train,81,47,193.0,150.62938,-42.37062
train,81,48,192.0,151.17758,-40.82242
train,81,49,191.0,153.87636,-37.123642
train,81,50,190.0,162.4475,-27.552505
train,81,51,189.0,172.91386,-16.086136
train,81,52,188.0,174.8168,-13.183197
train,81,53,187.0,173.70789,-13.292114
train,81,54,186.0,187.37302,1.3730164
train,81,55,185.0,178.10559,-6.894409
train,81,56,184.0,176.54456,-7.4554443
train,81,57,183.0,177.09256,-5.90744
train,81,58,182.0,181.18848,-0.81152344
train,81,59,181.0,175.39514,-5.6048584
train,81,60,180.0,167.81482,-12.185181
train,81,61,179.0,175.65129,-3.348709
train,81,62,178.0,156.78864,-21.211365
train,81,63,177.0,155.28912,-21.710876
train,81,64,176.0,144.24893,-31.751068
train,81,65,175.0,147.71707,-27.282928
train,81,66,174.0,153.08936,-20.910645
train,81,67,173.0,141.08333,-31.916672
train,81,68,172.0,145.11151,-26.888489
train,81,69,171.0,141.35516,-29.644836
train,81,70,170.0,149.43318,-20.566818
train,81,71,169.0,160.23495,-8.765045
train,81,72,168.0,159.19289,-8.807114
train,81,73,167.0,153.43298,-13.567017
train,81,74,166.0,156.18143,-9.818573
train,81,75,165.0,165.18704,0.18704224
train,81,76,164.0,146.26724,-17.732758
train,81,77,163.0,140.65826,-22.341736
train,81,78,162.0,128.28972,-33.71028
train,81,79,161.0,128.66446,-32.33554
train,81,80,160.0,133.94626,-26.053741
train,81,81,159.0,137.58871,-21.411285
train,81,82,158.0,142.4319,-15.5681
train,81,83,157.0,141.0857,-15.914307
train,81,84,156.0,86.923836,-69.076164
train,81,85,155.0,90.748436,-64.251564
train,81,86,154.0,79.157715,-74.842285
train,81,87,153.0,77.13568,-75.86432
train,81,88,152.0,78.14793,-73.85207
train,81,89,151.0,79.25139,-71.74861
train,81,90,150.0,85.05371,-64.94629
train,81,91,149.0,98.82087,-50.17913
train,81,92,148.0,97.626656,-50.373344
train,81,93,147.0,98.00446,-48.995537
train,81,94,146.0,110.14318,-35.85682
train,81,95,145.0,106.573326,-38.426674
train,81,96,144.0,104.40558,-39.59442
train,81,97,143.0,98.57956,-44.42044
train,81,98,142.0,81.44993,-60.55007
train,81,99,141.0,69.74337,-71.25663
train,81,100,140.0,75.25912,-64.74088
train,81,101,139.0,84.49489,-54.50511
train,81,102,138.0,84.81674,-53.183258
train,81,103,137.0,72.891525,-64.108475
train,81,104,136.0,73.61563,-62.38437
train,81,105,135.0,84.50949,-50.49051
train,81,106,134.0,87.307495,-46.692505
train,81,107,133.0,81.497986,-51.502014
train,81,108,132.0,75.699646,-56.300354
train,81,109,131.0,75.75263,-55.247368
train,81,110,130.0,74.55621,-55.443787
train,81,111,129.0,67.957886,-61.042114
train,81,112,128.0,65.8234,-62.176598
train,81,113,127.0,67.44754,-59.55246
train,81,114,126.0,105.01428,-20.985718
train,81,115,125.0,94.217674,-30.782326
train,81,116,124.0,106.13516,-17.864838
train,81,117,123.0,107.485085,-15.514915
train,81,118,122.0,103.950935,-18.049065
train,81,119,121.0,96.786095,-24.213905
train,81,120,120.0,98.66916,-21.330841
train,81,121,119.0,95.11925,-23.880753
train,81,122,118.0,87.862114,-30.137886
train,81,123,117.0,97.340195,-19.659805
train,81,124,116.0,92.276024,-23.723976
train,81,125,115.0,97.849686,-17.150314
train,81,126,114.0,98.83214,-15.167862
train,81,127,113.0,94.50493,-18.495071
train,81,128,112.0,87.82287,-24.177132
train,81,129,111.0,78.59383,-32.406174
train,81,130,110.0,81.25014,-28.749863
train,81,131,109.0,76.67191,-32.328087
train,81,132,108.0,86.66272,-21.33728
train,81,133,107.0,85.12697,-21.873032
train,81,134,106.0,79.04665,-26.953346
train,81,135,105.0,98.22046,-6.779541
train,81,136,104.0,93.25768,-10.742317
train,81,137,103.0,93.25145,-9.74855
train,81,138,102.0,102.78126,0.7812576
train,81,139,101.0,101.41867,0.41867065
train,81,140,100.0,108.757645,8.757645
train,81,141,99.0,112.17633,13.176331
train,81,142,98.0,105.546585,7.546585
train,81,143,97.0,107.51514,10.515137
train,81,144,96.0,100.64351,4.643509
train,81,145,95.0,94.684944,-0.31505585
train,81,146,94.0,94.30791,0.3079071
train,81,147,93.0,99.16288,6.16288
train,81,148,92.0,96.49097,4.490967
train,81,149,91.0,87.33461,-3.66539
train,81,150,90.0,89.44678,-0.55322266
train,81,151,89.0,88.903595,-0.09640503
train,81,152,88.0,89.44145,1.441452
train,81,153,87.0,100.12869,13.128693
train,81,154,86.0,97.87744,11.877441
train,81,155,85.0,97.894226,12.894226
train,81,156,84.0,99.56987,15.56987
train,81,157,83.0,93.5539,10.553902
train,81,158,82.0,93.40314,11.403137
train,81,159,81.0,93.5591,12.559097
train,81,160,80.0,85.03454,5.0345383
train,81,161,79.0,79.57503,0.57502747
train,81,162,78.0,85.41931,7.4193115
train,81,163,77.0,84.46877,7.468773
train,81,164,76.0,87.03271,11.032707
train,81,165,75.0,88.65236,13.652359
train,81,166,74.0,94.30777,20.30777
train,81,167,73.0,92.027596,19.027596
train,81,168,72.0,95.25013,23.25013
train,81,169,71.0,93.54224,22.542236
train,81,170,70.0,90.67607,20.676071
train,81,171,69.0,91.25792,22.25792
train,81,172,68.0,80.36042,12.36042
train,81,173,67.0,79.11984,12.119843
train,81,174,66.0,81.71941,15.719414
train,81,175,65.0,75.05809,10.05809
train,81,176,64.0,68.94525,4.9452515
train,81,177,63.0,70.893005,7.8930054
train,81,178,62.0,69.02497,7.024971
train,81,179,61.0,63.7658,2.7658005
train,81,180,60.0,62.389904,2.389904
train,81,181,59.0,63.46667,4.466671
train,81,182,58.0,57.75554,-0.24446106
train,81,183,57.0,67.72758,10.727577
train,81,184,56.0,65.32433,9.324333
train,81,185,55.0,64.46743,9.46743
train,81,186,54.0,69.6057,15.605698
train,81,187,53.0,68.213684,15.213684
train,81,188,52.0,63.757244,11.757244
train,81,189,51.0,62.22953,11.22953
train,81,190,50.0,59.541122,9.541122
train,81,191,49.0,52.44377,3.4437714
train,81,192,48.0,56.96855,8.968552
train,81,193,47.0,58.235977,11.235977
train,81,194,46.0,56.645683,10.645683
train,81,195,45.0,53.34914,8.34914
train,81,196,44.0,55.78348,11.783482
train,81,197,43.0,50.882774,7.8827744
train,81,198,42.0,48.288895,6.2888947
train,81,199,41.0,44.909836,3.9098358
train,81,200,40.0,44.123665,4.123665
train,81,201,39.0,41.41716,2.41716
train,81,202,38.0,43.000385,5.0003853
train,81,203,37.0,43.206757,6.2067566
train,81,204,36.0,45.242783,9.242783
train,81,205,35.0,44.863956,9.863956
train,81,206,34.0,47.314007,13.314007
train,81,207,33.0,39.70492,6.7049217
train,81,208,32.0,43.060665,11.060665
train,81,209,31.0,43.045265,12.045265
train,81,210,30.0,43.876232,13.876232
train,81,211,29.0,43.745377,14.745377
train,81,212,28.0,41.699364,13.699364
train,81,213,27.0,37.116825,10.116825
train,81,214,26.0,35.684673,9.684673
train,81,215,25.0,31.805748,6.805748
train,81,216,24.0,30.815018,6.8150177
train,81,217,23.0,29.24637,6.2463703
train,81,218,22.0,29.42076,7.420759
train,81,219,21.0,26.819145,5.819145
train,81,220,20.0,33.08043,13.080429
train,81,221,19.0,28.722363,9.7223625
train,81,222,18.0,25.053467,7.053467
train,81,223,17.0,25.02777,8.027769
train,81,224,16.0,25.576632,9.576632
train,81,225,15.0,24.810583,9.810583
train,81,226,14.0,26.79931,12.799311
train,81,227,13.0,22.402916,9.402916
train,81,228,12.0,20.39052,8.39052
train,81,229,11.0,19.197802,8.197802
train,81,230,10.0,25.538975,15.538975
train,81,231,9.0,28.904915,19.904915
train,81,232,8.0,30.27301,22.27301
train,81,233,7.0,25.665096,18.665096
train,81,234,6.0,29.90273,23.90273
train,81,235,5.0,24.842596,19.842596
train,81,236,4.0,25.998531,21.998531
train,81,237,3.0,17.904888,14.904888
train,81,238,2.0,13.702686,11.702686
train,81,239,1.0,10.112537,9.112537
train,81,240,0.0,9.323547,9.323547
train,83,30,263.0,199.96603,-63.033966
train,83,31,262.0,193.59119,-68.40881
train,83,32,261.0,194.94574,-66.05426
train,83,33,260.0,193.34204,-66.65796
train,83,34,259.0,198.24731,-60.752686
train,83,35,258.0,194.61667,-63.38333
train,83,36,257.0,190.52771,-66.47229
train,83,37,256.0,207.47751,-48.52249
train,83,38,255.0,201.37273,-53.627274
train,83,39,254.0,193.70721,-60.292786
train,83,40,253.0,197.81563,-55.184372
train,83,41,252.0,193.83365,-58.16635
train,83,42,251.0,195.0363,-55.9637
train,83,43,250.0,204.33916,-45.660843
train,83,44,249.0,206.16115,-42.838852
train,83,45,248.0,202.44977,-45.550232
train,83,46,247.0,205.05972,-41.940277
train,83,47,246.0,194.65225,-51.347748
train,83,48,245.0,192.12076,-52.879242
train,83,49,244.0,190.59622,-53.403778
train,83,50,243.0,218.16081,-24.839188
train,83,51,242.0,216.87425,-25.125748
train,83,52,241.0,227.66646,-13.333542
train,83,53,240.0,229.90799,-10.0920105
train,83,54,239.0,224.00856,-14.99144
train,83,55,238.0,216.08463,-21.915375
train,83,56,237.0,213.0973,-23.902695
train,83,57,236.0,206.82173,-29.178268
train,83,58,235.0,205.7714,-29.228607
train,83,59,234.0,201.95264,-32.047363
train,83,60,233.0,200.41812,-32.58188
train,83,61,232.0,196.01134,-35.988663
train,83,62,231.0,186.3205,-44.679504
train,83,63,230.0,183.1046,-46.8954
train,83,64,229.0,183.17294,-45.827057
train,83,65,228.0,185.8284,-42.1716
train,83,66,227.0,186.25551,-40.74449
train,83,67,226.0,181.41754,-44.58246
train,83,68,225.0,176.04619,-48.95381
train,83,69,224.0,177.09686,-46.903137
train,83,70,223.0,174.34503,-48.65497
train,83,71,222.0,169.35559,-52.64441
train,83,72,221.0,162.71533,-58.284668
train,83,73,220.0,167.74625,-52.253754
train,83,74,219.0,170.87476,-48.125244
train,83,75,218.0,154.38757,-63.612427
train,83,76,217.0,153.83067,-63.169327
train,83,77,216.0,152.96463,-63.03537
train,83,78,215.0,150.58238,-64.41762
train,83,79,214.0,156.4903,-57.509705
train,83,80,213.0,166.18674,-46.813263
train,83,81,212.0,169.33456,-42.665436
train,83,82,211.0,172.39288,-38.607117
train,83,83,210.0,176.60385,-33.39615
train,83,84,209.0,177.27295,-31.72705
train,83,85,208.0,179.90256,-28.097443
train,83,86,207.0,176.41975,-30.580246
train,83,87,206.0,182.50412,-23.49588
train,83,88,205.0,188.64331,-16.35669
train,83,89,204.0,192.58014,-11.419861
train,83,90,203.0,185.13596,-17.864044
train,83,91,202.0,188.61887,-13.381134
train,83,92,201.0,182.9707,-18.029297
train,83,93,200.0,187.46494,-12.535065
train,83,94,199.0,184.3606,-14.639404
train,83,95,198.0,178.60944,-19.390564
train,83,96,197.0,185.31836,-11.681641
train,83,97,196.0,183.5668,-12.433197
train,83,98,195.0,175.32849,-19.671509
train,83,99,194.0,180.93839,-13.061615
train,83,100,193.0,181.48154,-11.518463
train,83,101,192.0,186.50127,-5.4987335
train,83,102,191.0,178.89795,-12.102051
train,83,103,190.0,173.28018,-16.719818
train,83,104,189.0,170.26099,-18.739014
train,83,105,188.0,167.93825,-20.061752
train,83,106,187.0,175.78824,-11.211761
train,83,107,186.0,183.88739,-2.1126099
train,83,108,185.0,184.23172,-0.76828
train,83,109,184.0,173.83936,-10.160645
train,83,110,183.0,175.14565,-7.854355
train,83,111,182.0,172.42705,-9.572952
train,83,112,181.0,179.63187,-1.3681335
train,83,113,180.0,172.82312,-7.17688
train,83,114,179.0,167.81659,-11.183411
train,83,115,178.0,169.4674,-8.532593
train,83,116,177.0,171.54132,-5.458679
train,83,117,176.0,172.10498,-3.8950195
train,83,118,175.0,169.12646,-5.873535
train,83,119,174.0,165.30551,-8.694489
train,83,120,173.0,167.83612,-5.1638794
train,83,121,172.0,162.67178,-9.328217
train,83,122,171.0,162.61313,-8.386871
train,83,123,170.0,161.68294,-8.317062
train,83,124,169.0,149.33673,-19.663269
train,83,125,168.0,152.32289,-15.677109
train,83,126,167.0,156.2478,-10.752197
train,83,127,166.0,177.74637,11.746368
train,83,128,165.0,172.50113,7.501129
train,83,129,164.0,177.51035,13.510345
train,83,130,163.0,191.72626,28.726257
train,83,131,162.0,199.2186,37.218597
train,83,132,161.0,188.1051,27.105103
train,83,133,160.0,182.9863,22.986298
train,83,134,159.0,180.32152,21.321518
train,83,135,158.0,166.90988,8.909882
train,83,136,157.0,169.61305,12.613052
train,83,137,156.0,179.74268,23.742676
train,83,138,155.0,181.88045,26.880447
train,83,139,154.0,163.68416,9.684158
train,83,140,153.0,164.60675,11.6067505
train,83,141,152.0,159.92377,7.923767
train,83,142,151.0,161.62984,10.629837
train,83,143,150.0,151.686,1.6860046
train,83,144,149.0,146.86674,-2.133255
train,83,145,148.0,147.20122,-0.79878235
train,83,146,147.0,143.70221,-3.2977905
train,83,147,146.0,135.2534,-10.746597
train,83,148,145.0,121.51405,-23.485947
train,83,149,144.0,110.55897,-33.441032
train,83,150,143.0,108.52556,-34.47444
train,83,151,142.0,115.90924,-26.09076
train,83,152,141.0,114.06294,-26.937057
train,83,153,140.0,121.753174,-18.246826
train,83,154,139.0,122.58533,-16.414673
train,83,155,138.0,125.36794,-12.632057
train,83,156,137.0,126.38107,-10.618927
train,83,157,136.0,132.15242,-3.84758
train,83,158,135.0,113.78245,-21.217552
train,83,159,134.0,122.61812,-11.381882
train,83,160,133.0,118.74196,-14.258041
train,83,161,132.0,125.912155,-6.087845
train,83,162,131.0,113.42937,-17.570633
train,83,163,130.0,118.37952,-11.620483
train,83,164,129.0,118.85779,-10.142212
train,83,165,128.0,122.07756,-5.9224396
train,83,166,127.0,119.33139,-7.6686096
train,83,167,126.0,118.7276,-7.2724
train,83,168,125.0,120.827705,-4.1722946
train,83,169,124.0,123.49518,-0.5048218
train,83,170,123.0,124.71864,1.7186432
train,83,171,122.0,125.69277,3.692772
train,83,172,121.0,124.882706,3.8827057
train,83,173,120.0,129.85757,9.857574
train,83,174,119.0,106.59801,-12.401993
train,83,175,118.0,109.27278,-8.727219
train,83,176,117.0,104.38044,-12.61956
train,83,177,116.0,101.32794,-14.672058
train,83,178,115.0,102.325714,-12.674286
train,83,179,114.0,91.3657,-22.6343
train,83,180,113.0,94.0099,-18.990097
train,83,181,112.0,105.98941,-6.0105896
train,83,182,111.0,108.82414,-2.1758575
train,83,183,110.0,104.10213,-5.897873
train,83,184,109.0,90.35149,-18.648514
train,83,185,108.0,85.45906,-22.54094
train,83,186,107.0,78.746056,-28.253944
train,83,187,106.0,80.684296,-25.315704
train,83,188,105.0,80.55713,-24.442871
train,83,189,104.0,92.149925,-11.850075
train,83,190,103.0,96.34596,-6.6540375
train,83,191,102.0,99.398766,-2.6012344
train,83,192,101.0,88.76875,-12.231247
train,83,193,100.0,80.15352,-19.846481
train,83,194,99.0,75.737274,-23.262726
train,83,195,98.0,85.689285,-12.310715
train,83,196,97.0,80.17584,-16.824158
train,83,197,96.0,82.0123,-13.987701
train,83,198,95.0,87.82762,-7.1723785
train,83,199,94.0,79.67068,-14.329323
train,83,200,93.0,101.72128,8.721283
train,83,201,92.0,105.04252,13.042519
train,83,202,91.0,110.129906,19.129906
train,83,203,90.0,107.34245,17.342453
train,83,204,89.0,99.663956,10.663956
train,83,205,88.0,101.7911,13.7911
train,83,206,87.0,102.563774,15.563774
train,83,207,86.0,95.203964,9.203964
train,83,208,85.0,103.70912,18.709122
train,83,209,84.0,108.15767,24.15767
train,83,210,83.0,105.47337,22.473373
train,83,211,82.0,101.6892,19.689201
train,83,212,81.0,101.941605,20.941605
train,83,213,80.0,99.19357,19.193573
train,83,214,79.0,91.73456,12.734558
train,83,215,78.0,90.19556,12.195557
train,83,216,77.0,86.882324,9.882324
train,83,217,76.0,81.58387,5.58387
train,83,218,75.0,88.01331,13.013313
train,83,219,74.0,92.39403,18.394028
train,83,220,73.0,92.97815,19.97815
train,83,221,72.0,95.97058,23.970581
train,83,222,71.0,99.10751,28.107513
train,83,223,70.0,102.585266,32.585266
train,83,224,69.0,98.52714,29.527138
train,83,225,68.0,97.053345,29.053345
train,83,226,67.0,105.236244,38.236244
train,83,227,66.0,100.32594,34.325943
train,83,228,65.0,100.06995,35.069946
train,83,229,64.0,93.76973,29.76973
train,83,230,63.0,81.465454,18.465454
train,83,231,62.0,81.29202,19.292023
train,83,232,61.0,84.36161,23.36161
train,83,233,60.0,80.085526,20.085526
train,83,234,59.0,80.40287,21.40287
train,83,235,58.0,86.02552,28.02552
train,83,236,57.0,82.188675,25.188675
train,83,237,56.0,72.541245,16.541245
train,83,238,55.0,65.8862,10.8862
train,83,239,54.0,64.17363,10.17363
train,83,240,53.0,57.2382,4.238201
train,83,241,52.0,47.57911,-4.420891
train,83,242,51.0,40.497566,-10.502434
train,83,243,50.0,42.475266,-7.5247345
train,83,244,49.0,36.70512,-12.29488
train,83,245,48.0,37.553207,-10.446793
train,83,246,47.0,41.32446,-5.675541
train,83,247,46.0,37.043087,-8.956913
train,83,248,45.0,34.40001,-10.599991
train,83,249,44.0,38.42295,-5.5770493
train,83,250,43.0,33.510624,-9.489376
train,83,251,42.0,32.924206,-9.075794
train,83,252,41.0,32.791054,-8.208946
train,83,253,40.0,33.669327,-6.330673
train,83,254,39.0,35.790695,-3.2093048
train,83,255,38.0,44.117573,6.117573
train,83,256,37.0,50.783195,13.7831955
train,83,257,36.0,47.345993,11.345993
train,83,258,35.0,48.24362,13.243622
train,83,259,34.0,56.68376,22.683762
train,83,260,33.0,49.42643,16.42643
train,83,261,32.0,47.65377,15.65377
train,83,262,31.0,42.217163,11.217163
train,83,263,30.0,49.46441,19.464409
train,83,264,29.0,52.477818,23.477818
train,83,265,28.0,52.836205,24.836205
train,83,266,27.0,53.35851,26.35851
train,83,267,26.0,48.333675,22.333675
train,83,268,25.0,44.239445,19.239445
train,83,269,24.0,38.965393,14.965393
train,83,270,23.0,39.026318,16.026318
train,83,271,22.0,34.054607,12.054607
train,83,272,21.0,32.297695,11.297695
train,83,273,20.0,28.134457,8.134457
train,83,274,19.0,24.23654,5.23654
train,83,275,18.0,23.950584,5.9505844
train,83,276,17.0,25.578926,8.578926
train,83,277,16.0,28.581783,12.581783
train,83,278,15.0,20.105139,5.105139
train,83,279,14.0,17.994476,3.9944763
train,83,280,13.0,14.726719,1.7267189
train,83,281,12.0,12.617033,0.617033
train,83,282,11.0,7.788578,-3.211422
train,83,283,10.0,6.404112,-3.5958881
train,83,284,9.0,3.054325,-5.945675
train,83,285,8.0,0.9302176,-7.0697823
train,83,286,7.0,3.0054092,-3.9945908
train,83,287,6.0,-4.7850246,-10.785025
train,83,288,5.0,-7.005184,-12.005184
train,83,289,4.0,-7.186363,-11.186363
train,83,290,3.0,-8.186125,-11.186125
train,83,291,2.0,-8.126234,-10.126234
train,83,292,1.0,-9.481522,-10.481522
train,83,293,0.0,-11.915035,-11.915035
train,84,30,237.0,148.35786,-88.642136
train,84,31,236.0,148.27112,-87.72888
train,84,32,235.0,142.80836,-92.191635
train,84,33,234.0,141.23407,-92.76593
train,84,34,233.0,139.02135,-93.97865
train,84,35,232.0,138.16357,-93.836426
train,84,36,231.0,148.19922,-82.80078
train,84,37,230.0,148.68613,-81.31387
train,84,38,229.0,157.02498,-71.97502
train,84,39,228.0,163.59613,-64.40387
train,84,40,227.0,163.07028,-63.929718
train,84,41,226.0,160.06488,-65.93512
train,84,42,225.0,144.55513,-80.44487
train,84,43,224.0,142.36722,-81.63278
train,84,44,223.0,144.61632,-78.38368
train,84,45,222.0,144.68898,-77.31102
train,84,46,221.0,148.3631,-72.6369
train,84,47,220.0,154.2858,-65.7142
train,84,48,219.0,146.23846,-72.761536
train,84,49,218.0,131.28815,-86.71185
train,84,50,217.0,141.72011,-75.27989
train,84,51,216.0,150.72124,-65.27876
train,84,52,215.0,148.18575,-66.814255
train,84,53,214.0,142.69571,-71.30429
train,84,54,213.0,151.43939,-61.560608
train,84,55,212.0,153.18535,-58.81465
train,84,56,211.0,156.79266,-54.207336
train,84,57,210.0,157.24556,-52.75444
train,84,58,209.0,142.79802,-66.20198
train,84,59,208.0,140.26514,-67.73486
train,84,60,207.0,146.43616,-60.563843
train,84,61,206.0,136.78943,-69.21057
train,84,62,205.0,145.22076,-59.779236
train,84,63,204.0,135.12576,-68.87424
train,84,64,203.0,140.02222,-62.977783
train,84,65,202.0,135.092,-66.908005
train,84,66,201.0,144.40916,-56.590836
train,84,67,200.0,149.08574,-50.91426
train,84,68,199.0,150.75392,-48.24608
train,84,69,198.0,148.73462,-49.26538
train,84,70,197.0,148.29724,-48.70276
train,84,71,196.0,155.9548,-40.045197
train,84,72,195.0,155.46461,-39.535385
train,84,73,194.0,157.0544,-36.945602
train,84,74,193.0,146.71762,-46.28238
train,84,75,192.0,144.90395,-47.096054
train,84,76,191.0,141.90018,-49.099823
train,84,77,190.0,141.3486,-48.651398
train,84,78,189.0,141.34521,-47.654785
train,84,79,188.0,135.28792,-52.712082
train,84,80,187.0,139.16064,-47.839355
train,84,81,186.0,130.38159,-55.61841
train,84,82,185.0,136.16444,-48.835556
train,84,83,184.0,134.66464,-49.335358
train,84,84,183.0,134.81805,-48.181946
train,84,85,182.0,132.85556,-49.14444
train,84,86,181.0,141.02167,-39.978333
train,84,87,180.0,143.62607,-36.37393
train,84,88,179.0,145.76146,-33.23854
train,84,89,178.0,140.55348,-37.446518
train,84,90,177.0,144.2343,-32.7657
train,84,91,176.0,141.46542,-34.534576
train,84,92,175.0,128.04382,-46.956177
train,84,93,174.0,129.08487,-44.91513
train,84,94,173.0,136.6754,-36.3246
train,84,95,172.0,124.03501,-47.96499
train,84,96,171.0,120.70462,-50.29538
train,84,97,170.0,127.54022,-42.459778
train,84,98,169.0,111.0493,-57.9507
train,84,99,168.0,120.27822,-47.72178
train,84,100,167.0,123.65069,-43.34931
train,84,101,166.0,128.19498,-37.805023
train,84,102,165.0,127.14577,-37.854233
train,84,103,164.0,119.9911,-44.008904
train,84,104,163.0,109.22031,-53.779694
train,84,105,162.0,120.765625,-41.234375
train,84,106,161.0,122.62076,-38.379242
train,84,107,160.0,115.917885,-44.082115
train,84,108,159.0,123.811714,-35.188286
train,84,109,158.0,124.990005,-33.009995
train,84,110,157.0,137.81238,-19.187622
train,84,111,156.0,119.09755,-36.90245
train,84,112,155.0,127.31998,-27.680023
train,84,113,154.0,128.16154,-25.838455
train,84,114,153.0,123.22029,-29.779709
train,84,115,152.0,122.012474,-29.987526
train,84,116,151.0,112.12681,-38.87319
train,84,117,150.0,119.159706,-30.840294
train,84,118,149.0,120.2085,-28.791496
train,84,119,148.0,111.06944,-36.930557
train,84,120,147.0,119.473946,-27.526054
train,84,121,146.0,137.36252,-8.637482
train,84,122,145.0,137.26405,-7.7359467
train,84,123,144.0,133.43962,-10.560379
train,84,124,143.0,128.97186,-14.028137
train,84,125,142.0,131.9794,-10.020599
train,84,126,141.0,129.27954,-11.720459
train,84,127,140.0,125.007576,-14.992424
train,84,128,139.0,109.81683,-29.183167
train,84,129,138.0,114.0313,-23.968697
train,84,130,137.0,116.92243,-20.077568
train,84,131,136.0,125.5936,-10.406403
train,84,132,135.0,126.76037,-8.239632
train,84,133,134.0,126.094864,-7.905136
train,84,134,133.0,123.92991,-9.070091
train,84,135,132.0,120.1635,-11.836502
train,84,136,131.0,113.93677,-17.063232
train,84,137,130.0,111.48752,-18.512482
train,84,138,129.0,120.518684,-8.481316
train,84,139,128.0,114.56458,-13.435417
train,84,140,127.0,115.60623,-11.393768
train,84,141,126.0,104.15635,-21.84365
train,84,142,125.0,107.97923,-17.020767
train,84,143,124.0,109.12229,-14.877708
train,84,144,123.0,102.66688,-20.333122
train,84,145,122.0,104.40712,-17.59288
train,84,146,121.0,97.61238,-23.387619
train,84,147,120.0,107.74685,-12.253151
train,84,148,119.0,107.241974,-11.758026
train,84,149,118.0,103.385,-14.614998
train,84,150,117.0,110.640076,-6.3599243
train,84,151,116.0,109.44636,-6.5536423
train,84,152,115.0,111.714874,-3.2851257
train,84,153,114.0,104.96162,-9.0383835
train,84,154,113.0,106.1297,-6.8703003
train,84,155,112.0,96.49365,-15.506348
train,84,156,111.0,87.34677,-23.653229
train,84,157,110.0,82.76716,-27.232841
train,84,158,109.0,72.02098,-36.97902
train,84,159,108.0,71.44205,-36.557953
train,84,160,107.0,73.29375,-33.706253
train,84,161,106.0,75.56328,-30.436722
train,84,162,105.0,78.397835,-26.602165
train,84,163,104.0,80.48962,-23.510384
train,84,164,103.0,85.27168,-17.728317
train,84,165,102.0,80.40401,-21.595993
train,84,166,101.0,84.87392,-16.126083
train,84,167,100.0,74.803505,-25.196495
train,84,168,99.0,78.099815,-20.900185
train,84,169,98.0,81.73833,-16.261673
train,84,170,97.0,78.11312,-18.886879
train,84,171,96.0,82.286224,-13.713776
train,84,172,95.0,78.88427,-16.11573
train,84,173,94.0,83.873375,-10.126625
train,84,174,93.0,84.87411,-8.125893
train,84,175,92.0,85.934715,-6.0652847
train,84,176,91.0,83.80405,-7.1959534
train,84,177,90.0,82.57557,-7.424431
train,84,178,89.0,88.07109,-0.9289093
train,84,179,88.0,87.81137,-0.18862915
train,84,180,87.0,90.8663,3.8663025
train,84,181,86.0,86.332596,0.33259583
train,84,182,85.0,80.61098,-4.389023
train,84,183,84.0,88.500206,4.500206
train,84,184,83.0,98.86418,15.8641815
train,84,185,82.0,88.02882,6.028816
train,84,186,81.0,86.061646,5.0616455
train,84,187,80.0,83.04608,3.0460815
train,84,188,79.0,79.36577,0.36576843
train,84,189,78.0,83.36582,5.365822
train,84,190,77.0,84.13583,7.1358337
train,84,191,76.0,82.21016,6.2101593
train,84,192,75.0,88.863556,13.863556
train,84,193,74.0,86.70711,12.707108
train,84,194,73.0,83.79408,10.794083
train,84,195,72.0,76.60654,4.606537
train,84,196,71.0,72.7624,1.7623978
train,84,197,70.0,67.843765,-2.1562347
train,84,198,69.0,71.33157,2.3315735
train,84,199,68.0,74.44492,6.4449234
train,84,200,67.0,80.16577,13.1657715
train,84,201,66.0,80.967606,14.967606
train,84,202,65.0,76.48949,11.489487
train,84,203,64.0,75.62953,11.629532
train,84,204,63.0,70.01366,7.0136566
train,84,205,62.0,66.909515,4.9095154
train,84,206,61.0,63.515903,2.5159035
train,84,207,60.0,59.042656,-0.95734406
train,84,208,59.0,53.75971,-5.2402916
train,84,209,58.0,53.47782,-4.5221786
train,84,210,57.0,50.838684,-6.161316
train,84,211,56.0,44.00742,-11.99258
train,84,212,55.0,45.010876,-9.989124
train,84,213,54.0,43.945507,-10.054493
train,84,214,53.0,47.883484,-5.116516
train,84,215,52.0,48.90097,-3.0990295
train,84,216,51.0,53.618443,2.6184425
train,84,217,50.0,55.961567,5.961567
train,84,218,49.0,52.20069,3.2006912
train,84,219,48.0,47.74688,-0.25312042
train,84,220,47.0,43.94775,-3.05225
train,84,221,46.0,36.757576,-9.242424
train,84,222,45.0,38.523636,-6.476364
train,84,223,44.0,36.767128,-7.232872
train,84,224,43.0,37.00563,-5.9943695
train,84,225,42.0,38.001038,-3.9989624
train,84,226,41.0,36.810738,-4.1892624
train,84,227,40.0,39.660545,-0.33945465
train,84,228,39.0,37.64495,-1.3550491
train,84,229,38.0,37.34941,-0.650589
train,84,230,37.0,36.979736,-0.020263672
train,84,231,36.0,34.482853,-1.5171471
train,84,232,35.0,34.558548,-0.44145203
train,84,233,34.0,36.500786,2.5007858
train,84,234,33.0,36.60962,3.6096191
train,84,235,32.0,36.23919,4.239189
train,84,236,31.0,32.10507,1.1050682
train,84,237,30.0,34.81303,4.8130302
train,84,238,29.0,29.121857,0.12185669
train,84,239,28.0,27.092922,-0.9070778
train,84,240,27.0,27.34288,0.34288025
train,84,241,26.0,24.944748,-1.0552521
train,84,242,25.0,24.066013,-0.93398666
train,84,243,24.0,24.994942,0.9949417
train,84,244,23.0,23.747158,0.74715805
train,84,245,22.0,21.63444,-0.36556053
train,84,246,21.0,22.371044,1.3710442
train,84,247,20.0,18.948748,-1.0512524
train,84,248,19.0,19.43345,0.4334507
train,84,249,18.0,16.72213,-1.2778702
train,84,250,17.0,15.330454,-1.6695461
train,84,251,16.0,17.782393,1.7823925
train,84,252,15.0,18.810112,3.810112
train,84,253,14.0,17.603354,3.6033535
train,84,254,13.0,20.46901,7.4690094
train,84,255,12.0,16.453732,4.4537315
train,84,256,11.0,13.17532,2.1753197
train,84,257,10.0,14.4361725,4.4361725
train,84,258,9.0,9.423424,0.42342377
train,84,259,8.0,8.690788,0.69078827
train,84,260,7.0,5.8744087,-1.1255913
train,84,261,6.0,3.9092216,-2.0907784
train,84,262,5.0,2.86306,-2.13694
train,84,263,4.0,1.1000899,-2.89991
train,84,264,3.0,0.6734122,-2.3265877
train,84,265,2.0,1.6065825,-0.39341748
train,84,266,1.0,2.2537842,1.2537842
train,84,267,0.0,-1.1588441,-1.1588441
train,85,30,158.0,106.91008,-51.08992
train,85,31,157.0,118.65462,-38.345383
train,85,32,156.0,121.993225,-34.006775
train,85,33,155.0,130.86526,-24.134735
train,85,34,154.0,135.63783,-18.362167
train,85,35,153.0,134.57188,-18.428116
train,85,36,152.0,132.98361,-19.016388
train,85,37,151.0,132.2838,-18.716202
train,85,38,150.0,138.25069,-11.749313
train,85,39,149.0,188.43558,39.435577
train,85,40,148.0,181.26552,33.26552
train,85,41,147.0,175.70845,28.70845
train,85,42,146.0,174.99167,28.991669
train,85,43,145.0,169.33284,24.33284
train,85,44,144.0,168.03717,24.03717
train,85,45,143.0,161.41525,18.415253
train,85,46,142.0,158.10254,16.10254
train,85,47,141.0,155.96193,14.961929
train,85,48,140.0,160.8359,20.835907
train,85,49,139.0,160.84924,21.849243
train,85,50,138.0,155.32635,17.326355
train,85,51,137.0,145.60779,8.607788
train,85,52,136.0,143.43785,7.437851
train,85,53,135.0,149.203,14.203003
train,85,54,134.0,144.94275,10.942749
train,85,55,133.0,136.31248,3.3124847
train,85,56,132.0,145.8845,13.884506
train,85,57,131.0,142.99774,11.997742
train,85,58,130.0,146.1246,16.124603
train,85,59,129.0,150.8443,21.8443
train,85,60,128.0,149.98566,21.985657
train,85,61,127.0,156.0032,29.003204
train,85,62,126.0,155.87024,29.87024
train,85,63,125.0,161.36327,36.363266
train,85,64,124.0,167.79395,43.793945
train,85,65,123.0,152.8157,29.815704
train,85,66,122.0,151.49313,29.493134
train,85,67,121.0,142.37704,21.377045
train,85,68,120.0,156.74573,36.745728
train,85,69,119.0,164.97684,45.976837
train,85,70,118.0,148.9502,30.950195
train,85,71,117.0,137.33893,20.338928
train,85,72,116.0,125.00707,9.007072
train,85,73,115.0,121.3193,6.319298
train,85,74,114.0,121.50706,7.507057
train,85,75,113.0,113.86842,0.86842346
train,85,76,112.0,113.35963,1.3596268
train,85,77,111.0,106.79595,-4.204048
train,85,78,110.0,107.31331,-2.6866913
train,85,79,109.0,102.67824,-6.321762
train,85,80,108.0,102.27594,-5.72406
train,85,81,107.0,104.195564,-2.8044357
train,85,82,106.0,108.30809,2.3080902
train,85,83,105.0,117.09094,12.090942
train,85,84,104.0,97.78149,-6.2185135
train,85,85,103.0,98.28294,-4.7170563
train,85,86,102.0,99.11566,-2.8843384
train,85,87,101.0,97.911514,-3.0884857
train,85,88,100.0,99.35978,-0.64022064
train,85,89,99.0,103.93562,4.935623
train,85,90,98.0,116.06232,18.062317
train,85,91,97.0,117.91962,20.919617
train,85,92,96.0,122.75944,26.759438
train,85,93,95.0,120.74771,25.747711
train,85,94,94.0,125.47873,31.47873
train,85,95,93.0,115.02344,22.023438
train,85,96,92.0,129.16254,37.162537
train,85,97,91.0,129.11186,38.111862
train,85,98,90.0,134.89784,44.897842
train,85,99,89.0,134.3646,45.364594
train,85,100,88.0,135.10239,47.102386
train,85,101,87.0,130.48929,43.48929
train,85,102,86.0,125.721146,39.721146
train,85,103,85.0,122.956436,37.956436
train,85,104,84.0,132.96121,48.961212
train,85,105,83.0,124.9053,41.905296
train,85,106,82.0,124.37164,42.371643
train,85,107,81.0,110.79184,29.79184
train,85,108,80.0,107.11648,27.116478
train,85,109,79.0,107.90088,28.900879
train,85,110,78.0,113.47823,35.478233
train,85,111,77.0,115.42798,38.42798
train,85,112,76.0,115.339874,39.339874
train,85,113,75.0,111.77795,36.777946
train,85,114,74.0,103.40309,29.403091
train,85,115,73.0,109.06976,36.069763
train,85,116,72.0,105.82372,33.823723
train,85,117,71.0,91.14846,20.14846
train,85,118,70.0,87.789665,17.789665
train,85,119,69.0,87.13291,18.132912
train,85,120,68.0,101.41621,33.416206
train,85,121,67.0,97.596405,30.596405
train,85,122,66.0,90.46592,24.46592
train,85,123,65.0,83.42561,18.425613
train,85,124,64.0,84.55128,20.551277
train,85,125,63.0,80.37971,17.379707
train,85,126,62.0,82.663506,20.663506
train,85,127,61.0,77.12711,16.127113
train,85,128,60.0,75.608345,15.608345
train,85,129,59.0,76.18153,17.181534
train,85,130,58.0,74.13617,16.13617
train,85,131,57.0,67.95165,10.951653
train,85,132,56.0,70.0818,14.081802
train,85,133,55.0,60.70856,5.708561
train,85,134,54.0,52.960922,-1.0390778
train,85,135,53.0,53.257122,0.25712204
train,85,136,52.0,54.476776,2.4767761
train,85,137,51.0,62.09201,11.0920105
train,85,138,50.0,60.76698,10.766979
train,85,139,49.0,67.128204,18.128204
train,85,140,48.0,67.84933,19.849327
train,85,141,47.0,67.33577,20.33577
train,85,142,46.0,64.49992,18.499924
train,85,143,45.0,64.31799,19.317993
train,85,144,44.0,69.22783,25.227829
train,85,145,43.0,79.302246,36.302246
train,85,146,42.0,71.85381,29.853813
train,85,147,41.0,63.759144,22.759144
train,85,148,40.0,57.761242,17.761242
train,85,149,39.0,52.953575,13.953575
train,85,150,38.0,57.592316,19.592316
train,85,151,37.0,55.454605,18.454605
train,85,152,36.0,50.479843,14.479843
train,85,153,35.0,45.86799,10.867989
train,85,154,34.0,44.12062,10.120621
train,85,155,33.0,40.50559,7.5055885
train,85,156,32.0,49.57901,17.57901
train,85,157,31.0,48.731987,17.731987
train,85,158,30.0,49.194115,19.194115
train,85,159,29.0,47.586285,18.586285
train,85,160,28.0,43.904083,15.904083
train,85,161,27.0,44.976288,17.976288
train,85,162,26.0,41.67942,15.67942
train,85,163,25.0,36.39154,11.391541
train,85,164,24.0,34.581665,10.581665
train,85,165,23.0,33.124794,10.124794
train,85,166,22.0,32.446228,10.446228
train,85,167,21.0,32.869446,11.869446
train,85,168,20.0,27.17407,7.1740704
train,85,169,19.0,31.859053,12.859053
train,85,170,18.0,30.00849,12.00849
train,85,171,17.0,33.99935,16.999352
train,85,172,16.0,31.327427,15.327427
train,85,173,15.0,25.849113,10.849113
train,85,174,14.0,23.391068,9.3910675
train,85,175,13.0,25.125599,12.125599
train,85,176,12.0,19.661581,7.661581
train,85,177,11.0,19.567972,8.567972
train,85,178,10.0,19.023996,9.023996
train,85,179,9.0,14.262213,5.2622128
train,85,180,8.0,18.54174,10.54174
train,85,181,7.0,18.272182,11.272182
train,85,182,6.0,16.3427,10.342699
train,85,183,5.0,17.683262,12.683262
train,85,184,4.0,9.647259,5.6472588
train,85,185,3.0,4.0696487,1.0696487
train,85,186,2.0,9.582588,7.582588
train,85,187,1.0,2.3489914,1.3489914
train,85,188,0.0,-1.5669404,-1.5669404
train,86,30,248.0,127.31473,-120.68527
train,86,31,247.0,124.69477,-122.30523
train,86,32,246.0,171.86124,-74.13876
train,86,33,245.0,176.92178,-68.07822
train,86,34,244.0,189.08325,-54.916748
train,86,35,243.0,192.4609,-50.539093
train,86,36,242.0,175.88853,-66.111465
train,86,37,241.0,170.97566,-70.02434
train,86,38,240.0,187.61586,-52.38414
train,86,39,239.0,176.67276,-62.32724
train,86,40,238.0,173.582,-64.418
train,86,41,237.0,180.50641,-56.49359
train,86,42,236.0,181.51004,-54.48996
train,86,43,235.0,176.95918,-58.040817
train,86,44,234.0,177.6785,-56.321503
train,86,45,233.0,177.75037,-55.249634
train,86,46,232.0,175.54102,-56.458984
train,86,47,231.0,162.89093,-68.10907
train,86,48,230.0,157.6921,-72.30791
train,86,49,229.0,150.83994,-78.160065
train,86,50,228.0,153.14273,-74.85727
train,86,51,227.0,164.76117,-62.23883
train,86,52,226.0,162.32047,-63.679535
train,86,53,225.0,164.0405,-60.959503
train,86,54,224.0,155.99268,-68.007324
train,86,55,223.0,152.4219,-70.578094
train,86,56,222.0,142.67264,-79.32736
train,86,57,221.0,144.62598,-76.37402
train,86,58,220.0,152.84494,-67.15506
train,86,59,219.0,158.73901,-60.260986
train,86,60,218.0,154.52882,-63.471176
train,86,61,217.0,148.53694,-68.46306
train,86,62,216.0,147.53494,-68.46506
train,86,63,215.0,147.8327,-67.1673
train,86,64,214.0,158.1379,-55.862106
train,86,65,213.0,164.38739,-48.61261
train,86,66,212.0,148.94342,-63.05658
train,86,67,211.0,157.50516,-53.494843
train,86,68,210.0,160.9141,-49.085907
train,86,69,209.0,148.98956,-60.010437
train,86,70,208.0,150.97234,-57.027664
train,86,71,207.0,143.03903,-63.960968
train,86,72,206.0,137.7948,-68.2052
train,86,73,205.0,142.25179,-62.748215
train,86,74,204.0,137.70064,-66.29936
train,86,75,203.0,136.09608,-66.903915
train,86,76,202.0,139.10217,-62.897827
train,86,77,201.0,139.69243,-61.30757
train,86,78,200.0,134.76274,-65.23726
train,86,79,199.0,141.72888,-57.27112
train,86,80,198.0,132.51508,-65.484924
train,86,81,197.0,152.60693,-44.393066
train,86,82,196.0,160.62076,-35.379242
train,86,83,195.0,150.61545,-44.384552
train,86,84,194.0,151.43222,-42.56778
train,86,85,193.0,147.47809,-45.52191
train,86,86,192.0,153.17148,-38.82852
train,86,87,191.0,150.85919,-40.14081
train,86,88,190.0,146.74527,-43.25473
train,86,89,189.0,152.27565,-36.72435
train,86,90,188.0,150.72581,-37.274185
train,86,91,187.0,143.51477,-43.48523
train,86,92,186.0,140.6785,-45.321503
train,86,93,185.0,142.49763,-42.502365
train,86,94,184.0,155.38809,-28.611908
train,86,95,183.0,160.57895,-22.421051
train,86,96,182.0,154.95248,-27.047516
train,86,97,181.0,151.93983,-29.060165
train,86,98,180.0,152.15466,-27.845337
train,86,99,179.0,158.2752,-20.724792
train,86,100,178.0,161.9624,-16.037598
train,86,101,177.0,145.12326,-31.87674
train,86,102,176.0,134.98059,-41.01941
train,86,103,175.0,135.74336,-39.256638
train,86,104,174.0,126.3021,-47.6979
train,86,105,173.0,129.3143,-43.6857
train,86,106,172.0,133.66974,-38.33026
train,86,107,171.0,133.96483,-37.03517
train,86,108,170.0,132.07996,-37.920044
train,86,109,169.0,135.26584,-33.73416
train,86,110,168.0,130.10602,-37.893982
train,86,111,167.0,130.93723,-36.062775
train,86,112,166.0,120.42566,-45.57434
train,86,113,165.0,124.787506,-40.212494
train,86,114,164.0,135.08485,-28.915146
train,86,115,163.0,136.97955,-26.020447
train,86,116,162.0,138.66483,-23.335175
train,86,117,161.0,123.92383,-37.07617
train,86,118,160.0,116.48849,-43.511513
train,86,119,159.0,114.2925,-44.707497
train,86,120,158.0,113.68707,-44.312927
train,86,121,157.0,99.09161,-57.908386
train,86,122,156.0,103.26788,-52.732117
train,86,123,155.0,106.4402,-48.5598
train,86,124,154.0,119.61377,-34.38623
train,86,125,153.0,118.44948,-34.55052
train,86,126,152.0,115.76374,-36.23626
train,86,127,151.0,109.638214,-41.361786
train,86,128,150.0,118.81239,-31.187607
train,86,129,149.0,125.36726,-23.632736
train,86,130,148.0,127.03226,-20.967743
train,86,131,147.0,139.39696,-7.6030426
train,86,132,146.0,147.79538,1.7953796
train,86,133,145.0,149.81903,4.819031
train,86,134,144.0,148.30414,4.304138
train,86,135,143.0,147.17447,4.174469
train,86,136,142.0,157.29626,15.296265
train,86,137,141.0,157.90521,16.905212
train,86,138,140.0,157.91391,17.91391
train,86,139,139.0,154.43884,15.438843
train,86,140,138.0,149.54567,11.54567
train,86,141,137.0,149.71478,12.714783
train,86,142,136.0,138.97092,2.9709167
train,86,143,135.0,124.06311,-10.93689
train,86,144,134.0,120.28315,-13.71685
train,86,145,133.0,114.24254,-18.757462
train,86,146,132.0,112.218506,-19.781494
train,86,147,131.0,114.187195,-16.812805
train,86,148,130.0,107.17862,-22.82138
train,86,149,129.0,98.013245,-30.986755
train,86,150,128.0,101.217995,-26.782005
train,86,151,127.0,96.67041,-30.32959
train,86,152,126.0,107.67703,-18.322968
train,86,153,125.0,103.06768,-21.93232
train,86,154,124.0,107.63698,-16.363022
train,86,155,123.0,113.5023,-9.497704
train,86,156,122.0,110.21985,-11.780151
train,86,157,121.0,97.29904,-23.700958
train,86,158,120.0,112.780205,-7.219795
train,86,159,119.0,115.37964,-3.6203613
train,86,160,118.0,106.60171,-11.398293
train,86,161,117.0,119.10982,2.1098175
train,86,162,116.0,114.682465,-1.3175354
train,86,163,115.0,113.54491,-1.4550934
train,86,164,114.0,108.50404,-5.4959564
train,86,165,113.0,104.09982,-8.900177
train,86,166,112.0,104.09158,-7.9084167
train,86,167,111.0,103.08751,-7.912491
train,86,168,110.0,89.074554,-20.925446
train,86,169,109.0,85.176895,-23.823105
train,86,170,108.0,85.12761,-22.87239
train,86,171,107.0,89.157196,-17.842804
train,86,172,106.0,88.5537,-17.446297
train,86,173,105.0,83.559235,-21.440765
train,86,174,104.0,82.18538,-21.814621
train,86,175,103.0,74.19212,-28.807877
train,86,176,102.0,77.32551,-24.674492
train,86,177,101.0,76.74347,-24.25653
train,86,178,100.0,76.228714,-23.771286
train,86,179,99.0,74.75815,-24.241852
train,86,180,98.0,73.531296,-24.468704
train,86,181,97.0,70.000336,-26.999664
train,86,182,96.0,67.91414,-28.085861
train,86,183,95.0,64.743385,-30.256615
train,86,184,94.0,62.08711,-31.912891
train,86,185,93.0,61.669167,-31.330833
train,86,186,92.0,64.12146,-27.87854
train,86,187,91.0,60.29737,-30.70263
train,86,188,90.0,64.304695,-25.695305
train,86,189,89.0,64.26058,-24.739418
train,86,190,88.0,66.07342,-21.926582
train,86,191,87.0,71.47188,-15.528122
train,86,192,86.0,73.65632,-12.343681
train,86,193,85.0,75.80317,-9.196831
train,86,194,84.0,79.2876,-4.7124023
train,86,195,83.0,79.95369,-3.0463104
train,86,196,82.0,81.858475,-0.14152527
train,86,197,81.0,82.98074,1.9807434
train,86,198,80.0,84.300606,4.300606
train,86,199,79.0,81.56778,2.5677795
train,86,200,78.0,82.88455,4.884552
train,86,201,77.0,85.558426,8.558426
train,86,202,76.0,81.28958,5.2895813
train,86,203,75.0,75.92736,0.92736053
train,86,204,74.0,74.93639,0.93639374
train,86,205,73.0,77.00593,4.005928
train,86,206,72.0,77.11598,5.115982
train,86,207,71.0,73.31941,2.3194122
train,86,208,70.0,73.55845,3.5584488
train,86,209,69.0,76.48653,7.4865265
train,86,210,68.0,75.134674,7.134674
train,86,211,67.0,74.301735,7.301735
train,86,212,66.0,70.5308,4.5308
train,86,213,65.0,69.78913,4.789131
train,86,214,64.0,69.07108,5.071083
train,86,215,63.0,66.06087,3.0608673
train,86,216,62.0,67.27338,5.2733765
train,86,217,61.0,66.855736,5.855736
train,86,218,60.0,62.172485,2.1724854
train,86,219,59.0,61.847324,2.8473244
train,86,220,58.0,58.322647,0.3226471
train,86,221,57.0,59.212612,2.2126122
train,86,222,56.0,56.246117,0.24611664
train,86,223,55.0,57.569355,2.569355
train,86,224,54.0,58.335735,4.3357353
train,86,225,53.0,57.445446,4.445446
train,86,226,52.0,56.186638,4.186638
train,86,227,51.0,57.401264,6.401264
train,86,228,50.0,54.432365,4.4323654
train,86,229,49.0,57.398262,8.398262
train,86,230,48.0,55.556683,7.5566826
train,86,231,47.0,52.78232,5.782318
train,86,232,46.0,51.044037,5.044037
train,86,233,45.0,54.716995,9.716995
train,86,234,44.0,56.920086,12.920086
train,86,235,43.0,51.70804,8.708038
train,86,236,42.0,50.141724,8.141724
train,86,237,41.0,44.67921,3.6792107
train,86,238,40.0,46.786263,6.7862625
train,86,239,39.0,48.06394,9.063938
train,86,240,38.0,40.666836,2.6668358
train,86,241,37.0,40.436157,3.4361572
train,86,242,36.0,38.63935,2.639351
train,86,243,35.0,40.08004,5.08004
train,86,244,34.0,38.430458,4.430458
train,86,245,33.0,36.79103,3.791031
train,86,246,32.0,36.420246,4.420246
train,86,247,31.0,31.68328,0.68328094
train,86,248,30.0,28.523365,-1.476635
train,86,249,29.0,27.181717,-1.8182831
train,86,250,28.0,27.030207,-0.9697933
train,86,251,27.0,25.42936,-1.5706406
train,86,252,26.0,22.616531,-3.3834686
train,86,253,25.0,24.156593,-0.8434067
train,86,254,24.0,19.16681,-4.833191
train,86,255,23.0,21.910126,-1.0898743
train,86,256,22.0,22.83798,0.8379803
train,86,257,21.0,24.485147,3.4851475
train,86,258,20.0,28.423357,8.423357
train,86,259,19.0,27.207348,8.207348
train,86,260,18.0,24.305925,6.3059254
train,86,261,17.0,21.89065,4.89065
train,86,262,16.0,22.061436,6.0614357
train,86,263,15.0,18.101036,3.101036
train,86,264,14.0,19.358356,5.3583565
train,86,265,13.0,13.156952,0.1569519
train,86,266,12.0,11.408251,-0.5917492
train,86,267,11.0,15.767422,4.7674217
train,86,268,10.0,13.077129,3.0771294
train,86,269,9.0,12.024231,3.024231
train,86,270,8.0,13.479618,5.479618
train,86,271,7.0,13.907837,6.907837
train,86,272,6.0,10.443871,4.4438705
train,86,273,5.0,10.910103,5.910103
train,86,274,4.0,11.468708,7.468708
train,86,275,3.0,9.0448265,6.0448265
train,86,276,2.0,7.516979,5.516979
train,86,277,1.0,5.4889717,4.4889717
train,86,278,0.0,11.292122,11.292122
train,87,30,148.0,112.2878,-35.712196
train,87,31,147.0,112.18004,-34.81996
train,87,32,146.0,117.53724,-28.46276
train,87,33,145.0,128.67552,-16.324478
train,87,34,144.0,126.752106,-17.247894
train,87,35,143.0,130.7148,-12.285202
train,87,36,142.0,138.75409,-3.2459106
train,87,37,141.0,146.0821,5.0821075
train,87,38,140.0,143.92377,3.923767
train,87,39,139.0,143.32196,4.3219604
train,87,40,138.0,145.28812,7.2881165
train,87,41,137.0,153.5652,16.5652
train,87,42,136.0,162.6858,26.685806
train,87,43,135.0,143.91458,8.914581
train,87,44,134.0,146.43808,12.43808
train,87,45,133.0,149.42566,16.42566
train,87,46,132.0,147.71063,15.710632
train,87,47,131.0,150.09796,19.097961
train,87,48,130.0,147.5491,17.549103
train,87,49,129.0,140.47458,11.474579
train,87,50,128.0,127.63472,-0.36528015
train,87,51,127.0,123.276474,-3.723526
train,87,52,126.0,114.1848,-11.815201
train,87,53,125.0,121.09651,-3.9034882
train,87,54,124.0,108.92465,-15.075348
train,87,55,123.0,109.544624,-13.455376
train,87,56,122.0,111.03377,-10.966232
train,87,57,121.0,99.32611,-21.67389
train,87,58,120.0,98.35968,-21.64032
train,87,59,119.0,99.63549,-19.36451
train,87,60,118.0,98.61388,-19.386124
train,87,61,117.0,89.40741,-27.59259
train,87,62,116.0,88.09868,-27.901321
train,87,63,115.0,89.52312,-25.476883
train,87,64,114.0,85.800964,-28.199036
train,87,65,113.0,82.59892,-30.401077
train,87,66,112.0,83.02125,-28.978752
train,87,67,111.0,82.03574,-28.964256
train,87,68,110.0,84.704735,-25.295265
train,87,69,109.0,89.66211,-19.33789
train,87,70,108.0,100.46422,-7.535782
train,87,71,107.0,100.291916,-6.708084
train,87,72,106.0,101.73062,-4.2693787
train,87,73,105.0,91.22522,-13.77478
train,87,74,104.0,100.45417,-3.5458298
train,87,75,103.0,104.92473,1.9247284
train,87,76,102.0,106.50594,4.5059433
train,87,77,101.0,108.19517,7.1951675
train,87,78,100.0,112.194565,12.194565
train,87,79,99.0,104.82669,5.8266907
train,87,80,98.0,104.51225,6.512253
train,87,81,97.0,106.75037,9.750366
train,87,82,96.0,113.7985,17.7985
train,87,83,95.0,113.013695,18.013695
train,87,84,94.0,120.301895,26.301895
train,87,85,93.0,113.63776,20.637756
train,87,86,92.0,117.7106,25.710602
train,87,87,91.0,114.88435,23.884354
train,87,88,90.0,106.89538,16.895378
train,87,89,89.0,102.3931,13.393097
train,87,90,88.0,104.03413,16.034126
train,87,91,87.0,103.06669,16.066689
train,87,92,86.0,109.037506,23.037506
train,87,93,85.0,111.16251,26.162514
train,87,94,84.0,92.21756,8.21756
train,87,95,83.0,91.63059,8.630592
train,87,96,82.0,89.06222,7.0622177
train,87,97,81.0,86.5168,5.5168
train,87,98,80.0,91.07702,11.077019
train,87,99,79.0,103.64093,24.64093
train,87,100,78.0,110.48379,32.483788
train,87,101,77.0,105.57152,28.571518
train,87,102,76.0,109.368805,33.368805
train,87,103,75.0,107.42113,32.421127
train,87,104,74.0,108.01315,34.013153
train,87,105,73.0,120.810646,47.810646
train,87,106,72.0,119.223404,47.223404
train,87,107,71.0,118.249374,47.249374
train,87,108,70.0,115.27341,45.273407
train,87,109,69.0,103.58235,34.58235
train,87,110,68.0,98.42488,30.424881
train,87,111,67.0,89.93367,22.93367
train,87,112,66.0,88.1858,22.185799
train,87,113,65.0,75.20198,10.201981
train,87,114,64.0,78.61603,14.616028
train,87,115,63.0,71.38098,8.380981
train,87,116,62.0,74.59425,12.594254
train,87,117,61.0,73.824165,12.824165
train,87,118,60.0,73.86203,13.86203
train,87,119,59.0,70.9845,11.984497
train,87,120,58.0,71.90971,13.909714
train,87,121,57.0,71.2602,14.2602005
train,87,122,56.0,67.832016,11.832016
train,87,123,55.0,72.694374,17.694374
train,87,124,54.0,70.5733,16.573303
train,87,125,53.0,72.65694,19.656937
train,87,126,52.0,76.72915,24.729149
train,87,127,51.0,75.19524,24.195236
train,87,128,50.0,74.6315,24.6315
train,87,129,49.0,70.24105,21.24105
train,87,130,48.0,70.3345,22.334503
train,87,131,47.0,68.62958,21.629578
train,87,132,46.0,72.09918,26.099182
train,87,133,45.0,66.00459,21.004593
train,87,134,44.0,64.48277,20.482773
train,87,135,43.0,63.18428,20.18428
train,87,136,42.0,61.322647,19.322647
train,87,137,41.0,61.721546,20.721546
train,87,138,40.0,64.48158,24.481583
train,87,139,39.0,62.42273,23.42273
train,87,140,38.0,68.875824,30.875824
train,87,141,37.0,66.79873,29.798729
train,87,142,36.0,69.49105,33.49105
train,87,143,35.0,66.50752,31.507523
train,87,144,34.0,61.925323,27.925323
train,87,145,33.0,62.767197,29.767197
train,87,146,32.0,56.063866,24.063866
train,87,147,31.0,52.612587,21.612587
train,87,148,30.0,50.669334,20.669334
train,87,149,29.0,45.598644,16.598644
train,87,150,28.0,41.129993,13.129993
train,87,151,27.0,44.626884,17.626884
train,87,152,26.0,42.98586,16.985859
train,87,153,25.0,44.73776,19.737759
train,87,154,24.0,45.05281,21.05281
train,87,155,23.0,42.404106,19.404106
train,87,156,22.0,44.413113,22.413113
train,87,157,21.0,46.759087,25.759087
train,87,158,20.0,43.199608,23.199608
train,87,159,19.0,33.529606,14.529606
train,87,160,18.0,32.375526,14.375526
train,87,161,17.0,32.135418,15.135418
train,87,162,16.0,27.420813,11.420813
train,87,163,15.0,21.356102,6.356102
train,87,164,14.0,13.731625,-0.2683754
train,87,165,13.0,15.117794,2.117794
train,87,166,12.0,14.445337,2.4453373
train,87,167,11.0,13.52058,2.5205803
train,87,168,10.0,13.690407,3.6904068
train,87,169,9.0,17.195082,8.195082
train,87,170,8.0,17.64058,9.640579
train,87,171,7.0,15.806433,8.806433
train,87,172,6.0,12.820969,6.8209686
train,87,173,5.0,18.082699,13.082699
train,87,174,4.0,15.319492,11.319492
train,87,175,3.0,12.593983,9.593983
train,87,176,2.0,7.565277,5.565277
train,87,177,1.0,-1.3930398,-2.3930397
train,87,178,0.0,-0.36169446,-0.36169446
train,88,30,183.0,115.82358,-67.17642
train,88,31,182.0,164.5173,-17.482697
train,88,32,181.0,172.70874,-8.29126
train,88,33,180.0,160.22546,-19.774536
train,88,34,179.0,161.35646,-17.64354
train,88,35,178.0,169.86093,-8.139069
train,88,36,177.0,160.37363,-16.626373
train,88,37,176.0,167.34232,-8.657684
train,88,38,175.0,178.49777,3.4977722
train,88,39,174.0,181.3784,7.3784027
train,88,40,173.0,176.95956,3.9595642
train,88,41,172.0,176.94086,4.940857
train,88,42,171.0,170.45984,-0.54016113
train,88,43,170.0,168.93472,-1.0652771
train,88,44,169.0,164.98239,-4.0176086
train,88,45,168.0,147.71451,-20.285492
train,88,46,167.0,144.03682,-22.96318
train,88,47,166.0,138.35117,-27.648834
train,88,48,165.0,98.8457,-66.1543
train,88,49,164.0,96.875084,-67.124916
train,88,50,163.0,95.65077,-67.34923
train,88,51,162.0,93.30022,-68.69978
train,88,52,161.0,90.738846,-70.261154
train,88,53,160.0,98.64321,-61.35679
train,88,54,159.0,106.02063,-52.97937
train,88,55,158.0,99.58906,-58.410942
train,88,56,157.0,102.1113,-54.888702
train,88,57,156.0,99.07715,-56.92285
train,88,58,155.0,98.20892,-56.791077
train,88,59,154.0,100.30144,-53.698563
train,88,60,153.0,94.75104,-58.248962
train,88,61,152.0,107.202156,-44.797844
train,88,62,151.0,103.911934,-47.088066
train,88,63,150.0,102.12483,-47.875168
train,88,64,149.0,107.57805,-41.42195
train,88,65,148.0,114.01589,-33.984108
train,88,66,147.0,110.992004,-36.007996
train,88,67,146.0,102.4223,-43.577698
train,88,68,145.0,97.429886,-47.570114
train,88,69,144.0,100.17692,-43.823082
train,88,70,143.0,91.168304,-51.831696
train,88,71,142.0,90.39578,-51.604218
train,88,72,141.0,87.61633,-53.383667
train,88,73,140.0,96.14932,-43.850677
train,88,74,139.0,97.46559,-41.53441
train,88,75,138.0,104.859856,-33.140144
train,88,76,137.0,95.68702,-41.31298
train,88,77,136.0,98.05168,-37.94832
train,88,78,135.0,136.43797,1.437973
train,88,79,134.0,138.8208,4.820801
train,88,80,133.0,139.47073,6.4707336
train,88,81,132.0,140.3812,8.381195
train,88,82,131.0,140.17233,9.172333
train,88,83,130.0,137.04773,7.0477295
train,88,84,129.0,143.10864,14.108643
train,88,85,128.0,144.50443,16.504425
train,88,86,127.0,146.18384,19.183838
train,88,87,126.0,138.75027,12.750275
train,88,88,125.0,132.87106,7.871063
train,88,89,124.0,137.11635,13.116348
train,88,90,123.0,132.59766,9.597656
train,88,91,122.0,131.9594,9.959396
train,88,92,121.0,140.35843,19.358429
train,88,93,120.0,144.20984,24.209839
train,88,94,119.0,141.8175,22.817505
train,88,95,118.0,140.65594,22.655945
train,88,96,117.0,135.13245,18.132446
train,88,97,116.0,128.24,12.2400055
train,88,98,115.0,111.76505,-3.2349472
train,88,99,114.0,118.69523,4.6952286
train,88,100,113.0,113.84956,0.8495636
train,88,101,112.0,111.54811,-0.45188904
train,88,102,111.0,104.23077,-6.7692337
train,88,103,110.0,103.430244,-6.5697556
train,88,104,109.0,98.66858,-10.331421
train,88,105,108.0,96.58739,-11.412613
train,88,106,107.0,88.384026,-18.615974
train,88,107,106.0,91.50983,-14.490173
train,88,108,105.0,86.38795,-18.612053
train,88,109,104.0,84.897766,-19.102234
train,88,110,103.0,85.070854,-17.929146
train,88,111,102.0,83.27788,-18.722122
train,88,112,101.0,78.09656,-22.903442
train,88,113,100.0,79.483864,-20.516136
train,88,114,99.0,79.34052,-19.659477
train,88,115,98.0,82.157394,-15.842606
train,88,116,97.0,82.37033,-14.629669
train,88,117,96.0,78.03564,-17.964363
train,88,118,95.0,79.29123,-15.708771
train,88,119,94.0,83.20266,-10.79734
train,88,120,93.0,82.590225,-10.409775
train,88,121,92.0,82.4548,-9.545197
train,88,122,91.0,78.56572,-12.43428
train,88,123,90.0,70.94343,-19.056572
train,88,124,89.0,68.21736,-20.782639
train,88,125,88.0,68.276375,-19.723625
train,88,126,87.0,71.82172,-15.178284
train,88,127,86.0,74.54479,-11.455208
train,88,128,85.0,69.10306,-15.896942
train,88,129,84.0,64.63551,-19.364487
train,88,130,83.0,63.89693,-19.10307
train,88,131,82.0,63.87174,-18.128262
train,88,132,81.0,74.33024,-6.6697617
train,88,133,80.0,76.25312,-3.7468796
train,88,134,79.0,75.40589,-3.5941086
train,88,135,78.0,68.90857,-9.091431
train,88,136,77.0,70.9832,-6.0168
train,88,137,76.0,66.141464,-9.858536
train,88,138,75.0,62.640617,-12.359383
train,88,139,74.0,65.35278,-8.647217
train,88,140,73.0,59.036194,-13.963806
train,88,141,72.0,63.183945,-8.816055
train,88,142,71.0,56.54869,-14.451309
train,88,143,70.0,59.137115,-10.8628845
train,88,144,69.0,60.437447,-8.562553
train,88,145,68.0,62.08955,-5.91045
train,88,146,67.0,58.097015,-8.902985
train,88,147,66.0,54.071953,-11.928047
train,88,148,65.0,59.08818,-5.9118195
train,88,149,64.0,56.201385,-7.7986145
train,88,150,63.0,58.13772,-4.862282
train,88,151,62.0,56.559826,-5.440174
train,88,152,61.0,57.70009,-3.2999115
train,88,153,60.0,55.74505,-4.2549515
train,88,154,59.0,55.337387,-3.662613
train,88,155,58.0,53.455177,-4.5448227
train,88,156,57.0,55.75561,-1.2443886
train,88,157,56.0,56.067413,0.06741333
train,88,158,55.0,53.308376,-1.6916237
train,88,159,54.0,54.041695,0.04169464
train,88,160,53.0,53.242764,0.24276352
train,88,161,52.0,52.148514,0.1485138
train,88,162,51.0,55.629192,4.6291924
train,88,163,50.0,57.206276,7.206276
train,88,164,49.0,60.362007,11.362007
train,88,165,48.0,57.34344,9.343441
train,88,166,47.0,54.11841,7.118408
train,88,167,46.0,51.829403,5.829403
train,88,168,45.0,51.49611,6.496109
train,88,169,44.0,52.36013,8.36013
train,88,170,43.0,50.87184,7.8718414
train,88,171,42.0,50.13085,8.130852
train,88,172,41.0,50.59989,9.599892
train,88,173,40.0,47.136917,7.136917
train,88,174,39.0,46.154007,7.154007
train,88,175,38.0,46.991127,8.991127
train,88,176,37.0,46.652206,9.652206
train,88,177,36.0,45.66065,9.660648
train,88,178,35.0,44.965706,9.965706
train,88,179,34.0,43.01392,9.01392
train,88,180,33.0,42.428886,9.428886
train,88,181,32.0,39.03042,7.0304184
train,88,182,31.0,37.516426,6.516426
train,88,183,30.0,33.586258,3.586258
train,88,184,29.0,36.3052,7.3051987
train,88,185,28.0,35.535263,7.535263
train,88,186,27.0,34.502655,7.502655
train,88,187,26.0,33.33648,7.336479
train,88,188,25.0,28.799015,3.799015
train,88,189,24.0,28.429531,4.429531
train,88,190,23.0,23.601662,0.6016617
train,88,191,22.0,23.821543,1.8215427
train,88,192,21.0,22.872454,1.8724537
train,88,193,20.0,24.742792,4.742792
train,88,194,19.0,21.884407,2.884407
train,88,195,18.0,17.488693,-0.51130676
train,88,196,17.0,19.176079,2.1760788
train,88,197,16.0,21.186445,5.186445
train,88,198,15.0,21.219948,6.219948
train,88,199,14.0,19.509464,5.5094643
train,88,200,13.0,20.557163,7.5571632
train,88,201,12.0,15.394078,3.3940783
train,88,202,11.0,14.789822,3.7898216
train,88,203,10.0,13.269451,3.2694511
train,88,204,9.0,15.697019,6.6970186
train,88,205,8.0,15.187325,7.1873245
train,88,206,7.0,13.975182,6.9751816
train,88,207,6.0,13.555904,7.5559044
train,88,208,5.0,7.977913,2.977913
train,88,209,4.0,9.695943,5.695943
train,88,210,3.0,6.6348877,3.6348877
train,88,211,2.0,3.326725,1.326725
train,88,212,1.0,2.5242348,1.5242348
train,88,213,0.0,0.91693103,0.91693103
train,89,30,187.0,153.26732,-33.73268
train,89,31,186.0,158.2662,-27.733795
train,89,32,185.0,189.92899,4.9289856
train,89,33,184.0,194.03752,10.037521
train,89,34,183.0,236.78696,53.786957
train,89,35,182.0,233.30974,51.30974
train,89,36,181.0,219.23395,38.233948
train,89,37,180.0,205.79291,25.792908
train,89,38,179.0,208.21552,29.215515
train,89,39,178.0,201.00758,23.007584
train,89,40,177.0,202.90347,25.903473
train,89,41,176.0,208.2112,32.211197
train,89,42,175.0,201.33548,26.33548
train,89,43,174.0,197.97067,23.970673
train,89,44,173.0,198.44525,25.445251
train,89,45,172.0,207.52423,35.52423
train,89,46,171.0,211.98607,40.98607
train,89,47,170.0,223.33868,53.338684
train,89,48,169.0,226.03894,57.03894
train,89,49,168.0,221.92117,53.921173
train,89,50,167.0,218.40384,51.40384
train,89,51,166.0,219.24185,53.24185
train,89,52,165.0,234.23642,69.23642
train,89,53,164.0,233.76556,69.765564
train,89,54,163.0,215.42972,52.429718
train,89,55,162.0,213.76074,51.760742
train,89,56,161.0,229.36226,68.36226
train,89,57,160.0,219.1297,59.1297
train,89,58,159.0,223.89093,64.89093
train,89,59,158.0,218.0177,60.0177
train,89,60,157.0,222.7118,65.71181
train,89,61,156.0,212.6491,56.649094
train,89,62,155.0,223.11563,68.11563
train,89,63,154.0,215.67284,61.672836
train,89,64,153.0,224.3988,71.3988
train,89,65,152.0,224.616,72.616
train,89,66,151.0,213.0785,62.078506
train,89,67,150.0,200.37083,50.370834
train,89,68,149.0,191.48102,42.481018
train,89,69,148.0,185.29344,37.29344
train,89,70,147.0,184.91988,37.919876
train,89,71,146.0,187.77884,41.77884
train,89,72,145.0,176.91824,31.918243
train,89,73,144.0,187.45132,43.451324
train,89,74,143.0,175.62112,32.621124
train,89,75,142.0,151.11378,9.113785
train,89,76,141.0,146.75262,5.7526245
train,89,77,140.0,148.53206,8.532059
train,89,78,139.0,152.46486,13.464859
train,89,79,138.0,159.86394,21.863937
train,89,80,137.0,132.10533,-4.8946686
train,89,81,136.0,135.58832,-0.41168213
train,89,82,135.0,144.54489,9.544891
train,89,83,134.0,135.2591,1.2590942
train,89,84,133.0,123.891884,-9.108116
train,89,85,132.0,122.78879,-9.211212
train,89,86,131.0,117.607086,-13.392914
train,89,87,130.0,112.467514,-17.532486
train,89,88,129.0,112.02901,-16.970993
train,89,89,128.0,117.91081,-10.089188
train,89,90,127.0,110.29884,-16.701157
train,89,91,126.0,105.352165,-20.647835
train,89,92,125.0,107.41711,-17.582893
train,89,93,124.0,104.06779,-19.932213
train,89,94,123.0,105.09116,-17.908836
train,89,95,122.0,103.4754,-18.524597
train,89,96,121.0,104.356544,-16.643456
train,89,97,120.0,101.1776,-18.822403
train,89,98,119.0,103.422,-15.578003
train,89,99,118.0,101.68365,-16.316353
train,89,100,117.0,99.2298,-17.770203
train,89,101,116.0,100.83539,-15.164612
train,89,102,115.0,107.41836,-7.581642
train,89,103,114.0,110.73399,-3.2660065
train,89,104,113.0,111.8649,-1.1351013
train,89,105,112.0,124.57106,12.57106
train,89,106,111.0,120.91679,9.916786
train,89,107,110.0,125.324265,15.324265
train,89,108,109.0,137.50587,28.505875
train,89,109,108.0,141.02322,33.023224
train,89,110,107.0,157.3566,50.356598
train,89,111,106.0,161.6933,55.6933
train,89,112,105.0,155.36658,50.366577
train,89,113,104.0,142.50876,38.50876
train,89,114,103.0,149.2302,46.230194
train,89,115,102.0,149.04523,47.045227
train,89,116,101.0,134.65955,33.659546
train,89,117,100.0,133.1917,33.191696
train,89,118,99.0,119.802246,20.802246
train,89,119,98.0,120.089554,22.089554
train,89,120,97.0,114.81154,17.811539
train,89,121,96.0,129.45871,33.45871
train,89,122,95.0,122.316345,27.316345
train,89,123,94.0,114.729774,20.729774
train,89,124,93.0,114.16859,21.168587
train,89,125,92.0,114.37755,22.377548
train,89,126,91.0,107.296326,16.296326
train,89,127,90.0,116.80548,26.805481
train,89,128,89.0,114.06273,25.062729
train,89,129,88.0,111.11357,23.113571
train,89,130,87.0,99.95341,12.953407
train,89,131,86.0,97.847855,11.847855
train,89,132,85.0,103.29084,18.29084
train,89,133,84.0,100.64541,16.645409
train,89,134,83.0,100.88328,17.883278
train,89,135,82.0,97.510895,15.510895
train,89,136,81.0,89.4725,8.472504
train,89,137,80.0,92.52405,12.524048
train,89,138,79.0,98.87386,19.873863
train,89,139,78.0,94.586914,16.586914
train,89,140,77.0,95.85174,18.851738
train,89,141,76.0,94.82909,18.829086
train,89,142,75.0,86.44949,11.449493
train,89,143,74.0,86.85821,12.858208
train,89,144,73.0,86.11761,13.117607
train,89,145,72.0,93.80187,21.801872
train,89,146,71.0,94.07443,23.074432
train,89,147,70.0,91.03531,21.035309
train,89,148,69.0,87.00882,18.00882
train,89,149,68.0,83.7422,15.742203
train,89,150,67.0,89.477066,22.477066
train,89,151,66.0,82.02858,16.02858
train,89,152,65.0,76.79939,11.799393
train,89,153,64.0,70.06675,6.0667496
train,89,154,63.0,57.078934,-5.9210663
train,89,155,62.0,53.71102,-8.288979
train,89,156,61.0,52.339516,-8.660484
train,89,157,60.0,58.302032,-1.6979675
train,89,158,59.0,64.982864,5.9828644
train,89,159,58.0,62.650764,4.6507645
train,89,160,57.0,60.963554,3.9635544
train,89,161,56.0,59.832245,3.8322449
train,89,162,55.0,54.856323,-0.14367676
train,89,163,54.0,58.500904,4.500904
train,89,164,53.0,54.80757,1.8075714
train,89,165,52.0,55.20774,3.2077408
train,89,166,51.0,48.452255,-2.5477448
train,89,167,50.0,52.43412,2.4341202
train,89,168,49.0,53.842323,4.8423233
train,89,169,48.0,47.001884,-0.99811554
train,89,170,47.0,49.65415,2.654148
train,89,171,46.0,47.18962,1.189621
train,89,172,45.0,45.005688,0.0056877136
train,89,173,44.0,41.822414,-2.1775856
train,89,174,43.0,41.696007,-1.3039932
train,89,175,42.0,42.94187,0.94187164
train,89,176,41.0,49.61306,8.61306
train,89,177,40.0,49.997566,9.997566
train,89,178,39.0,49.157356,10.157356
train,89,179,38.0,44.478622,6.4786224
train,89,180,37.0,45.975136,8.975136
train,89,181,36.0,44.358524,8.358524
train,89,182,35.0,45.41649,10.416489
train,89,183,34.0,41.454807,7.4548073
train,89,184,33.0,39.85519,6.8551903
train,89,185,32.0,34.633163,2.6331635
train,89,186,31.0,34.391556,3.3915558
train,89,187,30.0,32.065754,2.065754
train,89,188,29.0,36.75605,7.75605
train,89,189,28.0,31.49763,3.4976292
train,89,190,27.0,32.155403,5.155403
train,89,191,26.0,28.218616,2.2186165
train,89,192,25.0,24.833252,-0.16674805
train,89,193,24.0,30.096745,6.0967445
train,89,194,23.0,31.481628,8.481628
train,89,195,22.0,29.414864,7.4148636
train,89,196,21.0,29.950993,8.950993
train,89,197,20.0,25.272888,5.272888
train,89,198,19.0,22.891754,3.8917542
train,89,199,18.0,21.625801,3.625801
train,89,200,17.0,17.249115,0.24911499
train,89,201,16.0,19.597885,3.5978851
train,89,202,15.0,14.265682,-0.7343178
train,89,203,14.0,7.291292,-6.708708
train,89,204,13.0,5.523754,-7.476246
train,89,205,12.0,3.1234112,-8.876589
train,89,206,11.0,2.1641998,-8.8358
train,89,207,10.0,-1.5203897,-11.52039
train,89,208,9.0,1.2620028,-7.737997
train,89,209,8.0,-0.15237439,-8.152374
train,89,210,7.0,-1.4936773,-8.493677
train,89,211,6.0,-1.8578092,-7.857809
train,89,212,5.0,-0.021963239,-5.021963
train,89,213,4.0,-7.563904,-11.563904
train,89,214,3.0,-10.454004,-13.454004
train,89,215,2.0,-12.419674,-14.419674
train,89,216,1.0,-11.7556,-12.7556
train,89,217,0.0,-17.980291,-17.980291
train,90,30,124.0,157.12946,33.129456
train,90,31,123.0,161.0654,38.0654
train,90,32,122.0,162.1602,40.160202
train,90,33,121.0,163.4884,42.488403
train,90,34,120.0,162.8083,42.808304
train,90,35,119.0,166.12921,47.12921
train,90,36,118.0,163.10225,45.10225
train,90,37,117.0,153.89053,36.890533
train,90,38,116.0,146.69597,30.695969
train,90,39,115.0,149.73883,34.73883
train,90,40,114.0,150.73636,36.73636
train,90,41,113.0,147.16336,34.16336
train,90,42,112.0,147.54575,35.545746
train,90,43,111.0,159.08115,48.081146
train,90,44,110.0,161.81168,51.811676
train,90,45,109.0,161.91077,52.910767
train,90,46,108.0,165.09258,57.092575
train,90,47,107.0,161.50867,54.508667
train,90,48,106.0,160.95778,54.95778
train,90,49,105.0,157.73032,52.730316
train,90,50,104.0,163.59856,59.598557
train,90,51,103.0,164.04996,61.049957
train,90,52,102.0,168.63612,66.63612
train,90,53,101.0,170.71307,69.71307
train,90,54,100.0,172.23721,72.23721
train,90,55,99.0,200.185,101.185
train,90,56,98.0,198.31256,100.31256
train,90,57,97.0,185.25041,88.25041
train,90,58,96.0,185.30528,89.30528
train,90,59,95.0,171.41547,76.41547
train,90,60,94.0,152.48921,58.489212
train,90,61,93.0,154.58221,61.582214
train,90,62,92.0,150.23218,58.232178
train,90,63,91.0,154.92648,63.926483
train,90,64,90.0,142.4698,52.469803
train,90,65,89.0,153.34343,64.34343
train,90,66,88.0,146.90906,58.909058
train,90,67,87.0,149.21918,62.219177
train,90,68,86.0,152.98102,66.98102
train,90,69,85.0,152.64847,67.64847
train,90,70,84.0,149.67166,65.67166
train,90,71,83.0,143.21957,60.219574
train,90,72,82.0,140.6496,58.649597
train,90,73,81.0,140.58484,59.58484
train,90,74,80.0,136.10573,56.10573
train,90,75,79.0,132.0418,53.041794
train,90,76,78.0,138.40204,60.40204
train,90,77,77.0,133.75229,56.75229
train,90,78,76.0,127.61847,51.61847
train,90,79,75.0,130.41812,55.41812
train,90,80,74.0,125.42157,51.42157
train,90,81,73.0,129.60458,56.604584
train,90,82,72.0,124.83728,52.83728
train,90,83,71.0,121.46083,50.46083
train,90,84,70.0,120.20616,50.20616
train,90,85,69.0,125.09297,56.09297
train,90,86,68.0,89.94591,21.945908
train,90,87,67.0,85.02745,18.02745
train,90,88,66.0,79.851295,13.851295
train,90,89,65.0,83.29643,18.296432
train,90,90,64.0,95.36107,31.361069
train,90,91,63.0,96.35634,33.35634
train,90,92,62.0,93.69446,31.694458
train,90,93,61.0,89.92801,28.928009
train,90,94,60.0,84.14659,24.146591
train,90,95,59.0,85.85069,26.850693
train,90,96,58.0,67.098274,9.098274
train,90,97,57.0,71.63721,14.637207
train,90,98,56.0,69.900185,13.900185
train,90,99,55.0,82.470245,27.470245
train,90,100,54.0,92.572495,38.572495
train,90,101,53.0,83.16778,30.167778
train,90,102,52.0,78.58972,26.589722
train,90,103,51.0,69.601944,18.601944
train,90,104,50.0,76.09151,26.091507
train,90,105,49.0,74.53697,25.536972
train,90,106,48.0,62.620247,14.620247
train,90,107,47.0,66.05446,19.054459
train,90,108,46.0,68.29263,22.292633
train,90,109,45.0,66.77816,21.77816
train,90,110,44.0,59.691853,15.691853
train,90,111,43.0,59.569897,16.569897
train,90,112,42.0,55.026314,13.026314
train,90,113,41.0,56.33139,15.33139
train,90,114,40.0,47.926125,7.9261246
train,90,115,39.0,40.11349,1.113491
train,90,116,38.0,65.647606,27.647606
train,90,117,37.0,61.879215,24.879215
train,90,118,36.0,60.060295,24.060295
train,90,119,35.0,56.91682,21.91682
train,90,120,34.0,59.74431,25.744308
train,90,121,33.0,61.951996,28.951996
train,90,122,32.0,55.80976,23.809761
train,90,123,31.0,61.583023,30.583023
train,90,124,30.0,59.204117,29.204117
train,90,125,29.0,49.672527,20.672527
train,90,126,28.0,43.838753,15.838753
train,90,127,27.0,47.18139,20.181389
train,90,128,26.0,43.030693,17.030693
train,90,129,25.0,41.530025,16.530025
train,90,130,24.0,32.05645,8.05645
train,90,131,23.0,28.3284,5.3283997
train,90,132,22.0,19.783974,-2.2160263
train,90,133,21.0,16.396042,-4.603958
train,90,134,20.0,9.583733,-10.416267
train,90,135,19.0,6.7756977,-12.224302
train,90,136,18.0,0.8047751,-17.195225
train,90,137,17.0,0.76893413,-16.231066
train,90,138,16.0,1.3240012,-14.675999
train,90,139,15.0,-4.1286793,-19.12868
train,90,140,14.0,-0.15511334,-14.155113
train,90,141,13.0,-5.4443054,-18.444305
train,90,142,12.0,-17.135303,-29.135303
train,90,143,11.0,-8.309883,-19.309883
train,90,144,10.0,-11.945913,-21.945913
train,90,145,9.0,-10.367722,-19.367722
train,90,146,8.0,-9.806984,-17.806984
train,90,147,7.0,-11.142866,-18.142866
train,90,148,6.0,-4.1583557,-10.158356
train,90,149,5.0,-5.775242,-10.775242
train,90,150,4.0,-7.725479,-11.725479
train,90,151,3.0,-5.004301,-8.004301
train,90,152,2.0,-12.959785,-14.959785
train,90,153,1.0,-16.56108,-17.56108
train,90,154,0.0,-25.60207,-25.60207
train,91,30,105.0,113.316376,8.316376
train,91,31,104.0,120.73389,16.733887
train,91,32,103.0,112.624115,9.624115
train,91,33,102.0,106.96425,4.9642487
train,91,34,101.0,111.34758,10.34758
train,91,35,100.0,110.10449,10.104492
train,91,36,99.0,113.58212,14.582123
train,91,37,98.0,111.21444,13.214439
train,91,38,97.0,112.45114,15.451141
train,91,39,96.0,108.22533,12.225327
train,91,40,95.0,110.775116,15.775116
train,91,41,94.0,107.405525,13.405525
train,91,42,93.0,101.95557,8.955566
train,91,43,92.0,103.156044,11.156044
train,91,44,91.0,106.80237,15.802368
train,91,45,90.0,104.33057,14.330566
train,91,46,89.0,103.613266,14.613266
train,91,47,88.0,99.21739,11.217392
train,91,48,87.0,106.08464,19.08464
train,91,49,86.0,108.2422,22.242203
train,91,50,85.0,106.684364,21.684364
train,91,51,84.0,109.17093,25.170929
train,91,52,83.0,108.10764,25.107643
train,91,53,82.0,103.14162,21.141617
train,91,54,81.0,93.74479,12.744789
train,91,55,80.0,89.60188,9.601883
train,91,56,79.0,84.231674,5.231674
train,91,57,78.0,83.5934,5.593399
train,91,58,77.0,90.692444,13.692444
train,91,59,76.0,83.346146,7.3461456
train,91,60,75.0,88.70328,13.703278
train,91,61,74.0,91.54669,17.546692
train,91,62,73.0,98.5742,25.574203
train,91,63,72.0,98.02733,26.027328
train,91,64,71.0,96.01154,25.011543
train,91,65,70.0,91.23326,21.233261
train,91,66,69.0,92.718414,23.718414
train,91,67,68.0,86.676674,18.676674
train,91,68,67.0,90.628494,23.628494
train,91,69,66.0,89.68303,23.68303
train,91,70,65.0,85.86296,20.86296
train,91,71,64.0,87.08987,23.089867
train,91,72,63.0,88.81462,25.814621
train,91,73,62.0,82.7773,20.777298
train,91,74,61.0,81.73259,20.73259
train,91,75,60.0,75.42849,15.42849
train,91,76,59.0,76.35509,17.355087
train,91,77,58.0,75.14296,17.14296
train,91,78,57.0,67.43779,10.43779
train,91,79,56.0,69.548195,13.548195
train,91,80,55.0,71.703156,16.703156
train,91,81,54.0,78.42782,24.427818
train,91,82,53.0,77.45767,24.457672
train,91,83,52.0,73.40721,21.407211
train,91,84,51.0,69.37817,18.378166
train,91,85,50.0,69.04985,19.04985
train,91,86,49.0,67.62962,18.629623
train,91,87,48.0,66.49667,18.496674
train,91,88,47.0,66.215225,19.215225
train,91,89,46.0,64.77604,18.77604
train,91,90,45.0,62.31095,17.310951
train,91,91,44.0,65.85517,21.855171
train,91,92,43.0,68.04093,25.040932
train,91,93,42.0,67.77905,25.779053
train,91,94,41.0,68.95213,27.952133
train,91,95,40.0,63.28324,23.283241
train,91,96,39.0,66.14185,27.141853
train,91,97,38.0,67.39162,29.391617
train,91,98,37.0,60.4845,23.4845
train,91,99,36.0,57.824314,21.824314
train,91,100,35.0,53.380444,18.380444
train,91,101,34.0,49.123905,15.123905
train,91,102,33.0,51.79725,18.797249
train,91,103,32.0,54.721268,22.721268
train,91,104,31.0,54.322777,23.322777
train,91,105,30.0,53.796913,23.796913
train,91,106,29.0,47.662415,18.662415
train,91,107,28.0,47.731094,19.731094
train,91,108,27.0,44.646393,17.646393
train,91,109,26.0,43.746338,17.746338
train,91,110,25.0,41.140564,16.140564
train,91,111,24.0,38.263084,14.263084
train,91,112,23.0,39.060463,16.060463
train,91,113,22.0,35.15941,13.159409
train,91,114,21.0,31.514051,10.514051
train,91,115,20.0,33.308216,13.308216
train,91,116,19.0,31.885817,12.885817
train,91,117,18.0,35.654778,17.654778
train,91,118,17.0,32.257854,15.257854
train,91,119,16.0,30.281523,14.281523
train,91,120,15.0,31.872932,16.872932
train,91,121,14.0,31.946972,17.946972
train,91,122,13.0,25.636652,12.636652
train,91,123,12.0,21.14422,9.14422
train,91,124,11.0,14.128111,3.128111
train,91,125,10.0,14.46439,4.46439
train,91,126,9.0,8.934801,-0.0651989
train,91,127,8.0,2.6912594,-5.3087406
train,91,128,7.0,-1.061287,-8.061287
train,91,129,6.0,-5.35273,-11.35273
train,91,130,5.0,-5.792658,-10.792658
train,91,131,4.0,-2.4916172,-6.491617
train,91,132,3.0,-4.714245,-7.714245
train,91,133,2.0,-1.9449846,-3.9449844
train,91,134,1.0,-16.455975,-17.455975
train,91,135,0.0,-19.071453,-19.071453
train,92,30,311.0,201.61234,-109.387665
train,92,31,310.0,187.90991,-122.09009
train,92,32,309.0,175.41518,-133.58482
train,92,33,308.0,175.95378,-132.04622
train,92,34,307.0,173.61725,-133.38275
train,92,35,306.0,182.49117,-123.508835
train,92,36,305.0,185.19887,-119.80113
train,92,37,304.0,173.52525,-130.47475
train,92,38,303.0,167.01085,-135.98915
train,92,39,302.0,167.74872,-134.25128
train,92,40,301.0,166.25305,-134.74695
train,92,41,300.0,179.89447,-120.10553
train,92,42,299.0,177.56424,-121.43576
train,92,43,298.0,168.95529,-129.04471
train,92,44,297.0,170.03049,-126.96951
train,92,45,296.0,181.35922,-114.64078
train,92,46,295.0,176.44006,-118.55994
train,92,47,294.0,176.97433,-117.025665
train,92,48,293.0,164.51294,-128.48706
train,92,49,292.0,170.25398,-121.74602
train,92,50,291.0,175.86732,-115.132675
train,92,51,290.0,167.59045,-122.409546
train,92,52,289.0,164.10019,-124.89981
train,92,53,288.0,154.9028,-133.0972
train,92,54,287.0,167.45471,-119.54529
train,92,55,286.0,162.9667,-123.033295
train,92,56,285.0,178.18983,-106.810165
train,92,57,284.0,182.2685,-101.73151
train,92,58,283.0,177.97931,-105.02069
train,92,59,282.0,182.03772,-99.96228
train,92,60,281.0,182.11273,-98.88727
train,92,61,280.0,178.64005,-101.359955
train,92,62,279.0,183.93472,-95.06528
train,92,63,278.0,197.7537,-80.24631
train,92,64,277.0,202.27287,-74.72713
train,92,65,276.0,203.91089,-72.08911
train,92,66,275.0,203.50677,-71.493225
train,92,67,274.0,206.82475,-67.17525
train,92,68,273.0,215.55954,-57.44046
train,92,69,272.0,212.90765,-59.092346
train,92,70,271.0,212.01318,-58.986816
train,92,71,270.0,217.24377,-52.756226
train,92,72,269.0,216.18698,-52.81302
train,92,73,268.0,206.85574,-61.144257
train,92,74,267.0,212.97893,-54.021072
train,92,75,266.0,225.97375,-40.026245
train,92,76,265.0,223.82587,-41.174133
train,92,77,264.0,218.27869,-45.721313
train,92,78,263.0,228.56693,-34.433075
train,92,79,262.0,222.33769,-39.662308
train,92,80,261.0,228.38477,-32.615234
train,92,81,260.0,222.93253,-37.067474
train,92,82,259.0,214.90292,-44.097076
train,92,83,258.0,211.58626,-46.413742
train,92,84,257.0,207.71985,-49.28015
train,92,85,256.0,213.18362,-42.816376
train,92,86,255.0,220.88112,-34.11888
train,92,87,254.0,216.50441,-37.49559
train,92,88,253.0,217.23708,-35.762924
train,92,89,252.0,205.41861,-46.58139
train,92,90,251.0,192.54532,-58.45468
train,92,91,250.0,190.38458,-59.615417
train,92,92,249.0,176.36076,-72.63924
train,92,93,248.0,138.34799,-109.65201
train,92,94,247.0,131.02881,-115.97119
train,92,95,246.0,125.91012,-120.08988
train,92,96,245.0,123.89852,-121.10148
train,92,97,244.0,125.87756,-118.12244
train,92,98,243.0,129.83781,-113.162186
train,92,99,242.0,128.60251,-113.39749
train,92,100,241.0,125.29913,-115.70087
train,92,101,240.0,124.92592,-115.07408
train,92,102,239.0,119.955475,-119.044525
train,92,103,238.0,105.4323,-132.5677
train,92,104,237.0,103.54516,-133.45483
train,92,105,236.0,106.29503,-129.70497
train,92,106,235.0,113.50704,-121.49296
train,92,107,234.0,110.413925,-123.586075
train,92,108,233.0,111.41742,-121.58258
train,92,109,232.0,111.42592,-120.57408
train,92,110,231.0,121.597015,-109.402985
train,92,111,230.0,124.26691,-105.73309
train,92,112,229.0,127.1965,-101.8035
train,92,113,228.0,125.797165,-102.202835
train,92,114,227.0,134.40118,-92.598816
train,92,115,226.0,139.18646,-86.81354
train,92,116,225.0,132.43289,-92.56711
train,92,117,224.0,135.48627,-88.51373
train,92,118,223.0,132.53102,-90.46898
train,92,119,222.0,136.25241,-85.74759
train,92,120,221.0,134.90189,-86.098114
train,92,121,220.0,138.34879,-81.651215
train,92,122,219.0,134.94347,-84.05653
train,92,123,218.0,176.10724,-41.89276
train,92,124,217.0,178.47891,-38.521088
train,92,125,216.0,175.92818,-40.071823
train,92,126,215.0,175.6417,-39.358307
train,92,127,214.0,171.26547,-42.734528
train,92,128,213.0,177.1034,-35.896606
train,92,129,212.0,182.27423,-29.725769
train,92,130,211.0,180.9912,-30.008804
train,92,131,210.0,172.89081,-37.10919
train,92,132,209.0,175.11053,-33.889465
train,92,133,208.0,161.35324,-46.64676
train,92,134,207.0,160.51454,-46.48546
train,92,135,206.0,152.40378,-53.596222
train,92,136,205.0,152.185,-52.815002
train,92,137,204.0,156.77562,-47.22438
train,92,138,203.0,168.5577,-34.442307
train,92,139,202.0,165.74629,-36.253708
train,92,140,201.0,163.87108,-37.12892
train,92,141,200.0,162.45984,-37.54016
train,92,142,199.0,165.04184,-33.95816
train,92,143,198.0,168.24622,-29.753784
train,92,144,197.0,164.09229,-32.907715
train,92,145,196.0,160.04803,-35.951965
train,92,146,195.0,167.48409,-27.515915
train,92,147,194.0,158.99669,-35.00331
train,92,148,193.0,145.97246,-47.027542
train,92,149,192.0,142.17747,-49.822525
train,92,150,191.0,146.25653,-44.74347
train,92,151,190.0,133.57411,-56.425888
train,92,152,189.0,139.8876,-49.112396
train,92,153,188.0,143.03821,-44.961792
train,92,154,187.0,149.33865,-37.661346
train,92,155,186.0,143.74579,-42.25421
train,92,156,185.0,153.17233,-31.827667
train,92,157,184.0,162.97322,-21.02678
train,92,158,183.0,165.58096,-17.419037
train,92,159,182.0,162.0097,-19.990295
train,92,160,181.0,151.40149,-29.59851
train,92,161,180.0,150.89398,-29.106018
train,92,162,179.0,154.69763,-24.302368
train,92,163,178.0,144.61743,-33.38257
train,92,164,177.0,139.7226,-37.277405
train,92,165,176.0,133.32167,-42.67833
train,92,166,175.0,135.47322,-39.52678
train,92,167,174.0,122.84717,-51.152832
train,92,168,173.0,132.08562,-40.914383
train,92,169,172.0,126.434204,-45.565796
train,92,170,171.0,133.4217,-37.578293
train,92,171,170.0,133.34581,-36.65419
train,92,172,169.0,136.5162,-32.483795
train,92,173,168.0,138.7398,-29.260193
train,92,174,167.0,139.76776,-27.232239
train,92,175,166.0,147.12775,-18.872253
train,92,176,165.0,147.33115,-17.668854
train,92,177,164.0,151.34251,-12.657486
train,92,178,163.0,141.40396,-21.596039
train,92,179,162.0,149.4641,-12.535904
train,92,180,161.0,153.646,-7.354004
train,92,181,160.0,139.81258,-20.187424
train,92,182,159.0,142.02928,-16.970718
train,92,183,158.0,126.922264,-31.077736
train,92,184,157.0,118.99855,-38.00145
train,92,185,156.0,117.70663,-38.293373
train,92,186,155.0,116.058716,-38.941284
train,92,187,154.0,131.2609,-22.739105
train,92,188,153.0,141.32072,-11.6792755
train,92,189,152.0,134.68127,-17.318726
train,92,190,151.0,124.33371,-26.66629
train,92,191,150.0,129.18686,-20.81314
train,92,192,149.0,139.55194,-9.448059
train,92,193,148.0,125.50702,-22.492981
train,92,194,147.0,127.57744,-19.422562
train,92,195,146.0,117.88416,-28.115837
train,92,196,145.0,108.747284,-36.252716
train,92,197,144.0,95.36513,-48.634872
train,92,198,143.0,95.9444,-47.055603
train,92,199,142.0,96.86847,-45.13153
train,92,200,141.0,100.170364,-40.829636
train,92,201,140.0,101.71632,-38.283684
train,92,202,139.0,101.54876,-37.45124
train,92,203,138.0,103.175896,-34.824104
train,92,204,137.0,105.648026,-31.351974
train,92,205,136.0,105.494896,-30.505104
train,92,206,135.0,99.69907,-35.300926
train,92,207,134.0,103.33472,-30.665283
train,92,208,133.0,104.51161,-28.488388
train,92,209,132.0,117.60388,-14.396118
train,92,210,131.0,115.298416,-15.701584
train,92,211,130.0,119.33545,-10.664551
train,92,212,129.0,123.66826,-5.3317413
train,92,213,128.0,118.76437,-9.235626
train,92,214,127.0,118.11354,-8.886459
train,92,215,126.0,113.88377,-12.116226
train,92,216,125.0,114.132866,-10.867134
train,92,217,124.0,113.29032,-10.709679
train,92,218,123.0,110.76491,-12.235092
train,92,219,122.0,102.919754,-19.080246
train,92,220,121.0,101.742065,-19.257935
train,92,221,120.0,95.77338,-24.226624
train,92,222,119.0,99.8848,-19.115196
train,92,223,118.0,95.675896,-22.324104
train,92,224,117.0,86.11552,-30.884483
train,92,225,116.0,86.310265,-29.689735
train,92,226,115.0,80.196976,-34.803024
train,92,227,114.0,83.127304,-30.872696
train,92,228,113.0,80.181625,-32.818375
train,92,229,112.0,74.576416,-37.423584
train,92,230,111.0,75.6315,-35.3685
train,92,231,110.0,70.38187,-39.618134
train,92,232,109.0,72.09149,-36.90851
train,92,233,108.0,64.3929,-43.6071
train,92,234,107.0,62.128857,-44.871143
train,92,235,106.0,60.1548,-45.8452
train,92,236,105.0,52.630978,-52.369022
train,92,237,104.0,50.57759,-53.42241
train,92,238,103.0,50.969055,-52.030945
train,92,239,102.0,51.969406,-50.030594
train,92,240,101.0,55.68017,-45.31983
train,92,241,100.0,62.261993,-37.738007
train,92,242,99.0,65.801605,-33.198395
train,92,243,98.0,72.42006,-25.57994
train,92,244,97.0,75.27173,-21.728271
train,92,245,96.0,75.15053,-20.849472
train,92,246,95.0,74.77365,-20.226349
train,92,247,94.0,73.66077,-20.339233
train,92,248,93.0,71.48894,-21.511063
train,92,249,92.0,68.7643,-23.235703
train,92,250,91.0,69.75881,-21.241188
train,92,251,90.0,65.39467,-24.605331
train,92,252,89.0,69.1628,-19.837196
train,92,253,88.0,68.70547,-19.294533
train,92,254,87.0,66.316956,-20.683044
train,92,255,86.0,67.586266,-18.413734
train,92,256,85.0,70.481064,-14.518936
train,92,257,84.0,69.82944,-14.170563
train,92,258,83.0,69.269875,-13.730125
train,92,259,82.0,67.548386,-14.451614
train,92,260,81.0,64.99486,-16.005142
train,92,261,80.0,66.3062,-13.693802
train,92,262,79.0,66.37992,-12.620079
train,92,263,78.0,64.90589,-13.094109
train,92,264,77.0,65.71168,-11.288322
train,92,265,76.0,63.77026,-12.22974
train,92,266,75.0,59.99079,-15.009209
train,92,267,74.0,56.172516,-17.827484
train,92,268,73.0,56.242218,-16.757782
train,92,269,72.0,53.347794,-18.652206
train,92,270,71.0,56.010597,-14.989403
train,92,271,70.0,59.402504,-10.597496
train,92,272,69.0,56.701805,-12.298195
train,92,273,68.0,56.21464,-11.785358
train,92,274,67.0,53.55349,-13.44651
train,92,275,66.0,50.211853,-15.788147
train,92,276,65.0,46.811478,-18.188522
train,92,277,64.0,42.745293,-21.254707
train,92,278,63.0,43.021286,-19.978714
train,92,279,62.0,43.69741,-18.30259
train,92,280,61.0,43.55032,-17.44968
train,92,281,60.0,44.20469,-15.795311
train,92,282,59.0,46.529648,-12.470352
train,92,283,58.0,49.33229,-8.667709
train,92,284,57.0,49.35791,-7.64209
train,92,285,56.0,49.232864,-6.7671356
train,92,286,55.0,49.756935,-5.243065
train,92,287,54.0,52.370018,-1.629982
train,92,288,53.0,51.70347,-1.2965317
train,92,289,52.0,50.33869,-1.6613083
train,92,290,51.0,51.70396,0.7039604
train,92,291,50.0,49.63193,-0.3680687
train,92,292,49.0,46.197533,-2.8024673
train,92,293,48.0,45.892708,-2.1072922
train,92,294,47.0,48.17847,1.1784706
train,92,295,46.0,53.537426,7.537426
train,92,296,45.0,51.12513,6.1251297
train,92,297,44.0,46.598305,2.5983047
train,92,298,43.0,49.33469,6.33469
train,92,299,42.0,48.27671,6.2767105
train,92,300,41.0,50.74406,9.7440605
train,92,301,40.0,54.099342,14.099342
train,92,302,39.0,53.06427,14.06427
train,92,303,38.0,54.42366,16.42366
train,92,304,37.0,53.310104,16.310104
train,92,305,36.0,49.095634,13.095634
train,92,306,35.0,47.045593,12.045593
train,92,307,34.0,39.135757,5.1357574
train,92,308,33.0,37.24918,4.24918
train,92,309,32.0,35.618393,3.618393
train,92,310,31.0,38.558258,7.558258
train,92,311,30.0,32.879948,2.8799477
train,92,312,29.0,31.273838,2.273838
train,92,313,28.0,31.068493,3.068493
train,92,314,27.0,29.268486,2.268486
train,92,315,26.0,36.006924,10.006924
train,92,316,25.0,36.31217,11.312168
train,92,317,24.0,35.499477,11.499477
train,92,318,23.0,31.819355,8.819355
train,92,319,22.0,31.616764,9.616764
train,92,320,21.0,29.98376,8.983761
train,92,321,20.0,26.93826,6.938259
train,92,322,19.0,26.9379,7.9379005
train,92,323,18.0,25.219261,7.219261
train,92,324,17.0,26.958221,9.958221
train,92,325,16.0,24.635338,8.635338
train,92,326,15.0,22.877907,7.877907
train,92,327,14.0,25.824337,11.824337
train,92,328,13.0,24.842716,11.842716
train,92,329,12.0,23.966816,11.966816
train,92,330,11.0,22.743256,11.743256
train,92,331,10.0,21.298325,11.298325
train,92,332,9.0,23.52053,14.520531
train,92,333,8.0,21.884758,13.884758
train,92,334,7.0,15.531494,8.531494
train,92,335,6.0,14.3698845,8.3698845
train,92,336,5.0,13.4398155,8.4398155
train,92,337,4.0,12.255112,8.255112
train,92,338,3.0,12.249481,9.249481
train,92,339,2.0,10.64492,8.64492
train,92,340,1.0,4.7481728,3.7481728
train,92,341,0.0,3.4773026,3.4773026
train,94,30,228.0,150.63457,-77.36543
train,94,31,227.0,159.50468,-67.495316
train,94,32,226.0,164.96323,-61.036774
train,94,33,225.0,157.24612,-67.753876
train,94,34,224.0,152.98232,-71.017685
train,94,35,223.0,149.8344,-73.1656
train,94,36,222.0,141.24063,-80.75937
train,94,37,221.0,133.27975,-87.720245
train,94,38,220.0,144.5277,-75.472305
train,94,39,219.0,138.22333,-80.77667
train,94,40,218.0,157.10916,-60.89084
train,94,41,217.0,158.97992,-58.02008
train,94,42,216.0,151.25455,-64.74545
train,94,43,215.0,152.81546,-62.18454
train,94,44,214.0,151.46132,-62.53868
train,94,45,213.0,145.63326,-67.366745
train,94,46,212.0,148.1359,-63.864105
train,94,47,211.0,153.81084,-57.189163
train,94,48,210.0,152.4059,-57.5941
train,94,49,209.0,136.58473,-72.41527
train,94,50,208.0,137.21797,-70.78203
train,94,51,207.0,140.23112,-66.768875
train,94,52,206.0,140.02028,-65.97972
train,94,53,205.0,144.54472,-60.455276
train,94,54,204.0,149.3616,-54.638397
train,94,55,203.0,170.42654,-32.573456
train,94,56,202.0,167.99675,-34.00325
train,94,57,201.0,162.07506,-38.924942
train,94,58,200.0,169.51538,-30.48462
train,94,59,199.0,164.94766,-34.052338
train,94,60,198.0,164.73239,-33.26761
train,94,61,197.0,164.37843,-32.621567
train,94,62,196.0,168.67926,-27.32074
train,94,63,195.0,172.10161,-22.898392
train,94,64,194.0,159.145,-34.854996
train,94,65,193.0,146.32413,-46.675873
train,94,66,192.0,129.50905,-62.49095
train,94,67,191.0,131.54318,-59.456818
train,94,68,190.0,131.9864,-58.013596
train,94,69,189.0,142.62662,-46.373383
train,94,70,188.0,132.64145,-55.35855
train,94,71,187.0,136.46335,-50.53665
train,94,72,186.0,143.11157,-42.888428
train,94,73,185.0,143.36748,-41.632523
train,94,74,184.0,144.18991,-39.81009
train,94,75,183.0,146.8318,-36.168198
train,94,76,182.0,148.54489,-33.45511
train,94,77,181.0,161.14857,-19.851425
train,94,78,180.0,175.72775,-4.2722473
train,94,79,179.0,154.8362,-24.163803
train,94,80,178.0,152.91252,-25.087479
train,94,81,177.0,148.16824,-28.831757
train,94,82,176.0,154.6931,-21.3069
train,94,83,175.0,152.64587,-22.354126
train,94,84,174.0,156.5238,-17.476196
train,94,85,173.0,154.52094,-18.479065
train,94,86,172.0,145.17581,-26.824188
train,94,87,171.0,127.55451,-43.445488
train,94,88,170.0,146.84654,-23.153458
train,94,89,169.0,149.17189,-19.82811
train,94,90,168.0,166.87788,-1.1221161
train,94,91,167.0,152.58331,-14.416687
train,94,92,166.0,145.68129,-20.31871
train,94,93,165.0,146.18282,-18.817184
train,94,94,164.0,158.83105,-5.1689453
train,94,95,163.0,152.86566,-10.134338
train,94,96,162.0,133.15265,-28.847351
train,94,97,161.0,130.4462,-30.553802
train,94,98,160.0,125.487854,-34.512146
train,94,99,159.0,136.06258,-22.937424
train,94,100,158.0,129.09344,-28.906555
train,94,101,157.0,123.67593,-33.324074
train,94,102,156.0,120.72102,-35.278976
train,94,103,155.0,125.84072,-29.159279
train,94,104,154.0,122.37225,-31.627747
train,94,105,153.0,117.90597,-35.094032
train,94,106,152.0,107.42153,-44.57847
train,94,107,151.0,125.67898,-25.321022
train,94,108,150.0,128.39151,-21.60849
train,94,109,149.0,121.08833,-27.911667
train,94,110,148.0,120.455734,-27.544266
train,94,111,147.0,124.019516,-22.980484
train,94,112,146.0,130.2394,-15.760605
train,94,113,145.0,131.065,-13.934998
train,94,114,144.0,124.7044,-19.2956
train,94,115,143.0,126.48304,-16.51696
train,94,116,142.0,123.10441,-18.895592
train,94,117,141.0,126.4131,-14.586899
train,94,118,140.0,134.68155,-5.318451
train,94,119,139.0,137.05241,-1.947586
train,94,120,138.0,152.16336,14.163361
train,94,121,137.0,144.59656,7.5965576
train,94,122,136.0,137.7457,1.745697
train,94,123,135.0,134.28879,-0.71121216
train,94,124,134.0,130.06165,-3.9383545
train,94,125,133.0,138.87518,5.875183
train,94,126,132.0,133.8933,1.8932953
train,94,127,131.0,130.08798,-0.9120178
train,94,128,130.0,130.16583,0.16583252
train,94,129,129.0,126.6453,-2.3546982
train,94,130,128.0,134.56949,6.5694885
train,94,131,127.0,129.5032,2.5032043
train,94,132,126.0,120.529076,-5.4709244
train,94,133,125.0,112.91576,-12.084244
train,94,134,124.0,111.1073,-12.8927
train,94,135,123.0,109.48334,-13.516663
train,94,136,122.0,104.926506,-17.073494
train,94,137,121.0,108.69279,-12.307213
train,94,138,120.0,104.67707,-15.322929
train,94,139,119.0,98.17073,-20.82927
train,94,140,118.0,100.322525,-17.677475
train,94,141,117.0,108.52947,-8.470528
train,94,142,116.0,95.49365,-20.506348
train,94,143,115.0,107.222,-7.778
train,94,144,114.0,110.21484,-3.7851562
train,94,145,113.0,113.61538,0.61537933
train,94,146,112.0,116.23671,4.2367096
train,94,147,111.0,118.54655,7.546547
train,94,148,110.0,124.54109,14.541092
train,94,149,109.0,120.64076,11.640762
train,94,150,108.0,127.81792,19.817917
train,94,151,107.0,126.79892,19.79892
train,94,152,106.0,119.50924,13.509239
train,94,153,105.0,117.92009,12.92009
train,94,154,104.0,104.5745,0.57450104
train,94,155,103.0,102.15961,-0.84039307
train,94,156,102.0,96.81975,-5.180252
train,94,157,101.0,90.57595,-10.424049
train,94,158,100.0,87.90268,-12.097321
train,94,159,99.0,82.58974,-16.410263
train,94,160,98.0,78.45184,-19.548157
train,94,161,97.0,81.21316,-15.786842
train,94,162,96.0,81.15044,-14.849564
train,94,163,95.0,76.200615,-18.799385
train,94,164,94.0,76.86146,-17.138542
train,94,165,93.0,78.77292,-14.227081
train,94,166,92.0,76.50186,-15.498138
train,94,167,91.0,81.5809,-9.419098
train,94,168,90.0,80.58505,-9.4149475
train,94,169,89.0,76.814224,-12.185776
train,94,170,88.0,75.21474,-12.785263
train,94,171,87.0,75.58115,-11.418854
train,94,172,86.0,74.17521,-11.824791
train,94,173,85.0,79.936646,-5.0633545
train,94,174,84.0,73.95677,-10.043228
train,94,175,83.0,66.46032,-16.53968
train,94,176,82.0,66.91641,-15.083588
train,94,177,81.0,72.61682,-8.383179
train,94,178,80.0,78.929085,-1.0709152
train,94,179,79.0,79.44348,0.44348145
train,94,180,78.0,81.41078,3.4107819
train,94,181,77.0,78.956696,1.9566956
train,94,182,76.0,79.05514,3.0551376
train,94,183,75.0,82.09915,7.0991516
train,94,184,74.0,78.78612,4.7861176
train,94,185,73.0,74.63667,1.636673
train,94,186,72.0,72.68623,0.6862335
train,94,187,71.0,70.543396,-0.456604
train,94,188,70.0,68.501755,-1.4982452
train,94,189,69.0,65.859375,-3.140625
train,94,190,68.0,63.83413,-4.1658707
train,94,191,67.0,66.16292,-0.8370819
train,94,192,66.0,62.946114,-3.0538864
train,94,193,65.0,57.350624,-7.649376
train,94,194,64.0,57.657402,-6.342598
train,94,195,63.0,55.912415,-7.0875854
train,94,196,62.0,55.005226,-6.994774
train,94,197,61.0,57.875328,-3.124672
train,94,198,60.0,56.112133,-3.887867
train,94,199,59.0,54.97729,-4.022709
train,94,200,58.0,50.582916,-7.4170837
train,94,201,57.0,52.77234,-4.227661
train,94,202,56.0,50.582336,-5.4176636
train,94,203,55.0,48.417244,-6.582756
train,94,204,54.0,50.863617,-3.136383
train,94,205,53.0,48.884712,-4.115288
train,94,206,52.0,52.2331,0.23310089
train,94,207,51.0,52.01822,1.018219
train,94,208,50.0,51.33333,1.3333282
train,94,209,49.0,58.394512,9.394512
train,94,210,48.0,53.51354,5.5135384
train,94,211,47.0,47.825485,0.8254852
train,94,212,46.0,51.014267,5.014267
train,94,213,45.0,48.79139,3.7913895
train,94,214,44.0,49.776703,5.776703
train,94,215,43.0,45.037155,2.0371552
train,94,216,42.0,47.006966,5.0069656
train,94,217,41.0,46.177395,5.177395
train,94,218,40.0,46.171135,6.171135
train,94,219,39.0,47.756863,8.756863
train,94,220,38.0,41.80519,3.805191
train,94,221,37.0,42.115925,5.115925
train,94,222,36.0,39.4839,3.4838982
train,94,223,35.0,36.296574,1.2965736
train,94,224,34.0,34.494934,0.49493408
train,94,225,33.0,33.940216,0.94021606
train,94,226,32.0,36.033432,4.033432
train,94,227,31.0,35.19968,4.1996803
train,94,228,30.0,35.999115,5.999115
train,94,229,29.0,38.621754,9.621754
train,94,230,28.0,39.450493,11.450493
train,94,231,27.0,36.256935,9.256935
train,94,232,26.0,33.794155,7.794155
train,94,233,25.0,31.774338,6.774338
train,94,234,24.0,28.456924,4.4569244
train,94,235,23.0,21.056187,-1.9438133
train,94,236,22.0,18.619549,-3.3804512
train,94,237,21.0,14.255768,-6.744232
train,94,238,20.0,15.542095,-4.457905
train,94,239,19.0,16.818611,-2.1813889
train,94,240,18.0,13.204178,-4.795822
train,94,241,17.0,12.880497,-4.119503
train,94,242,16.0,7.132519,-8.867481
train,94,243,15.0,9.364643,-5.635357
train,94,244,14.0,2.8745232,-11.125477
train,94,245,13.0,6.6089096,-6.3910904
train,94,246,12.0,6.721485,-5.278515
train,94,247,11.0,5.7333984,-5.2666016
train,94,248,10.0,7.4350853,-2.5649147
train,94,249,9.0,2.9402237,-6.0597763
train,94,250,8.0,-1.3464891,-9.346489
train,94,251,7.0,-0.8950311,-7.895031
train,94,252,6.0,-1.3816491,-7.381649
train,94,253,5.0,-1.9704934,-6.9704933
train,94,254,4.0,-4.648159,-8.648159
train,94,255,3.0,-3.8196716,-6.8196716
train,94,256,2.0,-3.1486511,-5.148651
train,94,257,1.0,-4.7064476,-5.7064476
train,94,258,0.0,-5.4581223,-5.4581223
train,95,30,253.0,193.17645,-59.823547
train,95,31,252.0,190.86777,-61.132233
train,95,32,251.0,184.87149,-66.12851
train,95,33,250.0,180.55836,-69.441635
train,95,34,249.0,175.23315,-73.766846
train,95,35,248.0,167.99059,-80.009415
train,95,36,247.0,168.94756,-78.052444
train,95,37,246.0,155.1688,-90.83121
train,95,38,245.0,151.2811,-93.7189
train,95,39,244.0,168.21011,-75.78989
train,95,40,243.0,171.75616,-71.243835
train,95,41,242.0,172.57797,-69.42203
train,95,42,241.0,163.90509,-77.09491
train,95,43,240.0,161.80261,-78.19739
train,95,44,239.0,171.31964,-67.68036
train,95,45,238.0,176.1152,-61.884796
train,95,46,237.0,172.03853,-64.96147
train,95,47,236.0,184.07028,-51.929718
train,95,48,235.0,183.11006,-51.88994
train,95,49,234.0,178.48447,-55.515533
train,95,50,233.0,176.85318,-56.14682
train,95,51,232.0,185.63535,-46.364655
train,95,52,231.0,184.43143,-46.568573
train,95,53,230.0,182.28229,-47.717712
train,95,54,229.0,185.73604,-43.26396
train,95,55,228.0,193.7756,-34.224396
train,95,56,227.0,194.08424,-32.915756
train,95,57,226.0,194.11487,-31.885132
train,95,58,225.0,195.35074,-29.649261
train,95,59,224.0,199.57925,-24.420746
train,95,60,223.0,200.24272,-22.757278
train,95,61,222.0,189.06308,-32.93692
train,95,62,221.0,184.80368,-36.19632
train,95,63,220.0,181.77852,-38.22148
train,95,64,219.0,189.96341,-29.03659
train,95,65,218.0,192.7309,-25.269104
train,95,66,217.0,188.9092,-28.090805
train,95,67,216.0,189.77931,-26.220688
train,95,68,215.0,188.37766,-26.622345
train,95,69,214.0,184.99765,-29.00235
train,95,70,213.0,180.2164,-32.7836
train,95,71,212.0,184.22472,-27.775284
train,95,72,211.0,179.33975,-31.660248
train,95,73,210.0,182.73756,-27.262436
train,95,74,209.0,184.38992,-24.610077
train,95,75,208.0,183.46564,-24.534363
train,95,76,207.0,182.8598,-24.140198
train,95,77,206.0,178.6236,-27.376404
train,95,78,205.0,182.16354,-22.836456
train,95,79,204.0,168.57513,-35.424866
train,95,80,203.0,173.7428,-29.257202
train,95,81,202.0,168.87631,-33.123688
train,95,82,201.0,169.82117,-31.178833
train,95,83,200.0,154.55582,-45.444183
train,95,84,199.0,157.99484,-41.005157
train,95,85,198.0,159.625,-38.375
train,95,86,197.0,161.54741,-35.45259
train,95,87,196.0,167.61633,-28.383667
train,95,88,195.0,168.41862,-26.581375
train,95,89,194.0,164.75446,-29.245544
train,95,90,193.0,165.10007,-27.899933
train,95,91,192.0,162.44681,-29.553192
train,95,92,191.0,164.37527,-26.624725
train,95,93,190.0,167.65787,-22.342133
train,95,94,189.0,172.36285,-16.637146
train,95,95,188.0,168.05678,-19.943222
train,95,96,187.0,169.77533,-17.22467
train,95,97,186.0,169.69183,-16.308167
train,95,98,185.0,168.89441,-16.10559
train,95,99,184.0,167.22305,-16.776947
train,95,100,183.0,156.4266,-26.573395
train,95,101,182.0,160.07417,-21.925827
train,95,102,181.0,162.91557,-18.084427
train,95,103,180.0,159.27823,-20.721771
train,95,104,179.0,153.42226,-25.577744
train,95,105,178.0,155.67682,-22.323181
train,95,106,177.0,161.0036,-15.996399
train,95,107,176.0,153.547,-22.453003
train,95,108,175.0,156.59158,-18.408417
train,95,109,174.0,157.27414,-16.72586
train,95,110,173.0,150.03009,-22.96991
train,95,111,172.0,149.12645,-22.87355
train,95,112,171.0,148.9956,-22.004395
train,95,113,170.0,147.86887,-22.131134
train,95,114,169.0,153.05878,-15.941223
train,95,115,168.0,151.88127,-16.118729
train,95,116,167.0,151.88263,-15.117371
train,95,117,166.0,152.38905,-13.610947
train,95,118,165.0,158.41887,-6.581131
train,95,119,164.0,154.70476,-9.295242
train,95,120,163.0,154.73764,-8.26236
train,95,121,162.0,149.61832,-12.381683
train,95,122,161.0,148.58182,-12.418182
train,95,123,160.0,149.199,-10.800995
train,95,124,159.0,152.85419,-6.145813
train,95,125,158.0,152.86069,-5.1393127
train,95,126,157.0,149.27376,-7.726242
train,95,127,156.0,149.30975,-6.6902466
train,95,128,155.0,145.74069,-9.259308
train,95,129,154.0,138.60419,-15.395813
train,95,130,153.0,140.60947,-12.390533
train,95,131,152.0,136.33139,-15.66861
train,95,132,151.0,135.08948,-15.910522
train,95,133,150.0,140.19734,-9.802658
train,95,134,149.0,128.49216,-20.507843
train,95,135,148.0,121.714935,-26.285065
train,95,136,147.0,118.60336,-28.396637
train,95,137,146.0,122.43942,-23.560577
train,95,138,145.0,115.04741,-29.95259
train,95,139,144.0,112.79198,-31.208023
train,95,140,143.0,111.49106,-31.508942
train,95,141,142.0,115.51826,-26.481743
train,95,142,141.0,108.21898,-32.78102
train,95,143,140.0,108.30311,-31.696892
train,95,144,139.0,110.023224,-28.976776
train,95,145,138.0,102.71878,-35.28122
train,95,146,137.0,110.23427,-26.765732
train,95,147,136.0,115.55121,-20.448792
train,95,148,135.0,118.35626,-16.643738
train,95,149,134.0,118.22495,-15.775047
train,95,150,133.0,121.91359,-11.0864105
train,95,151,132.0,123.04114,-8.958862
train,95,152,131.0,124.60928,-6.3907166
train,95,153,130.0,124.32824,-5.6717606
train,95,154,129.0,129.53735,0.5373535
train,95,155,128.0,129.55318,1.5531769
train,95,156,127.0,123.859146,-3.140854
train,95,157,126.0,116.61301,-9.386993
train,95,158,125.0,116.76166,-8.238342
train,95,159,124.0,116.34783,-7.6521683
train,95,160,123.0,134.9669,11.966904
train,95,161,122.0,123.88225,1.8822479
train,95,162,121.0,128.52243,7.5224304
train,95,163,120.0,131.72372,11.723724
train,95,164,119.0,121.94772,2.9477234
train,95,165,118.0,126.35232,8.352318
train,95,166,117.0,126.605545,9.605545
train,95,167,116.0,125.7177,9.717697
train,95,168,115.0,121.81468,6.814682
train,95,169,114.0,114.64761,0.6476135
train,95,170,113.0,116.688065,3.6880646
train,95,171,112.0,120.704575,8.704575
train,95,172,111.0,122.126526,11.126526
train,95,173,110.0,120.031715,10.031715
train,95,174,109.0,117.61668,8.616676
train,95,175,108.0,118.867294,10.867294
train,95,176,107.0,113.106,6.106003
train,95,177,106.0,120.74442,14.744423
train,95,178,105.0,119.01906,14.019058
train,95,179,104.0,114.56311,10.56311
train,95,180,103.0,111.7636,8.763603
train,95,181,102.0,107.93709,5.937088
train,95,182,101.0,109.56091,8.560913
train,95,183,100.0,117.29499,17.29499
train,95,184,99.0,108.22362,9.223618
train,95,185,98.0,104.81626,6.8162613
train,95,186,97.0,87.07419,-9.925812
train,95,187,96.0,85.480286,-10.519714
train,95,188,95.0,79.91087,-15.089127
train,95,189,94.0,74.36195,-19.638046
train,95,190,93.0,76.43034,-16.569656
train,95,191,92.0,72.48863,-19.511368
train,95,192,91.0,78.809204,-12.190796
train,95,193,90.0,86.793106,-3.206894
train,95,194,89.0,85.260925,-3.7390747
train,95,195,88.0,81.42397,-6.576027
train,95,196,87.0,82.22233,-4.777672
train,95,197,86.0,78.73668,-7.263321
train,95,198,85.0,69.6357,-15.364304
train,95,199,84.0,68.70925,-15.290749
train,95,200,83.0,71.15827,-11.841728
train,95,201,82.0,65.570145,-16.429855
train,95,202,81.0,61.85113,-19.148869
train,95,203,80.0,66.35821,-13.641792
train,95,204,79.0,69.39395,-9.606049
train,95,205,78.0,66.86193,-11.138069
train,95,206,77.0,67.24883,-9.751167
train,95,207,76.0,66.36754,-9.632462
train,95,208,75.0,64.316765,-10.683235
train,95,209,74.0,68.299774,-5.700226
train,95,210,73.0,65.920334,-7.079666
train,95,211,72.0,63.019554,-8.980446
train,95,212,71.0,61.735725,-9.264275
train,95,213,70.0,65.991516,-4.008484
train,95,214,69.0,65.091896,-3.908104
train,95,215,68.0,64.963745,-3.036255
train,95,216,67.0,62.42373,-4.576271
train,95,217,66.0,63.641483,-2.3585167
train,95,218,65.0,58.969,-6.030998
train,95,219,64.0,60.641068,-3.3589325
train,95,220,63.0,62.718983,-0.2810173
train,95,221,62.0,57.330456,-4.669544
train,95,222,61.0,54.487076,-6.512924
train,95,223,60.0,53.851933,-6.1480675
train,95,224,59.0,55.20086,-3.799141
train,95,225,58.0,51.334183,-6.6658173
train,95,226,57.0,52.668175,-4.3318253
train,95,227,56.0,51.453568,-4.5464325
train,95,228,55.0,47.33906,-7.6609383
train,95,229,54.0,50.551674,-3.448326
train,95,230,53.0,49.07979,-3.9202118
train,95,231,52.0,53.58114,1.5811386
train,95,232,51.0,53.481384,2.4813843
train,95,233,50.0,52.755714,2.7557144
train,95,234,49.0,52.376247,3.3762474
train,95,235,48.0,51.074898,3.0748978
train,95,236,47.0,47.935066,0.9350662
train,95,237,46.0,45.091705,-0.9082947
train,95,238,45.0,47.330223,2.330223
train,95,239,44.0,46.109417,2.109417
train,95,240,43.0,45.719208,2.7192078
train,95,241,42.0,38.086563,-3.913437
train,95,242,41.0,39.345196,-1.6548042
train,95,243,40.0,37.80157,-2.198429
train,95,244,39.0,38.648235,-0.35176468
train,95,245,38.0,37.9431,-0.056900024
train,95,246,37.0,41.887455,4.887455
train,95,247,36.0,43.2737,7.2737007
train,95,248,35.0,43.571274,8.571274
train,95,249,34.0,41.869244,7.8692436
train,95,250,33.0,39.38748,6.3874817
train,95,251,32.0,40.468513,8.4685135
train,95,252,31.0,35.335487,4.3354874
train,95,253,30.0,36.410534,6.410534
train,95,254,29.0,34.702442,5.702442
train,95,255,28.0,35.935562,7.935562
train,95,256,27.0,36.497795,9.497795
train,95,257,26.0,34.214783,8.214783
train,95,258,25.0,35.24474,10.24474
train,95,259,24.0,34.15579,10.155788
train,95,260,23.0,34.40899,11.408989
train,95,261,22.0,33.342728,11.342728
train,95,262,21.0,30.83781,9.8378105
train,95,263,20.0,31.693737,11.693737
train,95,264,19.0,28.301413,9.301413
train,95,265,18.0,29.438702,11.438702
train,95,266,17.0,30.454407,13.454407
train,95,267,16.0,30.894356,14.894356
train,95,268,15.0,32.495632,17.495632
train,95,269,14.0,27.27202,13.27202
train,95,270,13.0,24.749321,11.749321
train,95,271,12.0,21.21573,9.215731
train,95,272,11.0,17.767818,6.7678185
train,95,273,10.0,15.262825,5.262825
train,95,274,9.0,15.614908,6.614908
train,95,275,8.0,11.932743,3.932743
train,95,276,7.0,11.598816,4.598816
train,95,277,6.0,13.210568,7.2105684
train,95,278,5.0,9.694105,4.694105
train,95,279,4.0,8.317968,4.3179684
train,95,280,3.0,7.011341,4.011341
train,95,281,2.0,3.7723598,1.7723598
train,95,282,1.0,1.7333621,0.7333621
train,95,283,0.0,-6.4612064,-6.4612064
train,96,30,306.0,179.90686,-126.09314
train,96,31,305.0,175.84027,-129.15973
train,96,32,304.0,165.31767,-138.68233
train,96,33,303.0,168.56538,-134.43462
train,96,34,302.0,159.07861,-142.92139
train,96,35,301.0,162.08966,-138.91034
train,96,36,300.0,164.13223,-135.86777
train,96,37,299.0,158.96167,-140.03833
train,96,38,298.0,156.4603,-141.5397
train,96,39,297.0,149.587,-147.413
train,96,40,296.0,160.49698,-135.50302
train,96,41,295.0,162.3547,-132.6453
train,96,42,294.0,192.57654,-101.42346
train,96,43,293.0,186.44339,-106.55661
train,96,44,292.0,176.93062,-115.06938
train,96,45,291.0,172.42198,-118.57802
train,96,46,290.0,178.00203,-111.99797
train,96,47,289.0,186.70801,-102.29199
train,96,48,288.0,175.78943,-112.21057
train,96,49,287.0,193.43027,-93.56973
train,96,50,286.0,182.69293,-103.30707
train,96,51,285.0,188.05951,-96.94049
train,96,52,284.0,197.13533,-86.86467
train,96,53,283.0,187.7826,-95.21741
train,96,54,282.0,197.77388,-84.22612
train,96,55,281.0,190.18704,-90.81296
train,96,56,280.0,186.33221,-93.667786
train,96,57,279.0,182.29636,-96.70364
train,96,58,278.0,170.85516,-107.14484
train,96,59,277.0,170.98409,-106.015915
train,96,60,276.0,182.6466,-93.35339
train,96,61,275.0,136.37695,-138.62305
train,96,62,274.0,150.20166,-123.79834
train,96,63,273.0,143.09923,-129.90077
train,96,64,272.0,153.86981,-118.13019
train,96,65,271.0,172.31387,-98.68613
train,96,66,270.0,187.52483,-82.475174
train,96,67,269.0,182.33813,-86.661865
train,96,68,268.0,191.11546,-76.88454
train,96,69,267.0,190.38898,-76.61102
train,96,70,266.0,180.70023,-85.299774
train,96,71,265.0,186.50647,-78.49353
train,96,72,264.0,190.76968,-73.230316
train,96,73,263.0,186.60168,-76.398315
train,96,74,262.0,186.9328,-75.0672
train,96,75,261.0,173.51648,-87.48352
train,96,76,260.0,175.4219,-84.578094
train,96,77,259.0,172.75558,-86.244415
train,96,78,258.0,172.66652,-85.33348
train,96,79,257.0,174.84398,-82.15602
train,96,80,256.0,168.82098,-87.179016
train,96,81,255.0,160.60611,-94.39389
train,96,82,254.0,162.15607,-91.84393
train,96,83,253.0,163.42883,-89.57117
train,96,84,252.0,161.03885,-90.96115
train,96,85,251.0,156.71582,-94.28418
train,96,86,250.0,139.43872,-110.56128
train,96,87,249.0,125.84907,-123.15093
train,96,88,248.0,117.43707,-130.56293
train,96,89,247.0,122.61702,-124.38298
train,96,90,246.0,125.00953,-120.99047
train,96,91,245.0,130.71362,-114.28638
train,96,92,244.0,136.32588,-107.67412
train,96,93,243.0,136.9083,-106.091705
train,96,94,242.0,142.16527,-99.83473
train,96,95,241.0,156.78793,-84.21207
train,96,96,240.0,167.32974,-72.67026
train,96,97,239.0,159.45456,-79.54544
train,96,98,238.0,162.20209,-75.79791
train,96,99,237.0,155.5386,-81.461395
train,96,100,236.0,149.61838,-86.38162
train,96,101,235.0,147.78636,-87.21364
train,96,102,234.0,145.76471,-88.23529
train,96,103,233.0,142.89954,-90.100464
train,96,104,232.0,145.29147,-86.70853
train,96,105,231.0,150.3569,-80.6431
train,96,106,230.0,141.76195,-88.23805
train,96,107,229.0,142.56213,-86.43787
train,96,108,228.0,140.34525,-87.654755
train,96,109,227.0,143.20584,-83.79416
train,96,110,226.0,136.36186,-89.63814
train,96,111,225.0,134.4674,-90.53259
train,96,112,224.0,138.13612,-85.86388
train,96,113,223.0,135.25362,-87.74638
train,96,114,222.0,147.50874,-74.49126
train,96,115,221.0,148.3285,-72.67149
train,96,116,220.0,181.8391,-38.160904
train,96,117,219.0,169.65512,-49.34488
train,96,118,218.0,172.39401,-45.605988
train,96,119,217.0,168.2312,-48.7688
train,96,120,216.0,178.22208,-37.777924
train,96,121,215.0,170.0582,-44.941803
train,96,122,214.0,154.06596,-59.934036
train,96,123,213.0,165.91669,-47.083313
train,96,124,212.0,177.63922,-34.36078
train,96,125,211.0,191.58865,-19.411346
train,96,126,210.0,192.23718,-17.762817
train,96,127,209.0,202.10103,-6.8989716
train,96,128,208.0,201.63481,-6.3651886
train,96,129,207.0,205.96613,-1.0338745
train,96,130,206.0,211.49242,5.4924164
train,96,131,205.0,228.69046,23.69046
train,96,132,204.0,227.18552,23.185516
train,96,133,203.0,214.23419,11.234192
train,96,134,202.0,217.49489,15.494888
train,96,135,201.0,216.84338,15.843384
train,96,136,200.0,201.60837,1.6083679
train,96,137,199.0,197.16357,-1.8364258
train,96,138,198.0,194.39252,-3.607483
train,96,139,197.0,199.91911,2.9191132
train,96,140,196.0,193.46474,-2.535263
train,96,141,195.0,184.62347,-10.376526
train,96,142,194.0,186.10631,-7.893692
train,96,143,193.0,175.34483,-17.655167
train,96,144,192.0,173.82878,-18.171219
train,96,145,191.0,170.9428,-20.057205
train,96,146,190.0,174.93738,-15.062622
train,96,147,189.0,152.6253,-36.374695
train,96,148,188.0,146.87424,-41.125763
train,96,149,187.0,136.95932,-50.04068
train,96,150,186.0,134.42172,-51.578278
train,96,151,185.0,134.0387,-50.961304
train,96,152,184.0,128.16965,-55.830353
train,96,153,183.0,128.94731,-54.05269
train,96,154,182.0,129.50385,-52.496155
train,96,155,181.0,134.48572,-46.514282
train,96,156,180.0,130.93991,-49.06009
train,96,157,179.0,127.16863,-51.831367
train,96,158,178.0,121.3659,-56.6341
train,96,159,177.0,122.84072,-54.15928
train,96,160,176.0,127.26784,-48.732162
train,96,161,175.0,146.08356,-28.916443
train,96,162,174.0,156.46162,-17.538376
train,96,163,173.0,141.81528,-31.184723
train,96,164,172.0,164.16905,-7.830948
train,96,165,171.0,162.92258,-8.077423
train,96,166,170.0,155.14697,-14.853027
train,96,167,169.0,142.67291,-26.327087
train,96,168,168.0,146.29254,-21.707458
train,96,169,167.0,153.79224,-13.207764
train,96,170,166.0,154.84746,-11.152542
train,96,171,165.0,137.92044,-27.07956
train,96,172,164.0,140.09851,-23.90149
train,96,173,163.0,138.02356,-24.97644
train,96,174,162.0,129.98148,-32.018524
train,96,175,161.0,127.902115,-33.097885
train,96,176,160.0,137.02396,-22.976044
train,96,177,159.0,124.70148,-34.298523
train,96,178,158.0,126.938324,-31.061676
train,96,179,157.0,135.46082,-21.539185
train,96,180,156.0,125.29559,-30.704407
train,96,181,155.0,125.80841,-29.19159
train,96,182,154.0,74.31932,-79.68068
train,96,183,153.0,84.99434,-68.00566
train,96,184,152.0,80.13672,-71.86328
train,96,185,151.0,84.12836,-66.87164
train,96,186,150.0,84.25922,-65.74078
train,96,187,149.0,80.542755,-68.457245
train,96,188,148.0,72.444115,-75.555885
train,96,189,147.0,69.52306,-77.47694
train,96,190,146.0,69.69382,-76.30618
train,96,191,145.0,70.14815,-74.85185
train,96,192,144.0,68.22818,-75.77182
train,96,193,143.0,76.3071,-66.6929
train,96,194,142.0,68.375656,-73.624344
train,96,195,141.0,74.93066,-66.06934
train,96,196,140.0,72.27164,-67.72836
train,96,197,139.0,75.2246,-63.7754
train,96,198,138.0,69.46298,-68.53702
train,96,199,137.0,61.530815,-75.469185
train,96,200,136.0,70.881454,-65.118546
train,96,201,135.0,71.05594,-63.94406
train,96,202,134.0,65.131134,-68.868866
train,96,203,133.0,64.60066,-68.39934
train,96,204,132.0,64.525154,-67.474846
train,96,205,131.0,69.15653,-61.843468
train,96,206,130.0,79.14497,-50.855026
train,96,207,129.0,74.203,-54.796997
train,96,208,128.0,72.94011,-55.05989
train,96,209,127.0,78.11389,-48.88611
train,96,210,126.0,82.814926,-43.185074
train,96,211,125.0,74.8575,-50.1425
train,96,212,124.0,113.936646,-10.0633545
train,96,213,123.0,112.040665,-10.959335
train,96,214,122.0,115.58984,-6.4101562
train,96,215,121.0,123.39227,2.392273
train,96,216,120.0,117.38805,-2.6119537
train,96,217,119.0,117.51694,-1.4830627
train,96,218,118.0,103.82734,-14.172661
train,96,219,117.0,95.329414,-21.670586
train,96,220,116.0,98.863144,-17.136856
train,96,221,115.0,106.84884,-8.151161
train,96,222,114.0,106.32391,-7.6760864
train,96,223,113.0,98.745605,-14.254395
train,96,224,112.0,95.51222,-16.487778
train,96,225,111.0,97.48669,-13.513313
train,96,226,110.0,94.90437,-15.095627
train,96,227,109.0,107.314926,-1.6850739
train,96,228,108.0,93.05973,-14.940269
train,96,229,107.0,92.5007,-14.499298
train,96,230,106.0,99.77204,-6.2279587
train,96,231,105.0,102.21485,-2.7851486
train,96,232,104.0,106.324615,2.3246155
train,96,233,103.0,102.58455,-0.41545105
train,96,234,102.0,95.6281,-6.3719025
train,96,235,101.0,97.37986,-3.62014
train,96,236,100.0,104.794044,4.7940445
train,96,237,99.0,101.89167,2.8916702
train,96,238,98.0,106.395615,8.395615
train,96,239,97.0,114.42758,17.427582
train,96,240,96.0,114.471695,18.471695
train,96,241,95.0,116.96858,21.968582
train,96,242,94.0,124.125916,30.125916
train,96,243,93.0,113.55951,20.55951
train,96,244,92.0,112.86049,20.860489
train,96,245,91.0,111.63792,20.637917
train,96,246,90.0,105.96826,15.968262
train,96,247,89.0,100.47241,11.472412
train,96,248,88.0,103.597244,15.597244
train,96,249,87.0,86.952805,-0.047195435
train,96,250,86.0,85.09432,-0.9056778
train,96,251,85.0,83.815155,-1.184845
train,96,252,84.0,88.86814,4.868141
train,96,253,83.0,80.57291,-2.4270935
train,96,254,82.0,81.27286,-0.72714233
train,96,255,81.0,70.50369,-10.496307
train,96,256,80.0,69.91636,-10.083641
train,96,257,79.0,71.041306,-7.9586945
train,96,258,78.0,77.21892,-0.78108215
train,96,259,77.0,75.61598,-1.384018
train,96,260,76.0,75.79639,-0.20361328
train,96,261,75.0,77.89309,2.8930893
train,96,262,74.0,76.75215,2.7521515
train,96,263,73.0,78.29353,5.2935333
train,96,264,72.0,74.42726,2.4272614
train,96,265,71.0,73.54734,2.5473404
train,96,266,70.0,74.80017,4.800171
train,96,267,69.0,70.02629,1.0262909
train,96,268,68.0,72.09775,4.097748
train,96,269,67.0,75.52076,8.52076
train,96,270,66.0,72.446396,6.446396
train,96,271,65.0,70.103455,5.1034546
train,96,272,64.0,79.14618,15.146179
train,96,273,63.0,74.417206,11.417206
train,96,274,62.0,70.73748,8.73748
train,96,275,61.0,71.91797,10.917969
train,96,276,60.0,69.3757,9.375702
train,96,277,59.0,64.34508,5.3450775
train,96,278,58.0,68.567825,10.567825
train,96,279,57.0,65.2036,8.203598
train,96,280,56.0,58.503174,2.5031738
train,96,281,55.0,57.74601,2.7460098
train,96,282,54.0,63.58796,9.587959
train,96,283,53.0,60.595516,7.595516
train,96,284,52.0,60.948204,8.948204
train,96,285,51.0,58.09208,7.092079
train,96,286,50.0,52.59759,2.5975914
train,96,287,49.0,48.75531,-0.24468994
train,96,288,48.0,48.769043,0.76904297
train,96,289,47.0,48.963028,1.963028
train,96,290,46.0,51.467453,5.467453
train,96,291,45.0,49.649612,4.6496124
train,96,292,44.0,49.358166,5.3581657
train,96,293,43.0,49.099392,6.099392
train,96,294,42.0,48.085323,6.0853233
train,96,295,41.0,49.173935,8.173935
train,96,296,40.0,44.98485,4.984852
train,96,297,39.0,45.53069,6.5306892
train,96,298,38.0,46.015663,8.015663
train,96,299,37.0,45.63659,8.636589
train,96,300,36.0,44.82185,8.82185
train,96,301,35.0,38.28454,3.2845383
train,96,302,34.0,35.075912,1.0759125
train,96,303,33.0,34.31176,1.31176
train,96,304,32.0,27.044958,-4.955042
train,96,305,31.0,24.144144,-6.855856
train,96,306,30.0,25.92587,-4.074129
train,96,307,29.0,26.196335,-2.8036652
train,96,308,28.0,26.77898,-1.2210197
train,96,309,27.0,26.927187,-0.072813034
train,96,310,26.0,25.35584,-0.6441593
train,96,311,25.0,25.656826,0.656826
train,96,312,24.0,23.708885,-0.2911148
train,96,313,23.0,19.595045,-3.404955
train,96,314,22.0,20.594128,-1.4058723
train,96,315,21.0,16.275597,-4.7244034
train,96,316,20.0,14.415253,-5.5847473
train,96,317,19.0,13.3642025,-5.6357975
train,96,318,18.0,14.645052,-3.354948
train,96,319,17.0,12.989542,-4.010458
train,96,320,16.0,20.02735,4.0273495
train,96,321,15.0,16.567541,1.5675411
train,96,322,14.0,19.079556,5.0795555
train,96,323,13.0,17.509047,4.5090466
train,96,324,12.0,13.363518,1.3635178
train,96,325,11.0,15.477421,4.477421
train,96,326,10.0,15.007595,5.007595
train,96,327,9.0,10.449135,1.4491348
train,96,328,8.0,9.3915825,1.3915825
train,96,329,7.0,5.604679,-1.3953209
train,96,330,6.0,1.0600966,-4.9399033
train,96,331,5.0,0.5882453,-4.4117546
train,96,332,4.0,-0.33420193,-4.334202
train,96,333,3.0,-2.0045319,-5.004532
train,96,334,2.0,-3.083744,-5.083744
train,96,335,1.0,-4.4678154,-5.4678154
train,96,336,0.0,-1.7090951,-1.7090951
train,97,30,172.0,229.4096,57.409607
train,97,31,171.0,230.30928,59.30928
train,97,32,170.0,227.51341,57.513412
train,97,33,169.0,226.71161,57.71161
train,97,34,168.0,238.36356,70.363556
train,97,35,167.0,228.79001,61.79001
train,97,36,166.0,231.64905,65.64905
train,97,37,165.0,211.01918,46.01918
train,97,38,164.0,190.61053,26.610535
train,97,39,163.0,201.64261,38.64261
train,97,40,162.0,188.58022,26.580215
train,97,41,161.0,191.219,30.218994
train,97,42,160.0,185.14685,25.14685
train,97,43,159.0,150.28302,-8.71698
train,97,44,158.0,145.58904,-12.410965
train,97,45,157.0,145.17514,-11.82486
train,97,46,156.0,145.45273,-10.547272
train,97,47,155.0,151.77408,-3.2259216
train,97,48,154.0,160.19278,6.1927795
train,97,49,153.0,172.36993,19.369934
train,97,50,152.0,179.58539,27.585388
train,97,51,151.0,176.20601,25.206009
train,97,52,150.0,175.38086,25.38086
train,97,53,149.0,176.28952,27.28952
train,97,54,148.0,176.52678,28.52678
train,97,55,147.0,166.04654,19.04654
train,97,56,146.0,147.91489,1.9148865
train,97,57,145.0,157.62482,12.624817
train,97,58,144.0,174.03607,30.036072
train,97,59,143.0,173.44583,30.445831
train,97,60,142.0,187.92416,45.924164
train,97,61,141.0,189.45831,48.458313
train,97,62,140.0,184.9962,44.9962
train,97,63,139.0,178.9777,39.977707
train,97,64,138.0,176.92857,38.928574
train,97,65,137.0,179.76001,42.76001
train,97,66,136.0,180.84183,44.841827
train,97,67,135.0,180.74301,45.74301
train,97,68,134.0,170.64597,36.645966
train,97,69,133.0,165.79196,32.79196
train,97,70,132.0,147.56949,15.569489
train,97,71,131.0,154.71457,23.71457
train,97,72,130.0,154.51996,24.519958
train,97,73,129.0,178.05775,49.057755
train,97,74,128.0,182.17455,54.174545
train,97,75,127.0,192.46265,65.46265
train,97,76,126.0,195.48224,69.48224
train,97,77,125.0,209.53574,84.535736
train,97,78,124.0,201.14651,77.146515
train,97,79,123.0,197.20691,74.20691
train,97,80,122.0,194.18854,72.18854
train,97,81,121.0,193.58333,72.58333
train,97,82,120.0,198.6595,78.6595
train,97,83,119.0,199.8212,80.8212
train,97,84,118.0,198.13707,80.13707
train,97,85,117.0,196.78496,79.78496
train,97,86,116.0,173.1797,57.179703
train,97,87,115.0,189.96646,74.96646
train,97,88,114.0,196.99297,82.992966
train,97,89,113.0,159.85541,46.855408
train,97,90,112.0,153.48386,41.483856
train,97,91,111.0,143.33087,32.33087
train,97,92,110.0,152.71523,42.715225
train,97,93,109.0,158.02576,49.025757
train,97,94,108.0,156.13593,48.135925
train,97,95,107.0,153.77081,46.770813
train,97,96,106.0,167.75928,61.759277
train,97,97,105.0,169.62906,64.62906
train,97,98,104.0,161.75865,57.75865
train,97,99,103.0,167.56284,64.562836
train,97,100,102.0,155.6619,53.661896
train,97,101,101.0,151.92758,50.92758
train,97,102,100.0,141.57196,41.57196
train,97,103,99.0,133.7348,34.734802
train,97,104,98.0,120.73552,22.73552
train,97,105,97.0,122.358116,25.358116
train,97,106,96.0,118.626564,22.626564
train,97,107,95.0,129.392,34.392
train,97,108,94.0,115.1119,21.1119
train,97,109,93.0,115.97708,22.977081
train,97,110,92.0,120.47369,28.473686
train,97,111,91.0,119.80631,28.806313
train,97,112,90.0,113.91969,23.919693
train,97,113,89.0,109.17969,20.179688
train,97,114,88.0,107.54826,19.548264
train,97,115,87.0,113.61549,26.615494
train,97,116,86.0,102.87813,16.878128
train,97,117,85.0,111.44171,26.441711
train,97,118,84.0,105.29794,21.297943
train,97,119,83.0,141.99426,58.994263
train,97,120,82.0,143.0238,61.023804
train,97,121,81.0,136.99014,55.990143
train,97,122,80.0,133.50397,53.503967
train,97,123,79.0,132.60286,53.60286
train,97,124,78.0,130.03955,52.03955
train,97,125,77.0,135.63272,58.63272
train,97,126,76.0,127.99207,51.992073
train,97,127,75.0,118.257126,43.257126
train,97,128,74.0,102.65732,28.657318
train,97,129,73.0,111.57309,38.57309
train,97,130,72.0,106.76384,34.76384
train,97,131,71.0,112.89079,41.890793
train,97,132,70.0,114.248505,44.248505
train,97,133,69.0,111.80384,42.80384
train,97,134,68.0,119.267715,51.267715
train,97,135,67.0,110.964935,43.964935
train,97,136,66.0,106.44949,40.449493
train,97,137,65.0,104.756454,39.756454
train,97,138,64.0,99.38237,35.38237
train,97,139,63.0,98.2614,35.2614
train,97,140,62.0,94.415344,32.415344
train,97,141,61.0,97.7731,36.7731
train,97,142,60.0,102.346985,42.346985
train,97,143,59.0,100.668945,41.668945
train,97,144,58.0,92.88784,34.88784
train,97,145,57.0,92.86568,35.865677
train,97,146,56.0,85.00028,29.000282
train,97,147,55.0,87.27605,32.276047
train,97,148,54.0,77.54674,23.546738
train,97,149,53.0,79.98619,26.98619
train,97,150,52.0,76.43538,24.435379
train,97,151,51.0,71.02331,20.023308
train,97,152,50.0,72.17018,22.170181
train,97,153,49.0,67.66158,18.661583
train,97,154,48.0,68.70874,20.70874
train,97,155,47.0,70.16754,23.167542
train,97,156,46.0,70.178215,24.178215
train,97,157,45.0,66.52905,21.529053
train,97,158,44.0,62.29401,18.29401
train,97,159,43.0,57.93677,14.936771
train,97,160,42.0,58.229267,16.229267
train,97,161,41.0,59.891754,18.891754
train,97,162,40.0,56.91758,16.91758
train,97,163,39.0,58.653976,19.653976
train,97,164,38.0,56.879852,18.879852
train,97,165,37.0,57.237587,20.237587
train,97,166,36.0,55.411682,19.411682
train,97,167,35.0,57.986122,22.986122
train,97,168,34.0,55.946953,21.946953
train,97,169,33.0,55.02073,22.02073
train,97,170,32.0,55.975777,23.975777
train,97,171,31.0,52.0322,21.0322
train,97,172,30.0,44.289482,14.289482
train,97,173,29.0,43.957737,14.957737
train,97,174,28.0,42.86618,14.86618
train,97,175,27.0,41.54696,14.546959
train,97,176,26.0,38.741104,12.741104
train,97,177,25.0,41.84955,16.849548
train,97,178,24.0,40.343002,16.343002
train,97,179,23.0,37.332283,14.332283
train,97,180,22.0,36.518456,14.5184555
train,97,181,21.0,34.417225,13.417225
train,97,182,20.0,34.300964,14.300964
train,97,183,19.0,31.55862,12.55862
train,97,184,18.0,28.336363,10.336363
train,97,185,17.0,29.008856,12.008856
train,97,186,16.0,25.875795,9.875795
train,97,187,15.0,23.332077,8.332077
train,97,188,14.0,18.990883,4.990883
train,97,189,13.0,16.69077,3.6907692
train,97,190,12.0,12.417501,0.41750145
train,97,191,11.0,10.558904,-0.4410963
train,97,192,10.0,5.486084,-4.513916
train,97,193,9.0,1.5117682,-7.4882317
train,97,194,8.0,-0.53038037,-8.53038
train,97,195,7.0,-7.896105,-14.896105
train,97,196,6.0,-11.655315,-17.655315
train,97,197,5.0,-14.493,-19.493
train,97,198,4.0,-14.278652,-18.278652
train,97,199,3.0,-20.402319,-23.402319
train,97,200,2.0,-22.99607,-24.99607
train,97,201,1.0,-23.502394,-24.502394
train,97,202,0.0,-23.679382,-23.679382
train,99,30,155.0,170.62524,15.625244
train,99,31,154.0,163.31271,9.312714
train,99,32,153.0,155.09161,2.0916138
train,99,33,152.0,155.46454,3.4645386
train,99,34,151.0,142.9494,-8.050598
train,99,35,150.0,138.18338,-11.81662
train,99,36,149.0,145.87427,-3.1257324
train,99,37,148.0,180.91772,32.917725
train,99,38,147.0,180.31088,33.310883
train,99,39,146.0,182.99254,36.99254
train,99,40,145.0,181.38387,36.383865
train,99,41,144.0,146.88004,2.8800354
train,99,42,143.0,143.46875,0.46875
train,99,43,142.0,142.78624,0.7862396
train,99,44,141.0,142.24121,1.2412109
train,99,45,140.0,132.28731,-7.7126923
train,99,46,139.0,122.08757,-16.91243
train,99,47,138.0,131.62888,-6.3711243
train,99,48,137.0,130.0705,-6.9295044
train,99,49,136.0,126.10777,-9.892227
train,99,50,135.0,123.06272,-11.937279
train,99,51,134.0,129.64972,-4.350281
train,99,52,133.0,123.18033,-9.819672
train,99,53,132.0,123.5388,-8.461197
train,99,54,131.0,116.076996,-14.923004
train,99,55,130.0,124.03143,-5.968567
train,99,56,129.0,119.87626,-9.123741
train,99,57,128.0,129.1225,1.1224976
train,99,58,127.0,136.49579,9.495789
train,99,59,126.0,128.76471,2.7647095
train,99,60,125.0,126.25981,1.2598114
train,99,61,124.0,130.08658,6.0865784
train,99,62,123.0,126.51254,3.5125427
train,99,63,122.0,135.0347,13.0346985
train,99,64,121.0,136.56097,15.560974
train,99,65,120.0,139.0676,19.067596
train,99,66,119.0,140.86151,21.861511
train,99,67,118.0,143.95987,25.95987
train,99,68,117.0,158.62645,41.62645
train,99,69,116.0,159.37445,43.37445
train,99,70,115.0,156.80392,41.803925
train,99,71,114.0,198.41882,84.41882
train,99,72,113.0,203.6414,90.6414
train,99,73,112.0,204.5062,92.506195
train,99,74,111.0,208.60393,97.60393
train,99,75,110.0,214.48915,104.48915
train,99,76,109.0,215.95294,106.95294
train,99,77,108.0,221.29533,113.295334
train,99,78,107.0,219.56125,112.56125
train,99,79,106.0,217.6689,111.6689
train,99,80,105.0,210.30795,105.30795
train,99,81,104.0,207.95506,103.95506
train,99,82,103.0,200.1471,97.147095
train,99,83,102.0,194.82666,92.82666
train,99,84,101.0,177.17744,76.177444
train,99,85,100.0,148.1497,48.149704
train,99,86,99.0,144.21484,45.214844
train,99,87,98.0,143.41998,45.419983
train,99,88,97.0,139.7923,42.792297
train,99,89,96.0,137.34143,41.34143
train,99,90,95.0,143.65425,48.65425
train,99,91,94.0,150.17053,56.170532
train,99,92,93.0,141.23962,48.239624
train,99,93,92.0,132.82747,40.82747
train,99,94,91.0,129.39615,38.39615
train,99,95,90.0,143.94333,53.94333
train,99,96,89.0,142.1323,53.132294
train,99,97,88.0,137.31784,49.31784
train,99,98,87.0,131.80617,44.806168
train,99,99,86.0,126.21132,40.21132
train,99,100,85.0,113.037384,28.037384
train,99,101,84.0,103.25893,19.258926
train,99,102,83.0,105.09071,22.090714
train,99,103,82.0,103.912796,21.912796
train,99,104,81.0,106.40385,25.403847
train,99,105,80.0,103.16512,23.165123
train,99,106,79.0,102.91556,23.915558
train,99,107,78.0,96.1676,18.167603
train,99,108,77.0,104.416916,27.416916
train,99,109,76.0,95.585526,19.585526
train,99,110,75.0,91.46869,16.468689
train,99,111,74.0,86.612564,12.612564
train,99,112,73.0,84.08179,11.081787
train,99,113,72.0,86.75662,14.756622
train,99,114,71.0,74.37987,3.3798676
train,99,115,70.0,60.700775,-9.299225
train,99,116,69.0,62.453693,-6.5463066
train,99,117,68.0,68.48007,0.48007202
train,99,118,67.0,84.904305,17.904305
train,99,119,66.0,73.27849,7.278488
train,99,120,65.0,87.803696,22.803696
train,99,121,64.0,88.37854,24.37854
train,99,122,63.0,86.04695,23.046951
train,99,123,62.0,80.84064,18.840637
train,99,124,61.0,80.41293,19.412933
train,99,125,60.0,81.04532,21.045319
train,99,126,59.0,82.82423,23.824226
train,99,127,58.0,81.155014,23.155014
train,99,128,57.0,82.19495,25.194946
train,99,129,56.0,82.00059,26.000587
train,99,130,55.0,76.83982,21.83982
train,99,131,54.0,62.37066,8.370659
train,99,132,53.0,51.22163,-1.7783699
train,99,133,52.0,45.53454,-6.4654617
train,99,134,51.0,56.824074,5.824074
train,99,135,50.0,54.089817,4.089817
train,99,136,49.0,51.442932,2.4429321
train,99,137,48.0,49.49853,1.4985313
train,99,138,47.0,53.342815,6.3428154
train,99,139,46.0,51.91732,5.9173203
train,99,140,45.0,53.59436,8.59436
train,99,141,44.0,48.078667,4.0786667
train,99,142,43.0,49.045464,6.0454636
train,99,143,42.0,52.24918,10.24918
train,99,144,41.0,43.130783,2.130783
train,99,145,40.0,28.694433,-11.305567
train,99,146,39.0,29.273376,-9.726624
train,99,147,38.0,27.447662,-10.552338
train,99,148,37.0,40.030693,3.030693
train,99,149,36.0,33.963898,-2.0361023
train,99,150,35.0,38.511806,3.5118065
train,99,151,34.0,41.168182,7.1681824
train,99,152,33.0,34.719505,1.7195053
train,99,153,32.0,36.71737,4.717369
train,99,154,31.0,35.018654,4.018654
train,99,155,30.0,36.557106,6.557106
train,99,156,29.0,37.970215,8.970215
train,99,157,28.0,41.756863,13.756863
train,99,158,27.0,39.29679,12.296791
train,99,159,26.0,40.32505,14.32505
train,99,160,25.0,37.8422,12.842201
train,99,161,24.0,34.78855,10.788551
train,99,162,23.0,35.29589,12.295891
train,99,163,22.0,31.527145,9.527145
train,99,164,21.0,35.76489,14.764889
train,99,165,20.0,37.883316,17.883316
train,99,166,19.0,38.368782,19.368782
train,99,167,18.0,33.78557,15.785568
train,99,168,17.0,25.423388,8.423388
train,99,169,16.0,21.595322,5.5953217
train,99,170,15.0,18.989735,3.9897346
train,99,171,14.0,16.18451,2.1845093
train,99,172,13.0,11.102818,-1.8971825
train,99,173,12.0,14.171268,2.1712685
train,99,174,11.0,11.430319,0.43031883
train,99,175,10.0,2.6115646,-7.3884354
train,99,176,9.0,3.132513,-5.867487
train,99,177,8.0,4.8368225,-3.1631775
train,99,178,7.0,0.0439986,-6.9560013
train,99,179,6.0,-6.320713,-12.320713
train,99,180,5.0,-13.213665,-18.213665
train,99,181,4.0,-17.203701,-21.203701
train,99,182,3.0,-23.063023,-26.063023
train,99,183,2.0,-26.734184,-28.734184
train,99,184,1.0,-34.241474,-35.241474
train,99,185,0.0,-34.265163,-34.265163
val,3,30,149.0,204.89835,55.898346
val,3,31,148.0,197.4519,49.451904
val,3,32,147.0,191.61308,44.613083
val,3,33,146.0,199.1151,53.115097
val,3,34,145.0,200.60313,55.603134
val,3,35,144.0,197.69904,53.699036
val,3,36,143.0,206.55574,63.55574
val,3,37,142.0,200.36687,58.366867
val,3,38,141.0,179.17628,38.176285
val,3,39,140.0,180.08801,40.088013
val,3,40,139.0,177.28387,38.283875
val,3,41,138.0,180.62454,42.624542
val,3,42,137.0,141.79764,4.797638
val,3,43,136.0,140.46454,4.4645386
val,3,44,135.0,149.97278,14.972778
val,3,45,134.0,154.7078,20.707794
val,3,46,133.0,142.76013,9.760132
val,3,47,132.0,148.03134,16.031342
val,3,48,131.0,152.39175,21.391754
val,3,49,130.0,167.92737,37.92737
val,3,50,129.0,162.17429,33.174286
val,3,51,128.0,178.7118,50.711807
val,3,52,127.0,181.10034,54.10034
val,3,53,126.0,188.6116,62.611603
val,3,54,125.0,172.36215,47.362152
val,3,55,124.0,170.51595,46.515945
val,3,56,123.0,164.2916,41.291595
val,3,57,122.0,152.50827,30.50827
val,3,58,121.0,147.36267,26.36267
val,3,59,120.0,160.18985,40.18985
val,3,60,119.0,144.92426,25.924255
val,3,61,118.0,133.35025,15.35025
val,3,62,117.0,123.6299,6.629898
val,3,63,116.0,130.65448,14.65448
val,3,64,115.0,132.00073,17.000732
val,3,65,114.0,142.47739,28.477386
val,3,66,113.0,148.09784,35.09784
val,3,67,112.0,145.61801,33.61801
val,3,68,111.0,144.5116,33.511597
val,3,69,110.0,134.0692,24.069199
val,3,70,109.0,141.08707,32.087067
val,3,71,108.0,130.58054,22.580536
val,3,72,107.0,152.18982,45.18982
val,3,73,106.0,132.99533,26.99533
val,3,74,105.0,134.22658,29.226578
val,3,75,104.0,139.26105,35.261047
val,3,76,103.0,132.10545,29.105453
val,3,77,102.0,132.76918,30.76918
val,3,78,101.0,128.76985,27.769852
val,3,79,100.0,129.41779,29.417786
val,3,80,99.0,136.74304,37.743042
val,3,81,98.0,123.04098,25.040977
val,3,82,97.0,126.16237,29.162369
val,3,83,96.0,129.96387,33.963867
val,3,84,95.0,129.18951,34.189514
val,3,85,94.0,125.788895,31.788895
val,3,86,93.0,128.14867,35.148666
val,3,87,92.0,127.48269,35.48269
val,3,88,91.0,118.65288,27.652878
val,3,89,90.0,124.88497,34.88497
val,3,90,89.0,110.19565,21.195648
val,3,91,88.0,108.15785,20.157852
val,3,92,87.0,110.426056,23.426056
val,3,93,86.0,102.71471,16.714706
val,3,94,85.0,111.14751,26.147507
val,3,95,84.0,115.8734,31.873398
val,3,96,83.0,112.89612,29.896118
val,3,97,82.0,104.779495,22.779495
val,3,98,81.0,103.32521,22.32521
val,3,99,80.0,107.78686,27.786858
val,3,100,79.0,115.04263,36.042633
val,3,101,78.0,112.11557,34.11557
val,3,102,77.0,104.40006,27.400063
val,3,103,76.0,108.29903,32.299026
val,3,104,75.0,99.87513,24.87513
val,3,105,74.0,101.98369,27.983688
val,3,106,73.0,99.68621,26.68621
val,3,107,72.0,84.3116,12.3116
val,3,108,71.0,80.089745,9.089745
val,3,109,70.0,87.72095,17.720947
val,3,110,69.0,90.89691,21.896912
val,3,111,68.0,89.27915,21.279152
val,3,112,67.0,83.88104,16.881042
val,3,113,66.0,83.40262,17.402618
val,3,114,65.0,81.29274,16.29274
val,3,115,64.0,80.95485,16.95485
val,3,116,63.0,78.65074,15.650742
val,3,117,62.0,81.571724,19.571724
val,3,118,61.0,76.91287,15.912872
val,3,119,60.0,75.95671,15.956711
val,3,120,59.0,65.02797,6.0279694
val,3,121,58.0,64.26461,6.2646103
val,3,122,57.0,60.123756,3.1237564
val,3,123,56.0,60.643894,4.643894
val,3,124,55.0,59.30621,4.3062096
val,3,125,54.0,61.884644,7.8846436
val,3,126,53.0,64.96715,11.967148
val,3,127,52.0,60.526924,8.526924
val,3,128,51.0,58.895287,7.8952866
val,3,129,50.0,56.749214,6.749214
val,3,130,49.0,48.20824,-0.7917595
val,3,131,48.0,45.53943,-2.4605713
val,3,132,47.0,45.37225,-1.6277504
val,3,133,46.0,44.048393,-1.9516068
val,3,134,45.0,41.837452,-3.162548
val,3,135,44.0,41.19357,-2.8064308
val,3,136,43.0,38.40159,-4.5984116
val,3,137,42.0,40.42276,-1.57724
val,3,138,41.0,42.998833,1.9988327
val,3,139,40.0,53.778763,13.778763
val,3,140,39.0,57.121532,18.121532
val,3,141,38.0,56.715107,18.715107
val,3,142,37.0,54.87514,17.875141
val,3,143,36.0,56.41857,20.418571
val,3,144,35.0,58.939983,23.939983
val,3,145,34.0,56.593544,22.593544
val,3,146,33.0,54.97127,21.971272
val,3,147,32.0,57.958397,25.958397
val,3,148,31.0,55.713238,24.713238
val,3,149,30.0,52.83098,22.830978
val,3,150,29.0,52.211063,23.211063
val,3,151,28.0,50.09243,22.09243
val,3,152,27.0,47.877254,20.877254
val,3,153,26.0,48.5355,22.5355
val,3,154,25.0,43.09659,18.096588
val,3,155,24.0,41.75212,17.752121
val,3,156,23.0,38.550404,15.550404
val,3,157,22.0,41.49401,19.49401
val,3,158,21.0,35.57293,14.572929
val,3,159,20.0,38.714283,18.714283
val,3,160,19.0,33.441124,14.441124
val,3,161,18.0,29.123798,11.123798
val,3,162,17.0,25.61993,8.61993
val,3,163,16.0,23.919128,7.9191284
val,3,164,15.0,21.434288,6.434288
val,3,165,14.0,22.278065,8.278065
val,3,166,13.0,22.910282,9.910282
val,3,167,12.0,15.473056,3.4730558
val,3,168,11.0,12.141791,1.1417913
val,3,169,10.0,5.7825947,-4.2174053
val,3,170,9.0,0.40341365,-8.596586
val,3,171,8.0,-2.7219276,-10.721928
val,3,172,7.0,-3.9794102,-10.97941
val,3,173,6.0,-8.165798,-14.165798
val,3,174,5.0,-10.764599,-15.764599
val,3,175,4.0,-7.7981358,-11.798136
val,3,176,3.0,-12.539442,-15.539442
val,3,177,2.0,-17.7688,-19.7688
val,3,178,1.0,-21.825336,-22.825336
val,3,179,0.0,-21.602741,-21.602741
val,5,30,239.0,199.784,-39.216003
val,5,31,238.0,200.86975,-37.13025
val,5,32,237.0,193.58884,-43.411163
val,5,33,236.0,187.07387,-48.926132
val,5,34,235.0,185.04211,-49.957886
val,5,35,234.0,186.60402,-47.39598
val,5,36,233.0,189.72986,-43.27014
val,5,37,232.0,195.12567,-36.87433
val,5,38,231.0,195.55699,-35.44301
val,5,39,230.0,198.87355,-31.12645
val,5,40,229.0,191.3049,-37.6951
val,5,41,228.0,185.01231,-42.987686
val,5,42,227.0,180.89032,-46.10968
val,5,43,226.0,190.18878,-35.81122
val,5,44,225.0,193.6307,-31.369293
val,5,45,224.0,195.24634,-28.753662
val,5,46,223.0,186.99318,-36.00682
val,5,47,222.0,192.24245,-29.757553
val,5,48,221.0,196.52179,-24.47821
val,5,49,220.0,196.85214,-23.147858
val,5,50,219.0,192.99146,-26.008545
val,5,51,218.0,191.81497,-26.185028
val,5,52,217.0,190.79773,-26.20227
val,5,53,216.0,193.23201,-22.76799
val,5,54,215.0,187.78265,-27.217346
val,5,55,214.0,199.9971,-14.002899
val,5,56,213.0,204.14944,-8.850555
val,5,57,212.0,202.19778,-9.802216
val,5,58,211.0,195.12082,-15.879181
val,5,59,210.0,197.49307,-12.5069275
val,5,60,209.0,195.07178,-13.928223
val,5,61,208.0,196.4227,-11.577301
val,5,62,207.0,190.28416,-16.715836
val,5,63,206.0,189.9492,-16.050797
val,5,64,205.0,181.17406,-23.825943
val,5,65,204.0,184.61215,-19.387848
val,5,66,203.0,187.4948,-15.505203
val,5,67,202.0,188.30121,-13.6987915
val,5,68,201.0,187.32315,-13.676849
val,5,69,200.0,191.83142,-8.168579
val,5,70,199.0,195.23325,-3.7667542
val,5,71,198.0,183.25127,-14.7487335
val,5,72,197.0,182.81128,-14.188721
val,5,73,196.0,181.29819,-14.701813
val,5,74,195.0,183.59888,-11.401123
val,5,75,194.0,180.7958,-13.204193
val,5,76,193.0,158.36191,-34.638092
val,5,77,192.0,151.03886,-40.961136
val,5,78,191.0,148.02298,-42.97702
val,5,79,190.0,146.02637,-43.973633
val,5,80,189.0,148.79465,-40.205353
val,5,81,188.0,148.73044,-39.26956
val,5,82,187.0,142.9043,-44.095703
val,5,83,186.0,137.05794,-48.942062
val,5,84,185.0,140.52243,-44.47757
val,5,85,184.0,143.44156,-40.55844
val,5,86,183.0,152.47818,-30.52182
val,5,87,182.0,163.56732,-18.432678
val,5,88,181.0,165.71216,-15.287842
val,5,89,180.0,162.65555,-17.344452
val,5,90,179.0,167.85101,-11.148987
val,5,91,178.0,169.86496,-8.13504
val,5,92,177.0,174.24303,-2.7569733
val,5,93,176.0,174.86902,-1.1309814
val,5,94,175.0,168.06873,-6.9312744
val,5,95,174.0,173.19218,-0.80781555
val,5,96,173.0,168.02716,-4.9728394
val,5,97,172.0,169.54987,-2.4501343
val,5,98,171.0,166.10846,-4.8915405
val,5,99,170.0,167.2428,-2.7572021
val,5,100,169.0,176.98953,7.9895325
val,5,101,168.0,170.73534,2.7353363
val,5,102,167.0,167.43716,0.4371643
val,5,103,166.0,165.22934,-0.7706604
val,5,104,165.0,161.51328,-3.4867249
val,5,105,164.0,156.88162,-7.1183777
val,5,106,163.0,156.88751,-6.112488
val,5,107,162.0,149.93312,-12.066879
val,5,108,161.0,151.37717,-9.622833
val,5,109,160.0,146.78293,-13.217072
val,5,110,159.0,148.9328,-10.0672
val,5,111,158.0,146.35855,-11.641449
val,5,112,157.0,149.75313,-7.246872
val,5,113,156.0,149.24136,-6.7586365
val,5,114,155.0,148.9566,-6.043396
val,5,115,154.0,150.26614,-3.7338562
val,5,116,153.0,152.91751,-0.08248901
val,5,117,152.0,141.89749,-10.102509
val,5,118,151.0,142.94403,-8.055969
val,5,119,150.0,136.45201,-13.547989
val,5,120,149.0,131.8464,-17.153595
val,5,121,148.0,130.46577,-17.534225
val,5,122,147.0,144.56883,-2.4311676
val,5,123,146.0,149.81601,3.8160095
val,5,124,145.0,141.42004,-3.579956
val,5,125,144.0,138.59808,-5.4019165
val,5,126,143.0,134.34729,-8.65271
val,5,127,142.0,134.22842,-7.771576
val,5,128,141.0,123.66648,-17.333519
val,5,129,140.0,126.2496,-13.750397
val,5,130,139.0,137.21234,-1.7876587
val,5,131,138.0,131.29465,-6.705353
val,5,132,137.0,128.82776,-8.172241
val,5,133,136.0,128.1247,-7.875305
val,5,134,135.0,131.6419,-3.3580933
val,5,135,134.0,134.06676,0.0667572
val,5,136,133.0,140.77953,7.7795258
val,5,137,132.0,126.0622,-5.9377975
val,5,138,131.0,133.81773,2.8177338
val,5,139,130.0,129.90758,-0.092422485
val,5,140,129.0,124.85341,-4.146591
val,5,141,128.0,122.18505,-5.814949
val,5,142,127.0,120.814026,-6.185974
val,5,143,126.0,134.22955,8.229553
val,5,144,125.0,132.84682,7.846817
val,5,145,124.0,133.73997,9.739975
val,5,146,123.0,129.99657,6.996567
val,5,147,122.0,143.41959,21.419586
val,5,148,121.0,156.16147,35.16147
val,5,149,120.0,150.35214,30.352142
val,5,150,119.0,139.81824,20.818237
val,5,151,118.0,130.03358,12.033585
val,5,152,117.0,128.65544,11.655441
val,5,153,116.0,126.98433,10.984329
val,5,154,115.0,126.78263,11.782631
val,5,155,114.0,127.6229,13.622902
val,5,156,113.0,129.93164,16.93164
val,5,157,112.0,127.36856,15.368561
val,5,158,111.0,117.94095,6.9409485
val,5,159,110.0,120.207825,10.207825
val,5,160,109.0,108.08547,-0.9145279
val,5,161,108.0,108.06705,0.06704712
val,5,162,107.0,112.45775,5.4577484
val,5,163,106.0,100.00813,-5.991867
val,5,164,105.0,97.15468,-7.8453217
val,5,165,104.0,95.15693,-8.843071
val,5,166,103.0,95.98045,-7.0195465
val,5,167,102.0,99.73414,-2.2658615
val,5,168,101.0,104.2733,3.2733002
val,5,169,100.0,99.55325,-0.44674683
val,5,170,99.0,97.28238,-1.7176208
val,5,171,98.0,98.45736,0.4573593
val,5,172,97.0,95.41989,-1.5801086
val,5,173,96.0,95.952,-0.04799652
val,5,174,95.0,105.56151,10.561508
val,5,175,94.0,100.64483,6.644829
val,5,176,93.0,89.92912,-3.070877
val,5,177,92.0,92.87944,0.8794403
val,5,178,91.0,102.44827,11.448273
val,5,179,90.0,105.91704,15.917038
val,5,180,89.0,107.01334,18.013344
val,5,181,88.0,71.83777,-16.162231
val,5,182,87.0,69.86964,-17.130363
val,5,183,86.0,64.66148,-21.338516
val,5,184,85.0,57.52526,-27.47474
val,5,185,84.0,56.899635,-27.100365
val,5,186,83.0,58.606945,-24.393055
val,5,187,82.0,53.69217,-28.30783
val,5,188,81.0,50.800163,-30.199837
val,5,189,80.0,49.72148,-30.278519
val,5,190,79.0,48.123062,-30.876938
val,5,191,78.0,51.396603,-26.603397
val,5,192,77.0,54.055527,-22.944473
val,5,193,76.0,49.51792,-26.482079
val,5,194,75.0,47.102478,-27.897522
val,5,195,74.0,43.775986,-30.224014
val,5,196,73.0,42.79744,-30.20256
val,5,197,72.0,46.02315,-25.976849
val,5,198,71.0,47.88166,-23.11834
val,5,199,70.0,43.783195,-26.216805
val,5,200,69.0,46.52006,-22.479939
val,5,201,68.0,46.59551,-21.404491
val,5,202,67.0,51.756187,-15.243813
val,5,203,66.0,48.552032,-17.447968
val,5,204,65.0,49.53861,-15.461391
val,5,205,64.0,48.791622,-15.208378
val,5,206,63.0,49.01492,-13.985081
val,5,207,62.0,50.939247,-11.060753
val,5,208,61.0,47.7775,-13.2225
val,5,209,60.0,45.711987,-14.288013
val,5,210,59.0,42.417,-16.583
val,5,211,58.0,66.40492,8.4049225
val,5,212,57.0,61.847958,4.8479576
val,5,213,56.0,62.019035,6.0190353
val,5,214,55.0,64.62287,9.622871
val,5,215,54.0,63.7762,9.776199
val,5,216,53.0,64.56723,11.56723
val,5,217,52.0,60.823082,8.823082
val,5,218,51.0,64.25715,13.257149
val,5,219,50.0,61.633583,11.633583
val,5,220,49.0,59.248817,10.248817
val,5,221,48.0,56.761337,8.761337
val,5,222,47.0,55.561874,8.561874
val,5,223,46.0,55.541412,9.541412
val,5,224,45.0,55.35517,10.355171
val,5,225,44.0,55.25283,11.2528305
val,5,226,43.0,52.115166,9.115166
val,5,227,42.0,50.923744,8.923744
val,5,228,41.0,52.838474,11.838474
val,5,229,40.0,53.31546,13.31546
val,5,230,39.0,52.147247,13.147247
val,5,231,38.0,45.00387,7.003868
val,5,232,37.0,44.865974,7.8659744
val,5,233,36.0,38.71698,2.71698
val,5,234,35.0,39.308582,4.3085823
val,5,235,34.0,38.839684,4.8396835
val,5,236,33.0,38.927715,5.9277153
val,5,237,32.0,37.296005,5.2960052
val,5,238,31.0,40.30056,9.30056
val,5,239,30.0,39.160934,9.160934
val,5,240,29.0,37.085823,8.085823
val,5,241,28.0,36.410713,8.410713
val,5,242,27.0,36.891865,9.891865
val,5,243,26.0,35.05671,9.056709
val,5,244,25.0,33.92285,8.922852
val,5,245,24.0,29.052519,5.052519
val,5,246,23.0,23.578732,0.57873154
val,5,247,22.0,22.932465,0.9324646
val,5,248,21.0,20.002352,-0.99764824
val,5,249,20.0,23.611132,3.6111317
val,5,250,19.0,22.46535,3.4653492
val,5,251,18.0,20.549292,2.5492916
val,5,252,17.0,20.761795,3.761795
val,5,253,16.0,15.947132,-0.05286789
val,5,254,15.0,18.627895,3.6278954
val,5,255,14.0,17.10984,3.1098404
val,5,256,13.0,16.32896,3.3289604
val,5,257,12.0,11.870813,-0.12918663
val,5,258,11.0,10.19461,-0.80539036
val,5,259,10.0,9.907763,-0.09223747
val,5,260,9.0,11.908132,2.9081316
val,5,261,8.0,9.688454,1.6884537
val,5,262,7.0,9.691982,2.6919823
val,5,263,6.0,9.582294,3.5822945
val,5,264,5.0,3.3994713,-1.6005287
val,5,265,4.0,0.97237766,-3.0276222
val,5,266,3.0,1.6929892,-1.3070108
val,5,267,2.0,2.18227,0.18227005
val,5,268,1.0,0.9837798,-0.016220212
val,5,269,0.0,0.9300574,0.9300574
val,19,30,128.0,165.71045,37.71045
val,19,31,127.0,161.94049,34.94049
val,19,32,126.0,146.15427,20.154266
val,19,33,125.0,135.0256,10.025604
val,19,34,124.0,128.08002,4.080017
val,19,35,123.0,120.280914,-2.7190857
val,19,36,122.0,118.36317,-3.6368332
val,19,37,121.0,122.43267,1.4326706
val,19,38,120.0,119.5386,-0.4614029
val,19,39,119.0,122.950226,3.9502258
val,19,40,118.0,135.3043,17.304306
val,19,41,117.0,130.48624,13.486237
val,19,42,116.0,130.14748,14.147476
val,19,43,115.0,136.46037,21.460373
val,19,44,114.0,139.69144,25.691437
val,19,45,113.0,129.66624,16.666245
val,19,46,112.0,126.0874,14.087402
val,19,47,111.0,121.2836,10.2836
val,19,48,110.0,115.09445,5.094452
val,19,49,109.0,102.44401,-6.555992
val,19,50,108.0,98.813,-9.186996
val,19,51,107.0,107.71699,0.7169876
val,19,52,106.0,128.78497,22.784973
val,19,53,105.0,111.69574,6.6957397
val,19,54,104.0,110.79694,6.7969437
val,19,55,103.0,107.26691,4.2669067
val,19,56,102.0,117.79976,15.799759
val,19,57,101.0,119.04108,18.041077
val,19,58,100.0,121.66754,21.667542
val,19,59,99.0,127.52207,28.522072
val,19,60,98.0,126.62833,28.628326
val,19,61,97.0,121.994385,24.994385
val,19,62,96.0,110.12567,14.125671
val,19,63,95.0,102.79766,7.797661
val,19,64,94.0,107.108025,13.108025
val,19,65,93.0,113.279785,20.279785
val,19,66,92.0,114.617165,22.617165
val,19,67,91.0,104.8553,13.855301
val,19,68,90.0,112.40345,22.40345
val,19,69,89.0,118.44735,29.44735
val,19,70,88.0,134.59714,46.597137
val,19,71,87.0,133.50558,46.505585
val,19,72,86.0,133.59961,47.59961
val,19,73,85.0,131.67175,46.671753
val,19,74,84.0,131.0415,47.041504
val,19,75,83.0,128.44023,45.44023
val,19,76,82.0,122.35185,40.351852
val,19,77,81.0,115.96808,34.96808
val,19,78,80.0,120.18309,40.18309
val,19,79,79.0,122.89924,43.89924
val,19,80,78.0,115.55018,37.55018
val,19,81,77.0,109.11051,32.11051
val,19,82,76.0,115.58124,39.581238
val,19,83,75.0,107.4556,32.455597
val,19,84,74.0,96.5823,22.582298
val,19,85,73.0,85.645355,12.645355
val,19,86,72.0,92.61154,20.611542
val,19,87,71.0,100.05279,29.052788
val,19,88,70.0,86.09702,16.097023
val,19,89,69.0,65.72112,-3.2788773
val,19,90,68.0,68.66799,0.66799164
val,19,91,67.0,68.07945,1.0794525
val,19,92,66.0,63.19738,-2.80262
val,19,93,65.0,57.216957,-7.783043
val,19,94,64.0,47.673687,-16.326313
val,19,95,63.0,49.954674,-13.045326
val,19,96,62.0,47.55715,-14.442848
val,19,97,61.0,41.202965,-19.797035
val,19,98,60.0,43.21781,-16.782188
val,19,99,59.0,51.620766,-7.3792343
val,19,100,58.0,59.75392,1.7539215
val,19,101,57.0,57.983337,0.9833374
val,19,102,56.0,57.710888,1.7108879
val,19,103,55.0,65.19931,10.19931
val,19,104,54.0,67.63736,13.63736
val,19,105,53.0,59.079315,6.079315
val,19,106,52.0,54.262455,2.262455
val,19,107,51.0,58.720078,7.7200775
val,19,108,50.0,69.15419,19.15419
val,19,109,49.0,69.9138,20.913803
val,19,110,48.0,62.691914,14.691914
val,19,111,47.0,62.24667,15.24667
val,19,112,46.0,56.79528,10.79528
val,19,113,45.0,60.098454,15.0984535
val,19,114,44.0,51.89386,7.89386
val,19,115,43.0,52.15566,9.155659
val,19,116,42.0,57.258545,15.258545
val,19,117,41.0,65.907425,24.907425
val,19,118,40.0,64.7733,24.7733
val,19,119,39.0,59.43714,20.437141
val,19,120,38.0,59.843433,21.843433
val,19,121,37.0,54.498287,17.498287
val,19,122,36.0,54.80062,18.800621
val,19,123,35.0,48.43127,13.431271
val,19,124,34.0,48.040337,14.040337
val,19,125,33.0,39.98027,6.9802704
val,19,126,32.0,36.054844,4.054844
val,19,127,31.0,32.96862,1.9686203
val,19,128,30.0,29.779545,-0.22045517
val,19,129,29.0,31.192553,2.1925526
val,19,130,28.0,29.759533,1.7595329
val,19,131,27.0,35.888485,8.888485
val,19,132,26.0,31.533632,5.5336323
val,19,133,25.0,36.76759,11.76759
val,19,134,24.0,38.106655,14.106655
val,19,135,23.0,30.894833,7.8948326
val,19,136,22.0,27.351765,5.3517647
val,19,137,21.0,24.880997,3.8809967
val,19,138,20.0,21.1461,1.1460991
val,19,139,19.0,18.741528,-0.25847244
val,19,140,18.0,14.255184,-3.7448158
val,19,141,17.0,20.067665,3.067665
val,19,142,16.0,19.38421,3.3842106
val,19,143,15.0,10.548714,-4.4512863
val,19,144,14.0,7.0063114,-6.9936886
val,19,145,13.0,12.198324,-0.8016758
val,19,146,12.0,10.639198,-1.3608017
val,19,147,11.0,14.537876,3.5378761
val,19,148,10.0,16.491432,6.491432
val,19,149,9.0,15.211649,6.211649
val,19,150,8.0,10.495604,2.4956036
val,19,151,7.0,5.8935966,-1.1064034
val,19,152,6.0,2.256506,-3.743494
val,19,153,5.0,1.2875403,-3.7124596
val,19,154,4.0,-4.788084,-8.788084
val,19,155,3.0,-6.658903,-9.658903
val,19,156,2.0,-5.385132,-7.385132
val,19,157,1.0,-5.7833157,-6.7833157
val,19,158,0.0,-13.085272,-13.085272
val,22,30,172.0,119.00338,-52.99662
val,22,31,171.0,131.5682,-39.431793
val,22,32,170.0,129.3122,-40.687805
val,22,33,169.0,136.43866,-32.56134
val,22,34,168.0,149.14339,-18.856613
val,22,35,167.0,144.63263,-22.36737
val,22,36,166.0,163.77069,-2.229309
val,22,37,165.0,168.46198,3.461975
val,22,38,164.0,175.15195,11.151947
val,22,39,163.0,171.23082,8.23082
val,22,40,162.0,170.24904,8.249039
val,22,41,161.0,157.10608,-3.893921
val,22,42,160.0,152.1868,-7.813202
val,22,43,159.0,147.03987,-11.960129
val,22,44,158.0,139.13144,-18.86856
val,22,45,157.0,137.57019,-19.42981
val,22,46,156.0,132.03474,-23.965256
val,22,47,155.0,137.61311,-17.386887
val,22,48,154.0,122.471054,-31.528946
val,22,49,153.0,116.77374,-36.226257
val,22,50,152.0,113.93534,-38.06466
val,22,51,151.0,115.8227,-35.1773
val,22,52,150.0,119.084915,-30.915085
val,22,53,149.0,115.10864,-33.891357
val,22,54,148.0,108.18084,-39.81916
val,22,55,147.0,89.118195,-57.881805
val,22,56,146.0,80.42151,-65.57849
val,22,57,145.0,82.71881,-62.28119
val,22,58,144.0,75.34226,-68.65774
val,22,59,143.0,77.7126,-65.2874
val,22,60,142.0,78.48342,-63.51658
val,22,61,141.0,74.14053,-66.85947
val,22,62,140.0,72.81328,-67.18672
val,22,63,139.0,86.98244,-52.017563
val,22,64,138.0,82.10983,-55.890167
val,22,65,137.0,86.209015,-50.790985
val,22,66,136.0,90.256256,-45.743744
val,22,67,135.0,104.47138,-30.528618
val,22,68,134.0,106.35512,-27.644882
val,22,69,133.0,101.11394,-31.886063
val,22,70,132.0,106.63016,-25.369843
val,22,71,131.0,106.18999,-24.810013
val,22,72,130.0,126.09826,-3.901741
val,22,73,129.0,133.7005,4.7005005
val,22,74,128.0,125.51352,-2.4864807
val,22,75,127.0,151.66379,24.663788
val,22,76,126.0,148.90503,22.90503
val,22,77,125.0,150.57109,25.57109
val,22,78,124.0,148.20213,24.202133
val,22,79,123.0,153.76822,30.768219
val,22,80,122.0,155.33905,33.33905
val,22,81,121.0,140.84335,19.843353
val,22,82,120.0,148.84723,28.847229
val,22,83,119.0,152.35257,33.35257
val,22,84,118.0,141.58138,23.581375
val,22,85,117.0,145.19135,28.191345
val,22,86,116.0,135.06392,19.06392
val,22,87,115.0,129.49661,14.496613
val,22,88,114.0,125.61773,11.617729
val,22,89,113.0,137.71977,24.719772
val,22,90,112.0,128.87427,16.874268
val,22,91,111.0,119.777176,8.777176
val,22,92,110.0,109.26045,-0.7395477
val,22,93,109.0,104.936966,-4.063034
val,22,94,108.0,97.7196,-10.280403
val,22,95,107.0,101.36558,-5.6344223
val,22,96,106.0,96.78877,-9.211227
val,22,97,105.0,97.89668,-7.1033173
val,22,98,104.0,102.766464,-1.2335358
val,22,99,103.0,101.67461,-1.3253937
val,22,100,102.0,93.310585,-8.689415
val,22,101,101.0,107.95024,6.950241
val,22,102,100.0,118.27305,18.273048
val,22,103,99.0,117.672516,18.672516
val,22,104,98.0,113.42384,15.423843
val,22,105,97.0,120.88583,23.885834
val,22,106,96.0,109.424934,13.424934
val,22,107,95.0,100.33539,5.335388
val,22,108,94.0,91.170456,-2.829544
val,22,109,93.0,89.58404,-3.4159622
val,22,110,92.0,93.4591,1.4590988
val,22,111,91.0,91.02156,0.021560669
val,22,112,90.0,84.57172,-5.4282837
val,22,113,89.0,76.391815,-12.608185
val,22,114,88.0,76.63097,-11.369034
val,22,115,87.0,88.60192,1.6019211
val,22,116,86.0,96.644844,10.644844
val,22,117,85.0,99.48919,14.489189
val,22,118,84.0,89.729385,5.7293854
val,22,119,83.0,88.13287,5.1328735
val,22,120,82.0,91.22904,9.229042
val,22,121,81.0,91.3882,10.388199
val,22,122,80.0,82.48294,2.4829407
val,22,123,79.0,78.95902,-0.040977478
val,22,124,78.0,78.75354,0.75354004
val,22,125,77.0,80.906586,3.9065857
val,22,126,76.0,76.47504,0.47503662
val,22,127,75.0,79.65596,4.65596
val,22,128,74.0,86.555824,12.555824
val,22,129,73.0,85.351654,12.351654
val,22,130,72.0,80.342285,8.342285
val,22,131,71.0,87.40193,16.401932
val,22,132,70.0,84.52051,14.520508
val,22,133,69.0,70.7855,1.7854996
val,22,134,68.0,66.24661,-1.7533875
val,22,135,67.0,62.897133,-4.102867
val,22,136,66.0,63.25896,-2.7410393
val,22,137,65.0,64.79902,-0.20098114
val,22,138,64.0,59.91772,-4.082279
val,22,139,63.0,58.518585,-4.481415
val,22,140,62.0,57.85995,-4.140049
val,22,141,61.0,55.600315,-5.399685
val,22,142,60.0,56.84862,-3.1513786
val,22,143,59.0,57.289875,-1.710125
val,22,144,58.0,59.076668,1.0766678
val,22,145,57.0,58.90586,1.9058609
val,22,146,56.0,58.44909,2.449089
val,22,147,55.0,56.065876,1.065876
val,22,148,54.0,47.409348,-6.5906525
val,22,149,53.0,43.43965,-9.5603485
val,22,150,52.0,52.83202,0.8320198
val,22,151,51.0,48.6382,-2.3618011
val,22,152,50.0,54.88114,4.8811417
val,22,153,49.0,58.024773,9.024773
val,22,154,48.0,57.05017,9.050171
val,22,155,47.0,58.112637,11.112637
val,22,156,46.0,53.30681,7.3068085
val,22,157,45.0,56.627438,11.627438
val,22,158,44.0,52.97372,8.973721
val,22,159,43.0,46.57836,3.5783615
val,22,160,42.0,46.405487,4.405487
val,22,161,41.0,48.090054,7.0900536
val,22,162,40.0,50.184093,10.184093
val,22,163,39.0,44.8785,5.878502
val,22,164,38.0,46.96978,8.96978
val,22,165,37.0,45.6934,8.693401
val,22,166,36.0,47.300648,11.300648
val,22,167,35.0,48.932068,13.932068
val,22,168,34.0,53.628098,19.628098
val,22,169,33.0,51.097992,18.097992
val,22,170,32.0,51.004227,19.004227
val,22,171,31.0,45.37824,14.378239
val,22,172,30.0,42.76079,12.760792
val,22,173,29.0,33.922436,4.9224358
val,22,174,28.0,30.364172,2.364172
val,22,175,27.0,34.176277,7.176277
val,22,176,26.0,37.811638,11.811638
val,22,177,25.0,40.3844,15.384399
val,22,178,24.0,35.348,11.348
val,22,179,23.0,32.52104,9.521042
val,22,180,22.0,31.536356,9.536356
val,22,181,21.0,31.655516,10.655516
val,22,182,20.0,32.23886,12.238861
val,22,183,19.0,27.082571,8.082571
val,22,184,18.0,28.699959,10.699959
val,22,185,17.0,32.845707,15.845707
val,22,186,16.0,32.860176,16.860176
val,22,187,15.0,29.452974,14.452974
val,22,188,14.0,25.466774,11.466774
val,22,189,13.0,16.860073,3.860073
val,22,190,12.0,20.52475,8.52475
val,22,191,11.0,12.0445595,1.0445595
val,22,192,10.0,10.528711,0.5287113
val,22,193,9.0,9.252354,0.25235367
val,22,194,8.0,12.084887,4.0848866
val,22,195,7.0,12.301683,5.3016834
val,22,196,6.0,16.908957,10.908957
val,22,197,5.0,17.185787,12.185787
val,22,198,4.0,17.38538,13.38538
val,22,199,3.0,22.940083,19.940083
val,22,200,2.0,23.88839,21.88839
val,22,201,1.0,19.114292,18.114292
val,22,202,0.0,16.279972,16.279972
val,25,30,200.0,195.38507,-4.614929
val,25,31,199.0,197.12108,-1.8789215
val,25,32,198.0,185.37401,-12.625992
val,25,33,197.0,175.37439,-21.62561
val,25,34,196.0,173.05325,-22.946747
val,25,35,195.0,183.0736,-11.926407
val,25,36,194.0,189.86215,-4.137848
val,25,37,193.0,181.19579,-11.8042145
val,25,38,192.0,177.35385,-14.646149
val,25,39,191.0,160.01135,-30.988647
val,25,40,190.0,148.0888,-41.911194
val,25,41,189.0,149.34203,-39.657974
val,25,42,188.0,144.00699,-43.99301
val,25,43,187.0,144.61606,-42.38394
val,25,44,186.0,131.73608,-54.263916
val,25,45,185.0,127.155914,-57.844086
val,25,46,184.0,130.69458,-53.30542
val,25,47,183.0,121.969696,-61.030304
val,25,48,182.0,127.834885,-54.165115
val,25,49,181.0,135.19682,-45.803177
val,25,50,180.0,137.08823,-42.911774
val,25,51,179.0,129.97336,-49.02664
val,25,52,178.0,125.95822,-52.04178
val,25,53,177.0,130.17119,-46.82881
val,25,54,176.0,131.74501,-44.25499
val,25,55,175.0,139.48839,-35.511612
val,25,56,174.0,150.6971,-23.302902
val,25,57,173.0,165.39925,-7.600754
val,25,58,172.0,175.64536,3.6453552
val,25,59,171.0,166.77351,-4.226486
val,25,60,170.0,164.89114,-5.108856
val,25,61,169.0,173.72217,4.722168
val,25,62,168.0,168.1462,0.14619446
val,25,63,167.0,171.22223,4.222229
val,25,64,166.0,165.00974,-0.9902649
val,25,65,165.0,166.0573,1.0572968
val,25,66,164.0,157.43596,-6.564041
val,25,67,163.0,150.53574,-12.464264
val,25,68,162.0,144.03085,-17.969147
val,25,69,161.0,138.88281,-22.117188
val,25,70,160.0,132.40149,-27.59851
val,25,71,159.0,135.39522,-23.604782
val,25,72,158.0,139.563,-18.436996
val,25,73,157.0,139.92036,-17.079636
val,25,74,156.0,142.06693,-13.933075
val,25,75,155.0,139.47722,-15.522781
val,25,76,154.0,146.29623,-7.703766
val,25,77,153.0,143.56985,-9.430145
val,25,78,152.0,140.12306,-11.876938
val,25,79,151.0,138.51144,-12.488556
val,25,80,150.0,159.49796,9.497955
val,25,81,149.0,162.01859,13.018585
val,25,82,148.0,153.53586,5.535858
val,25,83,147.0,166.41702,19.417023
val,25,84,146.0,149.5144,3.5144043
val,25,85,145.0,150.41971,5.4197083
val,25,86,144.0,139.57582,-4.424179
val,25,87,143.0,146.63644,3.636444
val,25,88,142.0,154.15984,12.159836
val,25,89,141.0,154.29706,13.297058
val,25,90,140.0,149.59763,9.597626
val,25,91,139.0,148.00174,9.0017395
val,25,92,138.0,148.51425,10.514252
val,25,93,137.0,146.57283,9.57283
val,25,94,136.0,133.90994,-2.0900574
val,25,95,135.0,140.19519,5.1951904
val,25,96,134.0,118.65482,-15.345177
val,25,97,133.0,125.842224,-7.157776
val,25,98,132.0,129.58261,-2.417389
val,25,99,131.0,130.92102,-0.07897949
val,25,100,130.0,141.27585,11.275848
val,25,101,129.0,153.53053,24.530533
val,25,102,128.0,156.44312,28.443115
val,25,103,127.0,146.75803,19.758026
val,25,104,126.0,137.56705,11.567047
val,25,105,125.0,129.1402,4.1401978
val,25,106,124.0,129.09506,5.0950623
val,25,107,123.0,127.53662,4.536621
val,25,108,122.0,128.2672,6.2671967
val,25,109,121.0,121.744644,0.74464417
val,25,110,120.0,126.58051,6.580513
val,25,111,119.0,135.77248,16.772476
val,25,112,118.0,145.46562,27.465622
val,25,113,117.0,143.07047,26.070465
val,25,114,116.0,131.22504,15.225037
val,25,115,115.0,134.47374,19.47374
val,25,116,114.0,130.11758,16.117584
val,25,117,113.0,134.39034,21.390335
val,25,118,112.0,145.029,33.029007
val,25,119,111.0,128.56982,17.569824
val,25,120,110.0,131.53642,21.536423
val,25,121,109.0,136.42142,27.421417
val,25,122,108.0,136.86005,28.860046
val,25,123,107.0,134.59772,27.597717
val,25,124,106.0,133.8656,27.8656
val,25,125,105.0,126.77696,21.776962
val,25,126,104.0,121.4748,17.4748
val,25,127,103.0,118.02323,15.0232315
val,25,128,102.0,115.17857,13.178574
val,25,129,101.0,125.29164,24.291641
val,25,130,100.0,116.15051,16.150513
val,25,131,99.0,127.808426,28.808426
val,25,132,98.0,135.02486,37.024857
val,25,133,97.0,130.74896,33.748962
val,25,134,96.0,126.06091,30.060913
val,25,135,95.0,117.218216,22.218216
val,25,136,94.0,128.137,34.136993
val,25,137,93.0,118.42621,25.426208
val,25,138,92.0,120.44217,28.44217
val,25,139,91.0,111.87038,20.870377
val,25,140,90.0,123.01568,33.01568
val,25,141,89.0,118.571014,29.571014
val,25,142,88.0,106.13908,18.139076
val,25,143,87.0,89.53206,2.5320587
val,25,144,86.0,87.22743,1.2274323
val,25,145,85.0,83.64009,-1.359909
val,25,146,84.0,81.70874,-2.2912598
val,25,147,83.0,83.97326,0.973259
val,25,148,82.0,96.33515,14.335152
val,25,149,81.0,84.86588,3.8658829
val,25,150,80.0,85.27826,5.2782593
val,25,151,79.0,82.02028,3.020279
val,25,152,78.0,87.21455,9.214546
val,25,153,77.0,85.11447,8.114471
val,25,154,76.0,84.959305,8.959305
val,25,155,75.0,72.547615,-2.452385
val,25,156,74.0,78.584,4.5839996
val,25,157,73.0,75.59544,2.5954437
val,25,158,72.0,71.291565,-0.70843506
val,25,159,71.0,67.50673,-3.4932709
val,25,160,70.0,60.734066,-9.265934
val,25,161,69.0,58.33979,-10.66021
val,25,162,68.0,65.86744,-2.1325607
val,25,163,67.0,63.211414,-3.7885857
val,25,164,66.0,64.69971,-1.300293
val,25,165,65.0,60.210968,-4.789032
val,25,166,64.0,68.86075,4.8607483
val,25,167,63.0,74.43229,11.432289
val,25,168,62.0,77.38016,15.380157
val,25,169,61.0,83.23276,22.232758
val,25,170,60.0,77.10635,17.106354
val,25,171,59.0,79.35588,20.35588
val,25,172,58.0,71.402954,13.402954
val,25,173,57.0,73.72659,16.726593
val,25,174,56.0,76.400345,20.400345
val,25,175,55.0,76.693184,21.693184
val,25,176,54.0,67.630005,13.630005
val,25,177,53.0,64.14883,11.148827
val,25,178,52.0,62.506203,10.506203
val,25,179,51.0,61.21396,10.213959
val,25,180,50.0,58.03391,8.033909
val,25,181,49.0,51.40871,2.4087105
val,25,182,48.0,46.880493,-1.1195068
val,25,183,47.0,46.83384,-0.16616058
val,25,184,46.0,48.03731,2.0373116
val,25,185,45.0,46.27775,1.2777481
val,25,186,44.0,44.779472,0.77947235
val,25,187,43.0,41.17062,-1.82938
val,25,188,42.0,35.667744,-6.3322563
val,25,189,41.0,32.034782,-8.965218
val,25,190,40.0,31.506807,-8.493193
val,25,191,39.0,33.28065,-5.719349
val,25,192,38.0,32.811985,-5.188015
val,25,193,37.0,35.214024,-1.7859764
val,25,194,36.0,36.84473,0.8447304
val,25,195,35.0,33.941597,-1.058403
val,25,196,34.0,28.160078,-5.839922
val,25,197,33.0,29.29402,-3.7059803
val,25,198,32.0,31.32867,-0.6713295
val,25,199,31.0,31.893316,0.89331627
val,25,200,30.0,27.700983,-2.299017
val,25,201,29.0,28.446072,-0.5539284
val,25,202,28.0,21.219416,-6.7805843
val,25,203,27.0,22.615187,-4.3848133
val,25,204,26.0,22.910078,-3.089922
val,25,205,25.0,23.316109,-1.6838913
val,25,206,24.0,21.57724,-2.42276
val,25,207,23.0,20.525562,-2.4744377
val,25,208,22.0,13.616257,-8.383743
val,25,209,21.0,15.465622,-5.534378
val,25,210,20.0,15.117378,-4.882622
val,25,211,19.0,12.331654,-6.6683464
val,25,212,18.0,10.687542,-7.312458
val,25,213,17.0,8.411224,-8.588776
val,25,214,16.0,7.2279396,-8.77206
val,25,215,15.0,4.687397,-10.312603
val,25,216,14.0,6.677349,-7.322651
val,25,217,13.0,6.302162,-6.697838
val,25,218,12.0,4.594803,-7.405197
val,25,219,11.0,6.485626,-4.514374
val,25,220,10.0,7.5,-2.5
val,25,221,9.0,10.584339,1.5843391
val,25,222,8.0,8.937176,0.93717575
val,25,223,7.0,8.5106735,1.5106735
val,25,224,6.0,5.52549,-0.4745102
val,25,225,5.0,0.15037906,-4.849621
val,25,226,4.0,2.170372,-1.829628
val,25,227,3.0,1.8108519,-1.1891481
val,25,228,2.0,-0.37526715,-2.375267
val,25,229,1.0,-2.6609306,-3.6609306
val,25,230,0.0,-0.26031888,-0.26031888
val,26,30,169.0,171.79442,2.7944183
val,26,31,168.0,173.62927,5.6292725
val,26,32,167.0,166.67288,-0.32711792
val,26,33,166.0,171.80385,5.8038483
val,26,34,165.0,167.85773,2.857727
val,26,35,164.0,175.01321,11.013214
val,26,36,163.0,191.98505,28.985046
val,26,37,162.0,187.19904,25.199036
val,26,38,161.0,168.5384,7.5384064
val,26,39,160.0,177.43024,17.430237
val,26,40,159.0,174.06656,15.066559
val,26,41,158.0,163.76389,5.7638855
val,26,42,157.0,154.41217,-2.5878296
val,26,43,156.0,138.29758,-17.702423
val,26,44,155.0,132.89981,-22.10019
val,26,45,154.0,126.91223,-27.087769
val,26,46,153.0,114.07144,-38.92856
val,26,47,152.0,107.68558,-44.314423
val,26,48,151.0,114.88349,-36.11651
val,26,49,150.0,108.71356,-41.286438
val,26,50,149.0,111.81232,-37.187683
val,26,51,148.0,105.20183,-42.798172
val,26,52,147.0,91.69936,-55.300636
val,26,53,146.0,90.95302,-55.04698
val,26,54,145.0,91.743034,-53.256966
val,26,55,144.0,99.150856,-44.849144
val,26,56,143.0,104.76522,-38.23478
val,26,57,142.0,104.32899,-37.671013
val,26,58,141.0,115.325226,-25.674774
val,26,59,140.0,117.91701,-22.082993
val,26,60,139.0,130.34782,-8.652176
val,26,61,138.0,131.7033,-6.296707
val,26,62,137.0,135.57884,-1.4211578
val,26,63,136.0,138.27,2.2700043
val,26,64,135.0,133.89539,-1.1046143
val,26,65,134.0,145.36798,11.367981
val,26,66,133.0,158.65053,25.650528
val,26,67,132.0,164.59592,32.595917
val,26,68,131.0,158.30255,27.302551
val,26,69,130.0,169.37695,39.376953
val,26,70,129.0,169.68204,40.682037
val,26,71,128.0,166.07915,38.079147
val,26,72,127.0,169.53867,42.538666
val,26,73,126.0,162.71341,36.71341
val,26,74,125.0,165.84195,40.84195
val,26,75,124.0,154.50702,30.507019
val,26,76,123.0,127.2632,4.263199
val,26,77,122.0,128.68652,6.6865234
val,26,78,121.0,128.63203,7.6320343
val,26,79,120.0,130.8534,10.853394
val,26,80,119.0,132.99089,13.9908905
val,26,81,118.0,141.36383,23.36383
val,26,82,117.0,144.25063,27.250626
val,26,83,116.0,132.37607,16.376068
val,26,84,115.0,123.16485,8.164848
val,26,85,114.0,121.78868,7.788681
val,26,86,113.0,113.89968,0.8996811
val,26,87,112.0,106.17639,-5.8236084
val,26,88,111.0,99.372444,-11.627556
val,26,89,110.0,84.21567,-25.784332
val,26,90,109.0,84.76603,-24.23397
val,26,91,108.0,91.20303,-16.796967
val,26,92,107.0,94.181206,-12.818794
val,26,93,106.0,86.18109,-19.818909
val,26,94,105.0,78.02145,-26.978554
val,26,95,104.0,87.23734,-16.762657
val,26,96,103.0,99.6352,-3.3647995
val,26,97,102.0,113.29475,11.294746
val,26,98,101.0,118.9173,17.917297
val,26,99,100.0,124.82831,24.828308
val,26,100,99.0,121.95964,22.95964
val,26,101,98.0,117.54822,19.548218
val,26,102,97.0,111.89801,14.89801
val,26,103,96.0,111.5986,15.598602
val,26,104,95.0,120.380486,25.380486
val,26,105,94.0,114.64432,20.644318
val,26,106,93.0,102.93494,9.934937
val,26,107,92.0,109.00207,17.002068
val,26,108,91.0,107.05162,16.05162
val,26,109,90.0,111.773865,21.773865
val,26,110,89.0,107.090546,18.090546
val,26,111,88.0,115.005516,27.005516
val,26,112,87.0,109.58173,22.581734
val,26,113,86.0,108.85314,22.853142
val,26,114,85.0,99.9688,14.968803
val,26,115,84.0,106.730156,22.730156
val,26,116,83.0,97.502235,14.502235
val,26,117,82.0,102.559845,20.559845
val,26,118,81.0,103.30742,22.307419
val,26,119,80.0,109.653,29.653
val,26,120,79.0,108.01884,29.018837
val,26,121,78.0,99.96896,21.968964
val,26,122,77.0,99.858444,22.858444
val,26,123,76.0,91.4813,15.4813
val,26,124,75.0,97.43035,22.430351
val,26,125,74.0,93.01528,19.015282
val,26,126,73.0,97.85328,24.85328
val,26,127,72.0,96.74727,24.747269
val,26,128,71.0,100.606964,29.606964
val,26,129,70.0,97.47686,27.47686
val,26,130,69.0,90.27757,21.277573
val,26,131,68.0,89.43632,21.436317
val,26,132,67.0,90.15883,23.158829
val,26,133,66.0,89.592735,23.592735
val,26,134,65.0,89.667755,24.667755
val,26,135,64.0,88.65494,24.654938
val,26,136,63.0,84.71295,21.712952
val,26,137,62.0,83.22778,21.227783
val,26,138,61.0,83.09828,22.098282
val,26,139,60.0,82.325134,22.325134
val,26,140,59.0,70.06488,11.06488
val,26,141,58.0,70.462906,12.462906
val,26,142,57.0,66.676544,9.676544
val,26,143,56.0,66.3928,10.392799
val,26,144,55.0,58.563232,3.5632324
val,26,145,54.0,52.62439,-1.3756104
val,26,146,53.0,50.48903,-2.510971
val,26,147,52.0,53.34311,1.3431091
val,26,148,51.0,51.706505,0.7065048
val,26,149,50.0,48.93712,-1.0628815
val,26,150,49.0,44.80065,-4.1993484
val,26,151,48.0,43.41369,-4.5863113
val,26,152,47.0,47.26503,0.2650299
val,26,153,46.0,43.680412,-2.3195877
val,26,154,45.0,44.08606,-0.9139404
val,26,155,44.0,41.478813,-2.5211868
val,26,156,43.0,38.56623,-4.433769
val,26,157,42.0,38.6935,-3.3064995
val,26,158,41.0,44.702545,3.7025452
val,26,159,40.0,39.470005,-0.52999496
val,26,160,39.0,40.52482,1.5248184
val,26,161,38.0,35.89348,-2.1065216
val,26,162,37.0,31.432392,-5.567608
val,26,163,36.0,30.183193,-5.816807
val,26,164,35.0,29.317387,-5.6826134
val,26,165,34.0,30.338905,-3.6610947
val,26,166,33.0,30.067524,-2.932476
val,26,167,32.0,30.08445,-1.9155502
val,26,168,31.0,29.564713,-1.4352875
val,26,169,30.0,29.413944,-0.58605576
val,26,170,29.0,32.903534,3.903534
val,26,171,28.0,28.731258,0.7312584
val,26,172,27.0,29.91044,2.9104404
val,26,173,26.0,23.944077,-2.0559235
val,26,174,25.0,18.85154,-6.1484604
val,26,175,24.0,21.210325,-2.7896748
val,26,176,23.0,24.675577,1.6755772
val,26,177,22.0,24.40049,2.4004898
val,26,178,21.0,25.204462,4.204462
val,26,179,20.0,24.60239,4.6023903
val,26,180,19.0,25.631233,6.631233
val,26,181,18.0,24.200214,6.2002144
val,26,182,17.0,24.041813,7.041813
val,26,183,16.0,25.906578,9.906578
val,26,184,15.0,23.897762,8.897762
val,26,185,14.0,24.170467,10.170467
val,26,186,13.0,18.810207,5.8102074
val,26,187,12.0,22.073483,10.0734825
val,26,188,11.0,21.192024,10.192024
val,26,189,10.0,17.182533,7.1825333
val,26,190,9.0,17.705158,8.705158
val,26,191,8.0,21.060715,13.060715
val,26,192,7.0,17.386051,10.386051
val,26,193,6.0,13.72588,7.7258797
val,26,194,5.0,6.9639893,1.9639893
val,26,195,4.0,4.949276,0.949276
val,26,196,3.0,1.1245497,-1.8754503
val,26,197,2.0,-3.301918,-5.301918
val,26,198,1.0,-6.3923607,-7.3923607
val,26,199,0.0,-7.9211006,-7.9211006
val,28,30,135.0,189.28394,54.283936
val,28,31,134.0,181.86931,47.86931
val,28,32,133.0,188.66437,55.664368
val,28,33,132.0,185.70901,53.709015
val,28,34,131.0,169.44026,38.44026
val,28,35,130.0,176.80836,46.808365
val,28,36,129.0,172.8333,43.833298
val,28,37,128.0,178.51062,50.51062
val,28,38,127.0,185.36655,58.366547
val,28,39,126.0,182.12776,56.12776
val,28,40,125.0,173.1937,48.193695
val,28,41,124.0,181.3978,57.397797
val,28,42,123.0,187.90677,64.90677
val,28,43,122.0,192.17268,70.17268
val,28,44,121.0,190.58862,69.58862
val,28,45,120.0,196.37375,76.37375
val,28,46,119.0,187.88641,68.88641
val,28,47,118.0,188.69269,70.69269
val,28,48,117.0,187.47656,70.47656
val,28,49,116.0,177.08342,61.08342
val,28,50,115.0,181.34055,66.340546
val,28,51,114.0,178.79689,64.79689
val,28,52,113.0,174.43982,61.43982
val,28,53,112.0,172.3773,60.377304
val,28,54,111.0,165.49884,54.49884
val,28,55,110.0,153.54475,43.544754
val,28,56,109.0,184.30005,75.30005
val,28,57,108.0,165.48929,57.48929
val,28,58,107.0,145.94559,38.945587
val,28,59,106.0,153.97623,47.976227
val,28,60,105.0,146.74637,41.74637
val,28,61,104.0,140.17972,36.179718
val,28,62,103.0,142.70673,39.706726
val,28,63,102.0,140.55267,38.552673
val,28,64,101.0,141.00273,40.00273
val,28,65,100.0,142.50043,42.500427
val,28,66,99.0,140.73044,41.73044
val,28,67,98.0,132.32793,34.327927
val,28,68,97.0,140.96616,43.966156
val,28,69,96.0,138.35138,42.35138
val,28,70,95.0,150.10133,55.101334
val,28,71,94.0,165.36789,71.36789
val,28,72,93.0,167.01083,74.01083
val,28,73,92.0,160.28262,68.28262
val,28,74,91.0,163.4912,72.491196
val,28,75,90.0,163.78333,73.783325
val,28,76,89.0,158.44334,69.443344
val,28,77,88.0,160.43237,72.43237
val,28,78,87.0,164.19351,77.19351
val,28,79,86.0,162.55704,76.55704
val,28,80,85.0,164.3272,79.327194
val,28,81,84.0,165.04468,81.04468
val,28,82,83.0,155.87402,72.87402
val,28,83,82.0,156.80695,74.806946
val,28,84,81.0,152.52908,71.52908
val,28,85,80.0,150.94809,70.94809
val,28,86,79.0,154.07187,75.07187
val,28,87,78.0,143.45401,65.45401
val,28,88,77.0,137.40904,60.409042
val,28,89,76.0,136.68753,60.68753
val,28,90,75.0,130.0962,55.096207
val,28,91,74.0,124.20068,50.200684
val,28,92,73.0,129.50414,56.504135
val,28,93,72.0,135.86337,63.863373
val,28,94,71.0,134.27356,63.27356
val,28,95,70.0,118.57718,48.57718
val,28,96,69.0,116.40198,47.401978
val,28,97,68.0,114.52461,46.524612
val,28,98,67.0,109.59934,42.599342
val,28,99,66.0,103.32988,37.32988
val,28,100,65.0,99.10643,34.10643
val,28,101,64.0,98.951,34.950996
val,28,102,63.0,99.59973,36.59973
val,28,103,62.0,96.08737,34.08737
val,28,104,61.0,83.640335,22.640335
val,28,105,60.0,84.87222,24.872223
val,28,106,59.0,76.35022,17.35022
val,28,107,58.0,62.936073,4.9360733
val,28,108,57.0,68.25316,11.253159
val,28,109,56.0,66.48859,10.488586
val,28,110,55.0,67.71567,12.715668
val,28,111,54.0,66.59164,12.591637
val,28,112,53.0,62.095406,9.095406
val,28,113,52.0,58.082733,6.082733
val,28,114,51.0,59.160244,8.160244
val,28,115,50.0,47.383484,-2.616516
val,28,116,49.0,50.840355,1.8403549
val,28,117,48.0,51.216606,3.2166061
val,28,118,47.0,51.3816,4.3815994
val,28,119,46.0,48.71794,2.7179413
val,28,120,45.0,49.83055,4.830551
val,28,121,44.0,47.058212,3.0582123
val,28,122,43.0,45.931374,2.9313736
val,28,123,42.0,41.536873,-0.46312714
val,28,124,41.0,41.553825,0.5538254
val,28,125,40.0,41.416122,1.4161224
val,28,126,39.0,36.067284,-2.9327164
val,28,127,38.0,41.315346,3.3153458
val,28,128,37.0,34.76851,-2.231491
val,28,129,36.0,32.488903,-3.511097
val,28,130,35.0,27.63385,-7.36615
val,28,131,34.0,23.598188,-10.401812
val,28,132,33.0,22.231216,-10.768784
val,28,133,32.0,18.258722,-13.741278
val,28,134,31.0,17.876806,-13.123194
val,28,135,30.0,15.3470955,-14.6529045
val,28,136,29.0,16.650707,-12.349293
val,28,137,28.0,14.027499,-13.972501
val,28,138,27.0,36.471657,9.471657
val,28,139,26.0,39.607353,13.607353
val,28,140,25.0,38.49816,13.498161
val,28,141,24.0,35.657356,11.657356
val,28,142,23.0,35.167145,12.167145
val,28,143,22.0,32.391796,10.391796
val,28,144,21.0,29.350582,8.350582
val,28,145,20.0,31.069258,11.069258
val,28,146,19.0,24.495731,5.4957314
val,28,147,18.0,27.385834,9.385834
val,28,148,17.0,23.335752,6.3357525
val,28,149,16.0,23.005976,7.0059757
val,28,150,15.0,21.657751,6.657751
val,28,151,14.0,19.048851,5.048851
val,28,152,13.0,11.8546295,-1.1453705
val,28,153,12.0,12.310974,0.31097412
val,28,154,11.0,14.414616,3.4146156
val,28,155,10.0,12.48147,2.48147
val,28,156,9.0,15.315079,6.3150787
val,28,157,8.0,13.099312,5.099312
val,28,158,7.0,12.11669,5.1166897
val,28,159,6.0,8.406639,2.406639
val,28,160,5.0,5.680765,0.68076515
val,28,161,4.0,4.687599,0.6875992
val,28,162,3.0,-4.996853,-7.996853
val,28,163,2.0,-10.809203,-12.809203
val,28,164,1.0,-12.943496,-13.943496
val,28,165,0.0,-10.892284,-10.892284
val,34,30,165.0,146.49614,-18.50386
val,34,31,164.0,140.27432,-23.725677
val,34,32,163.0,125.784454,-37.215546
val,34,33,162.0,142.51831,-19.48169
val,34,34,161.0,145.89818,-15.101822
val,34,35,160.0,146.36586,-13.63414
val,34,36,159.0,165.41768,6.417679
val,34,37,158.0,158.23985,0.2398529
val,34,38,157.0,155.15744,-1.8425598
val,34,39,156.0,158.43372,2.4337158
val,34,40,155.0,165.29707,10.297073
val,34,41,154.0,173.47647,19.47647
val,34,42,153.0,164.8599,11.859894
val,34,43,152.0,170.3339,18.333893
val,34,44,151.0,167.85344,16.85344
val,34,45,150.0,171.49446,21.494461
val,34,46,149.0,160.48047,11.480469
val,34,47,148.0,161.49414,13.494141
val,34,48,147.0,153.95284,6.952835
val,34,49,146.0,85.86,-60.14
val,34,50,145.0,81.3244,-63.6756
val,34,51,144.0,76.939705,-67.060295
val,34,52,143.0,86.51118,-56.488823
val,34,53,142.0,91.79559,-50.204407
val,34,54,141.0,77.19246,-63.80754
val,34,55,140.0,64.48679,-75.51321
val,34,56,139.0,72.31914,-66.68086
val,34,57,138.0,71.91235,-66.08765
val,34,58,137.0,86.590485,-50.409515
val,34,59,136.0,91.2964,-44.703598
val,34,60,135.0,96.53672,-38.46328
val,34,61,134.0,87.047745,-46.952255
val,34,62,133.0,82.5744,-50.4256
val,34,63,132.0,69.9822,-62.0178
val,34,64,131.0,62.061302,-68.9387
val,34,65,130.0,63.954613,-66.04539
val,34,66,129.0,74.275696,-54.724304
val,34,67,128.0,81.51164,-46.488358
val,34,68,127.0,66.51617,-60.483833
val,34,69,126.0,74.08411,-51.915894
val,34,70,125.0,74.119,-50.880997
val,34,71,124.0,77.855484,-46.144516
val,34,72,123.0,71.994194,-51.005806
val,34,73,122.0,72.813675,-49.186325
val,34,74,121.0,80.882065,-40.117935
val,34,75,120.0,85.7966,-34.2034
val,34,76,119.0,84.04112,-34.958878
val,34,77,118.0,88.16405,-29.835953
val,34,78,117.0,86.805084,-30.194916
val,34,79,116.0,142.49902,26.499023
val,34,80,115.0,126.51095,11.510948
val,34,81,114.0,117.33472,3.3347168
val,34,82,113.0,119.82994,6.829941
val,34,83,112.0,117.7708,5.7707977
val,34,84,111.0,112.13145,1.1314468
val,34,85,110.0,106.94161,-3.0583878
val,34,86,109.0,105.86386,-3.136139
val,34,87,108.0,113.40138,5.4013824
val,34,88,107.0,127.425,20.425003
val,34,89,106.0,121.30235,15.302353
val,34,90,105.0,115.59151,10.591507
val,34,91,104.0,115.53437,11.53437
val,34,92,103.0,120.885376,17.885376
val,34,93,102.0,112.67514,10.67514
val,34,94,101.0,116.2305,15.230499
val,34,95,100.0,122.150826,22.150826
val,34,96,99.0,119.3154,20.3154
val,34,97,98.0,130.72748,32.727478
val,34,98,97.0,128.73782,31.737823
val,34,99,96.0,135.69385,39.693848
val,34,100,95.0,133.01038,38.010376
val,34,101,94.0,116.32519,22.325188
val,34,102,93.0,109.55974,16.559738
val,34,103,92.0,108.83348,16.83348
val,34,104,91.0,113.00345,22.003448
val,34,105,90.0,109.986145,19.986145
val,34,106,89.0,103.272064,14.272064
val,34,107,88.0,98.33931,10.33931
val,34,108,87.0,99.99574,12.995743
val,34,109,86.0,96.73833,10.738327
val,34,110,85.0,97.27225,12.272247
val,34,111,84.0,88.60438,4.6043777
val,34,112,83.0,89.539894,6.539894
val,34,113,82.0,95.072205,13.072205
val,34,114,81.0,89.646835,8.646835
val,34,115,80.0,88.90459,8.904587
val,34,116,79.0,80.32367,1.3236694
val,34,117,78.0,84.83743,6.837433
val,34,118,77.0,83.10409,6.104088
val,34,119,76.0,75.996086,-0.0039138794
val,34,120,75.0,75.26196,0.2619629
val,34,121,74.0,75.18862,1.1886215
val,34,122,73.0,72.0495,-0.9505005
val,34,123,72.0,73.59714,1.5971375
val,34,124,71.0,68.038315,-2.9616852
val,34,125,70.0,67.783516,-2.216484
val,34,126,69.0,71.90175,2.9017487
val,34,127,68.0,70.2597,2.259697
val,34,128,67.0,64.27713,-2.7228699
val,34,129,66.0,65.00511,-0.9948883
val,34,130,65.0,63.387352,-1.612648
val,34,131,64.0,60.96708,-3.0329208
val,34,132,63.0,61.52066,-1.4793396
val,34,133,62.0,56.09751,-5.9024887
val,34,134,61.0,53.775284,-7.224716
val,34,135,60.0,53.80374,-6.1962585
val,34,136,59.0,50.85833,-8.14167
val,34,137,58.0,54.924316,-3.0756836
val,34,138,57.0,55.25844,-1.7415619
val,34,139,56.0,53.716843,-2.2831573
val,34,140,55.0,53.841324,-1.1586761
val,34,141,54.0,54.12646,0.12646103
val,34,142,53.0,57.724613,4.724613
val,34,143,52.0,57.719032,5.7190323
val,34,144,51.0,54.247284,3.247284
val,34,145,50.0,56.51174,6.5117416
val,34,146,49.0,58.119583,9.119583
val,34,147,48.0,59.137444,11.137444
val,34,148,47.0,52.00432,5.004318
val,34,149,46.0,49.382973,3.3829727
val,34,150,45.0,50.232166,5.2321663
val,34,151,44.0,54.869778,10.869778
val,34,152,43.0,53.623024,10.623024
val,34,153,42.0,57.61931,15.619308
val,34,154,41.0,58.45932,17.45932
val,34,155,40.0,55.32328,15.32328
val,34,156,39.0,56.14707,17.147072
val,34,157,38.0,52.143906,14.143906
val,34,158,37.0,50.643326,13.643326
val,34,159,36.0,44.968536,8.968536
val,34,160,35.0,42.932293,7.932293
val,34,161,34.0,45.632713,11.632713
val,34,162,33.0,44.62311,11.623112
val,34,163,32.0,41.86747,9.86747
val,34,164,31.0,38.12231,7.1223106
val,34,165,30.0,31.350544,1.350544
val,34,166,29.0,29.271719,0.27171898
val,34,167,28.0,27.691288,-0.308712
val,34,168,27.0,30.76943,3.7694302
val,34,169,26.0,26.695774,0.6957741
val,34,170,25.0,23.966635,-1.0333652
val,34,171,24.0,32.07828,8.078281
val,34,172,23.0,28.26981,5.2698097
val,34,173,22.0,25.994955,3.994955
val,34,174,21.0,25.407255,4.407255
val,34,175,20.0,25.06194,5.0619392
val,34,176,19.0,26.07688,7.0768795
val,34,177,18.0,19.484016,1.4840164
val,34,178,17.0,20.161219,3.1612186
val,34,179,16.0,22.190882,6.1908817
val,34,180,15.0,22.806131,7.8061314
val,34,181,14.0,22.780266,8.780266
val,34,182,13.0,24.243439,11.243439
val,34,183,12.0,18.362673,6.362673
val,34,184,11.0,16.334696,5.334696
val,34,185,10.0,11.140419,1.140419
val,34,186,9.0,8.870556,-0.12944412
val,34,187,8.0,7.613926,-0.38607407
val,34,188,7.0,7.7312775,0.73127747
val,34,189,6.0,4.2402,-1.7598
val,34,190,5.0,6.710103,1.710103
val,34,191,4.0,3.2356262,-0.7643738
val,34,192,3.0,2.5026922,-0.49730778
val,34,193,2.0,1.0220984,-0.9779016
val,34,194,1.0,2.2852745,1.2852745
val,34,195,0.0,-5.233673,-5.233673
val,43,30,177.0,167.87785,-9.122147
val,43,31,176.0,170.23926,-5.760742
val,43,32,175.0,172.51913,-2.4808655
val,43,33,174.0,160.47441,-13.525589
val,43,34,173.0,157.56718,-15.432816
val,43,35,172.0,166.07915,-5.9208527
val,43,36,171.0,165.38544,-5.614563
val,43,37,170.0,168.03949,-1.9605103
val,43,38,169.0,159.7202,-9.2798
val,43,39,168.0,157.05176,-10.948242
val,43,40,167.0,148.43184,-18.568161
val,43,41,166.0,154.73547,-11.264526
val,43,42,165.0,153.0078,-11.992203
val,43,43,164.0,147.85968,-16.14032
val,43,44,163.0,156.03398,-6.9660187
val,43,45,162.0,161.96776,-0.03224182
val,43,46,161.0,152.3226,-8.677399
val,43,47,160.0,148.8855,-11.114502
val,43,48,159.0,149.69373,-9.306274
val,43,49,158.0,148.96263,-9.037369
val,43,50,157.0,143.54152,-13.458481
val,43,51,156.0,135.44415,-20.555847
val,43,52,155.0,141.39294,-13.607056
val,43,53,154.0,140.7044,-13.295593
val,43,54,153.0,139.9636,-13.036407
val,43,55,152.0,133.98047,-18.019531
val,43,56,151.0,124.74461,-26.255386
val,43,57,150.0,123.45363,-26.546371
val,43,58,149.0,124.59274,-24.407257
val,43,59,148.0,123.883095,-24.116905
val,43,60,147.0,127.76619,-19.23381
val,43,61,146.0,141.38905,-4.6109467
val,43,62,145.0,136.14154,-8.858459
val,43,63,144.0,133.16425,-10.835754
val,43,64,143.0,141.33557,-1.6644287
val,43,65,142.0,143.60172,1.6017151
val,43,66,141.0,143.23499,2.2349854
val,43,67,140.0,147.09296,7.0929565
val,43,68,139.0,141.35245,2.3524475
val,43,69,138.0,139.50806,1.5080566
val,43,70,137.0,135.8299,-1.170105
val,43,71,136.0,141.63301,5.633011
val,43,72,135.0,165.5198,30.519806
val,43,73,134.0,163.63185,29.631851
val,43,74,133.0,152.81189,19.81189
val,43,75,132.0,157.30806,25.30806
val,43,76,131.0,159.02022,28.020218
val,43,77,130.0,160.64532,30.645325
val,43,78,129.0,159.7858,30.785797
val,43,79,128.0,149.96089,21.960892
val,43,80,127.0,152.81183,25.811829
val,43,81,126.0,165.26132,39.261322
val,43,82,125.0,166.72719,41.72719
val,43,83,124.0,171.2717,47.271698
val,43,84,123.0,172.55875,49.558746
val,43,85,122.0,162.79373,40.79373
val,43,86,121.0,146.49167,25.491669
val,43,87,120.0,151.54404,31.544037
val,43,88,119.0,146.90971,27.909714
val,43,89,118.0,152.96523,34.965225
val,43,90,117.0,163.35997,46.35997
val,43,91,116.0,176.36343,60.363434
val,43,92,115.0,162.83148,47.831482
val,43,93,114.0,163.13663,49.136627
val,43,94,113.0,157.71129,44.71129
val,43,95,112.0,162.70084,50.700836
val,43,96,111.0,162.24504,51.24504
val,43,97,110.0,158.92595,48.92595
val,43,98,109.0,164.47496,55.47496
val,43,99,108.0,163.9825,55.9825
val,43,100,107.0,151.39828,44.398285
val,43,101,106.0,162.09557,56.095566
val,43,102,105.0,152.82,47.820007
val,43,103,104.0,154.6341,50.634094
val,43,104,103.0,155.06389,52.06389
val,43,105,102.0,146.95299,44.952988
val,43,106,101.0,142.19362,41.19362
val,43,107,100.0,150.81303,50.813034
val,43,108,99.0,145.37933,46.379333
val,43,109,98.0,134.52606,36.526062
val,43,110,97.0,139.8858,42.885803
val,43,111,96.0,135.59213,39.592133
val,43,112,95.0,137.03958,42.03958
val,43,113,94.0,112.73163,18.731628
val,43,114,93.0,116.55676,23.556763
val,43,115,92.0,102.40915,10.409149
val,43,116,91.0,106.6634,15.663399
val,43,117,90.0,101.66655,11.66655
val,43,118,89.0,110.460556,21.460556
val,43,119,88.0,85.18685,-2.8131485
val,43,120,87.0,87.93774,0.9377365
val,43,121,86.0,82.069534,-3.9304657
val,43,122,85.0,82.66548,-2.3345184
val,43,123,84.0,81.62922,-2.370781
val,43,124,83.0,78.16745,-4.83255
val,43,125,82.0,88.944244,6.9442444
val,43,126,81.0,107.79324,26.793243
val,43,127,80.0,104.71062,24.710617
val,43,128,79.0,110.638504,31.638504
val,43,129,78.0,117.282974,39.282974
val,43,130,77.0,110.0572,33.057198
val,43,131,76.0,101.40781,25.407806
val,43,132,75.0,97.359024,22.359024
val,43,133,74.0,98.03147,24.031471
val,43,134,73.0,100.23599,27.235992
val,43,135,72.0,89.927826,17.927826
val,43,136,71.0,84.995224,13.995224
val,43,137,70.0,88.17981,18.17981
val,43,138,69.0,75.746185,6.7461853
val,43,139,68.0,81.563736,13.563736
val,43,140,67.0,78.506836,11.506836
val,43,141,66.0,83.8078,17.8078
val,43,142,65.0,80.6828,15.6828
val,43,143,64.0,68.28641,4.2864075
val,43,144,63.0,69.53855,6.5385513
val,43,145,62.0,71.04759,9.047592
val,43,146,61.0,65.10449,4.104492
val,43,147,60.0,54.76284,-5.2371597
val,43,148,59.0,59.659035,0.6590347
val,43,149,58.0,92.4296,34.429604
val,43,150,57.0,93.0063,36.0063
val,43,151,56.0,81.95436,25.954361
val,43,152,55.0,84.46421,29.46421
val,43,153,54.0,85.899376,31.899376
val,43,154,53.0,82.29228,29.292282
val,43,155,52.0,80.47612,28.47612
val,43,156,51.0,88.20903,37.20903
val,43,157,50.0,81.11023,31.11023
val,43,158,49.0,90.25009,41.25009
val,43,159,48.0,92.80162,44.80162
val,43,160,47.0,87.0503,40.0503
val,43,161,46.0,87.802246,41.802246
val,43,162,45.0,87.79859,42.79859
val,43,163,44.0,74.33717,30.337173
val,43,164,43.0,80.5979,37.5979
val,43,165,42.0,83.53032,41.53032
val,43,166,41.0,79.84771,38.84771
val,43,167,40.0,69.40115,29.401154
val,43,168,39.0,52.461945,13.461945
val,43,169,38.0,45.37339,7.37339
val,43,170,37.0,35.220825,-1.7791748
val,43,171,36.0,33.019127,-2.980873
val,43,172,35.0,26.048391,-8.951609
val,43,173,34.0,16.471682,-17.528318
val,43,174,33.0,15.274281,-17.72572
val,43,175,32.0,14.25738,-17.74262
val,43,176,31.0,14.09469,-16.90531
val,43,177,30.0,10.854246,-19.145754
val,43,178,29.0,9.275459,-19.72454
val,43,179,28.0,18.308514,-9.691486
val,43,180,27.0,28.234818,1.2348175
val,43,181,26.0,22.812283,-3.1877174
val,43,182,25.0,23.409056,-1.5909443
val,43,183,24.0,21.611048,-2.3889523
val,43,184,23.0,21.857813,-1.1421871
val,43,185,22.0,14.488001,-7.511999
val,43,186,21.0,6.842413,-14.157587
val,43,187,20.0,8.193325,-11.806675
val,43,188,19.0,8.780075,-10.219925
val,43,189,18.0,3.8103485,-14.1896515
val,43,190,17.0,2.9464664,-14.053534
val,43,191,16.0,-0.9739038,-16.973904
val,43,192,15.0,3.1691284,-11.830872
val,43,193,14.0,-4.0310364,-18.031036
val,43,194,13.0,-12.857208,-25.857208
val,43,195,12.0,-5.2248554,-17.224855
val,43,196,11.0,-7.430147,-18.430147
val,43,197,10.0,-2.6231709,-12.623171
val,43,198,9.0,-6.958256,-15.958256
val,43,199,8.0,-12.191025,-20.191025
val,43,200,7.0,-16.44315,-23.44315
val,43,201,6.0,-19.659796,-25.659796
val,43,202,5.0,-22.852783,-27.852783
val,43,203,4.0,-25.076427,-29.076427
val,43,204,3.0,-24.927586,-27.927586
val,43,205,2.0,-32.09311,-34.09311
val,43,206,1.0,-31.00663,-32.00663
val,43,207,0.0,-32.976574,-32.976574
val,51,30,183.0,173.73836,-9.261642
val,51,31,182.0,178.09564,-3.904358
val,51,32,181.0,162.57272,-18.427277
val,51,33,180.0,165.1766,-14.823395
val,51,34,179.0,175.1568,-3.8432007
val,51,35,178.0,170.9699,-7.0301056
val,51,36,177.0,171.82166,-5.1783447
val,51,37,176.0,170.80475,-5.1952515
val,51,38,175.0,179.58957,4.589569
val,51,39,174.0,187.76445,13.76445
val,51,40,173.0,196.93575,23.935745
val,51,41,172.0,177.99907,5.999069
val,51,42,171.0,180.51129,9.5112915
val,51,43,170.0,183.05177,13.051773
val,51,44,169.0,187.99394,18.993942
val,51,45,168.0,181.79291,13.792908
val,51,46,167.0,181.10782,14.107819
val,51,47,166.0,186.72527,20.725266
val,51,48,165.0,185.99823,20.99823
val,51,49,164.0,187.88733,23.88733
val,51,50,163.0,176.65155,13.65155
val,51,51,162.0,181.98857,19.988571
val,51,52,161.0,194.13504,33.13504
val,51,53,160.0,190.10306,30.103058
val,51,54,159.0,189.81738,30.817383
val,51,55,158.0,191.98683,33.98683
val,51,56,157.0,186.69403,29.69403
val,51,57,156.0,180.45992,24.459915
val,51,58,155.0,177.18256,22.182556
val,51,59,154.0,175.56067,21.560669
val,51,60,153.0,172.59354,19.593536
val,51,61,152.0,166.24506,14.245056
val,51,62,151.0,155.5589,4.558899
val,51,63,150.0,155.21857,5.218567
val,51,64,149.0,146.20569,-2.7943115
val,51,65,148.0,149.8849,1.884903
val,51,66,147.0,161.25952,14.2595215
val,51,67,146.0,160.26913,14.2691345
val,51,68,145.0,160.931,15.931
val,51,69,144.0,163.29587,19.295868
val,51,70,143.0,161.57312,18.57312
val,51,71,142.0,159.20578,17.20578
val,51,72,141.0,165.30518,24.305176
val,51,73,140.0,163.72986,23.729858
val,51,74,139.0,151.44072,12.44072
val,51,75,138.0,150.14856,12.14856
val,51,76,137.0,157.27249,20.272491
val,51,77,136.0,160.3835,24.3835
val,51,78,135.0,160.6817,25.681702
val,51,79,134.0,158.54326,24.543259
val,51,80,133.0,147.59415,14.594147
val,51,81,132.0,151.52165,19.521652
val,51,82,131.0,146.02023,15.020233
val,51,83,130.0,142.30438,12.304382
val,51,84,129.0,137.6257,8.625702
val,51,85,128.0,132.97491,4.9749146
val,51,86,127.0,125.1557,-1.8442993
val,51,87,126.0,127.5131,1.5130997
val,51,88,125.0,133.37576,8.375763
val,51,89,124.0,136.80756,12.807556
val,51,90,123.0,126.54285,3.5428467
val,51,91,122.0,127.27736,5.277359
val,51,92,121.0,114.51088,-6.4891205
val,51,93,120.0,120.49498,0.49497986
val,51,94,119.0,115.75109,-3.248909
val,51,95,118.0,123.40013,5.400131
val,51,96,117.0,126.75804,9.758041
val,51,97,116.0,126.03347,10.03347
val,51,98,115.0,116.7241,1.7240982
val,51,99,114.0,116.14167,2.1416702
val,51,100,113.0,134.5134,21.513397
val,51,101,112.0,131.30026,19.300262
val,51,102,111.0,132.15805,21.15805
val,51,103,110.0,134.2974,24.297394
val,51,104,109.0,126.28798,17.28798
val,51,105,108.0,124.411865,16.411865
val,51,106,107.0,125.173454,18.173454
val,51,107,106.0,121.93506,15.935059
val,51,108,105.0,121.34439,16.34439
val,51,109,104.0,116.913086,12.913086
val,51,110,103.0,115.74765,12.74765
val,51,111,102.0,119.342285,17.342285
val,51,112,101.0,120.11995,19.11995
val,51,113,100.0,119.6656,19.665604
val,51,114,99.0,120.47127,21.471268
val,51,115,98.0,120.93509,22.93509
val,51,116,97.0,117.39803,20.398033
val,51,117,96.0,115.06042,19.060417
val,51,118,95.0,113.749405,18.749405
val,51,119,94.0,121.09767,27.097672
val,51,120,93.0,116.54812,23.548119
val,51,121,92.0,117.60644,25.606438
val,51,122,91.0,115.292694,24.292694
val,51,123,90.0,113.24165,23.241653
val,51,124,89.0,111.78656,22.78656
val,51,125,88.0,113.36759,25.367592
val,51,126,87.0,111.179825,24.179825
val,51,127,86.0,112.64578,26.645782
val,51,128,85.0,107.00309,22.00309
val,51,129,84.0,105.15327,21.153267
val,51,130,83.0,97.528175,14.528175
val,51,131,82.0,98.966896,16.966896
val,51,132,81.0,99.27696,18.276962
val,51,133,80.0,101.093735,21.093735
val,51,134,79.0,97.00415,18.00415
val,51,135,78.0,98.61243,20.612427
val,51,136,77.0,98.088425,21.088425
val,51,137,76.0,102.91007,26.910072
val,51,138,75.0,113.1588,38.1588
val,51,139,74.0,108.03612,34.036118
val,51,140,73.0,103.67914,30.679138
val,51,141,72.0,113.145996,41.145996
val,51,142,71.0,82.19813,11.198128
val,51,143,70.0,84.36159,14.361588
val,51,144,69.0,78.64613,9.646133
val,51,145,68.0,79.78899,11.788986
val,51,146,67.0,75.478615,8.478615
val,51,147,66.0,70.29393,4.29393
val,51,148,65.0,65.43391,0.43390656
val,51,149,64.0,68.86319,4.8631897
val,51,150,63.0,68.03078,5.030777
val,51,151,62.0,66.884186,4.884186
val,51,152,61.0,67.84183,6.8418274
val,51,153,60.0,71.77029,11.770287
val,51,154,59.0,63.55605,4.5560493
val,51,155,58.0,62.357185,4.3571854
val,51,156,57.0,56.92491,-0.0750885
val,51,157,56.0,57.40153,1.4015312
val,51,158,55.0,56.114174,1.1141739
val,51,159,54.0,58.92816,4.9281616
val,51,160,53.0,57.637417,4.637417
val,51,161,52.0,58.65007,6.65007
val,51,162,51.0,55.687374,4.687374
val,51,163,50.0,55.69012,5.6901207
val,51,164,49.0,55.848946,6.8489456
val,51,165,48.0,58.159748,10.159748
val,51,166,47.0,55.13658,8.136581
val,51,167,46.0,52.445206,6.4452057
val,51,168,45.0,50.486546,5.4865456
val,51,169,44.0,51.042934,7.0429344
val,51,170,43.0,52.04981,9.0498085
val,51,171,42.0,52.951435,10.951435
val,51,172,41.0,73.207954,32.207954
val,51,173,40.0,68.956215,28.956215
val,51,174,39.0,69.1265,30.126503
val,51,175,38.0,67.8609,29.8609
val,51,176,37.0,65.037,28.037003
val,51,177,36.0,66.96146,30.961456
val,51,178,35.0,66.1332,31.133202
val,51,179,34.0,67.32529,33.325287
val,51,180,33.0,61.687782,28.687782
val,51,181,32.0,62.700134,30.700134
val,51,182,31.0,61.01666,30.016659
val,51,183,30.0,61.653164,31.653164
val,51,184,29.0,62.38487,33.38487
val,51,185,28.0,63.780884,35.780884
val,51,186,27.0,62.754585,35.754585
val,51,187,26.0,59.06868,33.06868
val,51,188,25.0,59.686623,34.686623
val,51,189,24.0,57.17078,33.17078
val,51,190,23.0,52.855484,29.855484
val,51,191,22.0,51.037506,29.037506
val,51,192,21.0,48.063423,27.063423
val,51,193,20.0,48.471558,28.471558
val,51,194,19.0,45.50255,26.502548
val,51,195,18.0,47.629242,29.629242
val,51,196,17.0,42.817734,25.817734
val,51,197,16.0,39.295662,23.295662
val,51,198,15.0,35.67993,20.679932
val,51,199,14.0,32.06589,18.065891
val,51,200,13.0,28.825184,15.825184
val,51,201,12.0,23.893003,11.893003
val,51,202,11.0,22.459795,11.459795
val,51,203,10.0,19.824821,9.824821
val,51,204,9.0,18.235731,9.235731
val,51,205,8.0,13.570308,5.5703077
val,51,206,7.0,10.679039,3.679039
val,51,207,6.0,3.5586014,-2.4413986
val,51,208,5.0,-3.8047314,-8.804731
val,51,209,4.0,-6.5309925,-10.5309925
val,51,210,3.0,-9.127745,-12.127745
val,51,211,2.0,-12.165119,-14.165119
val,51,212,1.0,-17.327793,-18.327793
val,51,213,0.0,-35.677406,-35.677406
val,52,30,183.0,113.30655,-69.69345
val,52,31,182.0,113.89035,-68.10965
val,52,32,181.0,113.94635,-67.05365
val,52,33,180.0,114.90262,-65.09738
val,52,34,179.0,110.49034,-68.50966
val,52,35,178.0,112.47653,-65.52347
val,52,36,177.0,116.15927,-60.84073
val,52,37,176.0,103.6992,-72.3008
val,52,38,175.0,96.53603,-78.46397
val,52,39,174.0,102.77243,-71.22757
val,52,40,173.0,143.77373,-29.226273
val,52,41,172.0,138.31311,-33.68689
val,52,42,171.0,123.81143,-47.18857
val,52,43,170.0,139.07578,-30.924225
val,52,44,169.0,145.16513,-23.83487
val,52,45,168.0,158.47456,-9.525436
val,52,46,167.0,152.989,-14.011002
val,52,47,166.0,146.8812,-19.118805
val,52,48,165.0,141.54642,-23.453583
val,52,49,164.0,136.1677,-27.832306
val,52,50,163.0,139.82875,-23.17125
val,52,51,162.0,135.49597,-26.504028
val,52,52,161.0,136.9556,-24.044403
val,52,53,160.0,123.18915,-36.810852
val,52,54,159.0,130.68599,-28.31401
val,52,55,158.0,141.97673,-16.02327
val,52,56,157.0,136.36368,-20.636322
val,52,57,156.0,128.97287,-27.02713
val,52,58,155.0,143.78246,-11.217545
val,52,59,154.0,139.94812,-14.05188
val,52,60,153.0,137.05582,-15.944183
val,52,61,152.0,138.03806,-13.961945
val,52,62,151.0,136.33203,-14.667969
val,52,63,150.0,138.04346,-11.956543
val,52,64,149.0,135.17676,-13.823242
val,52,65,148.0,142.82455,-5.1754456
val,52,66,147.0,128.82092,-18.179077
val,52,67,146.0,127.07335,-18.926651
val,52,68,145.0,121.19025,-23.809753
val,52,69,144.0,118.97073,-25.029266
val,52,70,143.0,121.49022,-21.50978
val,52,71,142.0,110.3951,-31.604897
val,52,72,141.0,112.689255,-28.310745
val,52,73,140.0,119.72071,-20.27929
val,52,74,139.0,127.23419,-11.765808
val,52,75,138.0,131.92444,-6.0755615
val,52,76,137.0,142.3168,5.316803
val,52,77,136.0,136.74669,0.74668884
val,52,78,135.0,133.48636,-1.5136414
val,52,79,134.0,136.77136,2.7713623
val,52,80,133.0,145.6272,12.627197
val,52,81,132.0,164.22195,32.221954
val,52,82,131.0,156.5516,25.551605
val,52,83,130.0,152.64252,22.642517
val,52,84,129.0,143.15207,14.152069
val,52,85,128.0,142.46544,14.465439
val,52,86,127.0,139.57332,12.5733185
val,52,87,126.0,129.45909,3.4590912
val,52,88,125.0,125.76369,0.76368713
val,52,89,124.0,122.08276,-1.9172363
val,52,90,123.0,123.78646,0.7864609
val,52,91,122.0,125.57803,3.5780334
val,52,92,121.0,112.93095,-8.069054
val,52,93,120.0,107.53209,-12.467911
val,52,94,119.0,102.59666,-16.403343
val,52,95,118.0,99.0038,-18.9962
val,52,96,117.0,97.99124,-19.008759
val,52,97,116.0,93.769424,-22.230576
val,52,98,115.0,90.0997,-24.9003
val,52,99,114.0,94.920975,-19.079025
val,52,100,113.0,89.497604,-23.502396
val,52,101,112.0,83.49788,-28.502121
val,52,102,111.0,86.62521,-24.374786
val,52,103,110.0,92.98244,-17.017563
val,52,104,109.0,87.87915,-21.12085
val,52,105,108.0,97.530136,-10.469864
val,52,106,107.0,94.709404,-12.290596
val,52,107,106.0,93.346954,-12.653046
val,52,108,105.0,89.00499,-15.99501
val,52,109,104.0,86.07842,-17.921577
val,52,110,103.0,90.473274,-12.526726
val,52,111,102.0,83.8515,-18.148499
val,52,112,101.0,83.86102,-17.138977
val,52,113,100.0,104.235855,4.235855
val,52,114,99.0,97.624886,-1.3751144
val,52,115,98.0,115.043686,17.043686
val,52,116,97.0,125.678604,28.678604
val,52,117,96.0,110.88483,14.884827
val,52,118,95.0,105.15732,10.157318
val,52,119,94.0,100.92601,6.92601
val,52,120,93.0,110.469795,17.469795
val,52,121,92.0,101.62015,9.620148
val,52,122,91.0,98.00847,7.0084686
val,52,123,90.0,95.13732,5.1373215
val,52,124,89.0,90.95111,1.9511108
val,52,125,88.0,98.59688,10.596878
val,52,126,87.0,96.46633,9.4663315
val,52,127,86.0,88.326416,2.326416
val,52,128,85.0,91.957664,6.9576645
val,52,129,84.0,104.3723,20.3723
val,52,130,83.0,90.983185,7.983185
val,52,131,82.0,95.24722,13.247223
val,52,132,81.0,90.33462,9.334618
val,52,133,80.0,96.35346,16.353462
val,52,134,79.0,96.06909,17.069092
val,52,135,78.0,99.49235,21.492348
val,52,136,77.0,94.664566,17.664566
val,52,137,76.0,94.59438,18.594383
val,52,138,75.0,95.635414,20.635414
val,52,139,74.0,91.94537,17.945374
val,52,140,73.0,84.45438,11.454376
val,52,141,72.0,79.03314,7.033142
val,52,142,71.0,85.34335,14.343353
val,52,143,70.0,83.52613,13.526131
val,52,144,69.0,80.47262,11.472618
val,52,145,68.0,81.07829,13.078293
val,52,146,67.0,86.16658,19.16658
val,52,147,66.0,88.25682,22.25682
val,52,148,65.0,87.751114,22.751114
val,52,149,64.0,84.68982,20.68982
val,52,150,63.0,82.59685,19.596848
val,52,151,62.0,76.100395,14.100395
val,52,152,61.0,76.882095,15.882095
val,52,153,60.0,69.64663,9.646629
val,52,154,59.0,65.75998,6.7599792
val,52,155,58.0,59.52755,1.5275497
val,52,156,57.0,61.807613,4.8076134
val,52,157,56.0,59.778687,3.7786865
val,52,158,55.0,48.619057,-6.3809433
val,52,159,54.0,57.450226,3.4502258
val,52,160,53.0,49.92769,-3.0723114
val,52,161,52.0,47.13752,-4.86248
val,52,162,51.0,47.046955,-3.953045
val,52,163,50.0,49.758263,-0.24173737
val,52,164,49.0,41.769653,-7.2303467
val,52,165,48.0,42.169098,-5.830902
val,52,166,47.0,43.781372,-3.218628
val,52,167,46.0,51.543636,5.5436363
val,52,168,45.0,47.17392,2.1739197
val,52,169,44.0,36.486534,-7.513466
val,52,170,43.0,35.789474,-7.2105255
val,52,171,42.0,37.138348,-4.8616524
val,52,172,41.0,39.399673,-1.6003265
val,52,173,40.0,36.31678,-3.68322
val,52,174,39.0,35.299717,-3.700283
val,52,175,38.0,30.865614,-7.134386
val,52,176,37.0,32.549877,-4.450123
val,52,177,36.0,30.313097,-5.686903
val,52,178,35.0,28.384146,-6.6158543
val,52,179,34.0,26.861399,-7.1386013
val,52,180,33.0,24.022001,-8.977999
val,52,181,32.0,29.002346,-2.997654
val,52,182,31.0,29.335196,-1.6648045
val,52,183,30.0,29.463697,-0.53630257
val,52,184,29.0,28.308783,-0.6912174
val,52,185,28.0,27.819336,-0.18066406
val,52,186,27.0,21.267769,-5.732231
val,52,187,26.0,19.061234,-6.9387665
val,52,188,25.0,18.303127,-6.6968727
val,52,189,24.0,15.331837,-8.668163
val,52,190,23.0,13.80286,-9.19714
val,52,191,22.0,16.849073,-5.1509266
val,52,192,21.0,13.747959,-7.252041
val,52,193,20.0,16.023396,-3.9766045
val,52,194,19.0,15.46789,-3.5321102
val,52,195,18.0,15.023369,-2.9766312
val,52,196,17.0,14.847595,-2.1524048
val,52,197,16.0,15.60429,-0.39571
val,52,198,15.0,18.126804,3.1268044
val,52,199,14.0,19.277866,5.2778664
val,52,200,13.0,21.027596,8.0275955
val,52,201,12.0,16.742512,4.7425117
val,52,202,11.0,16.34597,5.34597
val,52,203,10.0,9.443146,-0.55685425
val,52,204,9.0,8.324406,-0.67559433
val,52,205,8.0,9.353813,1.3538132
val,52,206,7.0,6.413559,-0.58644104
val,52,207,6.0,5.6242447,-0.3757553
val,52,208,5.0,4.848831,-0.15116882
val,52,209,4.0,4.4381065,0.43810654
val,52,210,3.0,-0.68014157,-3.6801414
val,52,211,2.0,1.737152,-0.26284802
val,52,212,1.0,2.872841,1.8728409
val,52,213,0.0,2.4750977,2.4750977
val,53,30,165.0,144.93466,-20.065338
val,53,31,164.0,94.15767,-69.84233
val,53,32,163.0,83.25175,-79.74825
val,53,33,162.0,90.249565,-71.750435
val,53,34,161.0,91.688644,-69.311356
val,53,35,160.0,97.05699,-62.94301
val,53,36,159.0,105.16916,-53.83084
val,53,37,158.0,106.533066,-51.466934
val,53,38,157.0,118.047745,-38.952255
val,53,39,156.0,114.554565,-41.445435
val,53,40,155.0,112.27252,-42.727478
val,53,41,154.0,116.537415,-37.462585
val,53,42,153.0,119.983955,-33.016045
val,53,43,152.0,123.553314,-28.446686
val,53,44,151.0,117.15864,-33.841362
val,53,45,150.0,136.2846,-13.715393
val,53,46,149.0,122.90085,-26.099152
val,53,47,148.0,122.97782,-25.022179
val,53,48,147.0,107.6232,-39.3768
val,53,49,146.0,98.97437,-47.025627
val,53,50,145.0,101.93623,-43.063766
val,53,51,144.0,100.64382,-43.35618
val,53,52,143.0,101.18629,-41.813713
val,53,53,142.0,99.661804,-42.338196
val,53,54,141.0,96.452255,-44.547745
val,53,55,140.0,89.444214,-50.555786
val,53,56,139.0,88.39644,-50.60356
val,53,57,138.0,96.08054,-41.919456
val,53,58,137.0,86.42839,-50.57161
val,53,59,136.0,88.052155,-47.947845
val,53,60,135.0,83.22464,-51.77536
val,53,61,134.0,88.691895,-45.308105
val,53,62,133.0,79.252014,-53.747986
val,53,63,132.0,82.39096,-49.60904
val,53,64,131.0,87.059975,-43.940025
val,53,65,130.0,93.39923,-36.60077
val,53,66,129.0,92.066185,-36.933815
val,53,67,128.0,87.35661,-40.643387
val,53,68,127.0,93.48619,-33.51381
val,53,69,126.0,84.45208,-41.54792
val,53,70,125.0,81.23515,-43.764847
val,53,71,124.0,78.11226,-45.88774
val,53,72,123.0,79.28081,-43.719193
val,53,73,122.0,74.91719,-47.08281
val,53,74,121.0,69.485825,-51.514175
val,53,75,120.0,76.125015,-43.874985
val,53,76,119.0,68.36815,-50.63185
val,53,77,118.0,68.438965,-49.561035
val,53,78,117.0,71.3566,-45.643402
val,53,79,116.0,72.26382,-43.736183
val,53,80,115.0,123.38362,8.383621
val,53,81,114.0,124.458984,10.458984
val,53,82,113.0,121.78286,8.78286
val,53,83,112.0,127.88319,15.883186
val,53,84,111.0,121.09408,10.094078
val,53,85,110.0,119.34829,9.3482895
val,53,86,109.0,111.50566,2.505661
val,53,87,108.0,107.55122,-0.44877625
val,53,88,107.0,99.86018,-7.1398163
val,53,89,106.0,101.28172,-4.718277
val,53,90,105.0,102.372604,-2.6273956
val,53,91,104.0,106.69508,2.6950836
val,53,92,103.0,105.971115,2.971115
val,53,93,102.0,101.49312,-0.5068817
val,53,94,101.0,99.7014,-1.2985992
val,53,95,100.0,98.868484,-1.1315155
val,53,96,99.0,97.875145,-1.124855
val,53,97,98.0,108.2496,10.249603
val,53,98,97.0,100.26335,3.2633514
val,53,99,96.0,96.48792,0.48792267
val,53,100,95.0,89.88777,-5.1122284
val,53,101,94.0,90.6669,-3.3330994
val,53,102,93.0,91.550674,-1.4493256
val,53,103,92.0,89.87487,-2.1251297
val,53,104,91.0,84.65802,-6.34198
val,53,105,90.0,98.21108,8.211082
val,53,106,89.0,91.76521,2.765213
val,53,107,88.0,89.27591,1.2759094
val,53,108,87.0,89.18962,2.189621
val,53,109,86.0,91.93419,5.934189
val,53,110,85.0,89.757996,4.7579956
val,53,111,84.0,94.325325,10.325325
val,53,112,83.0,96.65877,13.658768
val,53,113,82.0,90.389175,8.389175
val,53,114,81.0,80.68959,-0.31040955
val,53,115,80.0,79.12714,-0.87286377
val,53,116,79.0,76.51999,-2.480011
val,53,117,78.0,87.27309,9.273087
val,53,118,77.0,84.67764,7.677643
val,53,119,76.0,85.66148,9.661484
val,53,120,75.0,85.56242,10.562424
val,53,121,74.0,79.15242,5.15242
val,53,122,73.0,80.27197,7.2719727
val,53,123,72.0,70.24942,-1.7505798
val,53,124,71.0,68.04116,-2.9588394
val,53,125,70.0,66.20788,-3.792122
val,53,126,69.0,68.430984,-0.5690155
val,53,127,68.0,69.993286,1.9932861
val,53,128,67.0,64.137505,-2.8624954
val,53,129,66.0,63.166603,-2.833397
val,53,130,65.0,59.486755,-5.5132446
val,53,131,64.0,57.97864,-6.0213585
val,53,132,63.0,58.21297,-4.7870293
val,53,133,62.0,59.42289,-2.5771103
val,53,134,61.0,57.249664,-3.7503357
val,53,135,60.0,54.89588,-5.1041183
val,53,136,59.0,51.384262,-7.615738
val,53,137,58.0,53.520954,-4.479046
val,53,138,57.0,54.39911,-2.600891
val,53,139,56.0,54.8659,-1.1341019
val,53,140,55.0,55.2705,0.27050018
val,53,141,54.0,55.52063,1.5206299
val,53,142,53.0,55.094772,2.0947723
val,53,143,52.0,53.472157,1.4721565
val,53,144,51.0,53.92693,2.9269295
val,53,145,50.0,58.639244,8.639244
val,53,146,49.0,54.8205,5.8204994
val,53,147,48.0,52.999474,4.9994736
val,53,148,47.0,53.034332,6.0343323
val,53,149,46.0,56.037228,10.037228
val,53,150,45.0,52.019974,7.0199738
val,53,151,44.0,49.464203,5.464203
val,53,152,43.0,48.42086,5.4208603
val,53,153,42.0,46.81242,4.81242
val,53,154,41.0,43.22611,2.2261086
val,53,155,40.0,44.96118,4.9611816
val,53,156,39.0,43.55224,4.5522385
val,53,157,38.0,41.76085,3.760849
val,53,158,37.0,40.00477,3.0047684
val,53,159,36.0,36.576706,0.57670593
val,53,160,35.0,38.634895,3.6348953
val,53,161,34.0,35.895565,1.895565
val,53,162,33.0,27.774769,-5.225231
val,53,163,32.0,30.58036,-1.4196396
val,53,164,31.0,29.976349,-1.0236511
val,53,165,30.0,33.2004,3.2004013
val,53,166,29.0,23.90028,-5.09972
val,53,167,28.0,23.492352,-4.5076485
val,53,168,27.0,25.095116,-1.9048843
val,53,169,26.0,22.68206,-3.3179398
val,53,170,25.0,24.724863,-0.27513695
val,53,171,24.0,21.046638,-2.9533615
val,53,172,23.0,15.856077,-7.143923
val,53,173,22.0,17.767605,-4.232395
val,53,174,21.0,12.774883,-8.225117
val,53,175,20.0,13.151623,-6.848377
val,53,176,19.0,15.390249,-3.6097507
val,53,177,18.0,14.638657,-3.3613434
val,53,178,17.0,15.705589,-1.2944107
val,53,179,16.0,16.257753,0.25775337
val,53,180,15.0,14.376514,-0.62348557
val,53,181,14.0,16.20871,2.2087097
val,53,182,13.0,11.283857,-1.7161427
val,53,183,12.0,12.825262,0.82526207
val,53,184,11.0,6.312277,-4.687723
val,53,185,10.0,3.3217735,-6.6782265
val,53,186,9.0,1.2904071,-7.709593
val,53,187,8.0,0.85718715,-7.1428127
val,53,188,7.0,-4.1971188,-11.197119
val,53,189,6.0,-6.213379,-12.213379
val,53,190,5.0,-8.282654,-13.282654
val,53,191,4.0,-11.550495,-15.550495
val,53,192,3.0,-10.572971,-13.572971
val,53,193,2.0,-13.77977,-15.77977
val,53,194,1.0,-15.515537,-16.515537
val,53,195,0.0,-16.234665,-16.234665
val,57,30,107.0,144.95181,37.951813
val,57,31,106.0,141.58682,35.586823
val,57,32,105.0,137.83792,32.83792
val,57,33,104.0,152.65582,48.655823
val,57,34,103.0,147.9397,44.939697
val,57,35,102.0,137.94693,35.94693
val,57,36,101.0,134.8208,33.8208
val,57,37,100.0,144.18973,44.189728
val,57,38,99.0,146.90811,47.90811
val,57,39,98.0,152.03775,54.03775
val,57,40,97.0,148.8887,51.888702
val,57,41,96.0,138.66777,42.66777
val,57,42,95.0,145.92441,50.924408
val,57,43,94.0,141.63095,47.63095
val,57,44,93.0,152.16002,59.16002
val,57,45,92.0,143.42227,51.42227
val,57,46,91.0,150.08081,59.08081
val,57,47,90.0,141.29816,51.298157
val,57,48,89.0,134.50343,45.503433
val,57,49,88.0,124.783516,36.783516
val,57,50,87.0,125.4758,38.4758
val,57,51,86.0,139.10608,53.10608
val,57,52,85.0,140.78209,55.78209
val,57,53,84.0,131.16132,47.161316
val,57,54,83.0,133.4458,50.4458
val,57,55,82.0,139.69087,57.690872
val,57,56,81.0,185.77472,104.77472
val,57,57,80.0,177.62988,97.62988
val,57,58,79.0,166.3026,87.3026
val,57,59,78.0,155.08932,77.089325
val,57,60,77.0,157.31183,80.31183
val,57,61,76.0,99.17328,23.173279
val,57,62,75.0,96.3407,21.340698
val,57,63,74.0,92.78671,18.786713
val,57,64,73.0,86.931786,13.931786
val,57,65,72.0,87.603325,15.603325
val,57,66,71.0,84.657585,13.657585
val,57,67,70.0,79.4871,9.487099
val,57,68,69.0,83.90703,14.907028
val,57,69,68.0,87.06506,19.065063
val,57,70,67.0,96.232544,29.232544
val,57,71,66.0,90.148865,24.148865
val,57,72,65.0,102.915115,37.915115
val,57,73,64.0,84.9105,20.9105
val,57,74,63.0,93.02542,30.025421
val,57,75,62.0,87.63672,25.636719
val,57,76,61.0,71.72778,10.727783
val,57,77,60.0,69.14447,9.14447
val,57,78,59.0,63.52382,4.523819
val,57,79,58.0,64.888916,6.888916
val,57,80,57.0,63.869617,6.8696175
val,57,81,56.0,53.36133,-2.6386719
val,57,82,55.0,62.989655,7.9896545
val,57,83,54.0,67.067245,13.0672455
val,57,84,53.0,60.57554,7.5755386
val,57,85,52.0,60.144375,8.144375
val,57,86,51.0,62.031944,11.031944
val,57,87,50.0,71.577576,21.577576
val,57,88,49.0,60.21708,11.217079
val,57,89,48.0,65.70558,17.705582
val,57,90,47.0,61.939346,14.939346
val,57,91,46.0,87.92712,41.927116
val,57,92,45.0,80.598206,35.598206
val,57,93,44.0,81.681885,37.681885
val,57,94,43.0,75.53265,32.532654
val,57,95,42.0,86.55666,44.556664
val,57,96,41.0,90.85641,49.856407
val,57,97,40.0,74.93327,34.933273
val,57,98,39.0,68.4645,29.4645
val,57,99,38.0,73.38932,35.38932
val,57,100,37.0,74.06051,37.06051
val,57,101,36.0,75.1253,39.125298
val,57,102,35.0,71.83144,36.831444
val,57,103,34.0,68.791145,34.791145
val,57,104,33.0,62.132355,29.132355
val,57,105,32.0,51.51455,19.51455
val,57,106,31.0,38.883316,7.883316
val,57,107,30.0,30.570358,0.5703583
val,57,108,29.0,30.183613,1.1836128
val,57,109,28.0,20.412008,-7.5879917
val,57,110,27.0,19.527727,-7.472273
val,57,111,26.0,17.942205,-8.057795
val,57,112,25.0,13.800556,-11.199444
val,57,113,24.0,10.795719,-13.204281
val,57,114,23.0,16.544765,-6.4552345
val,57,115,22.0,17.048967,-4.9510326
val,57,116,21.0,21.217113,0.2171135
val,57,117,20.0,23.17942,3.1794205
val,57,118,19.0,21.445004,2.4450035
val,57,119,18.0,19.491055,1.4910545
val,57,120,17.0,18.174017,1.174017
val,57,121,16.0,7.086731,-8.913269
val,57,122,15.0,0.21196449,-14.788035
val,57,123,14.0,-12.786358,-26.786358
val,57,124,13.0,-15.827248,-28.827248
val,57,125,12.0,-8.321711,-20.32171
val,57,126,11.0,-7.7400665,-18.740067
val,57,127,10.0,-14.314651,-24.314651
val,57,128,9.0,-7.3006706,-16.30067
val,57,129,8.0,-4.6115704,-12.61157
val,57,130,7.0,-5.4119854,-12.411985
val,57,131,6.0,-11.830019,-17.830019
val,57,132,5.0,-19.338314,-24.338314
val,57,133,4.0,-18.03199,-22.03199
val,57,134,3.0,-23.679949,-26.679949
val,57,135,2.0,-29.245605,-31.245605
val,57,136,1.0,-35.404007,-36.404007
val,57,137,0.0,-44.310787,-44.310787
val,60,30,142.0,150.57838,8.578384
val,60,31,141.0,162.6045,21.604507
val,60,32,140.0,156.6321,16.632095
val,60,33,139.0,175.36407,36.364075
val,60,34,138.0,160.72482,22.724823
val,60,35,137.0,171.42386,34.42386
val,60,36,136.0,172.50092,36.500916
val,60,37,135.0,170.64624,35.64624
val,60,38,134.0,171.30261,37.302612
val,60,39,133.0,162.79263,29.792633
val,60,40,132.0,156.32364,24.323639
val,60,41,131.0,162.22482,31.224823
val,60,42,130.0,139.09697,9.09697
val,60,43,129.0,149.85011,20.850113
val,60,44,128.0,143.38275,15.382751
val,60,45,127.0,152.18738,25.187378
val,60,46,126.0,150.16092,24.16092
val,60,47,125.0,148.38416,23.384155
val,60,48,124.0,141.39963,17.399628
val,60,49,123.0,146.2238,23.2238
val,60,50,122.0,128.75716,6.7571564
val,60,51,121.0,118.880875,-2.1191254
val,60,52,120.0,97.84226,-22.157738
val,60,53,119.0,100.545006,-18.454994
val,60,54,118.0,108.39253,-9.607468
val,60,55,117.0,111.65768,-5.3423233
val,60,56,116.0,122.021866,6.021866
val,60,57,115.0,124.114334,9.114334
val,60,58,114.0,109.73958,-4.2604218
val,60,59,113.0,103.64916,-9.350838
val,60,60,112.0,99.780876,-12.219124
val,60,61,111.0,102.391304,-8.608696
val,60,62,110.0,100.282166,-9.717834
val,60,63,109.0,112.87791,3.8779068
val,60,64,108.0,108.38871,0.38871002
val,60,65,107.0,103.508865,-3.4911346
val,60,66,106.0,94.23442,-11.765579
val,60,67,105.0,85.73667,-19.263329
val,60,68,104.0,88.41787,-15.58213
val,60,69,103.0,85.97886,-17.021141
val,60,70,102.0,86.83072,-15.169281
val,60,71,101.0,91.28574,-9.714256
val,60,72,100.0,87.31453,-12.685471
val,60,73,99.0,98.03613,-0.9638672
val,60,74,98.0,99.60583,1.6058273
val,60,75,97.0,109.74079,12.740791
val,60,76,96.0,126.87226,30.872261
val,60,77,95.0,111.514496,16.514496
val,60,78,94.0,102.70012,8.700119
val,60,79,93.0,100.83212,7.832123
val,60,80,92.0,99.677216,7.6772156
val,60,81,91.0,92.67852,1.6785202
val,60,82,90.0,92.62849,2.6284866
val,60,83,89.0,89.574646,0.574646
val,60,84,88.0,111.26518,23.265182
val,60,85,87.0,123.34157,36.341568
val,60,86,86.0,135.84055,49.840546
val,60,87,85.0,134.53854,49.538544
val,60,88,84.0,140.5455,56.5455
val,60,89,83.0,137.74518,54.74518
val,60,90,82.0,136.66478,54.66478
val,60,91,81.0,138.93741,57.93741
val,60,92,80.0,130.6676,50.667603
val,60,93,79.0,136.93945,57.939453
val,60,94,78.0,130.11131,52.111313
val,60,95,77.0,124.922485,47.922485
val,60,96,76.0,113.30528,37.305283
val,60,97,75.0,97.346054,22.346054
val,60,98,74.0,84.46994,10.46994
val,60,99,73.0,83.20361,10.203613
val,60,100,72.0,86.45068,14.450684
val,60,101,71.0,87.875305,16.875305
val,60,102,70.0,77.74211,7.742111
val,60,103,69.0,74.5516,5.5515976
val,60,104,68.0,77.90575,9.905746
val,60,105,67.0,74.822296,7.822296
val,60,106,66.0,80.84775,14.847748
val,60,107,65.0,82.3745,17.374496
val,60,108,64.0,79.89908,15.899078
val,60,109,63.0,82.48175,19.48175
val,60,110,62.0,90.4102,28.410202
val,60,111,61.0,83.55162,22.55162
val,60,112,60.0,79.93596,19.935959
val,60,113,59.0,72.93086,13.930862
val,60,114,58.0,67.892654,9.892654
val,60,115,57.0,71.405304,14.405304
val,60,116,56.0,69.47308,13.4730835
val,60,117,55.0,66.651764,11.651764
val,60,118,54.0,60.09352,6.093521
val,60,119,53.0,57.66993,4.6699295
val,60,120,52.0,61.405663,9.405663
val,60,121,51.0,55.232506,4.232506
val,60,122,50.0,55.6372,5.6371994
val,60,123,49.0,51.854454,2.854454
val,60,124,48.0,50.8445,2.8445015
val,60,125,47.0,53.34069,6.3406906
val,60,126,46.0,54.492607,8.492607
val,60,127,45.0,51.406162,6.4061623
val,60,128,44.0,49.589134,5.589134
val,60,129,43.0,44.65191,1.6519089
val,60,130,42.0,40.634155,-1.3658447
val,60,131,41.0,40.42,-0.58000183
val,60,132,40.0,39.896233,-0.103767395
val,60,133,39.0,35.90731,-3.0926895
val,60,134,38.0,37.958096,-0.04190445
val,60,135,37.0,35.82435,-1.1756516
val,60,136,36.0,29.681648,-6.3183517
val,60,137,35.0,33.186028,-1.8139725
val,60,138,34.0,32.50044,-1.4995613
val,60,139,33.0,29.653639,-3.3463612
val,60,140,32.0,29.397144,-2.6028557
val,60,141,31.0,31.974854,0.9748535
val,60,142,30.0,28.090849,-1.9091511
val,60,143,29.0,26.368021,-2.631979
val,60,144,28.0,22.914904,-5.0850964
val,60,145,27.0,23.938253,-3.0617466
val,60,146,26.0,25.435549,-0.5644512
val,60,147,25.0,22.349846,-2.650154
val,60,148,24.0,22.299667,-1.7003326
val,60,149,23.0,21.858784,-1.1412163
val,60,150,22.0,21.894812,-0.10518837
val,60,151,21.0,17.702808,-3.2971916
val,60,152,20.0,20.350693,0.35069275
val,60,153,19.0,22.68045,3.6804504
val,60,154,18.0,23.556328,5.556328
val,60,155,17.0,22.871744,5.871744
val,60,156,16.0,19.122498,3.1224976
val,60,157,15.0,19.147997,4.147997
val,60,158,14.0,17.25896,3.2589607
val,60,159,13.0,12.6982765,-0.30172348
val,60,160,12.0,7.2936974,-4.7063026
val,60,161,11.0,0.5005053,-10.499495
val,60,162,10.0,3.9975662,-6.002434
val,60,163,9.0,-1.2216493,-10.221649
val,60,164,8.0,0.48529613,-7.5147038
val,60,165,7.0,1.9145325,-5.0854673
val,60,166,6.0,-1.8773376,-7.8773375
val,60,167,5.0,-5.5047092,-10.504709
val,60,168,4.0,0.9677409,-3.032259
val,60,169,3.0,2.1547384,-0.8452616
val,60,170,2.0,-1.3179742,-3.317974
val,60,171,1.0,-3.7906933,-4.7906933
val,60,172,0.0,-5.432064,-5.432064
val,62,30,150.0,112.18116,-37.81884
val,62,31,149.0,107.97323,-41.02677
val,62,32,148.0,118.25456,-29.745438
val,62,33,147.0,128.09276,-18.907242
val,62,34,146.0,120.38047,-25.61953
val,62,35,145.0,128.31287,-16.687134
val,62,36,144.0,146.14104,2.141037
val,62,37,143.0,145.13274,2.1327362
val,62,38,142.0,140.03003,-1.9699707
val,62,39,141.0,131.31497,-9.685028
val,62,40,140.0,134.54362,-5.456375
val,62,41,139.0,134.91624,-4.0837555
val,62,42,138.0,141.29788,3.297882
val,62,43,137.0,132.21118,-4.7888184
val,62,44,136.0,128.13008,-7.869919
val,62,45,135.0,137.16739,2.167389
val,62,46,134.0,133.94571,-0.05429077
val,62,47,133.0,132.49034,-0.5096588
val,62,48,132.0,140.05254,8.052536
val,62,49,131.0,144.32193,13.32193
val,62,50,130.0,145.94707,15.947067
val,62,51,129.0,135.86269,6.862686
val,62,52,128.0,130.32262,2.3226166
val,62,53,127.0,125.310265,-1.6897354
val,62,54,126.0,124.46149,-1.5385132
val,62,55,125.0,117.21116,-7.7888412
val,62,56,124.0,113.20773,-10.792267
val,62,57,123.0,112.12371,-10.876289
val,62,58,122.0,107.58908,-14.410919
val,62,59,121.0,102.3952,-18.604797
val,62,60,120.0,109.8902,-10.109802
val,62,61,119.0,97.79063,-21.209373
val,62,62,118.0,110.34828,-7.651718
val,62,63,117.0,110.55087,-6.449127
val,62,64,116.0,107.66163,-8.338371
val,62,65,115.0,109.100746,-5.899254
val,62,66,114.0,110.45667,-3.5433273
val,62,67,113.0,103.604614,-9.395386
val,62,68,112.0,106.157364,-5.842636
val,62,69,111.0,102.97873,-8.021271
val,62,70,110.0,102.75943,-7.24057
val,62,71,109.0,107.29885,-1.701149
val,62,72,108.0,102.14502,-5.8549805
val,62,73,107.0,102.43687,-4.5631332
val,62,74,106.0,100.72583,-5.27417
val,62,75,105.0,107.68431,2.684311
val,62,76,104.0,103.45477,-0.54522705
val,62,77,103.0,108.798706,5.798706
val,62,78,102.0,116.90314,14.903137
val,62,79,101.0,118.621056,17.621056
val,62,80,100.0,122.15634,22.156342
val,62,81,99.0,122.76645,23.766449
val,62,82,98.0,121.144516,23.144516
val,62,83,97.0,123.67206,26.672058
val,62,84,96.0,125.98024,29.98024
val,62,85,95.0,123.855736,28.855736
val,62,86,94.0,124.94522,30.94522
val,62,87,93.0,114.433014,21.433014
val,62,88,92.0,120.28558,28.285583
val,62,89,91.0,123.64378,32.643784
val,62,90,90.0,116.039635,26.039635
val,62,91,89.0,107.99518,18.995178
val,62,92,88.0,100.767685,12.767685
val,62,93,87.0,96.95593,9.955933
val,62,94,86.0,90.93771,4.9377136
val,62,95,85.0,85.419174,0.4191742
val,62,96,84.0,83.865265,-0.1347351
val,62,97,83.0,81.21109,-1.7889099
val,62,98,82.0,88.68372,6.6837234
val,62,99,81.0,83.99646,2.99646
val,62,100,80.0,77.48032,-2.5196762
val,62,101,79.0,81.12299,2.1229935
val,62,102,78.0,79.41025,1.4102478
val,62,103,77.0,74.3758,-2.624199
val,62,104,76.0,73.39917,-2.60083
val,62,105,75.0,72.8342,-2.165802
val,62,106,74.0,67.536095,-6.4639053
val,62,107,73.0,73.44702,0.44702148
val,62,108,72.0,79.08311,7.083107
val,62,109,71.0,75.432755,4.4327545
val,62,110,70.0,75.39827,5.3982697
val,62,111,69.0,73.83523,4.835228
val,62,112,68.0,73.19361,5.193611
val,62,113,67.0,77.61491,10.614906
val,62,114,66.0,77.75403,11.754028
val,62,115,65.0,88.63743,23.637428
val,62,116,64.0,88.28587,24.285873
val,62,117,63.0,84.160866,21.160866
val,62,118,62.0,83.94181,21.94181
val,62,119,61.0,84.97398,23.973984
val,62,120,60.0,81.848434,21.848434
val,62,121,59.0,80.57445,21.574448
val,62,122,58.0,82.78491,24.784912
val,62,123,57.0,84.46165,27.461647
val,62,124,56.0,82.026955,26.026955
val,62,125,55.0,75.5684,20.568398
val,62,126,54.0,70.218704,16.218704
val,62,127,53.0,61.35109,8.3510895
val,62,128,52.0,57.093864,5.0938644
val,62,129,51.0,55.203255,4.2032547
val,62,130,50.0,53.021908,3.0219078
val,62,131,49.0,51.94729,2.9472885
val,62,132,48.0,60.08505,12.085049
val,62,133,47.0,64.619675,17.619675
val,62,134,46.0,66.254395,20.254395
val,62,135,45.0,67.75253,22.752533
val,62,136,44.0,68.083206,24.083206
val,62,137,43.0,70.734055,27.734055
val,62,138,42.0,64.515434,22.515434
val,62,139,41.0,61.519142,20.519142
val,62,140,40.0,64.69984,24.699837
val,62,141,39.0,63.822952,24.822952
val,62,142,38.0,60.492268,22.492268
val,62,143,37.0,57.95588,20.95588
val,62,144,36.0,59.883476,23.883476
val,62,145,35.0,61.144135,26.144135
val,62,146,34.0,64.01175,30.01175
val,62,147,33.0,56.510693,23.510693
val,62,148,32.0,53.466114,21.466114
val,62,149,31.0,58.479366,27.479366
val,62,150,30.0,58.997246,28.997246
val,62,151,29.0,58.90416,29.90416
val,62,152,28.0,62.32215,34.32215
val,62,153,27.0,59.81456,32.81456
val,62,154,26.0,63.45751,37.45751
val,62,155,25.0,68.86653,43.86653
val,62,156,24.0,69.156624,45.156624
val,62,157,23.0,67.574265,44.574265
val,62,158,22.0,64.82024,42.820236
val,62,159,21.0,65.62965,44.629646
val,62,160,20.0,63.62648,43.62648
val,62,161,19.0,59.08399,40.08399
val,62,162,18.0,55.250153,37.250153
val,62,163,17.0,58.68852,41.68852
val,62,164,16.0,49.44522,33.44522
val,62,165,15.0,43.146317,28.146317
val,62,166,14.0,39.93924,25.93924
val,62,167,13.0,33.258617,20.258617
val,62,168,12.0,30.799917,18.799917
val,62,169,11.0,26.471233,15.471233
val,62,170,10.0,23.172647,13.172647
val,62,171,9.0,27.371574,18.371574
val,62,172,8.0,27.691494,19.691494
val,62,173,7.0,23.426943,16.426943
val,62,174,6.0,20.950493,14.950493
val,62,175,5.0,13.772566,8.772566
val,62,176,4.0,14.951893,10.951893
val,62,177,3.0,15.574188,12.574188
val,62,178,2.0,14.409557,12.409557
val,62,179,1.0,12.279991,11.279991
val,62,180,0.0,12.948404,12.948404
val,72,30,183.0,176.67667,-6.3233337
val,72,31,182.0,171.43143,-10.568573
val,72,32,181.0,185.14148,4.1414795
val,72,33,180.0,187.52733,7.5273285
val,72,34,179.0,185.75375,6.7537537
val,72,35,178.0,191.64853,13.648529
val,72,36,177.0,195.81528,18.815277
val,72,37,176.0,191.05171,15.051712
val,72,38,175.0,184.87245,9.872452
val,72,39,174.0,186.62665,12.626648
val,72,40,173.0,183.36472,10.364716
val,72,41,172.0,215.52847,43.528473
val,72,42,171.0,202.4251,31.425095
val,72,43,170.0,202.6937,32.693695
val,72,44,169.0,198.20506,29.205063
val,72,45,168.0,186.00443,18.004425
val,72,46,167.0,184.4144,17.414398
val,72,47,166.0,187.21281,21.212814
val,72,48,165.0,197.49127,32.491272
val,72,49,164.0,193.22774,29.227737
val,72,50,163.0,197.05664,34.05664
val,72,51,162.0,205.99518,43.99518
val,72,52,161.0,200.5297,39.529694
val,72,53,160.0,201.08838,41.08838
val,72,54,159.0,187.51611,28.516113
val,72,55,158.0,189.91501,31.915009
val,72,56,157.0,180.7674,23.767395
val,72,57,156.0,171.70471,15.704712
val,72,58,155.0,135.15668,-19.843323
val,72,59,154.0,126.41177,-27.588226
val,72,60,153.0,118.15385,-34.846153
val,72,61,152.0,123.653206,-28.346794
val,72,62,151.0,121.30696,-29.693039
val,72,63,150.0,127.673164,-22.326836
val,72,64,149.0,135.84944,-13.150558
val,72,65,148.0,146.39275,-1.607254
val,72,66,147.0,140.6711,-6.328903
val,72,67,146.0,142.21597,-3.784027
val,72,68,145.0,137.18216,-7.8178406
val,72,69,144.0,149.20807,5.208069
val,72,70,143.0,146.75972,3.7597198
val,72,71,142.0,144.44511,2.4451141
val,72,72,141.0,149.35678,8.356781
val,72,73,140.0,135.67383,-4.326172
val,72,74,139.0,143.51755,4.5175476
val,72,75,138.0,136.24237,-1.7576294
val,72,76,137.0,140.01326,3.01326
val,72,77,136.0,143.61916,7.619156
val,72,78,135.0,137.34085,2.3408508
val,72,79,134.0,137.51831,3.5183105
val,72,80,133.0,145.00919,12.009186
val,72,81,132.0,160.3312,28.331207
val,72,82,131.0,149.14316,18.143158
val,72,83,130.0,141.93591,11.935913
val,72,84,129.0,147.94675,18.946747
val,72,85,128.0,145.0535,17.053497
val,72,86,127.0,158.3551,31.355103
val,72,87,126.0,159.59416,33.594162
val,72,88,125.0,177.7999,52.799896
val,72,89,124.0,176.29858,52.298584
val,72,90,123.0,167.36479,44.36479
val,72,91,122.0,157.944,35.944
val,72,92,121.0,154.44183,33.441833
val,72,93,120.0,150.04251,30.042511
val,72,94,119.0,154.725,35.725006
val,72,95,118.0,147.23758,29.23758
val,72,96,117.0,123.20132,6.201317
val,72,97,116.0,126.79544,10.795441
val,72,98,115.0,91.00612,-23.993881
val,72,99,114.0,84.56033,-29.439667
val,72,100,113.0,84.61686,-28.38314
val,72,101,112.0,72.24834,-39.751663
val,72,102,111.0,71.88345,-39.116547
val,72,103,110.0,80.091484,-29.908516
val,72,104,109.0,81.64001,-27.359993
val,72,105,108.0,89.35988,-18.640121
val,72,106,107.0,87.15804,-19.841957
val,72,107,106.0,86.70126,-19.298737
val,72,108,105.0,83.56533,-21.43467
val,72,109,104.0,74.31163,-29.68837
val,72,110,103.0,71.87717,-31.122833
val,72,111,102.0,74.87623,-27.123772
val,72,112,101.0,79.01166,-21.988342
val,72,113,100.0,80.770386,-19.229614
val,72,114,99.0,79.381134,-19.618866
val,72,115,98.0,79.52912,-18.470879
val,72,116,97.0,86.66018,-10.339821
val,72,117,96.0,89.86083,-6.139168
val,72,118,95.0,91.75782,-3.2421799
val,72,119,94.0,84.08562,-9.914383
val,72,120,93.0,96.95005,3.9500504
val,72,121,92.0,92.77618,0.77617645
val,72,122,91.0,77.51115,-13.488853
val,72,123,90.0,81.61861,-8.381393
val,72,124,89.0,78.79674,-10.203262
val,72,125,88.0,80.87503,-7.1249695
val,72,126,87.0,75.00642,-11.993584
val,72,127,86.0,77.61431,-8.385689
val,72,128,85.0,113.28895,28.288948
val,72,129,84.0,109.30926,25.309258
val,72,130,83.0,96.54199,13.541992
val,72,131,82.0,98.48447,16.484467
val,72,132,81.0,100.21527,19.215271
val,72,133,80.0,86.7455,6.7454987
val,72,134,79.0,92.39548,13.395477
val,72,135,78.0,78.98509,0.98509216
val,72,136,77.0,87.047806,10.047806
val,72,137,76.0,92.8978,16.897797
val,72,138,75.0,85.3153,10.3153
val,72,139,74.0,81.72899,7.7289886
val,72,140,73.0,78.17998,5.1799774
val,72,141,72.0,79.61119,7.611191
val,72,142,71.0,77.60465,6.6046524
val,72,143,70.0,74.55978,4.5597763
val,72,144,69.0,60.086143,-8.9138565
val,72,145,68.0,69.78789,1.7878876
val,72,146,67.0,75.4617,8.4617
val,72,147,66.0,83.93537,17.935371
val,72,148,65.0,97.020134,32.020134
val,72,149,64.0,103.52219,39.522186
val,72,150,63.0,124.450775,61.450775
val,72,151,62.0,131.54514,69.545135
val,72,152,61.0,123.8501,62.850098
val,72,153,60.0,112.727936,52.727936
val,72,154,59.0,104.53579,45.53579
val,72,155,58.0,106.581955,48.581955
val,72,156,57.0,103.42372,46.42372
val,72,157,56.0,96.652115,40.652115
val,72,158,55.0,92.78927,37.78927
val,72,159,54.0,78.88354,24.883537
val,72,160,53.0,75.80055,22.800552
val,72,161,52.0,70.92074,18.920738
val,72,162,51.0,75.78153,24.781532
val,72,163,50.0,71.481895,21.481895
val,72,164,49.0,63.352554,14.352554
val,72,165,48.0,57.29582,9.295818
val,72,166,47.0,63.926445,16.926445
val,72,167,46.0,55.160156,9.160156
val,72,168,45.0,40.77516,-4.2248383
val,72,169,44.0,37.02077,-6.979229
val,72,170,43.0,26.190151,-16.809849
val,72,171,42.0,32.634235,-9.365765
val,72,172,41.0,34.7882,-6.2117996
val,72,173,40.0,24.80857,-15.191429
val,72,174,39.0,25.87666,-13.123341
val,72,175,38.0,25.230772,-12.769228
val,72,176,37.0,24.269289,-12.730711
val,72,177,36.0,13.956364,-22.043636
val,72,178,35.0,16.631521,-18.368479
val,72,179,34.0,13.51041,-20.48959
val,72,180,33.0,20.173515,-12.826485
val,72,181,32.0,16.368065,-15.631935
val,72,182,31.0,21.130095,-9.869905
val,72,183,30.0,16.230875,-13.769125
val,72,184,29.0,18.01451,-10.985491
val,72,185,28.0,18.755135,-9.244865
val,72,186,27.0,29.808733,2.808733
val,72,187,26.0,29.505442,3.5054417
val,72,188,25.0,29.748337,4.748337
val,72,189,24.0,22.326393,-1.6736069
val,72,190,23.0,32.844063,9.844063
val,72,191,22.0,23.477339,1.4773388
val,72,192,21.0,19.890568,-1.1094322
val,72,193,20.0,22.283333,2.2833328
val,72,194,19.0,18.002787,-0.99721336
val,72,195,18.0,14.331219,-3.6687813
val,72,196,17.0,5.2077065,-11.792294
val,72,197,16.0,2.8470955,-13.1529045
val,72,198,15.0,-0.45399296,-15.453993
val,72,199,14.0,-8.336597,-22.336597
val,72,200,13.0,-10.589352,-23.589352
val,72,201,12.0,-7.89563,-19.89563
val,72,202,11.0,-8.093361,-19.09336
val,72,203,10.0,-8.143314,-18.143314
val,72,204,9.0,-6.4130535,-15.4130535
val,72,205,8.0,-7.634693,-15.634693
val,72,206,7.0,-3.475998,-10.475998
val,72,207,6.0,-19.325905,-25.325905
val,72,208,5.0,-15.60907,-20.60907
val,72,209,4.0,-19.497856,-23.497856
val,72,210,3.0,-19.027115,-22.027115
val,72,211,2.0,-28.402283,-30.402283
val,72,212,1.0,-29.381454,-30.381454
val,72,213,0.0,-30.892761,-30.892761
val,82,30,184.0,183.25473,-0.7452698
val,82,31,183.0,187.96149,4.961487
val,82,32,182.0,189.7532,7.7532043
val,82,33,181.0,190.53593,9.535934
val,82,34,180.0,187.93561,7.935608
val,82,35,179.0,191.24478,12.2447815
val,82,36,178.0,191.91966,13.919662
val,82,37,177.0,193.03583,16.035828
val,82,38,176.0,195.38225,19.382248
val,82,39,175.0,195.78406,20.784058
val,82,40,174.0,198.47464,24.47464
val,82,41,173.0,194.66019,21.660187
val,82,42,172.0,192.83965,20.839645
val,82,43,171.0,188.82883,17.828827
val,82,44,170.0,194.61206,24.61206
val,82,45,169.0,192.05066,23.05066
val,82,46,168.0,181.37016,13.370163
val,82,47,167.0,186.52606,19.526062
val,82,48,166.0,185.91882,19.918823
val,82,49,165.0,182.2834,17.283401
val,82,50,164.0,177.95636,13.95636
val,82,51,163.0,176.51468,13.514679
val,82,52,162.0,172.80548,10.805481
val,82,53,161.0,170.86264,9.86264
val,82,54,160.0,178.21167,18.21167
val,82,55,159.0,185.59253,26.59253
val,82,56,158.0,188.67462,30.674622
val,82,57,157.0,183.75858,26.758575
val,82,58,156.0,183.46135,27.46135
val,82,59,155.0,187.97171,32.97171
val,82,60,154.0,183.05197,29.051971
val,82,61,153.0,183.5881,30.588104
val,82,62,152.0,186.43245,34.43245
val,82,63,151.0,173.6672,22.667206
val,82,64,150.0,183.79755,33.797546
val,82,65,149.0,182.42075,33.420746
val,82,66,148.0,175.87854,27.87854
val,82,67,147.0,171.62463,24.624634
val,82,68,146.0,166.27502,20.275024
val,82,69,145.0,150.22942,5.229416
val,82,70,144.0,156.61948,12.619476
val,82,71,143.0,157.96426,14.964264
val,82,72,142.0,162.02829,20.02829
val,82,73,141.0,167.26291,26.262909
val,82,74,140.0,181.78593,41.785934
val,82,75,139.0,173.89395,34.89395
val,82,76,138.0,178.43198,40.431976
val,82,77,137.0,173.13716,36.13716
val,82,78,136.0,173.61664,37.61664
val,82,79,135.0,185.2255,50.225494
val,82,80,134.0,180.62668,46.62668
val,82,81,133.0,184.82788,51.82788
val,82,82,132.0,194.08583,62.08583
val,82,83,131.0,170.30487,39.30487
val,82,84,130.0,175.38628,45.386276
val,82,85,129.0,169.70456,40.70456
val,82,86,128.0,164.21014,36.210144
val,82,87,127.0,160.68933,33.68933
val,82,88,126.0,161.81165,35.811646
val,82,89,125.0,174.76962,49.769623
val,82,90,124.0,174.42935,50.42935
val,82,91,123.0,164.93727,41.93727
val,82,92,122.0,166.15378,44.153778
val,82,93,121.0,165.28244,44.28244
val,82,94,120.0,175.89429,55.894287
val,82,95,119.0,185.8286,66.8286
val,82,96,118.0,183.01569,65.015686
val,82,97,117.0,175.62286,58.622864
val,82,98,116.0,174.2471,58.2471
val,82,99,115.0,167.14758,52.147583
val,82,100,114.0,170.25629,56.256287
val,82,101,113.0,168.65305,55.653046
val,82,102,112.0,165.3718,53.371796
val,82,103,111.0,168.59296,57.592957
val,82,104,110.0,164.72783,54.72783
val,82,105,109.0,166.05675,57.056747
val,82,106,108.0,165.68813,57.688126
val,82,107,107.0,157.48586,50.485855
val,82,108,106.0,161.0765,55.076508
val,82,109,105.0,166.40445,61.40445
val,82,110,104.0,162.02087,58.020874
val,82,111,103.0,162.77827,59.778275
val,82,112,102.0,165.61346,63.613464
val,82,113,101.0,156.84952,55.849518
val,82,114,100.0,157.2019,57.201904
val,82,115,99.0,158.50188,59.501877
val,82,116,98.0,154.97868,56.978683
val,82,117,97.0,147.44916,50.449158
val,82,118,96.0,134.09514,38.09514
val,82,119,95.0,130.9438,35.9438
val,82,120,94.0,125.80701,31.807007
val,82,121,93.0,122.60754,29.607536
val,82,122,92.0,113.386,21.386002
val,82,123,91.0,120.35391,29.353912
val,82,124,90.0,114.89635,24.896347
val,82,125,89.0,135.612,46.612
val,82,126,88.0,133.84062,45.840622
val,82,127,87.0,132.42389,45.42389
val,82,128,86.0,125.06348,39.063477
val,82,129,85.0,123.52286,38.522858
val,82,130,84.0,120.12973,36.12973
val,82,131,83.0,114.4606,31.460602
val,82,132,82.0,110.126724,28.126724
val,82,133,81.0,111.52165,30.521652
val,82,134,80.0,102.364845,22.364845
val,82,135,79.0,105.81311,26.81311
val,82,136,78.0,101.60257,23.60257
val,82,137,77.0,95.104965,18.104965
val,82,138,76.0,94.89642,18.896423
val,82,139,75.0,97.20575,22.20575
val,82,140,74.0,94.123024,20.123024
val,82,141,73.0,88.64824,15.648239
val,82,142,72.0,89.75848,17.758476
val,82,143,71.0,88.91586,17.915863
val,82,144,70.0,85.52499,15.524986
val,82,145,69.0,82.626114,13.626114
val,82,146,68.0,81.3829,13.382896
val,82,147,67.0,80.03195,13.031952
val,82,148,66.0,80.78456,14.784561
val,82,149,65.0,80.384895,15.384895
val,82,150,64.0,74.907455,10.907455
val,82,151,63.0,70.79703,7.7970276
val,82,152,62.0,78.39283,16.39283
val,82,153,61.0,77.6501,16.6501
val,82,154,60.0,77.38989,17.389893
val,82,155,59.0,81.46968,22.46968
val,82,156,58.0,95.20157,37.20157
val,82,157,57.0,84.66017,27.660172
val,82,158,56.0,86.14813,30.148132
val,82,159,55.0,83.33926,28.339256
val,82,160,54.0,85.007065,31.007065
val,82,161,53.0,87.01184,34.01184
val,82,162,52.0,79.71136,27.711357
val,82,163,51.0,75.82486,24.82486
val,82,164,50.0,77.80661,27.80661
val,82,165,49.0,75.58237,26.582367
val,82,166,48.0,71.45174,23.451736
val,82,167,47.0,72.98112,25.981117
val,82,168,46.0,71.73281,25.732811
val,82,169,45.0,73.01231,28.012306
val,82,170,44.0,70.88479,26.884789
val,82,171,43.0,70.63091,27.630913
val,82,172,42.0,70.526695,28.526695
val,82,173,41.0,69.24954,28.249542
val,82,174,40.0,65.47852,25.478523
val,82,175,39.0,66.71371,27.713707
val,82,176,38.0,63.900185,25.900185
val,82,177,37.0,67.27425,30.274246
val,82,178,36.0,71.79728,35.79728
val,82,179,35.0,71.91994,36.919937
val,82,180,34.0,69.12309,35.123093
val,82,181,33.0,68.05446,35.05446
val,82,182,32.0,67.359955,35.359955
val,82,183,31.0,62.100773,31.100773
val,82,184,30.0,60.621895,30.621895
val,82,185,29.0,61.424377,32.424377
val,82,186,28.0,58.76664,30.76664
val,82,187,27.0,56.006752,29.006752
val,82,188,26.0,51.751724,25.751724
val,82,189,25.0,50.40081,25.40081
val,82,190,24.0,49.372223,25.372223
val,82,191,23.0,47.280357,24.280357
val,82,192,22.0,43.42887,21.428871
val,82,193,21.0,47.47026,26.47026
val,82,194,20.0,42.218132,22.218132
val,82,195,19.0,37.251976,18.251976
val,82,196,18.0,33.26615,15.266151
val,82,197,17.0,29.982172,12.982172
val,82,198,16.0,27.440422,11.440422
val,82,199,15.0,25.20132,10.201321
val,82,200,14.0,17.679668,3.6796684
val,82,201,13.0,14.47667,1.4766703
val,82,202,12.0,11.117638,-0.88236237
val,82,203,11.0,9.099497,-1.9005032
val,82,204,10.0,5.732296,-4.267704
val,82,205,9.0,3.2478676,-5.7521324
val,82,206,8.0,0.37382877,-7.626171
val,82,207,7.0,-6.7036915,-13.7036915
val,82,208,6.0,-9.663458,-15.663458
val,82,209,5.0,-14.765497,-19.765497
val,82,210,4.0,-17.765884,-21.765884
val,82,211,3.0,-18.378447,-21.378447
val,82,212,2.0,-24.09805,-26.09805
val,82,213,1.0,-26.696842,-27.696842
val,82,214,0.0,-28.34399,-28.34399
val,93,30,125.0,124.95563,-0.04437256
val,93,31,124.0,129.68497,5.684967
val,93,32,123.0,128.54713,5.5471344
val,93,33,122.0,134.31941,12.319412
val,93,34,121.0,144.88118,23.88118
val,93,35,120.0,141.93643,21.936432
val,93,36,119.0,136.34737,17.347366
val,93,37,118.0,138.61792,20.61792
val,93,38,117.0,127.66565,10.665649
val,93,39,116.0,129.90193,13.901932
val,93,40,115.0,119.96231,4.962311
val,93,41,114.0,127.570816,13.570816
val,93,42,113.0,127.57579,14.57579
val,93,43,112.0,126.38588,14.3858795
val,93,44,111.0,124.271576,13.271576
val,93,45,110.0,142.64706,32.647064
val,93,46,109.0,127.253555,18.253555
val,93,47,108.0,129.73798,21.737976
val,93,48,107.0,131.5523,24.552307
val,93,49,106.0,135.09705,29.097046
val,93,50,105.0,135.2316,30.231598
val,93,51,104.0,135.97687,31.976868
val,93,52,103.0,138.0438,35.043793
val,93,53,102.0,172.82758,70.827576
val,93,54,101.0,170.21414,69.21414
val,93,55,100.0,130.69086,30.690857
val,93,56,99.0,139.58783,40.58783
val,93,57,98.0,141.98447,43.984467
val,93,58,97.0,138.7083,41.708298
val,93,59,96.0,137.55032,41.550323
val,93,60,95.0,135.88692,40.886917
val,93,61,94.0,135.14851,41.148514
val,93,62,93.0,138.48686,45.486862
val,93,63,92.0,129.16873,37.16873
val,93,64,91.0,120.977806,29.977806
val,93,65,90.0,127.63023,37.630234
val,93,66,89.0,118.92984,29.92984
val,93,67,88.0,116.89455,28.894547
val,93,68,87.0,108.85109,21.85109
val,93,69,86.0,116.20127,30.201271
val,93,70,85.0,101.79266,16.792664
val,93,71,84.0,103.31802,19.318024
val,93,72,83.0,103.30173,20.301727
val,93,73,82.0,94.34427,12.344269
val,93,74,81.0,95.16333,14.16333
val,93,75,80.0,91.69397,11.69397
val,93,76,79.0,86.88636,7.88636
val,93,77,78.0,83.05471,5.0547104
val,93,78,77.0,84.5305,7.5305023
val,93,79,76.0,84.84805,8.848053
val,93,80,75.0,80.823975,5.8239746
val,93,81,74.0,78.71002,4.710022
val,93,82,73.0,72.94202,-0.0579834
val,93,83,72.0,64.590225,-7.409775
val,93,84,71.0,61.322556,-9.677444
val,93,85,70.0,64.8685,-5.1315002
val,93,86,69.0,65.37879,-3.6212082
val,93,87,68.0,56.474716,-11.525284
val,93,88,67.0,59.476955,-7.5230446
val,93,89,66.0,66.53206,0.5320587
val,93,90,65.0,67.80613,2.8061295
val,93,91,64.0,61.344276,-2.6557236
val,93,92,63.0,66.91495,3.9149475
val,93,93,62.0,96.6183,34.6183
val,93,94,61.0,96.72066,35.720657
val,93,95,60.0,111.43281,51.432808
val,93,96,59.0,110.70024,51.70024
val,93,97,58.0,121.71478,63.714783
val,93,98,57.0,122.5011,65.5011
val,93,99,56.0,127.95455,71.95455
val,93,100,55.0,114.53569,59.53569
val,93,101,54.0,111.173386,57.173386
val,93,102,53.0,108.2999,55.299896
val,93,103,52.0,101.20877,49.20877
val,93,104,51.0,99.94641,48.94641
val,93,105,50.0,96.624214,46.624214
val,93,106,49.0,95.152405,46.152405
val,93,107,48.0,92.66272,44.66272
val,93,108,47.0,94.63135,47.631348
val,93,109,46.0,84.86272,38.862717
val,93,110,45.0,74.18974,29.189743
val,93,111,44.0,70.45257,26.452568
val,93,112,43.0,74.82698,31.82698
val,93,113,42.0,66.076324,24.076324
val,93,114,41.0,55.892673,14.8926735
val,93,115,40.0,45.86988,5.8698807
val,93,116,39.0,42.863274,3.8632736
val,93,117,38.0,41.730576,3.7305756
val,93,118,37.0,31.791794,-5.208206
val,93,119,36.0,33.65426,-2.3457413
val,93,120,35.0,30.915249,-4.084751
val,93,121,34.0,37.608482,3.6084824
val,93,122,33.0,32.07327,-0.9267311
val,93,123,32.0,31.838259,-0.16174126
val,93,124,31.0,28.909588,-2.0904121
val,93,125,30.0,26.181938,-3.8180618
val,93,126,29.0,26.239037,-2.7609634
val,93,127,28.0,36.54708,8.547081
val,93,128,27.0,43.242092,16.242092
val,93,129,26.0,51.769226,25.769226
val,93,130,25.0,54.12303,29.123032
val,93,131,24.0,52.40989,28.40989
val,93,132,23.0,48.201637,25.201637
val,93,133,22.0,47.73722,25.73722
val,93,134,21.0,45.531647,24.531647
val,93,135,20.0,39.742226,19.742226
val,93,136,19.0,40.87627,21.87627
val,93,137,18.0,41.59114,23.59114
val,93,138,17.0,37.889545,20.889545
val,93,139,16.0,36.171387,20.171387
val,93,140,15.0,32.720215,17.720215
val,93,141,14.0,33.601814,19.601814
val,93,142,13.0,34.02303,21.02303
val,93,143,12.0,32.504765,20.504765
val,93,144,11.0,26.611774,15.611774
val,93,145,10.0,20.405926,10.405926
val,93,146,9.0,14.865852,5.8658524
val,93,147,8.0,16.531595,8.531595
val,93,148,7.0,12.821207,5.821207
val,93,149,6.0,6.3193645,0.31936455
val,93,150,5.0,0.26590908,-4.734091
val,93,151,4.0,-4.430046,-8.430046
val,93,152,3.0,-3.7235603,-6.7235603
val,93,153,2.0,-9.622839,-11.622839
val,93,154,1.0,-13.404209,-14.404209
val,93,155,0.0,-22.248747,-22.248747
val,98,30,126.0,181.94464,55.94464
val,98,31,125.0,177.51378,52.51378
val,98,32,124.0,161.66936,37.669357
val,98,33,123.0,174.70999,51.70999
val,98,34,122.0,175.65652,53.656525
val,98,35,121.0,183.23222,62.232224
val,98,36,120.0,171.90842,51.908417
val,98,37,119.0,165.24638,46.246384
val,98,38,118.0,164.69629,46.69629
val,98,39,117.0,160.10866,43.108658
val,98,40,116.0,142.32092,26.320923
val,98,41,115.0,145.7384,30.738403
val,98,42,114.0,152.57384,38.573837
val,98,43,113.0,143.78659,30.78659
val,98,44,112.0,149.64798,37.64798
val,98,45,111.0,151.86722,40.867218
val,98,46,110.0,138.85925,28.859253
val,98,47,109.0,139.3898,30.389801
val,98,48,108.0,137.5439,29.5439
val,98,49,107.0,136.27655,29.27655
val,98,50,106.0,138.45389,32.453888
val,98,51,105.0,136.75363,31.753632
val,98,52,104.0,141.14111,37.141113
val,98,53,103.0,131.5958,28.595795
val,98,54,102.0,120.77912,18.779121
val,98,55,101.0,121.11823,20.118233
val,98,56,100.0,111.164856,11.164856
val,98,57,99.0,120.646194,21.646194
val,98,58,98.0,132.09047,34.09047
val,98,59,97.0,138.15738,41.15738
val,98,60,96.0,143.01672,47.016724
val,98,61,95.0,138.50761,43.507614
val,98,62,94.0,128.99104,34.991043
val,98,63,93.0,114.41284,21.412842
val,98,64,92.0,111.15259,19.152588
val,98,65,91.0,115.80539,24.80539
val,98,66,90.0,116.16841,26.168411
val,98,67,89.0,111.71771,22.717712
val,98,68,88.0,124.09819,36.09819
val,98,69,87.0,127.7125,40.7125
val,98,70,86.0,118.357254,32.357254
val,98,71,85.0,119.246155,34.246155
val,98,72,84.0,117.9689,33.968903
val,98,73,83.0,111.68823,28.688232
val,98,74,82.0,134.11002,52.110016
val,98,75,81.0,137.0455,56.0455
val,98,76,80.0,123.53784,43.53784
val,98,77,79.0,115.20767,36.207672
val,98,78,78.0,105.68776,27.68776
val,98,79,77.0,96.227646,19.227646
val,98,80,76.0,99.43409,23.43409
val,98,81,75.0,88.9346,13.934601
val,98,82,74.0,98.328,24.328003
val,98,83,73.0,94.150925,21.150925
val,98,84,72.0,101.61589,29.61589
val,98,85,71.0,99.61711,28.617111
val,98,86,70.0,91.142395,21.142395
val,98,87,69.0,94.80139,25.801392
val,98,88,68.0,91.49639,23.496391
val,98,89,67.0,92.28007,25.280067
val,98,90,66.0,95.86572,29.865723
val,98,91,65.0,90.43073,25.430733
val,98,92,64.0,82.981155,18.981155
val,98,93,63.0,82.29608,19.296082
val,98,94,62.0,84.298996,22.298996
val,98,95,61.0,75.84517,14.845169
val,98,96,60.0,76.677086,16.677086
val,98,97,59.0,73.02673,14.026733
val,98,98,58.0,67.80438,9.804382
val,98,99,57.0,64.858955,7.8589554
val,98,100,56.0,63.88339,7.8833885
val,98,101,55.0,59.09582,4.0958214
val,98,102,54.0,51.087563,-2.9124374
val,98,103,53.0,52.186867,-0.81313324
val,98,104,52.0,56.04702,4.04702
val,98,105,51.0,56.10555,5.105549
val,98,106,50.0,84.471924,34.471924
val,98,107,49.0,81.8371,32.837097
val,98,108,48.0,75.18385,27.183853
val,98,109,47.0,61.989136,14.989136
val,98,110,46.0,72.544075,26.544075
val,98,111,45.0,63.2572,18.257198
val,98,112,44.0,59.325844,15.325844
val,98,113,43.0,54.14207,11.142071
val,98,114,42.0,57.487404,15.487404
val,98,115,41.0,48.78488,7.7848816
val,98,116,40.0,57.373085,17.373085
val,98,117,39.0,51.000984,12.000984
val,98,118,38.0,47.35756,9.357559
val,98,119,37.0,44.921135,7.921135
val,98,120,36.0,45.04022,9.040218
val,98,121,35.0,44.545815,9.5458145
val,98,122,34.0,36.90183,2.9018288
val,98,123,33.0,37.036697,4.0366974
val,98,124,32.0,39.936337,7.9363365
val,98,125,31.0,37.984398,6.984398
val,98,126,30.0,40.818455,10.818455
val,98,127,29.0,38.464756,9.464756
val,98,128,28.0,39.136673,11.136673
val,98,129,27.0,37.344994,10.344994
val,98,130,26.0,33.705925,7.705925
val,98,131,25.0,29.511387,4.511387
val,98,132,24.0,32.099598,8.099598
val,98,133,23.0,33.21676,10.216759
val,98,134,22.0,32.04894,10.048939
val,98,135,21.0,28.77945,7.7794495
val,98,136,20.0,27.036713,7.0367126
val,98,137,19.0,26.173548,7.1735477
val,98,138,18.0,28.35999,10.359989
val,98,139,17.0,25.91653,8.916531
val,98,140,16.0,27.015951,11.015951
val,98,141,15.0,23.484367,8.484367
val,98,142,14.0,23.105284,9.105284
val,98,143,13.0,14.956051,1.9560509
val,98,144,12.0,13.891335,1.8913345
val,98,145,11.0,9.057196,-1.9428043
val,98,146,10.0,5.7929764,-4.2070236
val,98,147,9.0,-1.041092,-10.041092
val,98,148,8.0,-1.8867303,-9.88673
val,98,149,7.0,0.39648426,-6.6035156
val,98,150,6.0,-7.3716965,-13.371696
val,98,151,5.0,-12.961958,-17.961958
val,98,152,4.0,-15.035891,-19.03589
val,98,153,3.0,-15.985441,-18.985441
val,98,154,2.0,-17.923588,-19.923588
val,98,155,1.0,-20.813276,-21.813276
val,98,156,0.0,-28.639793,-28.639793
val,100,30,170.0,101.37956,-68.62044
val,100,31,169.0,102.00883,-66.99117
val,100,32,168.0,144.37244,-23.627563
val,100,33,167.0,147.49437,-19.50563
val,100,34,166.0,141.761,-24.238998
val,100,35,165.0,152.6802,-12.319794
val,100,36,164.0,151.83086,-12.169144
val,100,37,163.0,147.31067,-15.689331
val,100,38,162.0,149.88094,-12.119064
val,100,39,161.0,141.14032,-19.85968
val,100,40,160.0,144.7649,-15.235107
val,100,41,159.0,165.60065,6.600647
val,100,42,158.0,157.67274,-0.32725525
val,100,43,157.0,160.85596,3.855957
val,100,44,156.0,157.63959,1.6395874
val,100,45,155.0,144.4516,-10.548401
val,100,46,154.0,151.40681,-2.5931854
val,100,47,153.0,165.58496,12.584961
val,100,48,152.0,169.8981,17.898102
val,100,49,151.0,180.26651,29.26651
val,100,50,150.0,175.65504,25.655045
val,100,51,149.0,172.14749,23.147491
val,100,52,148.0,173.68932,25.689316
val,100,53,147.0,167.83246,20.832458
val,100,54,146.0,167.31683,21.316833
val,100,55,145.0,166.95897,21.95897
val,100,56,144.0,163.56645,19.566452
val,100,57,143.0,159.47137,16.471375
val,100,58,142.0,147.50504,5.5050354
val,100,59,141.0,149.62685,8.626846
val,100,60,140.0,81.436584,-58.563416
val,100,61,139.0,75.50867,-63.491333
val,100,62,138.0,68.773636,-69.226364
val,100,63,137.0,57.523853,-79.47615
val,100,64,136.0,68.64006,-67.35994
val,100,65,135.0,70.29669,-64.70331
val,100,66,134.0,70.60045,-63.39955
val,100,67,133.0,66.12445,-66.87555
val,100,68,132.0,59.923714,-72.07629
val,100,69,131.0,58.594162,-72.40584
val,100,70,130.0,60.479607,-69.52039
val,100,71,129.0,60.66755,-68.33245
val,100,72,128.0,61.31181,-66.68819
val,100,73,127.0,58.283443,-68.71655
val,100,74,126.0,67.7327,-58.267303
val,100,75,125.0,70.365524,-54.634476
val,100,76,124.0,69.93945,-54.060547
val,100,77,123.0,65.506294,-57.493706
val,100,78,122.0,66.76088,-55.23912
val,100,79,121.0,70.259995,-50.740005
val,100,80,120.0,59.587883,-60.412117
val,100,81,119.0,69.816444,-49.183556
val,100,82,118.0,56.62078,-61.37922
val,100,83,117.0,48.71541,-68.28459
val,100,84,116.0,48.57698,-67.42302
val,100,85,115.0,46.176632,-68.823364
val,100,86,114.0,40.960495,-73.039505
val,100,87,113.0,36.511612,-76.48839
val,100,88,112.0,37.641853,-74.35815
val,100,89,111.0,38.691917,-72.30808
val,100,90,110.0,59.104813,-50.895187
val,100,91,109.0,61.67771,-47.32229
val,100,92,108.0,65.938126,-42.061874
val,100,93,107.0,65.793976,-41.206024
val,100,94,106.0,74.467896,-31.532104
val,100,95,105.0,79.69153,-25.308472
val,100,96,104.0,69.733,-34.267
val,100,97,103.0,65.51216,-37.48784
val,100,98,102.0,61.063076,-40.936924
val,100,99,101.0,67.40322,-33.59678
val,100,100,100.0,59.420723,-40.579277
val,100,101,99.0,65.62741,-33.37259
val,100,102,98.0,72.49454,-25.505463
val,100,103,97.0,72.43774,-24.562263
val,100,104,96.0,88.87503,-7.1249695
val,100,105,95.0,100.510414,5.510414
val,100,106,94.0,104.19072,10.19072
val,100,107,93.0,105.53775,12.53775
val,100,108,92.0,106.65274,14.6527405
val,100,109,91.0,117.155655,26.155655
val,100,110,90.0,107.91911,17.919113
val,100,111,89.0,99.87404,10.874039
val,100,112,88.0,101.38249,13.382492
val,100,113,87.0,92.27283,5.272827
val,100,114,86.0,95.521355,9.521355
val,100,115,85.0,104.961494,19.961494
val,100,116,84.0,104.294334,20.294334
val,100,117,83.0,105.90016,22.900162
val,100,118,82.0,106.27902,24.279022
val,100,119,81.0,94.01811,13.018112
val,100,120,80.0,93.51386,13.513863
val,100,121,79.0,81.96007,2.9600677
val,100,122,78.0,88.42011,10.420113
val,100,123,77.0,94.920006,17.920006
val,100,124,76.0,92.66066,16.66066
val,100,125,75.0,83.34836,8.348358
val,100,126,74.0,73.1428,-0.8572006
val,100,127,73.0,65.31908,-7.6809235
val,100,128,72.0,61.157707,-10.842293
val,100,129,71.0,66.734406,-4.2655945
val,100,130,70.0,73.01729,3.0172882
val,100,131,69.0,70.9647,1.9646988
val,100,132,68.0,63.448395,-4.551605
val,100,133,67.0,55.198975,-11.801025
val,100,134,66.0,60.904022,-5.095978
val,100,135,65.0,63.44604,-1.5539589
val,100,136,64.0,65.34359,1.3435898
val,100,137,63.0,62.455303,-0.5446968
val,100,138,62.0,64.124695,2.1246948
val,100,139,61.0,64.610146,3.6101456
val,100,140,60.0,62.764587,2.7645874
val,100,141,59.0,68.23973,9.239731
val,100,142,58.0,70.5087,12.5086975
val,100,143,57.0,68.0936,11.093597
val,100,144,56.0,72.0025,16.002502
val,100,145,55.0,73.296425,18.296425
val,100,146,54.0,74.81035,20.810349
val,100,147,53.0,71.386,18.386002
val,100,148,52.0,71.014885,19.014885
val,100,149,51.0,60.54413,9.544128
val,100,150,50.0,63.48664,13.486641
val,100,151,49.0,58.39055,9.390549
val,100,152,48.0,55.427044,7.427044
val,100,153,47.0,61.594143,14.594143
val,100,154,46.0,61.36147,15.361469
val,100,155,45.0,55.840736,10.840736
val,100,156,44.0,54.498856,10.498856
val,100,157,43.0,50.94732,7.947319
val,100,158,42.0,43.9484,1.9483986
val,100,159,41.0,39.115417,-1.8845825
val,100,160,40.0,38.985268,-1.0147324
val,100,161,39.0,44.10195,5.1019516
val,100,162,38.0,44.3927,6.3927
val,100,163,37.0,40.80594,3.8059387
val,100,164,36.0,40.891106,4.8911057
val,100,165,35.0,37.012615,2.0126152
val,100,166,34.0,42.22915,8.229149
val,100,167,33.0,39.385895,6.385895
val,100,168,32.0,37.380775,5.3807755
val,100,169,31.0,35.275948,4.2759476
val,100,170,30.0,29.232878,-0.76712227
val,100,171,29.0,32.164555,3.1645546
val,100,172,28.0,28.040134,0.04013443
val,100,173,27.0,26.383951,-0.6160488
val,100,174,26.0,24.81328,-1.1867199
val,100,175,25.0,29.467583,4.4675827
val,100,176,24.0,28.08714,4.087139
val,100,177,23.0,28.357018,5.3570175
val,100,178,22.0,31.355244,9.355244
val,100,179,21.0,26.724863,5.724863
val,100,180,20.0,28.195288,8.195288
val,100,181,19.0,32.11428,13.114281
val,100,182,18.0,34.00045,16.00045
val,100,183,17.0,32.97904,15.979038
val,100,184,16.0,28.32315,12.323151
val,100,185,15.0,27.137634,12.137634
val,100,186,14.0,25.736492,11.736492
val,100,187,13.0,26.847784,13.847784
val,100,188,12.0,22.261288,10.261288
val,100,189,11.0,24.934814,13.934814
val,100,190,10.0,20.637707,10.637707
val,100,191,9.0,18.498333,9.498333
val,100,192,8.0,18.99199,10.991989
val,100,193,7.0,19.961826,12.961826
val,100,194,6.0,18.950089,12.9500885
val,100,195,5.0,14.066948,9.066948
val,100,196,4.0,10.096329,6.0963287
val,100,197,3.0,12.502548,9.502548
val,100,198,2.0,8.995968,6.995968
val,100,199,1.0,3.3567505,2.3567505
val,100,200,0.0,1.4227065,1.4227065
