split,engine_id,end_cycle,true_rul,pred_rul,error
train,1,30,162.0,153.24574,-8.754257
train,1,31,161.0,150.50954,-10.490463
train,1,32,160.0,153.03102,-6.968979
train,1,33,159.0,158.8925,-0.10749817
train,1,34,158.0,160.07277,2.0727692
train,1,35,157.0,166.93185,9.931854
train,1,36,156.0,172.27174,16.271744
train,1,37,155.0,178.86853,23.86853
train,1,38,154.0,186.3788,32.3788
train,1,39,153.0,189.82668,36.826675
train,1,40,152.0,196.25917,44.25917
train,1,41,151.0,197.61467,46.61467
train,1,42,150.0,189.93477,39.93477
train,1,43,149.0,181.98991,32.989914
train,1,44,148.0,175.58238,27.582382
train,1,45,147.0,164.69194,17.69194
train,1,46,146.0,152.92726,6.9272614
train,1,47,145.0,151.56947,6.5694733
train,1,48,144.0,150.37517,6.375168
train,1,49,143.0,152.92537,9.925369
train,1,50,142.0,147.24452,5.244522
train,1,51,141.0,144.55,3.550003
train,1,52,140.0,143.19743,3.1974335
train,1,53,139.0,136.95744,-2.0425568
train,1,54,138.0,132.81657,-5.183426
train,1,55,137.0,133.01389,-3.9861145
train,1,56,136.0,134.50208,-1.4979248
train,1,57,135.0,133.44154,-1.5584564
train,1,58,134.0,139.04805,5.04805
train,1,59,133.0,140.96361,7.963608
train,1,60,132.0,142.59984,10.599838
train,1,61,131.0,139.89125,8.891251
train,1,62,130.0,135.03856,5.038559
train,1,63,129.0,125.991264,-3.0087357
train,1,64,128.0,126.67257,-1.3274307
train,1,65,127.0,125.77493,-1.2250671
train,1,66,126.0,128.12697,2.1269684
train,1,67,125.0,129.93974,4.939743
train,1,68,124.0,126.17486,2.174858
train,1,69,123.0,129.88289,6.882889
train,1,70,122.0,130.29247,8.292465
train,1,71,121.0,128.26418,7.2641754
train,1,72,120.0,122.630226,2.6302261
train,1,73,119.0,127.4224,8.422401
train,1,74,118.0,128.55019,10.550186
train,1,75,117.0,135.73737,18.737366
train,1,76,116.0,143.71274,27.712738
train,1,77,115.0,143.8934,28.893402
train,1,78,114.0,143.71944,29.719437
train,1,79,113.0,137.49147,24.49147
train,1,80,112.0,131.67462,19.674622
train,1,81,111.0,124.6536,13.653603
train,1,82,110.0,125.19201,15.192009
train,1,83,109.0,121.71201,12.712013
train,1,84,108.0,119.62235,11.622353
train,1,85,107.0,121.735985,14.735985
train,1,86,106.0,124.023605,18.023605
train,1,87,105.0,121.74026,16.740257
train,1,88,104.0,123.47175,19.471748
train,1,89,103.0,121.16457,18.164574
train,1,90,102.0,120.02578,18.02578
train,1,91,101.0,120.03658,19.036583
train,1,92,100.0,116.584785,16.584785
train,1,93,99.0,113.15601,14.1560135
train,1,94,98.0,106.24719,8.247192
train,1,95,97.0,102.60399,5.6039886
train,1,96,96.0,101.43731,5.4373093
train,1,97,95.0,100.499306,5.4993057
train,1,98,94.0,100.58851,6.5885086
train,1,99,93.0,97.79055,4.79055
train,1,100,92.0,101.41123,9.411232
train,1,101,91.0,103.47547,12.4754715
train,1,102,90.0,101.955246,11.955246
train,1,103,89.0,105.24159,16.241592
train,1,104,88.0,109.67863,21.678627
train,1,105,87.0,112.11591,25.115913
train,1,106,86.0,118.86845,32.868446
train,1,107,85.0,125.49427,40.49427
train,1,108,84.0,126.21377,42.213768
train,1,109,83.0,127.39574,44.395737
train,1,110,82.0,126.82303,44.82303
train,1,111,81.0,119.91408,38.914078
train,1,112,80.0,116.60587,36.605873
train,1,113,79.0,109.01153,30.011528
train,1,114,78.0,106.1671,28.167099
train,1,115,77.0,103.11259,26.112587
train,1,116,76.0,109.52448,33.524483
train,1,117,75.0,111.477104,36.477104
train,1,118,74.0,111.00019,37.00019
train,1,119,73.0,115.1187,42.1187
train,1,120,72.0,116.420616,44.420616
train,1,121,71.0,117.6451,46.645103
train,1,122,70.0,108.37154,38.371536
train,1,123,69.0,104.18984,35.189842
train,1,124,68.0,98.96935,30.969353
train,1,125,67.0,91.48783,24.487831
train,1,126,66.0,87.70727,21.707268
train,1,127,65.0,83.178505,18.178505
train,1,128,64.0,73.56425,9.564247
train,1,129,63.0,67.13894,4.138939
train,1,130,62.0,67.403786,5.4037857
train,1,131,61.0,68.1688,7.1688004
train,1,132,60.0,69.70304,9.703041
train,1,133,59.0,75.48882,16.488823
train,1,134,58.0,77.72236,19.722359
train,1,135,57.0,83.62366,26.623657
train,1,136,56.0,88.038,32.038002
train,1,137,55.0,88.81883,33.818832
train,1,138,54.0,90.07075,36.070747
train,1,139,53.0,86.103485,33.103485
train,1,140,52.0,80.65853,28.658531
train,1,141,51.0,77.46136,26.461357
train,1,142,50.0,74.48119,24.481194
train,1,143,49.0,74.04774,25.047737
train,1,144,48.0,75.02613,27.02613
train,1,145,47.0,77.00576,30.00576
train,1,146,46.0,78.80672,32.806717
train,1,147,45.0,83.31727,38.31727
train,1,148,44.0,85.76868,41.768677
train,1,149,43.0,84.66655,41.66655
train,1,150,42.0,81.56147,39.56147
train,1,151,41.0,73.078094,32.078094
train,1,152,40.0,63.40977,23.409771
train,1,153,39.0,53.119568,14.119568
train,1,154,38.0,44.269016,6.2690163
train,1,155,37.0,42.052307,5.052307
train,1,156,36.0,39.248608,3.2486076
train,1,157,35.0,36.072018,1.0720177
train,1,158,34.0,35.139366,1.1393661
train,1,159,33.0,33.061623,0.06162262
train,1,160,32.0,30.084692,-1.915308
train,1,161,31.0,26.449375,-4.550625
train,1,162,30.0,27.35716,-2.6428394
train,1,163,29.0,26.104128,-2.895872
train,1,164,28.0,25.459902,-2.5400982
train,1,165,27.0,27.069803,0.06980324
train,1,166,26.0,26.792326,0.792326
train,1,167,25.0,23.366785,-1.633215
train,1,168,24.0,23.55121,-0.4487896
train,1,169,23.0,23.381012,0.38101196
train,1,170,22.0,24.497046,2.4970455
train,1,171,21.0,25.050035,4.0500355
train,1,172,20.0,28.035437,8.035437
train,1,173,19.0,29.78515,10.785151
train,1,174,18.0,30.77009,12.77009
train,1,175,17.0,31.759047,14.759047
train,1,176,16.0,32.836548,16.836548
train,1,177,15.0,32.343414,17.343414
train,1,178,14.0,28.513401,14.513401
train,1,179,13.0,23.877703,10.877703
train,1,180,12.0,23.172726,11.172726
train,1,181,11.0,22.637445,11.637445
train,1,182,10.0,22.586542,12.586542
train,1,183,9.0,20.696493,11.696493
train,1,184,8.0,18.482523,10.482523
train,1,185,7.0,16.786821,9.786821
train,1,186,6.0,16.297094,10.297094
train,1,187,5.0,15.288915,10.288915
train,1,188,4.0,14.483352,10.483352
train,1,189,3.0,11.1994505,8.1994505
train,1,190,2.0,9.704852,7.704852
train,1,191,1.0,6.9961824,5.9961824
train,1,192,0.0,6.09386,6.09386
train,2,30,257.0,188.8337,-68.166306
train,2,31,256.0,192.50505,-63.49495
train,2,32,255.0,207.98134,-47.01866
train,2,33,254.0,215.81682,-38.18318
train,2,34,253.0,222.40268,-30.59732
train,2,35,252.0,220.12764,-31.87236
train,2,36,251.0,217.84138,-33.158615
train,2,37,250.0,216.5804,-33.4196
train,2,38,249.0,212.76445,-36.23555
train,2,39,248.0,208.41917,-39.580826
train,2,40,247.0,202.85504,-44.14496
train,2,41,246.0,192.40248,-53.59752
train,2,42,245.0,193.12509,-51.87491
train,2,43,244.0,194.49394,-49.506058
train,2,44,243.0,191.44626,-51.55374
train,2,45,242.0,186.76482,-55.235184
train,2,46,241.0,187.33766,-53.66234
train,2,47,240.0,191.69884,-48.301163
train,2,48,239.0,199.47563,-39.52437
train,2,49,238.0,206.2372,-31.762802
train,2,50,237.0,206.5449,-30.455093
train,2,51,236.0,208.45847,-27.541534
train,2,52,235.0,199.46162,-35.538376
train,2,53,234.0,191.5741,-42.425903
train,2,54,233.0,190.65144,-42.348557
train,2,55,232.0,188.11607,-43.883926
train,2,56,231.0,193.40681,-37.593185
train,2,57,230.0,196.70155,-33.298447
train,2,58,229.0,199.4314,-29.568604
train,2,59,228.0,195.63496,-32.365036
train,2,60,227.0,191.86095,-35.139053
train,2,61,226.0,186.68158,-39.31842
train,2,62,225.0,178.9868,-46.0132
train,2,63,224.0,173.9236,-50.0764
train,2,64,223.0,169.87216,-53.12784
train,2,65,222.0,164.3177,-57.682297
train,2,66,221.0,158.45352,-62.54648
train,2,67,220.0,152.55295,-67.44705
train,2,68,219.0,143.87805,-75.12195
train,2,69,218.0,136.30751,-81.69249
train,2,70,217.0,131.35545,-85.64455
train,2,71,216.0,123.76324,-92.23676
train,2,72,215.0,117.30558,-97.69442
train,2,73,214.0,111.24014,-102.75986
train,2,74,213.0,112.43716,-100.56284
train,2,75,212.0,121.32879,-90.67121
train,2,76,211.0,127.64358,-83.35642
train,2,77,210.0,138.90688,-71.093124
train,2,78,209.0,145.69115,-63.308853
train,2,79,208.0,154.29572,-53.704285
train,2,80,207.0,159.74571,-47.254288
train,2,81,206.0,162.79048,-43.20952
train,2,82,205.0,171.98497,-33.01503
train,2,83,204.0,179.97685,-24.023148
train,2,84,203.0,185.76317,-17.236832
train,2,85,202.0,191.79086,-10.209137
train,2,86,201.0,192.99089,-8.0091095
train,2,87,200.0,189.5764,-10.423599
train,2,88,199.0,195.01166,-3.9883423
train,2,89,198.0,195.6479,-2.3520966
train,2,90,197.0,195.37749,-1.6225128
train,2,91,196.0,193.1931,-2.8069
train,2,92,195.0,189.40222,-5.5977783
train,2,93,194.0,180.49236,-13.507645
train,2,94,193.0,174.41803,-18.58197
train,2,95,192.0,167.7202,-24.2798
train,2,96,191.0,162.35756,-28.64244
train,2,97,190.0,155.68294,-34.317062
train,2,98,189.0,152.88322,-36.116776
train,2,99,188.0,148.70462,-39.29538
train,2,100,187.0,139.47643,-47.523575
train,2,101,186.0,140.41548,-45.58452
train,2,102,185.0,132.61931,-52.38069
train,2,103,184.0,130.66663,-53.333374
train,2,104,183.0,128.2709,-54.729095
train,2,105,182.0,122.59753,-59.402473
train,2,106,181.0,116.89005,-64.10995
train,2,107,180.0,118.93444,-61.06556
train,2,108,179.0,123.063156,-55.936844
train,2,109,178.0,124.21873,-53.781273
train,2,110,177.0,127.428894,-49.571106
train,2,111,176.0,134.07735,-41.922653
train,2,112,175.0,137.92264,-37.077362
train,2,113,174.0,141.8947,-32.1053
train,2,114,173.0,144.99055,-28.009445
train,2,115,172.0,154.15251,-17.847488
train,2,116,171.0,163.71625,-7.2837524
train,2,117,170.0,171.8044,1.8043976
train,2,118,169.0,171.64659,2.6465912
train,2,119,168.0,170.64088,2.6408844
train,2,120,167.0,168.71535,1.7153473
train,2,121,166.0,161.94618,-4.0538177
train,2,122,165.0,156.73157,-8.268433
train,2,123,164.0,156.74152,-7.258484
train,2,124,163.0,161.97763,-1.0223694
train,2,125,162.0,164.00305,2.0030518
train,2,126,161.0,165.77826,4.7782593
train,2,127,160.0,163.40071,3.400711
train,2,128,159.0,158.19955,-0.80044556
train,2,129,158.0,155.46806,-2.5319366
train,2,130,157.0,151.04155,-5.9584503
train,2,131,156.0,149.39134,-6.608658
train,2,132,155.0,147.32475,-7.675247
train,2,133,154.0,141.35011,-12.649887
train,2,134,153.0,138.03203,-14.967972
train,2,135,152.0,133.8315,-18.168503
train,2,136,151.0,129.76976,-21.23024
train,2,137,150.0,124.24366,-25.75634
train,2,138,149.0,119.990486,-29.009514
train,2,139,148.0,123.75062,-24.249382
train,2,140,147.0,129.59953,-17.400467
train,2,141,146.0,127.63385,-18.36615
train,2,142,145.0,128.50845,-16.491547
train,2,143,144.0,130.00114,-13.998856
train,2,144,143.0,130.6185,-12.3815
train,2,145,142.0,129.73882,-12.261185
train,2,146,141.0,127.33227,-13.667732
train,2,147,140.0,120.70444,-19.295563
train,2,148,139.0,117.39244,-21.60756
train,2,149,138.0,119.32865,-18.671349
train,2,150,137.0,126.620735,-10.379265
train,2,151,136.0,130.30466,-5.695343
train,2,152,135.0,134.51799,-0.4820099
train,2,153,134.0,134.77068,0.77067566
train,2,154,133.0,141.21548,8.215485
train,2,155,132.0,142.80621,10.806213
train,2,156,131.0,143.67384,12.673843
train,2,157,130.0,134.5865,4.586502
train,2,158,129.0,135.91609,6.916092
train,2,159,128.0,140.83061,12.830612
train,2,160,127.0,134.47878,7.478775
train,2,161,126.0,131.57057,5.570572
train,2,162,125.0,123.57513,-1.4248734
train,2,163,124.0,118.84484,-5.155159
train,2,164,123.0,114.536446,-8.463554
train,2,165,122.0,120.85667,-1.1433334
train,2,166,121.0,134.93423,13.934235
train,2,167,120.0,138.66203,18.662033
train,2,168,119.0,141.19638,22.19638
train,2,169,118.0,139.09377,21.093765
train,2,170,117.0,137.52162,20.521622
train,2,171,116.0,131.97588,15.975876
train,2,172,115.0,128.82336,13.823364
train,2,173,114.0,124.92217,10.922173
train,2,174,113.0,119.09153,6.09153
train,2,175,112.0,115.98412,3.9841232
train,2,176,111.0,117.97284,6.9728394
train,2,177,110.0,122.80518,12.805183
train,2,178,109.0,123.03893,14.038933
train,2,179,108.0,122.79993,14.799927
train,2,180,107.0,117.53683,10.536827
train,2,181,106.0,125.12731,19.127312
train,2,182,105.0,120.366005,15.366005
train,2,183,104.0,118.42446,14.424461
train,2,184,103.0,116.136314,13.136314
train,2,185,102.0,115.529144,13.529144
train,2,186,101.0,106.60118,5.601181
train,2,187,100.0,96.96233,-3.0376663
train,2,188,99.0,90.53149,-8.4685135
train,2,189,98.0,83.85844,-14.141563
train,2,190,97.0,80.31553,-16.684471
train,2,191,96.0,78.919205,-17.080795
train,2,192,95.0,82.53502,-12.464981
train,2,193,94.0,85.51002,-8.489983
train,2,194,93.0,82.17901,-10.8209915
train,2,195,92.0,78.56763,-13.432373
train,2,196,91.0,76.598656,-14.401344
train,2,197,90.0,73.97549,-16.024513
train,2,198,89.0,71.49322,-17.506783
train,2,199,88.0,69.10531,-18.894691
train,2,200,87.0,66.36836,-20.631638
train,2,201,86.0,68.2631,-17.7369
train,2,202,85.0,64.35211,-20.647888
train,2,203,84.0,57.32876,-26.671242
train,2,204,83.0,56.414818,-26.585182
train,2,205,82.0,52.523567,-29.476433
train,2,206,81.0,54.74095,-26.259048
train,2,207,80.0,59.198147,-20.801853
train,2,208,79.0,59.414593,-19.585407
train,2,209,78.0,62.093414,-15.906586
train,2,210,77.0,70.17464,-6.825363
train,2,211,76.0,72.19814,-3.801857
train,2,212,75.0,72.807045,-2.192955
train,2,213,74.0,75.61144,1.6114426
train,2,214,73.0,78.061295,5.0612946
train,2,215,72.0,72.78286,0.7828598
train,2,216,71.0,78.102005,7.102005
train,2,217,70.0,80.93809,10.938087
train,2,218,69.0,79.69986,10.69986
train,2,219,68.0,77.25912,9.259117
train,2,220,67.0,73.120705,6.1207047
train,2,221,66.0,67.41045,1.4104538
train,2,222,65.0,65.462074,0.46207428
train,2,223,64.0,61.79965,-2.2003517
train,2,224,63.0,54.73869,-8.261311
train,2,225,62.0,52.32045,-9.67955
train,2,226,61.0,51.955788,-9.044212
train,2,227,60.0,50.613556,-9.386444
train,2,228,59.0,49.77386,-9.226139
train,2,229,58.0,46.802635,-11.197365
train,2,230,57.0,40.90197,-16.09803
train,2,231,56.0,34.749813,-21.250187
train,2,232,55.0,32.86966,-22.13034
train,2,233,54.0,33.498585,-20.501415
train,2,234,53.0,36.3398,-16.660198
train,2,235,52.0,39.69656,-12.30344
train,2,236,51.0,42.674213,-8.325787
train,2,237,50.0,42.307846,-7.692154
train,2,238,49.0,40.770527,-8.229473
train,2,239,48.0,37.781693,-10.2183075
train,2,240,47.0,38.4671,-8.532902
train,2,241,46.0,36.399414,-9.600586
train,2,242,45.0,39.074524,-5.925476
train,2,243,44.0,45.21172,1.2117195
train,2,244,43.0,45.28938,2.2893791
train,2,245,42.0,45.284,3.2840004
train,2,246,41.0,46.74946,5.7494583
train,2,247,40.0,49.050385,9.0503845
train,2,248,39.0,47.581028,8.581028
train,2,249,38.0,48.968845,10.968845
train,2,250,37.0,51.032623,14.032623
train,2,251,36.0,48.977825,12.977825
train,2,252,35.0,43.053272,8.053272
train,2,253,34.0,38.878593,4.8785934
train,2,254,33.0,39.184715,6.1847153
train,2,255,32.0,40.50663,8.50663
train,2,256,31.0,43.209354,12.209354
train,2,257,30.0,38.864006,8.864006
train,2,258,29.0,36.637756,7.6377563
train,2,259,28.0,36.261604,8.261604
train,2,260,27.0,36.41608,9.41608
train,2,261,26.0,34.880005,8.880005
train,2,262,25.0,35.796955,10.796955
train,2,263,24.0,37.04921,13.04921
train,2,264,23.0,34.514057,11.514057
train,2,265,22.0,31.757162,9.757162
train,2,266,21.0,30.6458,9.6458
train,2,267,20.0,30.214512,10.214512
train,2,268,19.0,28.8531,9.8531
train,2,269,18.0,29.11947,11.119471
train,2,270,17.0,27.406607,10.406607
train,2,271,16.0,25.437378,9.437378
train,2,272,15.0,21.578772,6.5787716
train,2,273,14.0,19.739601,5.739601
train,2,274,13.0,17.743746,4.743746
train,2,275,12.0,16.079382,4.079382
train,2,276,11.0,17.921362,6.921362
train,2,277,10.0,15.919371,5.9193707
train,2,278,9.0,12.46627,3.4662704
train,2,279,8.0,8.189544,0.18954372
train,2,280,7.0,7.7502875,0.75028753
train,2,281,6.0,6.235665,0.23566484
train,2,282,5.0,3.5174437,-1.4825563
train,2,283,4.0,3.0187914,-0.98120856
train,2,284,3.0,5.049068,2.049068
train,2,285,2.0,2.9018905,0.9018905
train,2,286,1.0,0.525844,-0.47415602
train,2,287,0.0,-1.106824,-1.106824
train,4,30,159.0,127.52541,-31.474586
train,4,31,158.0,126.35688,-31.64312
train,4,32,157.0,119.37247,-37.627533
train,4,33,156.0,110.48531,-45.514687
train,4,34,155.0,104.84361,-50.156387
train,4,35,154.0,99.51967,-54.48033
train,4,36,153.0,93.386986,-59.613014
train,4,37,152.0,92.90635,-59.09365
train,4,38,151.0,93.19399,-57.806007
train,4,39,150.0,90.25522,-59.74478
train,4,40,149.0,94.256935,-54.743065
train,4,41,148.0,105.139,-42.861
train,4,42,147.0,115.836174,-31.163826
train,4,43,146.0,122.21036,-23.789642
train,4,44,145.0,134.74048,-10.2595215
train,4,45,144.0,145.42337,1.4233704
train,4,46,143.0,152.09859,9.098587
train,4,47,142.0,151.3436,9.343597
train,4,48,141.0,153.09074,12.090744
train,4,49,140.0,152.65138,12.651382
train,4,50,139.0,144.43343,5.433426
train,4,51,138.0,146.71458,8.714584
train,4,52,137.0,142.6795,5.6795044
train,4,53,136.0,142.39197,6.391968
train,4,54,135.0,140.21211,5.2121124
train,4,55,134.0,142.91313,8.913132
train,4,56,133.0,147.03014,14.030136
train,4,57,132.0,148.75343,16.753433
train,4,58,131.0,148.52448,17.524475
train,4,59,130.0,153.81877,23.818771
train,4,60,129.0,160.3604,31.360397
train,4,61,128.0,158.87616,30.87616
train,4,62,127.0,160.86613,33.866135
train,4,63,126.0,159.18086,33.180862
train,4,64,125.0,155.8973,30.897293
train,4,65,124.0,159.39937,35.39937
train,4,66,123.0,156.02274,33.022736
train,4,67,122.0,155.60054,33.60054
train,4,68,121.0,160.11618,39.11618
train,4,69,120.0,163.77736,43.77736
train,4,70,119.0,173.85075,54.850754
train,4,71,118.0,176.06654,58.066544
train,4,72,117.0,173.69514,56.695145
train,4,73,116.0,169.40707,53.407074
train,4,74,115.0,159.54256,44.542557
train,4,75,114.0,149.05112,35.051117
train,4,76,113.0,138.51456,25.514557
train,4,77,112.0,131.82018,19.820175
train,4,78,111.0,123.36654,12.366539
train,4,79,110.0,120.97741,10.977409
train,4,80,109.0,116.88334,7.883339
train,4,81,108.0,115.412766,7.4127655
train,4,82,107.0,119.30779,12.307793
train,4,83,106.0,126.151276,20.151276
train,4,84,105.0,126.234406,21.234406
train,4,85,104.0,130.24312,26.243118
train,4,86,103.0,129.6025,26.602493
train,4,87,102.0,125.88271,23.882713
train,4,88,101.0,123.14512,22.145119
train,4,89,100.0,128.3621,28.362106
train,4,90,99.0,125.83967,26.839668
train,4,91,98.0,129.877,31.876999
train,4,92,97.0,129.11389,32.11389
train,4,93,96.0,134.26408,38.264084
train,4,94,95.0,137.52724,42.527237
train,4,95,94.0,143.62654,49.62654
train,4,96,93.0,152.53922,59.539215
train,4,97,92.0,157.1167,65.1167
train,4,98,91.0,159.88951,68.88951
train,4,99,90.0,161.52888,71.528885
train,4,100,89.0,159.88823,70.88823
train,4,101,88.0,150.7903,62.7903
train,4,102,87.0,141.61537,54.61537
train,4,103,86.0,136.95456,50.95456
train,4,104,85.0,136.19696,51.19696
train,4,105,84.0,136.15527,52.155273
train,4,106,83.0,131.59163,48.59163
train,4,107,82.0,127.35034,45.35034
train,4,108,81.0,124.820946,43.820946
train,4,109,80.0,125.08399,45.083992
train,4,110,79.0,128.01285,49.012848
train,4,111,78.0,132.12984,54.129837
train,4,112,77.0,131.20561,54.205612
train,4,113,76.0,126.130905,50.130905
train,4,114,75.0,121.88563,46.885628
train,4,115,74.0,115.56379,41.56379
train,4,116,73.0,104.607254,31.607254
train,4,117,72.0,97.7116,25.711601
train,4,118,71.0,97.49665,26.49665
train,4,119,70.0,88.14345,18.143448
train,4,120,69.0,83.65653,14.656532
train,4,121,68.0,81.47463,13.474632
train,4,122,67.0,74.69143,7.691429
train,4,123,66.0,69.26936,3.2693634
train,4,124,65.0,67.66879,2.6687927
train,4,125,64.0,70.31872,6.318718
train,4,126,63.0,66.094406,3.0944061
train,4,127,62.0,64.828766,2.8287659
train,4,128,61.0,58.451744,-2.548256
train,4,129,60.0,57.095345,-2.9046555
train,4,130,59.0,58.529194,-0.47080612
train,4,131,58.0,57.120186,-0.87981415
train,4,132,57.0,52.639545,-4.3604546
train,4,133,56.0,49.67166,-6.3283386
train,4,134,55.0,45.93321,-9.066792
train,4,135,54.0,39.006683,-14.993317
train,4,136,53.0,34.170822,-18.829178
train,4,137,52.0,31.696486,-20.303514
train,4,138,51.0,37.062927,-13.937073
train,4,139,50.0,41.626465,-8.373535
train,4,140,49.0,44.123825,-4.876175
train,4,141,48.0,43.797318,-4.2026825
train,4,142,47.0,45.49302,-1.5069809
train,4,143,46.0,44.82704,-1.1729584
train,4,144,45.0,48.29922,3.299221
train,4,145,44.0,48.005787,4.005787
train,4,146,43.0,46.717697,3.7176971
train,4,147,42.0,46.41243,4.41243
train,4,148,41.0,45.07218,4.0721817
train,4,149,40.0,39.92695,-0.07305145
train,4,150,39.0,35.977314,-3.022686
train,4,151,38.0,37.80379,-0.19620895
train,4,152,37.0,41.569275,4.569275
train,4,153,36.0,44.1111,8.111099
train,4,154,35.0,45.773575,10.773575
train,4,155,34.0,47.695896,13.695896
train,4,156,33.0,49.735306,16.735306
train,4,157,32.0,50.92221,18.92221
train,4,158,31.0,50.49353,19.49353
train,4,159,30.0,48.485897,18.485897
train,4,160,29.0,47.30744,18.307442
train,4,161,28.0,45.208233,17.208233
train,4,162,27.0,39.376408,12.376408
train,4,163,26.0,32.63494,6.634941
train,4,164,25.0,30.413076,5.4130764
train,4,165,24.0,26.894878,2.8948784
train,4,166,23.0,29.162493,6.1624928
train,4,167,22.0,29.800436,7.800436
train,4,168,21.0,29.7204,8.7204
train,4,169,20.0,25.907099,5.907099
train,4,170,19.0,24.163588,5.1635876
train,4,171,18.0,24.04737,6.047371
train,4,172,17.0,22.581398,5.581398
train,4,173,16.0,15.94391,-0.056090355
train,4,174,15.0,12.363122,-2.636878
train,4,175,14.0,10.52848,-3.4715204
train,4,176,13.0,10.014452,-2.985548
train,4,177,12.0,10.71584,-1.2841597
train,4,178,11.0,10.016234,-0.9837656
train,4,179,10.0,8.19865,-1.8013496
train,4,180,9.0,7.396493,-1.603507
train,4,181,8.0,6.1375327,-1.8624673
train,4,182,7.0,4.275393,-2.724607
train,4,183,6.0,5.6012616,-0.39873838
train,4,184,5.0,8.125935,3.1259346
train,4,185,4.0,8.108446,4.108446
train,4,186,3.0,8.069021,5.069021
train,4,187,2.0,5.890932,3.890932
train,4,188,1.0,9.798406,8.798406
train,4,189,0.0,14.6307,14.6307
train,6,30,158.0,142.61412,-15.3858795
train,6,31,157.0,154.04079,-2.9592133
train,6,32,156.0,160.53325,4.533249
train,6,33,155.0,167.51167,12.511673
train,6,34,154.0,172.43933,18.439331
train,6,35,153.0,177.6917,24.691696
train,6,36,152.0,178.59904,26.599045
train,6,37,151.0,176.87831,25.878311
train,6,38,150.0,171.1763,21.1763
train,6,39,149.0,170.4015,21.401505
train,6,40,148.0,167.6707,19.6707
train,6,41,147.0,162.73769,15.737686
train,6,42,146.0,166.50517,20.505173
train,6,43,145.0,162.84816,17.84816
train,6,44,144.0,162.1602,18.160202
train,6,45,143.0,154.65129,11.651291
train,6,46,142.0,150.27513,8.275131
train,6,47,141.0,150.50261,9.502609
train,6,48,140.0,153.09642,13.09642
train,6,49,139.0,150.86708,11.867081
train,6,50,138.0,146.92413,8.924133
train,6,51,137.0,141.49443,4.4944305
train,6,52,136.0,131.9561,-4.0438995
train,6,53,135.0,125.61457,-9.385429
train,6,54,134.0,121.50676,-12.49324
train,6,55,133.0,120.74468,-12.255318
train,6,56,132.0,124.93826,-7.061737
train,6,57,131.0,131.77705,0.77705383
train,6,58,130.0,132.43134,2.4313354
train,6,59,129.0,133.75589,4.75589
train,6,60,128.0,132.9041,4.9040985
train,6,61,127.0,125.05111,-1.9488907
train,6,62,126.0,125.13136,-0.8686371
train,6,63,125.0,129.77452,4.774521
train,6,64,124.0,129.63254,5.632538
train,6,65,123.0,127.29989,4.2998886
train,6,66,122.0,128.17827,6.1782684
train,6,67,121.0,130.01225,9.012253
train,6,68,120.0,130.06151,10.061508
train,6,69,119.0,130.89,11.889999
train,6,70,118.0,128.26686,10.266861
train,6,71,117.0,124.10589,7.1058884
train,6,72,116.0,119.60708,3.6070786
train,6,73,115.0,112.90873,-2.0912704
train,6,74,114.0,114.98554,0.9855423
train,6,75,113.0,106.126625,-6.873375
train,6,76,112.0,103.1695,-8.830498
train,6,77,111.0,100.31072,-10.689278
train,6,78,110.0,97.453186,-12.546814
train,6,79,109.0,90.30875,-18.691254
train,6,80,108.0,89.054,-18.946
train,6,81,107.0,92.9123,-14.0877
train,6,82,106.0,90.24412,-15.755882
train,6,83,105.0,90.59576,-14.404243
train,6,84,104.0,91.2976,-12.7024
train,6,85,103.0,86.26124,-16.738762
train,6,86,102.0,84.34992,-17.650078
train,6,87,101.0,80.865555,-20.134445
train,6,88,100.0,80.55526,-19.44474
train,6,89,99.0,78.093544,-20.906456
train,6,90,98.0,77.27981,-20.720192
train,6,91,97.0,82.982124,-14.017876
train,6,92,96.0,89.018715,-6.981285
train,6,93,95.0,92.39643,-2.603569
train,6,94,94.0,94.554405,0.5544052
train,6,95,93.0,98.61005,5.6100464
train,6,96,92.0,100.4054,8.405403
train,6,97,91.0,101.71337,10.713371
train,6,98,90.0,99.727165,9.727165
train,6,99,89.0,95.04136,6.041359
train,6,100,88.0,96.5614,8.561401
train,6,101,87.0,95.23698,8.236977
train,6,102,86.0,96.64231,10.642311
train,6,103,85.0,101.54329,16.54329
train,6,104,84.0,106.26594,22.265938
train,6,105,83.0,110.44068,27.440681
train,6,106,82.0,116.24408,34.24408
train,6,107,81.0,123.25761,42.257607
train,6,108,80.0,121.747505,41.747505
train,6,109,79.0,122.308815,43.308815
train,6,110,78.0,122.78234,44.78234
train,6,111,77.0,116.82465,39.824654
train,6,112,76.0,112.93883,36.938828
train,6,113,75.0,109.24365,34.243652
train,6,114,74.0,103.687325,29.687325
train,6,115,73.0,102.41338,29.413383
train,6,116,72.0,102.707886,30.707886
train,6,117,71.0,103.10364,32.103638
train,6,118,70.0,101.04754,31.047539
train,6,119,69.0,97.357475,28.357475
train,6,120,68.0,94.32741,26.327408
train,6,121,67.0,89.6558,22.6558
train,6,122,66.0,87.79019,21.790192
train,6,123,65.0,84.08817,19.088173
train,6,124,64.0,78.335434,14.335434
train,6,125,63.0,72.398964,9.398964
train,6,126,62.0,66.0651,4.0651016
train,6,127,61.0,59.379738,-1.6202621
train,6,128,60.0,57.748344,-2.2516556
train,6,129,59.0,55.45198,-3.5480194
train,6,130,58.0,51.910404,-6.089596
train,6,131,57.0,53.318832,-3.6811676
train,6,132,56.0,57.082024,1.0820236
train,6,133,55.0,57.173653,2.1736526
train,6,134,54.0,58.238914,4.2389145
train,6,135,53.0,59.696754,6.6967545
train,6,136,52.0,64.810875,12.810875
train,6,137,51.0,67.43402,16.434021
train,6,138,50.0,68.0227,18.022697
train,6,139,49.0,69.89771,20.897713
train,6,140,48.0,69.46024,21.460243
train,6,141,47.0,67.96821,20.968208
train,6,142,46.0,65.30908,19.309082
train,6,143,45.0,62.557243,17.557243
train,6,144,44.0,59.458237,15.458237
train,6,145,43.0,57.235966,14.235966
train,6,146,42.0,52.39162,10.391621
train,6,147,41.0,47.578312,6.578312
train,6,148,40.0,42.412247,2.4122467
train,6,149,39.0,38.703835,-0.29616547
train,6,150,38.0,35.174545,-2.8254547
train,6,151,37.0,33.58232,-3.4176788
train,6,152,36.0,33.704983,-2.2950172
train,6,153,35.0,35.165516,0.1655159
train,6,154,34.0,33.34443,-0.655571
train,6,155,33.0,30.342642,-2.6573582
train,6,156,32.0,29.583529,-2.4164715
train,6,157,31.0,29.135199,-1.8648014
train,6,158,30.0,27.996151,-2.003849
train,6,159,29.0,27.56124,-1.4387608
train,6,160,28.0,29.56807,1.5680695
train,6,161,27.0,30.908335,3.9083347
train,6,162,26.0,30.52849,4.52849
train,6,163,25.0,31.246891,6.246891
train,6,164,24.0,31.28009,7.2800903
train,6,165,23.0,32.95597,9.955971
train,6,166,22.0,32.431496,10.431496
train,6,167,21.0,28.66498,7.66498
train,6,168,20.0,28.595432,8.595432
train,6,169,19.0,26.398432,7.398432
train,6,170,18.0,24.770838,6.770838
train,6,171,17.0,25.288795,8.288795
train,6,172,16.0,24.252089,8.252089
train,6,173,15.0,22.184471,7.184471
train,6,174,14.0,20.301598,6.3015976
train,6,175,13.0,21.11596,8.115959
train,6,176,12.0,20.418999,8.418999
train,6,177,11.0,20.77701,9.77701
train,6,178,10.0,18.191189,8.191189
train,6,179,9.0,13.383269,4.3832693
train,6,180,8.0,11.067756,3.0677557
train,6,181,7.0,11.174884,4.174884
train,6,182,6.0,12.814695,6.8146954
train,6,183,5.0,10.652787,5.652787
train,6,184,4.0,9.143844,5.1438437
train,6,185,3.0,9.940076,6.940076
train,6,186,2.0,6.7565427,4.7565427
train,6,187,1.0,5.3120503,4.3120503
train,6,188,0.0,2.9956625,2.9956625
train,7,30,229.0,184.21346,-44.786545
train,7,31,228.0,186.67685,-41.32315
train,7,32,227.0,185.24207,-41.757935
train,7,33,226.0,181.33107,-44.66893
train,7,34,225.0,180.21468,-44.785324
train,7,35,224.0,179.71861,-44.281387
train,7,36,223.0,173.08504,-49.914963
train,7,37,222.0,167.87697,-54.12303
train,7,38,221.0,163.1606,-57.8394
train,7,39,220.0,158.68254,-61.31746
train,7,40,219.0,165.52724,-53.472763
train,7,41,218.0,166.07797,-51.922028
train,7,42,217.0,166.0095,-50.990494
train,7,43,216.0,167.2442,-48.7558
train,7,44,215.0,160.48787,-54.51213
train,7,45,214.0,158.99722,-55.002777
train,7,46,213.0,157.8199,-55.1801
train,7,47,212.0,155.16765,-56.83235
train,7,48,211.0,151.99982,-59.000183
train,7,49,210.0,149.43346,-60.566544
train,7,50,209.0,148.78377,-60.216232
train,7,51,208.0,141.96452,-66.03548
train,7,52,207.0,141.27898,-65.72102
train,7,53,206.0,140.1858,-65.81419
train,7,54,205.0,133.36084,-71.63916
train,7,55,204.0,136.74663,-67.25337
train,7,56,203.0,132.46645,-70.533554
train,7,57,202.0,130.15874,-71.84126
train,7,58,201.0,137.09047,-63.90953
train,7,59,200.0,139.34969,-60.650314
train,7,60,199.0,136.28697,-62.713028
train,7,61,198.0,137.23624,-60.763763
train,7,62,197.0,144.38086,-52.61914
train,7,63,196.0,149.29361,-46.70639
train,7,64,195.0,149.41965,-45.580353
train,7,65,194.0,150.04314,-43.956863
train,7,66,193.0,147.99983,-45.000168
train,7,67,192.0,144.49939,-47.50061
train,7,68,191.0,143.86661,-47.133392
train,7,69,190.0,141.60802,-48.391983
train,7,70,189.0,136.30086,-52.699142
train,7,71,188.0,136.2899,-51.7101
train,7,72,187.0,141.96373,-45.03627
train,7,73,186.0,144.53905,-41.460953
train,7,74,185.0,148.33647,-36.66353
train,7,75,184.0,148.74268,-35.257324
train,7,76,183.0,143.05586,-39.944138
train,7,77,182.0,136.23587,-45.76413
train,7,78,181.0,128.673,-52.326996
train,7,79,180.0,119.999344,-60.000656
train,7,80,179.0,109.57,-69.43
train,7,81,178.0,107.453896,-70.546104
train,7,82,177.0,103.81632,-73.18368
train,7,83,176.0,101.7315,-74.2685
train,7,84,175.0,99.79151,-75.20849
train,7,85,174.0,105.88844,-68.11156
train,7,86,173.0,106.424324,-66.575676
train,7,87,172.0,111.007126,-60.992874
train,7,88,171.0,111.19625,-59.80375
train,7,89,170.0,110.93619,-59.063812
train,7,90,169.0,114.93806,-54.061943
train,7,91,168.0,115.59582,-52.404182
train,7,92,167.0,121.01922,-45.98078
train,7,93,166.0,112.90458,-53.09542
train,7,94,165.0,111.421486,-53.578514
train,7,95,164.0,113.01819,-50.98181
train,7,96,163.0,117.962616,-45.037384
train,7,97,162.0,123.09663,-38.903374
train,7,98,161.0,124.70983,-36.29017
train,7,99,160.0,122.82327,-37.176727
train,7,100,159.0,128.99355,-30.006454
train,7,101,158.0,130.86398,-27.136017
train,7,102,157.0,126.39227,-30.607727
train,7,103,156.0,120.520134,-35.479866
train,7,104,155.0,120.39645,-34.603554
train,7,105,154.0,118.10728,-35.892723
train,7,106,153.0,120.35464,-32.645363
train,7,107,152.0,119.72641,-32.27359
train,7,108,151.0,124.78922,-26.210777
train,7,109,150.0,135.66206,-14.337936
train,7,110,149.0,141.78108,-7.218918
train,7,111,148.0,148.78804,0.78804016
train,7,112,147.0,149.8549,2.8549042
train,7,113,146.0,147.6481,1.6481018
train,7,114,145.0,147.4533,2.4532928
train,7,115,144.0,144.75348,0.753479
train,7,116,143.0,135.9595,-7.040497
train,7,117,142.0,128.29955,-13.700455
train,7,118,141.0,120.149376,-20.850624
train,7,119,140.0,114.22428,-25.775719
train,7,120,139.0,108.48038,-30.519623
train,7,121,138.0,108.35429,-29.645714
train,7,122,137.0,109.44009,-27.559914
train,7,123,136.0,116.91467,-19.085327
train,7,124,135.0,119.4885,-15.5114975
train,7,125,134.0,117.40936,-16.590637
train,7,126,133.0,119.00314,-13.996857
train,7,127,132.0,114.39352,-17.606483
train,7,128,131.0,108.355446,-22.644554
train,7,129,130.0,108.05735,-21.94265
train,7,130,129.0,108.78735,-20.212646
train,7,131,128.0,111.92344,-16.076561
train,7,132,127.0,108.43354,-18.56646
train,7,133,126.0,105.773575,-20.226425
train,7,134,125.0,100.9401,-24.059898
train,7,135,124.0,102.76434,-21.235657
train,7,136,123.0,99.38979,-23.610207
train,7,137,122.0,101.49189,-20.50811
train,7,138,121.0,98.64657,-22.353432
train,7,139,120.0,100.21569,-19.78431
train,7,140,119.0,105.75323,-13.246773
train,7,141,118.0,113.86461,-4.135391
train,7,142,117.0,118.52032,1.5203171
train,7,143,116.0,122.08284,6.08284
train,7,144,115.0,122.173775,7.1737747
train,7,145,114.0,120.27846,6.2784576
train,7,146,113.0,112.19212,-0.8078766
train,7,147,112.0,103.590294,-8.409706
train,7,148,111.0,102.79375,-8.206253
train,7,149,110.0,96.80412,-13.195877
train,7,150,109.0,87.10656,-21.89344
train,7,151,108.0,80.24462,-27.755379
train,7,152,107.0,80.13795,-26.862053
train,7,153,106.0,73.50434,-32.49566
train,7,154,105.0,72.69216,-32.30784
train,7,155,104.0,80.4385,-23.5615
train,7,156,103.0,86.90972,-16.090279
train,7,157,102.0,92.505165,-9.494835
train,7,158,101.0,95.62679,-5.373207
train,7,159,100.0,93.988884,-6.011116
train,7,160,99.0,94.08141,-4.9185867
train,7,161,98.0,95.26171,-2.7382889
train,7,162,97.0,86.83784,-10.162163
train,7,163,96.0,79.25495,-16.745049
train,7,164,95.0,71.45812,-23.541878
train,7,165,94.0,70.43591,-23.564087
train,7,166,93.0,69.578636,-23.421364
train,7,167,92.0,69.52723,-22.47277
train,7,168,91.0,72.20339,-18.796608
train,7,169,90.0,81.12213,-8.877869
train,7,170,89.0,88.19959,-0.8004074
train,7,171,88.0,94.67457,6.674568
train,7,172,87.0,92.452126,5.4521255
train,7,173,86.0,86.406624,0.40662384
train,7,174,85.0,89.29391,4.293907
train,7,175,84.0,78.44739,-5.5526123
train,7,176,83.0,67.75048,-15.249519
train,7,177,82.0,59.83222,-22.167782
train,7,178,81.0,56.734627,-24.265373
train,7,179,80.0,52.893585,-27.106415
train,7,180,79.0,57.83332,-21.16668
train,7,181,78.0,60.865025,-17.134975
train,7,182,77.0,66.507,-10.492996
train,7,183,76.0,71.82124,-4.1787567
train,7,184,75.0,75.4679,0.46790314
train,7,185,74.0,77.35401,3.3540115
train,7,186,73.0,75.383064,2.3830643
train,7,187,72.0,74.28556,2.2855606
train,7,188,71.0,69.90554,-1.0944595
train,7,189,70.0,67.067604,-2.932396
train,7,190,69.0,61.576286,-7.4237137
train,7,191,68.0,54.475277,-13.524723
train,7,192,67.0,50.018997,-16.981003
train,7,193,66.0,56.253624,-9.746376
train,7,194,65.0,59.957603,-5.0423965
train,7,195,64.0,63.378403,-0.6215973
train,7,196,63.0,68.16765,5.1676483
train,7,197,62.0,71.493065,9.493065
train,7,198,61.0,73.17759,12.177589
train,7,199,60.0,76.09857,16.098572
train,7,200,59.0,75.49225,16.492249
train,7,201,58.0,73.83028,15.8302765
train,7,202,57.0,75.174194,18.174194
train,7,203,56.0,73.6399,17.6399
train,7,204,55.0,70.65342,15.6534195
train,7,205,54.0,70.65981,16.659813
train,7,206,53.0,73.28903,20.289032
train,7,207,52.0,73.88293,21.882927
train,7,208,51.0,74.400406,23.400406
train,7,209,50.0,77.84063,27.84063
train,7,210,49.0,79.74551,30.745506
train,7,211,48.0,79.052025,31.052025
train,7,212,47.0,76.845116,29.845116
train,7,213,46.0,74.94277,28.942772
train,7,214,45.0,67.44169,22.441689
train,7,215,44.0,63.377693,19.377693
train,7,216,43.0,59.04456,16.04456
train,7,217,42.0,53.417892,11.417892
train,7,218,41.0,47.259045,6.2590446
train,7,219,40.0,46.742783,6.7427826
train,7,220,39.0,45.418007,6.418007
train,7,221,38.0,44.853596,6.8535957
train,7,222,37.0,43.62989,6.6298904
train,7,223,36.0,42.424374,6.4243736
train,7,224,35.0,43.720737,8.720737
train,7,225,34.0,43.23556,9.235561
train,7,226,33.0,41.305946,8.305946
train,7,227,32.0,38.82812,6.828121
train,7,228,31.0,39.1952,8.195202
train,7,229,30.0,39.206753,9.206753
train,7,230,29.0,39.826164,10.826164
train,7,231,28.0,39.756905,11.756905
train,7,232,27.0,41.70559,14.705589
train,7,233,26.0,39.182487,13.1824875
train,7,234,25.0,38.279816,13.279816
train,7,235,24.0,35.58853,11.5885315
train,7,236,23.0,35.66291,12.66291
train,7,237,22.0,36.166267,14.166267
train,7,238,21.0,37.162342,16.162342
train,7,239,20.0,37.12849,17.12849
train,7,240,19.0,35.238903,16.238903
train,7,241,18.0,32.268433,14.268433
train,7,242,17.0,29.145975,12.145975
train,7,243,16.0,27.621675,11.6216755
train,7,244,15.0,24.31185,9.31185
train,7,245,14.0,20.713667,6.713667
train,7,246,13.0,17.585314,4.585314
train,7,247,12.0,15.673295,3.673295
train,7,248,11.0,15.123182,4.1231823
train,7,249,10.0,12.488728,2.4887276
train,7,250,9.0,12.455559,3.4555588
train,7,251,8.0,10.722305,2.7223053
train,7,252,7.0,8.3633585,1.3633585
train,7,253,6.0,6.75787,0.7578702
train,7,254,5.0,4.6603947,-0.33960533
train,7,255,4.0,2.6764052,-1.3235948
train,7,256,3.0,2.188334,-0.811666
train,7,257,2.0,6.11733,4.11733
train,7,258,1.0,5.0999827,4.0999827
train,7,259,0.0,1.8213388,1.8213388
train,8,30,120.0,157.29012,37.290115
train,8,31,119.0,153.57872,34.57872
train,8,32,118.0,145.62436,27.62436
train,8,33,117.0,138.34428,21.344284
train,8,34,116.0,130.73427,14.734268
train,8,35,115.0,125.720406,10.720406
train,8,36,114.0,120.0211,6.021103
train,8,37,113.0,115.07892,2.0789185
train,8,38,112.0,108.08348,-3.9165192
train,8,39,111.0,106.63525,-4.3647537
train,8,40,110.0,109.295876,-0.70412445
train,8,41,109.0,105.06754,-3.932457
train,8,42,108.0,104.948555,-3.051445
train,8,43,107.0,108.13479,1.1347885
train,8,44,106.0,107.27956,1.2795563
train,8,45,105.0,113.50764,8.507637
train,8,46,104.0,123.556526,19.556526
train,8,47,103.0,126.93093,23.930931
train,8,48,102.0,129.18636,27.186356
train,8,49,101.0,128.32277,27.32277
train,8,50,100.0,120.31893,20.318932
train,8,51,99.0,113.855125,14.855125
train,8,52,98.0,114.90034,16.900337
train,8,53,97.0,111.73004,14.7300415
train,8,54,96.0,112.65241,16.652412
train,8,55,95.0,112.25709,17.257088
train,8,56,94.0,118.08811,24.088112
train,8,57,93.0,124.161194,31.161194
train,8,58,92.0,123.630844,31.630844
train,8,59,91.0,129.29524,38.295242
train,8,60,90.0,127.60078,37.600777
train,8,61,89.0,128.17336,39.173355
train,8,62,88.0,121.20221,33.20221
train,8,63,87.0,118.86289,31.862892
train,8,64,86.0,110.296684,24.296684
train,8,65,85.0,104.27897,19.278969
train,8,66,84.0,98.215355,14.215355
train,8,67,83.0,93.88332,10.883324
train,8,68,82.0,90.38021,8.380211
train,8,69,81.0,88.28356,7.2835617
train,8,70,80.0,85.84324,5.843239
train,8,71,79.0,93.8556,14.855598
train,8,72,78.0,98.26058,20.260582
train,8,73,77.0,101.137825,24.137825
train,8,74,76.0,104.78603,28.786034
train,8,75,75.0,113.92859,38.92859
train,8,76,74.0,112.90635,38.90635
train,8,77,73.0,105.7394,32.739403
train,8,78,72.0,97.47943,25.479431
train,8,79,71.0,90.173454,19.173454
train,8,80,70.0,80.193016,10.193016
train,8,81,69.0,73.54082,4.5408173
train,8,82,68.0,70.02327,2.0232697
train,8,83,67.0,68.5469,1.5468979
train,8,84,66.0,65.03399,-0.96601105
train,8,85,65.0,61.20161,-3.7983894
train,8,86,64.0,57.6666,-6.3334007
train,8,87,63.0,54.015778,-8.984222
train,8,88,62.0,47.491173,-14.508827
train,8,89,61.0,44.675705,-16.324295
train,8,90,60.0,39.6485,-20.351501
train,8,91,59.0,39.416656,-19.583344
train,8,92,58.0,39.90931,-18.09069
train,8,93,57.0,45.919594,-11.080406
train,8,94,56.0,50.035706,-5.9642944
train,8,95,55.0,52.590317,-2.4096832
train,8,96,54.0,55.938667,1.9386673
train,8,97,53.0,57.142128,4.142128
train,8,98,52.0,58.744152,6.744152
train,8,99,51.0,60.0289,9.0289
train,8,100,50.0,62.46602,12.466019
train,8,101,49.0,65.18131,16.181313
train,8,102,48.0,66.31867,18.318672
train,8,103,47.0,66.18148,19.18148
train,8,104,46.0,66.832664,20.832664
train,8,105,45.0,67.98907,22.989067
train,8,106,44.0,70.22583,26.22583
train,8,107,43.0,68.484184,25.484184
train,8,108,42.0,66.573425,24.573425
train,8,109,41.0,68.463585,27.463585
train,8,110,40.0,67.03759,27.03759
train,8,111,39.0,63.04592,24.045921
train,8,112,38.0,60.353554,22.353554
train,8,113,37.0,56.17501,19.17501
train,8,114,36.0,51.66039,15.660389
train,8,115,35.0,50.36045,15.360451
train,8,116,34.0,47.41094,13.410938
train,8,117,33.0,46.519478,13.519478
train,8,118,32.0,45.584816,13.584816
train,8,119,31.0,44.761303,13.761303
train,8,120,30.0,43.166893,13.166893
train,8,121,29.0,42.810783,13.810783
train,8,122,28.0,40.670628,12.670628
train,8,123,27.0,37.222218,10.222218
train,8,124,26.0,32.41613,6.41613
train,8,125,25.0,29.672106,4.672106
train,8,126,24.0,28.002775,4.002775
train,8,127,23.0,25.736525,2.7365246
train,8,128,22.0,23.00092,1.0009193
train,8,129,21.0,22.141567,1.1415672
train,8,130,20.0,21.632113,1.6321125
train,8,131,19.0,18.702892,-0.2971077
train,8,132,18.0,16.591663,-1.4083366
train,8,133,17.0,12.468062,-4.5319376
train,8,134,16.0,11.600961,-4.3990393
train,8,135,15.0,11.246145,-3.7538548
train,8,136,14.0,11.646682,-2.3533182
train,8,137,13.0,8.805664,-4.194336
train,8,138,12.0,5.3571954,-6.6428046
train,8,139,11.0,6.421077,-4.578923
train,8,140,10.0,5.712832,-4.287168
train,8,141,9.0,5.0037475,-3.9962525
train,8,142,8.0,6.033549,-1.9664512
train,8,143,7.0,7.4378943,0.43789434
train,8,144,6.0,6.2434287,0.2434287
train,8,145,5.0,5.8111763,0.8111763
train,8,146,4.0,6.1219645,2.1219645
train,8,147,3.0,3.6026995,0.6026995
train,8,148,2.0,3.9998116,1.9998116
train,8,149,1.0,5.7879076,4.7879076
train,8,150,0.0,6.0978336,6.0978336
train,9,30,171.0,158.91548,-12.084518
train,9,31,170.0,167.88641,-2.1135864
train,9,32,169.0,175.19489,6.1948853
train,9,33,168.0,180.76024,12.760239
train,9,34,167.0,183.45021,16.45021
train,9,35,166.0,178.28441,12.284409
train,9,36,165.0,178.3689,13.3688965
train,9,37,164.0,171.16216,7.162155
train,9,38,163.0,170.75426,7.754257
train,9,39,162.0,163.34729,1.34729
train,9,40,161.0,157.65579,-3.3442078
train,9,41,160.0,153.33093,-6.6690674
train,9,42,159.0,148.76933,-10.230667
train,9,43,158.0,147.71205,-10.287949
train,9,44,157.0,148.67679,-8.323212
train,9,45,156.0,150.67358,-5.326416
train,9,46,155.0,149.48051,-5.5194855
train,9,47,154.0,149.84079,-4.15921
train,9,48,153.0,157.34819,4.3481903
train,9,49,152.0,157.7183,5.7183075
train,9,50,151.0,152.08784,1.0878448
train,9,51,150.0,146.86125,-3.1387482
train,9,52,149.0,143.5529,-5.447098
train,9,53,148.0,141.56793,-6.432068
train,9,54,147.0,140.55626,-6.443741
train,9,55,146.0,142.59254,-3.4074554
train,9,56,145.0,146.44214,1.4421387
train,9,57,144.0,152.05864,8.05864
train,9,58,143.0,149.24736,6.24736
train,9,59,142.0,144.75601,2.756012
train,9,60,141.0,136.29622,-4.703781
train,9,61,140.0,127.48969,-12.510307
train,9,62,139.0,118.550896,-20.449104
train,9,63,138.0,112.8512,-25.148804
train,9,64,137.0,116.837135,-20.162865
train,9,65,136.0,117.71061,-18.28939
train,9,66,135.0,122.37781,-12.622192
train,9,67,134.0,126.7584,-7.2416
train,9,68,133.0,129.20927,-3.7907257
train,9,69,132.0,123.5133,-8.486702
train,9,70,131.0,121.23055,-9.769447
train,9,71,130.0,109.70504,-20.29496
train,9,72,129.0,99.820946,-29.179054
train,9,73,128.0,93.517586,-34.482414
train,9,74,127.0,96.69488,-30.305122
train,9,75,126.0,97.70516,-28.294838
train,9,76,125.0,97.48134,-27.518661
train,9,77,124.0,99.05512,-24.944878
train,9,78,123.0,99.33375,-23.666252
train,9,79,122.0,104.04775,-17.952248
train,9,80,121.0,103.37481,-17.62519
train,9,81,120.0,107.85076,-12.149239
train,9,82,119.0,109.14281,-9.857193
train,9,83,118.0,114.597786,-3.402214
train,9,84,117.0,123.12135,6.121353
train,9,85,116.0,121.159035,5.1590347
train,9,86,115.0,115.221214,0.2212143
train,9,87,114.0,114.884254,0.88425446
train,9,88,113.0,115.28015,2.2801514
train,9,89,112.0,119.19906,7.1990585
train,9,90,111.0,121.56744,10.567436
train,9,91,110.0,121.71574,11.715736
train,9,92,109.0,131.84076,22.84076
train,9,93,108.0,135.29279,27.292786
train,9,94,107.0,139.41338,32.413376
train,9,95,106.0,143.67056,37.670563
train,9,96,105.0,147.81566,42.81566
train,9,97,104.0,150.70827,46.708267
train,9,98,103.0,142.81451,39.814514
train,9,99,102.0,137.69463,35.694626
train,9,100,101.0,124.66714,23.667137
train,9,101,100.0,114.212685,14.212685
train,9,102,99.0,109.09815,10.098152
train,9,103,98.0,100.16128,2.1612778
train,9,104,97.0,94.03193,-2.968071
train,9,105,96.0,94.70622,-1.2937775
train,9,106,95.0,99.15187,4.1518707
train,9,107,94.0,107.79773,13.7977295
train,9,108,93.0,117.854485,24.854485
train,9,109,92.0,122.41339,30.413391
train,9,110,91.0,125.586365,34.586365
train,9,111,90.0,123.587715,33.587715
train,9,112,89.0,115.73367,26.733673
train,9,113,88.0,111.4757,23.4757
train,9,114,87.0,111.68956,24.68956
train,9,115,86.0,109.00504,23.005043
train,9,116,85.0,106.91601,21.916008
train,9,117,84.0,107.43539,23.435387
train,9,118,83.0,98.67883,15.678833
train,9,119,82.0,98.85717,16.85717
train,9,120,81.0,104.85186,23.85186
train,9,121,80.0,103.90861,23.908607
train,9,122,79.0,98.65302,19.653023
train,9,123,78.0,96.73128,18.731277
train,9,124,77.0,94.30142,17.301422
train,9,125,76.0,91.849846,15.849846
train,9,126,75.0,87.269264,12.269264
train,9,127,74.0,88.508,14.508003
train,9,128,73.0,84.94702,11.9470215
train,9,129,72.0,85.04557,13.04557
train,9,130,71.0,85.12137,14.121368
train,9,131,70.0,83.7944,13.794403
train,9,132,69.0,77.602745,8.602745
train,9,133,68.0,74.801605,6.801605
train,9,134,67.0,73.01,6.010002
train,9,135,66.0,77.619225,11.619225
train,9,136,65.0,71.31086,6.3108597
train,9,137,64.0,63.960117,-0.03988266
train,9,138,63.0,68.85777,5.857773
train,9,139,62.0,67.81431,5.814308
train,9,140,61.0,70.80818,9.808182
train,9,141,60.0,71.02273,11.022728
train,9,142,59.0,69.92803,10.928032
train,9,143,58.0,72.293785,14.293785
train,9,144,57.0,69.9098,12.909798
train,9,145,56.0,71.28228,15.28228
train,9,146,55.0,66.73635,11.736351
train,9,147,54.0,68.93778,14.937782
train,9,148,53.0,63.743996,10.743996
train,9,149,52.0,65.60224,13.6022415
train,9,150,51.0,66.74907,15.749069
train,9,151,50.0,60.888363,10.888363
train,9,152,49.0,56.081882,7.0818825
train,9,153,48.0,48.894264,0.8942642
train,9,154,47.0,43.392128,-3.607872
train,9,155,46.0,38.131077,-7.868923
train,9,156,45.0,33.816406,-11.183594
train,9,157,44.0,30.209164,-13.790836
train,9,158,43.0,34.38488,-8.61512
train,9,159,42.0,31.982254,-10.017746
train,9,160,41.0,30.896086,-10.103914
train,9,161,40.0,29.649813,-10.350187
train,9,162,39.0,28.322798,-10.677202
train,9,163,38.0,22.976816,-15.023184
train,9,164,37.0,23.128061,-13.871939
train,9,165,36.0,22.257729,-13.742271
train,9,166,35.0,22.636917,-12.363083
train,9,167,34.0,22.029081,-11.970919
train,9,168,33.0,21.830143,-11.169857
train,9,169,32.0,23.465925,-8.534075
train,9,170,31.0,18.05918,-12.940821
train,9,171,30.0,10.592262,-19.407738
train,9,172,29.0,5.6357083,-23.364292
train,9,173,28.0,5.5137634,-22.486237
train,9,174,27.0,4.1778507,-22.82215
train,9,175,26.0,2.4263089,-23.57369
train,9,176,25.0,4.281202,-20.718798
train,9,177,24.0,11.161988,-12.838012
train,9,178,23.0,10.764629,-12.235371
train,9,179,22.0,10.662314,-11.337686
train,9,180,21.0,11.956149,-9.043851
train,9,181,20.0,15.661273,-4.338727
train,9,182,19.0,9.73873,-9.26127
train,9,183,18.0,0.30292672,-17.697073
train,9,184,17.0,-0.98665166,-17.986652
train,9,185,16.0,-0.86894405,-16.868944
train,9,186,15.0,-4.2607303,-19.26073
train,9,187,14.0,-2.6637657,-16.663765
train,9,188,13.0,7.2444224,-5.7555776
train,9,189,12.0,8.7956085,-3.2043915
train,9,190,11.0,6.7362533,-4.2637467
train,9,191,10.0,5.6051164,-4.3948836
train,9,192,9.0,5.0271506,-3.9728494
train,9,193,8.0,5.8028073,-2.1971927
train,9,194,7.0,5.35285,-1.64715
train,9,195,6.0,3.4037042,-2.5962958
train,9,196,5.0,2.9087112,-2.0912888
train,9,197,4.0,2.9803197,-1.0196803
train,9,198,3.0,5.705466,2.7054658
train,9,199,2.0,5.6138773,3.6138773
train,9,200,1.0,0.485978,-0.514022
train,9,201,0.0,-1.9594059,-1.9594059
train,10,30,192.0,158.07797,-33.922028
train,10,31,191.0,157.99501,-33.00499
train,10,32,190.0,162.78738,-27.212616
train,10,33,189.0,159.27507,-29.72493
train,10,34,188.0,158.31099,-29.68901
train,10,35,187.0,154.34563,-32.654373
train,10,36,186.0,151.87358,-34.12642
train,10,37,185.0,153.7024,-31.297607
train,10,38,184.0,159.50839,-24.491608
train,10,39,183.0,164.3303,-18.669693
train,10,40,182.0,170.9356,-11.064407
train,10,41,181.0,171.81126,-9.188736
train,10,42,180.0,176.67232,-3.3276825
train,10,43,179.0,182.263,3.2630005
train,10,44,178.0,178.30469,0.3046875
train,10,45,177.0,179.80626,2.8062592
train,10,46,176.0,183.86772,7.8677216
train,10,47,175.0,177.38487,2.3848724
train,10,48,174.0,175.42386,1.4238586
train,10,49,173.0,172.90404,-0.095962524
train,10,50,172.0,173.24982,1.2498169
train,10,51,171.0,172.80437,1.8043671
train,10,52,170.0,167.82173,-2.1782684
train,10,53,169.0,165.18546,-3.8145447
train,10,54,168.0,158.16975,-9.830246
train,10,55,167.0,150.85397,-16.146027
train,10,56,166.0,148.35973,-17.640274
train,10,57,165.0,152.53912,-12.460876
train,10,58,164.0,154.6395,-9.360504
train,10,59,163.0,151.13687,-11.863129
train,10,60,162.0,150.15405,-11.845947
train,10,61,161.0,140.93898,-20.06102
train,10,62,160.0,135.82764,-24.172363
train,10,63,159.0,129.00977,-29.990234
train,10,64,158.0,127.7317,-30.268303
train,10,65,157.0,122.77804,-34.221962
train,10,66,156.0,123.95304,-32.04696
train,10,67,155.0,127.13766,-27.862343
train,10,68,154.0,129.15623,-24.843765
train,10,69,153.0,125.72687,-27.273132
train,10,70,152.0,126.532394,-25.467606
train,10,71,151.0,124.8595,-26.140503
train,10,72,150.0,125.08463,-24.915367
train,10,73,149.0,122.467445,-26.532555
train,10,74,148.0,123.9598,-24.0402
train,10,75,147.0,117.961914,-29.038086
train,10,76,146.0,122.2375,-23.762497
train,10,77,145.0,122.471466,-22.528534
train,10,78,144.0,127.54017,-16.459831
train,10,79,143.0,125.677826,-17.322174
train,10,80,142.0,129.16191,-12.838089
train,10,81,141.0,132.58403,-8.41597
train,10,82,140.0,133.07526,-6.9247437
train,10,83,139.0,132.67284,-6.3271637
train,10,84,138.0,138.11954,0.11953735
train,10,85,137.0,135.47662,-1.5233765
train,10,86,136.0,135.55766,-0.44233704
train,10,87,135.0,126.76701,-8.232986
train,10,88,134.0,117.12405,-16.875954
train,10,89,133.0,114.93402,-18.065979
train,10,90,132.0,112.6954,-19.304604
train,10,91,131.0,113.48339,-17.51661
train,10,92,130.0,119.408714,-10.591286
train,10,93,129.0,121.99531,-7.004692
train,10,94,128.0,136.11974,8.119736
train,10,95,127.0,141.36412,14.3641205
train,10,96,126.0,140.65016,14.650162
train,10,97,125.0,133.1877,8.187698
train,10,98,124.0,128.84529,4.845291
train,10,99,123.0,129.62273,6.6227264
train,10,100,122.0,129.53882,7.5388184
train,10,101,121.0,128.26488,7.2648773
train,10,102,120.0,132.76021,12.760208
train,10,103,119.0,136.91272,17.91272
train,10,104,118.0,132.3344,14.334396
train,10,105,117.0,130.62346,13.623459
train,10,106,116.0,133.66115,17.661148
train,10,107,115.0,137.1718,22.171799
train,10,108,114.0,136.41971,22.419708
train,10,109,113.0,138.87054,25.870544
train,10,110,112.0,134.6071,22.607101
train,10,111,111.0,125.67469,14.67469
train,10,112,110.0,115.31353,5.31353
train,10,113,109.0,111.38506,2.3850632
train,10,114,108.0,107.63411,-0.3658905
train,10,115,107.0,104.616646,-2.3833542
train,10,116,106.0,100.745766,-5.2542343
train,10,117,105.0,98.69382,-6.306183
train,10,118,104.0,95.377815,-8.622185
train,10,119,103.0,94.08487,-8.915131
train,10,120,102.0,97.347435,-4.652565
train,10,121,101.0,101.12907,0.12906647
train,10,122,100.0,92.879326,-7.120674
train,10,123,99.0,88.379036,-10.620964
train,10,124,98.0,81.648544,-16.351456
train,10,125,97.0,75.172966,-21.827034
train,10,126,96.0,70.686615,-25.313385
train,10,127,95.0,69.575424,-25.424576
train,10,128,94.0,70.5334,-23.466599
train,10,129,93.0,68.7599,-24.240097
train,10,130,92.0,65.721016,-26.278984
train,10,131,91.0,65.65151,-25.348488
train,10,132,90.0,68.7528,-21.2472
train,10,133,89.0,70.80299,-18.197006
train,10,134,88.0,73.9873,-14.012703
train,10,135,87.0,80.556335,-6.4436646
train,10,136,86.0,84.77543,-1.2245712
train,10,137,85.0,85.45324,0.45323944
train,10,138,84.0,87.7516,3.7516022
train,10,139,83.0,87.51595,4.515953
train,10,140,82.0,83.13939,1.139389
train,10,141,81.0,77.60293,-3.3970718
train,10,142,80.0,76.49432,-3.5056763
train,10,143,79.0,81.47665,2.4766464
train,10,144,78.0,82.19211,4.192108
train,10,145,77.0,84.152245,7.1522446
train,10,146,76.0,84.764046,8.764046
train,10,147,75.0,84.249,9.249001
train,10,148,74.0,83.04264,9.042641
train,10,149,73.0,84.94102,11.941017
train,10,150,72.0,90.04376,18.043762
train,10,151,71.0,91.17724,20.177238
train,10,152,70.0,91.209465,21.209465
train,10,153,69.0,95.10563,26.105629
train,10,154,68.0,100.53657,32.536568
train,10,155,67.0,97.74572,30.74572
train,10,156,66.0,92.16947,26.169472
train,10,157,65.0,81.78845,16.788452
train,10,158,64.0,73.88115,9.881149
train,10,159,63.0,70.63244,7.6324387
train,10,160,62.0,63.378708,1.3787079
train,10,161,61.0,57.486893,-3.5131073
train,10,162,60.0,53.90334,-6.0966606
train,10,163,59.0,50.61867,-8.381329
train,10,164,58.0,46.1685,-11.831501
train,10,165,57.0,48.31121,-8.688789
train,10,166,56.0,45.844036,-10.155964
train,10,167,55.0,40.23877,-14.76123
train,10,168,54.0,36.102394,-17.897606
train,10,169,53.0,33.78724,-19.21276
train,10,170,52.0,33.71683,-18.283169
train,10,171,51.0,39.69605,-11.303951
train,10,172,50.0,38.665367,-11.334633
train,10,173,49.0,39.68141,-9.318588
train,10,174,48.0,36.451973,-11.548027
train,10,175,47.0,34.706448,-12.293552
train,10,176,46.0,30.887913,-15.112087
train,10,177,45.0,30.245375,-14.754625
train,10,178,44.0,27.663881,-16.336119
train,10,179,43.0,31.28406,-11.71594
train,10,180,42.0,34.406567,-7.5934334
train,10,181,41.0,38.002537,-2.9974632
train,10,182,40.0,49.456894,9.456894
train,10,183,39.0,56.042664,17.042664
train,10,184,38.0,54.857346,16.857346
train,10,185,37.0,53.188713,16.188713
train,10,186,36.0,54.972084,18.972084
train,10,187,35.0,52.6439,17.643902
train,10,188,34.0,46.41324,12.413239
train,10,189,33.0,45.66179,12.661789
train,10,190,32.0,41.245827,9.245827
train,10,191,31.0,37.268112,6.268112
train,10,192,30.0,34.579674,4.579674
train,10,193,29.0,32.100266,3.1002655
train,10,194,28.0,28.561178,0.5611782
train,10,195,27.0,26.327993,-0.6720066
train,10,196,26.0,23.068995,-2.9310055
train,10,197,25.0,22.295223,-2.7047768
train,10,198,24.0,25.0488,1.0487995
train,10,199,23.0,28.060904,5.0609035
train,10,200,22.0,27.367487,5.367487
train,10,201,21.0,24.351269,3.3512688
train,10,202,20.0,21.684734,1.6847343
train,10,203,19.0,22.341927,3.3419266
train,10,204,18.0,21.003805,3.0038052
train,10,205,17.0,17.717815,0.7178154
train,10,206,16.0,17.178644,1.1786442
train,10,207,15.0,16.88611,1.8861103
train,10,208,14.0,19.10497,5.104971
train,10,209,13.0,22.886602,9.886602
train,10,210,12.0,22.179676,10.179676
train,10,211,11.0,21.465662,10.465662
train,10,212,10.0,20.941854,10.9418545
train,10,213,9.0,21.648186,12.648186
train,10,214,8.0,18.72405,10.7240505
train,10,215,7.0,19.071947,12.071947
train,10,216,6.0,17.022799,11.022799
train,10,217,5.0,15.7745695,10.7745695
train,10,218,4.0,14.266676,10.266676
train,10,219,3.0,13.680681,10.680681
train,10,220,2.0,10.28592,8.28592
train,10,221,1.0,6.853149,5.853149
train,10,222,0.0,6.1875324,6.1875324
train,11,30,210.0,137.24837,-72.75163
train,11,31,209.0,148.8789,-60.121094
train,11,32,208.0,150.87779,-57.122208
train,11,33,207.0,158.1158,-48.8842
train,11,34,206.0,161.50984,-44.490158
train,11,35,205.0,164.04405,-40.955948
train,11,36,204.0,167.10254,-36.89746
train,11,37,203.0,166.09291,-36.90709
train,11,38,202.0,172.17775,-29.82225
train,11,39,201.0,174.41539,-26.58461
train,11,40,200.0,174.39845,-25.601547
train,11,41,199.0,174.02658,-24.97342
train,11,42,198.0,166.3819,-31.618103
train,11,43,197.0,166.06001,-30.939987
train,11,44,196.0,162.62753,-33.372467
train,11,45,195.0,165.38509,-29.614914
train,11,46,194.0,165.28557,-28.714432
train,11,47,193.0,174.66017,-18.339828
train,11,48,192.0,180.24336,-11.756638
train,11,49,191.0,179.00407,-11.995926
train,11,50,190.0,167.94075,-22.05925
train,11,51,189.0,154.92662,-34.07338
train,11,52,188.0,147.36946,-40.63054
train,11,53,187.0,144.02568,-42.97432
train,11,54,186.0,145.28615,-40.713852
train,11,55,185.0,141.95906,-43.04094
train,11,56,184.0,139.19083,-44.809174
train,11,57,183.0,142.0118,-40.988205
train,11,58,182.0,140.1798,-41.820206
train,11,59,181.0,136.8179,-44.1821
train,11,60,180.0,134.87373,-45.126266
train,11,61,179.0,136.23167,-42.768326
train,11,62,178.0,139.50243,-38.497574
train,11,63,177.0,138.89192,-38.108078
train,11,64,176.0,141.0648,-34.935196
train,11,65,175.0,141.17543,-33.82457
train,11,66,174.0,145.33444,-28.665558
train,11,67,173.0,142.74663,-30.253372
train,11,68,172.0,137.79018,-34.209824
train,11,69,171.0,126.29652,-44.703484
train,11,70,170.0,121.14555,-48.854446
train,11,71,169.0,115.87252,-53.12748
train,11,72,168.0,114.14909,-53.850906
train,11,73,167.0,115.96826,-51.03174
train,11,74,166.0,114.362915,-51.637085
train,11,75,165.0,116.44542,-48.55458
train,11,76,164.0,111.68636,-52.313637
train,11,77,163.0,110.327156,-52.672844
train,11,78,162.0,115.25359,-46.746407
train,11,79,161.0,116.33392,-44.666077
train,11,80,160.0,124.77482,-35.22518
train,11,81,159.0,129.81503,-29.184967
train,11,82,158.0,132.36275,-25.637253
train,11,83,157.0,134.26427,-22.735733
train,11,84,156.0,131.12581,-24.874191
train,11,85,155.0,125.40041,-29.599586
train,11,86,154.0,119.21168,-34.788322
train,11,87,153.0,117.5149,-35.4851
train,11,88,152.0,112.206345,-39.793655
train,11,89,151.0,106.452675,-44.547325
train,11,90,150.0,110.79798,-39.20202
train,11,91,149.0,115.09179,-33.90821
train,11,92,148.0,122.10251,-25.897491
train,11,93,147.0,124.19367,-22.806328
train,11,94,146.0,123.393585,-22.606415
train,11,95,145.0,131.04698,-13.953018
train,11,96,144.0,134.4477,-9.552307
train,11,97,143.0,139.49765,-3.5023499
train,11,98,142.0,137.57626,-4.4237366
train,11,99,141.0,138.83987,-2.1601257
train,11,100,140.0,136.62605,-3.3739471
train,11,101,139.0,133.47423,-5.525772
train,11,102,138.0,133.53326,-4.466736
train,11,103,137.0,129.10359,-7.896408
train,11,104,136.0,129.07274,-6.9272614
train,11,105,135.0,127.90633,-7.0936737
train,11,106,134.0,132.80882,-1.1911774
train,11,107,133.0,141.54416,8.544159
train,11,108,132.0,146.3325,14.332504
train,11,109,131.0,160.53407,29.534073
train,11,110,130.0,171.19742,41.19742
train,11,111,129.0,179.25885,50.25885
train,11,112,128.0,180.45009,52.45009
train,11,113,127.0,182.86998,55.86998
train,11,114,126.0,176.55632,50.55632
train,11,115,125.0,171.70717,46.70717
train,11,116,124.0,170.87488,46.874878
train,11,117,123.0,159.42885,36.42885
train,11,118,122.0,150.70561,28.705612
train,11,119,121.0,141.82011,20.820114
train,11,120,120.0,136.76591,16.765915
train,11,121,119.0,127.771454,8.771454
train,11,122,118.0,120.87338,2.8733826
train,11,123,117.0,116.66018,-0.33982086
train,11,124,116.0,112.064705,-3.935295
train,11,125,115.0,107.712456,-7.2875443
train,11,126,114.0,105.10633,-8.893669
train,11,127,113.0,104.888855,-8.111145
train,11,128,112.0,98.25932,-13.740677
train,11,129,111.0,92.53004,-18.469963
train,11,130,110.0,91.07929,-18.920708
train,11,131,109.0,89.607124,-19.392876
train,11,132,108.0,89.09139,-18.908607
train,11,133,107.0,89.79456,-17.205437
train,11,134,106.0,81.69143,-24.30857
train,11,135,105.0,81.99105,-23.00895
train,11,136,104.0,92.16664,-11.833359
train,11,137,103.0,93.75459,-9.245407
train,11,138,102.0,97.16855,-4.8314514
train,11,139,101.0,95.68842,-5.311577
train,11,140,100.0,98.588326,-1.4116745
train,11,141,99.0,99.22823,0.22823334
train,11,142,98.0,106.15128,8.151283
train,11,143,97.0,109.555046,12.555046
train,11,144,96.0,110.62714,14.627136
train,11,145,95.0,106.941734,11.941734
train,11,146,94.0,108.27391,14.2739105
train,11,147,93.0,98.17349,5.1734924
train,11,148,92.0,91.96053,-0.039466858
train,11,149,91.0,80.71052,-10.289482
train,11,150,90.0,79.0,-11.0
train,11,151,89.0,78.1153,-10.884697
train,11,152,88.0,74.87586,-13.124138
train,11,153,87.0,71.61533,-15.384666
train,11,154,86.0,71.38942,-14.61058
train,11,155,85.0,70.88933,-14.110672
train,11,156,84.0,70.34788,-13.6521225
train,11,157,83.0,76.047844,-6.952156
train,11,158,82.0,77.92228,-4.0777206
train,11,159,81.0,82.74807,1.7480698
train,11,160,80.0,82.48226,2.4822617
train,11,161,79.0,82.809715,3.8097153
train,11,162,78.0,84.60494,6.6049423
train,11,163,77.0,83.59068,6.590683
train,11,164,76.0,79.57153,3.5715332
train,11,165,75.0,74.00945,-0.9905472
train,11,166,74.0,69.33145,-4.6685486
train,11,167,73.0,67.46011,-5.5398865
train,11,168,72.0,60.783302,-11.216698
train,11,169,71.0,58.15693,-12.843071
train,11,170,70.0,66.53427,-3.4657288
train,11,171,69.0,70.33248,1.3324814
train,11,172,68.0,74.12531,6.125313
train,11,173,67.0,76.30312,9.303123
train,11,174,66.0,74.184074,8.184074
train,11,175,65.0,70.280975,5.2809753
train,11,176,64.0,71.02466,7.024658
train,11,177,63.0,66.404,3.4039993
train,11,178,62.0,66.974785,4.974785
train,11,179,61.0,63.971718,2.9717178
train,11,180,60.0,61.155247,1.1552467
train,11,181,59.0,55.633705,-3.3662949
train,11,182,58.0,49.58449,-8.415508
train,11,183,57.0,48.092934,-8.907066
train,11,184,56.0,42.195633,-13.804367
train,11,185,55.0,36.252934,-18.747066
train,11,186,54.0,33.519768,-20.480232
train,11,187,53.0,28.67565,-24.32435
train,11,188,52.0,27.690166,-24.309834
train,11,189,51.0,31.802843,-19.197157
train,11,190,50.0,36.546654,-13.453346
train,11,191,49.0,38.28154,-10.71846
train,11,192,48.0,40.18549,-7.8145103
train,11,193,47.0,39.81383,-7.1861687
train,11,194,46.0,31.805033,-14.194967
train,11,195,45.0,24.575033,-20.424967
train,11,196,44.0,20.29165,-23.70835
train,11,197,43.0,17.20687,-25.79313
train,11,198,42.0,17.28701,-24.71299
train,11,199,41.0,16.739353,-24.260647
train,11,200,40.0,15.314288,-24.68571
train,11,201,39.0,19.868015,-19.131985
train,11,202,38.0,24.880186,-13.119814
train,11,203,37.0,27.090002,-9.909998
train,11,204,36.0,30.606045,-5.393955
train,11,205,35.0,34.16931,-0.8306885
train,11,206,34.0,32.54581,-1.4541893
train,11,207,33.0,30.124353,-2.8756466
train,11,208,32.0,30.182789,-1.8172112
train,11,209,31.0,28.751616,-2.2483845
train,11,210,30.0,26.406141,-3.5938587
train,11,211,29.0,26.342585,-2.6574154
train,11,212,28.0,25.336977,-2.663023
train,11,213,27.0,23.409187,-3.5908127
train,11,214,26.0,23.516315,-2.4836845
train,11,215,25.0,23.572874,-1.4271259
train,11,216,24.0,21.099363,-2.9006367
train,11,217,23.0,20.253008,-2.746992
train,11,218,22.0,21.24021,-0.7597904
train,11,219,21.0,23.742685,2.7426853
train,11,220,20.0,26.06177,6.0617695
train,11,221,19.0,25.134268,6.134268
train,11,222,18.0,22.46816,4.4681606
train,11,223,17.0,19.098213,2.0982132
train,11,224,16.0,19.878845,3.8788452
train,11,225,15.0,24.32815,9.32815
train,11,226,14.0,25.429552,11.429552
train,11,227,13.0,22.922373,9.922373
train,11,228,12.0,22.529783,10.529783
train,11,229,11.0,20.44033,9.4403305
train,11,230,10.0,21.470219,11.470219
train,11,231,9.0,22.300299,13.300299
train,11,232,8.0,21.081007,13.081007
train,11,233,7.0,19.313517,12.313517
train,11,234,6.0,20.772497,14.772497
train,11,235,5.0,21.686327,16.686327
train,11,236,4.0,22.137224,18.137224
train,11,237,3.0,21.666985,18.666985
train,11,238,2.0,17.520596,15.520596
train,11,239,1.0,14.889283,13.889283
train,11,240,0.0,13.601644,13.601644
train,12,30,140.0,150.53455,10.534546
train,12,31,139.0,150.91272,11.91272
train,12,32,138.0,144.94154,6.9415436
train,12,33,137.0,139.35246,2.3524628
train,12,34,136.0,135.58289,-0.41711426
train,12,35,135.0,133.94397,-1.0560303
train,12,36,134.0,129.42104,-4.578964
train,12,37,133.0,127.40695,-5.593048
train,12,38,132.0,127.144646,-4.8553543
train,12,39,131.0,122.77366,-8.226341
train,12,40,130.0,116.12644,-13.873558
train,12,41,129.0,111.969,-17.030998
train,12,42,128.0,108.59838,-19.401619
train,12,43,127.0,106.78225,-20.21775
train,12,44,126.0,110.84757,-15.152428
train,12,45,125.0,104.745705,-20.254295
train,12,46,124.0,101.60772,-22.39228
train,12,47,123.0,100.835594,-22.164406
train,12,48,122.0,100.72752,-21.272476
train,12,49,121.0,104.9871,-16.012901
train,12,50,120.0,116.43547,-3.5645294
train,12,51,119.0,125.24206,6.242058
train,12,52,118.0,137.7411,19.741104
train,12,53,117.0,142.44038,25.440384
train,12,54,116.0,143.45842,27.45842
train,12,55,115.0,140.41368,25.413681
train,12,56,114.0,136.12358,22.12358
train,12,57,113.0,130.14784,17.147842
train,12,58,112.0,130.96552,18.965515
train,12,59,111.0,128.30618,17.306183
train,12,60,110.0,124.62269,14.622688
train,12,61,109.0,118.15003,9.150032
train,12,62,108.0,117.20309,9.203087
train,12,63,107.0,116.64544,9.645439
train,12,64,106.0,115.70287,9.702873
train,12,65,105.0,118.188194,13.188194
train,12,66,104.0,120.26924,16.269241
train,12,67,103.0,118.55787,15.557869
train,12,68,102.0,118.1814,16.181396
train,12,69,101.0,114.31589,13.315887
train,12,70,100.0,114.155876,14.155876
train,12,71,99.0,115.49415,16.494148
train,12,72,98.0,112.09846,14.098457
train,12,73,97.0,109.82242,12.822418
train,12,74,96.0,104.81934,8.819344
train,12,75,95.0,102.17307,7.173073
train,12,76,94.0,102.37307,8.37307
train,12,77,93.0,106.483086,13.483086
train,12,78,92.0,110.244,18.244003
train,12,79,91.0,114.44239,23.44239
train,12,80,90.0,120.05611,30.056107
train,12,81,89.0,115.50004,26.500038
train,12,82,88.0,112.00837,24.00837
train,12,83,87.0,109.12434,22.124336
train,12,84,86.0,104.1484,18.1484
train,12,85,85.0,97.77131,12.771309
train,12,86,84.0,93.066826,9.066826
train,12,87,83.0,92.35375,9.353752
train,12,88,82.0,88.904724,6.904724
train,12,89,81.0,90.96523,9.965233
train,12,90,80.0,89.60105,9.601051
train,12,91,79.0,88.03178,9.031776
train,12,92,78.0,81.37796,3.3779602
train,12,93,77.0,78.75666,1.7566605
train,12,94,76.0,76.90149,0.90148926
train,12,95,75.0,70.59411,-4.4058914
train,12,96,74.0,62.367527,-11.632473
train,12,97,73.0,59.63538,-13.36462
train,12,98,72.0,60.405678,-11.594322
train,12,99,71.0,62.83001,-8.169991
train,12,100,70.0,68.21087,-1.7891312
train,12,101,69.0,75.08248,6.0824814
train,12,102,68.0,80.496376,12.496376
train,12,103,67.0,80.64287,13.642868
train,12,104,66.0,82.56882,16.568817
train,12,105,65.0,81.88252,16.882523
train,12,106,64.0,84.01765,20.017647
train,12,107,63.0,78.49236,15.492363
train,12,108,62.0,75.36528,13.36528
train,12,109,61.0,69.57625,8.576248
train,12,110,60.0,64.22657,4.22657
train,12,111,59.0,56.18847,-2.811531
train,12,112,58.0,53.760822,-4.2391777
train,12,113,57.0,50.997887,-6.0021133
train,12,114,56.0,52.37136,-3.6286392
train,12,115,55.0,53.042732,-1.9572678
train,12,116,54.0,55.092686,1.0926857
train,12,117,53.0,55.54235,2.5423508
train,12,118,52.0,53.150738,1.1507378
train,12,119,51.0,49.198467,-1.8015327
train,12,120,50.0,42.80544,-7.194561
train,12,121,49.0,38.04577,-10.954231
train,12,122,48.0,35.363396,-12.636604
train,12,123,47.0,29.85006,-17.14994
train,12,124,46.0,28.266989,-17.733011
train,12,125,45.0,28.20704,-16.79296
train,12,126,44.0,29.293184,-14.706816
train,12,127,43.0,32.15376,-10.846241
train,12,128,42.0,32.71446,-9.285542
train,12,129,41.0,33.629887,-7.3701134
train,12,130,40.0,34.399094,-5.6009064
train,12,131,39.0,33.938675,-5.061325
train,12,132,38.0,34.212627,-3.7873726
train,12,133,37.0,34.57045,-2.4295502
train,12,134,36.0,33.16192,-2.8380814
train,12,135,35.0,33.966484,-1.0335159
train,12,136,34.0,36.098457,2.0984573
train,12,137,33.0,38.861847,5.861847
train,12,138,32.0,37.157543,5.157543
train,12,139,31.0,37.67955,6.67955
train,12,140,30.0,39.847214,9.847214
train,12,141,29.0,40.152817,11.152817
train,12,142,28.0,38.35849,10.35849
train,12,143,27.0,38.28747,11.287472
train,12,144,26.0,38.889313,12.889313
train,12,145,25.0,37.196503,12.196503
train,12,146,24.0,36.267532,12.267532
train,12,147,23.0,36.40805,13.408051
train,12,148,22.0,38.30757,16.307571
train,12,149,21.0,33.707085,12.707085
train,12,150,20.0,32.86862,12.868622
train,12,151,19.0,31.406706,12.406706
train,12,152,18.0,30.171276,12.171276
train,12,153,17.0,27.73371,10.733709
train,12,154,16.0,24.451921,8.451921
train,12,155,15.0,22.633444,7.633444
train,12,156,14.0,21.367743,7.3677425
train,12,157,13.0,21.120401,8.120401
train,12,158,12.0,20.424637,8.424637
train,12,159,11.0,15.709422,4.709422
train,12,160,10.0,13.826367,3.8263674
train,12,161,9.0,13.820247,4.8202467
train,12,162,8.0,11.05479,3.0547895
train,12,163,7.0,9.430686,2.430686
train,12,164,6.0,7.3166385,1.3166385
train,12,165,5.0,8.283771,3.2837706
train,12,166,4.0,8.297791,4.2977905
train,12,167,3.0,7.07132,4.07132
train,12,168,2.0,5.2128224,3.2128224
train,12,169,1.0,4.6891026,3.6891026
train,12,170,0.0,2.3059335,2.3059335
train,13,30,133.0,171.25774,38.257736
train,13,31,132.0,169.4104,37.4104
train,13,32,131.0,163.98865,32.988647
train,13,33,130.0,156.64113,26.641129
train,13,34,129.0,154.53804,25.53804
train,13,35,128.0,155.99586,27.995865
train,13,36,127.0,153.41864,26.41864
train,13,37,126.0,149.53119,23.531189
train,13,38,125.0,143.27348,18.273483
train,13,39,124.0,140.7903,16.790298
train,13,40,123.0,133.47519,10.475189
train,13,41,122.0,129.03627,7.03627
train,13,42,121.0,122.90966,1.9096603
train,13,43,120.0,119.01681,-0.98319244
train,13,44,119.0,118.71968,-0.2803192
train,13,45,118.0,120.55573,2.5557327
train,13,46,117.0,122.29425,5.2942505
train,13,47,116.0,125.13196,9.131958
train,13,48,115.0,124.08082,9.080818
train,13,49,114.0,115.945564,1.9455643
train,13,50,113.0,109.79281,-3.2071915
train,13,51,112.0,112.01904,0.019042969
train,13,52,111.0,110.972885,-0.027114868
train,13,53,110.0,113.62469,3.6246872
train,13,54,109.0,116.28045,7.280449
train,13,55,108.0,120.18282,12.182823
train,13,56,107.0,126.47099,19.470993
train,13,57,106.0,133.92958,27.92958
train,13,58,105.0,136.08345,31.08345
train,13,59,104.0,135.91176,31.911758
train,13,60,103.0,136.3752,33.3752
train,13,61,102.0,134.38426,32.384262
train,13,62,101.0,133.90211,32.902115
train,13,63,100.0,138.25218,38.252182
train,13,64,99.0,141.88908,42.889084
train,13,65,98.0,144.62306,46.623062
train,13,66,97.0,144.02644,47.026443
train,13,67,96.0,142.81068,46.810684
train,13,68,95.0,143.37791,48.377914
train,13,69,94.0,140.66219,46.662186
train,13,70,93.0,141.34271,48.342712
train,13,71,92.0,140.43852,48.438522
train,13,72,91.0,136.83192,45.831924
train,13,73,90.0,135.17012,45.17012
train,13,74,89.0,132.50221,43.502213
train,13,75,88.0,124.57046,36.570457
train,13,76,87.0,113.59429,26.594292
train,13,77,86.0,108.52683,22.526833
train,13,78,85.0,98.08629,13.086288
train,13,79,84.0,90.17199,6.1719894
train,13,80,83.0,84.95148,1.951477
train,13,81,82.0,85.67954,3.6795425
train,13,82,81.0,88.09319,7.093193
train,13,83,80.0,90.80718,10.807182
train,13,84,79.0,89.80309,10.803093
train,13,85,78.0,92.38183,14.381828
train,13,86,77.0,97.81495,20.814949
train,13,87,76.0,90.16111,14.16111
train,13,88,75.0,88.44923,13.449226
train,13,89,74.0,89.91976,15.919762
train,13,90,73.0,91.73793,18.73793
train,13,91,72.0,92.88291,20.882912
train,13,92,71.0,97.37348,26.373482
train,13,93,70.0,96.00824,26.00824
train,13,94,69.0,92.394844,23.394844
train,13,95,68.0,90.73098,22.73098
train,13,96,67.0,94.63459,27.63459
train,13,97,66.0,94.95588,28.95588
train,13,98,65.0,91.953125,26.953125
train,13,99,64.0,92.793724,28.793724
train,13,100,63.0,95.08309,32.08309
train,13,101,62.0,94.65441,32.65441
train,13,102,61.0,93.309364,32.309364
train,13,103,60.0,87.90113,27.90113
train,13,104,59.0,80.65681,21.656807
train,13,105,58.0,74.08617,16.086166
train,13,106,57.0,71.260864,14.260864
train,13,107,56.0,66.40656,10.406563
train,13,108,55.0,62.459435,7.4594345
train,13,109,54.0,56.26483,2.2648315
train,13,110,53.0,50.627937,-2.3720627
train,13,111,52.0,47.779766,-4.220234
train,13,112,51.0,48.652107,-2.3478928
train,13,113,50.0,48.41119,-1.58881
train,13,114,49.0,45.30671,-3.6932907
train,13,115,48.0,49.487125,1.4871254
train,13,116,47.0,48.186577,1.1865768
train,13,117,46.0,48.36557,2.36557
train,13,118,45.0,48.698772,3.6987724
train,13,119,44.0,46.88684,2.8868408
train,13,120,43.0,45.94751,2.9475098
train,13,121,42.0,47.28958,5.2895813
train,13,122,41.0,50.615967,9.615967
train,13,123,40.0,50.174873,10.174873
train,13,124,39.0,48.257347,9.257347
train,13,125,38.0,51.55917,13.55917
train,13,126,37.0,54.11984,17.119839
train,13,127,36.0,52.39854,16.39854
train,13,128,35.0,51.019936,16.019936
train,13,129,34.0,50.43546,16.43546
train,13,130,33.0,53.36254,20.362541
train,13,131,32.0,54.66714,22.667141
train,13,132,31.0,49.891853,18.891853
train,13,133,30.0,48.36786,18.367859
train,13,134,29.0,42.913616,13.913616
train,13,135,28.0,41.9971,13.997101
train,13,136,27.0,40.19293,13.192928
train,13,137,26.0,36.678406,10.678406
train,13,138,25.0,34.35714,9.35714
train,13,139,24.0,32.164925,8.164925
train,13,140,23.0,30.283236,7.2832355
train,13,141,22.0,30.827093,8.827093
train,13,142,21.0,30.022573,9.022573
train,13,143,20.0,24.40026,4.400261
train,13,144,19.0,19.610872,0.61087227
train,13,145,18.0,18.305964,0.30596352
train,13,146,17.0,18.624018,1.6240177
train,13,147,16.0,16.082846,0.08284569
train,13,148,15.0,14.4061,-0.5938997
train,13,149,14.0,13.697442,-0.30255795
train,13,150,13.0,12.168987,-0.8310127
train,13,151,12.0,10.269521,-1.7304792
train,13,152,11.0,9.419408,-1.5805922
train,13,153,10.0,9.665467,-0.33453274
train,13,154,9.0,11.247713,2.247713
train,13,155,8.0,6.160185,-1.8398151
train,13,156,7.0,4.7108183,-2.2891817
train,13,157,6.0,6.4257836,0.42578363
train,13,158,5.0,6.3438535,1.3438535
train,13,159,4.0,4.238069,0.23806906
train,13,160,3.0,3.4032433,0.4032433
train,13,161,2.0,3.3251193,1.3251193
train,13,162,1.0,1.6830689,0.6830689
train,13,163,0.0,1.003637,1.003637
train,14,30,150.0,137.17221,-12.827789
train,14,31,149.0,140.49014,-8.509857
train,14,32,148.0,139.93782,-8.06218
train,14,33,147.0,137.30202,-9.697983
train,14,34,146.0,137.6472,-8.352798
train,14,35,145.0,136.479,-8.520996
train,14,36,144.0,138.09663,-5.903366
train,14,37,143.0,139.42116,-3.5788422
train,14,38,142.0,138.53387,-3.4661255
train,14,39,141.0,137.17876,-3.8212433
train,14,40,140.0,130.08858,-9.911423
train,14,41,139.0,119.736885,-19.263115
train,14,42,138.0,113.24761,-24.752388
train,14,43,137.0,107.40931,-29.59069
train,14,44,136.0,106.53474,-29.465263
train,14,45,135.0,104.0714,-30.928596
train,14,46,134.0,104.247986,-29.752014
train,14,47,133.0,106.3733,-26.626701
train,14,48,132.0,108.305534,-23.694466
train,14,49,131.0,103.83282,-27.167183
train,14,50,130.0,104.33176,-25.668243
train,14,51,129.0,101.873085,-27.126915
train,14,52,128.0,97.43389,-30.566109
train,14,53,127.0,94.73805,-32.261948
train,14,54,126.0,95.18261,-30.81739
train,14,55,125.0,100.8937,-24.1063
train,14,56,124.0,106.420815,-17.579185
train,14,57,123.0,110.75439,-12.245613
train,14,58,122.0,117.08554,-4.914459
train,14,59,121.0,118.00532,-2.9946823
train,14,60,120.0,116.43187,-3.5681305
train,14,61,119.0,119.95637,0.9563675
train,14,62,118.0,124.42813,6.428131
train,14,63,117.0,119.5969,2.596901
train,14,64,116.0,120.24748,4.2474823
train,14,65,115.0,119.2183,4.2183
train,14,66,114.0,121.85275,7.8527527
train,14,67,113.0,122.57723,9.577232
train,14,68,112.0,127.92052,15.920517
train,14,69,111.0,133.06967,22.069672
train,14,70,110.0,135.47713,25.477127
train,14,71,109.0,137.06256,28.062561
train,14,72,108.0,134.39374,26.393738
train,14,73,107.0,131.21202,24.21202
train,14,74,106.0,128.91875,22.918747
train,14,75,105.0,124.66624,19.666237
train,14,76,104.0,117.390785,13.390785
train,14,77,103.0,106.87783,3.8778305
train,14,78,102.0,101.9075,-0.09249878
train,14,79,101.0,97.69509,-3.3049088
train,14,80,100.0,94.02179,-5.9782104
train,14,81,99.0,98.11869,-0.8813095
train,14,82,98.0,108.53102,10.531021
train,14,83,97.0,109.55442,12.55442
train,14,84,96.0,113.30074,17.300743
train,14,85,95.0,114.08572,19.085716
train,14,86,94.0,110.95664,16.956642
train,14,87,93.0,103.81243,10.812431
train,14,88,92.0,99.921165,7.9211655
train,14,89,91.0,93.752846,2.7528458
train,14,90,90.0,89.78627,-0.21372986
train,14,91,89.0,86.12838,-2.8716202
train,14,92,88.0,81.52433,-6.47567
train,14,93,87.0,79.88502,-7.1149826
train,14,94,86.0,78.68504,-7.3149567
train,14,95,85.0,76.77029,-8.229713
train,14,96,84.0,80.53246,-3.467537
train,14,97,83.0,85.22512,2.2251205
train,14,98,82.0,86.8453,4.845299
train,14,99,81.0,82.77423,1.774231
train,14,100,80.0,81.84923,1.8492279
train,14,101,79.0,81.443794,2.4437943
train,14,102,78.0,81.183,3.1829987
train,14,103,77.0,82.32831,5.328308
train,14,104,76.0,81.923775,5.9237747
train,14,105,75.0,77.88253,2.8825302
train,14,106,74.0,75.44628,1.4462814
train,14,107,73.0,75.94541,2.9454117
train,14,108,72.0,75.95579,3.9557877
train,14,109,71.0,72.612206,1.6122055
train,14,110,70.0,73.914955,3.9149551
train,14,111,69.0,72.24664,3.246643
train,14,112,68.0,70.026665,2.0266647
train,14,113,67.0,67.73258,0.7325821
train,14,114,66.0,67.293205,1.2932053
train,14,115,65.0,66.31504,1.3150406
train,14,116,64.0,64.00574,0.0057373047
train,14,117,63.0,63.635605,0.63560486
train,14,118,62.0,64.02288,2.0228806
train,14,119,61.0,62.33838,1.3383789
train,14,120,60.0,59.0746,-0.9253998
train,14,121,59.0,55.175545,-3.8244553
train,14,122,58.0,51.51213,-6.4878693
train,14,123,57.0,45.861317,-11.138683
train,14,124,56.0,43.94684,-12.053162
train,14,125,55.0,43.508522,-11.491478
train,14,126,54.0,39.689404,-14.310596
train,14,127,53.0,40.040726,-12.959274
train,14,128,52.0,39.191254,-12.808746
train,14,129,51.0,37.944122,-13.055878
train,14,130,50.0,39.2431,-10.756901
train,14,131,49.0,41.722862,-7.2771378
train,14,132,48.0,43.312588,-4.6874123
train,14,133,47.0,43.191753,-3.8082466
train,14,134,46.0,38.40368,-7.596321
train,14,135,45.0,36.970818,-8.029182
train,14,136,44.0,34.70542,-9.294579
train,14,137,43.0,36.505005,-6.494995
train,14,138,42.0,35.970207,-6.029793
train,14,139,41.0,34.072357,-6.927643
train,14,140,40.0,33.012413,-6.987587
train,14,141,39.0,36.11013,-2.8898697
train,14,142,38.0,39.309494,1.309494
train,14,143,37.0,39.558525,2.558525
train,14,144,36.0,38.865227,2.8652267
train,14,145,35.0,38.47282,3.4728203
train,14,146,34.0,38.26762,4.26762
train,14,147,33.0,39.125088,6.1250877
train,14,148,32.0,40.018745,8.018745
train,14,149,31.0,41.070393,10.070393
train,14,150,30.0,39.010323,9.010323
train,14,151,29.0,39.195957,10.195957
train,14,152,28.0,37.093033,9.093033
train,14,153,27.0,34.811398,7.8113976
train,14,154,26.0,34.399277,8.399277
train,14,155,25.0,31.11706,6.1170597
train,14,156,24.0,27.094007,3.0940075
train,14,157,23.0,27.294886,4.2948856
train,14,158,22.0,29.049318,7.0493183
train,14,159,21.0,32.62827,11.628269
train,14,160,20.0,32.873497,12.873497
train,14,161,19.0,29.607342,10.607342
train,14,162,18.0,26.41756,8.417561
train,14,163,17.0,25.218775,8.218775
train,14,164,16.0,22.260391,6.260391
train,14,165,15.0,21.469818,6.469818
train,14,166,14.0,20.200163,6.200163
train,14,167,13.0,19.207338,6.2073383
train,14,168,12.0,17.141073,5.141073
train,14,169,11.0,13.34581,2.34581
train,14,170,10.0,11.388912,1.3889122
train,14,171,9.0,8.384183,-0.61581707
train,14,172,8.0,7.429802,-0.57019806
train,14,173,7.0,10.455707,3.4557066
train,14,174,6.0,13.801492,7.8014917
train,14,175,5.0,12.739823,7.7398233
train,14,176,4.0,8.639325,4.639325
train,14,177,3.0,7.509711,4.509711
train,14,178,2.0,6.8065343,4.8065343
train,14,179,1.0,4.5935025,3.5935025
train,14,180,0.0,5.136432,5.136432
train,15,30,177.0,157.75194,-19.248062
train,15,31,176.0,153.65724,-22.342758
train,15,32,175.0,156.4274,-18.572601
train,15,33,174.0,149.77925,-24.220749
train,15,34,173.0,142.59302,-30.406982
train,15,35,172.0,130.59813,-41.40187
train,15,36,171.0,131.4777,-39.522293
train,15,37,170.0,127.10395,-42.89605
train,15,38,169.0,132.04863,-36.95137
train,15,39,168.0,138.0974,-29.902603
train,15,40,167.0,141.26135,-25.738647
train,15,41,166.0,143.11153,-22.888474
train,15,42,165.0,140.90266,-24.097336
train,15,43,164.0,137.60597,-26.394028
train,15,44,163.0,143.98961,-19.010391
train,15,45,162.0,149.91605,-12.083954
train,15,46,161.0,160.41397,-0.58602905
train,15,47,160.0,157.92757,-2.0724335
train,15,48,159.0,158.48622,-0.5137787
train,15,49,158.0,151.19884,-6.8011627
train,15,50,157.0,143.0267,-13.973297
train,15,51,156.0,136.33635,-19.66365
train,15,52,155.0,130.10042,-24.899582
train,15,53,154.0,131.6273,-22.372696
train,15,54,153.0,133.53526,-19.464737
train,15,55,152.0,136.55156,-15.448441
train,15,56,151.0,144.16563,-6.834366
train,15,57,150.0,152.55391,2.5539093
train,15,58,149.0,160.74263,11.74263
train,15,59,148.0,158.42332,10.423325
train,15,60,147.0,149.27916,2.2791595
train,15,61,146.0,144.00589,-1.9941101
train,15,62,145.0,137.83612,-7.1638794
train,15,63,144.0,128.57683,-15.423172
train,15,64,143.0,120.178406,-22.821594
train,15,65,142.0,116.684685,-25.315315
train,15,66,141.0,111.50932,-29.490677
train,15,67,140.0,112.90872,-27.091278
train,15,68,139.0,112.72532,-26.274681
train,15,69,138.0,117.28372,-20.716278
train,15,70,137.0,125.167114,-11.832886
train,15,71,136.0,133.97346,-2.026535
train,15,72,135.0,145.20854,10.208542
train,15,73,134.0,158.78368,24.783676
train,15,74,133.0,165.53537,32.53537
train,15,75,132.0,170.16298,38.16298
train,15,76,131.0,162.20374,31.203735
train,15,77,130.0,152.97168,22.97168
train,15,78,129.0,155.5967,26.596695
train,15,79,128.0,145.93274,17.93274
train,15,80,127.0,140.58565,13.585648
train,15,81,126.0,135.42448,9.424484
train,15,82,125.0,138.20264,13.202637
train,15,83,124.0,139.67122,15.671219
train,15,84,123.0,145.1341,22.134094
train,15,85,122.0,153.09755,31.09755
train,15,86,121.0,151.29482,30.294815
train,15,87,120.0,151.05328,31.053284
train,15,88,119.0,153.30005,34.30005
train,15,89,118.0,154.0822,36.0822
train,15,90,117.0,146.43692,29.43692
train,15,91,116.0,136.82196,20.82196
train,15,92,115.0,123.23434,8.234337
train,15,93,114.0,110.2073,-3.7927017
train,15,94,113.0,101.030205,-11.969795
train,15,95,112.0,94.36077,-17.639229
train,15,96,111.0,93.4562,-17.5438
train,15,97,110.0,92.8615,-17.138496
train,15,98,109.0,95.31443,-13.68557
train,15,99,108.0,96.53838,-11.4616165
train,15,100,107.0,103.15089,-3.8491135
train,15,101,106.0,112.72757,6.7275696
train,15,102,105.0,112.39737,7.3973694
train,15,103,104.0,106.03395,2.0339508
train,15,104,103.0,107.00014,4.0001373
train,15,105,102.0,107.48191,5.4819107
train,15,106,101.0,101.30279,0.30278778
train,15,107,100.0,101.39407,1.3940735
train,15,108,99.0,101.363434,2.3634338
train,15,109,98.0,97.93763,-0.0623703
train,15,110,97.0,102.75904,5.759041
train,15,111,96.0,102.512215,6.5122147
train,15,112,95.0,98.78855,3.7885513
train,15,113,94.0,102.30058,8.300583
train,15,114,93.0,106.577705,13.577705
train,15,115,92.0,110.260704,18.260704
train,15,116,91.0,110.09578,19.09578
train,15,117,90.0,108.22102,18.221024
train,15,118,89.0,105.221954,16.221954
train,15,119,88.0,103.103645,15.103645
train,15,120,87.0,103.29011,16.290108
train,15,121,86.0,99.872375,13.8723755
train,15,122,85.0,106.36373,21.363731
train,15,123,84.0,106.7942,22.794197
train,15,124,83.0,111.497734,28.497734
train,15,125,82.0,107.78496,25.784958
train,15,126,81.0,105.300095,24.300095
train,15,127,80.0,103.975395,23.975395
train,15,128,79.0,103.81392,24.81392
train,15,129,78.0,103.96648,25.966476
train,15,130,77.0,102.10953,25.109528
train,15,131,76.0,95.88752,19.88752
train,15,132,75.0,88.71914,13.719139
train,15,133,74.0,90.65942,16.659416
train,15,134,73.0,90.325356,17.325356
train,15,135,72.0,92.896385,20.896385
train,15,136,71.0,91.308136,20.308136
train,15,137,70.0,88.90859,18.908592
train,15,138,69.0,84.20197,15.201973
train,15,139,68.0,82.23171,14.231712
train,15,140,67.0,78.22527,11.225273
train,15,141,66.0,73.16045,7.160454
train,15,142,65.0,67.72079,2.720787
train,15,143,64.0,57.62194,-6.3780594
train,15,144,63.0,54.986183,-8.013817
train,15,145,62.0,54.924385,-7.075615
train,15,146,61.0,56.011333,-4.9886665
train,15,147,60.0,56.37651,-3.6234894
train,15,148,59.0,60.329964,1.3299637
train,15,149,58.0,65.1224,7.1223984
train,15,150,57.0,61.62349,4.6234894
train,15,151,56.0,63.852562,7.852562
train,15,152,55.0,68.95886,13.958862
train,15,153,54.0,67.52828,13.528282
train,15,154,53.0,69.37989,16.37989
train,15,155,52.0,68.5055,16.5055
train,15,156,51.0,65.51331,14.513313
train,15,157,50.0,62.249317,12.249317
train,15,158,49.0,57.548054,8.548054
train,15,159,48.0,51.20551,3.2055092
train,15,160,47.0,52.475048,5.475048
train,15,161,46.0,56.12973,10.12973
train,15,162,45.0,56.060104,11.060104
train,15,163,44.0,55.697685,11.697685
train,15,164,43.0,57.561768,14.561768
train,15,165,42.0,53.763493,11.763493
train,15,166,41.0,50.180527,9.180527
train,15,167,40.0,47.51004,7.5100403
train,15,168,39.0,43.20333,4.203331
train,15,169,38.0,40.085667,2.0856667
train,15,170,37.0,36.278194,-0.7218056
train,15,171,36.0,41.376507,5.376507
train,15,172,35.0,39.412544,4.4125443
train,15,173,34.0,35.845398,1.845398
train,15,174,33.0,34.451393,1.4513931
train,15,175,32.0,33.79317,1.7931709
train,15,176,31.0,34.235985,3.2359848
train,15,177,30.0,35.84054,5.840542
train,15,178,29.0,38.48938,9.48938
train,15,179,28.0,37.835888,9.835888
train,15,180,27.0,34.10196,7.101959
train,15,181,26.0,35.28071,9.280708
train,15,182,25.0,38.13361,13.13361
train,15,183,24.0,39.76844,15.76844
train,15,184,23.0,37.59323,14.593231
train,15,185,22.0,35.426025,13.426025
train,15,186,21.0,34.86384,13.863838
train,15,187,20.0,36.11481,16.11481
train,15,188,19.0,38.999733,19.999733
train,15,189,18.0,35.460503,17.460503
train,15,190,17.0,34.28952,17.28952
train,15,191,16.0,32.27897,16.278969
train,15,192,15.0,27.96789,12.96789
train,15,193,14.0,24.20712,10.207121
train,15,194,13.0,20.93104,7.93104
train,15,195,12.0,17.301344,5.301344
train,15,196,11.0,15.329021,4.3290215
train,15,197,10.0,12.056375,2.0563745
train,15,198,9.0,12.482255,3.482255
train,15,199,8.0,10.593274,2.593274
train,15,200,7.0,11.701339,4.701339
train,15,201,6.0,10.242006,4.2420063
train,15,202,5.0,8.440463,3.440463
train,15,203,4.0,6.766983,2.766983
train,15,204,3.0,6.5406866,3.5406866
train,15,205,2.0,5.781565,3.7815652
train,15,206,1.0,3.2271054,2.2271054
train,15,207,0.0,0.94415975,0.94415975
train,16,30,179.0,114.061615,-64.938385
train,16,31,178.0,110.480606,-67.519394
train,16,32,177.0,108.05866,-68.94134
train,16,33,176.0,111.32467,-64.67533
train,16,34,175.0,118.80149,-56.19851
train,16,35,174.0,122.37876,-51.62124
train,16,36,173.0,128.65657,-44.34343
train,16,37,172.0,134.48717,-37.512833
train,16,38,171.0,140.84308,-30.156921
train,16,39,170.0,143.59239,-26.407608
train,16,40,169.0,140.26692,-28.733078
train,16,41,168.0,137.43945,-30.560547
train,16,42,167.0,133.15575,-33.844254
train,16,43,166.0,124.07589,-41.92411
train,16,44,165.0,120.70886,-44.291138
train,16,45,164.0,119.67584,-44.324158
train,16,46,163.0,119.31688,-43.68312
train,16,47,162.0,117.34134,-44.65866
train,16,48,161.0,114.48846,-46.511543
train,16,49,160.0,111.5839,-48.4161
train,16,50,159.0,105.14165,-53.858353
train,16,51,158.0,102.98623,-55.01377
train,16,52,157.0,105.880295,-51.119705
train,16,53,156.0,106.45343,-49.54657
train,16,54,155.0,106.59706,-48.40294
train,16,55,154.0,103.93088,-50.069122
train,16,56,153.0,104.19669,-48.803307
train,16,57,152.0,100.77137,-51.22863
train,16,58,151.0,101.91076,-49.08924
train,16,59,150.0,102.11154,-47.88846
train,16,60,149.0,106.66868,-42.33132
train,16,61,148.0,109.52202,-38.47798
train,16,62,147.0,116.26667,-30.73333
train,16,63,146.0,115.09001,-30.909988
train,16,64,145.0,116.37594,-28.624062
train,16,65,144.0,120.09182,-23.90818
train,16,66,143.0,121.48927,-21.510727
train,16,67,142.0,121.64934,-20.350662
train,16,68,141.0,124.583305,-16.416695
train,16,69,140.0,125.574486,-14.425514
train,16,70,139.0,125.8645,-13.135498
train,16,71,138.0,120.438614,-17.561386
train,16,72,137.0,120.613594,-16.386406
train,16,73,136.0,116.96819,-19.031807
train,16,74,135.0,116.385155,-18.614845
train,16,75,134.0,113.741325,-20.258675
train,16,76,133.0,115.361855,-17.638145
train,16,77,132.0,113.45573,-18.544273
train,16,78,131.0,111.24725,-19.752747
train,16,79,130.0,111.05161,-18.948387
train,16,80,129.0,113.31765,-15.68235
train,16,81,128.0,112.631584,-15.368416
train,16,82,127.0,108.67112,-18.32888
train,16,83,126.0,103.91222,-22.087784
train,16,84,125.0,99.76424,-25.235764
train,16,85,124.0,99.52735,-24.472649
train,16,86,123.0,106.27981,-16.720192
train,16,87,122.0,109.97538,-12.02462
train,16,88,121.0,115.11257,-5.8874283
train,16,89,120.0,114.6996,-5.3004
train,16,90,119.0,112.76482,-6.2351837
train,16,91,118.0,106.30282,-11.697182
train,16,92,117.0,100.53567,-16.464333
train,16,93,116.0,98.07215,-17.927849
train,16,94,115.0,96.318794,-18.681206
train,16,95,114.0,94.423515,-19.576485
train,16,96,113.0,95.13582,-17.864182
train,16,97,112.0,90.84637,-21.153633
train,16,98,111.0,86.96311,-24.036888
train,16,99,110.0,82.39047,-27.609528
train,16,100,109.0,80.570595,-28.429405
train,16,101,108.0,75.698326,-32.301674
train,16,102,107.0,73.89132,-33.10868
train,16,103,106.0,73.3672,-32.632797
train,16,104,105.0,76.8433,-28.1567
train,16,105,104.0,76.46256,-27.537437
train,16,106,103.0,79.01036,-23.98964
train,16,107,102.0,77.05981,-24.940193
train,16,108,101.0,79.25224,-21.747757
train,16,109,100.0,82.712166,-17.287834
train,16,110,99.0,84.92682,-14.073181
train,16,111,98.0,86.98803,-11.0119705
train,16,112,97.0,87.26475,-9.735252
train,16,113,96.0,91.24538,-4.7546234
train,16,114,95.0,92.80189,-2.1981125
train,16,115,94.0,94.007164,0.0071640015
train,16,116,93.0,95.877556,2.8775558
train,16,117,92.0,91.81338,-0.18662262
train,16,118,91.0,89.31963,-1.6803665
train,16,119,90.0,90.56214,0.5621414
train,16,120,89.0,90.35604,1.356041
train,16,121,88.0,90.15059,2.150589
train,16,122,87.0,88.66538,1.6653824
train,16,123,86.0,86.4974,0.49739838
train,16,124,85.0,80.39916,-4.6008377
train,16,125,84.0,76.316444,-7.6835556
train,16,126,83.0,76.32278,-6.677223
train,16,127,82.0,77.69326,-4.30674
train,16,128,81.0,75.616615,-5.3833847
train,16,129,80.0,74.397575,-5.6024246
train,16,130,79.0,75.00474,-3.9952621
train,16,131,78.0,77.33012,-0.6698837
train,16,132,77.0,76.64076,-0.35923767
train,16,133,76.0,74.43705,-1.5629501
train,16,134,75.0,75.59376,0.5937576
train,16,135,74.0,73.92661,-0.073387146
train,16,136,73.0,74.6175,1.6175003
train,16,137,72.0,72.10766,0.107658386
train,16,138,71.0,71.96194,0.96193695
train,16,139,70.0,67.54238,-2.4576187
train,16,140,69.0,67.80135,-1.1986465
train,16,141,68.0,66.31562,-1.6843796
train,16,142,67.0,66.43413,-0.5658722
train,16,143,66.0,68.3597,2.359703
train,16,144,65.0,70.62122,5.6212234
train,16,145,64.0,72.25114,8.251137
train,16,146,63.0,72.34676,9.346764
train,16,147,62.0,69.072975,7.072975
train,16,148,61.0,66.068954,5.0689545
train,16,149,60.0,59.65174,-0.34825897
train,16,150,59.0,57.515957,-1.4840431
train,16,151,58.0,56.44988,-1.5501213
train,16,152,57.0,58.973724,1.9737244
train,16,153,56.0,60.274227,4.274227
train,16,154,55.0,58.694168,3.694168
train,16,155,54.0,59.335575,5.335575
train,16,156,53.0,63.428947,10.428947
train,16,157,52.0,62.97973,10.979729
train,16,158,51.0,60.773712,9.773712
train,16,159,50.0,58.40021,8.400211
train,16,160,49.0,55.33651,6.3365097
train,16,161,48.0,53.200584,5.2005844
train,16,162,47.0,49.961296,2.961296
train,16,163,46.0,47.62538,1.6253815
train,16,164,45.0,45.327927,0.32792664
train,16,165,44.0,43.32096,-0.679039
train,16,166,43.0,43.24201,0.24200821
train,16,167,42.0,39.73845,-2.261551
train,16,168,41.0,38.38295,-2.6170502
train,16,169,40.0,35.728916,-4.271084
train,16,170,39.0,33.106735,-5.893265
train,16,171,38.0,34.092033,-3.9079666
train,16,172,37.0,34.946987,-2.0530128
train,16,173,36.0,34.2173,-1.7826996
train,16,174,35.0,32.48166,-2.518341
train,16,175,34.0,31.579086,-2.4209137
train,16,176,33.0,31.876,-1.1240005
train,16,177,32.0,30.077284,-1.9227161
train,16,178,31.0,28.851877,-2.1481228
train,16,179,30.0,26.338018,-3.6619816
train,16,180,29.0,25.412786,-3.5872135
train,16,181,28.0,25.191431,-2.808569
train,16,182,27.0,26.193073,-0.8069267
train,16,183,26.0,25.5679,-0.4321003
train,16,184,25.0,23.430964,-1.5690365
train,16,185,24.0,22.884214,-1.1157856
train,16,186,23.0,20.199163,-2.8008366
train,16,187,22.0,19.9352,-2.0648003
train,16,188,21.0,19.727228,-1.2727718
train,16,189,20.0,18.552029,-1.4479713
train,16,190,19.0,17.710367,-1.2896328
train,16,191,18.0,15.681919,-2.318081
train,16,192,17.0,13.034141,-3.9658594
train,16,193,16.0,12.006574,-3.9934263
train,16,194,15.0,10.428542,-4.571458
train,16,195,14.0,7.7265253,-6.2734747
train,16,196,13.0,6.6779523,-6.3220477
train,16,197,12.0,9.809932,-2.1900682
train,16,198,11.0,9.772389,-1.2276106
train,16,199,10.0,7.1237464,-2.8762536
train,16,200,9.0,7.321261,-1.6787391
train,16,201,8.0,7.9509206,-0.04907942
train,16,202,7.0,9.484529,2.4845285
train,16,203,6.0,13.681041,7.681041
train,16,204,5.0,14.732278,9.732278
train,16,205,4.0,17.09563,13.095631
train,16,206,3.0,18.436987,15.436987
train,16,207,2.0,18.627752,16.627752
train,16,208,1.0,16.103924,15.103924
train,16,209,0.0,14.343086,14.343086
train,17,30,246.0,139.58955,-106.410446
train,17,31,245.0,135.92989,-109.070114
train,17,32,244.0,125.735435,-118.264565
train,17,33,243.0,124.76844,-118.23156
train,17,34,242.0,122.54388,-119.45612
train,17,35,241.0,121.69721,-119.30279
train,17,36,240.0,119.22683,-120.77317
train,17,37,239.0,120.73625,-118.26375
train,17,38,238.0,123.74404,-114.25596
train,17,39,237.0,127.831795,-109.168205
train,17,40,236.0,140.33823,-95.66177
train,17,41,235.0,143.29448,-91.70552
train,17,42,234.0,142.08348,-91.91652
train,17,43,233.0,152.02483,-80.975174
train,17,44,232.0,161.1783,-70.8217
train,17,45,231.0,172.3457,-58.654297
train,17,46,230.0,178.67926,-51.32074
train,17,47,229.0,179.62473,-49.375275
train,17,48,228.0,182.55821,-45.441788
train,17,49,227.0,182.11116,-44.88884
train,17,50,226.0,183.58766,-42.41234
train,17,51,225.0,190.6464,-34.353607
train,17,52,224.0,196.65785,-27.342148
train,17,53,223.0,194.4373,-28.562698
train,17,54,222.0,193.2022,-28.797806
train,17,55,221.0,187.88847,-33.111526
train,17,56,220.0,185.2176,-34.782394
train,17,57,219.0,182.68256,-36.317444
train,17,58,218.0,176.33495,-41.665054
train,17,59,217.0,169.10121,-47.89879
train,17,60,216.0,160.70462,-55.29538
train,17,61,215.0,152.10713,-62.892868
train,17,62,214.0,143.1642,-70.8358
train,17,63,213.0,140.24222,-72.75778
train,17,64,212.0,139.67363,-72.32637
train,17,65,211.0,133.15816,-77.84184
train,17,66,210.0,134.5775,-75.4225
train,17,67,209.0,130.05502,-78.94498
train,17,68,208.0,129.36809,-78.63191
train,17,69,207.0,120.45378,-86.54622
train,17,70,206.0,116.38535,-89.61465
train,17,71,205.0,112.050354,-92.949646
train,17,72,204.0,115.13116,-88.86884
train,17,73,203.0,120.08597,-82.91403
train,17,74,202.0,120.20614,-81.79386
train,17,75,201.0,124.46558,-76.53442
train,17,76,200.0,130.49579,-69.50421
train,17,77,199.0,142.96974,-56.03026
train,17,78,198.0,150.90134,-47.098663
train,17,79,197.0,154.98857,-42.01143
train,17,80,196.0,164.08865,-31.911346
train,17,81,195.0,165.62842,-29.371582
train,17,82,194.0,166.53328,-27.46672
train,17,83,193.0,166.34514,-26.654861
train,17,84,192.0,161.29375,-30.706253
train,17,85,191.0,159.39546,-31.604538
train,17,86,190.0,155.77959,-34.220413
train,17,87,189.0,159.19923,-29.800766
train,17,88,188.0,161.01202,-26.987976
train,17,89,187.0,159.31946,-27.680542
train,17,90,186.0,161.53738,-24.462616
train,17,91,185.0,164.0172,-20.982803
train,17,92,184.0,161.42809,-22.571915
train,17,93,183.0,157.89857,-25.101425
train,17,94,182.0,151.88448,-30.115524
train,17,95,181.0,145.47943,-35.52057
train,17,96,180.0,138.36983,-41.630173
train,17,97,179.0,136.07774,-42.922256
train,17,98,178.0,130.00456,-47.995438
train,17,99,177.0,131.84256,-45.15744
train,17,100,176.0,135.94748,-40.05252
train,17,101,175.0,134.44359,-40.55641
train,17,102,174.0,140.32216,-33.67784
train,17,103,173.0,142.61885,-30.38115
train,17,104,172.0,148.48123,-23.518768
train,17,105,171.0,158.95415,-12.045853
train,17,106,170.0,159.53261,-10.467392
train,17,107,169.0,151.67033,-17.329666
train,17,108,168.0,148.40178,-19.59822
train,17,109,167.0,144.47731,-22.52269
train,17,110,166.0,140.46042,-25.539581
train,17,111,165.0,140.04625,-24.95375
train,17,112,164.0,135.93237,-28.067627
train,17,113,163.0,136.39232,-26.607681
train,17,114,162.0,137.93639,-24.063614
train,17,115,161.0,139.05612,-21.943878
train,17,116,160.0,139.85323,-20.146774
train,17,117,159.0,143.57826,-15.421738
train,17,118,158.0,140.8293,-17.1707
train,17,119,157.0,142.22313,-14.776871
train,17,120,156.0,143.38058,-12.619415
train,17,121,155.0,138.16292,-16.837082
train,17,122,154.0,126.20023,-27.799767
train,17,123,153.0,112.32139,-40.67861
train,17,124,152.0,104.03006,-47.96994
train,17,125,151.0,102.673515,-48.326485
train,17,126,150.0,99.0099,-50.990097
train,17,127,149.0,100.02649,-48.97351
train,17,128,148.0,101.535446,-46.464554
train,17,129,147.0,102.00875,-44.99125
train,17,130,146.0,107.948906,-38.051094
train,17,131,145.0,111.337776,-33.662224
train,17,132,144.0,118.47428,-25.525719
train,17,133,143.0,113.580025,-29.419975
train,17,134,142.0,118.289154,-23.710846
train,17,135,141.0,124.07726,-16.922737
train,17,136,140.0,128.67326,-11.326736
train,17,137,139.0,130.52168,-8.478317
train,17,138,138.0,133.02332,-4.9766846
train,17,139,137.0,135.78812,-1.2118835
train,17,140,136.0,133.03157,-2.9684296
train,17,141,135.0,126.02406,-8.975937
train,17,142,134.0,120.69797,-13.302032
train,17,143,133.0,116.66703,-16.33297
train,17,144,132.0,118.340294,-13.659706
train,17,145,131.0,121.1809,-9.819099
train,17,146,130.0,130.40645,0.40644836
train,17,147,129.0,135.57903,6.5790253
train,17,148,128.0,129.84575,1.8457489
train,17,149,127.0,124.499275,-2.5007248
train,17,150,126.0,118.84136,-7.158638
train,17,151,125.0,118.07835,-6.9216537
train,17,152,124.0,113.38516,-10.614838
train,17,153,123.0,112.15332,-10.84668
train,17,154,122.0,113.636795,-8.363205
train,17,155,121.0,115.40773,-5.59227
train,17,156,120.0,115.847664,-4.152336
train,17,157,119.0,110.12778,-8.872223
train,17,158,118.0,108.344696,-9.655304
train,17,159,117.0,102.74555,-14.254448
train,17,160,116.0,99.18546,-16.814537
train,17,161,115.0,98.6073,-16.3927
train,17,162,114.0,102.19276,-11.807243
train,17,163,113.0,104.568535,-8.431465
train,17,164,112.0,112.189995,0.18999481
train,17,165,111.0,122.595146,11.595146
train,17,166,110.0,130.1459,20.145905
train,17,167,109.0,136.55113,27.551132
train,17,168,108.0,141.27107,33.271072
train,17,169,107.0,133.86848,26.868484
train,17,170,106.0,127.89292,21.892921
train,17,171,105.0,125.23896,20.23896
train,17,172,104.0,121.654465,17.654465
train,17,173,103.0,129.09384,26.093842
train,17,174,102.0,124.32293,22.32293
train,17,175,101.0,119.31889,18.318893
train,17,176,100.0,114.6264,14.626404
train,17,177,99.0,103.211876,4.211876
train,17,178,98.0,94.52552,-3.4744797
train,17,179,97.0,87.52383,-9.476173
train,17,180,96.0,82.14182,-13.858177
train,17,181,95.0,81.149345,-13.850655
train,17,182,94.0,81.7022,-12.297798
train,17,183,93.0,81.97654,-11.02346
train,17,184,92.0,78.35151,-13.648491
train,17,185,91.0,77.527626,-13.472374
train,17,186,90.0,74.19523,-15.804771
train,17,187,89.0,67.539055,-21.460945
train,17,188,88.0,64.64174,-23.358261
train,17,189,87.0,61.79091,-25.209091
train,17,190,86.0,59.07618,-26.92382
train,17,191,85.0,62.931847,-22.068153
train,17,192,84.0,69.27693,-14.723068
train,17,193,83.0,74.01304,-8.986961
train,17,194,82.0,79.39277,-2.6072311
train,17,195,81.0,82.63164,1.6316376
train,17,196,80.0,83.351524,3.3515244
train,17,197,79.0,84.1003,5.1003036
train,17,198,78.0,83.88274,5.882736
train,17,199,77.0,91.39987,14.399872
train,17,200,76.0,101.103485,25.103485
train,17,201,75.0,100.922874,25.922874
train,17,202,74.0,101.37536,27.375359
train,17,203,73.0,98.343666,25.343666
train,17,204,72.0,92.549706,20.549706
train,17,205,71.0,84.72457,13.724571
train,17,206,70.0,80.41122,10.411217
train,17,207,69.0,75.21964,6.2196426
train,17,208,68.0,76.64173,8.641731
train,17,209,67.0,81.943985,14.943985
train,17,210,66.0,88.40462,22.404617
train,17,211,65.0,90.757645,25.757645
train,17,212,64.0,88.201195,24.201195
train,17,213,63.0,89.54589,26.54589
train,17,214,62.0,89.65172,27.651718
train,17,215,61.0,88.49828,27.498283
train,17,216,60.0,82.70821,22.708214
train,17,217,59.0,78.217674,19.217674
train,17,218,58.0,71.84332,13.843323
train,17,219,57.0,70.788246,13.788246
train,17,220,56.0,68.936226,12.936226
train,17,221,55.0,67.65844,12.65844
train,17,222,54.0,70.298874,16.298874
train,17,223,53.0,70.606445,17.606445
train,17,224,52.0,73.776085,21.776085
train,17,225,51.0,73.45667,22.456673
train,17,226,50.0,70.70931,20.709312
train,17,227,49.0,69.548645,20.548645
train,17,228,48.0,66.60012,18.60012
train,17,229,47.0,61.341766,14.341766
train,17,230,46.0,54.245506,8.245506
train,17,231,45.0,48.125294,3.1252937
train,17,232,44.0,39.056717,-4.943283
train,17,233,43.0,36.754112,-6.2458878
train,17,234,42.0,31.137487,-10.862513
train,17,235,41.0,25.943003,-15.056997
train,17,236,40.0,28.934752,-11.0652485
train,17,237,39.0,32.401817,-6.5981827
train,17,238,38.0,32.76234,-5.2376595
train,17,239,37.0,31.202875,-5.797125
train,17,240,36.0,31.010202,-4.9897976
train,17,241,35.0,29.522757,-5.4772434
train,17,242,34.0,28.907785,-5.0922146
train,17,243,33.0,25.90064,-7.0993595
train,17,244,32.0,21.246552,-10.7534485
train,17,245,31.0,17.039091,-13.960909
train,17,246,30.0,14.609769,-15.390231
train,17,247,29.0,18.515694,-10.484306
train,17,248,28.0,22.16511,-5.8348904
train,17,249,27.0,22.57915,-4.4208508
train,17,250,26.0,20.398693,-5.601307
train,17,251,25.0,18.79389,-6.20611
train,17,252,24.0,16.349773,-7.6502266
train,17,253,23.0,17.642475,-5.357525
train,17,254,22.0,18.099741,-3.900259
train,17,255,21.0,18.26024,-2.7397594
train,17,256,20.0,18.357513,-1.6424866
train,17,257,19.0,14.505549,-4.4944506
train,17,258,18.0,13.417253,-4.5827475
train,17,259,17.0,13.23349,-3.76651
train,17,260,16.0,10.854074,-5.1459265
train,17,261,15.0,9.80765,-5.1923504
train,17,262,14.0,9.587733,-4.4122667
train,17,263,13.0,8.1227,-4.8773003
train,17,264,12.0,6.458111,-5.541889
train,17,265,11.0,6.724905,-4.275095
train,17,266,10.0,7.6068892,-2.3931108
train,17,267,9.0,9.292162,0.29216194
train,17,268,8.0,12.641146,4.6411457
train,17,269,7.0,12.081703,5.081703
train,17,270,6.0,10.150816,4.150816
train,17,271,5.0,8.824001,3.8240013
train,17,272,4.0,11.601397,7.6013966
train,17,273,3.0,13.580925,10.580925
train,17,274,2.0,16.1224,14.1224
train,17,275,1.0,14.387376,13.387376
train,17,276,0.0,13.2762,13.2762
train,18,30,165.0,154.72507,-10.274933
train,18,31,164.0,157.02606,-6.973938
train,18,32,163.0,161.7558,-1.2442017
train,18,33,162.0,167.41534,5.415344
train,18,34,161.0,165.83214,4.832138
train,18,35,160.0,171.92517,11.925171
train,18,36,159.0,165.87073,6.8707275
train,18,37,158.0,162.63795,4.6379547
train,18,38,157.0,155.74504,-1.2549591
train,18,39,156.0,143.48969,-12.510315
train,18,40,155.0,137.991,-17.009003
train,18,41,154.0,134.60233,-19.397675
train,18,42,153.0,137.12437,-15.875626
train,18,43,152.0,142.6663,-9.333694
train,18,44,151.0,144.657,-6.3430023
train,18,45,150.0,142.85579,-7.144211
train,18,46,149.0,136.44357,-12.556427
train,18,47,148.0,133.73586,-14.264145
train,18,48,147.0,129.69781,-17.302185
train,18,49,146.0,125.685036,-20.314964
train,18,50,145.0,129.92088,-15.079117
train,18,51,144.0,130.99376,-13.006241
train,18,52,143.0,136.81664,-6.183365
train,18,53,142.0,137.75148,-4.24852
train,18,54,141.0,141.19736,0.19735718
train,18,55,140.0,135.94098,-4.059021
train,18,56,139.0,137.56313,-1.4368744
train,18,57,138.0,139.16087,1.1608734
train,18,58,137.0,142.18205,5.1820526
train,18,59,136.0,141.28188,5.2818756
train,18,60,135.0,138.69954,3.6995392
train,18,61,134.0,141.71324,7.7132416
train,18,62,133.0,143.18126,10.181259
train,18,63,132.0,147.03102,15.031021
train,18,64,131.0,142.77057,11.770569
train,18,65,130.0,143.79134,13.791336
train,18,66,129.0,136.83594,7.8359375
train,18,67,128.0,131.82202,3.8220215
train,18,68,127.0,128.20085,1.2008514
train,18,69,126.0,127.10819,1.1081924
train,18,70,125.0,124.29197,-0.7080307
train,18,71,124.0,124.40138,0.40138245
train,18,72,123.0,130.83516,7.8351593
train,18,73,122.0,134.10828,12.108276
train,18,74,121.0,137.2117,16.2117
train,18,75,120.0,138.34898,18.348984
train,18,76,119.0,137.37846,18.378464
train,18,77,118.0,142.7289,24.728897
train,18,78,117.0,144.72763,27.72763
train,18,79,116.0,143.12587,27.12587
train,18,80,115.0,135.87042,20.870422
train,18,81,114.0,129.70049,15.700485
train,18,82,113.0,126.15107,13.15107
train,18,83,112.0,122.5754,10.575401
train,18,84,111.0,119.684685,8.684685
train,18,85,110.0,114.0609,4.060898
train,18,86,109.0,108.8529,-0.14710236
train,18,87,108.0,109.34628,1.346283
train,18,88,107.0,111.29959,4.299591
train,18,89,106.0,111.67658,5.6765823
train,18,90,105.0,109.28176,4.281761
train,18,91,104.0,108.5239,4.523903
train,18,92,103.0,104.00661,1.006607
train,18,93,102.0,99.09985,-2.9001465
train,18,94,101.0,100.67565,-0.32434845
train,18,95,100.0,106.25851,6.258507
train,18,96,99.0,114.331276,15.331276
train,18,97,98.0,115.686455,17.686455
train,18,98,97.0,122.48209,25.482094
train,18,99,96.0,130.61845,34.618454
train,18,100,95.0,132.7008,37.700806
train,18,101,94.0,131.40733,37.407333
train,18,102,93.0,129.42096,36.42096
train,18,103,92.0,124.741806,32.741806
train,18,104,91.0,118.20683,27.206833
train,18,105,90.0,116.76301,26.763008
train,18,106,89.0,115.40774,26.407738
train,18,107,88.0,112.977516,24.977516
train,18,108,87.0,110.707954,23.707954
train,18,109,86.0,116.279915,30.279915
train,18,110,85.0,115.527534,30.527534
train,18,111,84.0,111.54451,27.54451
train,18,112,83.0,108.18095,25.180946
train,18,113,82.0,106.5926,24.592598
train,18,114,81.0,100.70042,19.700417
train,18,115,80.0,96.04323,16.043228
train,18,116,79.0,91.07224,12.072243
train,18,117,78.0,84.09989,6.0998917
train,18,118,77.0,71.521385,-5.478615
train,18,119,76.0,65.00896,-10.991043
train,18,120,75.0,68.72206,-6.277939
train,18,121,74.0,69.82937,-4.1706314
train,18,122,73.0,80.42162,7.421623
train,18,123,72.0,97.15331,25.153313
train,18,124,71.0,109.18655,38.186546
train,18,125,70.0,120.477066,50.477066
train,18,126,69.0,128.18085,59.180847
train,18,127,68.0,124.89358,56.893578
train,18,128,67.0,125.61668,58.616676
train,18,129,66.0,116.00908,50.00908
train,18,130,65.0,107.72137,42.721367
train,18,131,64.0,99.681854,35.681854
train,18,132,63.0,94.32423,31.324226
train,18,133,62.0,90.46409,28.464088
train,18,134,61.0,84.48763,23.487633
train,18,135,60.0,82.42835,22.428352
train,18,136,59.0,77.43639,18.436394
train,18,137,58.0,74.30726,16.307259
train,18,138,57.0,74.67097,17.670967
train,18,139,56.0,70.71968,14.719681
train,18,140,55.0,66.47365,11.473648
train,18,141,54.0,62.161533,8.161533
train,18,142,53.0,53.87705,0.8770485
train,18,143,52.0,45.190613,-6.809387
train,18,144,51.0,38.63232,-12.36768
train,18,145,50.0,32.28844,-17.71156
train,18,146,49.0,27.571629,-21.428371
train,18,147,48.0,22.450912,-25.549088
train,18,148,47.0,24.665827,-22.334173
train,18,149,46.0,21.811878,-24.188122
train,18,150,45.0,23.548454,-21.451546
train,18,151,44.0,29.182688,-14.817312
train,18,152,43.0,33.731518,-9.268482
train,18,153,42.0,37.140945,-4.8590546
train,18,154,41.0,37.727386,-3.2726135
train,18,155,40.0,40.692047,0.6920471
train,18,156,39.0,39.647545,0.64754486
train,18,157,38.0,39.357925,1.3579254
train,18,158,37.0,38.00511,1.0051117
train,18,159,36.0,34.214355,-1.7856445
train,18,160,35.0,30.986511,-4.013489
train,18,161,34.0,26.883282,-7.1167183
train,18,162,33.0,24.986479,-8.013521
train,18,163,32.0,24.114744,-7.885256
train,18,164,31.0,23.010126,-7.989874
train,18,165,30.0,20.80529,-9.19471
train,18,166,29.0,18.616919,-10.383081
train,18,167,28.0,15.5637865,-12.4362135
train,18,168,27.0,13.571839,-13.428161
train,18,169,26.0,14.884892,-11.115108
train,18,170,25.0,18.603855,-6.396145
train,18,171,24.0,19.351759,-4.648241
train,18,172,23.0,19.55102,-3.4489803
train,18,173,22.0,18.222754,-3.7772465
train,18,174,21.0,20.52382,-0.47617912
train,18,175,20.0,18.38974,-1.61026
train,18,176,19.0,17.749132,-1.2508678
train,18,177,18.0,20.47962,2.47962
train,18,178,17.0,21.64328,4.64328
train,18,179,16.0,17.63547,1.6354694
train,18,180,15.0,15.738436,0.73843575
train,18,181,14.0,17.187643,3.187643
train,18,182,13.0,18.606869,5.6068687
train,18,183,12.0,16.228949,4.2289486
train,18,184,11.0,13.389064,2.3890638
train,18,185,10.0,11.997869,1.9978685
train,18,186,9.0,13.870679,4.870679
train,18,187,8.0,14.049363,6.049363
train,18,188,7.0,13.693531,6.693531
train,18,189,6.0,12.932155,6.9321547
train,18,190,5.0,13.14757,8.14757
train,18,191,4.0,12.177075,8.177075
train,18,192,3.0,8.653949,5.653949
train,18,193,2.0,5.32929,3.32929
train,18,194,1.0,2.6520703,1.6520703
train,18,195,0.0,3.1914797,3.1914797
train,20,30,204.0,142.72975,-61.27025
train,20,31,203.0,139.7513,-63.248703
train,20,32,202.0,139.63298,-62.36702
train,20,33,201.0,137.75948,-63.240524
train,20,34,200.0,134.76921,-65.23079
train,20,35,199.0,131.2318,-67.7682
train,20,36,198.0,133.80968,-64.19032
train,20,37,197.0,132.33876,-64.66124
train,20,38,196.0,136.02672,-59.97328
train,20,39,195.0,145.2127,-49.787292
train,20,40,194.0,149.10475,-44.89525
train,20,41,193.0,156.028,-36.972
train,20,42,192.0,159.24222,-32.757782
train,20,43,191.0,162.90355,-28.09645
train,20,44,190.0,164.26956,-25.730438
train,20,45,189.0,162.19412,-26.805878
train,20,46,188.0,158.42879,-29.571213
train,20,47,187.0,158.24278,-28.757217
train,20,48,186.0,155.91298,-30.08702
train,20,49,185.0,152.4694,-32.530594
train,20,50,184.0,150.62671,-33.37329
train,20,51,183.0,143.08214,-39.917862
train,20,52,182.0,139.75124,-42.248764
train,20,53,181.0,137.2141,-43.785904
train,20,54,180.0,140.52184,-39.478165
train,20,55,179.0,141.2051,-37.794907
train,20,56,178.0,137.64062,-40.359375
train,20,57,177.0,139.76826,-37.231735
train,20,58,176.0,141.11238,-34.88762
train,20,59,175.0,131.40456,-43.595444
train,20,60,174.0,123.26113,-50.73887
train,20,61,173.0,124.82078,-48.179222
train,20,62,172.0,122.22641,-49.77359
train,20,63,171.0,118.03093,-52.96907
train,20,64,170.0,117.31734,-52.682663
train,20,65,169.0,124.30785,-44.692146
train,20,66,168.0,129.11287,-38.88713
train,20,67,167.0,131.20964,-35.79036
train,20,68,166.0,135.3727,-30.627304
train,20,69,165.0,140.06723,-24.93277
train,20,70,164.0,143.24236,-20.757645
train,20,71,163.0,145.3627,-17.637299
train,20,72,162.0,151.22382,-10.776184
train,20,73,161.0,158.78922,-2.210785
train,20,74,160.0,162.79478,2.7947845
train,20,75,159.0,162.28732,3.287323
train,20,76,158.0,165.51672,7.5167236
train,20,77,157.0,165.5335,8.533493
train,20,78,156.0,167.09737,11.097366
train,20,79,155.0,163.58066,8.580658
train,20,80,154.0,163.8444,9.844406
train,20,81,153.0,156.84732,3.8473206
train,20,82,152.0,156.28145,4.2814484
train,20,83,151.0,149.44383,-1.5561676
train,20,84,150.0,143.4905,-6.509506
train,20,85,149.0,132.49806,-16.501938
train,20,86,148.0,122.70023,-25.299767
train,20,87,147.0,116.47952,-30.520477
train,20,88,146.0,112.14869,-33.85131
train,20,89,145.0,106.55592,-38.444077
train,20,90,144.0,109.793755,-34.206245
train,20,91,143.0,110.82317,-32.176826
train,20,92,142.0,108.16717,-33.832832
train,20,93,141.0,107.17973,-33.820267
train,20,94,140.0,104.528656,-35.471344
train,20,95,139.0,107.570045,-31.429955
train,20,96,138.0,107.76266,-30.237343
train,20,97,137.0,105.87144,-31.128563
train,20,98,136.0,107.6226,-28.377403
train,20,99,135.0,109.73635,-25.263649
train,20,100,134.0,111.14809,-22.851913
train,20,101,133.0,114.973274,-18.026726
train,20,102,132.0,115.82329,-16.176712
train,20,103,131.0,118.207985,-12.792015
train,20,104,130.0,127.84225,-2.157753
train,20,105,129.0,133.73723,4.7372284
train,20,106,128.0,139.83876,11.83876
train,20,107,127.0,137.42809,10.428085
train,20,108,126.0,138.98239,12.982391
train,20,109,125.0,132.94763,7.947632
train,20,110,124.0,129.7387,5.738693
train,20,111,123.0,129.70245,6.7024536
train,20,112,122.0,124.00196,2.0019608
train,20,113,121.0,123.79108,2.7910767
train,20,114,120.0,125.19237,5.1923676
train,20,115,119.0,125.0277,6.0277023
train,20,116,118.0,122.82505,4.8250504
train,20,117,117.0,123.38361,6.3836136
train,20,118,116.0,121.148476,5.1484756
train,20,119,115.0,121.09384,6.0938416
train,20,120,114.0,118.52192,4.5219193
train,20,121,113.0,117.40703,4.407028
train,20,122,112.0,110.90162,-1.098381
train,20,123,111.0,108.47443,-2.5255737
train,20,124,110.0,103.76753,-6.2324677
train,20,125,109.0,100.65127,-8.348732
train,20,126,108.0,95.43575,-12.564247
train,20,127,107.0,92.77278,-14.227219
train,20,128,106.0,94.47996,-11.520042
train,20,129,105.0,93.64443,-11.355568
train,20,130,104.0,94.64587,-9.354134
train,20,131,103.0,97.75478,-5.2452164
train,20,132,102.0,99.28994,-2.7100601
train,20,133,101.0,99.82677,-1.173233
train,20,134,100.0,98.18684,-1.8131638
train,20,135,99.0,93.79806,-5.2019424
train,20,136,98.0,92.82571,-5.1742935
train,20,137,97.0,91.8665,-5.133499
train,20,138,96.0,93.14809,-2.8519135
train,20,139,95.0,91.462265,-3.537735
train,20,140,94.0,92.585075,-1.4149246
train,20,141,93.0,92.4471,-0.5529022
train,20,142,92.0,91.11318,-0.88681793
train,20,143,91.0,93.29313,2.293129
train,20,144,90.0,94.56601,4.5660095
train,20,145,89.0,91.16006,2.160057
train,20,146,88.0,92.931816,4.931816
train,20,147,87.0,97.63984,10.639839
train,20,148,86.0,100.88854,14.888542
train,20,149,85.0,99.240105,14.240105
train,20,150,84.0,96.5671,12.567101
train,20,151,83.0,94.82525,11.825249
train,20,152,82.0,94.29366,12.293663
train,20,153,81.0,90.14092,9.140923
train,20,154,80.0,91.297874,11.297874
train,20,155,79.0,92.76368,13.7636795
train,20,156,78.0,90.09395,12.093948
train,20,157,77.0,89.21789,12.217888
train,20,158,76.0,87.88206,11.882057
train,20,159,75.0,84.17359,9.173592
train,20,160,74.0,82.144806,8.144806
train,20,161,73.0,79.78866,6.788658
train,20,162,72.0,75.61961,3.6196136
train,20,163,71.0,72.00738,1.0073776
train,20,164,70.0,70.9374,0.9374008
train,20,165,69.0,70.85241,1.8524094
train,20,166,68.0,71.30441,3.3044128
train,20,167,67.0,70.49345,3.4934464
train,20,168,66.0,69.39709,3.397087
train,20,169,65.0,71.97266,6.9726562
train,20,170,64.0,70.16574,6.165741
train,20,171,63.0,70.50948,7.5094833
train,20,172,62.0,69.53004,7.530037
train,20,173,61.0,72.55756,11.557564
train,20,174,60.0,71.674446,11.674446
train,20,175,59.0,71.69883,12.69883
train,20,176,58.0,72.29004,14.290039
train,20,177,57.0,69.535545,12.535545
train,20,178,56.0,67.602196,11.602196
train,20,179,55.0,64.15265,9.152649
train,20,180,54.0,60.965088,6.965088
train,20,181,53.0,60.65236,7.652359
train,20,182,52.0,58.885834,6.8858337
train,20,183,51.0,57.901215,6.9012146
train,20,184,50.0,56.155357,6.1553574
train,20,185,49.0,55.538246,6.538246
train,20,186,48.0,52.050423,4.0504227
train,20,187,47.0,50.46109,3.46109
train,20,188,46.0,47.98941,1.9894104
train,20,189,45.0,46.40046,1.4004593
train,20,190,44.0,45.683582,1.6835823
train,20,191,43.0,43.46276,0.46276093
train,20,192,42.0,41.213356,-0.786644
train,20,193,41.0,39.809593,-1.1904068
train,20,194,40.0,37.667374,-2.3326263
train,20,195,39.0,36.003998,-2.9960022
train,20,196,38.0,34.370827,-3.6291733
train,20,197,37.0,33.71642,-3.2835808
train,20,198,36.0,33.28009,-2.7199097
train,20,199,35.0,33.271973,-1.7280273
train,20,200,34.0,33.72148,-0.27851868
train,20,201,33.0,36.314564,3.3145638
train,20,202,32.0,33.817055,1.8170547
train,20,203,31.0,33.072773,2.072773
train,20,204,30.0,27.866282,-2.1337185
train,20,205,29.0,25.551844,-3.4481564
train,20,206,28.0,26.61616,-1.3838406
train,20,207,27.0,24.9247,-2.0753002
train,20,208,26.0,23.481619,-2.518381
train,20,209,25.0,25.435654,0.4356537
train,20,210,24.0,25.037792,1.0377922
train,20,211,23.0,20.627754,-2.3722458
train,20,212,22.0,19.073473,-2.926527
train,20,213,21.0,17.38989,-3.6101093
train,20,214,20.0,19.2924,-0.70759964
train,20,215,19.0,18.738358,-0.26164246
train,20,216,18.0,20.615356,2.6153564
train,20,217,17.0,17.332253,0.3322525
train,20,218,16.0,13.183038,-2.8169622
train,20,219,15.0,13.719536,-1.2804642
train,20,220,14.0,14.909259,0.90925884
train,20,221,13.0,16.088675,3.0886745
train,20,222,12.0,14.514323,2.5143232
train,20,223,11.0,17.68934,6.6893406
train,20,224,10.0,18.843584,8.843584
train,20,225,9.0,16.072645,7.072645
train,20,226,8.0,14.107362,6.107362
train,20,227,7.0,12.646456,5.646456
train,20,228,6.0,12.084409,6.0844088
train,20,229,5.0,11.050143,6.0501432
train,20,230,4.0,13.750458,9.750458
train,20,231,3.0,13.367757,10.367757
train,20,232,2.0,9.090261,7.0902615
train,20,233,1.0,7.0601892,6.0601892
train,20,234,0.0,6.9247756,6.9247756
train,21,30,165.0,133.84486,-31.155136
train,21,31,164.0,127.40275,-36.59725
train,21,32,163.0,131.43808,-31.56192
train,21,33,162.0,134.3337,-27.666306
train,21,34,161.0,129.75948,-31.240524
train,21,35,160.0,130.2255,-29.774506
train,21,36,159.0,124.55783,-34.44217
train,21,37,158.0,116.75671,-41.243294
train,21,38,157.0,118.15185,-38.848152
train,21,39,156.0,114.53642,-41.463577
train,21,40,155.0,112.889496,-42.110504
train,21,41,154.0,119.6582,-34.341797
train,21,42,153.0,123.208725,-29.791275
train,21,43,152.0,124.07302,-27.92698
train,21,44,151.0,124.807175,-26.192825
train,21,45,150.0,128.2734,-21.726593
train,21,46,149.0,135.63359,-13.366409
train,21,47,148.0,142.28578,-5.714218
train,21,48,147.0,154.62663,7.6266327
train,21,49,146.0,158.26485,12.264847
train,21,50,145.0,160.51614,15.516144
train,21,51,144.0,164.39885,20.39885
train,21,52,143.0,158.16544,15.165436
train,21,53,142.0,150.79582,8.795822
train,21,54,141.0,146.37148,5.371475
train,21,55,140.0,145.17226,5.1722565
train,21,56,139.0,141.4203,2.4203033
train,21,57,138.0,141.34859,3.348587
train,21,58,137.0,141.06544,4.065445
train,21,59,136.0,149.63615,13.636154
train,21,60,135.0,158.50908,23.509079
train,21,61,134.0,164.3528,30.352798
train,21,62,133.0,157.78893,24.788925
train,21,63,132.0,149.38374,17.383743
train,21,64,131.0,145.756,14.755997
train,21,65,130.0,140.03822,10.038223
train,21,66,129.0,133.03088,4.030884
train,21,67,128.0,133.18501,5.185013
train,21,68,127.0,133.73787,6.7378693
train,21,69,126.0,138.81294,12.8129425
train,21,70,125.0,139.52925,14.529251
train,21,71,124.0,142.26651,18.26651
train,21,72,123.0,138.7775,15.777496
train,21,73,122.0,138.37169,16.371689
train,21,74,121.0,143.31459,22.31459
train,21,75,120.0,142.17357,22.173569
train,21,76,119.0,138.38728,19.387283
train,21,77,118.0,136.15492,18.154922
train,21,78,117.0,136.5312,19.531204
train,21,79,116.0,135.5619,19.561905
train,21,80,115.0,136.25345,21.253448
train,21,81,114.0,131.21971,17.219711
train,21,82,113.0,131.52022,18.520218
train,21,83,112.0,132.41405,20.414047
train,21,84,111.0,140.16718,29.167175
train,21,85,110.0,139.27614,29.276138
train,21,86,109.0,142.72342,33.72342
train,21,87,108.0,145.78383,37.78383
train,21,88,107.0,145.71835,38.718353
train,21,89,106.0,139.34859,33.348587
train,21,90,105.0,133.89824,28.89824
train,21,91,104.0,128.5992,24.599197
train,21,92,103.0,119.36444,16.36444
train,21,93,102.0,106.51145,4.5114517
train,21,94,101.0,94.96076,-6.039238
train,21,95,100.0,89.958595,-10.041405
train,21,96,99.0,83.10146,-15.898537
train,21,97,98.0,81.48234,-16.517662
train,21,98,97.0,81.93663,-15.06337
train,21,99,96.0,91.407524,-4.592476
train,21,100,95.0,95.13256,0.13256073
train,21,101,94.0,99.74789,5.7478867
train,21,102,93.0,100.5917,7.5916977
train,21,103,92.0,102.56404,10.564041
train,21,104,91.0,97.5292,6.5291977
train,21,105,90.0,99.941124,9.941124
train,21,106,89.0,101.58884,12.588837
train,21,107,88.0,100.06076,12.0607605
train,21,108,87.0,99.082436,12.082436
train,21,109,86.0,96.99903,10.999031
train,21,110,85.0,100.16244,15.162437
train,21,111,84.0,96.733055,12.733055
train,21,112,83.0,96.238556,13.238556
train,21,113,82.0,98.36414,16.364143
train,21,114,81.0,99.49099,18.49099
train,21,115,80.0,100.14515,20.14515
train,21,116,79.0,99.43531,20.43531
train,21,117,78.0,101.90982,23.90982
train,21,118,77.0,100.09764,23.097641
train,21,119,76.0,96.045746,20.045746
train,21,120,75.0,97.045334,22.045334
train,21,121,74.0,96.717445,22.717445
train,21,122,73.0,92.53254,19.53254
train,21,123,72.0,92.948944,20.948944
train,21,124,71.0,93.34037,22.34037
train,21,125,70.0,93.59006,23.590057
train,21,126,69.0,93.43345,24.433449
train,21,127,68.0,97.054886,29.054886
train,21,128,67.0,93.02227,26.02227
train,21,129,66.0,90.06506,24.065063
train,21,130,65.0,85.76677,20.76677
train,21,131,64.0,80.94343,16.943428
train,21,132,63.0,76.81197,13.811974
train,21,133,62.0,82.91676,20.916763
train,21,134,61.0,85.66146,24.66146
train,21,135,60.0,91.041176,31.041176
train,21,136,59.0,93.00744,34.00744
train,21,137,58.0,94.49024,36.490242
train,21,138,57.0,93.32671,36.326714
train,21,139,56.0,94.19765,38.197647
train,21,140,55.0,93.62203,38.622032
train,21,141,54.0,95.74847,41.748466
train,21,142,53.0,93.29922,40.299217
train,21,143,52.0,87.08488,35.084877
train,21,144,51.0,81.72149,30.721489
train,21,145,50.0,72.94329,22.94329
train,21,146,49.0,68.30959,19.309593
train,21,147,48.0,63.170532,15.170532
train,21,148,47.0,62.341827,15.341827
train,21,149,46.0,61.6963,15.6963005
train,21,150,45.0,62.012115,17.012115
train,21,151,44.0,61.269825,17.269825
train,21,152,43.0,61.439373,18.439373
train,21,153,42.0,58.99401,16.99401
train,21,154,41.0,55.588333,14.588333
train,21,155,40.0,52.09583,12.095829
train,21,156,39.0,48.286255,9.286255
train,21,157,38.0,40.057396,2.057396
train,21,158,37.0,34.09739,-2.9026108
train,21,159,36.0,32.979042,-3.020958
train,21,160,35.0,31.927422,-3.0725784
train,21,161,34.0,26.33328,-7.6667194
train,21,162,33.0,25.50017,-7.4998302
train,21,163,32.0,31.123043,-0.87695694
train,21,164,31.0,33.051807,2.0518074
train,21,165,30.0,30.286901,0.28690147
train,21,166,29.0,29.665545,0.6655445
train,21,167,28.0,31.015512,3.0155125
train,21,168,27.0,28.379099,1.3790989
train,21,169,26.0,28.434267,2.434267
train,21,170,25.0,29.103392,4.1033916
train,21,171,24.0,28.394955,4.3949547
train,21,172,23.0,24.645685,1.6456852
train,21,173,22.0,22.953156,0.9531555
train,21,174,21.0,22.913103,1.9131031
train,21,175,20.0,20.82346,0.8234596
train,21,176,19.0,17.626608,-1.3733921
train,21,177,18.0,15.10642,-2.8935804
train,21,178,17.0,13.801297,-3.1987028
train,21,179,16.0,14.000842,-1.9991579
train,21,180,15.0,15.711571,0.71157074
train,21,181,14.0,13.65849,-0.34150982
train,21,182,13.0,9.922914,-3.0770864
train,21,183,12.0,6.053045,-5.946955
train,21,184,11.0,5.3334975,-5.6665025
train,21,185,10.0,2.6329422,-7.367058
train,21,186,9.0,1.6961876,-7.3038125
train,21,187,8.0,3.038507,-4.961493
train,21,188,7.0,3.7201264,-3.2798736
train,21,189,6.0,4.13497,-1.8650298
train,21,190,5.0,6.4949946,1.4949946
train,21,191,4.0,5.44723,1.4472299
train,21,192,3.0,3.8338614,0.83386135
train,21,193,2.0,1.1796981,-0.8203019
train,21,194,1.0,-0.11905919,-1.1190592
train,21,195,0.0,-1.1334456,-1.1334456
train,23,30,138.0,155.64122,17.64122
train,23,31,137.0,158.90312,21.903122
train,23,32,136.0,158.8834,22.883408
train,23,33,135.0,159.4933,24.493301
train,23,34,134.0,159.14384,25.143845
train,23,35,133.0,153.19188,20.19188
train,23,36,132.0,154.4634,22.463394
train,23,37,131.0,154.14192,23.141922
train,23,38,130.0,155.23943,25.239426
train,23,39,129.0,152.23232,23.232315
train,23,40,128.0,155.7423,27.742294
train,23,41,127.0,155.30779,28.307785
train,23,42,126.0,157.5602,31.560196
train,23,43,125.0,153.93214,28.932144
train,23,44,124.0,148.73076,24.730759
train,23,45,123.0,148.98636,25.986359
train,23,46,122.0,150.55635,28.55635
train,23,47,121.0,142.03392,21.03392
train,23,48,120.0,131.76418,11.764175
train,23,49,119.0,125.82495,6.824951
train,23,50,118.0,122.073044,4.073044
train,23,51,117.0,113.592575,-3.407425
train,23,52,116.0,105.923134,-10.076866
train,23,53,115.0,106.45154,-8.548462
train,23,54,114.0,103.56957,-10.430428
train,23,55,113.0,92.398415,-20.601585
train,23,56,112.0,89.08027,-22.919731
train,23,57,111.0,87.49311,-23.50689
train,23,58,110.0,90.20893,-19.791069
train,23,59,109.0,92.841415,-16.158585
train,23,60,108.0,98.907845,-9.092155
train,23,61,107.0,102.99144,-4.00856
train,23,62,106.0,112.29022,6.290222
train,23,63,105.0,119.12128,14.121277
train,23,64,104.0,121.175835,17.175835
train,23,65,103.0,123.205345,20.205345
train,23,66,102.0,124.12899,22.12899
train,23,67,101.0,120.67682,19.676819
train,23,68,100.0,120.011765,20.011765
train,23,69,99.0,117.52328,18.523277
train,23,70,98.0,114.26793,16.26793
train,23,71,97.0,112.76824,15.768242
train,23,72,96.0,105.183266,9.183266
train,23,73,95.0,101.54101,6.541008
train,23,74,94.0,99.164406,5.164406
train,23,75,93.0,98.37515,5.3751526
train,23,76,92.0,101.37678,9.376778
train,23,77,91.0,101.23439,10.23439
train,23,78,90.0,103.553,13.553001
train,23,79,89.0,106.66045,17.660454
train,23,80,88.0,108.58159,20.581589
train,23,81,87.0,107.304565,20.304565
train,23,82,86.0,103.184425,17.184425
train,23,83,85.0,101.050835,16.050835
train,23,84,84.0,102.58556,18.585564
train,23,85,83.0,101.535385,18.535385
train,23,86,82.0,102.94635,20.94635
train,23,87,81.0,101.67619,20.676193
train,23,88,80.0,104.194466,24.194466
train,23,89,79.0,103.13192,24.13192
train,23,90,78.0,101.69022,23.690224
train,23,91,77.0,99.95848,22.95848
train,23,92,76.0,93.31619,17.316193
train,23,93,75.0,93.67382,18.67382
train,23,94,74.0,94.06608,20.066078
train,23,95,73.0,91.29708,18.297081
train,23,96,72.0,87.73664,15.736641
train,23,97,71.0,90.839035,19.839035
train,23,98,70.0,89.05085,19.05085
train,23,99,69.0,86.56104,17.561043
train,23,100,68.0,79.60561,11.605614
train,23,101,67.0,73.19477,6.194771
train,23,102,66.0,64.82032,-1.1796799
train,23,103,65.0,61.05284,-3.9471588
train,23,104,64.0,56.2652,-7.7347984
train,23,105,63.0,50.38392,-12.616081
train,23,106,62.0,52.241028,-9.758972
train,23,107,61.0,53.0113,-7.988701
train,23,108,60.0,54.388077,-5.611923
train,23,109,59.0,57.11065,-1.8893509
train,23,110,58.0,63.060226,5.0602264
train,23,111,57.0,63.760696,6.7606964
train,23,112,56.0,65.798775,9.798775
train,23,113,55.0,69.27712,14.2771225
train,23,114,54.0,68.61458,14.614578
train,23,115,53.0,64.532295,11.532295
train,23,116,52.0,63.601395,11.601395
train,23,117,51.0,61.53663,10.536629
train,23,118,50.0,58.694214,8.694214
train,23,119,49.0,53.50226,4.5022583
train,23,120,48.0,51.795326,3.7953262
train,23,121,47.0,50.20877,3.2087708
train,23,122,46.0,53.083797,7.0837975
train,23,123,45.0,55.260834,10.260834
train,23,124,44.0,57.457367,13.457367
train,23,125,43.0,58.63226,15.632259
train,23,126,42.0,63.270554,21.270554
train,23,127,41.0,63.328087,22.328087
train,23,128,40.0,61.80652,21.806519
train,23,129,39.0,58.59723,19.597229
train,23,130,38.0,59.329178,21.329178
train,23,131,37.0,56.11965,19.119652
train,23,132,36.0,53.24847,17.24847
train,23,133,35.0,51.409256,16.409256
train,23,134,34.0,54.239334,20.239334
train,23,135,33.0,56.249084,23.249084
train,23,136,32.0,56.06137,24.06137
train,23,137,31.0,58.27708,27.27708
train,23,138,30.0,59.61753,29.61753
train,23,139,29.0,58.172096,29.172096
train,23,140,28.0,58.7231,30.723099
train,23,141,27.0,58.336765,31.336765
train,23,142,26.0,54.089,28.089
train,23,143,25.0,49.54664,24.546638
train,23,144,24.0,47.99523,23.995232
train,23,145,23.0,44.066177,21.066177
train,23,146,22.0,40.871994,18.871994
train,23,147,21.0,36.965412,15.965412
train,23,148,20.0,34.234356,14.234356
train,23,149,19.0,29.792185,10.792185
train,23,150,18.0,28.747084,10.747084
train,23,151,17.0,26.790312,9.790312
train,23,152,16.0,23.046112,7.046112
train,23,153,15.0,21.374525,6.374525
train,23,154,14.0,19.66791,5.6679096
train,23,155,13.0,18.509867,5.5098667
train,23,156,12.0,18.211897,6.211897
train,23,157,11.0,19.559914,8.559914
train,23,158,10.0,15.918714,5.9187136
train,23,159,9.0,12.181069,3.1810694
train,23,160,8.0,8.961316,0.9613161
train,23,161,7.0,5.993889,-1.0061111
train,23,162,6.0,5.0833564,-0.9166436
train,23,163,5.0,3.54612,-1.4538801
train,23,164,4.0,4.323458,0.3234582
train,23,165,3.0,6.8694067,3.8694067
train,23,166,2.0,5.8392205,3.8392205
train,23,167,1.0,3.386239,2.386239
train,23,168,0.0,2.358075,2.358075
train,24,30,117.0,130.35196,13.351959
train,24,31,116.0,129.75249,13.752487
train,24,32,115.0,128.49924,13.499237
train,24,33,114.0,123.60457,9.6045685
train,24,34,113.0,129.90492,16.904922
train,24,35,112.0,132.64842,20.648422
train,24,36,111.0,132.11293,21.11293
train,24,37,110.0,139.03702,29.037018
train,24,38,109.0,132.07365,23.073654
train,24,39,108.0,131.49788,23.497879
train,24,40,107.0,128.38013,21.380127
train,24,41,106.0,124.464836,18.464836
train,24,42,105.0,123.31558,18.315582
train,24,43,104.0,122.828224,18.828224
train,24,44,103.0,123.67515,20.675148
train,24,45,102.0,122.85775,20.85775
train,24,46,101.0,123.31962,22.319618
train,24,47,100.0,124.482574,24.482574
train,24,48,99.0,123.6444,24.644402
train,24,49,98.0,119.08474,21.08474
train,24,50,97.0,117.81359,20.813591
train,24,51,96.0,115.61625,19.61625
train,24,52,95.0,117.0265,22.026497
train,24,53,94.0,116.73737,22.737373
train,24,54,93.0,115.21246,22.212463
train,24,55,92.0,115.20496,23.204964
train,24,56,91.0,113.18599,22.18599
train,24,57,90.0,112.816826,22.816826
train,24,58,89.0,114.044395,25.044395
train,24,59,88.0,110.77441,22.774406
train,24,60,87.0,110.463844,23.463844
train,24,61,86.0,105.687454,19.687454
train,24,62,85.0,107.281845,22.281845
train,24,63,84.0,110.20779,26.207787
train,24,64,83.0,110.13986,27.139862
train,24,65,82.0,106.14871,24.148712
train,24,66,81.0,105.04505,24.045052
train,24,67,80.0,99.52351,19.523514
train,24,68,79.0,98.24645,19.246452
train,24,69,78.0,102.069115,24.069115
train,24,70,77.0,103.062614,26.062614
train,24,71,76.0,100.64973,24.649727
train,24,72,75.0,107.156136,32.156136
train,24,73,74.0,108.75989,34.759888
train,24,74,73.0,101.67123,28.671227
train,24,75,72.0,96.17866,24.178658
train,24,76,71.0,92.83139,21.83139
train,24,77,70.0,85.85943,15.859428
train,24,78,69.0,80.89105,11.891052
train,24,79,68.0,82.30102,14.301018
train,24,80,67.0,80.73495,13.734947
train,24,81,66.0,82.54694,16.546944
train,24,82,65.0,84.504326,19.504326
train,24,83,64.0,83.14454,19.144539
train,24,84,63.0,82.84118,19.841179
train,24,85,62.0,85.35854,23.358543
train,24,86,61.0,80.13444,19.134438
train,24,87,60.0,74.08752,14.087517
train,24,88,59.0,65.44897,6.448967
train,24,89,58.0,68.982445,10.982445
train,24,90,57.0,66.842674,9.842674
train,24,91,56.0,68.22681,12.226807
train,24,92,55.0,67.97404,12.974037
train,24,93,54.0,64.25243,10.252434
train,24,94,53.0,71.72421,18.724213
train,24,95,52.0,78.31282,26.31282
train,24,96,51.0,82.09992,31.099922
train,24,97,50.0,88.45684,38.45684
train,24,98,49.0,91.34014,42.34014
train,24,99,48.0,88.54475,40.544746
train,24,100,47.0,81.40689,34.40689
train,24,101,46.0,72.35549,26.355492
train,24,102,45.0,63.96677,18.96677
train,24,103,44.0,56.31547,12.315472
train,24,104,43.0,51.74897,8.74897
train,24,105,42.0,46.275032,4.275032
train,24,106,41.0,41.181984,0.18198395
train,24,107,40.0,43.40916,3.4091606
train,24,108,39.0,46.415115,7.4151154
train,24,109,38.0,46.99971,8.99971
train,24,110,37.0,52.263557,15.263557
train,24,111,36.0,56.86442,20.864422
train,24,112,35.0,58.44156,23.441559
train,24,113,34.0,51.501747,17.501747
train,24,114,33.0,45.585377,12.585377
train,24,115,32.0,40.17457,8.174568
train,24,116,31.0,37.323368,6.323368
train,24,117,30.0,35.465748,5.465748
train,24,118,29.0,32.83812,3.8381195
train,24,119,28.0,33.491592,5.4915924
train,24,120,27.0,32.91859,5.9185905
train,24,121,26.0,36.64617,10.646172
train,24,122,25.0,37.1776,12.177601
train,24,123,24.0,43.95684,19.95684
train,24,124,23.0,47.250824,24.250824
train,24,125,22.0,46.544147,24.544147
train,24,126,21.0,41.715103,20.715103
train,24,127,20.0,36.849182,16.849182
train,24,128,19.0,32.234715,13.2347145
train,24,129,18.0,27.54318,9.54318
train,24,130,17.0,26.811125,9.811125
train,24,131,16.0,23.774511,7.7745113
train,24,132,15.0,24.665386,9.665386
train,24,133,14.0,20.81733,6.8173294
train,24,134,13.0,19.181635,6.181635
train,24,135,12.0,16.328447,4.3284473
train,24,136,11.0,15.640336,4.640336
train,24,137,10.0,13.179797,3.1797972
train,24,138,9.0,12.175527,3.1755266
train,24,139,8.0,10.897131,2.897131
train,24,140,7.0,10.300038,3.3000383
train,24,141,6.0,6.535993,0.5359931
train,24,142,5.0,2.9311578,-2.0688422
train,24,143,4.0,2.6232293,-1.3767707
train,24,144,3.0,1.2792097,-1.7207903
train,24,145,2.0,-1.555356,-3.555356
train,24,146,1.0,-3.0289984,-4.0289984
train,24,147,0.0,-3.9979827,-3.9979827
train,27,30,126.0,150.0067,24.006699
train,27,31,125.0,158.80077,33.800766
train,27,32,124.0,165.30507,41.30507
train,27,33,123.0,166.618,43.617996
train,27,34,122.0,164.90366,42.903656
train,27,35,121.0,162.4778,41.4778
train,27,36,120.0,158.75537,38.75537
train,27,37,119.0,161.73009,42.730087
train,27,38,118.0,159.78925,41.789246
train,27,39,117.0,161.1313,44.1313
train,27,40,116.0,151.78438,35.784378
train,27,41,115.0,144.00294,29.002945
train,27,42,114.0,133.66264,19.662643
train,27,43,113.0,125.22768,12.227676
train,27,44,112.0,118.196815,6.1968155
train,27,45,111.0,112.41181,1.4118118
train,27,46,110.0,116.9198,6.9198
train,27,47,109.0,115.19506,6.1950607
train,27,48,108.0,110.970375,2.970375
train,27,49,107.0,107.87355,0.8735504
train,27,50,106.0,95.902885,-10.097115
train,27,51,105.0,89.44463,-15.5553665
train,27,52,104.0,88.83379,-15.166206
train,27,53,103.0,86.444786,-16.555214
train,27,54,102.0,83.44221,-18.557793
train,27,55,101.0,85.10206,-15.897942
train,27,56,100.0,93.4038,-6.596199
train,27,57,99.0,98.88236,-0.117637634
train,27,58,98.0,103.37553,5.3755264
train,27,59,97.0,100.828064,3.828064
train,27,60,96.0,95.13128,-0.868721
train,27,61,95.0,89.49662,-5.50338
train,27,62,94.0,86.27151,-7.7284927
train,27,63,93.0,84.72135,-8.278648
train,27,64,92.0,88.90583,-3.0941696
train,27,65,91.0,97.04243,6.042427
train,27,66,90.0,107.69804,17.698036
train,27,67,89.0,114.985115,25.985115
train,27,68,88.0,115.0568,27.0568
train,27,69,87.0,116.54081,29.54081
train,27,70,86.0,118.92577,32.925774
train,27,71,85.0,119.53924,34.539238
train,27,72,84.0,120.13906,36.13906
train,27,73,83.0,119.89999,36.899986
train,27,74,82.0,123.02789,41.027893
train,27,75,81.0,118.2449,37.244904
train,27,76,80.0,112.60151,32.60151
train,27,77,79.0,109.41624,30.416237
train,27,78,78.0,107.37452,29.37452
train,27,79,77.0,103.95121,26.95121
train,27,80,76.0,98.368996,22.368996
train,27,81,75.0,93.972176,18.972176
train,27,82,74.0,96.7429,22.742897
train,27,83,73.0,95.71863,22.718628
train,27,84,72.0,93.44709,21.44709
train,27,85,71.0,97.56012,26.56012
train,27,86,70.0,95.79003,25.790031
train,27,87,69.0,89.7309,20.730904
train,27,88,68.0,84.291695,16.291695
train,27,89,67.0,77.0382,10.0382
train,27,90,66.0,71.70431,5.7043076
train,27,91,65.0,72.65475,7.654747
train,27,92,64.0,69.34853,5.3485336
train,27,93,63.0,64.89814,1.89814
train,27,94,62.0,63.998035,1.9980354
train,27,95,61.0,59.06508,-1.9349213
train,27,96,60.0,55.162136,-4.837864
train,27,97,59.0,49.745136,-9.254864
train,27,98,58.0,49.230442,-8.769558
train,27,99,57.0,49.679504,-7.3204956
train,27,100,56.0,50.13887,-5.8611298
train,27,101,55.0,52.93859,-2.061409
train,27,102,54.0,56.818077,2.818077
train,27,103,53.0,62.71457,9.714569
train,27,104,52.0,63.09121,11.091209
train,27,105,51.0,63.61503,12.615028
train,27,106,50.0,64.79865,14.798653
train,27,107,49.0,63.96009,14.960091
train,27,108,48.0,67.89874,19.898743
train,27,109,47.0,68.32127,21.321274
train,27,110,46.0,65.36967,19.369667
train,27,111,45.0,63.619762,18.619762
train,27,112,44.0,62.59043,18.590431
train,27,113,43.0,60.792564,17.792564
train,27,114,42.0,59.723312,17.723312
train,27,115,41.0,62.181618,21.181618
train,27,116,40.0,63.7172,23.717201
train,27,117,39.0,65.10056,26.100563
train,27,118,38.0,65.695175,27.695175
train,27,119,37.0,62.840065,25.840065
train,27,120,36.0,58.612812,22.612812
train,27,121,35.0,53.291855,18.291855
train,27,122,34.0,48.784054,14.784054
train,27,123,33.0,45.113823,12.113823
train,27,124,32.0,40.041225,8.041225
train,27,125,31.0,38.132286,7.132286
train,27,126,30.0,35.430496,5.430496
train,27,127,29.0,30.041044,1.0410442
train,27,128,28.0,30.215542,2.2155418
train,27,129,27.0,31.408817,4.4088173
train,27,130,26.0,28.496307,2.4963074
train,27,131,25.0,23.29564,-1.704359
train,27,132,24.0,21.542814,-2.4571857
train,27,133,23.0,22.14635,-0.85364914
train,27,134,22.0,20.585535,-1.414465
train,27,135,21.0,17.753992,-3.246008
train,27,136,20.0,17.98167,-2.0183296
train,27,137,19.0,15.3067255,-3.6932745
train,27,138,18.0,14.449583,-3.550417
train,27,139,17.0,12.883496,-4.1165037
train,27,140,16.0,10.626157,-5.373843
train,27,141,15.0,10.455712,-4.5442877
train,27,142,14.0,11.966307,-2.0336933
train,27,143,13.0,13.837025,0.8370247
train,27,144,12.0,11.439764,-0.560236
train,27,145,11.0,7.492945,-3.5070548
train,27,146,10.0,8.057444,-1.9425564
train,27,147,9.0,7.827328,-1.1726718
train,27,148,8.0,6.677006,-1.3229942
train,27,149,7.0,4.867169,-2.132831
train,27,150,6.0,3.7232497,-2.2767503
train,27,151,5.0,4.3594284,-0.6405716
train,27,152,4.0,3.670402,-0.32959795
train,27,153,3.0,3.2332277,0.23322773
train,27,154,2.0,1.7024034,-0.29759657
train,27,155,1.0,2.8037019,1.8037019
train,27,156,0.0,1.376541,1.376541
train,29,30,133.0,127.85054,-5.14946
train,29,31,132.0,124.70859,-7.2914124
train,29,32,131.0,119.45014,-11.549858
train,29,33,130.0,116.82718,-13.172821
train,29,34,129.0,120.193596,-8.806404
train,29,35,128.0,123.71867,-4.2813263
train,29,36,127.0,130.43623,3.4362335
train,29,37,126.0,136.49742,10.497421
train,29,38,125.0,135.68512,10.68512
train,29,39,124.0,134.11967,10.119675
train,29,40,123.0,130.86568,7.865677
train,29,41,122.0,128.68692,6.68692
train,29,42,121.0,126.529175,5.529175
train,29,43,120.0,126.99346,6.9934616
train,29,44,119.0,128.6967,9.696701
train,29,45,118.0,124.58548,6.5854797
train,29,46,117.0,122.52372,5.52372
train,29,47,116.0,117.40969,1.4096909
train,29,48,115.0,116.04563,1.0456314
train,29,49,114.0,113.06899,-0.9310074
train,29,50,113.0,109.87855,-3.1214523
train,29,51,112.0,109.04818,-2.9518204
train,29,52,111.0,105.81283,-5.187172
train,29,53,110.0,101.61934,-8.380661
train,29,54,109.0,98.971664,-10.028336
train,29,55,108.0,96.30905,-11.6909485
train,29,56,107.0,85.20836,-21.791641
train,29,57,106.0,82.85278,-23.147217
train,29,58,105.0,78.43633,-26.563667
train,29,59,104.0,75.90066,-28.099342
train,29,60,103.0,78.54047,-24.459534
train,29,61,102.0,83.55145,-18.448547
train,29,62,101.0,85.98154,-15.018463
train,29,63,100.0,88.16506,-11.834938
train,29,64,99.0,94.689705,-4.310295
train,29,65,98.0,94.70791,-3.2920914
train,29,66,97.0,99.90075,2.9007492
train,29,67,96.0,99.964745,3.9647446
train,29,68,95.0,96.23751,1.2375107
train,29,69,94.0,96.38557,2.3855667
train,29,70,93.0,100.832245,7.832245
train,29,71,92.0,98.37448,6.374481
train,29,72,91.0,96.80419,5.8041916
train,29,73,90.0,95.751366,5.7513657
train,29,74,89.0,95.52296,6.522957
train,29,75,88.0,93.88845,5.8884506
train,29,76,87.0,94.00468,7.004677
train,29,77,86.0,97.01394,11.013939
train,29,78,85.0,103.724754,18.724754
train,29,79,84.0,106.687164,22.687164
train,29,80,83.0,113.98063,30.980629
train,29,81,82.0,116.91994,34.919937
train,29,82,81.0,112.7885,31.788498
train,29,83,80.0,109.64713,29.647133
train,29,84,79.0,110.583275,31.583275
train,29,85,78.0,108.60082,30.600822
train,29,86,77.0,109.43987,32.439873
train,29,87,76.0,114.76733,38.767326
train,29,88,75.0,113.18647,38.18647
train,29,89,74.0,114.340126,40.340126
train,29,90,73.0,108.50526,35.505257
train,29,91,72.0,104.8128,32.812798
train,29,92,71.0,102.23948,31.23948
train,29,93,70.0,100.34875,30.348747
train,29,94,69.0,99.984505,30.984505
train,29,95,68.0,98.45028,30.45028
train,29,96,67.0,92.3912,25.391197
train,29,97,66.0,86.819466,20.819466
train,29,98,65.0,82.45457,17.454567
train,29,99,64.0,78.29029,14.290291
train,29,100,63.0,75.56129,12.561287
train,29,101,62.0,71.59209,9.592087
train,29,102,61.0,68.627266,7.627266
train,29,103,60.0,72.17602,12.176018
train,29,104,59.0,73.06887,14.068871
train,29,105,58.0,77.64881,19.648811
train,29,106,57.0,84.26469,27.264687
train,29,107,56.0,92.07035,36.07035
train,29,108,55.0,95.89468,40.894676
train,29,109,54.0,102.38801,48.38801
train,29,110,53.0,102.6863,49.686302
train,29,111,52.0,99.47989,47.47989
train,29,112,51.0,96.6217,45.621696
train,29,113,50.0,96.17626,46.17626
train,29,114,49.0,94.46592,45.46592
train,29,115,48.0,92.8862,44.8862
train,29,116,47.0,90.516266,43.516266
train,29,117,46.0,87.9401,41.9401
train,29,118,45.0,84.69244,39.692436
train,29,119,44.0,78.98106,34.981056
train,29,120,43.0,79.28121,36.28121
train,29,121,42.0,76.5563,34.556297
train,29,122,41.0,74.057396,33.057396
train,29,123,40.0,71.410484,31.410484
train,29,124,39.0,68.20399,29.203987
train,29,125,38.0,62.034313,24.034313
train,29,126,37.0,59.30898,22.308979
train,29,127,36.0,54.243286,18.243286
train,29,128,35.0,53.520844,18.520844
train,29,129,34.0,53.743923,19.743923
train,29,130,33.0,53.997353,20.997353
train,29,131,32.0,51.535194,19.535194
train,29,132,31.0,51.742756,20.742756
train,29,133,30.0,52.97409,22.97409
train,29,134,29.0,52.928787,23.928787
train,29,135,28.0,52.097717,24.097717
train,29,136,27.0,52.254883,25.254883
train,29,137,26.0,48.34806,22.34806
train,29,138,25.0,44.221123,19.221123
train,29,139,24.0,39.958714,15.958714
train,29,140,23.0,37.38177,14.381771
train,29,141,22.0,35.48839,13.488392
train,29,142,21.0,34.042812,13.042812
train,29,143,20.0,32.287792,12.287792
train,29,144,19.0,31.080244,12.080244
train,29,145,18.0,25.827929,7.8279285
train,29,146,17.0,23.304571,6.304571
train,29,147,16.0,19.678835,3.678835
train,29,148,15.0,16.914251,1.9142513
train,29,149,14.0,16.412676,2.4126759
train,29,150,13.0,15.487716,2.4877157
train,29,151,12.0,12.6198015,0.6198015
train,29,152,11.0,9.311326,-1.688674
train,29,153,10.0,7.559706,-2.4402938
train,29,154,9.0,7.1861544,-1.8138456
train,29,155,8.0,10.641766,2.6417656
train,29,156,7.0,8.618289,1.618289
train,29,157,6.0,6.8208637,0.8208637
train,29,158,5.0,5.31252,0.31252003
train,29,159,4.0,3.1022751,-0.89772487
train,29,160,3.0,0.47390378,-2.5260963
train,29,161,2.0,0.49500656,-1.5049934
train,29,162,1.0,-1.5077103,-2.5077105
train,29,163,0.0,-0.94501436,-0.94501436
train,30,30,164.0,157.9479,-6.0520935
train,30,31,163.0,148.81876,-14.181244
train,30,32,162.0,142.47894,-19.521057
train,30,33,161.0,138.37746,-22.622543
train,30,34,160.0,132.85887,-27.141129
train,30,35,159.0,132.27652,-26.72348
train,30,36,158.0,128.65324,-29.346756
train,30,37,157.0,126.841286,-30.158714
train,30,38,156.0,119.70187,-36.298126
train,30,39,155.0,122.0143,-32.985703
train,30,40,154.0,113.45724,-40.542763
train,30,41,153.0,113.55398,-39.446022
train,30,42,152.0,107.15615,-44.84385
train,30,43,151.0,105.67023,-45.329773
train,30,44,150.0,104.688515,-45.311485
train,30,45,149.0,102.84183,-46.158173
train,30,46,148.0,111.34032,-36.659683
train,30,47,147.0,113.82606,-33.173943
train,30,48,146.0,117.14991,-28.85009
train,30,49,145.0,124.2029,-20.797096
train,30,50,144.0,127.08138,-16.918617
train,30,51,143.0,130.8437,-12.156296
train,30,52,142.0,135.1184,-6.881607
train,30,53,141.0,140.79448,-0.20552063
train,30,54,140.0,138.18903,-1.8109741
train,30,55,139.0,145.39465,6.3946533
train,30,56,138.0,152.83383,14.833832
train,30,57,137.0,155.16537,18.165375
train,30,58,136.0,155.94601,19.946014
train,30,59,135.0,156.75449,21.754486
train,30,60,134.0,155.84169,21.84169
train,30,61,133.0,154.97124,21.971237
train,30,62,132.0,153.31543,21.31543
train,30,63,131.0,150.37427,19.374268
train,30,64,130.0,155.51643,25.516434
train,30,65,129.0,151.15572,22.155716
train,30,66,128.0,146.23335,18.233353
train,30,67,127.0,137.40907,10.409073
train,30,68,126.0,131.35634,5.3563385
train,30,69,125.0,123.61146,-1.3885422
train,30,70,124.0,116.72935,-7.270653
train,30,71,123.0,115.72666,-7.2733383
train,30,72,122.0,112.903114,-9.096886
train,30,73,121.0,117.33332,-3.6666794
train,30,74,120.0,118.713745,-1.2862549
train,30,75,119.0,120.67637,1.6763687
train,30,76,118.0,120.88147,2.8814697
train,30,77,117.0,118.6347,1.634697
train,30,78,116.0,119.65539,3.6553879
train,30,79,115.0,115.94927,0.94927216
train,30,80,114.0,117.35733,3.3573303
train,30,81,113.0,117.2641,4.264099
train,30,82,112.0,121.00809,9.008087
train,30,83,111.0,117.70193,6.701927
train,30,84,110.0,119.45316,9.453163
train,30,85,109.0,113.49073,4.4907303
train,30,86,108.0,117.59293,9.592934
train,30,87,107.0,122.8906,15.890602
train,30,88,106.0,132.36159,26.361588
train,30,89,105.0,138.34233,33.34233
train,30,90,104.0,139.3057,35.305695
train,30,91,103.0,138.64757,35.647568
train,30,92,102.0,129.58505,27.585052
train,30,93,101.0,127.52224,26.52224
train,30,94,100.0,121.53019,21.53019
train,30,95,99.0,119.15153,20.151527
train,30,96,98.0,118.21803,20.218033
train,30,97,97.0,115.41279,18.412788
train,30,98,96.0,111.85626,15.856262
train,30,99,95.0,104.9223,9.922302
train,30,100,94.0,101.126976,7.126976
train,30,101,93.0,99.10369,6.103691
train,30,102,92.0,102.69434,10.694344
train,30,103,91.0,106.22561,15.225609
train,30,104,90.0,105.30546,15.305458
train,30,105,89.0,108.63987,19.63987
train,30,106,88.0,101.584145,13.584145
train,30,107,87.0,99.85862,12.85862
train,30,108,86.0,92.74503,6.7450333
train,30,109,85.0,85.729225,0.72922516
train,30,110,84.0,69.8397,-14.160301
train,30,111,83.0,60.02361,-22.97639
train,30,112,82.0,54.093796,-27.906204
train,30,113,81.0,58.1026,-22.8974
train,30,114,80.0,65.61986,-14.380142
train,30,115,79.0,74.514046,-4.4859543
train,30,116,78.0,83.31658,5.3165817
train,30,117,77.0,88.92395,11.92395
train,30,118,76.0,98.21592,22.21592
train,30,119,75.0,107.52911,32.529114
train,30,120,74.0,115.27295,41.27295
train,30,121,73.0,128.21188,55.211884
train,30,122,72.0,132.36676,60.36676
train,30,123,71.0,134.80682,63.806824
train,30,124,70.0,134.8083,64.808304
train,30,125,69.0,127.29664,58.29664
train,30,126,68.0,119.65488,51.654877
train,30,127,67.0,114.012405,47.012405
train,30,128,66.0,108.899994,42.899994
train,30,129,65.0,104.97314,39.973137
train,30,130,64.0,107.82343,43.823433
train,30,131,63.0,104.34521,41.345207
train,30,132,62.0,99.16068,37.160683
train,30,133,61.0,93.23893,32.23893
train,30,134,60.0,90.69115,30.691147
train,30,135,59.0,84.57914,25.57914
train,30,136,58.0,75.13568,17.135681
train,30,137,57.0,70.732124,13.732124
train,30,138,56.0,54.119564,-1.880436
train,30,139,55.0,39.980522,-15.019478
train,30,140,54.0,33.702225,-20.297775
train,30,141,53.0,28.327833,-24.672167
train,30,142,52.0,20.599106,-31.400894
train,30,143,51.0,17.017738,-33.98226
train,30,144,50.0,12.61432,-37.38568
train,30,145,49.0,8.34904,-40.65096
train,30,146,48.0,11.298655,-36.701347
train,30,147,47.0,18.455984,-28.544016
train,30,148,46.0,18.568317,-27.431683
train,30,149,45.0,21.394518,-23.605482
train,30,150,44.0,18.23918,-25.76082
train,30,151,43.0,12.194168,-30.805832
train,30,152,42.0,9.091218,-32.908783
train,30,153,41.0,7.558772,-33.441227
train,30,154,40.0,6.5528927,-33.447105
train,30,155,39.0,7.3469787,-31.65302
train,30,156,38.0,7.666391,-30.333609
train,30,157,37.0,9.766805,-27.233196
train,30,158,36.0,8.631564,-27.368435
train,30,159,35.0,6.9443336,-28.055666
train,30,160,34.0,7.1851087,-26.814892
train,30,161,33.0,9.963824,-23.036175
train,30,162,32.0,14.015957,-17.984043
train,30,163,31.0,19.171682,-11.828318
train,30,164,30.0,20.547695,-9.452305
train,30,165,29.0,18.355614,-10.644386
train,30,166,28.0,21.172186,-6.827814
train,30,167,27.0,28.110958,1.1109581
train,30,168,26.0,29.16619,3.1661892
train,30,169,25.0,35.76421,10.76421
train,30,170,24.0,40.99661,16.996609
train,30,171,23.0,42.864914,19.864914
train,30,172,22.0,42.855263,20.855263
train,30,173,21.0,45.287407,24.287407
train,30,174,20.0,43.784702,23.784702
train,30,175,19.0,42.87396,23.873959
train,30,176,18.0,40.264603,22.264603
train,30,177,17.0,35.40238,18.402382
train,30,178,16.0,31.698051,15.698051
train,30,179,15.0,31.845804,16.845804
train,30,180,14.0,27.638342,13.638342
train,30,181,13.0,26.654535,13.654535
train,30,182,12.0,26.165216,14.165216
train,30,183,11.0,25.261282,14.261282
train,30,184,10.0,19.603632,9.603632
train,30,185,9.0,16.861273,7.861273
train,30,186,8.0,14.059949,6.059949
train,30,187,7.0,10.667216,3.6672163
train,30,188,6.0,7.5542283,1.5542283
train,30,189,5.0,5.110194,0.110194206
train,30,190,4.0,1.9487327,-2.0512671
train,30,191,3.0,-1.3259394,-4.325939
train,30,192,2.0,-0.89458156,-2.8945816
train,30,193,1.0,-2.7452939,-3.7452939
train,30,194,0.0,-2.1921291,-2.1921291
train,31,30,204.0,161.74644,-42.253555
train,31,31,203.0,159.26413,-43.73587
train,31,32,202.0,161.9467,-40.0533
train,31,33,201.0,159.7408,-41.2592
train,31,34,200.0,157.58183,-42.418167
train,31,35,199.0,151.6732,-47.326797
train,31,36,198.0,145.91144,-52.088562
train,31,37,197.0,146.4072,-50.592804
train,31,38,196.0,153.01488,-42.985123
train,31,39,195.0,155.67772,-39.32228
train,31,40,194.0,160.796,-33.203995
train,31,41,193.0,156.93135,-36.06865
train,31,42,192.0,165.99713,-26.002869
train,31,43,191.0,175.62096,-15.379044
train,31,44,190.0,187.15178,-2.8482208
train,31,45,189.0,195.91023,6.9102325
train,31,46,188.0,198.51497,10.514969
train,31,47,187.0,193.15887,6.1588745
train,31,48,186.0,195.02916,9.02916
train,31,49,185.0,192.99683,7.996826
train,31,50,184.0,188.76323,4.7632294
train,31,51,183.0,187.9222,4.9221954
train,31,52,182.0,195.75845,13.758453
train,31,53,181.0,195.92336,14.923355
train,31,54,180.0,194.64778,14.647781
train,31,55,179.0,187.02873,8.028732
train,31,56,178.0,187.84618,9.846176
train,31,57,177.0,187.39668,10.396683
train,31,58,176.0,179.65831,3.65831
train,31,59,175.0,174.64102,-0.35897827
train,31,60,174.0,169.78297,-4.2170258
train,31,61,173.0,164.51114,-8.488861
train,31,62,172.0,159.94864,-12.051361
train,31,63,171.0,154.69226,-16.30774
train,31,64,170.0,154.67432,-15.325684
train,31,65,169.0,155.33568,-13.664322
train,31,66,168.0,147.90451,-20.09549
train,31,67,167.0,143.46417,-23.535828
train,31,68,166.0,135.2921,-30.707901
train,31,69,165.0,134.71204,-30.287964
train,31,70,164.0,134.52437,-29.475632
train,31,71,163.0,139.29486,-23.70514
train,31,72,162.0,141.92772,-20.07228
train,31,73,161.0,143.29407,-17.705933
train,31,74,160.0,147.59953,-12.400467
train,31,75,159.0,149.84914,-9.150864
train,31,76,158.0,146.69142,-11.3085785
train,31,77,157.0,142.02162,-14.978378
train,31,78,156.0,131.68372,-24.316284
train,31,79,155.0,125.939926,-29.060074
train,31,80,154.0,115.67031,-38.32969
train,31,81,153.0,113.17025,-39.82975
train,31,82,152.0,116.552605,-35.447395
train,31,83,151.0,115.27735,-35.72265
train,31,84,150.0,119.48245,-30.517548
train,31,85,149.0,128.93527,-20.064728
train,31,86,148.0,138.88138,-9.118622
train,31,87,147.0,144.34865,-2.651352
train,31,88,146.0,152.45189,6.451889
train,31,89,145.0,156.08687,11.086868
train,31,90,144.0,155.61288,11.6128845
train,31,91,143.0,154.65236,11.652359
train,31,92,142.0,146.44087,4.440872
train,31,93,141.0,142.7896,1.7895966
train,31,94,140.0,131.80804,-8.191956
train,31,95,139.0,126.53733,-12.462669
train,31,96,138.0,123.407776,-14.592224
train,31,97,137.0,123.41137,-13.588631
train,31,98,136.0,131.47293,-4.527069
train,31,99,135.0,135.36595,0.36595154
train,31,100,134.0,141.01334,7.013336
train,31,101,133.0,141.86047,8.860474
train,31,102,132.0,145.72467,13.72467
train,31,103,131.0,144.41864,13.41864
train,31,104,130.0,140.96288,10.962875
train,31,105,129.0,138.08568,9.085678
train,31,106,128.0,134.1672,6.167206
train,31,107,127.0,135.75333,8.753326
train,31,108,126.0,139.64291,13.642914
train,31,109,125.0,145.8393,20.839294
train,31,110,124.0,142.50874,18.508743
train,31,111,123.0,132.56859,9.568588
train,31,112,122.0,121.4687,-0.5313034
train,31,113,121.0,120.83835,-0.16165161
train,31,114,120.0,124.00735,4.007347
train,31,115,119.0,124.448814,5.4488144
train,31,116,118.0,126.70406,8.704063
train,31,117,117.0,123.72922,6.7292175
train,31,118,116.0,124.361565,8.361565
train,31,119,115.0,125.54426,10.544258
train,31,120,114.0,118.74099,4.7409897
train,31,121,113.0,113.26171,0.26171112
train,31,122,112.0,110.30327,-1.6967316
train,31,123,111.0,109.125084,-1.8749161
train,31,124,110.0,110.34459,0.34458923
train,31,125,109.0,113.280075,4.280075
train,31,126,108.0,119.56237,11.56237
train,31,127,107.0,115.06167,8.061668
train,31,128,106.0,116.55392,10.553917
train,31,129,105.0,111.61657,6.6165695
train,31,130,104.0,108.271515,4.271515
train,31,131,103.0,99.14706,-3.8529434
train,31,132,102.0,102.819,0.81900024
train,31,133,101.0,105.26649,4.266487
train,31,134,100.0,106.99354,6.993538
train,31,135,99.0,110.23256,11.232559
train,31,136,98.0,109.91012,11.910118
train,31,137,97.0,108.23549,11.235489
train,31,138,96.0,101.66985,5.669853
train,31,139,95.0,98.95641,3.9564133
train,31,140,94.0,94.7882,0.7882004
train,31,141,93.0,94.229645,1.2296448
train,31,142,92.0,97.90509,5.9050903
train,31,143,91.0,98.42202,7.42202
train,31,144,90.0,99.720665,9.720665
train,31,145,89.0,93.245804,4.245804
train,31,146,88.0,93.45186,5.4518585
train,31,147,87.0,89.259735,2.259735
train,31,148,86.0,82.6887,-3.3113022
train,31,149,85.0,84.12052,-0.87947845
train,31,150,84.0,90.26504,6.2650375
train,31,151,83.0,94.55497,11.55497
train,31,152,82.0,97.6385,15.638496
train,31,153,81.0,98.29743,17.297432
train,31,154,80.0,99.7259,19.725899
train,31,155,79.0,94.82459,15.824593
train,31,156,78.0,91.35441,13.354408
train,31,157,77.0,87.69437,10.694366
train,31,158,76.0,82.236565,6.2365646
train,31,159,75.0,81.135506,6.1355057
train,31,160,74.0,76.91189,2.9118881
train,31,161,73.0,74.55445,1.554451
train,31,162,72.0,78.59697,6.5969696
train,31,163,71.0,79.49963,8.499634
train,31,164,70.0,84.03411,14.034111
train,31,165,69.0,87.89002,18.890022
train,31,166,68.0,92.05815,24.058151
train,31,167,67.0,93.50468,26.504677
train,31,168,66.0,93.92418,27.92418
train,31,169,65.0,91.412315,26.412315
train,31,170,64.0,87.38406,23.384064
train,31,171,63.0,86.67606,23.676064
train,31,172,62.0,77.960434,15.960434
train,31,173,61.0,72.142876,11.142876
train,31,174,60.0,65.385796,5.3857956
train,31,175,59.0,61.265396,2.265396
train,31,176,58.0,55.84281,-2.1571884
train,31,177,57.0,51.72948,-5.2705193
train,31,178,56.0,58.1077,2.1077003
train,31,179,55.0,55.54967,0.5496712
train,31,180,54.0,56.099308,2.099308
train,31,181,53.0,59.923664,6.923664
train,31,182,52.0,65.01476,13.014763
train,31,183,51.0,67.35606,16.356056
train,31,184,50.0,69.46998,19.469978
train,31,185,49.0,66.18171,17.18171
train,31,186,48.0,58.154144,10.154144
train,31,187,47.0,53.596786,6.5967865
train,31,188,46.0,49.40442,3.404419
train,31,189,45.0,44.84353,-0.15647125
train,31,190,44.0,46.4731,2.4730988
train,31,191,43.0,46.04229,3.0422897
train,31,192,42.0,49.777534,7.7775345
train,31,193,41.0,52.91034,11.910339
train,31,194,40.0,54.50406,14.504059
train,31,195,39.0,54.759346,15.759346
train,31,196,38.0,52.659855,14.659855
train,31,197,37.0,52.28115,15.281151
train,31,198,36.0,45.03515,9.035149
train,31,199,35.0,37.179558,2.1795578
train,31,200,34.0,31.882185,-2.117815
train,31,201,33.0,25.65858,-7.341419
train,31,202,32.0,18.77404,-13.22596
train,31,203,31.0,15.434262,-15.565738
train,31,204,30.0,11.473687,-18.526314
train,31,205,29.0,10.524304,-18.475697
train,31,206,28.0,8.221765,-19.778236
train,31,207,27.0,3.1543398,-23.845661
train,31,208,26.0,2.4177642,-23.582235
train,31,209,25.0,5.0215254,-19.978474
train,31,210,24.0,8.935194,-15.064806
train,31,211,23.0,8.640755,-14.359245
train,31,212,22.0,7.888219,-14.111781
train,31,213,21.0,10.590091,-10.409909
train,31,214,20.0,10.616195,-9.383805
train,31,215,19.0,9.171779,-9.828221
train,31,216,18.0,7.6711655,-10.328835
train,31,217,17.0,8.811284,-8.188716
train,31,218,16.0,12.706839,-3.2931614
train,31,219,15.0,13.4729185,-1.5270815
train,31,220,14.0,13.586144,-0.41385555
train,31,221,13.0,14.112854,1.112854
train,31,222,12.0,12.980891,0.9808912
train,31,223,11.0,11.943214,0.9432144
train,31,224,10.0,9.49191,-0.50809
train,31,225,9.0,7.977084,-1.0229158
train,31,226,8.0,8.587933,0.5879326
train,31,227,7.0,5.98461,-1.0153899
train,31,228,6.0,2.956573,-3.043427
train,31,229,5.0,5.3445163,0.34451628
train,31,230,4.0,3.4070547,-0.59294534
train,31,231,3.0,-0.045952424,-3.0459523
train,31,232,2.0,-1.6964386,-3.6964386
train,31,233,1.0,-3.3704793,-4.3704796
train,31,234,0.0,-1.1339554,-1.1339554
train,32,30,161.0,135.4526,-25.547394
train,32,31,160.0,135.5109,-24.489105
train,32,32,159.0,134.69814,-24.301865
train,32,33,158.0,137.64117,-20.358826
train,32,34,157.0,137.9677,-19.032303
train,32,35,156.0,137.2899,-18.710098
train,32,36,155.0,133.69392,-21.306076
train,32,37,154.0,132.6536,-21.346405
train,32,38,153.0,130.14766,-22.85234
train,32,39,152.0,131.97299,-20.027008
train,32,40,151.0,135.41771,-15.582291
train,32,41,150.0,133.34773,-16.652267
train,32,42,149.0,132.82272,-16.177277
train,32,43,148.0,133.5332,-14.466797
train,32,44,147.0,131.7812,-15.218796
train,32,45,146.0,133.29984,-12.700165
train,32,46,145.0,131.5373,-13.4627075
train,32,47,144.0,132.78583,-11.214172
train,32,48,143.0,138.36682,-4.6331787
train,32,49,142.0,133.6734,-8.326599
train,32,50,141.0,130.47188,-10.528122
train,32,51,140.0,134.4136,-5.5863953
train,32,52,139.0,131.87198,-7.1280212
train,32,53,138.0,127.71878,-10.2812195
train,32,54,137.0,127.01861,-9.981392
train,32,55,136.0,123.541145,-12.458855
train,32,56,135.0,118.43203,-16.56797
train,32,57,134.0,115.80501,-18.194992
train,32,58,133.0,111.57795,-21.42205
train,32,59,132.0,106.190865,-25.809135
train,32,60,131.0,105.57229,-25.427711
train,32,61,130.0,108.74454,-21.255463
train,32,62,129.0,109.2046,-19.795403
train,32,63,128.0,106.790016,-21.209984
train,32,64,127.0,107.89985,-19.100151
train,32,65,126.0,107.4245,-18.5755
train,32,66,125.0,102.4065,-22.593498
train,32,67,124.0,99.045944,-24.954056
train,32,68,123.0,98.42512,-24.574883
train,32,69,122.0,102.17584,-19.824158
train,32,70,121.0,105.75458,-15.245422
train,32,71,120.0,112.88321,-7.116791
train,32,72,119.0,115.22588,-3.7741165
train,32,73,118.0,116.80088,-1.1991196
train,32,74,117.0,120.99864,3.998642
train,32,75,116.0,118.47533,2.4753265
train,32,76,115.0,117.59622,2.596222
train,32,77,114.0,118.37118,4.3711777
train,32,78,113.0,114.04701,1.0470123
train,32,79,112.0,115.0585,3.0585022
train,32,80,111.0,113.94847,2.948471
train,32,81,110.0,110.67957,0.67957306
train,32,82,109.0,107.77383,-1.2261734
train,32,83,108.0,109.93563,1.9356308
train,32,84,107.0,109.0488,2.0487976
train,32,85,106.0,107.933136,1.933136
train,32,86,105.0,104.87213,-0.12786865
train,32,87,104.0,105.3052,1.3051987
train,32,88,103.0,99.93973,-3.0602722
train,32,89,102.0,95.631004,-6.3689957
train,32,90,101.0,96.95102,-4.0489807
train,32,91,100.0,95.29638,-4.703621
train,32,92,99.0,95.33257,-3.667427
train,32,93,98.0,92.8083,-5.191704
train,32,94,97.0,93.846016,-3.153984
train,32,95,96.0,90.0604,-5.939598
train,32,96,95.0,86.55596,-8.444038
train,32,97,94.0,85.61165,-8.388351
train,32,98,93.0,86.926125,-6.0738754
train,32,99,92.0,86.305016,-5.6949844
train,32,100,91.0,84.55129,-6.4487076
train,32,101,90.0,86.57769,-3.4223099
train,32,102,89.0,90.51957,1.5195694
train,32,103,88.0,89.62348,1.6234818
train,32,104,87.0,89.09059,2.0905914
train,32,105,86.0,84.81002,-1.1899796
train,32,106,85.0,78.615776,-6.384224
train,32,107,84.0,73.73128,-10.268723
train,32,108,83.0,70.63696,-12.363037
train,32,109,82.0,71.64721,-10.352791
train,32,110,81.0,72.89845,-8.101547
train,32,111,80.0,75.13244,-4.8675613
train,32,112,79.0,77.77595,-1.2240524
train,32,113,78.0,77.9099,-0.09010315
train,32,114,77.0,75.939,-1.060997
train,32,115,76.0,74.90408,-1.0959167
train,32,116,75.0,75.59019,0.5901871
train,32,117,74.0,74.93758,0.9375763
train,32,118,73.0,76.23645,3.2364502
train,32,119,72.0,74.596176,2.5961761
train,32,120,71.0,71.9657,0.96569824
train,32,121,70.0,73.390785,3.3907852
train,32,122,69.0,69.582184,0.58218384
train,32,123,68.0,65.828804,-2.171196
train,32,124,67.0,65.86059,-1.1394119
train,32,125,66.0,65.8662,-0.13379669
train,32,126,65.0,63.484383,-1.5156174
train,32,127,64.0,63.090073,-0.90992737
train,32,128,63.0,67.92187,4.9218674
train,32,129,62.0,72.94839,10.948387
train,32,130,61.0,72.97451,11.97451
train,32,131,60.0,70.086876,10.086876
train,32,132,59.0,65.464714,6.464714
train,32,133,58.0,64.671425,6.671425
train,32,134,57.0,63.448936,6.4489365
train,32,135,56.0,61.24533,5.245331
train,32,136,55.0,60.70208,5.70208
train,32,137,54.0,60.69522,6.695221
train,32,138,53.0,59.461983,6.4619827
train,32,139,52.0,57.16297,5.1629715
train,32,140,51.0,55.253593,4.2535934
train,32,141,50.0,54.034286,4.0342865
train,32,142,49.0,51.376816,2.3768158
train,32,143,48.0,47.266235,-0.73376465
train,32,144,47.0,45.79679,-1.2032089
train,32,145,46.0,45.843338,-0.15666199
train,32,146,45.0,44.01507,-0.98492813
train,32,147,44.0,44.857727,0.85772705
train,32,148,43.0,43.64088,0.6408806
train,32,149,42.0,44.207478,2.2074776
train,32,150,41.0,46.96409,5.9640884
train,32,151,40.0,46.628258,6.6282578
train,32,152,39.0,44.24225,5.2422485
train,32,153,38.0,43.52199,5.5219917
train,32,154,37.0,41.954124,4.9541245
train,32,155,36.0,39.383198,3.3831978
train,32,156,35.0,38.65836,3.6583595
train,32,157,34.0,36.176582,2.1765823
train,32,158,33.0,37.40328,4.4032784
train,32,159,32.0,38.4443,6.4443016
train,32,160,31.0,36.389122,5.389122
train,32,161,30.0,32.240376,2.2403755
train,32,162,29.0,29.166454,0.16645432
train,32,163,28.0,29.659578,1.6595783
train,32,164,27.0,30.635458,3.635458
train,32,165,26.0,28.33698,2.3369808
train,32,166,25.0,25.594519,0.59451866
train,32,167,24.0,21.137331,-2.862669
train,32,168,23.0,16.852468,-6.1475315
train,32,169,22.0,14.052267,-7.947733
train,32,170,21.0,11.022989,-9.977011
train,32,171,20.0,8.964377,-11.035623
train,32,172,19.0,9.680236,-9.319764
train,32,173,18.0,7.4787164,-10.521284
train,32,174,17.0,7.204861,-9.795139
train,32,175,16.0,6.6015887,-9.398411
train,32,176,15.0,5.0218225,-9.978178
train,32,177,14.0,4.664799,-9.335201
train,32,178,13.0,4.9877133,-8.012287
train,32,179,12.0,4.450504,-7.549496
train,32,180,11.0,1.8738991,-9.126101
train,32,181,10.0,-0.48107803,-10.481078
train,32,182,9.0,1.913263,-7.086737
train,32,183,8.0,6.481322,-1.5186782
train,32,184,7.0,6.5729203,-0.42707968
train,32,185,6.0,7.207517,1.2075171
train,32,186,5.0,8.097077,3.0970774
train,32,187,4.0,8.909886,4.9098864
train,32,188,3.0,6.4271264,3.4271264
train,32,189,2.0,6.570987,4.570987
train,32,190,1.0,7.7418594,6.7418594
train,32,191,0.0,7.729733,7.729733
train,33,30,170.0,159.76315,-10.236847
train,33,31,169.0,164.69334,-4.306656
train,33,32,168.0,170.00757,2.0075684
train,33,33,167.0,175.1632,8.163193
train,33,34,166.0,180.7571,14.757095
train,33,35,165.0,179.84453,14.844528
train,33,36,164.0,178.07106,14.07106
train,33,37,163.0,170.84372,7.8437195
train,33,38,162.0,166.95992,4.959915
train,33,39,161.0,156.87767,-4.1223297
train,33,40,160.0,150.8294,-9.170593
train,33,41,159.0,149.35358,-9.646423
train,33,42,158.0,153.91267,-4.087326
train,33,43,157.0,159.39032,2.3903198
train,33,44,156.0,161.37283,5.3728333
train,33,45,155.0,165.68973,10.689728
train,33,46,154.0,163.10674,9.106735
train,33,47,153.0,161.37498,8.374985
train,33,48,152.0,153.99867,1.9986725
train,33,49,151.0,151.1921,0.1920929
train,33,50,150.0,150.576,0.576004
train,33,51,149.0,149.56572,0.5657196
train,33,52,148.0,144.57788,-3.4221191
train,33,53,147.0,138.33539,-8.664612
train,33,54,146.0,136.39246,-9.607544
train,33,55,145.0,129.6334,-15.366592
train,33,56,144.0,136.1122,-7.887802
train,33,57,143.0,136.42026,-6.5797424
train,33,58,142.0,142.30696,0.30696106
train,33,59,141.0,141.70393,0.7039337
train,33,60,140.0,145.11415,5.114151
train,33,61,139.0,140.24823,1.24823
train,33,62,138.0,136.67784,-1.3221588
train,33,63,137.0,130.26639,-6.733612
train,33,64,136.0,125.1478,-10.852203
train,33,65,135.0,121.22303,-13.77697
train,33,66,134.0,116.9551,-17.044899
train,33,67,133.0,109.75723,-23.242767
train,33,68,132.0,110.354,-21.646004
train,33,69,131.0,105.057625,-25.942375
train,33,70,130.0,101.97134,-28.028664
train,33,71,129.0,104.69119,-24.308807
train,33,72,128.0,112.8693,-15.130699
train,33,73,127.0,119.97365,-7.026352
train,33,74,126.0,125.45034,-0.5496597
train,33,75,125.0,132.72084,7.7208405
train,33,76,124.0,141.32802,17.328018
train,33,77,123.0,149.58705,26.587051
train,33,78,122.0,151.9714,29.971405
train,33,79,121.0,146.45398,25.45398
train,33,80,120.0,146.43658,26.436584
train,33,81,119.0,142.84972,23.849716
train,33,82,118.0,142.6069,24.606903
train,33,83,117.0,143.87999,26.87999
train,33,84,116.0,150.61514,34.615143
train,33,85,115.0,151.0361,36.036102
train,33,86,114.0,155.9427,41.942703
train,33,87,113.0,160.67276,47.67276
train,33,88,112.0,161.38597,49.38597
train,33,89,111.0,156.11156,45.111557
train,33,90,110.0,152.55121,42.55121
train,33,91,109.0,142.12877,33.12877
train,33,92,108.0,131.6196,23.619598
train,33,93,107.0,115.10424,8.10424
train,33,94,106.0,102.22324,-3.7767563
train,33,95,105.0,89.79243,-15.207573
train,33,96,104.0,83.775276,-20.224724
train,33,97,103.0,88.20516,-14.794838
train,33,98,102.0,88.46412,-13.535881
train,33,99,101.0,87.51685,-13.483147
train,33,100,100.0,89.52972,-10.4702835
train,33,101,99.0,89.310104,-9.689896
train,33,102,98.0,92.07983,-5.9201736
train,33,103,97.0,96.079506,-0.9204941
train,33,104,96.0,93.885826,-2.114174
train,33,105,95.0,90.90925,-4.0907516
train,33,106,94.0,92.456085,-1.5439148
train,33,107,93.0,88.74322,-4.2567825
train,33,108,92.0,92.36083,0.3608322
train,33,109,91.0,97.54678,6.5467834
train,33,110,90.0,96.959595,6.9595947
train,33,111,89.0,96.837685,7.8376846
train,33,112,88.0,99.919716,11.919716
train,33,113,87.0,105.653946,18.653946
train,33,114,86.0,107.90838,21.908379
train,33,115,85.0,109.46656,24.46656
train,33,116,84.0,107.61801,23.618011
train,33,117,83.0,100.86393,17.86393
train,33,118,82.0,95.39981,13.399811
train,33,119,81.0,82.16273,1.1627274
train,33,120,80.0,72.20942,-7.7905807
train,33,121,79.0,67.94151,-11.058487
train,33,122,78.0,61.984955,-16.015045
train,33,123,77.0,58.226456,-18.773544
train,33,124,76.0,56.936325,-19.063675
train,33,125,75.0,60.138275,-14.861725
train,33,126,74.0,65.628784,-8.371216
train,33,127,73.0,68.35032,-4.649681
train,33,128,72.0,71.46317,-0.5368271
train,33,129,71.0,70.73112,-0.26888275
train,33,130,70.0,79.51966,9.519661
train,33,131,69.0,82.64081,13.640808
train,33,132,68.0,85.87914,17.879143
train,33,133,67.0,82.88947,15.889473
train,33,134,66.0,80.05242,14.052422
train,33,135,65.0,76.52683,11.526833
train,33,136,64.0,71.14072,7.1407166
train,33,137,63.0,70.87663,7.8766327
train,33,138,62.0,67.64583,5.6458282
train,33,139,61.0,73.57025,12.570251
train,33,140,60.0,75.87154,15.871536
train,33,141,59.0,81.64985,22.649849
train,33,142,58.0,83.9205,25.920502
train,33,143,57.0,81.43113,24.43113
train,33,144,56.0,79.90267,23.902672
train,33,145,55.0,76.01266,21.012657
train,33,146,54.0,78.86036,24.86036
train,33,147,53.0,72.71207,19.712067
train,33,148,52.0,66.38831,14.388313
train,33,149,51.0,61.06747,10.067471
train,33,150,50.0,56.893665,6.8936653
train,33,151,49.0,50.931854,1.9318542
train,33,152,48.0,49.078182,1.0781822
train,33,153,47.0,48.311935,1.3119354
train,33,154,46.0,50.661243,4.6612434
train,33,155,45.0,54.323467,9.323467
train,33,156,44.0,58.072525,14.072525
train,33,157,43.0,60.666748,17.666748
train,33,158,42.0,56.708595,14.708595
train,33,159,41.0,54.43096,13.430962
train,33,160,40.0,54.867203,14.867203
train,33,161,39.0,53.676064,14.676064
train,33,162,38.0,49.44509,11.445091
train,33,163,37.0,48.8996,11.899601
train,33,164,36.0,47.592175,11.592175
train,33,165,35.0,43.631104,8.6311035
train,33,166,34.0,42.21481,8.214809
train,33,167,33.0,40.53592,7.535919
train,33,168,32.0,36.79949,4.799492
train,33,169,31.0,33.477608,2.4776077
train,33,170,30.0,32.07882,2.0788193
train,33,171,29.0,38.10225,9.102249
train,33,172,28.0,36.7371,8.737099
train,33,173,27.0,33.655884,6.655884
train,33,174,26.0,37.322945,11.322945
train,33,175,25.0,37.733383,12.733383
train,33,176,24.0,33.451736,9.451736
train,33,177,23.0,32.339764,9.339764
train,33,178,22.0,30.6084,8.6084
train,33,179,21.0,31.14715,10.14715
train,33,180,20.0,28.412819,8.412819
train,33,181,19.0,25.073656,6.073656
train,33,182,18.0,25.416008,7.416008
train,33,183,17.0,24.19005,7.19005
train,33,184,16.0,20.86985,4.86985
train,33,185,15.0,17.568617,2.5686169
train,33,186,14.0,14.761476,0.76147556
train,33,187,13.0,11.982595,-1.0174046
train,33,188,12.0,13.263503,1.2635031
train,33,189,11.0,13.855822,2.8558216
train,33,190,10.0,10.22034,0.22033978
train,33,191,9.0,8.0314865,-0.9685135
train,33,192,8.0,7.3824334,-0.6175666
train,33,193,7.0,7.0494065,0.04940653
train,33,194,6.0,3.9948661,-2.0051339
train,33,195,5.0,1.8835738,-3.1164262
train,33,196,4.0,0.49234748,-3.5076525
train,33,197,3.0,1.2114112,-1.7885888
train,33,198,2.0,-0.66457033,-2.6645703
train,33,199,1.0,-1.1634644,-2.1634645
train,33,200,0.0,-0.7941457,-0.7941457
train,35,30,151.0,126.72446,-24.275543
train,35,31,150.0,121.247475,-28.752525
train,35,32,149.0,120.9538,-28.046204
train,35,33,148.0,118.318,-29.682
train,35,34,147.0,119.2633,-27.736702
train,35,35,146.0,115.22852,-30.771477
train,35,36,145.0,109.48478,-35.51522
train,35,37,144.0,106.614174,-37.385826
train,35,38,143.0,112.84732,-30.15268
train,35,39,142.0,117.115326,-24.884674
train,35,40,141.0,127.436134,-13.563866
train,35,41,140.0,129.11314,-10.886856
train,35,42,139.0,124.60659,-14.39341
train,35,43,138.0,125.0748,-12.925201
train,35,44,137.0,115.16659,-21.833412
train,35,45,136.0,113.16243,-22.83757
train,35,46,135.0,111.468544,-23.531456
train,35,47,134.0,110.91074,-23.089256
train,35,48,133.0,113.47367,-19.526329
train,35,49,132.0,121.414925,-10.585075
train,35,50,131.0,136.28914,5.289139
train,35,51,130.0,146.6579,16.657898
train,35,52,129.0,153.56105,24.56105
train,35,53,128.0,161.28401,33.28401
train,35,54,127.0,162.9714,35.971405
train,35,55,126.0,158.8454,32.845398
train,35,56,125.0,158.7385,33.738495
train,35,57,124.0,161.0207,37.020706
train,35,58,123.0,156.48842,33.48842
train,35,59,122.0,148.33142,26.33142
train,35,60,121.0,139.75302,18.753021
train,35,61,120.0,130.8278,10.827805
train,35,62,119.0,122.487595,3.4875946
train,35,63,118.0,121.43386,3.4338608
train,35,64,117.0,121.57837,4.578369
train,35,65,116.0,126.497025,10.497025
train,35,66,115.0,133.09636,18.09636
train,35,67,114.0,136.05005,22.050049
train,35,68,113.0,135.2631,22.263107
train,35,69,112.0,135.21149,23.211487
train,35,70,111.0,136.40492,25.404922
train,35,71,110.0,127.79701,17.797012
train,35,72,109.0,113.97042,4.970421
train,35,73,108.0,106.64872,-1.3512802
train,35,74,107.0,98.68296,-8.3170395
train,35,75,106.0,95.32488,-10.6751175
train,35,76,105.0,91.825,-13.175003
train,35,77,104.0,95.9484,-8.051598
train,35,78,103.0,99.18757,-3.8124313
train,35,79,102.0,111.33261,9.332611
train,35,80,101.0,124.2716,23.271599
train,35,81,100.0,122.21349,22.213493
train,35,82,99.0,124.624565,25.624565
train,35,83,98.0,122.438675,24.438675
train,35,84,97.0,120.209694,23.209694
train,35,85,96.0,117.525826,21.525826
train,35,86,95.0,117.51087,22.510872
train,35,87,94.0,116.64643,22.646431
train,35,88,93.0,115.839165,22.839165
train,35,89,92.0,120.29146,28.291458
train,35,90,91.0,123.06532,32.065323
train,35,91,90.0,128.73201,38.73201
train,35,92,89.0,132.62592,43.625916
train,35,93,88.0,139.5335,51.533493
train,35,94,87.0,139.69933,52.699326
train,35,95,86.0,136.50537,50.50537
train,35,96,85.0,133.89383,48.89383
train,35,97,84.0,132.74155,48.741547
train,35,98,83.0,129.78291,46.782913
train,35,99,82.0,126.72127,44.721268
train,35,100,81.0,124.64539,43.645393
train,35,101,80.0,119.747055,39.747055
train,35,102,79.0,117.55882,38.558823
train,35,103,78.0,118.55117,40.55117
train,35,104,77.0,114.34665,37.34665
train,35,105,76.0,111.593346,35.593346
train,35,106,75.0,107.38622,32.386223
train,35,107,74.0,105.60407,31.604073
train,35,108,73.0,104.178665,31.178665
train,35,109,72.0,101.95911,29.959106
train,35,110,71.0,96.02105,25.02105
train,35,111,70.0,89.5597,19.5597
train,35,112,69.0,83.4658,14.465797
train,35,113,68.0,77.14704,9.147041
train,35,114,67.0,79.73123,12.731232
train,35,115,66.0,79.62741,13.627411
train,35,116,65.0,79.602715,14.602715
train,35,117,64.0,79.690254,15.690254
train,35,118,63.0,83.590904,20.590904
train,35,119,62.0,85.73205,23.732048
train,35,120,61.0,85.08126,24.08126
train,35,121,60.0,81.091156,21.091156
train,35,122,59.0,77.22801,18.228012
train,35,123,58.0,80.593155,22.593155
train,35,124,57.0,80.77387,23.773872
train,35,125,56.0,76.526115,20.526115
train,35,126,55.0,74.89205,19.892052
train,35,127,54.0,75.59789,21.597893
train,35,128,53.0,73.529236,20.529236
train,35,129,52.0,71.43803,19.438026
train,35,130,51.0,71.02937,20.029373
train,35,131,50.0,68.78769,18.78769
train,35,132,49.0,63.578575,14.578575
train,35,133,48.0,58.22046,10.220459
train,35,134,47.0,54.39908,7.3990784
train,35,135,46.0,51.270435,5.2704353
train,35,136,45.0,52.784134,7.784134
train,35,137,44.0,52.950676,8.950676
train,35,138,43.0,52.474796,9.474796
train,35,139,42.0,49.74771,7.747711
train,35,140,41.0,49.06254,8.062538
train,35,141,40.0,49.114418,9.114418
train,35,142,39.0,47.158394,8.158394
train,35,143,38.0,46.26349,8.263489
train,35,144,37.0,45.755432,8.755432
train,35,145,36.0,43.878036,7.8780365
train,35,146,35.0,42.50904,7.509041
train,35,147,34.0,44.32688,10.326881
train,35,148,33.0,42.874756,9.874756
train,35,149,32.0,42.385704,10.385704
train,35,150,31.0,40.197304,9.197304
train,35,151,30.0,40.281662,10.281662
train,35,152,29.0,37.14962,8.14962
train,35,153,28.0,35.821026,7.821026
train,35,154,27.0,32.985584,5.9855843
train,35,155,26.0,31.707235,5.7072353
train,35,156,25.0,28.696466,3.6964664
train,35,157,24.0,26.582043,2.5820427
train,35,158,23.0,25.003754,2.0037537
train,35,159,22.0,21.352463,-0.64753723
train,35,160,21.0,18.072096,-2.9279041
train,35,161,20.0,18.83087,-1.1691303
train,35,162,19.0,19.61077,0.6107693
train,35,163,18.0,20.27246,2.272461
train,35,164,17.0,17.252668,0.25266838
train,35,165,16.0,12.911644,-3.088356
train,35,166,15.0,11.216655,-3.7833452
train,35,167,14.0,12.524174,-1.4758263
train,35,168,13.0,11.05741,-1.9425898
train,35,169,12.0,11.139875,-0.8601246
train,35,170,11.0,12.530162,1.5301619
train,35,171,10.0,17.171015,7.171015
train,35,172,9.0,19.01235,10.01235
train,35,173,8.0,17.061644,9.061644
train,35,174,7.0,13.5343485,6.5343485
train,35,175,6.0,13.951439,7.951439
train,35,176,5.0,15.116471,10.116471
train,35,177,4.0,15.024161,11.024161
train,35,178,3.0,15.163991,12.163991
train,35,179,2.0,13.68863,11.68863
train,35,180,1.0,13.068067,12.068067
train,35,181,0.0,10.9595,10.9595
train,36,30,128.0,143.03703,15.037033
train,36,31,127.0,143.56764,16.567642
train,36,32,126.0,148.03685,22.03685
train,36,33,125.0,148.38019,23.380188
train,36,34,124.0,141.19997,17.199966
train,36,35,123.0,137.45573,14.455734
train,36,36,122.0,126.391754,4.391754
train,36,37,121.0,118.707085,-2.2929153
train,36,38,120.0,114.83442,-5.1655807
train,36,39,119.0,108.939354,-10.060646
train,36,40,118.0,103.45213,-14.547867
train,36,41,117.0,99.71357,-17.28643
train,36,42,116.0,96.88862,-19.111382
train,36,43,115.0,95.3581,-19.6419
train,36,44,114.0,96.35377,-17.646233
train,36,45,113.0,90.87343,-22.126572
train,36,46,112.0,93.553474,-18.446526
train,36,47,111.0,97.83574,-13.164261
train,36,48,110.0,105.57139,-4.4286118
train,36,49,109.0,111.81011,2.810112
train,36,50,108.0,112.40303,4.4030304
train,36,51,107.0,113.43252,6.432518
train,36,52,106.0,112.73439,6.7343903
train,36,53,105.0,114.19421,9.194206
train,36,54,104.0,119.916405,15.916405
train,36,55,103.0,121.628815,18.628815
train,36,56,102.0,120.36844,18.368439
train,36,57,101.0,120.787865,19.787865
train,36,58,100.0,123.29327,23.293266
train,36,59,99.0,122.38647,23.386467
train,36,60,98.0,121.08857,23.08857
train,36,61,97.0,116.738914,19.738914
train,36,62,96.0,111.319824,15.319824
train,36,63,95.0,109.60414,14.604141
train,36,64,94.0,110.06089,16.06089
train,36,65,93.0,110.23809,17.23809
train,36,66,92.0,108.49117,16.491173
train,36,67,91.0,106.622604,15.622604
train,36,68,90.0,107.86419,17.86419
train,36,69,89.0,107.554695,18.554695
train,36,70,88.0,103.60121,15.601212
train,36,71,87.0,99.63086,12.630859
train,36,72,86.0,94.60959,8.609589
train,36,73,85.0,92.929634,7.929634
train,36,74,84.0,91.916565,7.916565
train,36,75,83.0,97.85332,14.853317
train,36,76,82.0,103.4342,21.434196
train,36,77,81.0,107.85877,26.858772
train,36,78,80.0,107.6224,27.622398
train,36,79,79.0,110.50982,31.509819
train,36,80,78.0,110.24204,32.242043
train,36,81,77.0,110.45738,33.457382
train,36,82,76.0,109.809006,33.809006
train,36,83,75.0,108.940834,33.940834
train,36,84,74.0,107.35992,33.359917
train,36,85,73.0,101.88007,28.880074
train,36,86,72.0,97.21991,25.21991
train,36,87,71.0,91.53118,20.531181
train,36,88,70.0,86.64256,16.642563
train,36,89,69.0,79.999756,10.999756
train,36,90,68.0,74.04171,6.04171
train,36,91,67.0,71.134186,4.134186
train,36,92,66.0,72.99908,6.999077
train,36,93,65.0,74.43592,9.435921
train,36,94,64.0,76.29726,12.297256
train,36,95,63.0,73.684074,10.684074
train,36,96,62.0,70.64305,8.643051
train,36,97,61.0,73.25884,12.258842
train,36,98,60.0,72.881966,12.881966
train,36,99,59.0,70.982414,11.982414
train,36,100,58.0,68.25195,10.251953
train,36,101,57.0,69.055244,12.055244
train,36,102,56.0,71.20258,15.202583
train,36,103,55.0,69.885704,14.885704
train,36,104,54.0,68.29844,14.298439
train,36,105,53.0,67.985855,14.985855
train,36,106,52.0,65.51208,13.512077
train,36,107,51.0,64.96109,13.96109
train,36,108,50.0,68.360725,18.360725
train,36,109,49.0,69.78544,20.785439
train,36,110,48.0,69.9257,21.925697
train,36,111,47.0,71.40005,24.400047
train,36,112,46.0,69.350365,23.350365
train,36,113,45.0,66.4104,21.4104
train,36,114,44.0,61.805054,17.805054
train,36,115,43.0,58.40262,15.402618
train,36,116,42.0,56.09094,14.090939
train,36,117,41.0,57.643135,16.643135
train,36,118,40.0,60.13356,20.13356
train,36,119,39.0,63.678055,24.678055
train,36,120,38.0,63.32637,25.32637
train,36,121,37.0,64.81376,27.813759
train,36,122,36.0,65.69139,29.691391
train,36,123,35.0,62.762497,27.762497
train,36,124,34.0,62.14765,28.147652
train,36,125,33.0,59.047577,26.047577
train,36,126,32.0,56.84371,24.843712
train,36,127,31.0,55.369102,24.369102
train,36,128,30.0,55.108685,25.108685
train,36,129,29.0,50.186016,21.186016
train,36,130,28.0,46.1156,18.1156
train,36,131,27.0,42.85399,15.853989
train,36,132,26.0,40.009544,14.009544
train,36,133,25.0,38.055237,13.055237
train,36,134,24.0,36.640934,12.640934
train,36,135,23.0,32.69172,9.691719
train,36,136,22.0,32.044476,10.044476
train,36,137,21.0,27.904753,6.9047527
train,36,138,20.0,24.164127,4.1641273
train,36,139,19.0,22.392927,3.3929272
train,36,140,18.0,21.736961,3.7369614
train,36,141,17.0,22.528679,5.528679
train,36,142,16.0,21.723198,5.723198
train,36,143,15.0,23.27973,8.27973
train,36,144,14.0,22.37854,8.37854
train,36,145,13.0,21.886518,8.8865185
train,36,146,12.0,21.402588,9.402588
train,36,147,11.0,20.031134,9.031134
train,36,148,10.0,17.378693,7.3786926
train,36,149,9.0,16.140236,7.140236
train,36,150,8.0,16.472208,8.472208
train,36,151,7.0,15.594915,8.594915
train,36,152,6.0,14.87258,8.87258
train,36,153,5.0,14.445058,9.445058
train,36,154,4.0,10.48079,6.48079
train,36,155,3.0,10.995172,7.9951715
train,36,156,2.0,11.805255,9.805255
train,36,157,1.0,9.667033,8.667033
train,36,158,0.0,9.097279,9.097279
train,37,30,140.0,116.993454,-23.006546
train,37,31,139.0,116.60967,-22.390327
train,37,32,138.0,116.96052,-21.039482
train,37,33,137.0,119.32409,-17.67591
train,37,34,136.0,124.6975,-11.302498
train,37,35,135.0,126.030495,-8.969505
train,37,36,134.0,132.59277,-1.4072266
train,37,37,133.0,136.81238,3.812378
train,37,38,132.0,137.91127,5.91127
train,37,39,131.0,144.28612,13.286118
train,37,40,130.0,149.75163,19.751633
train,37,41,129.0,148.11485,19.114853
train,37,42,128.0,144.42163,16.42163
train,37,43,127.0,137.48085,10.48085
train,37,44,126.0,130.65642,4.656418
train,37,45,125.0,123.71639,-1.2836075
train,37,46,124.0,122.17977,-1.8202286
train,37,47,123.0,123.11423,0.114227295
train,37,48,122.0,123.651566,1.6515656
train,37,49,121.0,126.24949,5.249489
train,37,50,120.0,132.11427,12.114273
train,37,51,119.0,139.74464,20.744644
train,37,52,118.0,143.76959,25.769592
train,37,53,117.0,140.61961,23.619614
train,37,54,116.0,137.7602,21.760193
train,37,55,115.0,125.02627,10.026268
train,37,56,114.0,118.634254,4.6342545
train,37,57,113.0,115.5535,2.5534973
train,37,58,112.0,108.053215,-3.946785
train,37,59,111.0,98.926346,-12.073654
train,37,60,110.0,94.3148,-15.685204
train,37,61,109.0,88.97109,-20.028908
train,37,62,108.0,84.41083,-23.589172
train,37,63,107.0,87.39576,-19.60424
train,37,64,106.0,92.97271,-13.02729
train,37,65,105.0,94.9076,-10.0924
train,37,66,104.0,102.716576,-1.2834244
train,37,67,103.0,106.01905,3.0190506
train,37,68,102.0,108.32942,6.329422
train,37,69,101.0,107.450935,6.4509354
train,37,70,100.0,108.0003,8.000298
train,37,71,99.0,100.66662,1.6666183
train,37,72,98.0,90.19308,-7.806923
train,37,73,97.0,84.875854,-12.1241455
train,37,74,96.0,88.85107,-7.1489334
train,37,75,95.0,88.10314,-6.896858
train,37,76,94.0,94.01995,0.019950867
train,37,77,93.0,98.63207,5.6320724
train,37,78,92.0,105.76133,13.76133
train,37,79,91.0,115.78731,24.787308
train,37,80,90.0,124.793434,34.793434
train,37,81,89.0,128.02019,39.020187
train,37,82,88.0,130.27448,42.274475
train,37,83,87.0,124.173546,37.173546
train,37,84,86.0,120.6148,34.6148
train,37,85,85.0,117.379036,32.379036
train,37,86,84.0,110.79185,26.791847
train,37,87,83.0,107.63825,24.638252
train,37,88,82.0,105.123146,23.123146
train,37,89,81.0,105.00295,24.002953
train,37,90,80.0,101.84905,21.849052
train,37,91,79.0,103.586105,24.586105
train,37,92,78.0,105.107834,27.107834
train,37,93,77.0,107.14498,30.144981
train,37,94,76.0,104.907455,28.907455
train,37,95,75.0,100.32168,25.321678
train,37,96,74.0,98.30418,24.304176
train,37,97,73.0,94.384544,21.384544
train,37,98,72.0,92.94143,20.94143
train,37,99,71.0,85.94068,14.940681
train,37,100,70.0,86.24207,16.242073
train,37,101,69.0,83.91141,14.911407
train,37,102,68.0,82.13725,14.137253
train,37,103,67.0,72.524704,5.524704
train,37,104,66.0,72.430626,6.430626
train,37,105,65.0,71.76565,6.765648
train,37,106,64.0,70.59275,6.5927505
train,37,107,63.0,75.87001,12.87001
train,37,108,62.0,80.19349,18.19349
train,37,109,61.0,76.87443,15.874428
train,37,110,60.0,74.21392,14.213921
train,37,111,59.0,76.68331,17.683311
train,37,112,58.0,74.16096,16.160957
train,37,113,57.0,75.86324,18.863243
train,37,114,56.0,80.77476,24.774757
train,37,115,55.0,79.90597,24.905968
train,37,116,54.0,79.37876,25.378761
train,37,117,53.0,83.27987,30.27987
train,37,118,52.0,79.94532,27.94532
train,37,119,51.0,77.36573,26.36573
train,37,120,50.0,78.59332,28.593323
train,37,121,49.0,75.03698,26.03698
train,37,122,48.0,70.532585,22.532585
train,37,123,47.0,70.475624,23.475624
train,37,124,46.0,69.09283,23.092827
train,37,125,45.0,64.058266,19.058266
train,37,126,44.0,62.45229,18.45229
train,37,127,43.0,60.778576,17.778576
train,37,128,42.0,57.080486,15.080486
train,37,129,41.0,51.040607,10.040607
train,37,130,40.0,49.77327,9.77327
train,37,131,39.0,51.466293,12.466293
train,37,132,38.0,47.571835,9.571835
train,37,133,37.0,41.544724,4.5447235
train,37,134,36.0,38.04367,2.0436707
train,37,135,35.0,36.67494,1.6749382
train,37,136,34.0,33.334488,-0.6655121
train,37,137,33.0,35.470966,2.4709663
train,37,138,32.0,35.916306,3.9163055
train,37,139,31.0,35.339787,4.3397865
train,37,140,30.0,36.48958,6.4895782
train,37,141,29.0,38.97839,9.97839
train,37,142,28.0,37.636944,9.636944
train,37,143,27.0,33.994774,6.994774
train,37,144,26.0,30.944994,4.944994
train,37,145,25.0,29.671568,4.671568
train,37,146,24.0,30.269165,6.269165
train,37,147,23.0,28.405348,5.405348
train,37,148,22.0,29.949144,7.9491444
train,37,149,21.0,26.896494,5.896494
train,37,150,20.0,24.621922,4.6219215
train,37,151,19.0,23.195738,4.195738
train,37,152,18.0,22.061323,4.061323
train,37,153,17.0,17.513063,0.51306343
train,37,154,16.0,16.837246,0.83724594
train,37,155,15.0,17.03391,2.0339108
train,37,156,14.0,16.084969,2.0849686
train,37,157,13.0,16.056984,3.056984
train,37,158,12.0,11.86596,-0.13403988
train,37,159,11.0,8.845891,-2.154109
train,37,160,10.0,6.7345977,-3.2654023
train,37,161,9.0,7.5532894,-1.4467106
train,37,162,8.0,9.707322,1.7073221
train,37,163,7.0,9.549857,2.5498571
train,37,164,6.0,8.778272,2.7782717
train,37,165,5.0,6.0526567,1.0526567
train,37,166,4.0,5.5558662,1.5558662
train,37,167,3.0,7.3069844,4.3069844
train,37,168,2.0,5.8232856,3.8232856
train,37,169,1.0,4.686924,3.686924
train,37,170,0.0,4.944642,4.944642
train,38,30,164.0,122.34082,-41.65918
train,38,31,163.0,124.64567,-38.354332
train,38,32,162.0,130.0345,-31.9655
train,38,33,161.0,136.87556,-24.124435
train,38,34,160.0,142.93544,-17.06456
train,38,35,159.0,155.03026,-3.9697418
train,38,36,158.0,164.88843,6.8884277
train,38,37,157.0,173.25777,16.257767
train,38,38,156.0,169.75401,13.754013
train,38,39,155.0,162.77765,7.777649
train,38,40,154.0,153.80397,-0.19602966
train,38,41,153.0,143.43013,-9.56987
train,38,42,152.0,138.37956,-13.620438
train,38,43,151.0,133.51541,-17.484589
train,38,44,150.0,141.00258,-8.997421
train,38,45,149.0,145.96657,-3.033432
train,38,46,148.0,154.43556,6.435562
train,38,47,147.0,156.79231,9.792313
train,38,48,146.0,154.1146,8.1145935
train,38,49,145.0,147.23209,2.2320862
train,38,50,144.0,136.12315,-7.8768463
train,38,51,143.0,129.16713,-13.8328705
train,38,52,142.0,120.429054,-21.570946
train,38,53,141.0,116.61146,-24.388542
train,38,54,140.0,113.49912,-26.500877
train,38,55,139.0,115.06413,-23.935867
train,38,56,138.0,123.11132,-14.8886795
train,38,57,137.0,126.56815,-10.431847
train,38,58,136.0,130.98715,-5.012848
train,38,59,135.0,137.12077,2.1207733
train,38,60,134.0,136.61348,2.6134796
train,38,61,133.0,141.05449,8.054489
train,38,62,132.0,147.02406,15.024063
train,38,63,131.0,152.25972,21.25972
train,38,64,130.0,154.39952,24.39952
train,38,65,129.0,157.09746,28.097458
train,38,66,128.0,154.6563,26.656296
train,38,67,127.0,155.87144,28.871445
train,38,68,126.0,157.01569,31.015686
train,38,69,125.0,155.66258,30.662582
train,38,70,124.0,157.14067,33.14067
train,38,71,123.0,164.09624,41.096237
train,38,72,122.0,169.02493,47.024933
train,38,73,121.0,175.44872,54.448715
train,38,74,120.0,170.63956,50.639557
train,38,75,119.0,161.73622,42.73622
train,38,76,118.0,151.49963,33.499634
train,38,77,117.0,134.36296,17.36296
train,38,78,116.0,119.072624,3.0726242
train,38,79,115.0,102.23742,-12.762581
train,38,80,114.0,93.79102,-20.208977
train,38,81,113.0,89.76218,-23.237823
train,38,82,112.0,94.77581,-17.22419
train,38,83,111.0,97.928925,-13.071075
train,38,84,110.0,102.02537,-7.9746323
train,38,85,109.0,103.90986,-5.0901413
train,38,86,108.0,98.5134,-9.486603
train,38,87,107.0,100.54958,-6.4504166
train,38,88,106.0,102.84344,-3.1565628
train,38,89,105.0,106.27078,1.2707825
train,38,90,104.0,111.8541,7.854103
train,38,91,103.0,118.81806,15.818062
train,38,92,102.0,122.92086,20.92086
train,38,93,101.0,125.87589,24.875893
train,38,94,100.0,123.819824,23.819824
train,38,95,99.0,120.88774,21.887741
train,38,96,98.0,120.60938,22.609383
train,38,97,97.0,122.0411,25.0411
train,38,98,96.0,120.85547,24.855469
train,38,99,95.0,119.86514,24.865143
train,38,100,94.0,115.43181,21.431808
train,38,101,93.0,112.51692,19.516922
train,38,102,92.0,113.28442,21.284416
train,38,103,91.0,106.024864,15.024864
train,38,104,90.0,97.94376,7.9437637
train,38,105,89.0,88.10984,-0.8901596
train,38,106,88.0,82.031364,-5.9686356
train,38,107,87.0,73.65269,-13.347313
train,38,108,86.0,71.156265,-14.843735
train,38,109,85.0,71.80154,-13.198463
train,38,110,84.0,78.35595,-5.6440506
train,38,111,83.0,82.98465,-0.015350342
train,38,112,82.0,85.55145,3.5514526
train,38,113,81.0,93.11332,12.113319
train,38,114,80.0,96.718895,16.718895
train,38,115,79.0,98.93299,19.932991
train,38,116,78.0,105.79844,27.798439
train,38,117,77.0,114.09174,37.091743
train,38,118,76.0,115.25289,39.25289
train,38,119,75.0,113.42922,38.429222
train,38,120,74.0,116.86518,42.86518
train,38,121,73.0,114.309555,41.309555
train,38,122,72.0,110.62299,38.622993
train,38,123,71.0,109.770584,38.770584
train,38,124,70.0,109.84683,39.846832
train,38,125,69.0,112.705246,43.705246
train,38,126,68.0,115.054695,47.054695
train,38,127,67.0,112.333046,45.333046
train,38,128,66.0,109.04249,43.04249
train,38,129,65.0,106.67596,41.675957
train,38,130,64.0,102.26426,38.26426
train,38,131,63.0,99.1917,36.191704
train,38,132,62.0,92.413315,30.413315
train,38,133,61.0,83.75092,22.750923
train,38,134,60.0,77.35051,17.35051
train,38,135,59.0,71.92934,12.929337
train,38,136,58.0,67.77784,9.77784
train,38,137,57.0,66.05629,9.05629
train,38,138,56.0,65.80587,9.80587
train,38,139,55.0,64.457565,9.457565
train,38,140,54.0,64.5657,10.565697
train,38,141,53.0,66.17481,13.174812
train,38,142,52.0,67.01734,15.017342
train,38,143,51.0,68.81451,17.814507
train,38,144,50.0,65.71637,15.71637
train,38,145,49.0,64.502884,15.502884
train,38,146,48.0,62.32722,14.327221
train,38,147,47.0,60.780167,13.780167
train,38,148,46.0,56.269665,10.269665
train,38,149,45.0,52.60736,7.607361
train,38,150,44.0,53.269096,9.269096
train,38,151,43.0,55.194733,12.194733
train,38,152,42.0,55.579216,13.579216
train,38,153,41.0,53.413097,12.413097
train,38,154,40.0,48.5238,8.5238
train,38,155,39.0,44.980167,5.9801674
train,38,156,38.0,43.139847,5.139847
train,38,157,37.0,41.99683,4.99683
train,38,158,36.0,40.39382,4.3938217
train,38,159,35.0,41.86738,6.867378
train,38,160,34.0,39.58539,5.585388
train,38,161,33.0,40.4083,7.4082985
train,38,162,32.0,40.287483,8.287483
train,38,163,31.0,40.472527,9.472527
train,38,164,30.0,39.837513,9.837513
train,38,165,29.0,37.336174,8.336174
train,38,166,28.0,33.277237,5.277237
train,38,167,27.0,29.026497,2.026497
train,38,168,26.0,28.633116,2.6331158
train,38,169,25.0,26.864183,1.8641834
train,38,170,24.0,24.028543,0.028543472
train,38,171,23.0,23.512379,0.5123787
train,38,172,22.0,24.703829,2.7038288
train,38,173,21.0,25.941175,4.9411755
train,38,174,20.0,20.000788,0.000787735
train,38,175,19.0,18.091816,-0.90818405
train,38,176,18.0,16.6312,-1.3687992
train,38,177,17.0,16.014343,-0.98565674
train,38,178,16.0,13.877326,-2.122674
train,38,179,15.0,13.780795,-1.2192049
train,38,180,14.0,14.757552,0.75755215
train,38,181,13.0,15.291343,2.2913427
train,38,182,12.0,13.303521,1.3035212
train,38,183,11.0,10.344938,-0.6550617
train,38,184,10.0,12.688573,2.688573
train,38,185,9.0,14.421859,5.421859
train,38,186,8.0,11.235375,3.2353754
train,38,187,7.0,6.683541,-0.31645918
train,38,188,6.0,7.387388,1.3873882
train,38,189,5.0,8.060548,3.0605478
train,38,190,4.0,9.445996,5.4459963
train,38,191,3.0,8.066951,5.066951
train,38,192,2.0,6.304895,4.304895
train,38,193,1.0,5.86124,4.86124
train,38,194,0.0,3.3243828,3.3243828
train,39,30,98.0,120.12707,22.127068
train,39,31,97.0,115.17574,18.175743
train,39,32,96.0,113.329956,17.329956
train,39,33,95.0,107.94553,12.945534
train,39,34,94.0,104.11975,10.119751
train,39,35,93.0,103.57157,10.571571
train,39,36,92.0,100.024666,8.024666
train,39,37,91.0,95.05136,4.051361
train,39,38,90.0,89.55832,-0.4416809
train,39,39,89.0,85.10976,-3.8902435
train,39,40,88.0,77.8393,-10.160698
train,39,41,87.0,77.42733,-9.57267
train,39,42,86.0,77.4292,-8.570801
train,39,43,85.0,72.84434,-12.155663
train,39,44,84.0,72.137535,-11.862465
train,39,45,83.0,74.90291,-8.097092
train,39,46,82.0,78.61346,-3.3865433
train,39,47,81.0,74.87898,-6.1210175
train,39,48,80.0,78.31841,-1.6815872
train,39,49,79.0,83.49497,4.494972
train,39,50,78.0,86.99104,8.991043
train,39,51,77.0,91.38991,14.389908
train,39,52,76.0,97.59761,21.59761
train,39,53,75.0,103.35758,28.357582
train,39,54,74.0,108.432594,34.432594
train,39,55,73.0,110.52163,37.52163
train,39,56,72.0,106.78211,34.782112
train,39,57,71.0,107.06449,36.06449
train,39,58,70.0,105.51374,35.51374
train,39,59,69.0,105.811,36.810997
train,39,60,68.0,104.664345,36.664345
train,39,61,67.0,102.891815,35.891815
train,39,62,66.0,103.883064,37.883064
train,39,63,65.0,103.017815,38.017815
train,39,64,64.0,103.7659,39.7659
train,39,65,63.0,101.212685,38.212685
train,39,66,62.0,95.763466,33.763466
train,39,67,61.0,91.4684,30.4684
train,39,68,60.0,88.16736,28.167358
train,39,69,59.0,82.75403,23.754028
train,39,70,58.0,77.51454,19.514542
train,39,71,57.0,73.00034,16.000343
train,39,72,56.0,66.64843,10.64843
train,39,73,55.0,63.23168,8.231682
train,39,74,54.0,64.16152,10.161522
train,39,75,53.0,62.697876,9.697876
train,39,76,52.0,62.635914,10.635914
train,39,77,51.0,61.952713,10.952713
train,39,78,50.0,64.16706,14.167061
train,39,79,49.0,66.48846,17.488457
train,39,80,48.0,65.01147,17.011467
train,39,81,47.0,64.78286,17.78286
train,39,82,46.0,62.645195,16.645195
train,39,83,45.0,59.00923,14.009232
train,39,84,44.0,51.469135,7.4691353
train,39,85,43.0,45.353287,2.3532867
train,39,86,42.0,41.82151,-0.17848969
train,39,87,41.0,39.957664,-1.0423355
train,39,88,40.0,42.896706,2.8967056
train,39,89,39.0,46.959526,7.959526
train,39,90,38.0,44.21951,6.219509
train,39,91,37.0,43.18248,6.18248
train,39,92,36.0,41.899063,5.899063
train,39,93,35.0,38.320988,3.3209877
train,39,94,34.0,33.76947,-0.23052979
train,39,95,33.0,31.302902,-1.6970978
train,39,96,32.0,27.45883,-4.54117
train,39,97,31.0,24.86593,-6.1340694
train,39,98,30.0,21.78908,-8.21092
train,39,99,29.0,23.91335,-5.086651
train,39,100,28.0,24.669214,-3.3307858
train,39,101,27.0,28.722214,1.7222137
train,39,102,26.0,31.098549,5.098549
train,39,103,25.0,30.705032,5.7050323
train,39,104,24.0,29.254341,5.254341
train,39,105,23.0,28.136538,5.1365376
train,39,106,22.0,31.547993,9.547993
train,39,107,21.0,34.93211,13.93211
train,39,108,20.0,38.81253,18.81253
train,39,109,19.0,40.27913,21.279129
train,39,110,18.0,35.521915,17.521915
train,39,111,17.0,33.920784,16.920784
train,39,112,16.0,31.446774,15.446774
train,39,113,15.0,25.813452,10.813452
train,39,114,14.0,24.960012,10.960012
train,39,115,13.0,19.593836,6.593836
train,39,116,12.0,18.10509,6.105089
train,39,117,11.0,16.705517,5.705517
train,39,118,10.0,17.125404,7.1254044
train,39,119,9.0,10.91004,1.9100399
train,39,120,8.0,6.9716945,-1.0283055
train,39,121,7.0,4.007438,-2.9925618
train,39,122,6.0,2.0236638,-3.9763362
train,39,123,5.0,0.7587868,-4.2412133
train,39,124,4.0,2.3430636,-1.6569364
train,39,125,3.0,2.71029,-0.28971004
train,39,126,2.0,3.1218522,1.1218522
train,39,127,1.0,0.83178806,-0.16821194
train,39,128,0.0,0.06432368,0.06432368
train,40,30,158.0,122.79015,-35.209846
train,40,31,157.0,126.5178,-30.4822
train,40,32,156.0,129.88124,-26.11876
train,40,33,155.0,138.02132,-16.978683
train,40,34,154.0,139.09065,-14.909348
train,40,35,153.0,140.61621,-12.383789
train,40,36,152.0,137.59015,-14.409851
train,40,37,151.0,135.9121,-15.087906
train,40,38,150.0,132.6989,-17.301102
train,40,39,149.0,126.80778,-22.192223
train,40,40,148.0,120.57217,-27.427834
train,40,41,147.0,118.6303,-28.369698
train,40,42,146.0,115.39313,-30.606873
train,40,43,145.0,113.72355,-31.276451
train,40,44,144.0,111.72669,-32.273308
train,40,45,143.0,110.63858,-32.36142
train,40,46,142.0,108.27782,-33.722183
train,40,47,141.0,103.87803,-37.12197
train,40,48,140.0,97.461105,-42.538895
train,40,49,139.0,95.12598,-43.874023
train,40,50,138.0,90.52894,-47.47106
train,40,51,137.0,88.516914,-48.483086
train,40,52,136.0,87.77542,-48.22458
train,40,53,135.0,89.43129,-45.56871
train,40,54,134.0,91.238655,-42.761345
train,40,55,133.0,94.04931,-38.95069
train,40,56,132.0,100.27681,-31.72319
train,40,57,131.0,109.0212,-21.978798
train,40,58,130.0,116.58556,-13.414436
train,40,59,129.0,122.4177,-6.5822983
train,40,60,128.0,124.6304,-3.3695984
train,40,61,127.0,124.249,-2.7509995
train,40,62,126.0,123.7358,-2.2641983
train,40,63,125.0,124.3937,-0.60630035
train,40,64,124.0,121.3013,-2.6987
train,40,65,123.0,120.17429,-2.8257065
train,40,66,122.0,120.19987,-1.8001328
train,40,67,121.0,123.84545,2.8454514
train,40,68,120.0,126.406395,6.406395
train,40,69,119.0,128.21092,9.210922
train,40,70,118.0,134.66025,16.660248
train,40,71,117.0,140.02531,23.025314
train,40,72,116.0,139.7136,23.713593
train,40,73,115.0,138.00996,23.009964
train,40,74,114.0,135.71133,21.711334
train,40,75,113.0,130.15785,17.157852
train,40,76,112.0,124.841774,12.841774
train,40,77,111.0,116.66985,5.669853
train,40,78,110.0,113.05713,3.057129
train,40,79,109.0,109.33,0.33000183
train,40,80,108.0,104.41572,-3.584282
train,40,81,107.0,103.84291,-3.1570892
train,40,82,106.0,107.09819,1.0981903
train,40,83,105.0,107.9356,2.9356003
train,40,84,104.0,104.74255,0.7425537
train,40,85,103.0,101.58535,-1.41465
train,40,86,102.0,101.9372,-0.06279755
train,40,87,101.0,96.418335,-4.581665
train,40,88,100.0,93.111595,-6.888405
train,40,89,99.0,87.498924,-11.501076
train,40,90,98.0,85.42292,-12.57708
train,40,91,97.0,78.83023,-18.16977
train,40,92,96.0,76.07859,-19.92141
train,40,93,95.0,75.21719,-19.782806
train,40,94,94.0,76.45899,-17.541008
train,40,95,93.0,77.26316,-15.736839
train,40,96,92.0,81.124054,-10.875946
train,40,97,91.0,83.59014,-7.4098587
train,40,98,90.0,88.88408,-1.115921
train,40,99,89.0,90.18571,1.1857071
train,40,100,88.0,90.225395,2.2253952
train,40,101,87.0,89.076164,2.0761642
train,40,102,86.0,83.52823,-2.4717712
train,40,103,85.0,81.28474,-3.7152634
train,40,104,84.0,81.09963,-2.9003677
train,40,105,83.0,81.7651,-1.2349014
train,40,106,82.0,82.28132,0.28131866
train,40,107,81.0,87.9872,6.987198
train,40,108,80.0,87.86382,7.863823
train,40,109,79.0,85.412994,6.4129944
train,40,110,78.0,82.59165,4.591652
train,40,111,77.0,80.05578,3.0557785
train,40,112,76.0,80.582275,4.5822754
train,40,113,75.0,79.430885,4.4308853
train,40,114,74.0,79.862724,5.8627243
train,40,115,73.0,82.62231,9.622307
train,40,116,72.0,79.30415,7.3041534
train,40,117,71.0,76.24006,5.240059
train,40,118,70.0,75.013115,5.013115
train,40,119,69.0,74.42318,5.4231796
train,40,120,68.0,71.53175,3.5317535
train,40,121,67.0,70.207466,3.2074661
train,40,122,66.0,68.13375,2.133751
train,40,123,65.0,68.36419,3.3641891
train,40,124,64.0,65.442085,1.4420853
train,40,125,63.0,65.51206,2.512062
train,40,126,62.0,61.52408,-0.47592163
train,40,127,61.0,57.685036,-3.3149643
train,40,128,60.0,52.9012,-7.0988007
train,40,129,59.0,49.936165,-9.063835
train,40,130,58.0,47.018658,-10.981342
train,40,131,57.0,47.433365,-9.566635
train,40,132,56.0,45.42606,-10.57394
train,40,133,55.0,43.43893,-11.5610695
train,40,134,54.0,41.97769,-12.022308
train,40,135,53.0,42.05805,-10.941952
train,40,136,52.0,41.554398,-10.445602
train,40,137,51.0,40.7406,-10.259399
train,40,138,50.0,41.693882,-8.306118
train,40,139,49.0,43.231766,-5.7682343
train,40,140,48.0,43.187725,-4.812275
train,40,141,47.0,44.412834,-2.5871658
train,40,142,46.0,43.746696,-2.2533035
train,40,143,45.0,43.861168,-1.1388321
train,40,144,44.0,42.479942,-1.5200577
train,40,145,43.0,40.45752,-2.5424805
train,40,146,42.0,38.212006,-3.7879944
train,40,147,41.0,37.716496,-3.2835045
train,40,148,40.0,37.879097,-2.120903
train,40,149,39.0,37.98525,-1.0147514
train,40,150,38.0,39.15087,1.1508713
train,40,151,37.0,40.049015,3.049015
train,40,152,36.0,38.71559,2.7155914
train,40,153,35.0,38.849407,3.8494072
train,40,154,34.0,36.69427,2.694271
train,40,155,33.0,31.838036,-1.1619644
train,40,156,32.0,29.48405,-2.5159492
train,40,157,31.0,24.644283,-6.3557167
train,40,158,30.0,22.765133,-7.234867
train,40,159,29.0,21.118042,-7.881958
train,40,160,28.0,19.463413,-8.536587
train,40,161,27.0,18.570505,-8.429495
train,40,162,26.0,18.252872,-7.7471275
train,40,163,25.0,16.931513,-8.068487
train,40,164,24.0,15.358258,-8.641742
train,40,165,23.0,17.521093,-5.4789066
train,40,166,22.0,22.05351,0.053510666
train,40,167,21.0,22.366507,1.3665066
train,40,168,20.0,17.881472,-2.1185284
train,40,169,19.0,13.804464,-5.1955357
train,40,170,18.0,10.012988,-7.987012
train,40,171,17.0,12.364195,-4.635805
train,40,172,16.0,16.127783,0.12778282
train,40,173,15.0,13.715186,-1.2848139
train,40,174,14.0,12.841163,-1.1588373
train,40,175,13.0,10.646806,-2.3531942
train,40,176,12.0,9.864953,-2.135047
train,40,177,11.0,10.533793,-0.46620655
train,40,178,10.0,13.268117,3.268117
train,40,179,9.0,13.2881365,4.2881365
train,40,180,8.0,12.302495,4.302495
train,40,181,7.0,10.306431,3.3064308
train,40,182,6.0,9.663924,3.6639242
train,40,183,5.0,8.986168,3.986168
train,40,184,4.0,7.4515433,3.4515433
train,40,185,3.0,7.1082616,4.1082616
train,40,186,2.0,7.1706376,5.1706376
train,40,187,1.0,9.2855425,8.2855425
train,40,188,0.0,6.172809,6.172809
train,41,30,186.0,138.93768,-47.062317
train,41,31,185.0,134.55275,-50.44725
train,41,32,184.0,126.578545,-57.421455
train,41,33,183.0,126.70336,-56.29664
train,41,34,182.0,122.35126,-59.648743
train,41,35,181.0,122.53266,-58.46734
train,41,36,180.0,125.29045,-54.70955
train,41,37,179.0,130.09827,-48.901733
train,41,38,178.0,140.52814,-37.471863
train,41,39,177.0,143.77333,-33.22667
train,41,40,176.0,152.15123,-23.84877
train,41,41,175.0,164.52122,-10.478775
train,41,42,174.0,163.86281,-10.137192
train,41,43,173.0,163.71205,-9.287949
train,41,44,172.0,166.50099,-5.499008
train,41,45,171.0,168.31941,-2.6805878
train,41,46,170.0,172.58592,2.5859222
train,41,47,169.0,171.48912,2.4891205
train,41,48,168.0,173.07234,5.072342
train,41,49,167.0,162.62236,-4.37764
train,41,50,166.0,154.44466,-11.555344
train,41,51,165.0,144.9206,-20.079407
train,41,52,164.0,141.02956,-22.970444
train,41,53,163.0,136.55945,-26.440552
train,41,54,162.0,140.43143,-21.568573
train,41,55,161.0,139.95888,-21.041122
train,41,56,160.0,138.94856,-21.051437
train,41,57,159.0,136.94463,-22.055374
train,41,58,158.0,133.10579,-24.89421
train,41,59,157.0,131.25473,-25.74527
train,41,60,156.0,130.95192,-25.04808
train,41,61,155.0,128.14122,-26.85878
train,41,62,154.0,123.6096,-30.390404
train,41,63,153.0,116.86314,-36.136864
train,41,64,152.0,111.65373,-40.346268
train,41,65,151.0,110.30593,-40.69407
train,41,66,150.0,106.77665,-43.22335
train,41,67,149.0,108.071625,-40.928375
train,41,68,148.0,101.89353,-46.10647
train,41,69,147.0,102.71294,-44.287064
train,41,70,146.0,105.251236,-40.748764
train,41,71,145.0,111.47344,-33.526558
train,41,72,144.0,122.39657,-21.603432
train,41,73,143.0,127.57739,-15.422607
train,41,74,142.0,133.95003,-8.049973
train,41,75,141.0,135.13342,-5.866577
train,41,76,140.0,128.43152,-11.568481
train,41,77,139.0,120.11313,-18.886871
train,41,78,138.0,113.58083,-24.419167
train,41,79,137.0,112.50224,-24.497757
train,41,80,136.0,116.865456,-19.134544
train,41,81,135.0,126.0434,-8.956596
train,41,82,134.0,130.8118,-3.188202
train,41,83,133.0,132.15785,-0.8421478
train,41,84,132.0,132.14073,0.14073181
train,41,85,131.0,130.6344,-0.3656006
train,41,86,130.0,133.10597,3.1059723
train,41,87,129.0,143.4067,14.4066925
train,41,88,128.0,151.88173,23.88173
train,41,89,127.0,155.83453,28.834534
train,41,90,126.0,160.9882,34.988205
train,41,91,125.0,160.1776,35.177597
train,41,92,124.0,157.23763,33.237625
train,41,93,123.0,152.8755,29.875504
train,41,94,122.0,148.20949,26.209488
train,41,95,121.0,142.0081,21.008102
train,41,96,120.0,134.71599,14.715988
train,41,97,119.0,124.68737,5.6873703
train,41,98,118.0,122.41113,4.411133
train,41,99,117.0,121.82152,4.821518
train,41,100,116.0,118.869896,2.869896
train,41,101,115.0,118.15092,3.150917
train,41,102,114.0,108.96172,-5.0382767
train,41,103,113.0,101.821266,-11.178734
train,41,104,112.0,102.274536,-9.725464
train,41,105,111.0,99.672966,-11.327034
train,41,106,110.0,101.86854,-8.131462
train,41,107,109.0,104.867546,-4.132454
train,41,108,108.0,105.794556,-2.2054443
train,41,109,107.0,101.23551,-5.764488
train,41,110,106.0,96.16671,-9.83329
train,41,111,105.0,96.108025,-8.891975
train,41,112,104.0,97.68737,-6.3126297
train,41,113,103.0,91.55053,-11.4494705
train,41,114,102.0,94.53846,-7.46154
train,41,115,101.0,97.14942,-3.8505783
train,41,116,100.0,102.15906,2.1590576
train,41,117,99.0,106.633896,7.633896
train,41,118,98.0,106.46798,8.467979
train,41,119,97.0,105.83963,8.83963
train,41,120,96.0,110.19901,14.199013
train,41,121,95.0,111.37743,16.377434
train,41,122,94.0,108.67458,14.674583
train,41,123,93.0,104.618866,11.618866
train,41,124,92.0,100.03929,8.039291
train,41,125,91.0,90.72997,-0.27002716
train,41,126,90.0,84.19045,-5.8095474
train,41,127,89.0,80.07758,-8.922417
train,41,128,88.0,70.3187,-17.681297
train,41,129,87.0,68.63166,-18.36834
train,41,130,86.0,65.30088,-20.69912
train,41,131,85.0,68.892235,-16.107765
train,41,132,84.0,68.53017,-15.469833
train,41,133,83.0,69.67263,-13.32737
train,41,134,82.0,74.21795,-7.782051
train,41,135,81.0,70.89741,-10.102592
train,41,136,80.0,73.73615,-6.2638474
train,41,137,79.0,79.29229,0.29228973
train,41,138,78.0,81.49659,3.4965897
train,41,139,77.0,83.62382,6.6238174
train,41,140,76.0,76.10217,0.10217285
train,41,141,75.0,73.58667,-1.4133301
train,41,142,74.0,70.4453,-3.5547028
train,41,143,73.0,70.99027,-2.0097275
train,41,144,72.0,76.607475,4.6074753
train,41,145,71.0,80.41331,9.413307
train,41,146,70.0,79.01906,9.019058
train,41,147,69.0,76.97164,7.9716415
train,41,148,68.0,76.014,8.014
train,41,149,67.0,72.81799,5.817993
train,41,150,66.0,68.76109,2.7610931
train,41,151,65.0,65.56965,0.56964874
train,41,152,64.0,59.002422,-4.9975777
train,41,153,63.0,51.57724,-11.42276
train,41,154,62.0,50.552315,-11.447685
train,41,155,61.0,49.4859,-11.514099
train,41,156,60.0,49.362602,-10.637398
train,41,157,59.0,52.953476,-6.046524
train,41,158,58.0,49.685486,-8.314514
train,41,159,57.0,49.184814,-7.8151855
train,41,160,56.0,46.69243,-9.307571
train,41,161,55.0,41.358444,-13.641556
train,41,162,54.0,42.625305,-11.374695
train,41,163,53.0,41.99691,-11.00309
train,41,164,52.0,39.63897,-12.361031
train,41,165,51.0,38.62066,-12.379341
train,41,166,50.0,38.242996,-11.757004
train,41,167,49.0,33.041416,-15.958584
train,41,168,48.0,29.132004,-18.867996
train,41,169,47.0,27.176142,-19.823858
train,41,170,46.0,29.255882,-16.744118
train,41,171,45.0,32.748642,-12.251358
train,41,172,44.0,31.706875,-12.293125
train,41,173,43.0,36.267384,-6.7326164
train,41,174,42.0,41.07526,-0.92473984
train,41,175,41.0,41.883034,0.88303375
train,41,176,40.0,35.869118,-4.1308823
train,41,177,39.0,33.22239,-5.777611
train,41,178,38.0,35.998543,-2.0014572
train,41,179,37.0,37.752007,0.75200653
train,41,180,36.0,41.85672,5.85672
train,41,181,35.0,47.863808,12.863808
train,41,182,34.0,49.511673,15.511673
train,41,183,33.0,53.01919,20.019192
train,41,184,32.0,52.43783,20.437832
train,41,185,31.0,51.3119,20.311901
train,41,186,30.0,51.412834,21.412834
train,41,187,29.0,51.713875,22.713875
train,41,188,28.0,45.902744,17.902744
train,41,189,27.0,39.8561,12.856098
train,41,190,26.0,37.060898,11.060898
train,41,191,25.0,34.26181,9.26181
train,41,192,24.0,34.613075,10.613075
train,41,193,23.0,33.075108,10.075108
train,41,194,22.0,29.131712,7.131712
train,41,195,21.0,23.73635,2.736349
train,41,196,20.0,19.417461,-0.5825386
train,41,197,19.0,17.002443,-1.9975567
train,41,198,18.0,16.375736,-1.6242638
train,41,199,17.0,15.369033,-1.6309671
train,41,200,16.0,12.941062,-3.058938
train,41,201,15.0,7.30557,-7.69443
train,41,202,14.0,4.8867307,-9.11327
train,41,203,13.0,2.8933394,-10.106661
train,41,204,12.0,4.9722342,-7.0277658
train,41,205,11.0,2.780103,-8.219897
train,41,206,10.0,3.2049277,-6.7950726
train,41,207,9.0,6.9902434,-2.0097566
train,41,208,8.0,7.7935977,-0.2064023
train,41,209,7.0,6.619261,-0.3807392
train,41,210,6.0,6.1333904,0.13339043
train,41,211,5.0,8.247034,3.247034
train,41,212,4.0,7.548507,3.5485072
train,41,213,3.0,5.7664776,2.7664776
train,41,214,2.0,4.0939126,2.0939126
train,41,215,1.0,3.0100193,2.0100193
train,41,216,0.0,3.033851,3.033851
train,42,30,166.0,132.72682,-33.27318
train,42,31,165.0,143.26237,-21.737625
train,42,32,164.0,141.44533,-22.554672
train,42,33,163.0,141.35295,-21.647049
train,42,34,162.0,141.089,-20.910995
train,42,35,161.0,151.78023,-9.219772
train,42,36,160.0,155.44911,-4.550888
train,42,37,159.0,153.17456,-5.8254395
train,42,38,158.0,148.06357,-9.936432
train,42,39,157.0,135.66054,-21.339462
train,42,40,156.0,129.4135,-26.586502
train,42,41,155.0,129.59697,-25.40303
train,42,42,154.0,135.83678,-18.163223
train,42,43,153.0,141.97159,-11.028412
train,42,44,152.0,146.263,-5.7369995
train,42,45,151.0,145.83884,-5.1611633
train,42,46,150.0,139.58842,-10.411575
train,42,47,149.0,135.45387,-13.546127
train,42,48,148.0,136.81302,-11.186981
train,42,49,147.0,133.48341,-13.516586
train,42,50,146.0,130.97328,-15.026718
train,42,51,145.0,132.62364,-12.376358
train,42,52,144.0,129.5761,-14.423904
train,42,53,143.0,127.24587,-15.7541275
train,42,54,142.0,125.86088,-16.139122
train,42,55,141.0,131.37321,-9.626785
train,42,56,140.0,136.9485,-3.0514984
train,42,57,139.0,136.04814,-2.9518585
train,42,58,138.0,137.7943,-0.20570374
train,42,59,137.0,131.06255,-5.937454
train,42,60,136.0,128.75308,-7.2469177
train,42,61,135.0,127.58604,-7.4139633
train,42,62,134.0,124.397125,-9.602875
train,42,63,133.0,124.369865,-8.630135
train,42,64,132.0,122.98506,-9.014938
train,42,65,131.0,122.77742,-8.22258
train,42,66,130.0,112.471886,-17.528114
train,42,67,129.0,104.28263,-24.71737
train,42,68,128.0,100.1981,-27.801903
train,42,69,127.0,110.26961,-16.730392
train,42,70,126.0,115.777695,-10.222305
train,42,71,125.0,119.8326,-5.1673965
train,42,72,124.0,121.62643,-2.3735733
train,42,73,123.0,116.66801,-6.331993
train,42,74,122.0,109.389244,-12.610756
train,42,75,121.0,102.73452,-18.26548
train,42,76,120.0,98.11796,-21.882042
train,42,77,119.0,100.86199,-18.138008
train,42,78,118.0,104.960556,-13.039444
train,42,79,117.0,105.67542,-11.324577
train,42,80,116.0,111.70283,-4.2971725
train,42,81,115.0,114.77969,-0.2203064
train,42,82,114.0,115.58742,1.5874176
train,42,83,113.0,111.13378,-1.8662186
train,42,84,112.0,107.44556,-4.5544434
train,42,85,111.0,103.543724,-7.456276
train,42,86,110.0,96.27144,-13.728561
train,42,87,109.0,95.475914,-13.524086
train,42,88,108.0,95.07012,-12.929878
train,42,89,107.0,92.833244,-14.166756
train,42,90,106.0,98.27131,-7.728691
train,42,91,105.0,98.43168,-6.568321
train,42,92,104.0,104.196236,0.19623566
train,42,93,103.0,107.76296,4.7629623
train,42,94,102.0,104.29737,2.297371
train,42,95,101.0,103.975266,2.9752655
train,42,96,100.0,102.31318,2.313179
train,42,97,99.0,102.63627,3.6362686
train,42,98,98.0,100.6563,2.6563034
train,42,99,97.0,102.79186,5.7918625
train,42,100,96.0,93.88631,-2.1136932
train,42,101,95.0,94.27415,-0.72585297
train,42,102,94.0,89.21107,-4.788933
train,42,103,93.0,85.99386,-7.0061417
train,42,104,92.0,95.73267,3.7326736
train,42,105,91.0,104.442505,13.442505
train,42,106,90.0,113.41421,23.414207
train,42,107,89.0,115.67264,26.672638
train,42,108,88.0,112.45228,24.452278
train,42,109,87.0,103.499,16.499
train,42,110,86.0,98.87095,12.870949
train,42,111,85.0,90.57295,5.5729523
train,42,112,84.0,82.790886,-1.2091141
train,42,113,83.0,77.53624,-5.4637604
train,42,114,82.0,77.309135,-4.6908646
train,42,115,81.0,73.71756,-7.28244
train,42,116,80.0,68.15098,-11.849022
train,42,117,79.0,65.283775,-13.716225
train,42,118,78.0,61.809097,-16.190903
train,42,119,77.0,63.556515,-13.443485
train,42,120,76.0,64.56987,-11.43013
train,42,121,75.0,68.41382,-6.5861816
train,42,122,74.0,68.60959,-5.3904114
train,42,123,73.0,64.4894,-8.510597
train,42,124,72.0,63.627228,-8.372772
train,42,125,71.0,63.638557,-7.3614426
train,42,126,70.0,69.335045,-0.66495514
train,42,127,69.0,74.96743,5.96743
train,42,128,68.0,76.69746,8.697456
train,42,129,67.0,83.005196,16.005196
train,42,130,66.0,87.68738,21.687378
train,42,131,65.0,89.983955,24.983955
train,42,132,64.0,88.849174,24.849174
train,42,133,63.0,90.720634,27.720634
train,42,134,62.0,93.22258,31.22258
train,42,135,61.0,90.38945,29.38945
train,42,136,60.0,90.12932,30.129318
train,42,137,59.0,88.479,29.478996
train,42,138,58.0,87.959785,29.959785
train,42,139,57.0,89.2237,32.2237
train,42,140,56.0,93.21201,37.212013
train,42,141,55.0,93.11463,38.11463
train,42,142,54.0,94.33654,40.33654
train,42,143,53.0,93.45908,40.459084
train,42,144,52.0,90.505554,38.505554
train,42,145,51.0,83.48134,32.48134
train,42,146,50.0,77.42576,27.425758
train,42,147,49.0,75.31408,26.31408
train,42,148,48.0,73.8494,25.849403
train,42,149,47.0,70.39511,23.395111
train,42,150,46.0,63.591255,17.591255
train,42,151,45.0,59.143158,14.143158
train,42,152,44.0,55.56675,11.56675
train,42,153,43.0,57.900322,14.900322
train,42,154,42.0,61.64436,19.64436
train,42,155,41.0,66.33935,25.339348
train,42,156,40.0,68.12983,28.12983
train,42,157,39.0,70.36023,31.36023
train,42,158,38.0,68.43676,30.43676
train,42,159,37.0,66.57549,29.575493
train,42,160,36.0,65.61736,29.617363
train,42,161,35.0,60.752106,25.752106
train,42,162,34.0,56.922073,22.922073
train,42,163,33.0,53.480087,20.480087
train,42,164,32.0,49.160873,17.160873
train,42,165,31.0,44.332,13.332001
train,42,166,30.0,42.81131,12.81131
train,42,167,29.0,39.384087,10.384087
train,42,168,28.0,37.56329,9.56329
train,42,169,27.0,37.938713,10.938713
train,42,170,26.0,38.345116,12.345116
train,42,171,25.0,34.459225,9.459225
train,42,172,24.0,32.23206,8.2320595
train,42,173,23.0,30.53095,7.5309505
train,42,174,22.0,29.362217,7.362217
train,42,175,21.0,26.849064,5.849064
train,42,176,20.0,24.844206,4.844206
train,42,177,19.0,21.5703,2.5702991
train,42,178,18.0,18.692875,0.6928749
train,42,179,17.0,15.02925,-1.9707499
train,42,180,16.0,12.412347,-3.5876532
train,42,181,15.0,10.919781,-4.0802193
train,42,182,14.0,9.96079,-4.0392103
train,42,183,13.0,8.934155,-4.0658445
train,42,184,12.0,9.707866,-2.2921343
train,42,185,11.0,10.533658,-0.46634197
train,42,186,10.0,15.749004,5.7490044
train,42,187,9.0,18.362665,9.362665
train,42,188,8.0,16.565844,8.565844
train,42,189,7.0,13.376309,6.3763094
train,42,190,6.0,12.808485,6.808485
train,42,191,5.0,13.6626625,8.6626625
train,42,192,4.0,11.614103,7.6141033
train,42,193,3.0,11.792035,8.792035
train,42,194,2.0,9.080901,7.080901
train,42,195,1.0,7.5875564,6.5875564
train,42,196,0.0,6.6547027,6.6547027
train,44,30,162.0,144.51912,-17.48088
train,44,31,161.0,137.24547,-23.754532
train,44,32,160.0,135.31914,-24.680862
train,44,33,159.0,132.01671,-26.983292
train,44,34,158.0,130.7604,-27.239594
train,44,35,157.0,126.42304,-30.576958
train,44,36,156.0,119.50576,-36.49424
train,44,37,155.0,115.36125,-39.63875
train,44,38,154.0,112.131676,-41.868324
train,44,39,153.0,105.6765,-47.3235
train,44,40,152.0,108.98964,-43.01036
train,44,41,151.0,110.89009,-40.10991
train,44,42,150.0,109.53573,-40.46427
train,44,43,149.0,109.609146,-39.390854
train,44,44,148.0,113.06795,-34.932053
train,44,45,147.0,113.92449,-33.07551
train,44,46,146.0,114.98087,-31.019127
train,44,47,145.0,111.41694,-33.58306
train,44,48,144.0,111.133,-32.866997
train,44,49,143.0,115.48144,-27.518562
train,44,50,142.0,124.029884,-17.970116
train,44,51,141.0,124.374405,-16.625595
train,44,52,140.0,131.1628,-8.837204
train,44,53,139.0,141.9383,2.9382935
train,44,54,138.0,140.37318,2.3731842
train,44,55,137.0,137.30025,0.3002472
train,44,56,136.0,131.34203,-4.6579742
train,44,57,135.0,132.18779,-2.81221
train,44,58,134.0,135.20671,1.2067108
train,44,59,133.0,139.64778,6.6477814
train,44,60,132.0,136.85255,4.8525543
train,44,61,131.0,137.8715,6.8715057
train,44,62,130.0,138.3593,8.359299
train,44,63,129.0,136.04959,7.049591
train,44,64,128.0,137.40645,9.406448
train,44,65,127.0,138.2596,11.259598
train,44,66,126.0,135.23027,9.23027
train,44,67,125.0,133.67708,8.677078
train,44,68,124.0,133.5673,9.5673065
train,44,69,123.0,131.89232,8.892319
train,44,70,122.0,128.20694,6.2069397
train,44,71,121.0,122.8128,1.8127975
train,44,72,120.0,120.9383,0.9383011
train,44,73,119.0,114.104546,-4.8954544
train,44,74,118.0,115.11122,-2.8887787
train,44,75,117.0,112.538506,-4.4614944
train,44,76,116.0,115.31272,-0.68727875
train,44,77,115.0,114.93955,-0.060447693
train,44,78,114.0,116.97459,2.9745865
train,44,79,113.0,116.96191,3.9619064
train,44,80,112.0,114.00649,2.0064926
train,44,81,111.0,106.72651,-4.273491
train,44,82,110.0,100.49102,-9.50898
train,44,83,109.0,109.54935,0.5493469
train,44,84,108.0,106.10253,-1.8974686
train,44,85,107.0,108.2829,1.282898
train,44,86,106.0,105.06335,-0.93665314
train,44,87,105.0,105.535805,0.53580475
train,44,88,104.0,99.975914,-4.024086
train,44,89,103.0,100.37348,-2.6265182
train,44,90,102.0,100.398125,-1.6018753
train,44,91,101.0,98.97167,-2.028328
train,44,92,100.0,91.0806,-8.919403
train,44,93,99.0,93.228714,-5.771286
train,44,94,98.0,90.74264,-7.2573624
train,44,95,97.0,86.26545,-10.73455
train,44,96,96.0,85.344925,-10.655075
train,44,97,95.0,86.543724,-8.456276
train,44,98,94.0,81.0225,-12.977501
train,44,99,93.0,82.94667,-10.053329
train,44,100,92.0,88.67971,-3.3202896
train,44,101,91.0,96.96317,5.963173
train,44,102,90.0,97.36619,7.366188
train,44,103,89.0,103.88657,14.886574
train,44,104,88.0,104.49651,16.496513
train,44,105,87.0,106.40528,19.405281
train,44,106,86.0,104.06669,18.066689
train,44,107,85.0,97.91893,12.91893
train,44,108,84.0,91.55979,7.5597916
train,44,109,83.0,90.533516,7.533516
train,44,110,82.0,92.48693,10.486931
train,44,111,81.0,93.04215,12.042152
train,44,112,80.0,97.76714,17.767143
train,44,113,79.0,98.00388,19.003883
train,44,114,78.0,98.56467,20.564667
train,44,115,77.0,99.35346,22.353462
train,44,116,76.0,99.8972,23.897202
train,44,117,75.0,101.09884,26.098839
train,44,118,74.0,99.09001,25.090012
train,44,119,73.0,104.813255,31.813255
train,44,120,72.0,101.900024,29.900024
train,44,121,71.0,100.31023,29.310226
train,44,122,70.0,104.583755,34.583755
train,44,123,69.0,103.095085,34.095085
train,44,124,68.0,97.3641,29.364098
train,44,125,67.0,97.031364,30.031364
train,44,126,66.0,97.33996,31.339958
train,44,127,65.0,96.42922,31.429222
train,44,128,64.0,95.12887,31.128868
train,44,129,63.0,99.0743,36.074303
train,44,130,62.0,101.3745,39.374496
train,44,131,61.0,100.45054,39.45054
train,44,132,60.0,101.69131,41.691307
train,44,133,59.0,98.65212,39.652122
train,44,134,58.0,93.59071,35.590714
train,44,135,57.0,83.30552,26.30552
train,44,136,56.0,78.76281,22.76281
train,44,137,55.0,69.72622,14.726219
train,44,138,54.0,63.58526,9.5852585
train,44,139,53.0,58.679447,5.679447
train,44,140,52.0,53.927017,1.9270172
train,44,141,51.0,51.588055,0.58805466
train,44,142,50.0,51.01835,1.0183487
train,44,143,49.0,46.47223,-2.527771
train,44,144,48.0,42.68194,-5.318062
train,44,145,47.0,41.00708,-5.99292
train,44,146,46.0,36.900528,-9.099472
train,44,147,45.0,37.01224,-7.9877586
train,44,148,44.0,40.631027,-3.3689728
train,44,149,43.0,42.64073,-0.3592682
train,44,150,42.0,40.87095,-1.1290512
train,44,151,41.0,40.511993,-0.4880066
train,44,152,40.0,38.71974,-1.2802582
train,44,153,39.0,34.40615,-4.593849
train,44,154,38.0,31.60369,-6.396311
train,44,155,37.0,33.041958,-3.9580421
train,44,156,36.0,37.52057,1.5205688
train,44,157,35.0,39.97649,4.97649
train,44,158,34.0,42.262985,8.262985
train,44,159,33.0,39.74522,6.74522
train,44,160,32.0,40.972076,8.972076
train,44,161,31.0,43.058136,12.058136
train,44,162,30.0,42.411667,12.411667
train,44,163,29.0,39.060184,10.0601845
train,44,164,28.0,37.84568,9.84568
train,44,165,27.0,35.26589,8.265888
train,44,166,26.0,35.56853,9.568531
train,44,167,25.0,33.788303,8.788303
train,44,168,24.0,32.405598,8.405598
train,44,169,23.0,32.60355,9.60355
train,44,170,22.0,30.871574,8.871574
train,44,171,21.0,27.108944,6.108944
train,44,172,20.0,25.419744,5.4197445
train,44,173,19.0,26.086554,7.0865536
train,44,174,18.0,24.97819,6.9781895
train,44,175,17.0,23.875473,6.875473
train,44,176,16.0,23.163286,7.163286
train,44,177,15.0,23.340092,8.340092
train,44,178,14.0,22.486052,8.486052
train,44,179,13.0,20.210886,7.210886
train,44,180,12.0,16.406918,4.4069176
train,44,181,11.0,17.237186,6.2371864
train,44,182,10.0,16.609186,6.609186
train,44,183,9.0,14.47725,5.47725
train,44,184,8.0,10.371921,2.3719206
train,44,185,7.0,8.090732,1.0907316
train,44,186,6.0,8.600579,2.6005793
train,44,187,5.0,9.332704,4.3327036
train,44,188,4.0,6.689607,2.6896071
train,44,189,3.0,3.2774742,0.27747416
train,44,190,2.0,2.3115242,0.31152415
train,44,191,1.0,4.750251,3.7502508
train,44,192,0.0,5.940753,5.940753
train,45,30,128.0,137.69496,9.694962
train,45,31,127.0,139.43758,12.437576
train,45,32,126.0,139.18108,13.181076
train,45,33,125.0,140.51236,15.51236
train,45,34,124.0,137.7699,13.769897
train,45,35,123.0,128.03873,5.038727
train,45,36,122.0,130.38554,8.385544
train,45,37,121.0,127.69967,6.699669
train,45,38,120.0,128.74286,8.742859
train,45,39,119.0,128.37544,9.3754425
train,45,40,118.0,130.19867,12.198669
train,45,41,117.0,129.95735,12.957352
train,45,42,116.0,135.88916,19.88916
train,45,43,115.0,148.52785,33.527847
train,45,44,114.0,157.99634,43.996338
train,45,45,113.0,156.56227,43.56227
train,45,46,112.0,151.65971,39.659714
train,45,47,111.0,149.78079,38.780792
train,45,48,110.0,149.28009,39.28009
train,45,49,109.0,139.76546,30.765457
train,45,50,108.0,133.21805,25.218048
train,45,51,107.0,124.9668,17.966797
train,45,52,106.0,120.36237,14.362373
train,45,53,105.0,108.87517,3.8751678
train,45,54,104.0,111.242516,7.2425156
train,45,55,103.0,107.79621,4.7962112
train,45,56,102.0,108.83636,6.836357
train,45,57,101.0,105.693985,4.693985
train,45,58,100.0,102.857956,2.857956
train,45,59,99.0,103.53198,4.5319824
train,45,60,98.0,100.52517,2.5251694
train,45,61,97.0,103.70051,6.700508
train,45,62,96.0,99.21691,3.2169113
train,45,63,95.0,105.39723,10.397232
train,45,64,94.0,109.161125,15.161125
train,45,65,93.0,108.212074,15.212074
train,45,66,92.0,107.5777,15.577698
train,45,67,91.0,110.78907,19.78907
train,45,68,90.0,113.93636,23.936363
train,45,69,89.0,122.24164,33.24164
train,45,70,88.0,122.9441,34.9441
train,45,71,87.0,126.095634,39.095634
train,45,72,86.0,126.47498,40.474983
train,45,73,85.0,127.55239,42.55239
train,45,74,84.0,126.43817,42.43817
train,45,75,83.0,125.98681,42.98681
train,45,76,82.0,131.2606,49.260605
train,45,77,81.0,125.46361,44.463608
train,45,78,80.0,125.7398,45.7398
train,45,79,79.0,119.28939,40.28939
train,45,80,78.0,113.95702,35.957024
train,45,81,77.0,110.07099,33.07099
train,45,82,76.0,104.10318,28.10318
train,45,83,75.0,95.04781,20.047813
train,45,84,74.0,92.41265,18.412651
train,45,85,73.0,88.969734,15.969734
train,45,86,72.0,81.20347,9.203468
train,45,87,71.0,76.93093,5.930931
train,45,88,70.0,72.9439,2.943901
train,45,89,69.0,73.3072,4.3071976
train,45,90,68.0,72.63438,4.6343765
train,45,91,67.0,65.869484,-1.130516
train,45,92,66.0,61.267082,-4.732918
train,45,93,65.0,60.289837,-4.710163
train,45,94,64.0,59.07137,-4.928631
train,45,95,63.0,63.187992,0.1879921
train,45,96,62.0,73.026146,11.026146
train,45,97,61.0,68.15124,7.1512375
train,45,98,60.0,63.185463,3.185463
train,45,99,59.0,57.366432,-1.6335678
train,45,100,58.0,48.65265,-9.347351
train,45,101,57.0,40.458378,-16.541622
train,45,102,56.0,37.547073,-18.452927
train,45,103,55.0,41.866333,-13.133667
train,45,104,54.0,45.809097,-8.190903
train,45,105,53.0,47.08466,-5.9153404
train,45,106,52.0,42.147827,-9.852173
train,45,107,51.0,49.760796,-1.2392044
train,45,108,50.0,51.15753,1.1575317
train,45,109,49.0,49.91998,0.9199791
train,45,110,48.0,49.770782,1.7707825
train,45,111,47.0,52.951103,5.951103
train,45,112,46.0,55.305595,9.305595
train,45,113,45.0,56.4334,11.433399
train,45,114,44.0,53.243706,9.243706
train,45,115,43.0,52.36315,9.363152
train,45,116,42.0,48.601078,6.601078
train,45,117,41.0,43.2574,2.2574005
train,45,118,40.0,35.988556,-4.011444
train,45,119,39.0,33.343216,-5.656784
train,45,120,38.0,31.057024,-6.942976
train,45,121,37.0,31.918509,-5.0814915
train,45,122,36.0,32.596317,-3.4036827
train,45,123,35.0,33.52909,-1.4709091
train,45,124,34.0,36.793938,2.7939377
train,45,125,33.0,38.45065,5.4506493
train,45,126,32.0,30.137445,-1.8625546
train,45,127,31.0,23.772985,-7.2270145
train,45,128,30.0,21.724295,-8.275705
train,45,129,29.0,19.57366,-9.42634
train,45,130,28.0,15.974704,-12.025296
train,45,131,27.0,12.630883,-14.369117
train,45,132,26.0,8.801618,-17.198383
train,45,133,25.0,6.0380416,-18.961958
train,45,134,24.0,2.0141332,-21.985867
train,45,135,23.0,2.3011024,-20.698898
train,45,136,22.0,0.29455376,-21.705446
train,45,137,21.0,-3.6667893,-24.66679
train,45,138,20.0,-0.13241379,-20.132414
train,45,139,19.0,2.5099626,-16.490038
train,45,140,18.0,3.1172073,-14.882792
train,45,141,17.0,8.317073,-8.682927
train,45,142,16.0,4.977642,-11.022358
train,45,143,15.0,3.2987618,-11.701239
train,45,144,14.0,6.4833093,-7.5166907
train,45,145,13.0,8.3842745,-4.6157255
train,45,146,12.0,5.7977,-6.2023
train,45,147,11.0,4.1456637,-6.8543363
train,45,148,10.0,2.4687169,-7.5312834
train,45,149,9.0,1.5652001,-7.4348
train,45,150,8.0,3.6563022,-4.3436975
train,45,151,7.0,6.1783524,-0.82164764
train,45,152,6.0,6.360125,0.36012506
train,45,153,5.0,6.5446944,1.5446944
train,45,154,4.0,8.805764,4.805764
train,45,155,3.0,8.010704,5.010704
train,45,156,2.0,4.2415357,2.2415357
train,45,157,1.0,1.2517699,0.2517699
train,45,158,0.0,1.1809667,1.1809667
train,46,30,226.0,152.27858,-73.72142
train,46,31,225.0,157.65918,-67.34082
train,46,32,224.0,156.35689,-67.64311
train,46,33,223.0,158.07274,-64.92726
train,46,34,222.0,157.13766,-64.862335
train,46,35,221.0,156.83989,-64.16011
train,46,36,220.0,154.35524,-65.64476
train,46,37,219.0,157.39255,-61.607452
train,46,38,218.0,156.34764,-61.65236
train,46,39,217.0,153.33714,-63.662857
train,46,40,216.0,152.87932,-63.12068
train,46,41,215.0,151.17381,-63.826187
train,46,42,214.0,148.66888,-65.331116
train,46,43,213.0,150.17377,-62.826233
train,46,44,212.0,146.73323,-65.26677
train,46,45,211.0,151.57027,-59.429733
train,46,46,210.0,153.54372,-56.456284
train,46,47,209.0,155.73607,-53.26393
train,46,48,208.0,153.88094,-54.119064
train,46,49,207.0,159.4698,-47.530197
train,46,50,206.0,151.10368,-54.896317
train,46,51,205.0,147.0904,-57.909607
train,46,52,204.0,143.31882,-60.681183
train,46,53,203.0,145.4653,-57.5347
train,46,54,202.0,137.34209,-64.65791
train,46,55,201.0,141.3839,-59.616104
train,46,56,200.0,141.934,-58.065994
train,46,57,199.0,141.91463,-57.085373
train,46,58,198.0,149.23915,-48.76085
train,46,59,197.0,153.78583,-43.214172
train,46,60,196.0,162.14212,-33.85788
train,46,61,195.0,161.12514,-33.874863
train,46,62,194.0,163.45883,-30.541168
train,46,63,193.0,166.82634,-26.17366
train,46,64,192.0,172.23311,-19.766891
train,46,65,191.0,170.76154,-20.238464
train,46,66,190.0,167.45506,-22.544937
train,46,67,189.0,163.57394,-25.426056
train,46,68,188.0,162.36906,-25.630936
train,46,69,187.0,158.93144,-28.068558
train,46,70,186.0,162.50038,-23.499619
train,46,71,185.0,162.3766,-22.623398
train,46,72,184.0,164.97765,-19.022354
train,46,73,183.0,166.17558,-16.824417
train,46,74,182.0,164.50432,-17.495682
train,46,75,181.0,164.78159,-16.218414
train,46,76,180.0,159.76239,-20.23761
train,46,77,179.0,155.64348,-23.356522
train,46,78,178.0,158.06903,-19.93097
train,46,79,177.0,152.42046,-24.579544
train,46,80,176.0,156.28719,-19.712814
train,46,81,175.0,154.11464,-20.88536
train,46,82,174.0,148.62108,-25.378922
train,46,83,173.0,139.10204,-33.897964
train,46,84,172.0,131.4296,-40.570404
train,46,85,171.0,132.6668,-38.333206
train,46,86,170.0,133.22462,-36.775375
train,46,87,169.0,127.33579,-41.664207
train,46,88,168.0,128.00848,-39.991516
train,46,89,167.0,131.26747,-35.73253
train,46,90,166.0,138.13937,-27.860626
train,46,91,165.0,139.20816,-25.79184
train,46,92,164.0,138.78346,-25.216537
train,46,93,163.0,139.21797,-23.782028
train,46,94,162.0,138.07272,-23.927277
train,46,95,161.0,140.73418,-20.265823
train,46,96,160.0,141.8727,-18.127304
train,46,97,159.0,145.73154,-13.268463
train,46,98,158.0,146.87,-11.130005
train,46,99,157.0,146.49141,-10.508591
train,46,100,156.0,145.25943,-10.74057
train,46,101,155.0,137.58171,-17.41829
train,46,102,154.0,138.0032,-15.996796
train,46,103,153.0,133.94264,-19.057358
train,46,104,152.0,140.13411,-11.8658905
train,46,105,151.0,147.01381,-3.9861908
train,46,106,150.0,146.73183,-3.2681732
train,46,107,149.0,147.68622,-1.3137817
train,46,108,148.0,142.04153,-5.9584656
train,46,109,147.0,130.24121,-16.75879
train,46,110,146.0,119.12223,-26.87777
train,46,111,145.0,116.2157,-28.784302
train,46,112,144.0,107.87336,-36.12664
train,46,113,143.0,103.22695,-39.77305
train,46,114,142.0,101.67287,-40.327133
train,46,115,141.0,104.82782,-36.17218
train,46,116,140.0,107.34122,-32.658783
train,46,117,139.0,106.41902,-32.58098
train,46,118,138.0,105.960594,-32.039406
train,46,119,137.0,100.57482,-36.42518
train,46,120,136.0,95.708275,-40.291725
train,46,121,135.0,89.65241,-45.347588
train,46,122,134.0,84.824,-49.176003
train,46,123,133.0,82.21467,-50.78533
train,46,124,132.0,79.57407,-52.425926
train,46,125,131.0,80.93142,-50.06858
train,46,126,130.0,81.43685,-48.56315
train,46,127,129.0,88.94309,-40.056908
train,46,128,128.0,96.83389,-31.166107
train,46,129,127.0,105.459435,-21.540565
train,46,130,126.0,116.94705,-9.052948
train,46,131,125.0,127.242805,2.2428055
train,46,132,124.0,132.99562,8.995621
train,46,133,123.0,136.71846,13.71846
train,46,134,122.0,134.7904,12.790405
train,46,135,121.0,134.6635,13.663498
train,46,136,120.0,134.66742,14.667419
train,46,137,119.0,136.25749,17.257492
train,46,138,118.0,135.79582,17.795822
train,46,139,117.0,142.66393,25.663925
train,46,140,116.0,150.01656,34.016556
train,46,141,115.0,151.2404,36.240402
train,46,142,114.0,157.05144,43.051437
train,46,143,113.0,163.03941,50.039413
train,46,144,112.0,163.6632,51.663193
train,46,145,111.0,158.19434,47.194336
train,46,146,110.0,148.88043,38.880432
train,46,147,109.0,137.07187,28.071869
train,46,148,108.0,130.78918,22.789185
train,46,149,107.0,121.9595,14.959503
train,46,150,106.0,110.31699,4.3169937
train,46,151,105.0,100.47687,-4.5231323
train,46,152,104.0,89.79919,-14.200813
train,46,153,103.0,88.99052,-14.009483
train,46,154,102.0,86.56338,-15.436623
train,46,155,101.0,78.0607,-22.9393
train,46,156,100.0,73.42069,-26.579308
train,46,157,99.0,71.41804,-27.581963
train,46,158,98.0,69.826004,-28.173996
train,46,159,97.0,73.59651,-23.403488
train,46,160,96.0,76.57731,-19.422691
train,46,161,95.0,79.983864,-15.016136
train,46,162,94.0,84.64571,-9.354286
train,46,163,93.0,88.74142,-4.258583
train,46,164,92.0,91.451485,-0.5485153
train,46,165,91.0,94.414314,3.4143143
train,46,166,90.0,95.00352,5.003517
train,46,167,89.0,95.234604,6.234604
train,46,168,88.0,98.216774,10.216774
train,46,169,87.0,94.05153,7.051529
train,46,170,86.0,104.18779,18.18779
train,46,171,85.0,117.30099,32.300987
train,46,172,84.0,123.40026,39.40026
train,46,173,83.0,125.171074,42.171074
train,46,174,82.0,121.20544,39.205437
train,46,175,81.0,122.005104,41.005104
train,46,176,80.0,115.982414,35.982414
train,46,177,79.0,114.02098,35.02098
train,46,178,78.0,110.85609,32.856087
train,46,179,77.0,109.6352,32.6352
train,46,180,76.0,102.6499,26.649902
train,46,181,75.0,97.32197,22.321968
train,46,182,74.0,89.39784,15.397842
train,46,183,73.0,84.69881,11.698807
train,46,184,72.0,77.94228,5.9422836
train,46,185,71.0,78.54181,7.541809
train,46,186,70.0,84.18722,14.187218
train,46,187,69.0,84.22941,15.229408
train,46,188,68.0,86.8564,18.8564
train,46,189,67.0,81.809814,14.809814
train,46,190,66.0,81.084595,15.084595
train,46,191,65.0,80.800575,15.800575
train,46,192,64.0,75.96227,11.962273
train,46,193,63.0,72.46425,9.464249
train,46,194,62.0,73.02767,11.027672
train,46,195,61.0,68.26594,7.265938
train,46,196,60.0,71.70694,11.70694
train,46,197,59.0,72.69401,13.694008
train,46,198,58.0,76.154076,18.154076
train,46,199,57.0,76.623116,19.623116
train,46,200,56.0,80.718605,24.718605
train,46,201,55.0,78.07556,23.075562
train,46,202,54.0,72.16973,18.169731
train,46,203,53.0,71.338066,18.338066
train,46,204,52.0,66.80398,14.803978
train,46,205,51.0,65.45975,14.459747
train,46,206,50.0,64.735214,14.735214
train,46,207,49.0,63.07482,14.074821
train,46,208,48.0,62.34849,14.348492
train,46,209,47.0,59.56121,12.561211
train,46,210,46.0,55.456764,9.456764
train,46,211,45.0,54.04563,9.045631
train,46,212,44.0,53.68021,9.68021
train,46,213,43.0,52.846287,9.846287
train,46,214,42.0,53.2575,11.2575
train,46,215,41.0,51.131287,10.131287
train,46,216,40.0,44.798965,4.7989655
train,46,217,39.0,40.32346,1.3234596
train,46,218,38.0,37.616386,-0.3836136
train,46,219,37.0,37.57226,0.5722618
train,46,220,36.0,36.616493,0.6164932
train,46,221,35.0,33.033237,-1.9667625
train,46,222,34.0,30.878395,-3.121605
train,46,223,33.0,33.94112,0.94112015
train,46,224,32.0,39.798687,7.798687
train,46,225,31.0,42.268127,11.268127
train,46,226,30.0,43.651375,13.651375
train,46,227,29.0,42.13109,13.131088
train,46,228,28.0,41.542564,13.542564
train,46,229,27.0,39.572987,12.572987
train,46,230,26.0,38.988815,12.988815
train,46,231,25.0,37.295994,12.295994
train,46,232,24.0,36.895397,12.895397
train,46,233,23.0,39.018173,16.018173
train,46,234,22.0,37.704067,15.704067
train,46,235,21.0,34.991226,13.991226
train,46,236,20.0,31.821121,11.821121
train,46,237,19.0,33.105103,14.105103
train,46,238,18.0,32.548912,14.548912
train,46,239,17.0,31.37545,14.37545
train,46,240,16.0,30.300632,14.300632
train,46,241,15.0,29.770372,14.770372
train,46,242,14.0,27.298307,13.298307
train,46,243,13.0,24.222795,11.2227955
train,46,244,12.0,20.591711,8.591711
train,46,245,11.0,18.102606,7.102606
train,46,246,10.0,14.266121,4.266121
train,46,247,9.0,10.465356,1.4653559
train,46,248,8.0,8.861478,0.86147785
train,46,249,7.0,8.0229845,1.0229845
train,46,250,6.0,6.7600107,0.7600107
train,46,251,5.0,6.027859,1.0278592
train,46,252,4.0,3.2741318,-0.7258682
train,46,253,3.0,3.2139337,0.2139337
train,46,254,2.0,1.0014515,-0.9985485
train,46,255,1.0,0.15606369,-0.8439363
train,46,256,0.0,-1.4580339,-1.4580339
train,47,30,184.0,118.42349,-65.57651
train,47,31,183.0,130.23543,-52.764572
train,47,32,182.0,141.9315,-40.068497
train,47,33,181.0,147.94366,-33.056335
train,47,34,180.0,147.85072,-32.149277
train,47,35,179.0,148.1223,-30.8777
train,47,36,178.0,146.69894,-31.301056
train,47,37,177.0,146.92085,-30.079147
train,47,38,176.0,149.90105,-26.098953
train,47,39,175.0,145.83354,-29.166458
train,47,40,174.0,146.98213,-27.017868
train,47,41,173.0,148.83818,-24.16182
train,47,42,172.0,142.60289,-29.39711
train,47,43,171.0,141.97945,-29.020554
train,47,44,170.0,140.2514,-29.748596
train,47,45,169.0,147.34206,-21.657944
train,47,46,168.0,148.8767,-19.123306
train,47,47,167.0,152.68079,-14.319214
train,47,48,166.0,153.85332,-12.146683
train,47,49,165.0,148.22546,-16.774536
train,47,50,164.0,143.95128,-20.048721
train,47,51,163.0,132.99153,-30.008469
train,47,52,162.0,124.39421,-37.60579
train,47,53,161.0,121.948006,-39.051994
train,47,54,160.0,118.42565,-41.57435
train,47,55,159.0,116.67576,-42.32424
train,47,56,158.0,123.937355,-34.062645
train,47,57,157.0,125.311195,-31.688805
train,47,58,156.0,127.11703,-28.882973
train,47,59,155.0,134.61386,-20.386139
train,47,60,154.0,140.35814,-13.641861
train,47,61,153.0,141.04536,-11.954636
train,47,62,152.0,137.99567,-14.0043335
train,47,63,151.0,136.869,-14.130997
train,47,64,150.0,133.83852,-16.161484
train,47,65,149.0,133.56212,-15.437881
train,47,66,148.0,130.77888,-17.221115
train,47,67,147.0,128.1156,-18.8844
train,47,68,146.0,126.97438,-19.02562
train,47,69,145.0,125.45546,-19.54454
train,47,70,144.0,127.47886,-16.521141
train,47,71,143.0,134.00677,-8.993225
train,47,72,142.0,132.64479,-9.355209
train,47,73,141.0,134.12563,-6.8743744
train,47,74,140.0,133.67012,-6.3298798
train,47,75,139.0,127.766426,-11.233574
train,47,76,138.0,124.75456,-13.245438
train,47,77,137.0,121.057,-15.943001
train,47,78,136.0,116.40981,-19.590187
train,47,79,135.0,114.38488,-20.61512
train,47,80,134.0,114.19395,-19.806053
train,47,81,133.0,115.76067,-17.239326
train,47,82,132.0,116.539536,-15.4604645
train,47,83,131.0,121.68931,-9.310692
train,47,84,130.0,115.36795,-14.63205
train,47,85,129.0,112.92161,-16.078392
train,47,86,128.0,124.45761,-3.542389
train,47,87,127.0,130.35617,3.3561707
train,47,88,126.0,132.64777,6.647766
train,47,89,125.0,132.59691,7.5969086
train,47,90,124.0,132.24393,8.243927
train,47,91,123.0,126.84905,3.8490524
train,47,92,122.0,123.983696,1.983696
train,47,93,121.0,116.51636,-4.4836426
train,47,94,120.0,117.5823,-2.4177017
train,47,95,119.0,115.44334,-3.5566635
train,47,96,118.0,115.82933,-2.1706696
train,47,97,117.0,112.52665,-4.4733505
train,47,98,116.0,110.810104,-5.1898956
train,47,99,115.0,102.7649,-12.2351
train,47,100,114.0,101.951675,-12.048325
train,47,101,113.0,100.84619,-12.153809
train,47,102,112.0,96.72977,-15.270233
train,47,103,111.0,86.58329,-24.41671
train,47,104,110.0,80.6173,-29.382698
train,47,105,109.0,76.320496,-32.679504
train,47,106,108.0,76.86498,-31.135017
train,47,107,107.0,74.90412,-32.09588
train,47,108,106.0,78.8744,-27.125603
train,47,109,105.0,84.28309,-20.716911
train,47,110,104.0,87.9797,-16.020302
train,47,111,103.0,82.73163,-20.268372
train,47,112,102.0,80.97016,-21.029839
train,47,113,101.0,82.58138,-18.418617
train,47,114,100.0,79.76217,-20.237831
train,47,115,99.0,86.30093,-12.699074
train,47,116,98.0,91.73061,-6.2693863
train,47,117,97.0,87.89623,-9.103767
train,47,118,96.0,91.85607,-4.1439285
train,47,119,95.0,94.017525,-0.9824753
train,47,120,94.0,96.66995,2.6699524
train,47,121,93.0,99.02851,6.028511
train,47,122,92.0,103.70621,11.706207
train,47,123,91.0,108.19299,17.192993
train,47,124,90.0,108.99923,18.99923
train,47,125,89.0,104.644325,15.644325
train,47,126,88.0,102.880264,14.880264
train,47,127,87.0,104.04766,17.04766
train,47,128,86.0,102.03302,16.03302
train,47,129,85.0,102.477936,17.477936
train,47,130,84.0,106.36309,22.36309
train,47,131,83.0,102.11645,19.116447
train,47,132,82.0,95.291824,13.291824
train,47,133,81.0,89.94305,8.943047
train,47,134,80.0,88.941124,8.941124
train,47,135,79.0,85.65997,6.659973
train,47,136,78.0,83.32314,5.323143
train,47,137,77.0,75.26176,-1.7382431
train,47,138,76.0,64.94333,-11.056671
train,47,139,75.0,60.669678,-14.330322
train,47,140,74.0,58.713737,-15.2862625
train,47,141,73.0,59.60942,-13.390579
train,47,142,72.0,63.225243,-8.774757
train,47,143,71.0,65.35793,-5.642067
train,47,144,70.0,66.4847,-3.515297
train,47,145,69.0,68.96101,-0.038986206
train,47,146,68.0,66.385895,-1.6141052
train,47,147,67.0,64.78948,-2.210518
train,47,148,66.0,67.51055,1.5105515
train,47,149,65.0,70.83614,5.8361435
train,47,150,64.0,72.52341,8.523407
train,47,151,63.0,71.78128,8.7812805
train,47,152,62.0,71.46473,9.464729
train,47,153,61.0,63.817513,2.8175125
train,47,154,60.0,57.14415,-2.8558502
train,47,155,59.0,51.83379,-7.16621
train,47,156,58.0,48.434723,-9.565277
train,47,157,57.0,44.270145,-12.729855
train,47,158,56.0,39.123405,-16.876595
train,47,159,55.0,35.467228,-19.532772
train,47,160,54.0,36.179047,-17.820953
train,47,161,53.0,33.960457,-19.039543
train,47,162,52.0,31.801535,-20.198465
train,47,163,51.0,33.149834,-17.850166
train,47,164,50.0,27.780592,-22.219408
train,47,165,49.0,22.96292,-26.03708
train,47,166,48.0,16.827772,-31.172228
train,47,167,47.0,17.947975,-29.052025
train,47,168,46.0,18.153667,-27.846333
train,47,169,45.0,22.284952,-22.715048
train,47,170,44.0,22.456797,-21.543203
train,47,171,43.0,22.171804,-20.828196
train,47,172,42.0,20.47824,-21.52176
train,47,173,41.0,16.38011,-24.61989
train,47,174,40.0,15.212705,-24.787296
train,47,175,39.0,15.4129095,-23.58709
train,47,176,38.0,15.511361,-22.48864
train,47,177,37.0,22.27186,-14.72814
train,47,178,36.0,31.710798,-4.2892017
train,47,179,35.0,38.958202,3.9582024
train,47,180,34.0,39.60223,5.60223
train,47,181,33.0,36.11242,3.1124191
train,47,182,32.0,32.45726,0.45726013
train,47,183,31.0,29.668219,-1.3317814
train,47,184,30.0,28.636566,-1.3634338
train,47,185,29.0,25.679811,-3.3201885
train,47,186,28.0,21.33819,-6.66181
train,47,187,27.0,16.11947,-10.880529
train,47,188,26.0,16.2574,-9.7425995
train,47,189,25.0,19.657598,-5.3424015
train,47,190,24.0,20.886038,-3.1139622
train,47,191,23.0,20.657988,-2.3420124
train,47,192,22.0,19.21168,-2.7883205
train,47,193,21.0,17.712421,-3.2875786
train,47,194,20.0,18.759636,-1.2403641
train,47,195,19.0,17.788462,-1.2115383
train,47,196,18.0,19.897848,1.8978481
train,47,197,17.0,20.59389,3.5938892
train,47,198,16.0,17.822912,1.8229122
train,47,199,15.0,16.076437,1.076437
train,47,200,14.0,14.981403,0.98140335
train,47,201,13.0,15.781175,2.7811747
train,47,202,12.0,15.750968,3.750968
train,47,203,11.0,12.972674,1.9726744
train,47,204,10.0,15.035533,5.035533
train,47,205,9.0,16.968431,7.9684315
train,47,206,8.0,18.840933,10.840933
train,47,207,7.0,15.658244,8.658244
train,47,208,6.0,12.153718,6.153718
train,47,209,5.0,12.516996,7.5169964
train,47,210,4.0,12.9664755,8.9664755
train,47,211,3.0,11.646265,8.646265
train,47,212,2.0,10.603833,8.603833
train,47,213,1.0,10.102424,9.102424
train,47,214,0.0,7.7474666,7.7474666
train,48,30,201.0,172.25719,-28.742813
train,48,31,200.0,168.41325,-31.586746
train,48,32,199.0,162.78775,-36.21225
train,48,33,198.0,154.23785,-43.762146
train,48,34,197.0,147.4269,-49.573105
train,48,35,196.0,141.18518,-54.81482
train,48,36,195.0,138.5276,-56.472397
train,48,37,194.0,146.53552,-47.464478
train,48,38,193.0,143.26613,-49.73387
train,48,39,192.0,145.55304,-46.44696
train,48,40,191.0,145.06456,-45.93544
train,48,41,190.0,143.39456,-46.60544
train,48,42,189.0,148.05072,-40.94928
train,48,43,188.0,145.54643,-42.453568
train,48,44,187.0,150.19719,-36.80281
train,48,45,186.0,149.00786,-36.99214
train,48,46,185.0,155.5808,-29.419205
train,48,47,184.0,155.8546,-28.145401
train,48,48,183.0,155.62778,-27.372223
train,48,49,182.0,153.9574,-28.042603
train,48,50,181.0,155.6851,-25.314896
train,48,51,180.0,153.72801,-26.271988
train,48,52,179.0,154.3799,-24.620102
train,48,53,178.0,147.49896,-30.501038
train,48,54,177.0,149.96092,-27.039078
train,48,55,176.0,152.19582,-23.804184
train,48,56,175.0,156.05388,-18.946121
train,48,57,174.0,157.70642,-16.29358
train,48,58,173.0,150.85677,-22.143234
train,48,59,172.0,149.48465,-22.51535
train,48,60,171.0,149.93657,-21.06343
train,48,61,170.0,149.25935,-20.740646
train,48,62,169.0,151.32564,-17.674362
train,48,63,168.0,148.1649,-19.835098
train,48,64,167.0,149.58865,-17.411346
train,48,65,166.0,147.57913,-18.420868
train,48,66,165.0,151.07745,-13.922546
train,48,67,164.0,154.81761,-9.182388
train,48,68,163.0,161.43698,-1.5630188
train,48,69,162.0,161.87605,-0.12394714
train,48,70,161.0,159.502,-1.4980011
train,48,71,160.0,158.81602,-1.1839752
train,48,72,159.0,159.13019,0.13018799
train,48,73,158.0,155.36937,-2.6306305
train,48,74,157.0,147.60597,-9.394028
train,48,75,156.0,142.06621,-13.933792
train,48,76,155.0,137.79881,-17.201187
train,48,77,154.0,131.44362,-22.556381
train,48,78,153.0,127.76879,-25.231209
train,48,79,152.0,119.34768,-32.65232
train,48,80,151.0,118.233696,-32.766304
train,48,81,150.0,123.70997,-26.290031
train,48,82,149.0,125.68427,-23.315727
train,48,83,148.0,128.75896,-19.241043
train,48,84,147.0,130.46437,-16.53563
train,48,85,146.0,128.66696,-17.333038
train,48,86,145.0,121.73806,-23.26194
train,48,87,144.0,120.90942,-23.090584
train,48,88,143.0,114.30953,-28.690468
train,48,89,142.0,113.11415,-28.885849
train,48,90,141.0,111.82113,-29.178871
train,48,91,140.0,108.284195,-31.715805
train,48,92,139.0,113.81537,-25.184631
train,48,93,138.0,116.99811,-21.001892
train,48,94,137.0,118.659966,-18.340034
train,48,95,136.0,121.14523,-14.854767
train,48,96,135.0,120.85839,-14.141609
train,48,97,134.0,122.20243,-11.797569
train,48,98,133.0,119.272026,-13.727974
train,48,99,132.0,112.50462,-19.495377
train,48,100,131.0,112.61946,-18.380539
train,48,101,130.0,111.071236,-18.928764
train,48,102,129.0,109.19271,-19.80729
train,48,103,128.0,106.361755,-21.638245
train,48,104,127.0,104.93209,-22.06791
train,48,105,126.0,103.75985,-22.24015
train,48,106,125.0,107.05319,-17.946808
train,48,107,124.0,111.349236,-12.650764
train,48,108,123.0,108.856,-14.143997
train,48,109,122.0,109.168785,-12.831215
train,48,110,121.0,104.39927,-16.60073
train,48,111,120.0,103.10702,-16.892982
train,48,112,119.0,100.003365,-18.996635
train,48,113,118.0,97.091736,-20.908264
train,48,114,117.0,100.25301,-16.746986
train,48,115,116.0,105.974434,-10.025566
train,48,116,115.0,108.08299,-6.9170074
train,48,117,114.0,105.93378,-8.066223
train,48,118,113.0,108.46213,-4.5378723
train,48,119,112.0,115.34646,3.3464584
train,48,120,111.0,122.57222,11.57222
train,48,121,110.0,130.05214,20.05214
train,48,122,109.0,131.75642,22.756424
train,48,123,108.0,130.2101,22.210098
train,48,124,107.0,129.96474,22.964737
train,48,125,106.0,128.52608,22.526077
train,48,126,105.0,130.95581,25.95581
train,48,127,104.0,131.55946,27.559464
train,48,128,103.0,130.8324,27.832397
train,48,129,102.0,129.66975,27.669754
train,48,130,101.0,132.31548,31.315475
train,48,131,100.0,130.39482,30.394821
train,48,132,99.0,127.9492,28.949203
train,48,133,98.0,121.00729,23.007294
train,48,134,97.0,112.79191,15.791908
train,48,135,96.0,105.5386,9.538597
train,48,136,95.0,94.941444,-0.058555603
train,48,137,94.0,87.958336,-6.041664
train,48,138,93.0,80.829994,-12.170006
train,48,139,92.0,75.20512,-16.794884
train,48,140,91.0,75.27316,-15.726837
train,48,141,90.0,70.19438,-19.805618
train,48,142,89.0,75.82684,-13.173157
train,48,143,88.0,74.77387,-13.226128
train,48,144,87.0,77.71317,-9.286827
train,48,145,86.0,78.35249,-7.6475067
train,48,146,85.0,74.94814,-10.051857
train,48,147,84.0,74.5389,-9.461098
train,48,148,83.0,75.0457,-7.9543
train,48,149,82.0,73.86979,-8.130211
train,48,150,81.0,69.856926,-11.143074
train,48,151,80.0,68.85194,-11.148064
train,48,152,79.0,69.41368,-9.586319
train,48,153,78.0,71.02895,-6.9710464
train,48,154,77.0,73.85023,-3.1497726
train,48,155,76.0,70.13105,-5.86895
train,48,156,75.0,71.32797,-3.6720276
train,48,157,74.0,71.903465,-2.0965347
train,48,158,73.0,71.735115,-1.264885
train,48,159,72.0,70.234474,-1.7655258
train,48,160,71.0,66.39964,-4.600357
train,48,161,70.0,64.60192,-5.398079
train,48,162,69.0,61.61184,-7.3881607
train,48,163,68.0,54.451103,-13.548897
train,48,164,67.0,52.535183,-14.464817
train,48,165,66.0,45.666748,-20.333252
train,48,166,65.0,38.859528,-26.140472
train,48,167,64.0,35.665546,-28.334454
train,48,168,63.0,33.4281,-29.5719
train,48,169,62.0,35.633156,-26.366844
train,48,170,61.0,41.67265,-19.32735
train,48,171,60.0,38.264065,-21.735935
train,48,172,59.0,42.378345,-16.621655
train,48,173,58.0,40.929863,-17.070137
train,48,174,57.0,41.07733,-15.922668
train,48,175,56.0,42.68682,-13.313179
train,48,176,55.0,39.576996,-15.423004
train,48,177,54.0,36.742844,-17.257156
train,48,178,53.0,38.043663,-14.956337
train,48,179,52.0,38.064537,-13.935463
train,48,180,51.0,37.814384,-13.185616
train,48,181,50.0,44.401398,-5.5986023
train,48,182,49.0,51.396667,2.3966675
train,48,183,48.0,54.880875,6.8808746
train,48,184,47.0,53.709553,6.709553
train,48,185,46.0,48.436092,2.4360924
train,48,186,45.0,52.146202,7.146202
train,48,187,44.0,54.16933,10.169331
train,48,188,43.0,58.447975,15.447975
train,48,189,42.0,59.173557,17.173557
train,48,190,41.0,60.25838,19.25838
train,48,191,40.0,57.49701,17.49701
train,48,192,39.0,51.908737,12.908737
train,48,193,38.0,46.080475,8.080475
train,48,194,37.0,42.987717,5.9877167
train,48,195,36.0,38.22415,2.2241516
train,48,196,35.0,36.96467,1.9646683
train,48,197,34.0,33.463436,-0.5365639
train,48,198,33.0,28.299719,-4.700281
train,48,199,32.0,24.56916,-7.4308395
train,48,200,31.0,24.255777,-6.7442226
train,48,201,30.0,24.254032,-5.745968
train,48,202,29.0,21.200907,-7.7990932
train,48,203,28.0,19.992647,-8.007353
train,48,204,27.0,20.341555,-6.6584454
train,48,205,26.0,15.314454,-10.685546
train,48,206,25.0,12.432453,-12.567547
train,48,207,24.0,10.521327,-13.478673
train,48,208,23.0,9.373236,-13.626764
train,48,209,22.0,9.923564,-12.076436
train,48,210,21.0,9.387515,-11.612485
train,48,211,20.0,4.6817875,-15.3182125
train,48,212,19.0,2.0339012,-16.966099
train,48,213,18.0,5.983439,-12.0165615
train,48,214,17.0,10.64586,-6.3541403
train,48,215,16.0,9.506145,-6.4938555
train,48,216,15.0,10.370935,-4.6290646
train,48,217,14.0,10.384692,-3.6153078
train,48,218,13.0,10.768648,-2.2313519
train,48,219,12.0,9.369549,-2.6304512
train,48,220,11.0,11.670748,0.67074776
train,48,221,10.0,10.967408,0.9674082
train,48,222,9.0,9.303185,0.30318546
train,48,223,8.0,7.0794005,-0.92059946
train,48,224,7.0,9.793011,2.7930107
train,48,225,6.0,9.640986,3.6409864
train,48,226,5.0,9.293672,4.2936716
train,48,227,4.0,7.0738792,3.0738792
train,48,228,3.0,10.41774,7.41774
train,48,229,2.0,12.457826,10.457826
train,48,230,1.0,12.670287,11.670287
train,48,231,0.0,10.628953,10.628953
train,49,30,185.0,165.23236,-19.76764
train,49,31,184.0,163.69359,-20.306412
train,49,32,183.0,150.30827,-32.691727
train,49,33,182.0,141.25055,-40.74945
train,49,34,181.0,133.84315,-47.156845
train,49,35,180.0,129.03603,-50.963974
train,49,36,179.0,128.50322,-50.49678
train,49,37,178.0,127.08354,-50.91646
train,49,38,177.0,128.80959,-48.190414
train,49,39,176.0,133.51674,-42.48326
train,49,40,175.0,138.4889,-36.511093
train,49,41,174.0,139.02357,-34.976425
train,49,42,173.0,140.82445,-32.175552
train,49,43,172.0,143.74176,-28.25824
train,49,44,171.0,140.90146,-30.098541
train,49,45,170.0,135.44054,-34.559464
train,49,46,169.0,127.598305,-41.401695
train,49,47,168.0,119.1912,-48.8088
train,49,48,167.0,111.77504,-55.22496
train,49,49,166.0,105.42118,-60.57882
train,49,50,165.0,99.02084,-65.97916
train,49,51,164.0,101.51237,-62.487633
train,49,52,163.0,109.95315,-53.046852
train,49,53,162.0,119.50804,-42.49196
train,49,54,161.0,129.33678,-31.663223
train,49,55,160.0,139.203,-20.796997
train,49,56,159.0,141.97151,-17.028488
train,49,57,158.0,143.45903,-14.54097
train,49,58,157.0,141.30554,-15.694458
train,49,59,156.0,143.43404,-12.565964
train,49,60,155.0,141.2513,-13.748703
train,49,61,154.0,137.62814,-16.371857
train,49,62,153.0,131.47328,-21.526718
train,49,63,152.0,125.260284,-26.739716
train,49,64,151.0,124.68781,-26.312187
train,49,65,150.0,122.20353,-27.79647
train,49,66,149.0,117.45167,-31.548332
train,49,67,148.0,119.99806,-28.001938
train,49,68,147.0,120.9964,-26.003601
train,49,69,146.0,124.789215,-21.210785
train,49,70,145.0,130.977,-14.022995
train,49,71,144.0,131.23706,-12.762939
train,49,72,143.0,133.30011,-9.69989
train,49,73,142.0,133.40578,-8.594223
train,49,74,141.0,128.43347,-12.566528
train,49,75,140.0,122.18376,-17.816238
train,49,76,139.0,119.58142,-19.41858
train,49,77,138.0,125.26277,-12.737228
train,49,78,137.0,128.77974,-8.220261
train,49,79,136.0,132.10593,-3.8940735
train,49,80,135.0,132.80247,-2.197525
train,49,81,134.0,131.15956,-2.8404388
train,49,82,133.0,128.54361,-4.4563904
train,49,83,132.0,121.17905,-10.820953
train,49,84,131.0,118.49505,-12.5049515
train,49,85,130.0,119.00913,-10.990868
train,49,86,129.0,124.46682,-4.53318
train,49,87,128.0,131.77675,3.7767487
train,49,88,127.0,130.901,3.901001
train,49,89,126.0,138.06512,12.0651245
train,49,90,125.0,140.28589,15.285889
train,49,91,124.0,138.18501,14.185013
train,49,92,123.0,137.98358,14.983582
train,49,93,122.0,139.97063,17.970627
train,49,94,121.0,133.2781,12.278107
train,49,95,120.0,129.10759,9.10759
train,49,96,119.0,127.822945,8.822945
train,49,97,118.0,120.44807,2.4480667
train,49,98,117.0,110.40833,-6.591667
train,49,99,116.0,105.778854,-10.221146
train,49,100,115.0,100.96961,-14.030388
train,49,101,114.0,96.884865,-17.115135
train,49,102,113.0,98.66053,-14.33947
train,49,103,112.0,99.05909,-12.94091
train,49,104,111.0,103.54836,-7.4516373
train,49,105,110.0,105.23144,-4.7685623
train,49,106,109.0,102.590965,-6.4090347
train,49,107,108.0,100.00113,-7.998871
train,49,108,107.0,99.46436,-7.535637
train,49,109,106.0,101.290115,-4.7098846
train,49,110,105.0,97.57368,-7.426323
train,49,111,104.0,95.5576,-8.442398
train,49,112,103.0,98.61712,-4.382881
train,49,113,102.0,97.356575,-4.643425
train,49,114,101.0,96.22303,-4.77697
train,49,115,100.0,93.02361,-6.976387
train,49,116,99.0,93.437035,-5.5629654
train,49,117,98.0,95.55046,-2.4495392
train,49,118,97.0,95.25555,-1.7444534
train,49,119,96.0,97.1649,1.1649017
train,49,120,95.0,103.123405,8.123405
train,49,121,94.0,103.34964,9.34964
train,49,122,93.0,103.91376,10.913757
train,49,123,92.0,102.73232,10.732323
train,49,124,91.0,102.437294,11.437294
train,49,125,90.0,100.01276,10.012756
train,49,126,89.0,97.961555,8.9615555
train,49,127,88.0,95.949,7.9489975
train,49,128,87.0,95.48523,8.4852295
train,49,129,86.0,99.430725,13.430725
train,49,130,85.0,102.3089,17.308899
train,49,131,84.0,98.44564,14.445641
train,49,132,83.0,94.8721,11.872101
train,49,133,82.0,90.110374,8.110374
train,49,134,81.0,85.12309,4.1230927
train,49,135,80.0,79.57817,-0.42182922
train,49,136,79.0,79.03504,0.03504181
train,49,137,78.0,75.14945,-2.8505478
train,49,138,77.0,78.096664,1.0966644
train,49,139,76.0,78.304085,2.3040848
train,49,140,75.0,85.39582,10.395821
train,49,141,74.0,88.96437,14.964371
train,49,142,73.0,92.42553,19.42553
train,49,143,72.0,93.03658,21.036583
train,49,144,71.0,93.465355,22.465355
train,49,145,70.0,91.98528,21.985283
train,49,146,69.0,92.80586,23.805862
train,49,147,68.0,90.757195,22.757195
train,49,148,67.0,83.60039,16.600388
train,49,149,66.0,75.40734,9.407341
train,49,150,65.0,71.70223,6.7022324
train,49,151,64.0,70.54356,6.543556
train,49,152,63.0,63.686882,0.686882
train,49,153,62.0,65.64284,3.6428375
train,49,154,61.0,72.03278,11.0327835
train,49,155,60.0,75.04176,15.041763
train,49,156,59.0,81.16862,22.168617
train,49,157,58.0,84.659035,26.659035
train,49,158,57.0,82.05775,25.057747
train,49,159,56.0,76.262566,20.262566
train,49,160,55.0,69.94222,14.942223
train,49,161,54.0,63.600975,9.600975
train,49,162,53.0,59.29664,6.2966385
train,49,163,52.0,54.039978,2.039978
train,49,164,51.0,49.783188,-1.2168121
train,49,165,50.0,48.06623,-1.9337692
train,49,166,49.0,47.549862,-1.4501381
train,49,167,48.0,49.415283,1.4152832
train,49,168,47.0,54.2329,7.2328987
train,49,169,46.0,56.002304,10.002304
train,49,170,45.0,57.370384,12.370384
train,49,171,44.0,56.590397,12.590397
train,49,172,43.0,56.41919,13.419189
train,49,173,42.0,56.966465,14.966465
train,49,174,41.0,56.01545,15.01545
train,49,175,40.0,53.763992,13.763992
train,49,176,39.0,48.431473,9.431473
train,49,177,38.0,43.095264,5.0952644
train,49,178,37.0,40.732296,3.732296
train,49,179,36.0,39.558697,3.5586967
train,49,180,35.0,39.07743,4.0774307
train,49,181,34.0,41.806095,7.806095
train,49,182,33.0,45.541275,12.541275
train,49,183,32.0,46.799507,14.799507
train,49,184,31.0,46.067963,15.067963
train,49,185,30.0,43.8004,13.8004
train,49,186,29.0,39.723763,10.7237625
train,49,187,28.0,39.844402,11.844402
train,49,188,27.0,38.736122,11.736122
train,49,189,26.0,35.78073,9.780731
train,49,190,25.0,33.236988,8.236988
train,49,191,24.0,30.180376,6.180376
train,49,192,23.0,29.31001,6.310011
train,49,193,22.0,28.043306,6.0433064
train,49,194,21.0,24.949617,3.9496174
train,49,195,20.0,22.292088,2.2920876
train,49,196,19.0,18.385363,-0.6146374
train,49,197,18.0,16.770212,-1.2297878
train,49,198,17.0,15.413696,-1.5863037
train,49,199,16.0,14.619321,-1.3806791
train,49,200,15.0,14.99377,-0.0062303543
train,49,201,14.0,14.279506,0.27950573
train,49,202,13.0,13.070013,0.070013046
train,49,203,12.0,10.549466,-1.4505339
train,49,204,11.0,11.043069,0.043068886
train,49,205,10.0,9.967826,-0.03217411
train,49,206,9.0,8.400157,-0.599843
train,49,207,8.0,7.368406,-0.6315942
train,49,208,7.0,8.157386,1.1573858
train,49,209,6.0,7.3467817,1.3467817
train,49,210,5.0,5.5658026,0.5658026
train,49,211,4.0,6.60773,2.60773
train,49,212,3.0,7.008535,4.008535
train,49,213,2.0,5.5711823,3.5711823
train,49,214,1.0,4.516503,3.5165029
train,49,215,0.0,3.1008308,3.1008308
train,50,30,168.0,115.50401,-52.495987
train,50,31,167.0,121.52537,-45.474632
train,50,32,166.0,130.65361,-35.34639
train,50,33,165.0,132.01569,-32.984314
train,50,34,164.0,132.50552,-31.494476
train,50,35,163.0,137.07967,-25.920334
train,50,36,162.0,140.84183,-21.158173
train,50,37,161.0,139.21658,-21.783417
train,50,38,160.0,142.5424,-17.457596
train,50,39,159.0,142.7996,-16.200394
train,50,40,158.0,147.84416,-10.155838
train,50,41,157.0,150.49336,-6.5066376
train,50,42,156.0,161.05324,5.053238
train,50,43,155.0,158.95898,3.9589844
train,50,44,154.0,162.59651,8.596512
train,50,45,153.0,169.21507,16.215073
train,50,46,152.0,165.96687,13.966873
train,50,47,151.0,164.03453,13.034531
train,50,48,150.0,159.33366,9.333664
train,50,49,149.0,151.18327,2.1832733
train,50,50,148.0,146.88034,-1.1196594
train,50,51,147.0,142.15738,-4.842621
train,50,52,146.0,140.69852,-5.301483
train,50,53,145.0,136.51567,-8.484329
train,50,54,144.0,130.54747,-13.45253
train,50,55,143.0,129.18434,-13.815659
train,50,56,142.0,124.429756,-17.570244
train,50,57,141.0,120.48771,-20.512291
train,50,58,140.0,123.70132,-16.298683
train,50,59,139.0,124.39669,-14.60331
train,50,60,138.0,121.80844,-16.191559
train,50,61,137.0,121.326164,-15.673836
train,50,62,136.0,120.25211,-15.747887
train,50,63,135.0,113.30819,-21.69181
train,50,64,134.0,107.53716,-26.462837
train,50,65,133.0,102.37188,-30.62812
train,50,66,132.0,97.23076,-34.76924
train,50,67,131.0,91.63174,-39.368263
train,50,68,130.0,92.854935,-37.145065
train,50,69,129.0,93.965805,-35.034195
train,50,70,128.0,97.56889,-30.431107
train,50,71,127.0,105.86296,-21.13704
train,50,72,126.0,116.38788,-9.612122
train,50,73,125.0,122.87513,-2.1248703
train,50,74,124.0,126.8514,2.8514023
train,50,75,123.0,136.84146,13.841461
train,50,76,122.0,134.79886,12.798859
train,50,77,121.0,135.69084,14.690842
train,50,78,120.0,138.4885,18.488495
train,50,79,119.0,138.41948,19.41948
train,50,80,118.0,137.37175,19.37175
train,50,81,117.0,136.19757,19.19757
train,50,82,116.0,140.8134,24.8134
train,50,83,115.0,134.02267,19.022675
train,50,84,114.0,125.95075,11.950752
train,50,85,113.0,119.26916,6.2691574
train,50,86,112.0,115.94869,3.9486923
train,50,87,111.0,112.76611,1.7661133
train,50,88,110.0,112.626656,2.6266556
train,50,89,109.0,110.85006,1.8500595
train,50,90,108.0,103.24231,-4.7576904
train,50,91,107.0,96.51912,-10.480881
train,50,92,106.0,88.11882,-17.88118
train,50,93,105.0,85.608376,-19.391624
train,50,94,104.0,79.85449,-24.145508
train,50,95,103.0,74.285,-28.714996
train,50,96,102.0,61.23465,-40.76535
train,50,97,101.0,56.375618,-44.624382
train,50,98,100.0,50.341087,-49.658913
train,50,99,99.0,51.308434,-47.691566
train,50,100,98.0,45.726402,-52.273598
train,50,101,97.0,48.75299,-48.24701
train,50,102,96.0,47.325584,-48.674416
train,50,103,95.0,46.030525,-48.969475
train,50,104,94.0,51.6212,-42.3788
train,50,105,93.0,55.541046,-37.458954
train,50,106,92.0,59.10016,-32.89984
train,50,107,91.0,64.318794,-26.681206
train,50,108,90.0,75.007576,-14.992424
train,50,109,89.0,83.15826,-5.8417435
train,50,110,88.0,94.27007,6.270073
train,50,111,87.0,95.652596,8.6525955
train,50,112,86.0,96.91369,10.913689
train,50,113,85.0,97.54765,12.547653
train,50,114,84.0,99.72878,15.728783
train,50,115,83.0,103.35231,20.35231
train,50,116,82.0,101.56864,19.568642
train,50,117,81.0,104.50786,23.507858
train,50,118,80.0,107.01058,27.010582
train,50,119,79.0,107.602425,28.602425
train,50,120,78.0,110.86288,32.862877
train,50,121,77.0,114.253494,37.253494
train,50,122,76.0,116.37104,40.37104
train,50,123,75.0,115.08933,40.089333
train,50,124,74.0,108.268486,34.268486
train,50,125,73.0,105.5659,32.565903
train,50,126,72.0,102.04551,30.04551
train,50,127,71.0,99.107216,28.107216
train,50,128,70.0,91.61611,21.616112
train,50,129,69.0,81.718834,12.718834
train,50,130,68.0,74.342735,6.3427353
train,50,131,67.0,67.97993,0.97992706
train,50,132,66.0,59.09394,-6.9060593
train,50,133,65.0,55.767204,-9.232796
train,50,134,64.0,58.75135,-5.2486496
train,50,135,63.0,58.28508,-4.71492
train,50,136,62.0,57.804573,-4.195427
train,50,137,61.0,57.622814,-3.3771858
train,50,138,60.0,55.714817,-4.285183
train,50,139,59.0,52.15208,-6.8479195
train,50,140,58.0,47.44776,-10.552238
train,50,141,57.0,46.784645,-10.215355
train,50,142,56.0,49.996967,-6.0030327
train,50,143,55.0,54.282387,-0.7176132
train,50,144,54.0,57.212494,3.212494
train,50,145,53.0,58.234783,5.234783
train,50,146,52.0,61.657227,9.657227
train,50,147,51.0,67.61883,16.618828
train,50,148,50.0,74.34842,24.34842
train,50,149,49.0,77.68387,28.683868
train,50,150,48.0,76.79125,28.791252
train,50,151,47.0,75.930214,28.930214
train,50,152,46.0,73.99434,27.994339
train,50,153,45.0,72.02676,27.026756
train,50,154,44.0,70.421684,26.421684
train,50,155,43.0,68.2909,25.290901
train,50,156,42.0,67.07041,25.070412
train,50,157,41.0,64.13616,23.136162
train,50,158,40.0,58.377884,18.377884
train,50,159,39.0,52.27771,13.27771
train,50,160,38.0,48.300453,10.300453
train,50,161,37.0,44.841644,7.8416443
train,50,162,36.0,41.157425,5.157425
train,50,163,35.0,40.138554,5.1385536
train,50,164,34.0,40.919464,6.919464
train,50,165,33.0,37.58482,4.58482
train,50,166,32.0,33.81649,1.8164902
train,50,167,31.0,32.98799,1.9879913
train,50,168,30.0,30.406693,0.4066925
train,50,169,29.0,29.212688,0.21268845
train,50,170,28.0,27.171247,-0.8287525
train,50,171,27.0,26.093464,-0.9065361
train,50,172,26.0,24.227308,-1.7726917
train,50,173,25.0,26.429087,1.4290867
train,50,174,24.0,30.107115,6.107115
train,50,175,23.0,32.49664,9.496639
train,50,176,22.0,31.862871,9.862871
train,50,177,21.0,32.534973,11.534973
train,50,178,20.0,31.47948,11.479481
train,50,179,19.0,31.542269,12.542269
train,50,180,18.0,30.96663,12.966631
train,50,181,17.0,31.193754,14.193754
train,50,182,16.0,28.4256,12.4256
train,50,183,15.0,26.59559,11.595591
train,50,184,14.0,25.21366,11.213659
train,50,185,13.0,21.504812,8.504812
train,50,186,12.0,21.36762,9.36762
train,50,187,11.0,20.851444,9.851444
train,50,188,10.0,22.03077,12.030769
train,50,189,9.0,18.389341,9.389341
train,50,190,8.0,13.664873,5.664873
train,50,191,7.0,8.808987,1.8089867
train,50,192,6.0,6.256717,0.2567172
train,50,193,5.0,7.9680676,2.9680676
train,50,194,4.0,9.181161,5.181161
train,50,195,3.0,8.645745,5.6457453
train,50,196,2.0,6.9745574,4.9745574
train,50,197,1.0,1.8236579,0.8236579
train,50,198,0.0,0.3027717,0.3027717
train,54,30,227.0,154.80959,-72.190414
train,54,31,226.0,149.86754,-76.13246
train,54,32,225.0,145.10045,-79.89955
train,54,33,224.0,147.18335,-76.81665
train,54,34,223.0,146.00833,-76.99167
train,54,35,222.0,154.32362,-67.67638
train,54,36,221.0,155.03381,-65.96619
train,54,37,220.0,168.05934,-51.94066
train,54,38,219.0,170.1239,-48.8761
train,54,39,218.0,168.5119,-49.4881
train,54,40,217.0,163.5828,-53.417206
train,54,41,216.0,158.67259,-57.327408
train,54,42,215.0,160.78645,-54.213547
train,54,43,214.0,161.9459,-52.054092
train,54,44,213.0,167.53477,-45.465225
train,54,45,212.0,176.49483,-35.505173
train,54,46,211.0,180.3636,-30.636398
train,54,47,210.0,188.28795,-21.712051
train,54,48,209.0,184.86539,-24.134613
train,54,49,208.0,182.82613,-25.173874
train,54,50,207.0,177.69406,-29.305939
train,54,51,206.0,178.62599,-27.374008
train,54,52,205.0,176.00677,-28.993225
train,54,53,204.0,174.8763,-29.123703
train,54,54,203.0,172.07225,-30.92775
train,54,55,202.0,167.38602,-34.613983
train,54,56,201.0,163.39755,-37.602448
train,54,57,200.0,159.72911,-40.27089
train,54,58,199.0,151.61232,-47.38768
train,54,59,198.0,143.72743,-54.272568
train,54,60,197.0,139.25084,-57.74916
train,54,61,196.0,133.63289,-62.36711
train,54,62,195.0,134.73093,-60.269073
train,54,63,194.0,132.98177,-61.018234
train,54,64,193.0,145.31976,-47.680237
train,54,65,192.0,146.91295,-45.08705
train,54,66,191.0,144.84978,-46.150223
train,54,67,190.0,143.89745,-46.102554
train,54,68,189.0,137.86446,-51.135544
train,54,69,188.0,132.65286,-55.347137
train,54,70,187.0,125.63911,-61.360893
train,54,71,186.0,123.10694,-62.89306
train,54,72,185.0,117.48441,-67.51559
train,54,73,184.0,112.10535,-71.89465
train,54,74,183.0,111.908966,-71.091034
train,54,75,182.0,110.70627,-71.29373
train,54,76,181.0,113.69704,-67.30296
train,54,77,180.0,119.26131,-60.738693
train,54,78,179.0,123.55711,-55.442886
train,54,79,178.0,128.29678,-49.703217
train,54,80,177.0,131.86302,-45.13698
train,54,81,176.0,138.2709,-37.729095
train,54,82,175.0,142.20819,-32.79181
train,54,83,174.0,150.46356,-23.536438
train,54,84,173.0,157.49998,-15.500015
train,54,85,172.0,157.83015,-14.169846
train,54,86,171.0,161.45494,-9.545059
train,54,87,170.0,163.97078,-6.0292206
train,54,88,169.0,155.55434,-13.445663
train,54,89,168.0,155.25444,-12.74556
train,54,90,167.0,151.26414,-15.735855
train,54,91,166.0,149.0039,-16.996094
train,54,92,165.0,152.12106,-12.878937
train,54,93,164.0,150.93973,-13.060272
train,54,94,163.0,151.53691,-11.463089
train,54,95,162.0,155.48091,-6.5190887
train,54,96,161.0,151.6183,-9.381699
train,54,97,160.0,147.82422,-12.175781
train,54,98,159.0,142.92186,-16.07814
train,54,99,158.0,133.74828,-24.251724
train,54,100,157.0,122.85136,-34.148643
train,54,101,156.0,118.30946,-37.690536
train,54,102,155.0,106.22626,-48.773743
train,54,103,154.0,102.02026,-51.979736
train,54,104,153.0,98.743965,-54.256035
train,54,105,152.0,100.3905,-51.609497
train,54,106,151.0,102.05668,-48.94332
train,54,107,150.0,106.3404,-43.6596
train,54,108,149.0,106.50879,-42.49121
train,54,109,148.0,103.3918,-44.6082
train,54,110,147.0,113.86646,-33.133537
train,54,111,146.0,107.014366,-38.985634
train,54,112,145.0,105.18053,-39.819473
train,54,113,144.0,109.7803,-34.219704
train,54,114,143.0,111.53654,-31.463463
train,54,115,142.0,117.358604,-24.641396
train,54,116,141.0,120.69286,-20.307137
train,54,117,140.0,121.31806,-18.681938
train,54,118,139.0,120.11651,-18.883492
train,54,119,138.0,127.373344,-10.626656
train,54,120,137.0,136.71245,-0.28755188
train,54,121,136.0,136.33083,0.3308258
train,54,122,135.0,145.85045,10.850449
train,54,123,134.0,151.70164,17.701645
train,54,124,133.0,153.50511,20.505112
train,54,125,132.0,148.2466,16.246597
train,54,126,131.0,138.27487,7.274872
train,54,127,130.0,127.30483,-2.6951675
train,54,128,129.0,119.67535,-9.324654
train,54,129,128.0,113.54151,-14.458488
train,54,130,127.0,109.48668,-17.51332
train,54,131,126.0,103.34292,-22.657082
train,54,132,125.0,102.358116,-22.641884
train,54,133,124.0,102.94088,-21.05912
train,54,134,123.0,103.91694,-19.083061
train,54,135,122.0,104.76754,-17.23246
train,54,136,121.0,99.761284,-21.238716
train,54,137,120.0,93.28922,-26.710777
train,54,138,119.0,83.10192,-35.89808
train,54,139,118.0,72.87287,-45.12713
train,54,140,117.0,61.963287,-55.036713
train,54,141,116.0,57.124695,-58.875305
train,54,142,115.0,54.954647,-60.045353
train,54,143,114.0,59.31636,-54.68364
train,54,144,113.0,61.405838,-51.594162
train,54,145,112.0,60.492397,-51.507603
train,54,146,111.0,61.80789,-49.19211
train,54,147,110.0,61.379715,-48.620285
train,54,148,109.0,66.05443,-42.94557
train,54,149,108.0,75.64009,-32.35991
train,54,150,107.0,84.714714,-22.285286
train,54,151,106.0,90.54798,-15.452019
train,54,152,105.0,94.7672,-10.232803
train,54,153,104.0,92.61948,-11.380524
train,54,154,103.0,95.27499,-7.7250137
train,54,155,102.0,96.03706,-5.9629364
train,54,156,101.0,97.94245,-3.0575485
train,54,157,100.0,90.834625,-9.165375
train,54,158,99.0,87.316475,-11.683525
train,54,159,98.0,83.72548,-14.274521
train,54,160,97.0,80.883,-16.116997
train,54,161,96.0,80.26392,-15.736076
train,54,162,95.0,81.86697,-13.133034
train,54,163,94.0,84.513756,-9.486244
train,54,164,93.0,82.385704,-10.614296
train,54,165,92.0,78.64658,-13.353416
train,54,166,91.0,74.46323,-16.536774
train,54,167,90.0,77.490166,-12.509834
train,54,168,89.0,76.32041,-12.679588
train,54,169,88.0,76.03744,-11.962563
train,54,170,87.0,69.51067,-17.489326
train,54,171,86.0,66.54116,-19.45884
train,54,172,85.0,64.265755,-20.734245
train,54,173,84.0,60.184845,-23.815155
train,54,174,83.0,58.853783,-24.146217
train,54,175,82.0,55.22583,-26.77417
train,54,176,81.0,54.468777,-26.531223
train,54,177,80.0,57.560043,-22.439957
train,54,178,79.0,55.241142,-23.758858
train,54,179,78.0,56.72234,-21.27766
train,54,180,77.0,59.16887,-17.831131
train,54,181,76.0,68.115974,-7.8840256
train,54,182,75.0,76.240036,1.240036
train,54,183,74.0,76.84719,2.8471909
train,54,184,73.0,76.09962,3.099617
train,54,185,72.0,73.7274,1.7274017
train,54,186,71.0,69.88009,-1.1199112
train,54,187,70.0,64.97169,-5.0283127
train,54,188,69.0,64.86865,-4.1313477
train,54,189,68.0,66.57423,-1.4257736
train,54,190,67.0,66.36353,-0.636467
train,54,191,66.0,71.13674,5.1367416
train,54,192,65.0,74.56296,9.562958
train,54,193,64.0,75.486404,11.486404
train,54,194,63.0,75.21528,12.215279
train,54,195,62.0,70.878105,8.878105
train,54,196,61.0,62.02135,1.0213509
train,54,197,60.0,56.496044,-3.5039558
train,54,198,59.0,53.99895,-5.001049
train,54,199,58.0,52.705124,-5.294876
train,54,200,57.0,53.336403,-3.663597
train,54,201,56.0,45.827877,-10.172123
train,54,202,55.0,39.491592,-15.508408
train,54,203,54.0,35.391457,-18.608543
train,54,204,53.0,31.397263,-21.602737
train,54,205,52.0,33.35086,-18.64914
train,54,206,51.0,34.336197,-16.663803
train,54,207,50.0,35.89776,-14.1022415
train,54,208,49.0,32.45518,-16.544819
train,54,209,48.0,30.949154,-17.050846
train,54,210,47.0,34.911285,-12.088715
train,54,211,46.0,32.666885,-13.333115
train,54,212,45.0,28.70603,-16.29397
train,54,213,44.0,25.594929,-18.405071
train,54,214,43.0,23.938408,-19.061592
train,54,215,42.0,24.431807,-17.568193
train,54,216,41.0,26.722147,-14.277853
train,54,217,40.0,29.249407,-10.750593
train,54,218,39.0,33.76579,-5.234211
train,54,219,38.0,39.533966,1.5339661
train,54,220,37.0,44.817307,7.8173065
train,54,221,36.0,48.051804,12.051804
train,54,222,35.0,50.13802,15.13802
train,54,223,34.0,52.22441,18.224411
train,54,224,33.0,51.136566,18.136566
train,54,225,32.0,48.356987,16.356987
train,54,226,31.0,49.793373,18.793373
train,54,227,30.0,48.26345,18.26345
train,54,228,29.0,43.167645,14.1676445
train,54,229,28.0,38.013077,10.013077
train,54,230,27.0,36.88218,9.882179
train,54,231,26.0,37.032715,11.032715
train,54,232,25.0,36.484253,11.484253
train,54,233,24.0,35.33102,11.33102
train,54,234,23.0,32.060944,9.060944
train,54,235,22.0,30.57324,8.57324
train,54,236,21.0,28.630465,7.6304646
train,54,237,20.0,24.38275,4.3827496
train,54,238,19.0,18.899054,-0.10094643
train,54,239,18.0,18.769625,0.7696247
train,54,240,17.0,17.725607,0.7256069
train,54,241,16.0,14.218482,-1.781518
train,54,242,15.0,9.085331,-5.914669
train,54,243,14.0,7.423139,-6.576861
train,54,244,13.0,7.4240184,-5.5759816
train,54,245,12.0,8.232888,-3.7671118
train,54,246,11.0,7.689388,-3.3106122
train,54,247,10.0,6.249335,-3.7506652
train,54,248,9.0,5.8316584,-3.1683416
train,54,249,8.0,7.1333327,-0.8666673
train,54,250,7.0,6.067786,-0.9322138
train,54,251,6.0,6.1981883,0.1981883
train,54,252,5.0,3.526702,-1.4732981
train,54,253,4.0,2.4861782,-1.5138218
train,54,254,3.0,3.330504,0.33050394
train,54,255,2.0,2.8396966,0.83969665
train,54,256,1.0,1.4686934,0.46869338
train,54,257,0.0,-0.051988468,-0.051988468
train,55,30,163.0,130.34929,-32.65071
train,55,31,162.0,133.00562,-28.994385
train,55,32,161.0,137.71925,-23.280746
train,55,33,160.0,139.74123,-20.258774
train,55,34,159.0,146.00945,-12.990555
train,55,35,158.0,154.21971,-3.7802887
train,55,36,157.0,155.01762,-1.9823761
train,55,37,156.0,160.961,4.9609985
train,55,38,155.0,160.14021,5.140213
train,55,39,154.0,161.19176,7.191757
train,55,40,153.0,169.14774,16.147736
train,55,41,152.0,161.29134,9.291336
train,55,42,151.0,157.37846,6.3784637
train,55,43,150.0,152.64287,2.642868
train,55,44,149.0,151.34471,2.3447113
train,55,45,148.0,152.25673,4.256729
train,55,46,147.0,158.54771,11.547714
train,55,47,146.0,162.1901,16.190094
train,55,48,145.0,163.97911,18.97911
train,55,49,144.0,170.25589,26.25589
train,55,50,143.0,170.71892,27.718918
train,55,51,142.0,171.91252,29.912521
train,55,52,141.0,169.94547,28.945465
train,55,53,140.0,167.06786,27.067856
train,55,54,139.0,158.2871,19.287094
train,55,55,138.0,149.94713,11.947128
train,55,56,137.0,137.90776,0.9077606
train,55,57,136.0,131.17268,-4.8273163
train,55,58,135.0,128.00523,-6.994766
train,55,59,134.0,126.192955,-7.807045
train,55,60,133.0,127.18864,-5.811363
train,55,61,132.0,126.72201,-5.2779922
train,55,62,131.0,125.241585,-5.758415
train,55,63,130.0,120.84581,-9.15419
train,55,64,129.0,117.97009,-11.029907
train,55,65,128.0,112.207504,-15.792496
train,55,66,127.0,110.241295,-16.758705
train,55,67,126.0,113.803474,-12.196526
train,55,68,125.0,118.799995,-6.2000046
train,55,69,124.0,116.164314,-7.8356857
train,55,70,123.0,117.86883,-5.131172
train,55,71,122.0,108.88763,-13.112373
train,55,72,121.0,109.91802,-11.081978
train,55,73,120.0,111.75936,-8.240639
train,55,74,119.0,110.74479,-8.255211
train,55,75,118.0,106.208755,-11.7912445
train,55,76,117.0,105.55518,-11.444817
train,55,77,116.0,108.38062,-7.619377
train,55,78,115.0,116.57758,1.5775833
train,55,79,114.0,124.69619,10.69619
train,55,80,113.0,132.73724,19.737244
train,55,81,112.0,144.34315,32.343155
train,55,82,111.0,152.79988,41.79988
train,55,83,110.0,148.84135,38.841354
train,55,84,109.0,145.7536,36.7536
train,55,85,108.0,147.61543,39.615433
train,55,86,107.0,143.88545,36.885452
train,55,87,106.0,145.68692,39.68692
train,55,88,105.0,143.70555,38.70555
train,55,89,104.0,141.26762,37.267624
train,55,90,103.0,132.86906,29.869064
train,55,91,102.0,129.94347,27.943466
train,55,92,101.0,128.83302,27.833023
train,55,93,100.0,132.30617,32.306168
train,55,94,99.0,140.44557,41.44557
train,55,95,98.0,144.31468,46.314682
train,55,96,97.0,145.62296,48.622955
train,55,97,96.0,144.48553,48.485535
train,55,98,95.0,135.68575,40.685745
train,55,99,94.0,128.17216,34.172165
train,55,100,93.0,121.29295,28.292953
train,55,101,92.0,110.53254,18.53254
train,55,102,91.0,103.45718,12.457176
train,55,103,90.0,99.838295,9.838295
train,55,104,89.0,100.29723,11.297234
train,55,105,88.0,109.68864,21.688637
train,55,106,87.0,114.63651,27.636513
train,55,107,86.0,124.298836,38.298836
train,55,108,85.0,125.433784,40.433784
train,55,109,84.0,124.368484,40.368484
train,55,110,83.0,118.293465,35.293465
train,55,111,82.0,118.05033,36.05033
train,55,112,81.0,112.96465,31.964653
train,55,113,80.0,109.89591,29.895912
train,55,114,79.0,107.89097,28.890968
train,55,115,78.0,109.52053,31.52053
train,55,116,77.0,106.68294,29.682938
train,55,117,76.0,107.547325,31.547325
train,55,118,75.0,107.04981,32.049812
train,55,119,74.0,108.61164,34.61164
train,55,120,73.0,111.74212,38.74212
train,55,121,72.0,113.11349,41.113487
train,55,122,71.0,111.05706,40.05706
train,55,123,70.0,109.39814,39.39814
train,55,124,69.0,102.94056,33.94056
train,55,125,68.0,97.44329,29.44329
train,55,126,67.0,93.375565,26.375565
train,55,127,66.0,88.96687,22.966873
train,55,128,65.0,88.17664,23.176643
train,55,129,64.0,88.444,24.444
train,55,130,63.0,89.07407,26.074074
train,55,131,62.0,91.24152,29.241524
train,55,132,61.0,92.35573,31.355728
train,55,133,60.0,91.009926,31.009926
train,55,134,59.0,85.88812,26.888123
train,55,135,58.0,82.22055,24.22055
train,55,136,57.0,80.85107,23.851067
train,55,137,56.0,80.25657,24.256569
train,55,138,55.0,75.68548,20.685478
train,55,139,54.0,71.91169,17.91169
train,55,140,53.0,67.385,14.385002
train,55,141,52.0,66.924416,14.924416
train,55,142,51.0,66.2832,15.283203
train,55,143,50.0,64.70373,14.703728
train,55,144,49.0,66.14709,17.147087
train,55,145,48.0,67.055,19.055
train,55,146,47.0,66.46309,19.463089
train,55,147,46.0,66.1224,20.122398
train,55,148,45.0,63.649387,18.649387
train,55,149,44.0,59.302425,15.302425
train,55,150,43.0,55.477722,12.477722
train,55,151,42.0,59.462616,17.462616
train,55,152,41.0,62.936115,21.936115
train,55,153,40.0,59.55467,19.554668
train,55,154,39.0,56.326107,17.326107
train,55,155,38.0,54.55043,16.55043
train,55,156,37.0,51.65121,14.651211
train,55,157,36.0,52.70366,16.70366
train,55,158,35.0,50.282528,15.282528
train,55,159,34.0,46.518246,12.518246
train,55,160,33.0,41.050964,8.050964
train,55,161,32.0,38.166927,6.1669273
train,55,162,31.0,38.107597,7.1075974
train,55,163,30.0,36.024155,6.0241547
train,55,164,29.0,32.233475,3.2334747
train,55,165,28.0,28.759909,0.7599087
train,55,166,27.0,25.12324,-1.8767605
train,55,167,26.0,22.558641,-3.4413586
train,55,168,25.0,19.608625,-5.3913746
train,55,169,24.0,20.382689,-3.6173115
train,55,170,23.0,21.50117,-1.4988308
train,55,171,22.0,24.925455,2.925455
train,55,172,21.0,23.743685,2.7436848
train,55,173,20.0,21.226946,1.2269459
train,55,174,19.0,19.090506,0.0905056
train,55,175,18.0,20.119099,2.1190987
train,55,176,17.0,20.91458,3.9145794
train,55,177,16.0,21.341196,5.341196
train,55,178,15.0,21.127787,6.1277866
train,55,179,14.0,21.377367,7.377367
train,55,180,13.0,19.2654,6.2654
train,55,181,12.0,17.041521,5.041521
train,55,182,11.0,15.6281,4.6281004
train,55,183,10.0,14.131178,4.131178
train,55,184,9.0,12.584954,3.5849543
train,55,185,8.0,12.973721,4.9737206
train,55,186,7.0,15.676815,8.676815
train,55,187,6.0,14.020888,8.020888
train,55,188,5.0,12.312718,7.3127184
train,55,189,4.0,11.469895,7.4698954
train,55,190,3.0,9.160968,6.160968
train,55,191,2.0,4.610517,2.610517
train,55,192,1.0,4.951075,3.951075
train,55,193,0.0,6.6100698,6.6100698
train,56,30,245.0,146.54773,-98.45227
train,56,31,244.0,148.42476,-95.57524
train,56,32,243.0,150.0534,-92.946594
train,56,33,242.0,150.97462,-91.025375
train,56,34,241.0,151.8026,-89.1974
train,56,35,240.0,150.32314,-89.676865
train,56,36,239.0,150.33145,-88.66855
train,56,37,238.0,149.46147,-88.53853
train,56,38,237.0,152.90245,-84.09755
train,56,39,236.0,157.69069,-78.30931
train,56,40,235.0,162.81036,-72.18964
train,56,41,234.0,172.54922,-61.450775
train,56,42,233.0,176.90822,-56.09178
train,56,43,232.0,186.91414,-45.08586
train,56,44,231.0,192.6743,-38.3257
train,56,45,230.0,193.2194,-36.780594
train,56,46,229.0,194.24031,-34.75969
train,56,47,228.0,192.53438,-35.465622
train,56,48,227.0,191.39175,-35.608246
train,56,49,226.0,184.20078,-41.799225
train,56,50,225.0,175.92316,-49.076843
train,56,51,224.0,171.23535,-52.76465
train,56,52,223.0,165.32158,-57.67842
train,56,53,222.0,160.1274,-61.872604
train,56,54,221.0,159.86703,-61.132965
train,56,55,220.0,159.64775,-60.35225
train,56,56,219.0,159.66026,-59.339737
train,56,57,218.0,164.43488,-53.565125
train,56,58,217.0,161.5517,-55.448303
train,56,59,216.0,158.19044,-57.809555
train,56,60,215.0,150.87386,-64.126144
train,56,61,214.0,143.39905,-70.60095
train,56,62,213.0,138.6112,-74.388794
train,56,63,212.0,135.1209,-76.879105
train,56,64,211.0,130.3892,-80.610794
train,56,65,210.0,127.8755,-82.1245
train,56,66,209.0,122.228874,-86.771126
train,56,67,208.0,117.47321,-90.52679
train,56,68,207.0,124.355125,-82.644875
train,56,69,206.0,133.57959,-72.42041
train,56,70,205.0,142.65749,-62.342514
train,56,71,204.0,152.23161,-51.768387
train,56,72,203.0,160.10912,-42.890884
train,56,73,202.0,164.94254,-37.057465
train,56,74,201.0,161.68568,-39.314316
train,56,75,200.0,158.0625,-41.9375
train,56,76,199.0,151.87611,-47.123886
train,56,77,198.0,143.4899,-54.5101
train,56,78,197.0,136.16342,-60.83658
train,56,79,196.0,131.37187,-64.62813
train,56,80,195.0,133.75734,-61.24266
train,56,81,194.0,138.82248,-55.17752
train,56,82,193.0,138.76196,-54.238037
train,56,83,192.0,137.15126,-54.84874
train,56,84,191.0,135.8731,-55.126907
train,56,85,190.0,135.51346,-54.48654
train,56,86,189.0,136.85521,-52.14479
train,56,87,188.0,138.65132,-49.34868
train,56,88,187.0,136.57799,-50.422012
train,56,89,186.0,138.73604,-47.26396
train,56,90,185.0,136.97186,-48.028137
train,56,91,184.0,131.49153,-52.50847
train,56,92,183.0,130.3112,-52.688797
train,56,93,182.0,129.87592,-52.124084
train,56,94,181.0,130.2345,-50.765503
train,56,95,180.0,133.7203,-46.279694
train,56,96,179.0,138.3507,-40.649307
train,56,97,178.0,138.29366,-39.706345
train,56,98,177.0,144.31902,-32.680984
train,56,99,176.0,143.8102,-32.189804
train,56,100,175.0,141.05162,-33.94838
train,56,101,174.0,140.93678,-33.063217
train,56,102,173.0,142.79352,-30.206482
train,56,103,172.0,143.85085,-28.149155
train,56,104,171.0,144.77838,-26.221619
train,56,105,170.0,148.35692,-21.643082
train,56,106,169.0,148.56352,-20.436478
train,56,107,168.0,144.41164,-23.588364
train,56,108,167.0,142.64415,-24.35585
train,56,109,166.0,138.85847,-27.141525
train,56,110,165.0,137.94202,-27.057983
train,56,111,164.0,136.02167,-27.978333
train,56,112,163.0,134.56169,-28.438309
train,56,113,162.0,133.32298,-28.677017
train,56,114,161.0,135.4782,-25.521805
train,56,115,160.0,135.56654,-24.433456
train,56,116,159.0,135.6782,-23.321793
train,56,117,158.0,129.67482,-28.32518
train,56,118,157.0,124.492874,-32.507126
train,56,119,156.0,119.85206,-36.14794
train,56,120,155.0,114.50738,-40.492622
train,56,121,154.0,111.47021,-42.529793
train,56,122,153.0,110.49673,-42.503273
train,56,123,152.0,105.80749,-46.192513
train,56,124,151.0,105.752815,-45.247185
train,56,125,150.0,104.81793,-45.182068
train,56,126,149.0,103.80424,-45.195763
train,56,127,148.0,104.14924,-43.85076
train,56,128,147.0,110.144135,-36.855865
train,56,129,146.0,112.21917,-33.78083
train,56,130,145.0,114.15166,-30.848343
train,56,131,144.0,113.21946,-30.78054
train,56,132,143.0,112.65763,-30.34237
train,56,133,142.0,107.93519,-34.06481
train,56,134,141.0,110.00919,-30.990807
train,56,135,140.0,109.90909,-30.090912
train,56,136,139.0,114.69689,-24.303108
train,56,137,138.0,117.39425,-20.605751
train,56,138,137.0,118.29972,-18.70028
train,56,139,136.0,124.352165,-11.647835
train,56,140,135.0,128.21399,-6.7860107
train,56,141,134.0,132.08154,-1.918457
train,56,142,133.0,132.93932,-0.060684204
train,56,143,132.0,130.4613,-1.5386963
train,56,144,131.0,123.86431,-7.135689
train,56,145,130.0,119.66336,-10.336639
train,56,146,129.0,113.47782,-15.522179
train,56,147,128.0,110.41035,-17.589653
train,56,148,127.0,106.57735,-20.422653
train,56,149,126.0,100.90795,-25.092049
train,56,150,125.0,98.843956,-26.156044
train,56,151,124.0,96.32707,-27.672928
train,56,152,123.0,94.55311,-28.446892
train,56,153,122.0,89.9667,-32.033302
train,56,154,121.0,84.42101,-36.578987
train,56,155,120.0,78.21865,-41.78135
train,56,156,119.0,75.86107,-43.13893
train,56,157,118.0,72.38262,-45.61738
train,56,158,117.0,69.52242,-47.477577
train,56,159,116.0,67.69669,-48.303307
train,56,160,115.0,66.780975,-48.219025
train,56,161,114.0,65.409035,-48.590965
train,56,162,113.0,65.30885,-47.691147
train,56,163,112.0,65.75117,-46.248833
train,56,164,111.0,70.013115,-40.986885
train,56,165,110.0,74.317085,-35.682915
train,56,166,109.0,77.0765,-31.9235
train,56,167,108.0,77.42177,-30.578232
train,56,168,107.0,73.772804,-33.227196
train,56,169,106.0,70.36436,-35.635643
train,56,170,105.0,67.00801,-37.99199
train,56,171,104.0,65.43754,-38.56246
train,56,172,103.0,65.330345,-37.669655
train,56,173,102.0,66.37948,-35.62052
train,56,174,101.0,67.002335,-33.997665
train,56,175,100.0,67.43971,-32.560287
train,56,176,99.0,68.15355,-30.84645
train,56,177,98.0,67.78292,-30.21708
train,56,178,97.0,67.77263,-29.227371
train,56,179,96.0,66.99854,-29.001457
train,56,180,95.0,65.68108,-29.318916
train,56,181,94.0,63.57313,-30.426868
train,56,182,93.0,62.451324,-30.548676
train,56,183,92.0,62.131763,-29.868237
train,56,184,91.0,62.004364,-28.995636
train,56,185,90.0,63.834076,-26.165924
train,56,186,89.0,62.793312,-26.206688
train,56,187,88.0,63.93383,-24.06617
train,56,188,87.0,66.533,-20.467003
train,56,189,86.0,69.95028,-16.04972
train,56,190,85.0,69.46917,-15.53083
train,56,191,84.0,69.286064,-14.713936
train,56,192,83.0,67.09905,-15.900948
train,56,193,82.0,66.930786,-15.069214
train,56,194,81.0,67.43344,-13.566559
train,56,195,80.0,67.23902,-12.760979
train,56,196,79.0,66.78611,-12.21389
train,56,197,78.0,68.616585,-9.383415
train,56,198,77.0,69.76638,-7.2336197
train,56,199,76.0,73.92942,-2.0705795
train,56,200,75.0,75.20403,0.2040329
train,56,201,74.0,73.692505,-0.30749512
train,56,202,73.0,72.02337,-0.97663116
train,56,203,72.0,72.89772,0.89772034
train,56,204,71.0,73.06813,2.0681305
train,56,205,70.0,69.54677,-0.4532318
train,56,206,69.0,65.14033,-3.8596725
train,56,207,68.0,60.038536,-7.961464
train,56,208,67.0,59.161537,-7.838463
train,56,209,66.0,59.599796,-6.4002037
train,56,210,65.0,62.45758,-2.5424194
train,56,211,64.0,60.910267,-3.0897331
train,56,212,63.0,61.116158,-1.8838425
train,56,213,62.0,61.796246,-0.20375443
train,56,214,61.0,59.73905,-1.2609482
train,56,215,60.0,58.027435,-1.9725647
train,56,216,59.0,56.734688,-2.2653122
train,56,217,58.0,55.68064,-2.3193588
train,56,218,57.0,51.021122,-5.978878
train,56,219,56.0,46.657692,-9.342308
train,56,220,55.0,44.561966,-10.438034
train,56,221,54.0,44.328297,-9.671703
train,56,222,53.0,42.041588,-10.958412
train,56,223,52.0,39.057663,-12.942337
train,56,224,51.0,39.542625,-11.457375
train,56,225,50.0,39.651306,-10.348694
train,56,226,49.0,37.5817,-11.418301
train,56,227,48.0,33.278687,-14.721313
train,56,228,47.0,31.816103,-15.183897
train,56,229,46.0,30.095448,-15.904552
train,56,230,45.0,29.603975,-15.396025
train,56,231,44.0,27.592825,-16.407175
train,56,232,43.0,23.115217,-19.884783
train,56,233,42.0,20.63949,-21.36051
train,56,234,41.0,19.10949,-21.89051
train,56,235,40.0,18.047068,-21.952932
train,56,236,39.0,16.256197,-22.743803
train,56,237,38.0,18.830008,-19.169992
train,56,238,37.0,19.864384,-17.135616
train,56,239,36.0,20.642042,-15.357958
train,56,240,35.0,18.043238,-16.956762
train,56,241,34.0,16.96141,-17.03859
train,56,242,33.0,20.990255,-12.009745
train,56,243,32.0,20.852736,-11.1472645
train,56,244,31.0,22.381067,-8.618933
train,56,245,30.0,20.223938,-9.776062
train,56,246,29.0,20.781097,-8.218903
train,56,247,28.0,21.47565,-6.524349
train,56,248,27.0,25.33788,-1.6621208
train,56,249,26.0,23.620525,-2.3794746
train,56,250,25.0,19.973837,-5.026163
train,56,251,24.0,20.18421,-3.8157902
train,56,252,23.0,22.597847,-0.40215302
train,56,253,22.0,21.29455,-0.70545006
train,56,254,21.0,23.778898,2.7788982
train,56,255,20.0,24.769152,4.7691517
train,56,256,19.0,24.158575,5.158575
train,56,257,18.0,19.636702,1.6367016
train,56,258,17.0,13.472814,-3.5271864
train,56,259,16.0,13.803899,-2.1961012
train,56,260,15.0,16.141724,1.1417236
train,56,261,14.0,15.395812,1.395812
train,56,262,13.0,11.908481,-1.0915194
train,56,263,12.0,11.2384,-0.76159954
train,56,264,11.0,9.687361,-1.3126392
train,56,265,10.0,9.042483,-0.9575167
train,56,266,9.0,9.470829,0.470829
train,56,267,8.0,9.756481,1.7564812
train,56,268,7.0,7.2652106,0.26521063
train,56,269,6.0,9.0556555,3.0556555
train,56,270,5.0,4.801174,-0.19882584
train,56,271,4.0,0.83928144,-3.1607184
train,56,272,3.0,1.4504555,-1.5495445
train,56,273,2.0,3.3368933,1.3368933
train,56,274,1.0,5.778006,4.778006
train,56,275,0.0,3.9185574,3.9185574
train,58,30,117.0,106.941246,-10.058754
train,58,31,116.0,105.99105,-10.008949
train,58,32,115.0,109.61767,-5.382332
train,58,33,114.0,112.116135,-1.8838654
train,58,34,113.0,121.71613,8.716133
train,58,35,112.0,127.34511,15.345108
train,58,36,111.0,132.3293,21.3293
train,58,37,110.0,134.05688,24.056885
train,58,38,109.0,136.1818,27.181793
train,58,39,108.0,130.47072,22.470718
train,58,40,107.0,122.77113,15.771133
train,58,41,106.0,120.19668,14.196678
train,58,42,105.0,118.11216,13.11216
train,58,43,104.0,113.4876,9.487602
train,58,44,103.0,111.571785,8.571785
train,58,45,102.0,113.28365,11.283653
train,58,46,101.0,114.57633,13.576332
train,58,47,100.0,125.63175,25.631752
train,58,48,99.0,132.80263,33.802628
train,58,49,98.0,137.60994,39.60994
train,58,50,97.0,138.3459,41.3459
train,58,51,96.0,141.3748,45.3748
train,58,52,95.0,140.3225,45.322495
train,58,53,94.0,137.39961,43.399612
train,58,54,93.0,136.605,43.604996
train,58,55,92.0,134.18973,42.189728
train,58,56,91.0,131.32364,40.32364
train,58,57,90.0,129.58104,39.58104
train,58,58,89.0,121.16517,32.16517
train,58,59,88.0,114.344406,26.344406
train,58,60,87.0,112.08648,25.08648
train,58,61,86.0,117.1553,31.155296
train,58,62,85.0,117.05724,32.057243
train,58,63,84.0,115.63227,31.63227
train,58,64,83.0,118.22778,35.227783
train,58,65,82.0,114.8373,32.837303
train,58,66,81.0,111.20545,30.205452
train,58,67,80.0,109.38535,29.385353
train,58,68,79.0,104.685234,25.685234
train,58,69,78.0,101.53163,23.531631
train,58,70,77.0,97.08224,20.082237
train,58,71,76.0,92.31273,16.312729
train,58,72,75.0,85.289894,10.289894
train,58,73,74.0,85.77925,11.779251
train,58,74,73.0,82.63171,9.631706
train,58,75,72.0,79.17491,7.1749115
train,58,76,71.0,78.52354,7.5235367
train,58,77,70.0,81.37735,11.37735
train,58,78,69.0,79.63004,10.630043
train,58,79,68.0,81.748146,13.748146
train,58,80,67.0,77.688,10.688004
train,58,81,66.0,78.87628,12.876282
train,58,82,65.0,77.52846,12.528458
train,58,83,64.0,80.88715,16.887154
train,58,84,63.0,82.02876,19.028763
train,58,85,62.0,82.18324,20.183243
train,58,86,61.0,78.09756,17.097557
train,58,87,60.0,71.30213,11.302132
train,58,88,59.0,72.16581,13.16581
train,58,89,58.0,77.46823,19.468231
train,58,90,57.0,76.27353,19.27353
train,58,91,56.0,77.30826,21.308258
train,58,92,55.0,76.78179,21.781792
train,58,93,54.0,80.29423,26.294228
train,58,94,53.0,78.807686,25.807686
train,58,95,52.0,73.49323,21.493233
train,58,96,51.0,72.89796,21.897957
train,58,97,50.0,76.018906,26.018906
train,58,98,49.0,71.57775,22.577751
train,58,99,48.0,69.13674,21.136742
train,58,100,47.0,66.4909,19.490898
train,58,101,46.0,60.859722,14.859722
train,58,102,45.0,60.96966,15.969662
train,58,103,44.0,59.352345,15.3523445
train,58,104,43.0,59.991116,16.991116
train,58,105,42.0,59.65991,17.659908
train,58,106,41.0,53.746162,12.746162
train,58,107,40.0,49.5771,9.577099
train,58,108,39.0,47.184227,8.184227
train,58,109,38.0,46.328655,8.328655
train,58,110,37.0,42.921944,5.9219437
train,58,111,36.0,39.72962,3.729622
train,58,112,35.0,35.857155,0.85715485
train,58,113,34.0,31.771198,-2.2288017
train,58,114,33.0,27.625586,-5.3744144
train,58,115,32.0,25.729362,-6.2706375
train,58,116,31.0,27.793505,-3.2064953
train,58,117,30.0,30.066181,0.06618118
train,58,118,29.0,33.93338,4.93338
train,58,119,28.0,33.631638,5.6316376
train,58,120,27.0,31.831652,4.8316517
train,58,121,26.0,27.20708,1.2070808
train,58,122,25.0,28.90721,3.9072094
train,58,123,24.0,28.720072,4.720072
train,58,124,23.0,30.478449,7.478449
train,58,125,22.0,29.639523,7.6395226
train,58,126,21.0,26.569193,5.569193
train,58,127,20.0,24.280054,4.280054
train,58,128,19.0,22.418705,3.418705
train,58,129,18.0,21.75786,3.7578602
train,58,130,17.0,20.338129,3.338129
train,58,131,16.0,19.228197,3.228197
train,58,132,15.0,14.711755,-0.2882452
train,58,133,14.0,12.5366535,-1.4633465
train,58,134,13.0,10.991071,-2.0089293
train,58,135,12.0,13.360885,1.3608847
train,58,136,11.0,11.781404,0.78140354
train,58,137,10.0,9.755511,-0.24448872
train,58,138,9.0,9.092616,0.09261608
train,58,139,8.0,6.787207,-1.2127929
train,58,140,7.0,3.581743,-3.418257
train,58,141,6.0,6.2375255,0.23752546
train,58,142,5.0,8.341982,3.341982
train,58,143,4.0,8.907225,4.9072247
train,58,144,3.0,7.630536,4.630536
train,58,145,2.0,5.136323,3.136323
train,58,146,1.0,3.4544585,2.4544585
train,58,147,0.0,4.9923396,4.9923396
train,59,30,201.0,162.33627,-38.663727
train,59,31,200.0,159.0461,-40.953903
train,59,32,199.0,154.72461,-44.27539
train,59,33,198.0,147.94627,-50.053726
train,59,34,197.0,142.3545,-54.645493
train,59,35,196.0,148.1191,-47.880905
train,59,36,195.0,154.40338,-40.59662
train,59,37,194.0,155.1989,-38.8011
train,59,38,193.0,159.76582,-33.234177
train,59,39,192.0,159.60457,-32.39543
train,59,40,191.0,159.80246,-31.19754
train,59,41,190.0,163.37003,-26.629974
train,59,42,189.0,167.69424,-21.305756
train,59,43,188.0,168.47989,-19.520111
train,59,44,187.0,158.58058,-28.419418
train,59,45,186.0,162.84209,-23.157913
train,59,46,185.0,156.71446,-28.285538
train,59,47,184.0,155.97032,-28.029678
train,59,48,183.0,155.52115,-27.478851
train,59,49,182.0,157.42229,-24.577713
train,59,50,181.0,159.57422,-21.425781
train,59,51,180.0,161.00491,-18.995087
train,59,52,179.0,164.54277,-14.45723
train,59,53,178.0,166.36949,-11.630508
train,59,54,177.0,170.99068,-6.009323
train,59,55,176.0,171.3206,-4.6793976
train,59,56,175.0,176.52794,1.5279388
train,59,57,174.0,177.26189,3.2618866
train,59,58,173.0,180.67152,7.671524
train,59,59,172.0,185.29393,13.29393
train,59,60,171.0,191.02925,20.029251
train,59,61,170.0,199.12904,29.129044
train,59,62,169.0,199.9652,30.965195
train,59,63,168.0,202.23003,34.230026
train,59,64,167.0,201.66907,34.669067
train,59,65,166.0,201.82384,35.823837
train,59,66,165.0,196.14394,31.143936
train,59,67,164.0,187.0555,23.055496
train,59,68,163.0,184.2019,21.201904
train,59,69,162.0,176.46356,14.463562
train,59,70,161.0,169.46864,8.468643
train,59,71,160.0,165.12706,5.12706
train,59,72,159.0,155.92749,-3.0725098
train,59,73,158.0,147.24794,-10.75206
train,59,74,157.0,148.74744,-8.252563
train,59,75,156.0,144.11061,-11.889389
train,59,76,155.0,138.53542,-16.464584
train,59,77,154.0,126.991,-27.009003
train,59,78,153.0,119.343445,-33.656555
train,59,79,152.0,113.344765,-38.655235
train,59,80,151.0,109.61588,-41.384117
train,59,81,150.0,107.28342,-42.716583
train,59,82,149.0,100.546745,-48.453255
train,59,83,148.0,100.47282,-47.527184
train,59,84,147.0,101.632416,-45.367584
train,59,85,146.0,108.17586,-37.824142
train,59,86,145.0,112.69254,-32.307457
train,59,87,144.0,120.435005,-23.564995
train,59,88,143.0,127.43949,-15.560509
train,59,89,142.0,130.17014,-11.8298645
train,59,90,141.0,126.958244,-14.041756
train,59,91,140.0,122.29793,-17.702072
train,59,92,139.0,120.3012,-18.6988
train,59,93,138.0,122.87575,-15.124252
train,59,94,137.0,122.47019,-14.529808
train,59,95,136.0,124.15368,-11.846321
train,59,96,135.0,125.61121,-9.388786
train,59,97,134.0,133.52705,-0.47294617
train,59,98,133.0,140.0067,7.0066986
train,59,99,132.0,143.47993,11.479935
train,59,100,131.0,153.25456,22.254562
train,59,101,130.0,159.4551,29.455093
train,59,102,129.0,162.49146,33.491455
train,59,103,128.0,162.14276,34.14276
train,59,104,127.0,156.80165,29.801651
train,59,105,126.0,153.68048,27.680481
train,59,106,125.0,147.62898,22.628983
train,59,107,124.0,140.4142,16.4142
train,59,108,123.0,139.72487,16.724869
train,59,109,122.0,139.24913,17.24913
train,59,110,121.0,139.2646,18.264603
train,59,111,120.0,140.668,20.668
train,59,112,119.0,142.49307,23.493073
train,59,113,118.0,148.20825,30.208252
train,59,114,117.0,148.30107,31.301071
train,59,115,116.0,151.52214,35.52214
train,59,116,115.0,149.56406,34.564056
train,59,117,114.0,144.99849,30.99849
train,59,118,113.0,138.83235,25.832352
train,59,119,112.0,131.50359,19.503586
train,59,120,111.0,125.786316,14.786316
train,59,121,110.0,130.20992,20.209915
train,59,122,109.0,129.60423,20.604233
train,59,123,108.0,128.81473,20.814728
train,59,124,107.0,126.59968,19.599678
train,59,125,106.0,125.0945,19.094498
train,59,126,105.0,124.554985,19.554985
train,59,127,104.0,121.583336,17.583336
train,59,128,103.0,119.23359,16.23359
train,59,129,102.0,110.105995,8.105995
train,59,130,101.0,103.11857,2.1185684
train,59,131,100.0,97.08512,-2.9148788
train,59,132,99.0,92.426605,-6.573395
train,59,133,98.0,91.91295,-6.0870514
train,59,134,97.0,87.64066,-9.359337
train,59,135,96.0,86.56014,-9.4398575
train,59,136,95.0,84.83491,-10.165092
train,59,137,94.0,85.875725,-8.124275
train,59,138,93.0,82.3482,-10.651802
train,59,139,92.0,81.09595,-10.904053
train,59,140,91.0,79.41514,-11.584862
train,59,141,90.0,78.60128,-11.39872
train,59,142,89.0,75.715904,-13.284096
train,59,143,88.0,75.03131,-12.968689
train,59,144,87.0,69.065796,-17.934204
train,59,145,86.0,65.03513,-20.964867
train,59,146,85.0,62.00499,-22.99501
train,59,147,84.0,64.65928,-19.340721
train,59,148,83.0,70.93528,-12.06472
train,59,149,82.0,78.9779,-3.0221024
train,59,150,81.0,82.91381,1.9138107
train,59,151,80.0,89.292,9.292
train,59,152,79.0,85.25709,6.2570877
train,59,153,78.0,83.92893,5.928932
train,59,154,77.0,85.232254,8.232254
train,59,155,76.0,79.19465,3.1946487
train,59,156,75.0,72.32925,-2.6707535
train,59,157,74.0,66.405975,-7.5940247
train,59,158,73.0,57.074684,-15.925316
train,59,159,72.0,47.88099,-24.11901
train,59,160,71.0,45.515778,-25.484222
train,59,161,70.0,47.06892,-22.93108
train,59,162,69.0,49.247967,-19.752033
train,59,163,68.0,53.0379,-14.962101
train,59,164,67.0,53.98265,-13.017349
train,59,165,66.0,61.37971,-4.620289
train,59,166,65.0,67.191,2.191002
train,59,167,64.0,70.4625,6.4625015
train,59,168,63.0,67.61819,4.618187
train,59,169,62.0,65.1556,3.1556015
train,59,170,61.0,57.003113,-3.9968872
train,59,171,60.0,46.037666,-13.962334
train,59,172,59.0,39.312202,-19.687798
train,59,173,58.0,36.13176,-21.86824
train,59,174,57.0,33.20659,-23.793411
train,59,175,56.0,29.874125,-26.125875
train,59,176,55.0,33.03101,-21.96899
train,59,177,54.0,40.268143,-13.731857
train,59,178,53.0,45.31024,-7.6897583
train,59,179,52.0,55.267998,3.2679977
train,59,180,51.0,59.348175,8.348175
train,59,181,50.0,62.743084,12.743084
train,59,182,49.0,61.810665,12.810665
train,59,183,48.0,58.649574,10.649574
train,59,184,47.0,52.94139,5.941391
train,59,185,46.0,48.97016,2.9701614
train,59,186,45.0,45.865776,0.86577606
train,59,187,44.0,39.878193,-4.121807
train,59,188,43.0,37.478317,-5.5216827
train,59,189,42.0,34.78524,-7.21476
train,59,190,41.0,32.895252,-8.104748
train,59,191,40.0,35.54547,-4.454529
train,59,192,39.0,37.412636,-1.5873642
train,59,193,38.0,40.020115,2.020115
train,59,194,37.0,42.003464,5.0034637
train,59,195,36.0,42.214775,6.214775
train,59,196,35.0,43.230904,8.230904
train,59,197,34.0,37.259514,3.2595139
train,59,198,33.0,33.696022,0.69602203
train,59,199,32.0,32.773834,0.7738342
train,59,200,31.0,30.450113,-0.5498867
train,59,201,30.0,23.937359,-6.062641
train,59,202,29.0,23.541332,-5.4586678
train,59,203,28.0,24.994532,-3.0054684
train,59,204,27.0,21.792622,-5.2073784
train,59,205,26.0,21.290945,-4.709055
train,59,206,25.0,22.763943,-2.2360573
train,59,207,24.0,24.875029,0.8750286
train,59,208,23.0,23.534658,0.53465843
train,59,209,22.0,22.9725,0.97249985
train,59,210,21.0,23.584492,2.5844917
train,59,211,20.0,22.402174,2.402174
train,59,212,19.0,26.406265,7.4062653
train,59,213,18.0,25.873219,7.8732185
train,59,214,17.0,23.322374,6.3223743
train,59,215,16.0,22.531736,6.5317364
train,59,216,15.0,21.239054,6.2390537
train,59,217,14.0,19.292057,5.292057
train,59,218,13.0,19.36929,6.3692894
train,59,219,12.0,17.556684,5.5566845
train,59,220,11.0,17.341145,6.3411446
train,59,221,10.0,15.030971,5.0309706
train,59,222,9.0,14.64002,5.6400204
train,59,223,8.0,12.198162,4.198162
train,59,224,7.0,13.078141,6.078141
train,59,225,6.0,12.413316,6.413316
train,59,226,5.0,10.210841,5.210841
train,59,227,4.0,7.9144335,3.9144335
train,59,228,3.0,5.9790235,2.9790235
train,59,229,2.0,4.537138,2.537138
train,59,230,1.0,4.080488,3.0804882
train,59,231,0.0,2.677068,2.677068
train,61,30,155.0,147.72867,-7.271332
train,61,31,154.0,139.69464,-14.305359
train,61,32,153.0,130.19576,-22.804245
train,61,33,152.0,123.5891,-28.410896
train,61,34,151.0,116.66587,-34.33413
train,61,35,150.0,114.064255,-35.935745
train,61,36,149.0,119.32664,-29.673363
train,61,37,148.0,117.4528,-30.547203
train,61,38,147.0,126.45735,-20.542648
train,61,39,146.0,132.52107,-13.478928
train,61,40,145.0,131.30656,-13.693436
train,61,41,144.0,124.90179,-19.098213
train,61,42,143.0,127.3265,-15.6735
train,61,43,142.0,131.87138,-10.128616
train,61,44,141.0,132.69463,-8.305374
train,61,45,140.0,139.019,-0.9810028
train,61,46,139.0,142.47508,3.4750824
train,61,47,138.0,145.97246,7.972458
train,61,48,137.0,142.45036,5.450363
train,61,49,136.0,139.18779,3.18779
train,61,50,135.0,138.30295,3.302948
train,61,51,134.0,145.13086,11.130859
train,61,52,133.0,148.11421,15.114212
train,61,53,132.0,157.19269,25.192688
train,61,54,131.0,157.53279,26.532791
train,61,55,130.0,155.14912,25.149124
train,61,56,129.0,145.33702,16.33702
train,61,57,128.0,145.95393,17.953934
train,61,58,127.0,138.99677,11.996765
train,61,59,126.0,135.75697,9.756973
train,61,60,125.0,130.60225,5.602249
train,61,61,124.0,128.71594,4.7159424
train,61,62,123.0,126.830635,3.830635
train,61,63,122.0,122.76832,0.7683182
train,61,64,121.0,122.963905,1.9639053
train,61,65,120.0,125.3945,5.3945007
train,61,66,119.0,129.57147,10.571472
train,61,67,118.0,137.68742,19.687424
train,61,68,117.0,140.68997,23.689972
train,61,69,116.0,134.83385,18.833847
train,61,70,115.0,126.17662,11.1766205
train,61,71,114.0,120.50509,6.505089
train,61,72,113.0,121.32579,8.32579
train,61,73,112.0,117.66636,5.666359
train,61,74,111.0,114.24458,3.2445831
train,61,75,110.0,112.52018,2.5201797
train,61,76,109.0,108.26556,-0.73444366
train,61,77,108.0,108.6811,0.68109894
train,61,78,107.0,108.40901,1.4090118
train,61,79,106.0,116.540436,10.540436
train,61,80,105.0,118.10937,13.109367
train,61,81,104.0,116.88731,12.887306
train,61,82,103.0,124.720146,21.720146
train,61,83,102.0,125.84857,23.848572
train,61,84,101.0,120.59762,19.597618
train,61,85,100.0,111.72195,11.721947
train,61,86,99.0,107.99079,8.990791
train,61,87,98.0,104.08571,6.0857086
train,61,88,97.0,100.726006,3.7260056
train,61,89,96.0,92.80947,-3.1905289
train,61,90,95.0,93.75958,-1.2404175
train,61,91,94.0,88.335335,-5.664665
train,61,92,93.0,96.935875,3.935875
train,61,93,92.0,104.92872,12.928719
train,61,94,91.0,105.38727,14.387268
train,61,95,90.0,100.76244,10.762444
train,61,96,89.0,98.5458,9.545799
train,61,97,88.0,95.97146,7.9714584
train,61,98,87.0,103.93913,16.939133
train,61,99,86.0,114.065834,28.065834
train,61,100,85.0,123.138756,38.138756
train,61,101,84.0,122.89043,38.890427
train,61,102,83.0,128.18047,45.180466
train,61,103,82.0,129.25479,47.25479
train,61,104,81.0,126.95943,45.959427
train,61,105,80.0,126.84436,46.84436
train,61,106,79.0,120.723045,41.723045
train,61,107,78.0,120.84611,42.846107
train,61,108,77.0,120.29402,43.29402
train,61,109,76.0,119.83346,43.833458
train,61,110,75.0,125.968185,50.968185
train,61,111,74.0,116.866585,42.866585
train,61,112,73.0,112.17317,39.173172
train,61,113,72.0,104.4493,32.449303
train,61,114,71.0,100.23768,29.237679
train,61,115,70.0,93.70633,23.70633
train,61,116,69.0,91.356514,22.356514
train,61,117,68.0,86.44524,18.445236
train,61,118,67.0,81.28915,14.289146
train,61,119,66.0,75.910515,9.910515
train,61,120,65.0,66.02646,1.0264587
train,61,121,64.0,58.147015,-5.8529854
train,61,122,63.0,53.99772,-9.002281
train,61,123,62.0,47.553032,-14.446968
train,61,124,61.0,50.11496,-10.88504
train,61,125,60.0,55.677414,-4.322586
train,61,126,59.0,60.332657,1.3326569
train,61,127,58.0,66.164734,8.164734
train,61,128,57.0,70.356766,13.356766
train,61,129,56.0,68.91535,12.915352
train,61,130,55.0,65.70656,10.706558
train,61,131,54.0,63.567986,9.567986
train,61,132,53.0,61.8395,8.8395
train,61,133,52.0,55.248585,3.2485847
train,61,134,51.0,58.52054,7.5205383
train,61,135,50.0,52.92914,2.9291382
train,61,136,49.0,50.941345,1.9413452
train,61,137,48.0,44.633068,-3.366932
train,61,138,47.0,39.265244,-7.7347565
train,61,139,46.0,34.97819,-11.021809
train,61,140,45.0,28.849705,-16.150295
train,61,141,44.0,27.340899,-16.659101
train,61,142,43.0,30.695238,-12.304762
train,61,143,42.0,28.023375,-13.976625
train,61,144,41.0,30.2353,-10.7647
train,61,145,40.0,31.291906,-8.708094
train,61,146,39.0,32.037727,-6.9622726
train,61,147,38.0,33.31958,-4.68042
train,61,148,37.0,33.291473,-3.7085266
train,61,149,36.0,30.360945,-5.6390553
train,61,150,35.0,27.854742,-7.145258
train,61,151,34.0,28.364147,-5.635853
train,61,152,33.0,30.612455,-2.3875446
train,61,153,32.0,34.956696,2.9566956
train,61,154,31.0,30.268122,-0.7318783
train,61,155,30.0,27.271912,-2.7280884
train,61,156,29.0,25.500853,-3.4991474
train,61,157,28.0,21.119333,-6.8806667
train,61,158,27.0,19.044468,-7.955532
train,61,159,26.0,19.105972,-6.8940277
train,61,160,25.0,21.549032,-3.4509678
train,61,161,24.0,23.328566,-0.6714344
train,61,162,23.0,28.188173,5.1881733
train,61,163,22.0,30.627321,8.627321
train,61,164,21.0,27.923708,6.923708
train,61,165,20.0,24.762768,4.762768
train,61,166,19.0,20.174501,1.1745014
train,61,167,18.0,13.743653,-4.2563467
train,61,168,17.0,10.45,-6.55
train,61,169,16.0,10.728084,-5.2719164
train,61,170,15.0,11.987308,-3.0126925
train,61,171,14.0,12.497682,-1.5023184
train,61,172,13.0,12.993911,-0.0060892105
train,61,173,12.0,13.108205,1.1082048
train,61,174,11.0,14.173712,3.1737118
train,61,175,10.0,14.405407,4.405407
train,61,176,9.0,15.382003,6.382003
train,61,177,8.0,15.012227,7.012227
train,61,178,7.0,14.57725,7.5772495
train,61,179,6.0,14.367429,8.367429
train,61,180,5.0,16.651182,11.651182
train,61,181,4.0,17.756277,13.756277
train,61,182,3.0,16.639502,13.639502
train,61,183,2.0,15.319927,13.319927
train,61,184,1.0,13.723661,12.723661
train,61,185,0.0,11.684449,11.684449
train,63,30,144.0,129.20044,-14.799561
train,63,31,143.0,134.75085,-8.2491455
train,63,32,142.0,132.38585,-9.614151
train,63,33,141.0,130.89687,-10.103134
train,63,34,140.0,120.931145,-19.068855
train,63,35,139.0,115.81347,-23.186531
train,63,36,138.0,104.597145,-33.402855
train,63,37,137.0,103.46999,-33.530006
train,63,38,136.0,99.687386,-36.312614
train,63,39,135.0,104.567024,-30.432976
train,63,40,134.0,105.73534,-28.264664
train,63,41,133.0,109.451866,-23.548134
train,63,42,132.0,111.6462,-20.353798
train,63,43,131.0,113.39304,-17.606956
train,63,44,130.0,111.91436,-18.08564
train,63,45,129.0,112.119804,-16.880196
train,63,46,128.0,110.32935,-17.670647
train,63,47,127.0,113.04166,-13.9583435
train,63,48,126.0,118.30808,-7.6919174
train,63,49,125.0,121.766136,-3.2338638
train,63,50,124.0,122.789635,-1.2103653
train,63,51,123.0,124.24963,1.2496338
train,63,52,122.0,130.75105,8.751053
train,63,53,121.0,132.45358,11.453583
train,63,54,120.0,138.67784,18.677841
train,63,55,119.0,144.60005,25.600052
train,63,56,118.0,146.0348,28.034805
train,63,57,117.0,152.38957,35.389572
train,63,58,116.0,153.9307,37.930695
train,63,59,115.0,158.32054,43.32054
train,63,60,114.0,157.41084,43.410843
train,63,61,113.0,156.77061,43.770615
train,63,62,112.0,153.20758,41.20758
train,63,63,111.0,149.39766,38.39766
train,63,64,110.0,141.968,31.968002
train,63,65,109.0,137.72427,28.724274
train,63,66,108.0,128.48918,20.489182
train,63,67,107.0,122.4191,15.419098
train,63,68,106.0,124.678734,18.678734
train,63,69,105.0,127.06057,22.06057
train,63,70,104.0,124.87919,20.879189
train,63,71,103.0,127.3782,24.378197
train,63,72,102.0,135.09537,33.095367
train,63,73,101.0,143.72221,42.722214
train,63,74,100.0,144.467,44.466995
train,63,75,99.0,143.60019,44.60019
train,63,76,98.0,140.09999,42.09999
train,63,77,97.0,141.11531,44.11531
train,63,78,96.0,140.22214,44.222137
train,63,79,95.0,142.1556,47.155594
train,63,80,94.0,143.47485,49.474854
train,63,81,93.0,139.40733,46.407333
train,63,82,92.0,137.28609,45.286087
train,63,83,91.0,136.1826,45.182602
train,63,84,90.0,135.24895,45.248947
train,63,85,89.0,132.35188,43.351883
train,63,86,88.0,130.4722,42.4722
train,63,87,87.0,129.85155,42.851547
train,63,88,86.0,126.79264,40.79264
train,63,89,85.0,126.8218,41.8218
train,63,90,84.0,124.71841,40.718407
train,63,91,83.0,113.60934,30.609337
train,63,92,82.0,104.17542,22.175423
train,63,93,81.0,98.026955,17.026955
train,63,94,80.0,97.16726,17.16726
train,63,95,79.0,98.76638,19.76638
train,63,96,78.0,103.0023,25.002296
train,63,97,77.0,103.42164,26.421638
train,63,98,76.0,99.13903,23.13903
train,63,99,75.0,95.26847,20.26847
train,63,100,74.0,90.01258,16.01258
train,63,101,73.0,88.07579,15.07579
train,63,102,72.0,82.95511,10.955109
train,63,103,71.0,78.372406,7.372406
train,63,104,70.0,77.940575,7.9405746
train,63,105,69.0,77.73846,8.738457
train,63,106,68.0,81.3444,13.3443985
train,63,107,67.0,84.28031,17.280312
train,63,108,66.0,82.55605,16.556053
train,63,109,65.0,79.7165,14.716499
train,63,110,64.0,75.37498,11.374977
train,63,111,63.0,76.01231,13.012306
train,63,112,62.0,70.32554,8.325539
train,63,113,61.0,63.787186,2.7871857
train,63,114,60.0,62.717083,2.717083
train,63,115,59.0,61.08051,2.0805092
train,63,116,58.0,61.093994,3.0939941
train,63,117,57.0,56.334343,-0.66565704
train,63,118,56.0,54.51198,-1.4880219
train,63,119,55.0,53.527313,-1.4726868
train,63,120,54.0,54.649487,0.64948654
train,63,121,53.0,58.451443,5.4514427
train,63,122,52.0,63.221268,11.221268
train,63,123,51.0,65.08618,14.086182
train,63,124,50.0,69.08875,19.088753
train,63,125,49.0,70.540115,21.540115
train,63,126,48.0,68.34937,20.349373
train,63,127,47.0,66.93746,19.937462
train,63,128,46.0,64.23199,18.231987
train,63,129,45.0,66.69045,21.690453
train,63,130,44.0,65.66967,21.66967
train,63,131,43.0,69.337875,26.337875
train,63,132,42.0,70.1623,28.1623
train,63,133,41.0,77.81272,36.81272
train,63,134,40.0,78.3052,38.3052
train,63,135,39.0,76.20096,37.20096
train,63,136,38.0,74.646416,36.646416
train,63,137,37.0,74.09283,37.092827
train,63,138,36.0,71.20961,35.20961
train,63,139,35.0,67.19832,32.19832
train,63,140,34.0,65.595604,31.595604
train,63,141,33.0,61.17652,28.176521
train,63,142,32.0,56.726925,24.726925
train,63,143,31.0,50.483482,19.483482
train,63,144,30.0,47.280876,17.280876
train,63,145,29.0,43.964684,14.964684
train,63,146,28.0,42.996483,14.996483
train,63,147,27.0,40.62951,13.629509
train,63,148,26.0,34.98717,8.987171
train,63,149,25.0,32.632515,7.632515
train,63,150,24.0,35.998116,11.998116
train,63,151,23.0,33.114574,10.114574
train,63,152,22.0,27.71736,5.7173595
train,63,153,21.0,25.817633,4.8176327
train,63,154,20.0,24.102947,4.102947
train,63,155,19.0,21.524172,2.5241718
train,63,156,18.0,17.46637,-0.5336304
train,63,157,17.0,16.398994,-0.60100555
train,63,158,16.0,13.973134,-2.026866
train,63,159,15.0,12.740257,-2.2597427
train,63,160,14.0,11.902901,-2.0970993
train,63,161,13.0,11.666084,-1.3339157
train,63,162,12.0,12.761119,0.7611189
train,63,163,11.0,14.135943,3.1359434
train,63,164,10.0,13.225406,3.2254057
train,63,165,9.0,9.478754,0.47875404
train,63,166,8.0,6.738918,-1.2610822
train,63,167,7.0,6.8380885,-0.16191149
train,63,168,6.0,6.831822,0.8318219
train,63,169,5.0,4.4173274,-0.5826726
train,63,170,4.0,1.7882451,-2.2117548
train,63,171,3.0,0.27559578,-2.7244043
train,63,172,2.0,1.2821261,-0.71787393
train,63,173,1.0,-0.73277223,-1.7327722
train,63,174,0.0,-2.5875797,-2.5875797
train,64,30,253.0,157.71538,-95.28462
train,64,31,252.0,155.91612,-96.08388
train,64,32,251.0,152.44044,-98.559555
train,64,33,250.0,149.30592,-100.69408
train,64,34,249.0,150.22945,-98.77055
train,64,35,248.0,148.3972,-99.6028
train,64,36,247.0,148.58696,-98.41304
train,64,37,246.0,153.17554,-92.82446
train,64,38,245.0,154.3405,-90.6595
train,64,39,244.0,155.88643,-88.11357
train,64,40,243.0,159.87907,-83.120926
train,64,41,242.0,160.95332,-81.04668
train,64,42,241.0,161.66351,-79.33649
train,64,43,240.0,162.49342,-77.50658
train,64,44,239.0,162.21867,-76.78133
train,64,45,238.0,163.20403,-74.795975
train,64,46,237.0,166.82854,-70.17146
train,64,47,236.0,167.98528,-68.014725
train,64,48,235.0,167.0933,-67.90669
train,64,49,234.0,163.83122,-70.16878
train,64,50,233.0,171.6004,-61.399597
train,64,51,232.0,170.86327,-61.136734
train,64,52,231.0,173.44954,-57.55046
train,64,53,230.0,178.1704,-51.829605
train,64,54,229.0,180.42494,-48.575058
train,64,55,228.0,183.24583,-44.754166
train,64,56,227.0,182.58334,-44.416656
train,64,57,226.0,171.81813,-54.18187
train,64,58,225.0,160.10109,-64.89891
train,64,59,224.0,153.69536,-70.30464
train,64,60,223.0,148.62062,-74.37938
train,64,61,222.0,144.93005,-77.06995
train,64,62,221.0,149.06131,-71.93869
train,64,63,220.0,151.42026,-68.57974
train,64,64,219.0,151.88388,-67.11612
train,64,65,218.0,153.49113,-64.508865
train,64,66,217.0,152.87044,-64.12956
train,64,67,216.0,156.89375,-59.106247
train,64,68,215.0,156.55492,-58.445084
train,64,69,214.0,155.50989,-58.490112
train,64,70,213.0,148.30168,-64.69832
train,64,71,212.0,144.80829,-67.19171
train,64,72,211.0,139.91196,-71.08804
train,64,73,210.0,138.19849,-71.80151
train,64,74,209.0,134.99327,-74.00673
train,64,75,208.0,133.61983,-74.38017
train,64,76,207.0,134.91592,-72.084076
train,64,77,206.0,135.55046,-70.44954
train,64,78,205.0,133.5721,-71.4279
train,64,79,204.0,136.62845,-67.37155
train,64,80,203.0,135.29576,-67.70424
train,64,81,202.0,137.4099,-64.5901
train,64,82,201.0,138.88176,-62.11824
train,64,83,200.0,143.09322,-56.906784
train,64,84,199.0,149.76454,-49.23546
train,64,85,198.0,153.85522,-44.144775
train,64,86,197.0,148.0371,-48.962906
train,64,87,196.0,142.58638,-53.41362
train,64,88,195.0,139.70677,-55.29323
train,64,89,194.0,137.38753,-56.612473
train,64,90,193.0,132.31966,-60.680344
train,64,91,192.0,131.69334,-60.306656
train,64,92,191.0,127.19428,-63.805717
train,64,93,190.0,126.830696,-63.169304
train,64,94,189.0,125.98953,-63.010468
train,64,95,188.0,120.3392,-67.6608
train,64,96,187.0,117.8041,-69.1959
train,64,97,186.0,122.33689,-63.66311
train,64,98,185.0,121.58407,-63.41593
train,64,99,184.0,117.57998,-66.42002
train,64,100,183.0,119.12564,-63.87436
train,64,101,182.0,121.62064,-60.379356
train,64,102,181.0,123.99189,-57.00811
train,64,103,180.0,126.652565,-53.347435
train,64,104,179.0,123.096535,-55.903465
train,64,105,178.0,118.56339,-59.436607
train,64,106,177.0,112.27514,-64.72486
train,64,107,176.0,110.97759,-65.02241
train,64,108,175.0,106.71297,-68.28703
train,64,109,174.0,102.90691,-71.09309
train,64,110,173.0,106.488655,-66.511345
train,64,111,172.0,101.60656,-70.39344
train,64,112,171.0,103.16076,-67.83924
train,64,113,170.0,106.56013,-63.439873
train,64,114,169.0,117.61833,-51.381668
train,64,115,168.0,131.83696,-36.16304
train,64,116,167.0,139.27144,-27.728561
train,64,117,166.0,144.66154,-21.338455
train,64,118,165.0,145.20662,-19.79338
train,64,119,164.0,147.9583,-16.041702
train,64,120,163.0,150.28105,-12.718948
train,64,121,162.0,151.95094,-10.049057
train,64,122,161.0,149.22072,-11.779282
train,64,123,160.0,147.5211,-12.478897
train,64,124,159.0,148.64146,-10.358536
train,64,125,158.0,146.74605,-11.253952
train,64,126,157.0,142.29361,-14.70639
train,64,127,156.0,138.42697,-17.573029
train,64,128,155.0,139.55788,-15.442123
train,64,129,154.0,137.42815,-16.571854
train,64,130,153.0,137.37651,-15.623489
train,64,131,152.0,136.18976,-15.810242
train,64,132,151.0,137.25763,-13.742371
train,64,133,150.0,140.43704,-9.562958
train,64,134,149.0,137.50665,-11.493347
train,64,135,148.0,135.44237,-12.557632
train,64,136,147.0,134.84502,-12.1549835
train,64,137,146.0,135.14906,-10.850937
train,64,138,145.0,136.82152,-8.178482
train,64,139,144.0,136.77077,-7.229233
train,64,140,143.0,137.69283,-5.3071747
train,64,141,142.0,143.52647,1.526474
train,64,142,141.0,144.57404,3.5740356
train,64,143,140.0,143.3012,3.3011932
train,64,144,139.0,141.86105,2.8610535
train,64,145,138.0,139.65034,1.6503448
train,64,146,137.0,140.10677,3.1067657
train,64,147,136.0,141.31468,5.314682
train,64,148,135.0,136.51027,1.5102692
train,64,149,134.0,139.35161,5.3516083
train,64,150,133.0,141.79762,8.797623
train,64,151,132.0,137.85832,5.858322
train,64,152,131.0,136.80814,5.808136
train,64,153,130.0,130.62477,0.6247711
train,64,154,129.0,124.03191,-4.9680862
train,64,155,128.0,115.58424,-12.415756
train,64,156,127.0,104.70774,-22.29226
train,64,157,126.0,93.20035,-32.799652
train,64,158,125.0,84.51728,-40.48272
train,64,159,124.0,79.86616,-44.133842
train,64,160,123.0,79.344376,-43.655624
train,64,161,122.0,80.01647,-41.98353
train,64,162,121.0,72.837395,-48.162605
train,64,163,120.0,72.09246,-47.90754
train,64,164,119.0,69.1303,-49.869698
train,64,165,118.0,71.290825,-46.709175
train,64,166,117.0,74.41447,-42.585533
train,64,167,116.0,79.6004,-36.399597
train,64,168,115.0,81.02656,-33.973442
train,64,169,114.0,81.47284,-32.52716
train,64,170,113.0,83.62023,-29.379768
train,64,171,112.0,82.03065,-29.969353
train,64,172,111.0,82.29882,-28.70118
train,64,173,110.0,80.244225,-29.755775
train,64,174,109.0,77.86672,-31.133278
train,64,175,108.0,77.41837,-30.581627
train,64,176,107.0,78.147736,-28.852264
train,64,177,106.0,77.74372,-28.256279
train,64,178,105.0,79.399284,-25.600716
train,64,179,104.0,78.75766,-25.24234
train,64,180,103.0,79.73624,-23.263763
train,64,181,102.0,79.95336,-22.046638
train,64,182,101.0,80.9968,-20.003197
train,64,183,100.0,82.34018,-17.65982
train,64,184,99.0,84.18657,-14.813431
train,64,185,98.0,84.281,-13.719002
train,64,186,97.0,85.490036,-11.509964
train,64,187,96.0,85.06817,-10.931831
train,64,188,95.0,83.96121,-11.038788
train,64,189,94.0,81.38828,-12.611717
train,64,190,93.0,78.00309,-14.99691
train,64,191,92.0,77.45275,-14.547249
train,64,192,91.0,73.62428,-17.375717
train,64,193,90.0,76.754745,-13.2452545
train,64,194,89.0,80.11717,-8.882828
train,64,195,88.0,80.46031,-7.539688
train,64,196,87.0,78.54387,-8.456131
train,64,197,86.0,81.3043,-4.6957016
train,64,198,85.0,82.633255,-2.366745
train,64,199,84.0,80.40246,-3.5975418
train,64,200,83.0,76.97942,-6.0205765
train,64,201,82.0,75.90186,-6.098137
train,64,202,81.0,74.66722,-6.332779
train,64,203,80.0,72.30612,-7.693878
train,64,204,79.0,69.28423,-9.715767
train,64,205,78.0,68.7577,-9.242302
train,64,206,77.0,66.55022,-10.449783
train,64,207,76.0,65.90927,-10.090729
train,64,208,75.0,65.541084,-9.458916
train,64,209,74.0,62.801155,-11.198845
train,64,210,73.0,60.604927,-12.395073
train,64,211,72.0,59.61723,-12.382771
train,64,212,71.0,58.758865,-12.241135
train,64,213,70.0,57.699192,-12.300808
train,64,214,69.0,57.321663,-11.678337
train,64,215,68.0,60.48948,-7.510521
train,64,216,67.0,58.998573,-8.001427
train,64,217,66.0,53.954483,-12.045517
train,64,218,65.0,49.763252,-15.236748
train,64,219,64.0,46.079098,-17.920902
train,64,220,63.0,43.227608,-19.772392
train,64,221,62.0,39.750496,-22.249504
train,64,222,61.0,41.071606,-19.928394
train,64,223,60.0,43.655228,-16.344772
train,64,224,59.0,42.884457,-16.115543
train,64,225,58.0,41.387062,-16.612938
train,64,226,57.0,41.800537,-15.199463
train,64,227,56.0,42.421253,-13.578747
train,64,228,55.0,40.569466,-14.430534
train,64,229,54.0,39.379986,-14.620014
train,64,230,53.0,37.73195,-15.268051
train,64,231,52.0,38.16815,-13.831848
train,64,232,51.0,37.739647,-13.260353
train,64,233,50.0,38.352898,-11.647102
train,64,234,49.0,37.134613,-11.865387
train,64,235,48.0,37.111244,-10.888756
train,64,236,47.0,37.214607,-9.785393
train,64,237,46.0,35.204124,-10.795876
train,64,238,45.0,34.650917,-10.349083
train,64,239,44.0,36.988293,-7.0117073
train,64,240,43.0,36.429073,-6.5709267
train,64,241,42.0,37.45717,-4.5428314
train,64,242,41.0,37.591354,-3.4086456
train,64,243,40.0,38.70835,-1.2916489
train,64,244,39.0,38.932518,-0.067481995
train,64,245,38.0,40.75684,2.7568398
train,64,246,37.0,38.715473,1.7154732
train,64,247,36.0,35.768646,-0.23135376
train,64,248,35.0,33.527176,-1.4728241
train,64,249,34.0,34.098446,0.09844589
train,64,250,33.0,36.86159,3.8615913
train,64,251,32.0,39.625244,7.625244
train,64,252,31.0,38.85698,7.8569794
train,64,253,30.0,34.742966,4.7429657
train,64,254,29.0,32.862022,3.8620224
train,64,255,28.0,29.928284,1.9282837
train,64,256,27.0,31.482313,4.482313
train,64,257,26.0,31.452122,5.4521217
train,64,258,25.0,28.195047,3.1950474
train,64,259,24.0,28.293592,4.2935925
train,64,260,23.0,30.03169,7.0316906
train,64,261,22.0,27.070961,5.070961
train,64,262,21.0,23.92987,2.9298706
train,64,263,20.0,24.702425,4.702425
train,64,264,19.0,24.535467,5.535467
train,64,265,18.0,21.900536,3.9005356
train,64,266,17.0,21.808348,4.8083477
train,64,267,16.0,21.088608,5.088608
train,64,268,15.0,18.938345,3.938345
train,64,269,14.0,13.750274,-0.2497263
train,64,270,13.0,13.3342285,0.33422852
train,64,271,12.0,15.082704,3.0827036
train,64,272,11.0,15.674197,4.674197
train,64,273,10.0,15.252368,5.252368
train,64,274,9.0,13.418757,4.4187574
train,64,275,8.0,12.21336,4.21336
train,64,276,7.0,9.86243,2.8624296
train,64,277,6.0,10.587106,4.5871058
train,64,278,5.0,7.781292,2.781292
train,64,279,4.0,6.5095434,2.5095434
train,64,280,3.0,5.3248086,2.3248086
train,64,281,2.0,2.143884,0.14388394
train,64,282,1.0,2.9829726,1.9829726
train,64,283,0.0,3.6192272,3.6192272
train,65,30,123.0,135.7086,12.708603
train,65,31,122.0,142.59203,20.592026
train,65,32,121.0,145.09831,24.098312
train,65,33,120.0,140.89743,20.89743
train,65,34,119.0,137.50867,18.508667
train,65,35,118.0,139.97952,21.979523
train,65,36,117.0,137.31941,20.319412
train,65,37,116.0,137.50659,21.506592
train,65,38,115.0,130.2642,15.264206
train,65,39,114.0,130.09972,16.099716
train,65,40,113.0,135.08943,22.089432
train,65,41,112.0,133.73349,21.73349
train,65,42,111.0,131.79515,20.79515
train,65,43,110.0,120.418144,10.418144
train,65,44,109.0,118.33886,9.33886
train,65,45,108.0,123.51374,15.513741
train,65,46,107.0,130.69574,23.69574
train,65,47,106.0,139.83202,33.832016
train,65,48,105.0,142.749,37.748993
train,65,49,104.0,144.10606,40.106064
train,65,50,103.0,142.8267,39.826706
train,65,51,102.0,137.82231,35.82231
train,65,52,101.0,133.94472,32.944717
train,65,53,100.0,134.10167,34.10167
train,65,54,99.0,130.37999,31.37999
train,65,55,98.0,128.40704,30.407043
train,65,56,97.0,132.82114,35.821136
train,65,57,96.0,129.93027,33.930267
train,65,58,95.0,130.0832,35.083206
train,65,59,94.0,122.68901,28.68901
train,65,60,93.0,116.32435,23.324348
train,65,61,92.0,114.64261,22.642609
train,65,62,91.0,113.18314,22.183144
train,65,63,90.0,119.49741,29.497414
train,65,64,89.0,116.45168,27.451683
train,65,65,88.0,118.456825,30.456825
train,65,66,87.0,120.397026,33.397026
train,65,67,86.0,125.73594,39.73594
train,65,68,85.0,129.66133,44.66133
train,65,69,84.0,127.09304,43.09304
train,65,70,83.0,121.796364,38.796364
train,65,71,82.0,111.51264,29.512642
train,65,72,81.0,108.28324,27.283241
train,65,73,80.0,113.653694,33.653694
train,65,74,79.0,111.76853,32.76853
train,65,75,78.0,107.92316,29.923157
train,65,76,77.0,111.66977,34.66977
train,65,77,76.0,107.086494,31.086494
train,65,78,75.0,111.07924,36.07924
train,65,79,74.0,110.06415,36.064148
train,65,80,73.0,105.69683,32.69683
train,65,81,72.0,102.89015,30.890152
train,65,82,71.0,96.27415,25.274147
train,65,83,70.0,90.725365,20.725365
train,65,84,69.0,91.82184,22.821838
train,65,85,68.0,89.88364,21.883636
train,65,86,67.0,87.69289,20.692886
train,65,87,66.0,83.19836,17.198357
train,65,88,65.0,81.5563,16.556297
train,65,89,64.0,80.53956,16.539558
train,65,90,63.0,83.615776,20.615776
train,65,91,62.0,84.89565,22.895653
train,65,92,61.0,86.03243,25.032433
train,65,93,60.0,96.42175,36.421753
train,65,94,59.0,100.29902,41.29902
train,65,95,58.0,99.85931,41.859306
train,65,96,57.0,101.92167,44.92167
train,65,97,56.0,103.50477,47.50477
train,65,98,55.0,98.8638,43.8638
train,65,99,54.0,92.681694,38.681694
train,65,100,53.0,83.71201,30.712013
train,65,101,52.0,78.00648,26.006477
train,65,102,51.0,70.44942,19.449417
train,65,103,50.0,66.3036,16.303596
train,65,104,49.0,66.88714,17.887138
train,65,105,48.0,66.701454,18.701454
train,65,106,47.0,59.728764,12.728764
train,65,107,46.0,52.763176,6.763176
train,65,108,45.0,43.295273,-1.7047272
train,65,109,44.0,34.69295,-9.307049
train,65,110,43.0,30.30705,-12.692949
train,65,111,42.0,28.060686,-13.939314
train,65,112,41.0,25.13819,-15.861811
train,65,113,40.0,25.49342,-14.50658
train,65,114,39.0,27.123255,-11.876745
train,65,115,38.0,27.291489,-10.708511
train,65,116,37.0,26.941078,-10.058922
train,65,117,36.0,29.684767,-6.315233
train,65,118,35.0,27.824629,-7.175371
train,65,119,34.0,29.226807,-4.7731934
train,65,120,33.0,28.627888,-4.3721123
train,65,121,32.0,26.235205,-5.7647953
train,65,122,31.0,29.682623,-1.3173771
train,65,123,30.0,31.898657,1.8986568
train,65,124,29.0,32.169098,3.169098
train,65,125,28.0,27.633852,-0.366148
train,65,126,27.0,25.813059,-1.1869411
train,65,127,26.0,20.383276,-5.616724
train,65,128,25.0,16.548738,-8.4512615
train,65,129,24.0,18.687952,-5.312048
train,65,130,23.0,23.457842,0.45784187
train,65,131,22.0,29.546188,7.5461884
train,65,132,21.0,28.444765,7.444765
train,65,133,20.0,23.217222,3.2172222
train,65,134,19.0,15.226361,-3.7736387
train,65,135,18.0,7.5144324,-10.485567
train,65,136,17.0,2.181989,-14.818011
train,65,137,16.0,-0.8903581,-16.890358
train,65,138,15.0,-5.616677,-20.616676
train,65,139,14.0,-3.0834105,-17.08341
train,65,140,13.0,-1.0957501,-14.09575
train,65,141,12.0,-0.8231704,-12.823171
train,65,142,11.0,0.18253015,-10.81747
train,65,143,10.0,0.006250335,-9.99375
train,65,144,9.0,-0.36817724,-9.368177
train,65,145,8.0,-1.6021651,-9.602165
train,65,146,7.0,-2.9223108,-9.922311
train,65,147,6.0,0.5759853,-5.4240146
train,65,148,5.0,1.5787176,-3.4212823
train,65,149,4.0,0.44363904,-3.556361
train,65,150,3.0,-3.310438,-6.310438
train,65,151,2.0,-4.9252543,-6.9252543
train,65,152,1.0,-7.2292495,-8.22925
train,65,153,0.0,-7.845994,-7.845994
train,66,30,172.0,159.64157,-12.358429
train,66,31,171.0,160.40123,-10.59877
train,66,32,170.0,160.72754,-9.272461
train,66,33,169.0,164.45744,-4.542557
train,66,34,168.0,163.13916,-4.86084
train,66,35,167.0,162.208,-4.7920074
train,66,36,166.0,163.89516,-2.1048431
train,66,37,165.0,165.07208,0.07208252
train,66,38,164.0,160.7186,-3.2814026
train,66,39,163.0,158.82622,-4.1737823
train,66,40,162.0,152.97444,-9.025558
train,66,41,161.0,148.6169,-12.383102
train,66,42,160.0,145.84497,-14.155029
train,66,43,159.0,143.11732,-15.882675
train,66,44,158.0,136.3412,-21.658798
train,66,45,157.0,130.06319,-26.936813
train,66,46,156.0,126.67834,-29.321663
train,66,47,155.0,124.12352,-30.87648
train,66,48,154.0,122.92418,-31.07582
train,66,49,153.0,118.75553,-34.24447
train,66,50,152.0,117.90281,-34.09719
train,66,51,151.0,117.044525,-33.955475
train,66,52,150.0,118.5659,-31.434097
train,66,53,149.0,116.40308,-32.596916
train,66,54,148.0,113.470436,-34.529564
train,66,55,147.0,109.13154,-37.86846
train,66,56,146.0,107.78729,-38.212708
train,66,57,145.0,105.10764,-39.892357
train,66,58,144.0,106.50898,-37.49102
train,66,59,143.0,108.795906,-34.204094
train,66,60,142.0,114.15508,-27.844917
train,66,61,141.0,114.50397,-26.496033
train,66,62,140.0,117.85138,-22.14862
train,66,63,139.0,122.41809,-16.58191
train,66,64,138.0,121.31765,-16.68235
train,66,65,137.0,122.95921,-14.040787
train,66,66,136.0,128.01476,-7.9852448
train,66,67,135.0,130.81735,-4.1826477
train,66,68,134.0,131.5461,-2.4539032
train,66,69,133.0,132.67241,-0.32759094
train,66,70,132.0,132.60558,0.60557556
train,66,71,131.0,130.10838,-0.8916168
train,66,72,130.0,124.72642,-5.2735825
train,66,73,129.0,120.39039,-8.6096115
train,66,74,128.0,117.23291,-10.76709
train,66,75,127.0,114.39716,-12.602837
train,66,76,126.0,114.34995,-11.650047
train,66,77,125.0,113.73882,-11.261177
train,66,78,124.0,117.43673,-6.5632706
train,66,79,123.0,115.49455,-7.5054474
train,66,80,122.0,115.68073,-6.3192673
train,66,81,121.0,114.10967,-6.8903275
train,66,82,120.0,108.4697,-11.530296
train,66,83,119.0,101.72869,-17.271309
train,66,84,118.0,97.54131,-20.458687
train,66,85,117.0,93.1825,-23.817497
train,66,86,116.0,89.43781,-26.562187
train,66,87,115.0,87.08875,-27.911247
train,66,88,114.0,85.50378,-28.496223
train,66,89,113.0,88.024345,-24.975655
train,66,90,112.0,87.202614,-24.797386
train,66,91,111.0,91.02038,-19.979622
train,66,92,110.0,92.62674,-17.37326
train,66,93,109.0,93.04914,-15.950859
train,66,94,108.0,94.47011,-13.529892
train,66,95,107.0,96.43235,-10.56765
train,66,96,106.0,93.78717,-12.21283
train,66,97,105.0,93.14828,-11.851723
train,66,98,104.0,87.34938,-16.65062
train,66,99,103.0,78.54743,-24.452568
train,66,100,102.0,75.389015,-26.610985
train,66,101,101.0,74.67495,-26.32505
train,66,102,100.0,75.44321,-24.556793
train,66,103,99.0,77.124214,-21.875786
train,66,104,98.0,83.64463,-14.35537
train,66,105,97.0,88.92216,-8.077843
train,66,106,96.0,93.50641,-2.4935913
train,66,107,95.0,98.91149,3.9114914
train,66,108,94.0,99.96517,5.965172
train,66,109,93.0,101.0163,8.016296
train,66,110,92.0,102.43829,10.438293
train,66,111,91.0,102.394684,11.394684
train,66,112,90.0,100.65507,10.655067
train,66,113,89.0,98.03845,9.038452
train,66,114,88.0,95.96003,7.9600296
train,66,115,87.0,92.72672,5.7267227
train,66,116,86.0,93.17213,7.172127
train,66,117,85.0,95.7353,10.735298
train,66,118,84.0,96.5398,12.539803
train,66,119,83.0,93.18319,10.183189
train,66,120,82.0,89.80186,7.801857
train,66,121,81.0,87.46727,6.46727
train,66,122,80.0,82.92373,2.923729
train,66,123,79.0,79.922714,0.92271423
train,66,124,78.0,75.76443,-2.2355728
train,66,125,77.0,73.19427,-3.8057327
train,66,126,76.0,69.770195,-6.229805
train,66,127,75.0,62.48262,-12.51738
train,66,128,74.0,58.185776,-15.814224
train,66,129,73.0,59.42208,-13.577919
train,66,130,72.0,61.61516,-10.384838
train,66,131,71.0,64.04706,-6.952942
train,66,132,70.0,66.65626,-3.3437424
train,66,133,69.0,64.799416,-4.2005844
train,66,134,68.0,60.978306,-7.021694
train,66,135,67.0,57.474575,-9.525425
train,66,136,66.0,53.605873,-12.394127
train,66,137,65.0,52.805973,-12.194027
train,66,138,64.0,56.893654,-7.106346
train,66,139,63.0,61.05561,-1.9443893
train,66,140,62.0,63.875134,1.8751335
train,66,141,61.0,62.28441,1.2844086
train,66,142,60.0,61.165096,1.1650963
train,66,143,59.0,63.112442,4.112442
train,66,144,58.0,64.75265,6.7526474
train,66,145,57.0,64.01436,7.0143585
train,66,146,56.0,62.590866,6.590866
train,66,147,55.0,57.709824,2.7098236
train,66,148,54.0,55.844013,1.8440132
train,66,149,53.0,56.905365,3.905365
train,66,150,52.0,55.44958,3.4495811
train,66,151,51.0,53.26792,2.2679214
train,66,152,50.0,52.525284,2.5252838
train,66,153,49.0,52.14772,3.1477203
train,66,154,48.0,51.50026,3.5002594
train,66,155,47.0,51.574654,4.5746536
train,66,156,46.0,53.05017,7.050171
train,66,157,45.0,52.576614,7.5766144
train,66,158,44.0,50.23625,6.236252
train,66,159,43.0,47.632355,4.6323547
train,66,160,42.0,46.31408,4.3140793
train,66,161,41.0,41.7203,0.72029877
train,66,162,40.0,39.270695,-0.72930527
train,66,163,39.0,37.334778,-1.6652222
train,66,164,38.0,39.369484,1.369484
train,66,165,37.0,35.49769,-1.5023117
train,66,166,36.0,33.931705,-2.0682945
train,66,167,35.0,32.507305,-2.4926949
train,66,168,34.0,31.480295,-2.5197048
train,66,169,33.0,31.41691,-1.5830898
train,66,170,32.0,32.065422,0.06542206
train,66,171,31.0,28.365328,-2.6346722
train,66,172,30.0,25.12441,-4.8755894
train,66,173,29.0,23.506203,-5.4937973
train,66,174,28.0,21.869242,-6.1307583
train,66,175,27.0,21.793959,-5.2060413
train,66,176,26.0,21.981722,-4.018278
train,66,177,25.0,21.765062,-3.2349377
train,66,178,24.0,22.489477,-1.5105228
train,66,179,23.0,22.462479,-0.53752136
train,66,180,22.0,18.051905,-3.9480953
train,66,181,21.0,16.424707,-4.5752926
train,66,182,20.0,18.262127,-1.7378731
train,66,183,19.0,19.892485,0.89248466
train,66,184,18.0,17.852858,-0.14714241
train,66,185,17.0,17.978697,0.9786968
train,66,186,16.0,20.425901,4.4259014
train,66,187,15.0,19.731665,4.7316647
train,66,188,14.0,17.747105,3.7471046
train,66,189,13.0,17.623709,4.6237087
train,66,190,12.0,18.884409,6.884409
train,66,191,11.0,18.476465,7.476465
train,66,192,10.0,14.879367,4.879367
train,66,193,9.0,12.371528,3.3715277
train,66,194,8.0,12.669586,4.669586
train,66,195,7.0,13.111316,6.1113157
train,66,196,6.0,13.476965,7.476965
train,66,197,5.0,13.258399,8.258399
train,66,198,4.0,10.991276,6.991276
train,66,199,3.0,9.138803,6.1388025
train,66,200,2.0,7.864411,5.864411
train,66,201,1.0,6.5728016,5.5728016
train,66,202,0.0,3.5423057,3.5423057
train,67,30,283.0,152.99864,-130.00136
train,67,31,282.0,153.23573,-128.76427
train,67,32,281.0,148.04979,-132.95021
train,67,33,280.0,151.45653,-128.54347
train,67,34,279.0,154.2861,-124.7139
train,67,35,278.0,150.97354,-127.02646
train,67,36,277.0,151.23462,-125.76538
train,67,37,276.0,151.57289,-124.42711
train,67,38,275.0,152.69115,-122.30885
train,67,39,274.0,158.7245,-115.2755
train,67,40,273.0,159.8224,-113.1776
train,67,41,272.0,166.09674,-105.90326
train,67,42,271.0,173.0879,-97.912094
train,67,43,270.0,181.29663,-88.70337
train,67,44,269.0,189.78964,-79.21036
train,67,45,268.0,193.69896,-74.30104
train,67,46,267.0,194.19064,-72.80936
train,67,47,266.0,190.16609,-75.83391
train,67,48,265.0,186.03639,-78.96361
train,67,49,264.0,183.47597,-80.52403
train,67,50,263.0,174.35626,-88.64374
train,67,51,262.0,175.47432,-86.52568
train,67,52,261.0,175.17377,-85.82623
train,67,53,260.0,172.89238,-87.10762
train,67,54,259.0,169.11674,-89.883255
train,67,55,258.0,165.97818,-92.02182
train,67,56,257.0,156.1657,-100.834305
train,67,57,256.0,152.28026,-103.71974
train,67,58,255.0,148.37553,-106.624466
train,67,59,254.0,144.36317,-109.636826
train,67,60,253.0,136.75163,-116.24837
train,67,61,252.0,135.69116,-116.30884
train,67,62,251.0,133.49165,-117.50835
train,67,63,250.0,133.30513,-116.69487
train,67,64,249.0,130.29205,-118.70795
train,67,65,248.0,127.42131,-120.57869
train,67,66,247.0,128.20374,-118.796265
train,67,67,246.0,132.40034,-113.599655
train,67,68,245.0,144.21571,-100.78429
train,67,69,244.0,157.26321,-86.736786
train,67,70,243.0,167.81374,-75.186264
train,67,71,242.0,178.86526,-63.134735
train,67,72,241.0,183.45616,-57.54384
train,67,73,240.0,183.27602,-56.723984
train,67,74,239.0,179.60501,-59.39499
train,67,75,238.0,178.96042,-59.03958
train,67,76,237.0,170.88248,-66.11752
train,67,77,236.0,168.71674,-67.283264
train,67,78,235.0,168.8218,-66.17821
train,67,79,234.0,168.16791,-65.83209
train,67,80,233.0,166.39862,-66.60138
train,67,81,232.0,166.78789,-65.21211
train,67,82,231.0,159.87236,-71.12764
train,67,83,230.0,159.08565,-70.91435
train,67,84,229.0,158.06416,-70.93584
train,67,85,228.0,147.19073,-80.809265
train,67,86,227.0,142.6104,-84.3896
train,67,87,226.0,137.23845,-88.76155
train,67,88,225.0,135.43028,-89.56972
train,67,89,224.0,135.51152,-88.48848
train,67,90,223.0,139.57948,-83.42052
train,67,91,222.0,146.9327,-75.06731
train,67,92,221.0,147.63506,-73.364944
train,67,93,220.0,146.95898,-73.041016
train,67,94,219.0,152.96193,-66.03807
train,67,95,218.0,158.01552,-59.98448
train,67,96,217.0,159.77562,-57.22438
train,67,97,216.0,161.99277,-54.007233
train,67,98,215.0,168.54308,-46.456924
train,67,99,214.0,168.87585,-45.124146
train,67,100,213.0,169.03398,-43.96602
train,67,101,212.0,168.28894,-43.71106
train,67,102,211.0,162.95883,-48.04117
train,67,103,210.0,158.52626,-51.47374
train,67,104,209.0,153.88574,-55.114258
train,67,105,208.0,146.80635,-61.19365
train,67,106,207.0,148.9052,-58.094803
train,67,107,206.0,145.89268,-60.107315
train,67,108,205.0,141.42513,-63.574875
train,67,109,204.0,135.95706,-68.04294
train,67,110,203.0,130.70888,-72.29112
train,67,111,202.0,128.48996,-73.51004
train,67,112,201.0,120.66956,-80.33044
train,67,113,200.0,116.64318,-83.35682
train,67,114,199.0,116.16996,-82.83004
train,67,115,198.0,116.60177,-81.39823
train,67,116,197.0,120.58459,-76.41541
train,67,117,196.0,120.62037,-75.37963
train,67,118,195.0,119.18027,-75.81973
train,67,119,194.0,115.43715,-78.56285
train,67,120,193.0,114.92864,-78.07136
train,67,121,192.0,112.21166,-79.78834
train,67,122,191.0,109.041824,-81.958176
train,67,123,190.0,112.087456,-77.912544
train,67,124,189.0,114.02558,-74.97442
train,67,125,188.0,118.36648,-69.63352
train,67,126,187.0,119.626625,-67.373375
train,67,127,186.0,120.09478,-65.90522
train,67,128,185.0,118.49588,-66.50412
train,67,129,184.0,111.906494,-72.093506
train,67,130,183.0,112.80454,-70.19546
train,67,131,182.0,113.73992,-68.26008
train,67,132,181.0,112.3632,-68.6368
train,67,133,180.0,109.48209,-70.51791
train,67,134,179.0,112.38861,-66.61139
train,67,135,178.0,107.53469,-70.46531
train,67,136,177.0,111.570625,-65.429375
train,67,137,176.0,119.45309,-56.546913
train,67,138,175.0,125.888695,-49.111305
train,67,139,174.0,137.26338,-36.736618
train,67,140,173.0,147.61012,-25.389877
train,67,141,172.0,152.94475,-19.055252
train,67,142,171.0,152.78865,-18.21135
train,67,143,170.0,158.13432,-11.865677
train,67,144,169.0,161.98083,-7.019165
train,67,145,168.0,163.9229,-4.0771027
train,67,146,167.0,158.61879,-8.38121
train,67,147,166.0,154.44792,-11.552078
train,67,148,165.0,146.29263,-18.707367
train,67,149,164.0,140.02917,-23.970825
train,67,150,163.0,140.14043,-22.859573
train,67,151,162.0,143.48456,-18.515442
train,67,152,161.0,146.07762,-14.922379
train,67,153,160.0,146.433,-13.567001
train,67,154,159.0,149.36572,-9.634277
train,67,155,158.0,152.74953,-5.250473
train,67,156,157.0,153.72508,-3.2749176
train,67,157,156.0,150.24452,-5.755478
train,67,158,155.0,142.53535,-12.464645
train,67,159,154.0,136.95683,-17.043167
train,67,160,153.0,129.79477,-23.20523
train,67,161,152.0,118.90888,-33.091118
train,67,162,151.0,113.59421,-37.405792
train,67,163,150.0,114.100716,-35.899284
train,67,164,149.0,120.003975,-28.996025
train,67,165,148.0,128.49915,-19.500854
train,67,166,147.0,133.81004,-13.189957
train,67,167,146.0,135.41309,-10.586914
train,67,168,145.0,136.53476,-8.4652405
train,67,169,144.0,132.45778,-11.542221
train,67,170,143.0,128.31406,-14.685944
train,67,171,142.0,131.17596,-10.824036
train,67,172,141.0,129.10938,-11.890625
train,67,173,140.0,130.02718,-9.972824
train,67,174,139.0,125.281,-13.719002
train,67,175,138.0,118.32497,-19.675034
train,67,176,137.0,114.96798,-22.03202
train,67,177,136.0,117.17548,-18.824516
train,67,178,135.0,120.73965,-14.260353
train,67,179,134.0,122.329834,-11.670166
train,67,180,133.0,125.45694,-7.5430603
train,67,181,132.0,126.79162,-5.2083817
train,67,182,131.0,127.57517,-3.4248276
train,67,183,130.0,130.14641,0.14640808
train,67,184,129.0,130.8623,1.8623047
train,67,185,128.0,122.4684,-5.531601
train,67,186,127.0,116.61796,-10.382042
train,67,187,126.0,113.27558,-12.724419
train,67,188,125.0,109.56262,-15.437378
train,67,189,124.0,105.55665,-18.443352
train,67,190,123.0,106.49884,-16.50116
train,67,191,122.0,106.55805,-15.441948
train,67,192,121.0,103.37856,-17.621437
train,67,193,120.0,104.286964,-15.713036
train,67,194,119.0,100.25039,-18.74961
train,67,195,118.0,94.64573,-23.35427
train,67,196,117.0,90.16463,-26.835373
train,67,197,116.0,90.48051,-25.519493
train,67,198,115.0,92.008934,-22.991066
train,67,199,114.0,94.88381,-19.116188
train,67,200,113.0,95.930534,-17.069466
train,67,201,112.0,92.40011,-19.599892
train,67,202,111.0,91.302376,-19.697624
train,67,203,110.0,91.43065,-18.569351
train,67,204,109.0,92.91155,-16.088448
train,67,205,108.0,92.02044,-15.979561
train,67,206,107.0,94.60657,-12.393433
train,67,207,106.0,98.917435,-7.0825653
train,67,208,105.0,102.584305,-2.4156952
train,67,209,104.0,100.26754,-3.73246
train,67,210,103.0,101.118095,-1.8819046
train,67,211,102.0,101.621155,-0.3788452
train,67,212,101.0,101.02889,0.028892517
train,67,213,100.0,98.1632,-1.8367996
train,67,214,99.0,98.691925,-0.30807495
train,67,215,98.0,98.82285,0.8228531
train,67,216,97.0,97.18754,0.18753815
train,67,217,96.0,94.11913,-1.880867
train,67,218,95.0,88.23679,-6.7632065
train,67,219,94.0,82.80353,-11.196472
train,67,220,93.0,79.04093,-13.959068
train,67,221,92.0,74.82509,-17.174911
train,67,222,91.0,75.6337,-15.3663025
train,67,223,90.0,72.49723,-17.50277
train,67,224,89.0,70.37696,-18.62304
train,67,225,88.0,72.03576,-15.964241
train,67,226,87.0,71.6156,-15.384399
train,67,227,86.0,70.350746,-15.649254
train,67,228,85.0,67.690575,-17.309425
train,67,229,84.0,67.19433,-16.805672
train,67,230,83.0,67.1419,-15.858101
train,67,231,82.0,64.48713,-17.51287
train,67,232,81.0,63.370735,-17.629265
train,67,233,80.0,61.20053,-18.799469
train,67,234,79.0,59.786892,-19.213108
train,67,235,78.0,58.20246,-19.797539
train,67,236,77.0,57.17469,-19.82531
train,67,237,76.0,59.085747,-16.914253
train,67,238,75.0,59.736282,-15.263718
train,67,239,74.0,60.46738,-13.532619
train,67,240,73.0,62.850494,-10.149506
train,67,241,72.0,61.79033,-10.209671
train,67,242,71.0,61.702965,-9.297035
train,67,243,70.0,60.31349,-9.686508
train,67,244,69.0,58.236374,-10.763626
train,67,245,68.0,57.33761,-10.662392
train,67,246,67.0,55.375908,-11.624092
train,67,247,66.0,57.07463,-8.925369
train,67,248,65.0,56.915184,-8.084816
train,67,249,64.0,60.243282,-3.7567177
train,67,250,63.0,62.82601,-0.17398834
train,67,251,62.0,63.559837,1.5598373
train,67,252,61.0,64.55518,3.5551834
train,67,253,60.0,67.0446,7.0446014
train,67,254,59.0,66.829,7.8290024
train,67,255,58.0,66.220406,8.220406
train,67,256,57.0,64.69785,7.697853
train,67,257,56.0,62.308346,6.308346
train,67,258,55.0,59.380558,4.380558
train,67,259,54.0,56.24824,2.2482414
train,67,260,53.0,52.68767,-0.31232834
train,67,261,52.0,47.367905,-4.6320953
train,67,262,51.0,43.859573,-7.1404266
train,67,263,50.0,40.851955,-9.148045
train,67,264,49.0,38.802967,-10.197033
train,67,265,48.0,36.49472,-11.50528
train,67,266,47.0,34.19908,-12.800919
train,67,267,46.0,31.178972,-14.821028
train,67,268,45.0,29.056757,-15.943243
train,67,269,44.0,27.934525,-16.065475
train,67,270,43.0,24.304756,-18.695244
train,67,271,42.0,22.887625,-19.112375
train,67,272,41.0,22.50782,-18.49218
train,67,273,40.0,20.173876,-19.826124
train,67,274,39.0,17.91182,-21.08818
train,67,275,38.0,15.908521,-22.09148
train,67,276,37.0,15.995889,-21.004112
train,67,277,36.0,14.354949,-21.64505
train,67,278,35.0,13.810214,-21.189785
train,67,279,34.0,12.279824,-21.720177
train,67,280,33.0,14.245707,-18.754293
train,67,281,32.0,14.582039,-17.417961
train,67,282,31.0,13.357607,-17.642393
train,67,283,30.0,13.160162,-16.839838
train,67,284,29.0,12.621611,-16.37839
train,67,285,28.0,13.498946,-14.501054
train,67,286,27.0,14.331715,-12.668285
train,67,287,26.0,13.803573,-12.196427
train,67,288,25.0,15.42661,-9.57339
train,67,289,24.0,15.03588,-8.96412
train,67,290,23.0,13.6816435,-9.3183565
train,67,291,22.0,12.391397,-9.608603
train,67,292,21.0,14.656331,-6.343669
train,67,293,20.0,14.390132,-5.609868
train,67,294,19.0,13.176183,-5.8238173
train,67,295,18.0,11.890967,-6.1090326
train,67,296,17.0,12.616017,-4.3839827
train,67,297,16.0,12.831895,-3.1681051
train,67,298,15.0,11.57677,-3.4232302
train,67,299,14.0,10.733636,-3.266364
train,67,300,13.0,10.104373,-2.895627
train,67,301,12.0,6.3730564,-5.6269436
train,67,302,11.0,7.658482,-3.341518
train,67,303,10.0,9.606188,-0.39381218
train,67,304,9.0,9.555442,0.55544186
train,67,305,8.0,9.94894,1.9489403
train,67,306,7.0,11.270907,4.2709074
train,67,307,6.0,9.2233305,3.2233305
train,67,308,5.0,5.7065477,0.70654774
train,67,309,4.0,5.2711186,1.2711186
train,67,310,3.0,5.3163,2.3163
train,67,311,2.0,3.9898632,1.9898632
train,67,312,1.0,3.5883174,2.5883174
train,67,313,0.0,3.7650635,3.7650635
train,68,30,169.0,162.18709,-6.812912
train,68,31,168.0,163.86682,-4.1331787
train,68,32,167.0,164.9152,-2.084793
train,68,33,166.0,167.24828,1.2482758
train,68,34,165.0,162.15498,-2.8450165
train,68,35,164.0,160.28433,-3.7156677
train,68,36,163.0,157.62416,-5.375839
train,68,37,162.0,154.66353,-7.3364716
train,68,38,161.0,149.15169,-11.848312
train,68,39,160.0,148.19609,-11.803909
train,68,40,159.0,144.67947,-14.320526
train,68,41,158.0,143.85164,-14.148361
train,68,42,157.0,147.55339,-9.4466095
train,68,43,156.0,150.41685,-5.583145
train,68,44,155.0,147.95459,-7.04541
train,68,45,154.0,147.25838,-6.741623
train,68,46,153.0,142.59294,-10.407059
train,68,47,152.0,141.42613,-10.573868
train,68,48,151.0,141.42531,-9.574692
train,68,49,150.0,137.57986,-12.4201355
train,68,50,149.0,137.43811,-11.56189
train,68,51,148.0,137.21248,-10.787521
train,68,52,147.0,133.8182,-13.181793
train,68,53,146.0,132.212,-13.787994
train,68,54,145.0,124.125175,-20.874825
train,68,55,144.0,122.12527,-21.874733
train,68,56,143.0,126.41614,-16.583862
train,68,57,142.0,127.54524,-14.454758
train,68,58,141.0,129.42438,-11.575623
train,68,59,140.0,124.88174,-15.118263
train,68,60,139.0,120.41443,-18.585571
train,68,61,138.0,120.609245,-17.390755
train,68,62,137.0,118.84297,-18.157028
train,68,63,136.0,109.860344,-26.139656
train,68,64,135.0,105.209526,-29.790474
train,68,65,134.0,100.42265,-33.577347
train,68,66,133.0,97.77237,-35.22763
train,68,67,132.0,96.03971,-35.96029
train,68,68,131.0,100.98202,-30.017982
train,68,69,130.0,101.07735,-28.922653
train,68,70,129.0,102.729,-26.271004
train,68,71,128.0,102.43542,-25.564583
train,68,72,127.0,103.542015,-23.457985
train,68,73,126.0,102.93143,-23.068573
train,68,74,125.0,103.80588,-21.194122
train,68,75,124.0,107.00327,-16.996727
train,68,76,123.0,107.658936,-15.341064
train,68,77,122.0,108.10421,-13.89579
train,68,78,121.0,110.68951,-10.310493
train,68,79,120.0,114.87861,-5.1213913
train,68,80,119.0,116.64866,-2.3513412
train,68,81,118.0,120.08393,2.083931
train,68,82,117.0,123.28099,6.2809906
train,68,83,116.0,126.57187,10.571869
train,68,84,115.0,126.132645,11.132645
train,68,85,114.0,130.90233,16.902328
train,68,86,113.0,128.8448,15.844803
train,68,87,112.0,127.22625,15.22625
train,68,88,111.0,121.97719,10.977188
train,68,89,110.0,115.95665,5.95665
train,68,90,109.0,105.59103,-3.4089737
train,68,91,108.0,102.4298,-5.570198
train,68,92,107.0,97.551414,-9.4485855
train,68,93,106.0,97.41763,-8.582367
train,68,94,105.0,100.07464,-4.9253616
train,68,95,104.0,104.04497,0.04496765
train,68,96,103.0,110.973656,7.9736557
train,68,97,102.0,115.333534,13.333534
train,68,98,101.0,122.94559,21.945587
train,68,99,100.0,131.45732,31.457321
train,68,100,99.0,132.71107,33.711075
train,68,101,98.0,130.43788,32.43788
train,68,102,97.0,125.067345,28.067345
train,68,103,96.0,118.392715,22.392715
train,68,104,95.0,113.44016,18.440163
train,68,105,94.0,110.742165,16.742165
train,68,106,93.0,109.594826,16.594826
train,68,107,92.0,109.941086,17.941086
train,68,108,91.0,114.601265,23.601265
train,68,109,90.0,117.052956,27.052956
train,68,110,89.0,116.96797,27.967972
train,68,111,88.0,112.023735,24.023735
train,68,112,87.0,112.452194,25.452194
train,68,113,86.0,110.25436,24.254356
train,68,114,85.0,104.703285,19.703285
train,68,115,84.0,100.608376,16.608376
train,68,116,83.0,94.5937,11.593697
train,68,117,82.0,90.67887,8.678871
train,68,118,81.0,82.09759,1.0975876
train,68,119,80.0,77.14852,-2.8514786
train,68,120,79.0,76.14471,-2.8552933
train,68,121,78.0,79.09655,1.09655
train,68,122,77.0,80.14616,3.1461563
train,68,123,76.0,83.8564,7.8563995
train,68,124,75.0,79.66309,4.6630936
train,68,125,74.0,75.71515,1.7151489
train,68,126,73.0,82.36989,9.369888
train,68,127,72.0,77.85875,5.8587494
train,68,128,71.0,74.93835,3.9383469
train,68,129,70.0,76.78724,6.787239
train,68,130,69.0,80.7253,11.725304
train,68,131,68.0,80.979515,12.979515
train,68,132,67.0,81.938,14.938004
train,68,133,66.0,84.97515,18.975151
train,68,134,65.0,88.49081,23.490807
train,68,135,64.0,89.5539,25.553902
train,68,136,63.0,89.48255,26.482552
train,68,137,62.0,87.06722,25.067223
train,68,138,61.0,81.938644,20.938644
train,68,139,60.0,78.34995,18.349953
train,68,140,59.0,79.951065,20.951065
train,68,141,58.0,82.56575,24.56575
train,68,142,57.0,85.31168,28.311684
train,68,143,56.0,82.839165,26.839165
train,68,144,55.0,82.92374,27.923737
train,68,145,54.0,81.33991,27.339912
train,68,146,53.0,79.57612,26.576118
train,68,147,52.0,75.97967,23.979668
train,68,148,51.0,70.77282,19.77282
train,68,149,50.0,67.561035,17.561035
train,68,150,49.0,64.068726,15.068726
train,68,151,48.0,61.293213,13.293213
train,68,152,47.0,54.722565,7.7225647
train,68,153,46.0,53.297924,7.297924
train,68,154,45.0,51.408653,6.4086533
train,68,155,44.0,50.89509,6.895088
train,68,156,43.0,49.54802,6.5480194
train,68,157,42.0,50.57586,8.575859
train,68,158,41.0,48.176105,7.1761055
train,68,159,40.0,47.48404,7.4840393
train,68,160,39.0,44.942436,5.942436
train,68,161,38.0,42.012,4.012001
train,68,162,37.0,37.55255,0.55255127
train,68,163,36.0,35.114243,-0.88575745
train,68,164,35.0,30.60633,-4.393669
train,68,165,34.0,29.04224,-4.95776
train,68,166,33.0,29.876223,-3.1237774
train,68,167,32.0,32.410698,0.41069794
train,68,168,31.0,29.991953,-1.0080471
train,68,169,30.0,30.425823,0.4258232
train,68,170,29.0,30.121641,1.1216412
train,68,171,28.0,32.640903,4.6409035
train,68,172,27.0,30.820131,3.8201313
train,68,173,26.0,29.93457,3.9345703
train,68,174,25.0,31.418552,6.4185524
train,68,175,24.0,32.30735,8.30735
train,68,176,23.0,33.385506,10.385506
train,68,177,22.0,31.38735,9.38735
train,68,178,21.0,28.558823,7.5588226
train,68,179,20.0,25.545141,5.545141
train,68,180,19.0,26.617815,7.617815
train,68,181,18.0,28.330519,10.330519
train,68,182,17.0,28.017282,11.0172825
train,68,183,16.0,25.608477,9.608477
train,68,184,15.0,23.54084,8.54084
train,68,185,14.0,22.026625,8.026625
train,68,186,13.0,22.967344,9.967344
train,68,187,12.0,22.63493,10.63493
train,68,188,11.0,24.734682,13.734682
train,68,189,10.0,24.920076,14.920076
train,68,190,9.0,22.784838,13.784838
train,68,191,8.0,22.547201,14.547201
train,68,192,7.0,25.723495,18.723495
train,68,193,6.0,24.452612,18.452612
train,68,194,5.0,23.365625,18.365625
train,68,195,4.0,20.069166,16.069166
train,68,196,3.0,18.715801,15.715801
train,68,197,2.0,17.598032,15.598032
train,68,198,1.0,14.960042,13.960042
train,68,199,0.0,13.523526,13.523526
train,69,30,332.0,180.32085,-151.67915
train,69,31,331.0,184.44826,-146.55174
train,69,32,330.0,188.6067,-141.3933
train,69,33,329.0,198.87244,-130.12756
train,69,34,328.0,198.61154,-129.38846
train,69,35,327.0,200.4908,-126.5092
train,69,36,326.0,202.98102,-123.01898
train,69,37,325.0,206.15431,-118.84569
train,69,38,324.0,207.23781,-116.76219
train,69,39,323.0,202.30336,-120.69664
train,69,40,322.0,207.5118,-114.488205
train,69,41,321.0,208.21925,-112.78075
train,69,42,320.0,206.09694,-113.90306
train,69,43,319.0,198.4166,-120.583405
train,69,44,318.0,191.30724,-126.692764
train,69,45,317.0,181.11926,-135.88074
train,69,46,316.0,175.41483,-140.58517
train,69,47,315.0,174.21219,-140.78781
train,69,48,314.0,176.36401,-137.63599
train,69,49,313.0,182.57327,-130.42673
train,69,50,312.0,185.17401,-126.82599
train,69,51,311.0,179.22807,-131.77193
train,69,52,310.0,173.51453,-136.48547
train,69,53,309.0,165.90582,-143.09418
train,69,54,308.0,158.20433,-149.79567
train,69,55,307.0,154.02072,-152.97928
train,69,56,306.0,153.8376,-152.1624
train,69,57,305.0,145.74133,-159.25867
train,69,58,304.0,143.22693,-160.77307
train,69,59,303.0,142.54211,-160.45789
train,69,60,302.0,133.72728,-168.27272
train,69,61,301.0,125.88962,-175.11038
train,69,62,300.0,121.01749,-178.98251
train,69,63,299.0,118.58213,-180.41788
train,69,64,298.0,123.28414,-174.71585
train,69,65,297.0,135.10106,-161.89894
train,69,66,296.0,144.12724,-151.87276
train,69,67,295.0,155.71423,-139.28577
train,69,68,294.0,163.96036,-130.03964
train,69,69,293.0,172.91283,-120.08717
train,69,70,292.0,166.71394,-125.28606
train,69,71,291.0,171.86879,-119.13121
train,69,72,290.0,170.95795,-119.04205
train,69,73,289.0,170.10245,-118.89755
train,69,74,288.0,175.42625,-112.573746
train,69,75,287.0,186.10498,-100.89502
train,69,76,286.0,198.22908,-87.77092
train,69,77,285.0,209.97513,-75.02487
train,69,78,284.0,217.62236,-66.37764
train,69,79,283.0,223.83022,-59.169785
train,69,80,282.0,230.67493,-51.325073
train,69,81,281.0,231.89653,-49.10347
train,69,82,280.0,231.74504,-48.25496
train,69,83,279.0,228.57248,-50.42752
train,69,84,278.0,221.26051,-56.739487
train,69,85,277.0,211.29704,-65.70296
train,69,86,276.0,200.64098,-75.359024
train,69,87,275.0,187.11995,-87.88005
train,69,88,274.0,179.86671,-94.133286
train,69,89,273.0,167.45352,-105.54648
train,69,90,272.0,160.63725,-111.36275
train,69,91,271.0,154.8113,-116.188705
train,69,92,270.0,150.1753,-119.82471
train,69,93,269.0,142.75746,-126.24254
train,69,94,268.0,152.00894,-115.99106
train,69,95,267.0,149.2405,-117.75951
train,69,96,266.0,150.4001,-115.5999
train,69,97,265.0,150.37141,-114.628586
train,69,98,264.0,147.28654,-116.713455
train,69,99,263.0,148.8826,-114.1174
train,69,100,262.0,147.65677,-114.34323
train,69,101,261.0,152.00227,-108.99773
train,69,102,260.0,149.08319,-110.91681
train,69,103,259.0,143.11784,-115.88216
train,69,104,258.0,139.23946,-118.760544
train,69,105,257.0,141.15451,-115.84549
train,69,106,256.0,141.83723,-114.162766
train,69,107,255.0,147.29143,-107.70857
train,69,108,254.0,153.43993,-100.560074
train,69,109,253.0,163.70299,-89.29701
train,69,110,252.0,170.92323,-81.07677
train,69,111,251.0,178.90062,-72.09938
train,69,112,250.0,178.38242,-71.617584
train,69,113,249.0,175.32088,-73.67912
train,69,114,248.0,173.71382,-74.28618
train,69,115,247.0,168.03456,-78.96544
train,69,116,246.0,171.67897,-74.32103
train,69,117,245.0,174.40111,-70.59889
train,69,118,244.0,179.2815,-64.718506
train,69,119,243.0,175.56468,-67.43532
train,69,120,242.0,172.78868,-69.21132
train,69,121,241.0,169.42265,-71.57735
train,69,122,240.0,168.39804,-71.60196
train,69,123,239.0,168.4557,-70.5443
train,69,124,238.0,170.09578,-67.90422
train,69,125,237.0,171.25551,-65.74449
train,69,126,236.0,171.66463,-64.33537
train,69,127,235.0,176.99072,-58.009277
train,69,128,234.0,177.55936,-56.440643
train,69,129,233.0,170.79994,-62.200058
train,69,130,232.0,159.94789,-72.05211
train,69,131,231.0,147.92284,-83.07716
train,69,132,230.0,144.74928,-85.25072
train,69,133,229.0,138.1065,-90.89349
train,69,134,228.0,138.6962,-89.3038
train,69,135,227.0,142.34859,-84.65141
train,69,136,226.0,147.83261,-78.16739
train,69,137,225.0,152.22858,-72.77142
train,69,138,224.0,162.65779,-61.34221
train,69,139,223.0,168.16959,-54.830414
train,69,140,222.0,159.6936,-62.306396
train,69,141,221.0,153.0693,-67.930695
train,69,142,220.0,150.00673,-69.99327
train,69,143,219.0,150.42531,-68.57469
train,69,144,218.0,144.61133,-73.38867
train,69,145,217.0,148.82417,-68.17583
train,69,146,216.0,152.74297,-63.257034
train,69,147,215.0,156.89877,-58.101227
train,69,148,214.0,160.89078,-53.109222
train,69,149,213.0,160.3817,-52.6183
train,69,150,212.0,161.96118,-50.03882
train,69,151,211.0,162.47252,-48.52748
train,69,152,210.0,159.03636,-50.96364
train,69,153,209.0,153.01569,-55.984314
train,69,154,208.0,154.14381,-53.856186
train,69,155,207.0,152.69896,-54.30104
train,69,156,206.0,156.26852,-49.731476
train,69,157,205.0,158.99318,-46.00682
train,69,158,204.0,161.46033,-42.539673
train,69,159,203.0,154.4154,-48.584595
train,69,160,202.0,153.36378,-48.636215
train,69,161,201.0,152.85315,-48.14685
train,69,162,200.0,151.1371,-48.8629
train,69,163,199.0,147.43843,-51.56157
train,69,164,198.0,148.40962,-49.590378
train,69,165,197.0,151.86177,-45.13823
train,69,166,196.0,155.9533,-40.046707
train,69,167,195.0,152.27954,-42.72046
train,69,168,194.0,150.98439,-43.01561
train,69,169,193.0,144.7748,-48.225204
train,69,170,192.0,142.30994,-49.690063
train,69,171,191.0,138.2118,-52.788193
train,69,172,190.0,136.34044,-53.65956
train,69,173,189.0,139.61823,-49.381775
train,69,174,188.0,144.6299,-43.370102
train,69,175,187.0,153.14217,-33.857834
train,69,176,186.0,152.56285,-33.43715
train,69,177,185.0,152.7913,-32.208694
train,69,178,184.0,149.64273,-34.35727
train,69,179,183.0,142.12904,-40.870956
train,69,180,182.0,139.43379,-42.566208
train,69,181,181.0,135.91533,-45.08467
train,69,182,180.0,137.06471,-42.935287
train,69,183,179.0,136.07341,-42.92659
train,69,184,178.0,140.71294,-37.287064
train,69,185,177.0,140.96953,-36.03047
train,69,186,176.0,146.04372,-29.956284
train,69,187,175.0,145.81949,-29.180511
train,69,188,174.0,142.1078,-31.892197
train,69,189,173.0,133.65016,-39.34984
train,69,190,172.0,130.95703,-41.04297
train,69,191,171.0,126.08013,-44.91987
train,69,192,170.0,118.98317,-51.01683
train,69,193,169.0,119.43064,-49.56936
train,69,194,168.0,118.04242,-49.95758
train,69,195,167.0,120.659584,-46.340416
train,69,196,166.0,124.90324,-41.096764
train,69,197,165.0,126.49565,-38.50435
train,69,198,164.0,120.804565,-43.195435
train,69,199,163.0,116.51714,-46.482857
train,69,200,162.0,113.80984,-48.190163
train,69,201,161.0,117.569,-43.431
train,69,202,160.0,122.4894,-37.510597
train,69,203,159.0,124.54575,-34.454247
train,69,204,158.0,129.08899,-28.91101
train,69,205,157.0,131.58098,-25.419022
train,69,206,156.0,136.49629,-19.503708
train,69,207,155.0,135.31471,-19.685287
train,69,208,154.0,133.27986,-20.720139
train,69,209,153.0,129.4387,-23.561295
train,69,210,152.0,129.25572,-22.744278
train,69,211,151.0,133.18806,-17.811935
train,69,212,150.0,136.39017,-13.609833
train,69,213,149.0,136.34897,-12.6510315
train,69,214,148.0,136.39307,-11.606934
train,69,215,147.0,130.10204,-16.897964
train,69,216,146.0,130.32404,-15.675964
train,69,217,145.0,125.82813,-19.171867
train,69,218,144.0,124.6089,-19.391098
train,69,219,143.0,124.214195,-18.785805
train,69,220,142.0,120.6948,-21.305199
train,69,221,141.0,120.19521,-20.804787
train,69,222,140.0,124.87365,-15.12635
train,69,223,139.0,124.099915,-14.900085
train,69,224,138.0,129.43774,-8.562256
train,69,225,137.0,134.42302,-2.5769806
train,69,226,136.0,132.69489,-3.3051147
train,69,227,135.0,132.69815,-2.3018494
train,69,228,134.0,137.97136,3.9713593
train,69,229,133.0,138.81364,5.8136444
train,69,230,132.0,147.97932,15.979324
train,69,231,131.0,145.76738,14.76738
train,69,232,130.0,148.88927,18.889267
train,69,233,129.0,146.23265,17.23265
train,69,234,128.0,143.81248,15.812485
train,69,235,127.0,139.24947,12.249466
train,69,236,126.0,137.96321,11.963211
train,69,237,125.0,134.2804,9.2803955
train,69,238,124.0,137.80952,13.809525
train,69,239,123.0,135.20467,12.204666
train,69,240,122.0,128.97365,6.973648
train,69,241,121.0,122.26754,1.26754
train,69,242,120.0,113.92252,-6.0774765
train,69,243,119.0,107.617424,-11.382576
train,69,244,118.0,104.972786,-13.027214
train,69,245,117.0,105.238396,-11.761604
train,69,246,116.0,101.25077,-14.749229
train,69,247,115.0,98.64156,-16.358437
train,69,248,114.0,97.73523,-16.26477
train,69,249,113.0,96.12136,-16.87864
train,69,250,112.0,94.91001,-17.089989
train,69,251,111.0,100.03655,-10.963448
train,69,252,110.0,101.7819,-8.2181015
train,69,253,109.0,98.62718,-10.372818
train,69,254,108.0,94.54906,-13.450943
train,69,255,107.0,95.79189,-11.208107
train,69,256,106.0,94.53171,-11.468292
train,69,257,105.0,94.16271,-10.837288
train,69,258,104.0,90.21016,-13.789841
train,69,259,103.0,84.50899,-18.491013
train,69,260,102.0,82.87292,-19.127083
train,69,261,101.0,81.99265,-19.007347
train,69,262,100.0,81.29192,-18.708076
train,69,263,99.0,82.10189,-16.89811
train,69,264,98.0,82.56039,-15.439613
train,69,265,97.0,85.267815,-11.732185
train,69,266,96.0,85.63984,-10.360161
train,69,267,95.0,83.56258,-11.437424
train,69,268,94.0,78.6381,-15.3619
train,69,269,93.0,75.645065,-17.354935
train,69,270,92.0,74.19635,-17.80365
train,69,271,91.0,76.47248,-14.527519
train,69,272,90.0,74.89854,-15.101463
train,69,273,89.0,73.04012,-15.959877
train,69,274,88.0,71.59244,-16.407562
train,69,275,87.0,72.328926,-14.671074
train,69,276,86.0,73.82478,-12.175217
train,69,277,85.0,73.951004,-11.048996
train,69,278,84.0,78.35776,-5.6422424
train,69,279,83.0,80.29071,-2.7092896
train,69,280,82.0,82.04519,0.045188904
train,69,281,81.0,86.0763,5.0763016
train,69,282,80.0,91.67172,11.671722
train,69,283,79.0,93.622826,14.622826
train,69,284,78.0,93.94982,15.949821
train,69,285,77.0,92.8482,15.848198
train,69,286,76.0,90.108315,14.1083145
train,69,287,75.0,87.20106,12.201057
train,69,288,74.0,83.781044,9.781044
train,69,289,73.0,83.07516,10.075157
train,69,290,72.0,81.65711,9.657112
train,69,291,71.0,79.5128,8.512802
train,69,292,70.0,73.83449,3.834488
train,69,293,69.0,71.280914,2.2809143
train,69,294,68.0,68.01395,0.013946533
train,69,295,67.0,65.4123,-1.5876999
train,69,296,66.0,62.322086,-3.6779137
train,69,297,65.0,60.743523,-4.2564774
train,69,298,64.0,57.91949,-6.080509
train,69,299,63.0,56.743034,-6.2569656
train,69,300,62.0,54.94058,-7.0594215
train,69,301,61.0,54.632866,-6.367134
train,69,302,60.0,51.901115,-8.098885
train,69,303,59.0,48.59044,-10.409561
train,69,304,58.0,45.079926,-12.920074
train,69,305,57.0,44.10034,-12.899658
train,69,306,56.0,43.064667,-12.935333
train,69,307,55.0,43.940384,-11.059616
train,69,308,54.0,46.789673,-7.210327
train,69,309,53.0,51.974525,-1.0254745
train,69,310,52.0,54.93509,2.935089
train,69,311,51.0,55.428818,4.4288177
train,69,312,50.0,51.746925,1.7469254
train,69,313,49.0,50.703987,1.7039871
train,69,314,48.0,50.37673,2.3767319
train,69,315,47.0,45.413498,-1.5865021
train,69,316,46.0,41.244633,-4.7553673
train,69,317,45.0,42.070175,-2.9298248
train,69,318,44.0,45.942577,1.9425774
train,69,319,43.0,46.16294,3.162941
train,69,320,42.0,46.386013,4.386013
train,69,321,41.0,44.904396,3.904396
train,69,322,40.0,43.19241,3.1924095
train,69,323,39.0,39.304768,0.3047676
train,69,324,38.0,37.57818,-0.4218216
train,69,325,37.0,37.795784,0.795784
train,69,326,36.0,36.7222,0.7221985
train,69,327,35.0,33.217564,-1.7824364
train,69,328,34.0,32.275116,-1.724884
train,69,329,33.0,32.521603,-0.47839737
train,69,330,32.0,29.845024,-2.154976
train,69,331,31.0,27.737865,-3.2621346
train,69,332,30.0,26.826448,-3.1735516
train,69,333,29.0,24.257875,-4.7421246
train,69,334,28.0,22.42648,-5.5735207
train,69,335,27.0,21.906355,-5.093645
train,69,336,26.0,21.40574,-4.5942593
train,69,337,25.0,20.56463,-4.4353695
train,69,338,24.0,18.083406,-5.9165936
train,69,339,23.0,19.57828,-3.4217205
train,69,340,22.0,18.919544,-3.0804558
train,69,341,21.0,15.556606,-5.4433937
train,69,342,20.0,10.898416,-9.101584
train,69,343,19.0,11.722192,-7.277808
train,69,344,18.0,15.345841,-2.6541586
train,69,345,17.0,17.21726,0.21726036
train,69,346,16.0,15.220477,-0.7795229
train,69,347,15.0,15.476273,0.47627258
train,69,348,14.0,14.019185,0.019185066
train,69,349,13.0,13.170066,0.17006588
train,69,350,12.0,14.459746,2.4597464
train,69,351,11.0,15.502762,4.502762
train,69,352,10.0,12.752549,2.7525492
train,69,353,9.0,11.15088,2.1508799
train,69,354,8.0,12.187842,4.1878424
train,69,355,7.0,13.714923,6.714923
train,69,356,6.0,13.995923,7.995923
train,69,357,5.0,11.478854,6.478854
train,69,358,4.0,8.923188,4.923188
train,69,359,3.0,8.277244,5.2772436
train,69,360,2.0,7.337279,5.337279
train,69,361,1.0,6.352375,5.352375
train,69,362,0.0,4.9482284,4.9482284
train,70,30,107.0,132.7249,25.7249
train,70,31,106.0,130.75566,24.755661
train,70,32,105.0,129.66466,24.664658
train,70,33,104.0,127.20875,23.208748
train,70,34,103.0,135.26802,32.26802
train,70,35,102.0,135.31848,33.31848
train,70,36,101.0,136.85506,35.855057
train,70,37,100.0,138.11082,38.110825
train,70,38,99.0,140.51497,41.51497
train,70,39,98.0,136.45052,38.450516
train,70,40,97.0,133.17046,36.170456
train,70,41,96.0,134.19682,38.196823
train,70,42,95.0,132.68777,37.687775
train,70,43,94.0,129.69276,35.692764
train,70,44,93.0,132.91461,39.91461
train,70,45,92.0,133.10234,41.10234
train,70,46,91.0,136.30962,45.309616
train,70,47,90.0,135.1158,45.1158
train,70,48,89.0,136.28513,47.285126
train,70,49,88.0,136.43977,48.439774
train,70,50,87.0,135.45166,48.45166
train,70,51,86.0,130.59238,44.592377
train,70,52,85.0,125.068016,40.068016
train,70,53,84.0,124.7102,40.710197
train,70,54,83.0,121.321175,38.321175
train,70,55,82.0,123.85113,41.851128
train,70,56,81.0,123.57169,42.571693
train,70,57,80.0,119.989876,39.989876
train,70,58,79.0,112.78602,33.78602
train,70,59,78.0,114.22483,36.22483
train,70,60,77.0,113.559685,36.559685
train,70,61,76.0,113.61107,37.61107
train,70,62,75.0,112.86774,37.867737
train,70,63,74.0,113.2344,39.234398
train,70,64,73.0,106.17997,33.17997
train,70,65,72.0,109.00514,37.005142
train,70,66,71.0,105.305244,34.305244
train,70,67,70.0,103.11919,33.119186
train,70,68,69.0,100.49586,31.495857
train,70,69,68.0,101.95945,33.95945
train,70,70,67.0,97.153786,30.153786
train,70,71,66.0,96.75293,30.75293
train,70,72,65.0,95.3021,30.302101
train,70,73,64.0,92.23527,28.235268
train,70,74,63.0,85.8493,22.849297
train,70,75,62.0,81.775215,19.775215
train,70,76,61.0,78.72149,17.721489
train,70,77,60.0,77.51505,17.515053
train,70,78,59.0,79.68855,20.688553
train,70,79,58.0,83.74143,25.741432
train,70,80,57.0,86.6677,29.667702
train,70,81,56.0,88.20326,32.203262
train,70,82,55.0,93.84717,38.847168
train,70,83,54.0,95.60532,41.605324
train,70,84,53.0,89.98482,36.984818
train,70,85,52.0,87.02071,35.020714
train,70,86,51.0,84.9966,33.996597
train,70,87,50.0,80.49562,30.49562
train,70,88,49.0,80.05454,31.054543
train,70,89,48.0,82.06992,34.069923
train,70,90,47.0,80.45249,33.45249
train,70,91,46.0,77.83074,31.830742
train,70,92,45.0,74.77004,29.770042
train,70,93,44.0,72.581245,28.581245
train,70,94,43.0,72.88748,29.887482
train,70,95,42.0,72.38654,30.386543
train,70,96,41.0,66.84049,25.840492
train,70,97,40.0,62.536133,22.536133
train,70,98,39.0,56.311726,17.311726
train,70,99,38.0,48.50463,10.504631
train,70,100,37.0,39.28131,2.281311
train,70,101,36.0,34.22122,-1.7787819
train,70,102,35.0,29.576239,-5.4237614
train,70,103,34.0,24.64063,-9.359369
train,70,104,33.0,22.917303,-10.082697
train,70,105,32.0,26.286932,-5.713068
train,70,106,31.0,29.314566,-1.6854343
train,70,107,30.0,29.60752,-0.39248085
train,70,108,29.0,33.29857,4.2985687
train,70,109,28.0,35.332935,7.3329353
train,70,110,27.0,31.776163,4.776163
train,70,111,26.0,27.00147,1.0014706
train,70,112,25.0,26.129923,1.1299229
train,70,113,24.0,26.14498,2.1449795
train,70,114,23.0,24.89955,1.8995495
train,70,115,22.0,24.310831,2.310831
train,70,116,21.0,24.199541,3.199541
train,70,117,20.0,25.297773,5.2977734
train,70,118,19.0,26.20955,7.209551
train,70,119,18.0,30.77824,12.77824
train,70,120,17.0,30.485094,13.485094
train,70,121,16.0,26.742252,10.742252
train,70,122,15.0,25.958208,10.958208
train,70,123,14.0,24.10083,10.10083
train,70,124,13.0,22.442339,9.442339
train,70,125,12.0,19.348337,7.348337
train,70,126,11.0,16.572626,5.572626
train,70,127,10.0,14.351856,4.351856
train,70,128,9.0,13.2101555,4.2101555
train,70,129,8.0,16.047165,8.047165
train,70,130,7.0,13.247962,6.247962
train,70,131,6.0,8.793736,2.7937365
train,70,132,5.0,7.78405,2.78405
train,70,133,4.0,7.407409,3.4074092
train,70,134,3.0,7.4417334,4.4417334
train,70,135,2.0,6.577825,4.577825
train,70,136,1.0,5.9458365,4.9458365
train,70,137,0.0,3.5412986,3.5412986
train,71,30,178.0,125.543495,-52.456505
train,71,31,177.0,123.043205,-53.956795
train,71,32,176.0,124.88979,-51.110207
train,71,33,175.0,131.10814,-43.89186
train,71,34,174.0,136.4226,-37.577393
train,71,35,173.0,145.14186,-27.858139
train,71,36,172.0,147.31676,-24.683243
train,71,37,171.0,150.63297,-20.367035
train,71,38,170.0,149.25003,-20.74997
train,71,39,169.0,146.9153,-22.084702
train,71,40,168.0,144.12538,-23.874619
train,71,41,167.0,137.91916,-29.080841
train,71,42,166.0,131.50316,-34.49684
train,71,43,165.0,127.80838,-37.19162
train,71,44,164.0,128.81242,-35.187576
train,71,45,163.0,124.64066,-38.359337
train,71,46,162.0,124.46012,-37.53988
train,71,47,161.0,122.57369,-38.426308
train,71,48,160.0,132.77089,-27.22911
train,71,49,159.0,143.17833,-15.821671
train,71,50,158.0,148.91347,-9.086533
train,71,51,157.0,147.21733,-9.782669
train,71,52,156.0,138.33292,-17.667084
train,71,53,155.0,134.06842,-20.93158
train,71,54,154.0,130.53824,-23.461761
train,71,55,153.0,122.0339,-30.966103
train,71,56,152.0,119.23672,-32.763283
train,71,57,151.0,112.12218,-38.877823
train,71,58,150.0,110.43509,-39.56491
train,71,59,149.0,112.05549,-36.94451
train,71,60,148.0,112.48938,-35.51062
train,71,61,147.0,115.69331,-31.306686
train,71,62,146.0,118.41945,-27.580551
train,71,63,145.0,119.16915,-25.830849
train,71,64,144.0,123.909004,-20.090996
train,71,65,143.0,123.11235,-19.88765
train,71,66,142.0,123.20129,-18.798714
train,71,67,141.0,128.03508,-12.96492
train,71,68,140.0,132.97075,-7.029251
train,71,69,139.0,137.41867,-1.5813293
train,71,70,138.0,145.95898,7.9589844
train,71,71,137.0,144.30006,7.300064
train,71,72,136.0,145.07625,9.076248
train,71,73,135.0,148.47035,13.470352
train,71,74,134.0,145.21375,11.213745
train,71,75,133.0,140.34735,7.347351
train,71,76,132.0,136.89363,4.893631
train,71,77,131.0,137.30139,6.3013916
train,71,78,130.0,133.94392,3.943924
train,71,79,129.0,132.55864,3.5586395
train,71,80,128.0,129.91121,1.9112091
train,71,81,127.0,123.373856,-3.6261444
train,71,82,126.0,116.97068,-9.02932
train,71,83,125.0,109.13227,-15.867729
train,71,84,124.0,102.1578,-21.842201
train,71,85,123.0,93.9929,-29.007103
train,71,86,122.0,88.5792,-33.4208
train,71,87,121.0,88.27617,-32.72383
train,71,88,120.0,87.2538,-32.7462
train,71,89,119.0,88.50724,-30.49276
train,71,90,118.0,92.317245,-25.682755
train,71,91,117.0,89.96522,-27.034782
train,71,92,116.0,86.9291,-29.0709
train,71,93,115.0,82.48164,-32.518356
train,71,94,114.0,85.7096,-28.290398
train,71,95,113.0,88.77358,-24.226418
train,71,96,112.0,92.52549,-19.47451
train,71,97,111.0,98.38813,-12.61187
train,71,98,110.0,103.815544,-6.184456
train,71,99,109.0,109.620735,0.62073517
train,71,100,108.0,117.51098,9.510979
train,71,101,107.0,118.438896,11.438896
train,71,102,106.0,125.063156,19.063156
train,71,103,105.0,127.9236,22.9236
train,71,104,104.0,130.28972,26.289719
train,71,105,103.0,132.81042,29.810425
train,71,106,102.0,137.22758,35.227585
train,71,107,101.0,129.66142,28.661423
train,71,108,100.0,127.20272,27.20272
train,71,109,99.0,122.46365,23.463654
train,71,110,98.0,116.8493,18.849297
train,71,111,97.0,113.04041,16.040413
train,71,112,96.0,107.769684,11.769684
train,71,113,95.0,102.53855,7.5385513
train,71,114,94.0,98.63857,4.6385727
train,71,115,93.0,99.82043,6.820427
train,71,116,92.0,101.278694,9.278694
train,71,117,91.0,101.728806,10.728806
train,71,118,90.0,99.472206,9.472206
train,71,119,89.0,96.55799,7.557991
train,71,120,88.0,94.5544,6.5543976
train,71,121,87.0,90.88509,3.8850937
train,71,122,86.0,86.71336,0.71336365
train,71,123,85.0,81.5607,-3.4393005
train,71,124,84.0,77.693825,-6.306175
train,71,125,83.0,74.99258,-8.007423
train,71,126,82.0,72.66786,-9.332138
train,71,127,81.0,71.198296,-9.801704
train,71,128,80.0,71.82525,-8.174751
train,71,129,79.0,72.926025,-6.0739746
train,71,130,78.0,78.72256,0.72255707
train,71,131,77.0,86.40482,9.404823
train,71,132,76.0,92.50898,16.50898
train,71,133,75.0,95.586426,20.586426
train,71,134,74.0,102.062325,28.062325
train,71,135,73.0,102.495094,29.495094
train,71,136,72.0,98.089935,26.089935
train,71,137,71.0,94.444954,23.444954
train,71,138,70.0,92.536316,22.536316
train,71,139,69.0,89.22408,20.224083
train,71,140,68.0,89.30169,21.30169
train,71,141,67.0,88.64283,21.64283
train,71,142,66.0,90.96308,24.963081
train,71,143,65.0,90.76534,25.765343
train,71,144,64.0,94.03313,30.033127
train,71,145,63.0,94.24814,31.248138
train,71,146,62.0,97.75112,35.75112
train,71,147,61.0,96.92292,35.92292
train,71,148,60.0,93.7846,33.7846
train,71,149,59.0,87.45217,28.452171
train,71,150,58.0,83.14922,25.149223
train,71,151,57.0,77.43459,20.434593
train,71,152,56.0,70.87545,14.87545
train,71,153,55.0,67.07639,12.076393
train,71,154,54.0,65.433075,11.433075
train,71,155,53.0,60.9172,7.917198
train,71,156,52.0,58.111664,6.111664
train,71,157,51.0,61.180992,10.180992
train,71,158,50.0,61.815445,11.815445
train,71,159,49.0,60.331215,11.331215
train,71,160,48.0,59.851944,11.851944
train,71,161,47.0,58.849022,11.849022
train,71,162,46.0,53.575573,7.575573
train,71,163,45.0,49.992645,4.9926453
train,71,164,44.0,46.37371,2.3737106
train,71,165,43.0,47.293106,4.293106
train,71,166,42.0,45.623028,3.6230278
train,71,167,41.0,44.96212,3.96212
train,71,168,40.0,45.017956,5.017956
train,71,169,39.0,44.755604,5.755604
train,71,170,38.0,44.647533,6.6475334
train,71,171,37.0,46.59429,9.594292
train,71,172,36.0,45.459057,9.459057
train,71,173,35.0,43.060604,8.060604
train,71,174,34.0,38.36241,4.3624115
train,71,175,33.0,34.612484,1.612484
train,71,176,32.0,32.60228,0.60227966
train,71,177,31.0,32.596405,1.596405
train,71,178,30.0,31.379791,1.3797913
train,71,179,29.0,30.709455,1.7094555
train,71,180,28.0,29.78347,1.7834702
train,71,181,27.0,27.379656,0.37965584
train,71,182,26.0,23.646025,-2.3539753
train,71,183,25.0,21.864073,-3.1359272
train,71,184,24.0,19.784475,-4.2155247
train,71,185,23.0,20.512371,-2.487629
train,71,186,22.0,20.032476,-1.9675236
train,71,187,21.0,20.282284,-0.7177162
train,71,188,20.0,21.56758,1.5675793
train,71,189,19.0,20.621572,1.6215725
train,71,190,18.0,18.351587,0.3515873
train,71,191,17.0,16.493788,-0.50621223
train,71,192,16.0,17.072119,1.0721188
train,71,193,15.0,18.869677,3.8696766
train,71,194,14.0,19.614191,5.614191
train,71,195,13.0,18.376158,5.3761578
train,71,196,12.0,19.384624,7.3846245
train,71,197,11.0,18.474737,7.474737
train,71,198,10.0,18.72693,8.726931
train,71,199,9.0,20.886719,11.886719
train,71,200,8.0,20.700556,12.700556
train,71,201,7.0,19.12137,12.12137
train,71,202,6.0,17.972076,11.972076
train,71,203,5.0,18.207352,13.207352
train,71,204,4.0,16.579222,12.579222
train,71,205,3.0,15.112815,12.112815
train,71,206,2.0,16.843937,14.843937
train,71,207,1.0,20.45976,19.45976
train,71,208,0.0,19.468672,19.468672
train,73,30,183.0,132.81813,-50.18187
train,73,31,182.0,131.4991,-50.5009
train,73,32,181.0,131.64967,-49.350327
train,73,33,180.0,126.99153,-53.00847
train,73,34,179.0,132.05977,-46.94023
train,73,35,178.0,140.00845,-37.991547
train,73,36,177.0,147.17435,-29.825653
train,73,37,176.0,150.62706,-25.37294
train,73,38,175.0,154.30113,-20.698868
train,73,39,174.0,150.46239,-23.537613
train,73,40,173.0,146.9655,-26.0345
train,73,41,172.0,145.79353,-26.206467
train,73,42,171.0,143.50354,-27.49646
train,73,43,170.0,140.5783,-29.421707
train,73,44,169.0,138.09486,-30.905136
train,73,45,168.0,132.53273,-35.46727
train,73,46,167.0,129.46721,-37.53279
train,73,47,166.0,121.18421,-44.81579
train,73,48,165.0,117.6705,-47.3295
train,73,49,164.0,122.251915,-41.748085
train,73,50,163.0,129.4492,-33.550797
train,73,51,162.0,132.17902,-29.820984
train,73,52,161.0,138.5803,-22.419693
train,73,53,160.0,138.59709,-21.402908
train,73,54,159.0,133.27795,-25.722046
train,73,55,158.0,127.32041,-30.679588
train,73,56,157.0,121.53283,-35.46717
train,73,57,156.0,108.594284,-47.405716
train,73,58,155.0,99.22063,-55.779373
train,73,59,154.0,93.388115,-60.611885
train,73,60,153.0,90.69988,-62.300117
train,73,61,152.0,96.41332,-55.586678
train,73,62,151.0,100.6626,-50.337402
train,73,63,150.0,102.7292,-47.270798
train,73,64,149.0,103.650314,-45.349686
train,73,65,148.0,100.02796,-47.97204
train,73,66,147.0,97.08401,-49.915993
train,73,67,146.0,93.49412,-52.505882
train,73,68,145.0,95.62614,-49.373863
train,73,69,144.0,102.886444,-41.113556
train,73,70,143.0,110.18385,-32.816147
train,73,71,142.0,117.25956,-24.74044
train,73,72,141.0,125.03238,-15.967621
train,73,73,140.0,127.089294,-12.910706
train,73,74,139.0,125.25641,-13.743591
train,73,75,138.0,125.796104,-12.203896
train,73,76,137.0,125.000374,-11.999626
train,73,77,136.0,122.83581,-13.164192
train,73,78,135.0,120.28339,-14.716614
train,73,79,134.0,123.893974,-10.106026
train,73,80,133.0,129.62769,-3.3723145
train,73,81,132.0,130.89745,-1.1025543
train,73,82,131.0,133.78667,2.7866669
train,73,83,130.0,134.76,4.7599945
train,73,84,129.0,134.80927,5.809265
train,73,85,128.0,132.11563,4.115631
train,73,86,127.0,135.42026,8.420258
train,73,87,126.0,133.16124,7.1612396
train,73,88,125.0,127.10742,2.1074219
train,73,89,124.0,120.871445,-3.1285553
train,73,90,123.0,113.06634,-9.933662
train,73,91,122.0,103.335304,-18.664696
train,73,92,121.0,93.605064,-27.394936
train,73,93,120.0,86.722755,-33.277245
train,73,94,119.0,79.0725,-39.927498
train,73,95,118.0,79.087074,-38.912926
train,73,96,117.0,79.83712,-37.16288
train,73,97,116.0,84.55336,-31.44664
train,73,98,115.0,88.13555,-26.864449
train,73,99,114.0,91.05264,-22.947357
train,73,100,113.0,90.92341,-22.076591
train,73,101,112.0,88.71299,-23.28701
train,73,102,111.0,86.35606,-24.643944
train,73,103,110.0,82.15989,-27.84011
train,73,104,109.0,81.14067,-27.85933
train,73,105,108.0,78.77675,-29.223251
train,73,106,107.0,76.37853,-30.621468
train,73,107,106.0,80.62988,-25.370117
train,73,108,105.0,82.28672,-22.71328
train,73,109,104.0,88.7683,-15.231697
train,73,110,103.0,91.697685,-11.302315
train,73,111,102.0,95.35943,-6.6405716
train,73,112,101.0,99.41279,-1.5872116
train,73,113,100.0,105.84461,5.844612
train,73,114,99.0,106.96247,7.962471
train,73,115,98.0,105.38656,7.3865585
train,73,116,97.0,102.64829,5.6482925
train,73,117,96.0,96.402504,0.40250397
train,73,118,95.0,91.50485,-3.4951477
train,73,119,94.0,87.15476,-6.8452377
train,73,120,93.0,80.830894,-12.169106
train,73,121,92.0,76.55426,-15.44574
train,73,122,91.0,77.70325,-13.296753
train,73,123,90.0,74.56002,-15.43998
train,73,124,89.0,74.93128,-14.068718
train,73,125,88.0,81.41709,-6.5829086
train,73,126,87.0,84.74566,-2.2543411
train,73,127,86.0,83.0549,-2.9450989
train,73,128,85.0,84.12791,-0.8720932
train,73,129,84.0,82.40002,-1.5999832
train,73,130,83.0,80.10614,-2.8938599
train,73,131,82.0,75.15967,-6.840332
train,73,132,81.0,72.62208,-8.377922
train,73,133,80.0,66.70903,-13.29097
train,73,134,79.0,65.596565,-13.403435
train,73,135,78.0,59.232887,-18.767113
train,73,136,77.0,57.424652,-19.575348
train,73,137,76.0,56.86644,-19.13356
train,73,138,75.0,58.60343,-16.396568
train,73,139,74.0,62.340733,-11.659267
train,73,140,73.0,64.384605,-8.615395
train,73,141,72.0,69.126175,-2.873825
train,73,142,71.0,68.5292,-2.4708023
train,73,143,70.0,66.99755,-3.002449
train,73,144,69.0,63.067245,-5.9327545
train,73,145,68.0,61.551395,-6.4486046
train,73,146,67.0,59.04304,-7.956959
train,73,147,66.0,56.79797,-9.20203
train,73,148,65.0,54.254913,-10.745087
train,73,149,64.0,51.439808,-12.560192
train,73,150,63.0,52.8513,-10.148701
train,73,151,62.0,52.3396,-9.6604
train,73,152,61.0,50.828514,-10.171486
train,73,153,60.0,50.042843,-9.957157
train,73,154,59.0,49.118813,-9.881187
train,73,155,58.0,47.706757,-10.293243
train,73,156,57.0,45.64724,-11.35276
train,73,157,56.0,39.354523,-16.645477
train,73,158,55.0,37.582203,-17.417797
train,73,159,54.0,35.575058,-18.424942
train,73,160,53.0,33.397583,-19.602417
train,73,161,52.0,30.356192,-21.643808
train,73,162,51.0,29.860243,-21.139757
train,73,163,50.0,27.12167,-22.87833
train,73,164,49.0,24.4383,-24.5617
train,73,165,48.0,25.084497,-22.915503
train,73,166,47.0,27.717758,-19.282242
train,73,167,46.0,28.898956,-17.101044
train,73,168,45.0,32.038322,-12.961678
train,73,169,44.0,30.93345,-13.066549
train,73,170,43.0,29.105507,-13.894493
train,73,171,42.0,27.000338,-14.999662
train,73,172,41.0,27.130293,-13.869707
train,73,173,40.0,25.819872,-14.180128
train,73,174,39.0,25.339521,-13.660479
train,73,175,38.0,23.701376,-14.298624
train,73,176,37.0,24.299746,-12.700254
train,73,177,36.0,26.501413,-9.498587
train,73,178,35.0,26.769072,-8.230928
train,73,179,34.0,26.034742,-7.9652576
train,73,180,33.0,25.230497,-7.7695026
train,73,181,32.0,26.74452,-5.25548
train,73,182,31.0,25.530935,-5.4690647
train,73,183,30.0,24.849375,-5.150625
train,73,184,29.0,21.849106,-7.150894
train,73,185,28.0,22.12593,-5.874069
train,73,186,27.0,20.1489,-6.851101
train,73,187,26.0,20.453136,-5.5468636
train,73,188,25.0,21.133438,-3.866562
train,73,189,24.0,22.039799,-1.9602013
train,73,190,23.0,21.245922,-1.7540779
train,73,191,22.0,19.50879,-2.491211
train,73,192,21.0,20.909515,-0.09048462
train,73,193,20.0,20.656118,0.6561184
train,73,194,19.0,19.223238,0.22323799
train,73,195,18.0,19.552328,1.5523281
train,73,196,17.0,19.078947,2.078947
train,73,197,16.0,15.188069,-0.81193066
train,73,198,15.0,16.31054,1.3105392
train,73,199,14.0,19.056845,5.0568447
train,73,200,13.0,16.968508,3.9685078
train,73,201,12.0,15.611088,3.6110878
train,73,202,11.0,12.379443,1.3794432
train,73,203,10.0,10.65434,0.6543398
train,73,204,9.0,8.661894,-0.33810616
train,73,205,8.0,9.351922,1.351922
train,73,206,7.0,9.634191,2.6341906
train,73,207,6.0,10.570254,4.5702543
train,73,208,5.0,7.3398967,2.3398967
train,73,209,4.0,3.3056588,-0.6943412
train,73,210,3.0,1.4274608,-1.5725392
train,73,211,2.0,1.2624478,-0.73755217
train,73,212,1.0,0.61239326,-0.38760674
train,73,213,0.0,-0.03311692,-0.03311692
train,74,30,136.0,141.19144,5.191437
train,74,31,135.0,147.28932,12.289322
train,74,32,134.0,147.63997,13.639969
train,74,33,133.0,146.8623,13.862305
train,74,34,132.0,140.67686,8.676865
train,74,35,131.0,132.44931,1.4493103
train,74,36,130.0,127.94898,-2.0510178
train,74,37,129.0,122.8693,-6.130699
train,74,38,128.0,119.02063,-8.97937
train,74,39,127.0,119.58358,-7.41642
train,74,40,126.0,117.83253,-8.167473
train,74,41,125.0,118.03112,-6.9688797
train,74,42,124.0,118.3765,-5.623497
train,74,43,123.0,115.2566,-7.7434006
train,74,44,122.0,113.40146,-8.598541
train,74,45,121.0,116.652145,-4.3478546
train,74,46,120.0,124.448204,4.448204
train,74,47,119.0,123.022446,4.0224457
train,74,48,118.0,120.17701,2.1770096
train,74,49,117.0,116.715034,-0.28496552
train,74,50,116.0,113.05913,-2.9408722
train,74,51,115.0,108.82837,-6.171631
train,74,52,114.0,102.91306,-11.086937
train,74,53,113.0,99.3695,-13.630501
train,74,54,112.0,95.64211,-16.357887
train,74,55,111.0,94.977036,-16.022964
train,74,56,110.0,99.48935,-10.510651
train,74,57,109.0,105.01676,-3.9832382
train,74,58,108.0,107.67886,-0.32113647
train,74,59,107.0,112.85226,5.852257
train,74,60,106.0,113.50593,7.505928
train,74,61,105.0,111.63968,6.639679
train,74,62,104.0,111.747475,7.7474747
train,74,63,103.0,110.187325,7.1873245
train,74,64,102.0,104.082695,2.082695
train,74,65,101.0,99.800514,-1.1994858
train,74,66,100.0,98.11526,-1.8847427
train,74,67,99.0,90.30625,-8.693748
train,74,68,98.0,83.16677,-14.833229
train,74,69,97.0,77.28589,-19.714111
train,74,70,96.0,73.416084,-22.583916
train,74,71,95.0,75.16548,-19.834518
train,74,72,94.0,78.71854,-15.281464
train,74,73,93.0,78.85482,-14.14518
train,74,74,92.0,87.17503,-4.8249664
train,74,75,91.0,96.45857,5.4585724
train,74,76,90.0,104.49294,14.492943
train,74,77,89.0,111.06123,22.061234
train,74,78,88.0,113.047455,25.047455
train,74,79,87.0,109.459145,22.459145
train,74,80,86.0,107.69384,21.69384
train,74,81,85.0,100.82633,15.826332
train,74,82,84.0,91.85778,7.8577805
train,74,83,83.0,87.60671,4.6067123
train,74,84,82.0,85.50898,3.5089798
train,74,85,81.0,82.804504,1.8045044
train,74,86,80.0,79.411125,-0.5888748
train,74,87,79.0,75.53266,-3.4673386
train,74,88,78.0,83.339836,5.339836
train,74,89,77.0,87.432915,10.432915
train,74,90,76.0,86.38743,10.387428
train,74,91,75.0,89.16543,14.165428
train,74,92,74.0,94.923584,20.923584
train,74,93,73.0,95.95841,22.958412
train,74,94,72.0,98.359116,26.359116
train,74,95,71.0,97.50729,26.507294
train,74,96,70.0,91.19364,21.193642
train,74,97,69.0,81.70956,12.709557
train,74,98,68.0,76.56634,8.566338
train,74,99,67.0,69.70537,2.705368
train,74,100,66.0,68.06967,2.0696716
train,74,101,65.0,70.29396,5.2939606
train,74,102,64.0,71.513664,7.5136642
train,74,103,63.0,79.6184,16.6184
train,74,104,62.0,86.77326,24.773262
train,74,105,61.0,92.46729,31.467293
train,74,106,60.0,98.29528,38.29528
train,74,107,59.0,99.06425,40.064247
train,74,108,58.0,102.65238,44.65238
train,74,109,57.0,97.23771,40.23771
train,74,110,56.0,92.471054,36.471054
train,74,111,55.0,79.4047,24.404701
train,74,112,54.0,74.332825,20.332825
train,74,113,53.0,68.558846,15.5588455
train,74,114,52.0,66.49328,14.4932785
train,74,115,51.0,62.899216,11.899216
train,74,116,50.0,60.446213,10.446213
train,74,117,49.0,54.519775,5.5197754
train,74,118,48.0,52.214966,4.214966
train,74,119,47.0,50.567726,3.5677261
train,74,120,46.0,51.905846,5.9058456
train,74,121,45.0,60.308743,15.308743
train,74,122,44.0,63.747242,19.747242
train,74,123,43.0,62.547195,19.547195
train,74,124,42.0,59.98498,17.984982
train,74,125,41.0,56.04117,15.041168
train,74,126,40.0,54.944996,14.944996
train,74,127,39.0,57.151306,18.151306
train,74,128,38.0,53.741634,15.741634
train,74,129,37.0,54.477367,17.477367
train,74,130,36.0,51.649563,15.649563
train,74,131,35.0,49.74784,14.747841
train,74,132,34.0,52.089317,18.089317
train,74,133,33.0,56.221783,23.221783
train,74,134,32.0,57.07547,25.07547
train,74,135,31.0,58.3327,27.332699
train,74,136,30.0,55.80271,25.802711
train,74,137,29.0,54.953823,25.953823
train,74,138,28.0,53.155315,25.155315
train,74,139,27.0,49.792892,22.792892
train,74,140,26.0,49.277367,23.277367
train,74,141,25.0,44.96884,19.968842
train,74,142,24.0,42.115273,18.115273
train,74,143,23.0,39.101624,16.101624
train,74,144,22.0,35.70256,13.70256
train,74,145,21.0,33.97912,12.979118
train,74,146,20.0,33.972874,13.972874
train,74,147,19.0,33.511368,14.511368
train,74,148,18.0,33.043816,15.043816
train,74,149,17.0,29.70798,12.707979
train,74,150,16.0,25.93636,9.936359
train,74,151,15.0,24.88007,9.88007
train,74,152,14.0,25.529686,11.529686
train,74,153,13.0,25.707758,12.707758
train,74,154,12.0,24.145235,12.145235
train,74,155,11.0,27.394655,16.394655
train,74,156,10.0,25.300056,15.300056
train,74,157,9.0,20.764614,11.764614
train,74,158,8.0,18.23195,10.231951
train,74,159,7.0,16.210142,9.210142
train,74,160,6.0,13.433667,7.433667
train,74,161,5.0,13.110244,8.110244
train,74,162,4.0,10.245423,6.2454233
train,74,163,3.0,9.099324,6.099324
train,74,164,2.0,5.4876213,3.4876213
train,74,165,1.0,2.3026679,1.3026679
train,74,166,0.0,1.1081427,1.1081427
train,75,30,199.0,167.66861,-31.33139
train,75,31,198.0,166.88297,-31.117035
train,75,32,197.0,164.24248,-32.757523
train,75,33,196.0,156.903,-39.097
train,75,34,195.0,150.72658,-44.273422
train,75,35,194.0,141.13411,-52.86589
train,75,36,193.0,138.7536,-54.2464
train,75,37,192.0,143.92111,-48.078888
train,75,38,191.0,143.52095,-47.47905
train,75,39,190.0,146.56886,-43.431137
train,75,40,189.0,149.33086,-39.669144
train,75,41,188.0,157.40646,-30.593536
train,75,42,187.0,158.04793,-28.952072
train,75,43,186.0,168.3206,-17.679398
train,75,44,185.0,171.02841,-13.971588
train,75,45,184.0,165.37599,-18.624008
train,75,46,183.0,162.95827,-20.041733
train,75,47,182.0,163.32234,-18.677658
train,75,48,181.0,162.1379,-18.862106
train,75,49,180.0,157.77486,-22.225143
train,75,50,179.0,154.70854,-24.291458
train,75,51,178.0,156.09676,-21.903244
train,75,52,177.0,155.55638,-21.443619
train,75,53,176.0,160.28236,-15.717636
train,75,54,175.0,160.2924,-14.707596
train,75,55,174.0,163.0876,-10.912399
train,75,56,173.0,164.47322,-8.526779
train,75,57,172.0,171.56721,-0.43278503
train,75,58,171.0,174.14888,3.14888
train,75,59,170.0,173.70288,3.7028809
train,75,60,169.0,170.19972,1.1997223
train,75,61,168.0,164.81584,-3.1841583
train,75,62,167.0,156.93959,-10.06041
train,75,63,166.0,149.344,-16.656006
train,75,64,165.0,138.66951,-26.33049
train,75,65,164.0,141.59616,-22.40384
train,75,66,163.0,144.41284,-18.587158
train,75,67,162.0,148.3904,-13.609604
train,75,68,161.0,151.47974,-9.520264
train,75,69,160.0,154.40099,-5.5990143
train,75,70,159.0,153.358,-5.6419983
train,75,71,158.0,149.30699,-8.693008
train,75,72,157.0,147.80634,-9.193665
train,75,73,156.0,139.44505,-16.554947
train,75,74,155.0,137.37254,-17.627457
train,75,75,154.0,132.64252,-21.357483
train,75,76,153.0,132.72942,-20.270584
train,75,77,152.0,129.26573,-22.734268
train,75,78,151.0,126.262314,-24.737686
train,75,79,150.0,116.92896,-33.071037
train,75,80,149.0,114.22203,-34.77797
train,75,81,148.0,110.25994,-37.74006
train,75,82,147.0,104.2176,-42.782402
train,75,83,146.0,100.48878,-45.511223
train,75,84,145.0,102.6567,-42.3433
train,75,85,144.0,105.695854,-38.304146
train,75,86,143.0,106.65696,-36.34304
train,75,87,142.0,114.294395,-27.705605
train,75,88,141.0,120.778206,-20.221794
train,75,89,140.0,119.448555,-20.551445
train,75,90,139.0,118.98667,-20.013329
train,75,91,138.0,120.64561,-17.354393
train,75,92,137.0,119.10115,-17.89885
train,75,93,136.0,115.85687,-20.143127
train,75,94,135.0,112.10769,-22.892311
train,75,95,134.0,112.7392,-21.260803
train,75,96,133.0,112.388016,-20.611984
train,75,97,132.0,112.2512,-19.748802
train,75,98,131.0,111.73072,-19.26928
train,75,99,130.0,114.76293,-15.237068
train,75,100,129.0,117.31345,-11.686546
train,75,101,128.0,127.4848,-0.51519775
train,75,102,127.0,134.7225,7.7225037
train,75,103,126.0,142.22253,16.222534
train,75,104,125.0,145.82266,20.822662
train,75,105,124.0,141.74673,17.746735
train,75,106,123.0,139.00331,16.003311
train,75,107,122.0,132.94136,10.94136
train,75,108,121.0,127.20657,6.2065735
train,75,109,120.0,121.40567,1.4056702
train,75,110,119.0,114.91433,-4.0856705
train,75,111,118.0,113.319595,-4.6804047
train,75,112,117.0,109.817825,-7.1821747
train,75,113,116.0,110.21497,-5.7850266
train,75,114,115.0,111.049644,-3.9503555
train,75,115,114.0,110.784836,-3.2151642
train,75,116,113.0,109.12248,-3.8775177
train,75,117,112.0,107.75361,-4.2463913
train,75,118,111.0,109.75668,-1.2433167
train,75,119,110.0,109.42827,-0.57173157
train,75,120,109.0,105.497795,-3.502205
train,75,121,108.0,101.2678,-6.7322006
train,75,122,107.0,98.531006,-8.468994
train,75,123,106.0,93.09778,-12.902222
train,75,124,105.0,88.96759,-16.03241
train,75,125,104.0,88.2527,-15.747299
train,75,126,103.0,92.51745,-10.482552
train,75,127,102.0,95.37545,-6.62455
train,75,128,101.0,95.10723,-5.892769
train,75,129,100.0,93.71821,-6.2817917
train,75,130,99.0,92.17737,-6.822632
train,75,131,98.0,87.280975,-10.719025
train,75,132,97.0,82.96335,-14.036652
train,75,133,96.0,84.98377,-11.016228
train,75,134,95.0,81.16244,-13.837563
train,75,135,94.0,80.01374,-13.986259
train,75,136,93.0,81.40988,-11.590118
train,75,137,92.0,81.728516,-10.271484
train,75,138,91.0,75.26765,-15.732353
train,75,139,90.0,71.24924,-18.750763
train,75,140,89.0,68.55599,-20.444008
train,75,141,88.0,61.107452,-26.892548
train,75,142,87.0,56.03572,-30.96428
train,75,143,86.0,51.47597,-34.52403
train,75,144,85.0,50.657337,-34.342663
train,75,145,84.0,47.220253,-36.779747
train,75,146,83.0,50.639,-32.361
train,75,147,82.0,51.845905,-30.154095
train,75,148,81.0,56.819775,-24.180225
train,75,149,80.0,59.615555,-20.384445
train,75,150,79.0,63.507717,-15.492283
train,75,151,78.0,65.05956,-12.940437
train,75,152,77.0,68.87859,-8.121407
train,75,153,76.0,70.56987,-5.43013
train,75,154,75.0,73.43372,-1.5662766
train,75,155,74.0,74.51127,0.5112686
train,75,156,73.0,78.36118,5.361183
train,75,157,72.0,76.94016,4.9401627
train,75,158,71.0,82.35674,11.356743
train,75,159,70.0,85.43089,15.430893
train,75,160,69.0,88.70063,19.70063
train,75,161,68.0,89.41099,21.410988
train,75,162,67.0,89.89798,22.89798
train,75,163,66.0,90.590996,24.590996
train,75,164,65.0,85.16173,20.161728
train,75,165,64.0,79.32101,15.321007
train,75,166,63.0,77.717354,14.717354
train,75,167,62.0,72.60829,10.608292
train,75,168,61.0,65.603935,4.6039352
train,75,169,60.0,64.889046,4.8890457
train,75,170,59.0,65.94081,6.940811
train,75,171,58.0,62.474396,4.4743958
train,75,172,57.0,61.60852,4.6085205
train,75,173,56.0,60.133724,4.133724
train,75,174,55.0,59.345886,4.345886
train,75,175,54.0,55.277985,1.2779846
train,75,176,53.0,54.188667,1.1886673
train,75,177,52.0,50.833572,-1.1664276
train,75,178,51.0,49.40332,-1.5966797
train,75,179,50.0,46.765606,-3.234394
train,75,180,49.0,47.64032,-1.3596802
train,75,181,48.0,49.767357,1.7673569
train,75,182,47.0,46.288483,-0.71151733
train,75,183,46.0,43.265007,-2.734993
train,75,184,45.0,44.06064,-0.9393616
train,75,185,44.0,42.076775,-1.9232254
train,75,186,43.0,39.779736,-3.2202644
train,75,187,42.0,39.422264,-2.577736
train,75,188,41.0,39.046753,-1.9532471
train,75,189,40.0,38.022846,-1.9771538
train,75,190,39.0,36.57632,-2.4236794
train,75,191,38.0,34.746407,-3.2535934
train,75,192,37.0,34.84974,-2.150261
train,75,193,36.0,33.854195,-2.1458054
train,75,194,35.0,34.74051,-0.25949097
train,75,195,34.0,35.730476,1.7304764
train,75,196,33.0,37.619934,4.619934
train,75,197,32.0,38.043697,6.0436974
train,75,198,31.0,38.64232,7.6423187
train,75,199,30.0,37.137707,7.1377068
train,75,200,29.0,34.30818,5.308182
train,75,201,28.0,33.810135,5.810135
train,75,202,27.0,35.43315,8.433151
train,75,203,26.0,34.60625,8.606251
train,75,204,25.0,32.140705,7.140705
train,75,205,24.0,29.678055,5.678055
train,75,206,23.0,28.191935,5.1919346
train,75,207,22.0,26.75664,4.7566395
train,75,208,21.0,25.632504,4.6325035
train,75,209,20.0,23.653421,3.6534214
train,75,210,19.0,21.54452,2.5445194
train,75,211,18.0,17.059874,-0.9401264
train,75,212,17.0,14.927602,-2.0723982
train,75,213,16.0,16.08313,0.08312988
train,75,214,15.0,15.571757,0.5717573
train,75,215,14.0,13.929339,-0.07066059
train,75,216,13.0,12.674003,-0.32599735
train,75,217,12.0,13.817043,1.8170433
train,75,218,11.0,13.80354,2.8035402
train,75,219,10.0,13.9676695,3.9676695
train,75,220,9.0,13.938202,4.938202
train,75,221,8.0,12.625543,4.6255426
train,75,222,7.0,10.236648,3.2366476
train,75,223,6.0,9.281558,3.281558
train,75,224,5.0,9.674908,4.6749077
train,75,225,4.0,8.6828785,4.6828785
train,75,226,3.0,8.945729,5.9457293
train,75,227,2.0,8.572087,6.5720873
train,75,228,1.0,8.1920185,7.1920185
train,75,229,0.0,5.9926662,5.9926662
train,76,30,180.0,101.65054,-78.34946
train,76,31,179.0,104.79247,-74.20753
train,76,32,178.0,112.72585,-65.27415
train,76,33,177.0,121.703255,-55.296745
train,76,34,176.0,132.05971,-43.940292
train,76,35,175.0,137.9221,-37.077896
train,76,36,174.0,140.36534,-33.63466
train,76,37,173.0,144.4036,-28.596405
train,76,38,172.0,146.50983,-25.490173
train,76,39,171.0,148.36588,-22.634125
train,76,40,170.0,158.40425,-11.595749
train,76,41,169.0,166.77213,-2.2278748
train,76,42,168.0,168.44841,0.44841003
train,76,43,167.0,163.20471,-3.795288
train,76,44,166.0,166.24127,0.24127197
train,76,45,165.0,168.80101,3.8010101
train,76,46,164.0,171.26674,7.266739
train,76,47,163.0,172.45201,9.452011
train,76,48,162.0,174.65993,12.659927
train,76,49,161.0,177.63358,16.633575
train,76,50,160.0,171.50542,11.505417
train,76,51,159.0,165.08247,6.0824738
train,76,52,158.0,153.26196,-4.738037
train,76,53,157.0,143.00896,-13.991043
train,76,54,156.0,132.92961,-23.070389
train,76,55,155.0,127.20039,-27.799606
train,76,56,154.0,122.89118,-31.108818
train,76,57,153.0,120.039055,-32.960945
train,76,58,152.0,119.629585,-32.370415
train,76,59,151.0,117.45422,-33.545776
train,76,60,150.0,119.79573,-30.20427
train,76,61,149.0,121.21697,-27.783028
train,76,62,148.0,123.21879,-24.781212
train,76,63,147.0,122.985435,-24.014565
train,76,64,146.0,119.94152,-26.05848
train,76,65,145.0,122.15676,-22.843239
train,76,66,144.0,119.38463,-24.615372
train,76,67,143.0,118.600914,-24.399086
train,76,68,142.0,120.323456,-21.676544
train,76,69,141.0,121.05044,-19.949562
train,76,70,140.0,122.38395,-17.61605
train,76,71,139.0,119.08114,-19.918861
train,76,72,138.0,115.12588,-22.874123
train,76,73,137.0,112.1928,-24.807198
train,76,74,136.0,107.70995,-28.290047
train,76,75,135.0,105.82906,-29.170937
train,76,76,134.0,105.2278,-28.772202
train,76,77,133.0,106.072975,-26.927025
train,76,78,132.0,112.04402,-19.955978
train,76,79,131.0,112.37055,-18.629448
train,76,80,130.0,116.77662,-13.223381
train,76,81,129.0,118.35261,-10.647392
train,76,82,128.0,121.56441,-6.4355927
train,76,83,127.0,124.94419,-2.055809
train,76,84,126.0,131.38144,5.381439
train,76,85,125.0,129.82759,4.827591
train,76,86,124.0,127.5327,3.5326996
train,76,87,123.0,129.13193,6.1319275
train,76,88,122.0,127.00844,5.008438
train,76,89,121.0,125.26803,4.2680283
train,76,90,120.0,124.46396,4.4639587
train,76,91,119.0,120.17071,1.1707077
train,76,92,118.0,114.99999,-3.0000076
train,76,93,117.0,110.05341,-6.9465866
train,76,94,116.0,107.68957,-8.310432
train,76,95,115.0,104.91381,-10.086189
train,76,96,114.0,100.24604,-13.75396
train,76,97,113.0,102.363434,-10.636566
train,76,98,112.0,102.640564,-9.359436
train,76,99,111.0,100.26316,-10.736839
train,76,100,110.0,92.03761,-17.962387
train,76,101,109.0,83.74166,-25.258339
train,76,102,108.0,77.84424,-30.155762
train,76,103,107.0,77.400185,-29.599815
train,76,104,106.0,78.2893,-27.710701
train,76,105,105.0,78.76298,-26.237022
train,76,106,104.0,81.14755,-22.852448
train,76,107,103.0,84.91227,-18.08773
train,76,108,102.0,85.08615,-16.913849
train,76,109,101.0,89.69637,-11.303627
train,76,110,100.0,93.67332,-6.326683
train,76,111,99.0,98.41309,-0.58690643
train,76,112,98.0,102.43897,4.4389725
train,76,113,97.0,103.561966,6.561966
train,76,114,96.0,97.47202,1.472023
train,76,115,95.0,94.66089,-0.33911133
train,76,116,94.0,94.6294,0.62940216
train,76,117,93.0,91.88723,-1.1127701
train,76,118,92.0,88.69625,-3.303749
train,76,119,91.0,86.657814,-4.342186
train,76,120,90.0,84.79862,-5.201378
train,76,121,89.0,85.65414,-3.3458633
train,76,122,88.0,84.47578,-3.5242233
train,76,123,87.0,86.58666,-0.4133377
train,76,124,86.0,86.50794,0.5079422
train,76,125,85.0,82.60162,-2.3983765
train,76,126,84.0,78.77853,-5.2214737
train,76,127,83.0,75.93341,-7.0665894
train,76,128,82.0,75.44663,-6.5533676
train,76,129,81.0,73.499245,-7.5007553
train,76,130,80.0,74.64704,-5.3529587
train,76,131,79.0,73.181885,-5.818115
train,76,132,78.0,72.11729,-5.8827133
train,76,133,77.0,69.03347,-7.96653
train,76,134,76.0,65.373474,-10.626526
train,76,135,75.0,67.62827,-7.371727
train,76,136,74.0,67.61164,-6.388359
train,76,137,73.0,66.35295,-6.647049
train,76,138,72.0,67.39095,-4.609047
train,76,139,71.0,65.679375,-5.3206253
train,76,140,70.0,62.988052,-7.0119476
train,76,141,69.0,59.510612,-9.4893875
train,76,142,68.0,58.159836,-9.840164
train,76,143,67.0,58.73484,-8.26516
train,76,144,66.0,60.42568,-5.5743217
train,76,145,65.0,61.546326,-3.4536743
train,76,146,64.0,61.908524,-2.0914764
train,76,147,63.0,63.67516,0.67515945
train,76,148,62.0,65.080864,3.080864
train,76,149,61.0,67.75613,6.7561264
train,76,150,60.0,68.8706,8.870598
train,76,151,59.0,70.72685,11.726852
train,76,152,58.0,70.7161,12.716103
train,76,153,57.0,71.26652,14.266518
train,76,154,56.0,69.43233,13.432327
train,76,155,55.0,67.85912,12.859123
train,76,156,54.0,65.49425,11.494247
train,76,157,53.0,62.569443,9.569443
train,76,158,52.0,58.651962,6.6519623
train,76,159,51.0,60.269157,9.269157
train,76,160,50.0,57.64313,7.6431313
train,76,161,49.0,56.492596,7.4925957
train,76,162,48.0,53.784664,5.784664
train,76,163,47.0,53.677383,6.6773834
train,76,164,46.0,53.332108,7.3321075
train,76,165,45.0,51.665085,6.665085
train,76,166,44.0,47.84488,3.8448792
train,76,167,43.0,46.17265,3.1726494
train,76,168,42.0,43.502953,1.5029526
train,76,169,41.0,41.07457,0.0745697
train,76,170,40.0,38.471123,-1.5288773
train,76,171,39.0,35.745434,-3.2545662
train,76,172,38.0,33.87973,-4.12027
train,76,173,37.0,34.645893,-2.354107
train,76,174,36.0,32.610546,-3.389454
train,76,175,35.0,31.769506,-3.2304935
train,76,176,34.0,30.158823,-3.841177
train,76,177,33.0,28.415842,-4.584158
train,76,178,32.0,28.998554,-3.0014458
train,76,179,31.0,29.25,-1.75
train,76,180,30.0,25.001228,-4.9987717
train,76,181,29.0,23.536821,-5.4631786
train,76,182,28.0,20.203178,-7.7968216
train,76,183,27.0,18.632101,-8.367899
train,76,184,26.0,17.26679,-8.73321
train,76,185,25.0,16.233171,-8.766829
train,76,186,24.0,14.507879,-9.492121
train,76,187,23.0,15.422988,-7.577012
train,76,188,22.0,14.126965,-7.8730354
train,76,189,21.0,9.912156,-11.087844
train,76,190,20.0,7.0570006,-12.942999
train,76,191,19.0,8.367598,-10.632402
train,76,192,18.0,9.269885,-8.730115
train,76,193,17.0,10.734464,-6.2655363
train,76,194,16.0,11.145701,-4.8542986
train,76,195,15.0,10.245704,-4.7542963
train,76,196,14.0,8.346593,-5.653407
train,76,197,13.0,9.795402,-3.2045984
train,76,198,12.0,9.246735,-2.7532654
train,76,199,11.0,7.5092387,-3.4907613
train,76,200,10.0,6.3891025,-3.6108975
train,76,201,9.0,5.5997825,-3.4002175
train,76,202,8.0,5.620476,-2.3795242
train,76,203,7.0,5.1657596,-1.8342404
train,76,204,6.0,4.964102,-1.0358982
train,76,205,5.0,3.248243,-1.7517569
train,76,206,4.0,0.8949872,-3.105013
train,76,207,3.0,1.7864736,-1.2135264
train,76,208,2.0,2.2516527,0.25165272
train,76,209,1.0,2.2450078,1.2450078
train,76,210,0.0,1.3943597,1.3943597
train,77,30,124.0,130.50008,6.5000763
train,77,31,123.0,124.46107,1.4610672
train,77,32,122.0,123.1094,1.1093979
train,77,33,121.0,110.00045,-10.99955
train,77,34,120.0,101.36814,-18.631859
train,77,35,119.0,96.629,-22.371002
train,77,36,118.0,90.13618,-27.863823
train,77,37,117.0,87.1108,-29.889198
train,77,38,116.0,87.92013,-28.079872
train,77,39,115.0,91.27431,-23.725693
train,77,40,114.0,94.975655,-19.024345
train,77,41,113.0,96.54769,-16.452309
train,77,42,112.0,104.14077,-7.85923
train,77,43,111.0,108.03264,-2.9673615
train,77,44,110.0,115.09782,5.0978165
train,77,45,109.0,121.85262,12.852623
train,77,46,108.0,125.54546,17.545464
train,77,47,107.0,130.24696,23.246964
train,77,48,106.0,133.3037,27.303696
train,77,49,105.0,133.1052,28.105194
train,77,50,104.0,139.07993,35.079926
train,77,51,103.0,141.45952,38.45952
train,77,52,102.0,140.88557,38.885574
train,77,53,101.0,145.77824,44.778244
train,77,54,100.0,146.77954,46.77954
train,77,55,99.0,145.0452,46.045197
train,77,56,98.0,151.18526,53.185257
train,77,57,97.0,153.99086,56.99086
train,77,58,96.0,151.49599,55.495987
train,77,59,95.0,151.16959,56.169586
train,77,60,94.0,149.9083,55.908295
train,77,61,93.0,140.30603,47.30603
train,77,62,92.0,132.03055,40.03055
train,77,63,91.0,127.6275,36.627502
train,77,64,90.0,118.55496,28.554962
train,77,65,89.0,114.39028,25.390282
train,77,66,88.0,114.0373,26.0373
train,77,67,87.0,110.138725,23.138725
train,77,68,86.0,108.97227,22.972267
train,77,69,85.0,101.57369,16.573692
train,77,70,84.0,100.70126,16.701263
train,77,71,83.0,107.50379,24.503792
train,77,72,82.0,107.658714,25.658714
train,77,73,81.0,113.17582,32.17582
train,77,74,80.0,116.1161,36.116096
train,77,75,79.0,115.591805,36.591805
train,77,76,78.0,115.76194,37.76194
train,77,77,77.0,117.52178,40.521782
train,77,78,76.0,115.31098,39.31098
train,77,79,75.0,114.420975,39.420975
train,77,80,74.0,110.584335,36.584335
train,77,81,73.0,109.00959,36.00959
train,77,82,72.0,107.479416,35.479416
train,77,83,71.0,107.68029,36.68029
train,77,84,70.0,110.62104,40.62104
train,77,85,69.0,114.1114,45.111397
train,77,86,68.0,115.89966,47.89966
train,77,87,67.0,117.42591,50.42591
train,77,88,66.0,114.59993,48.59993
train,77,89,65.0,115.14123,50.141228
train,77,90,64.0,114.857475,50.857475
train,77,91,63.0,113.45734,50.457336
train,77,92,62.0,109.81533,47.81533
train,77,93,61.0,107.65391,46.653908
train,77,94,60.0,99.533134,39.533134
train,77,95,59.0,89.017204,30.017204
train,77,96,58.0,79.48545,21.48545
train,77,97,57.0,69.10641,12.106407
train,77,98,56.0,60.815266,4.8152657
train,77,99,55.0,59.657177,4.657177
train,77,100,54.0,57.924885,3.9248848
train,77,101,53.0,54.757202,1.7572021
train,77,102,52.0,54.368233,2.3682327
train,77,103,51.0,56.5744,5.574402
train,77,104,50.0,61.655647,11.655647
train,77,105,49.0,61.81904,12.819038
train,77,106,48.0,59.115715,11.115715
train,77,107,47.0,57.09657,10.096569
train,77,108,46.0,53.82321,7.8232117
train,77,109,45.0,52.183525,7.183525
train,77,110,44.0,53.07888,9.07888
train,77,111,43.0,53.761208,10.761208
train,77,112,42.0,55.467606,13.467606
train,77,113,41.0,51.265972,10.265972
train,77,114,40.0,50.21871,10.218712
train,77,115,39.0,52.523296,13.523296
train,77,116,38.0,58.156292,20.156292
train,77,117,37.0,60.92588,23.92588
train,77,118,36.0,62.67167,26.671669
train,77,119,35.0,63.01084,28.010841
train,77,120,34.0,64.00171,30.001709
train,77,121,33.0,62.647846,29.647846
train,77,122,32.0,62.344788,30.344788
train,77,123,31.0,57.921204,26.921204
train,77,124,30.0,51.538506,21.538506
train,77,125,29.0,47.04903,18.04903
train,77,126,28.0,43.392265,15.392265
train,77,127,27.0,39.719128,12.719128
train,77,128,26.0,34.322205,8.322205
train,77,129,25.0,31.354744,6.354744
train,77,130,24.0,30.379095,6.379095
train,77,131,23.0,28.291632,5.2916317
train,77,132,22.0,25.696371,3.696371
train,77,133,21.0,23.493883,2.4938831
train,77,134,20.0,24.153568,4.1535683
train,77,135,19.0,23.287281,4.287281
train,77,136,18.0,20.697458,2.6974583
train,77,137,17.0,19.95143,2.9514294
train,77,138,16.0,18.899853,2.8998528
train,77,139,15.0,18.133766,3.1337662
train,77,140,14.0,15.688652,1.688652
train,77,141,13.0,18.17388,5.1738796
train,77,142,12.0,16.512918,4.5129185
train,77,143,11.0,17.73152,6.7315197
train,77,144,10.0,17.087067,7.0870667
train,77,145,9.0,15.577384,6.577384
train,77,146,8.0,14.037263,6.037263
train,77,147,7.0,12.327266,5.3272657
train,77,148,6.0,14.354249,8.354249
train,77,149,5.0,14.945968,9.945968
train,77,150,4.0,12.811027,8.811027
train,77,151,3.0,10.487704,7.4877043
train,77,152,2.0,7.229875,5.229875
train,77,153,1.0,6.5072994,5.5072994
train,77,154,0.0,9.014422,9.014422
train,78,30,201.0,161.00652,-39.993484
train,78,31,200.0,164.23846,-35.761536
train,78,32,199.0,165.5713,-33.428696
train,78,33,198.0,165.5515,-32.4485
train,78,34,197.0,169.62604,-27.373962
train,78,35,196.0,173.24182,-22.758179
train,78,36,195.0,169.33115,-25.668854
train,78,37,194.0,165.4587,-28.541306
train,78,38,193.0,170.11353,-22.886475
train,78,39,192.0,166.85556,-25.14444
train,78,40,191.0,171.87947,-19.12053
train,78,41,190.0,173.66817,-16.331833
train,78,42,189.0,169.04732,-19.952682
train,78,43,188.0,161.67912,-26.320877
train,78,44,187.0,158.80695,-28.193054
train,78,45,186.0,162.54471,-23.455292
train,78,46,185.0,160.75374,-24.246262
train,78,47,184.0,163.6821,-20.317902
train,78,48,183.0,163.30775,-19.692245
train,78,49,182.0,154.2904,-27.709595
train,78,50,181.0,152.28804,-28.71196
train,78,51,180.0,143.10323,-36.896774
train,78,52,179.0,136.3321,-42.667892
train,78,53,178.0,134.34447,-43.655533
train,78,54,177.0,131.52505,-45.474945
train,78,55,176.0,136.09682,-39.903183
train,78,56,175.0,136.60707,-38.39293
train,78,57,174.0,146.21387,-27.786133
train,78,58,173.0,152.53221,-20.467789
train,78,59,172.0,157.43211,-14.567886
train,78,60,171.0,159.6646,-11.335403
train,78,61,170.0,158.53035,-11.46965
train,78,62,169.0,156.19133,-12.80867
train,78,63,168.0,151.11436,-16.885635
train,78,64,167.0,149.13622,-17.863785
train,78,65,166.0,147.76439,-18.235611
train,78,66,165.0,150.89809,-14.101913
train,78,67,164.0,155.93336,-8.066635
train,78,68,163.0,158.59673,-4.4032745
train,78,69,162.0,161.67574,-0.32426453
train,78,70,161.0,166.95763,5.9576263
train,78,71,160.0,164.46428,4.464279
train,78,72,159.0,166.48485,7.484848
train,78,73,158.0,167.52591,9.525909
train,78,74,157.0,165.26134,8.261337
train,78,75,156.0,165.45961,9.45961
train,78,76,155.0,167.82146,12.821457
train,78,77,154.0,163.2134,9.213394
train,78,78,153.0,159.14839,6.1483917
train,78,79,152.0,152.38394,0.38394165
train,78,80,151.0,144.51381,-6.486191
train,78,81,150.0,142.03807,-7.9619293
train,78,82,149.0,139.18741,-9.812592
train,78,83,148.0,136.96617,-11.033829
train,78,84,147.0,132.42352,-14.576477
train,78,85,146.0,128.56104,-17.438965
train,78,86,145.0,125.2287,-19.771301
train,78,87,144.0,121.38071,-22.619293
train,78,88,143.0,111.8124,-31.1876
train,78,89,142.0,108.798904,-33.201096
train,78,90,141.0,104.71495,-36.28505
train,78,91,140.0,104.44279,-35.557213
train,78,92,139.0,106.7418,-32.2582
train,78,93,138.0,100.32447,-37.67553
train,78,94,137.0,98.841484,-38.158516
train,78,95,136.0,98.94981,-37.050194
train,78,96,135.0,102.39318,-32.60682
train,78,97,134.0,103.82395,-30.176048
train,78,98,133.0,103.80395,-29.196053
train,78,99,132.0,110.25116,-21.74884
train,78,100,131.0,100.878944,-30.121056
train,78,101,130.0,100.60424,-29.39576
train,78,102,129.0,103.57218,-25.427818
train,78,103,128.0,105.57036,-22.429642
train,78,104,127.0,112.084236,-14.915764
train,78,105,126.0,117.03329,-8.966713
train,78,106,125.0,110.1646,-14.835403
train,78,107,124.0,118.405365,-5.594635
train,78,108,123.0,123.51499,0.51499176
train,78,109,122.0,126.457634,4.457634
train,78,110,121.0,129.7461,8.746094
train,78,111,120.0,132.3673,12.367294
train,78,112,119.0,131.60432,12.604324
train,78,113,118.0,133.3542,15.354202
train,78,114,117.0,130.58968,13.589676
train,78,115,116.0,133.14214,17.142136
train,78,116,115.0,134.2124,19.212402
train,78,117,114.0,143.45741,29.457413
train,78,118,113.0,141.14857,28.148575
train,78,119,112.0,142.08565,30.085648
train,78,120,111.0,141.91692,30.916916
train,78,121,110.0,136.13995,26.139954
train,78,122,109.0,130.76208,21.762085
train,78,123,108.0,124.68115,16.681152
train,78,124,107.0,121.59601,14.596008
train,78,125,106.0,114.2694,8.269402
train,78,126,105.0,105.93261,0.93260956
train,78,127,104.0,104.40202,0.40202332
train,78,128,103.0,101.34333,-1.6566696
train,78,129,102.0,105.82194,3.8219376
train,78,130,101.0,106.83808,5.8380814
train,78,131,100.0,108.794914,8.794914
train,78,132,99.0,108.71981,9.7198105
train,78,133,98.0,110.286934,12.286934
train,78,134,97.0,114.06022,17.060219
train,78,135,96.0,112.8819,16.881897
train,78,136,95.0,112.79278,17.792778
train,78,137,94.0,111.96178,17.961777
train,78,138,93.0,107.86486,14.864861
train,78,139,92.0,102.94095,10.9409485
train,78,140,91.0,94.8829,3.8828964
train,78,141,90.0,91.957954,1.9579544
train,78,142,89.0,89.775955,0.7759552
train,78,143,88.0,90.21967,2.2196732
train,78,144,87.0,86.31037,-0.6896286
train,78,145,86.0,85.38953,-0.61047363
train,78,146,85.0,91.209984,6.209984
train,78,147,84.0,91.47207,7.472069
train,78,148,83.0,93.20183,10.201828
train,78,149,82.0,93.5247,11.524696
train,78,150,81.0,93.77801,12.7780075
train,78,151,80.0,91.88879,11.888786
train,78,152,79.0,93.37879,14.378792
train,78,153,78.0,86.831375,8.831375
train,78,154,77.0,84.31666,7.316658
train,78,155,76.0,71.88238,-4.1176224
train,78,156,75.0,70.788795,-4.2112045
train,78,157,74.0,62.816895,-11.183105
train,78,158,73.0,64.66328,-8.336723
train,78,159,72.0,61.662743,-10.337257
train,78,160,71.0,60.458523,-10.541477
train,78,161,70.0,64.83378,-5.1662216
train,78,162,69.0,68.084656,-0.91534424
train,78,163,68.0,66.29572,-1.704277
train,78,164,67.0,66.12682,-0.8731766
train,78,165,66.0,65.60866,-0.39134216
train,78,166,65.0,60.22222,-4.7777786
train,78,167,64.0,60.032356,-3.9676437
train,78,168,63.0,56.676727,-6.3232727
train,78,169,62.0,50.50711,-11.492889
train,78,170,61.0,43.174263,-17.825737
train,78,171,60.0,47.957275,-12.042725
train,78,172,59.0,49.27103,-9.72897
train,78,173,58.0,46.27312,-11.726879
train,78,174,57.0,42.8041,-14.1959
train,78,175,56.0,41.913322,-14.086678
train,78,176,55.0,43.146107,-11.853893
train,78,177,54.0,43.10441,-10.895592
train,78,178,53.0,49.916973,-3.083027
train,78,179,52.0,50.188477,-1.8115234
train,78,180,51.0,49.02355,-1.9764519
train,78,181,50.0,43.724663,-6.275337
train,78,182,49.0,38.38149,-10.618511
train,78,183,48.0,31.962492,-16.037508
train,78,184,47.0,27.708828,-19.291172
train,78,185,46.0,30.468575,-15.531425
train,78,186,45.0,30.389301,-14.610699
train,78,187,44.0,30.421764,-13.578236
train,78,188,43.0,32.809093,-10.190907
train,78,189,42.0,32.857708,-9.142292
train,78,190,41.0,31.703424,-9.296576
train,78,191,40.0,33.350727,-6.649273
train,78,192,39.0,35.796497,-3.2035027
train,78,193,38.0,38.22797,0.22797012
train,78,194,37.0,41.728172,4.7281723
train,78,195,36.0,39.507706,3.5077057
train,78,196,35.0,37.426674,2.426674
train,78,197,34.0,39.23913,5.239128
train,78,198,33.0,38.320923,5.320923
train,78,199,32.0,37.029472,5.0294724
train,78,200,31.0,36.567627,5.567627
train,78,201,30.0,34.062756,4.0627556
train,78,202,29.0,34.54865,5.548649
train,78,203,28.0,34.522614,6.5226135
train,78,204,27.0,34.338608,7.338608
train,78,205,26.0,35.779533,9.779533
train,78,206,25.0,37.154846,12.154846
train,78,207,24.0,32.85344,8.853439
train,78,208,23.0,29.58671,6.58671
train,78,209,22.0,27.386547,5.386547
train,78,210,21.0,24.178577,3.1785774
train,78,211,20.0,20.632765,0.6327648
train,78,212,19.0,19.978178,0.978178
train,78,213,18.0,17.590849,-0.40915108
train,78,214,17.0,15.054396,-1.9456043
train,78,215,16.0,13.735468,-2.264532
train,78,216,15.0,12.520626,-2.479374
train,78,217,14.0,8.979426,-5.0205736
train,78,218,13.0,8.343504,-4.656496
train,78,219,12.0,7.7181754,-4.2818246
train,78,220,11.0,5.346707,-5.653293
train,78,221,10.0,2.5490494,-7.4509506
train,78,222,9.0,2.2873995,-6.7126007
train,78,223,8.0,4.330647,-3.669353
train,78,224,7.0,5.7830806,-1.2169194
train,78,225,6.0,3.3403473,-2.6596527
train,78,226,5.0,-0.3985585,-5.3985586
train,78,227,4.0,0.6198698,-3.3801303
train,78,228,3.0,1.1656164,-1.8343836
train,78,229,2.0,0.909371,-1.090629
train,78,230,1.0,1.3838681,0.3838681
train,78,231,0.0,-0.9480318,-0.9480318
train,79,30,169.0,177.76237,8.762375
train,79,31,168.0,172.48567,4.485672
train,79,32,167.0,162.7914,-4.208603
train,79,33,166.0,159.78471,-6.2152863
train,79,34,165.0,156.9792,-8.020798
train,79,35,164.0,156.59767,-7.4023285
train,79,36,163.0,155.04234,-7.957657
train,79,37,162.0,156.76833,-5.231674
train,79,38,161.0,159.0472,-1.9528046
train,79,39,160.0,169.379,9.378998
train,79,40,159.0,166.25325,7.25325
train,79,41,158.0,156.13045,-1.8695526
train,79,42,157.0,146.84616,-10.153839
train,79,43,156.0,136.4868,-19.513199
train,79,44,155.0,134.82767,-20.172333
train,79,45,154.0,125.182335,-28.817665
train,79,46,153.0,125.51944,-27.48056
train,79,47,152.0,122.06397,-29.936028
train,79,48,151.0,123.761665,-27.238335
train,79,49,150.0,126.47843,-23.521568
train,79,50,149.0,130.62883,-18.37117
train,79,51,148.0,129.94095,-18.059052
train,79,52,147.0,134.82228,-12.177719
train,79,53,146.0,141.28679,-4.713211
train,79,54,145.0,147.1638,2.163803
train,79,55,144.0,151.32721,7.3272095
train,79,56,143.0,155.24638,12.246384
train,79,57,142.0,154.63966,12.639664
train,79,58,141.0,152.55049,11.550491
train,79,59,140.0,153.41663,13.416626
train,79,60,139.0,150.96782,11.967819
train,79,61,138.0,143.68373,5.683731
train,79,62,137.0,140.43933,3.439331
train,79,63,136.0,140.52977,4.52977
train,79,64,135.0,141.10089,6.100891
train,79,65,134.0,140.22295,6.222946
train,79,66,133.0,145.1201,12.120102
train,79,67,132.0,149.60155,17.601547
train,79,68,131.0,152.13155,21.131546
train,79,69,130.0,150.77946,20.779465
train,79,70,129.0,144.5772,15.577194
train,79,71,128.0,139.11867,11.118668
train,79,72,127.0,130.47633,3.4763336
train,79,73,126.0,131.6377,5.6376953
train,79,74,125.0,131.77678,6.776779
train,79,75,124.0,127.26103,3.261032
train,79,76,123.0,134.05424,11.054245
train,79,77,122.0,137.36638,15.366379
train,79,78,121.0,141.25389,20.253891
train,79,79,120.0,142.6677,22.667694
train,79,80,119.0,139.49362,20.493622
train,79,81,118.0,138.10054,20.10054
train,79,82,117.0,137.06831,20.068314
train,79,83,116.0,140.80193,24.801926
train,79,84,115.0,139.05623,24.056229
train,79,85,114.0,141.34492,27.344925
train,79,86,113.0,138.62953,25.629532
train,79,87,112.0,133.43335,21.43335
train,79,88,111.0,129.89296,18.89296
train,79,89,110.0,121.62681,11.626808
train,79,90,109.0,121.07512,12.075119
train,79,91,108.0,123.34205,15.342049
train,79,92,107.0,120.00586,13.005859
train,79,93,106.0,115.69069,9.690689
train,79,94,105.0,114.91739,9.917389
train,79,95,104.0,114.555954,10.555954
train,79,96,103.0,112.74373,9.743729
train,79,97,102.0,109.96129,7.9612885
train,79,98,101.0,111.01809,10.018089
train,79,99,100.0,111.52183,11.521828
train,79,100,99.0,115.016846,16.016846
train,79,101,98.0,112.590515,14.590515
train,79,102,97.0,115.39362,18.393623
train,79,103,96.0,110.43426,14.4342575
train,79,104,95.0,105.25338,10.25338
train,79,105,94.0,103.98524,9.985237
train,79,106,93.0,102.688995,9.688995
train,79,107,92.0,99.684364,7.6843643
train,79,108,91.0,94.011505,3.0115051
train,79,109,90.0,93.14738,3.147377
train,79,110,89.0,100.59313,11.593132
train,79,111,88.0,104.64552,16.645523
train,79,112,87.0,103.22243,16.222427
train,79,113,86.0,101.70583,15.705833
train,79,114,85.0,99.80764,14.80764
train,79,115,84.0,104.590096,20.590096
train,79,116,83.0,103.70119,20.701187
train,79,117,82.0,106.29507,24.295067
train,79,118,81.0,102.37533,21.375328
train,79,119,80.0,93.836945,13.836945
train,79,120,79.0,90.754486,11.754486
train,79,121,78.0,85.77331,7.773308
train,79,122,77.0,79.75566,2.755661
train,79,123,76.0,80.019066,4.019066
train,79,124,75.0,82.07278,7.072777
train,79,125,74.0,86.101685,12.101685
train,79,126,73.0,93.15753,20.157532
train,79,127,72.0,96.920334,24.920334
train,79,128,71.0,101.47697,30.476967
train,79,129,70.0,103.8337,33.833702
train,79,130,69.0,97.213135,28.213135
train,79,131,68.0,93.08103,25.081032
train,79,132,67.0,86.3655,19.365501
train,79,133,66.0,76.65264,10.652641
train,79,134,65.0,74.23815,9.238152
train,79,135,64.0,68.69617,4.696167
train,79,136,63.0,60.414906,-2.5850945
train,79,137,62.0,59.63492,-2.3650818
train,79,138,61.0,55.119648,-5.880352
train,79,139,60.0,51.193943,-8.806057
train,79,140,59.0,54.706657,-4.2933426
train,79,141,58.0,48.57679,-9.42321
train,79,142,57.0,47.684418,-9.315582
train,79,143,56.0,48.60828,-7.39172
train,79,144,55.0,56.217354,1.2173538
train,79,145,54.0,56.831253,2.831253
train,79,146,53.0,63.537727,10.537727
train,79,147,52.0,63.322514,11.322514
train,79,148,51.0,58.68168,7.681679
train,79,149,50.0,55.468292,5.468292
train,79,150,49.0,53.611458,4.611458
train,79,151,48.0,49.82594,1.8259392
train,79,152,47.0,46.11247,-0.8875313
train,79,153,46.0,43.72097,-2.2790298
train,79,154,45.0,45.556885,0.55688477
train,79,155,44.0,49.171135,5.171135
train,79,156,43.0,49.84453,6.844528
train,79,157,42.0,48.25386,6.2538605
train,79,158,41.0,45.182465,4.1824646
train,79,159,40.0,43.36525,3.3652496
train,79,160,39.0,38.929764,-0.070236206
train,79,161,38.0,36.83707,-1.1629295
train,79,162,37.0,37.306606,0.3066063
train,79,163,36.0,36.63602,0.63602066
train,79,164,35.0,35.69693,0.69692993
train,79,165,34.0,31.09384,-2.9061604
train,79,166,33.0,30.076181,-2.9238186
train,79,167,32.0,28.31232,-3.6876793
train,79,168,31.0,20.926651,-10.073349
train,79,169,30.0,17.018297,-12.981703
train,79,170,29.0,18.950594,-10.049406
train,79,171,28.0,19.542305,-8.457695
train,79,172,27.0,25.221334,-1.7786655
train,79,173,26.0,30.706444,4.706444
train,79,174,25.0,29.60771,4.60771
train,79,175,24.0,27.592592,3.5925922
train,79,176,23.0,27.309038,4.309038
train,79,177,22.0,27.632925,5.632925
train,79,178,21.0,24.798529,3.7985287
train,79,179,20.0,24.07073,4.07073
train,79,180,19.0,22.543745,3.543745
train,79,181,18.0,19.789171,1.7891712
train,79,182,17.0,17.417372,0.41737175
train,79,183,16.0,15.978099,-0.02190113
train,79,184,15.0,12.328326,-2.6716738
train,79,185,14.0,8.404699,-5.5953007
train,79,186,13.0,3.3847654,-9.615234
train,79,187,12.0,4.216253,-7.783747
train,79,188,11.0,5.391461,-5.608539
train,79,189,10.0,6.676055,-3.323945
train,79,190,9.0,8.335283,-0.6647167
train,79,191,8.0,7.9098144,-0.09018564
train,79,192,7.0,6.6808605,-0.31913948
train,79,193,6.0,5.521308,-0.47869205
train,79,194,5.0,3.1546512,-1.8453488
train,79,195,4.0,2.9435058,-1.0564942
train,79,196,3.0,2.2393858,-0.76061416
train,79,197,2.0,0.9888178,-1.0111822
train,79,198,1.0,2.3328612,1.3328612
train,79,199,0.0,0.9914521,0.9914521
train,80,30,155.0,130.01724,-24.982758
train,80,31,154.0,133.7964,-20.203598
train,80,32,153.0,145.08257,-7.9174347
train,80,33,152.0,149.17345,-2.8265533
train,80,34,151.0,149.76772,-1.2322845
train,80,35,150.0,147.59895,-2.4010468
train,80,36,149.0,141.9867,-7.0133057
train,80,37,148.0,138.67224,-9.327759
train,80,38,147.0,137.4277,-9.572296
train,80,39,146.0,131.3123,-14.687698
train,80,40,145.0,129.46231,-15.537689
train,80,41,144.0,126.40949,-17.590508
train,80,42,143.0,125.21545,-17.784554
train,80,43,142.0,128.22429,-13.775711
train,80,44,141.0,128.1484,-12.851593
train,80,45,140.0,128.49425,-11.505753
train,80,46,139.0,127.24183,-11.758171
train,80,47,138.0,133.36154,-4.6384583
train,80,48,137.0,136.12746,-0.87254333
train,80,49,136.0,133.87091,-2.1290894
train,80,50,135.0,133.97926,-1.0207367
train,80,51,134.0,130.06712,-3.9328766
train,80,52,133.0,122.44692,-10.553078
train,80,53,132.0,113.83185,-18.168152
train,80,54,131.0,110.661064,-20.338936
train,80,55,130.0,108.81634,-21.183662
train,80,56,129.0,112.07755,-16.922447
train,80,57,128.0,118.702156,-9.297844
train,80,58,127.0,125.01506,-1.9849396
train,80,59,126.0,130.14204,4.142044
train,80,60,125.0,135.52524,10.525238
train,80,61,124.0,137.02266,13.022659
train,80,62,123.0,136.15356,13.153564
train,80,63,122.0,131.61601,9.616013
train,80,64,121.0,127.44605,6.4460526
train,80,65,120.0,123.40844,3.4084396
train,80,66,119.0,123.15868,4.158684
train,80,67,118.0,125.37549,7.3754883
train,80,68,117.0,123.49316,6.4931564
train,80,69,116.0,122.35221,6.352211
train,80,70,115.0,121.57552,6.5755234
train,80,71,114.0,122.792595,8.792595
train,80,72,113.0,119.36443,6.3644333
train,80,73,112.0,118.97617,6.9761734
train,80,74,111.0,116.45626,5.4562607
train,80,75,110.0,118.38227,8.382271
train,80,76,109.0,119.24807,10.24807
train,80,77,108.0,119.79166,11.7916565
train,80,78,107.0,116.85752,9.857521
train,80,79,106.0,115.20004,9.200043
train,80,80,105.0,109.33497,4.3349686
train,80,81,104.0,110.48734,6.487343
train,80,82,103.0,107.246895,4.246895
train,80,83,102.0,110.40482,8.404823
train,80,84,101.0,108.322945,7.3229446
train,80,85,100.0,106.06513,6.065132
train,80,86,99.0,103.43875,4.438751
train,80,87,98.0,102.73305,4.7330475
train,80,88,97.0,108.702385,11.702385
train,80,89,96.0,113.649025,17.649025
train,80,90,95.0,113.71576,18.71576
train,80,91,94.0,114.186386,20.186386
train,80,92,93.0,113.00338,20.00338
train,80,93,92.0,111.05477,19.054771
train,80,94,91.0,112.98246,21.98246
train,80,95,90.0,113.692444,23.692444
train,80,96,89.0,114.59757,25.597572
train,80,97,88.0,117.07019,29.07019
train,80,98,87.0,119.46099,32.46099
train,80,99,86.0,121.9111,35.911102
train,80,100,85.0,122.606544,37.606544
train,80,101,84.0,121.51177,37.511772
train,80,102,83.0,115.64183,32.64183
train,80,103,82.0,109.5321,27.532097
train,80,104,81.0,106.79301,25.793007
train,80,105,80.0,110.2297,30.229698
train,80,106,79.0,108.08105,29.081047
train,80,107,78.0,104.27528,26.275284
train,80,108,77.0,103.10665,26.106651
train,80,109,76.0,99.570724,23.570724
train,80,110,75.0,94.58925,19.589249
train,80,111,74.0,87.43752,13.437523
train,80,112,73.0,83.887764,10.887764
train,80,113,72.0,81.857834,9.857834
train,80,114,71.0,78.37914,7.3791428
train,80,115,70.0,76.99794,6.99794
train,80,116,69.0,73.51064,4.510643
train,80,117,68.0,66.90896,-1.0910416
train,80,118,67.0,60.954926,-6.0450745
train,80,119,66.0,52.977615,-13.022385
train,80,120,65.0,46.601974,-18.398026
train,80,121,64.0,43.242188,-20.757812
train,80,122,63.0,41.758774,-21.241226
train,80,123,62.0,41.016594,-20.983406
train,80,124,61.0,46.588913,-14.411087
train,80,125,60.0,47.38151,-12.618488
train,80,126,59.0,50.98201,-8.01799
train,80,127,58.0,51.84137,-6.1586304
train,80,128,57.0,51.868305,-5.131695
train,80,129,56.0,54.457127,-1.5428734
train,80,130,55.0,57.614414,2.6144142
train,80,131,54.0,59.41973,5.419731
train,80,132,53.0,61.674698,8.674698
train,80,133,52.0,62.10756,10.107559
train,80,134,51.0,60.287796,9.287796
train,80,135,50.0,60.056442,10.056442
train,80,136,49.0,57.649765,8.649765
train,80,137,48.0,56.90097,8.90097
train,80,138,47.0,59.102386,12.102386
train,80,139,46.0,60.86621,14.866211
train,80,140,45.0,64.16439,19.16439
train,80,141,44.0,64.6643,20.664299
train,80,142,43.0,65.17968,22.17968
train,80,143,42.0,66.727936,24.727936
train,80,144,41.0,68.19369,27.193687
train,80,145,40.0,66.36796,26.367958
train,80,146,39.0,60.980812,21.980812
train,80,147,38.0,56.599407,18.599407
train,80,148,37.0,52.730873,15.730873
train,80,149,36.0,50.68183,14.681831
train,80,150,35.0,45.05832,10.058319
train,80,151,34.0,41.539658,7.5396576
train,80,152,33.0,39.669098,6.669098
train,80,153,32.0,33.712925,1.712925
train,80,154,31.0,32.66588,1.6658783
train,80,155,30.0,31.907774,1.907774
train,80,156,29.0,32.346107,3.3461075
train,80,157,28.0,35.1119,7.1119003
train,80,158,27.0,34.498028,7.498028
train,80,159,26.0,31.881872,5.881872
train,80,160,25.0,29.322813,4.322813
train,80,161,24.0,27.311596,3.311596
train,80,162,23.0,26.138643,3.1386433
train,80,163,22.0,28.59923,6.59923
train,80,164,21.0,29.53766,8.537661
train,80,165,20.0,26.994349,6.9943485
train,80,166,19.0,27.031399,8.031399
train,80,167,18.0,27.989698,9.989698
train,80,168,17.0,27.597591,10.597591
train,80,169,16.0,29.58154,13.581539
train,80,170,15.0,33.375687,18.375687
train,80,171,14.0,31.945047,17.945047
train,80,172,13.0,29.088715,16.088715
train,80,173,12.0,27.331278,15.331278
train,80,174,11.0,24.985474,13.985474
train,80,175,10.0,24.747194,14.747194
train,80,176,9.0,24.17591,15.175911
train,80,177,8.0,23.481482,15.481482
train,80,178,7.0,21.026102,14.026102
train,80,179,6.0,16.737822,10.737822
train,80,180,5.0,12.930501,7.930501
train,80,181,4.0,13.055446,9.055446
train,80,182,3.0,15.144027,12.144027
train,80,183,2.0,11.433967,9.433967
train,80,184,1.0,7.5134497,6.5134497
train,80,185,0.0,4.694081,4.694081
train,81,30,210.0,148.758,-61.242004
train,81,31,209.0,144.28294,-64.71706
train,81,32,208.0,134.02359,-73.97641
train,81,33,207.0,126.54377,-80.45623
train,81,34,206.0,120.84167,-85.15833
train,81,35,205.0,122.81012,-82.18988
train,81,36,204.0,128.05367,-75.946335
train,81,37,203.0,136.66203,-66.33797
train,81,38,202.0,143.69835,-58.30165
train,81,39,201.0,146.16634,-54.833664
train,81,40,200.0,152.80205,-47.197952
train,81,41,199.0,153.23796,-45.76204
train,81,42,198.0,159.57335,-38.42665
train,81,43,197.0,162.02339,-34.97661
train,81,44,196.0,157.65244,-38.347565
train,81,45,195.0,152.15361,-42.84639
train,81,46,194.0,147.14455,-46.855453
train,81,47,193.0,140.10107,-52.898926
train,81,48,192.0,138.11845,-53.881546
train,81,49,191.0,134.18108,-56.818924
train,81,50,190.0,146.4251,-43.574905
train,81,51,189.0,159.00262,-29.997375
train,81,52,188.0,169.66786,-18.332138
train,81,53,187.0,171.92937,-15.070633
train,81,54,186.0,181.26352,-4.7364807
train,81,55,185.0,181.82555,-3.1744537
train,81,56,184.0,180.51515,-3.484848
train,81,57,183.0,176.31432,-6.685684
train,81,58,182.0,169.8933,-12.106705
train,81,59,181.0,166.4243,-14.575699
train,81,60,180.0,164.56248,-15.437515
train,81,61,179.0,167.20058,-11.799423
train,81,62,178.0,161.07512,-16.924881
train,81,63,177.0,158.48311,-18.516891
train,81,64,176.0,154.26265,-21.73735
train,81,65,175.0,152.87923,-22.120773
train,81,66,174.0,158.33623,-15.663773
train,81,67,173.0,153.80702,-19.192978
train,81,68,172.0,154.05309,-17.946915
train,81,69,171.0,157.02467,-13.975327
train,81,70,170.0,157.24586,-12.754135
train,81,71,169.0,159.05826,-9.941742
train,81,72,168.0,152.30986,-15.69014
train,81,73,167.0,146.18309,-20.81691
train,81,74,166.0,143.60632,-22.393677
train,81,75,165.0,143.2922,-21.707794
train,81,76,164.0,142.85933,-21.14067
train,81,77,163.0,147.33632,-15.663681
train,81,78,162.0,148.32167,-13.678329
train,81,79,161.0,151.6519,-9.348099
train,81,80,160.0,154.80273,-5.1972656
train,81,81,159.0,149.18558,-9.814423
train,81,82,158.0,143.58536,-14.414642
train,81,83,157.0,142.94931,-14.05069
train,81,84,156.0,142.91028,-13.089722
train,81,85,155.0,144.16748,-10.83252
train,81,86,154.0,150.52,-3.4799957
train,81,87,153.0,156.32236,3.3223572
train,81,88,152.0,155.97316,3.9731598
train,81,89,151.0,152.2489,1.2489014
train,81,90,150.0,150.61836,0.6183624
train,81,91,149.0,148.87846,-0.121536255
train,81,92,148.0,147.49327,-0.5067291
train,81,93,147.0,144.27193,-2.7280731
train,81,94,146.0,151.02032,5.0203247
train,81,95,145.0,152.3937,7.3937073
train,81,96,144.0,152.93405,8.9340515
train,81,97,143.0,152.41316,9.413162
train,81,98,142.0,148.59882,6.598816
train,81,99,141.0,144.08797,3.087967
train,81,100,140.0,140.29855,0.29855347
train,81,101,139.0,134.10178,-4.898224
train,81,102,138.0,130.15083,-7.849167
train,81,103,137.0,131.075,-5.925003
train,81,104,136.0,131.89484,-4.1051636
train,81,105,135.0,136.37543,1.3754272
train,81,106,134.0,133.95845,-0.041549683
train,81,107,133.0,128.31523,-4.6847687
train,81,108,132.0,122.67049,-9.329514
train,81,109,131.0,118.955864,-12.044136
train,81,110,130.0,113.88278,-16.117218
train,81,111,129.0,115.05469,-13.9453125
train,81,112,128.0,113.44004,-14.559959
train,81,113,127.0,115.431274,-11.568726
train,81,114,126.0,118.92617,-7.0738297
train,81,115,125.0,113.84559,-11.154411
train,81,116,124.0,112.71218,-11.287819
train,81,117,123.0,110.67363,-12.32637
train,81,118,122.0,111.9355,-10.064499
train,81,119,121.0,110.11294,-10.887062
train,81,120,120.0,114.84103,-5.1589737
train,81,121,119.0,115.267334,-3.732666
train,81,122,118.0,116.38189,-1.6181107
train,81,123,117.0,120.756454,3.7564545
train,81,124,116.0,120.28385,4.2838516
train,81,125,115.0,121.337166,6.337166
train,81,126,114.0,116.93231,2.932312
train,81,127,113.0,112.141075,-0.85892487
train,81,128,112.0,109.45908,-2.5409164
train,81,129,111.0,109.26062,-1.7393799
train,81,130,110.0,107.74251,-2.257492
train,81,131,109.0,104.45622,-4.5437775
train,81,132,108.0,102.103905,-5.8960953
train,81,133,107.0,98.90072,-8.099281
train,81,134,106.0,101.34246,-4.6575394
train,81,135,105.0,107.36375,2.3637466
train,81,136,104.0,107.378235,3.3782349
train,81,137,103.0,111.113304,8.113304
train,81,138,102.0,118.41226,16.412262
train,81,139,101.0,120.1368,19.136803
train,81,140,100.0,121.05555,21.05555
train,81,141,99.0,119.72949,20.729492
train,81,142,98.0,114.408615,16.408615
train,81,143,97.0,103.88608,6.886078
train,81,144,96.0,96.87935,0.87934875
train,81,145,95.0,92.14773,-2.852272
train,81,146,94.0,86.65974,-7.3402634
train,81,147,93.0,87.69954,-5.300461
train,81,148,92.0,87.45902,-4.5409775
train,81,149,91.0,89.00467,-1.9953308
train,81,150,90.0,88.618416,-1.3815842
train,81,151,89.0,90.00351,1.0035095
train,81,152,88.0,87.22091,-0.7790909
train,81,153,87.0,88.97245,1.9724503
train,81,154,86.0,87.70199,1.7019882
train,81,155,85.0,90.48075,5.480751
train,81,156,84.0,93.611916,9.611916
train,81,157,83.0,91.76093,8.760933
train,81,158,82.0,89.85583,7.8558273
train,81,159,81.0,89.02058,8.0205765
train,81,160,80.0,91.79511,11.795113
train,81,161,79.0,95.05795,16.057953
train,81,162,78.0,99.23081,21.230812
train,81,163,77.0,100.744286,23.744286
train,81,164,76.0,100.852615,24.852615
train,81,165,75.0,102.62467,27.624672
train,81,166,74.0,102.095314,28.095314
train,81,167,73.0,101.36047,28.360474
train,81,168,72.0,97.77994,25.779938
train,81,169,71.0,95.726456,24.726456
train,81,170,70.0,91.97018,21.970177
train,81,171,69.0,87.93336,18.933357
train,81,172,68.0,84.699585,16.699585
train,81,173,67.0,84.376854,17.376854
train,81,174,66.0,87.38106,21.381058
train,81,175,65.0,86.616104,21.616104
train,81,176,64.0,85.91326,21.913261
train,81,177,63.0,78.11776,15.11776
train,81,178,62.0,71.82605,9.82605
train,81,179,61.0,64.37396,3.3739624
train,81,180,60.0,62.32361,2.3236084
train,81,181,59.0,60.112053,1.1120529
train,81,182,58.0,58.21443,0.21443176
train,81,183,57.0,57.51639,0.51639175
train,81,184,56.0,59.662876,3.6628761
train,81,185,55.0,60.65383,5.6538315
train,81,186,54.0,59.456818,5.4568176
train,81,187,53.0,57.16435,4.1643486
train,81,188,52.0,57.057636,5.0576363
train,81,189,51.0,56.830704,5.8307037
train,81,190,50.0,54.766117,4.766117
train,81,191,49.0,52.373734,3.3737335
train,81,192,48.0,51.730965,3.7309647
train,81,193,47.0,48.568695,1.5686951
train,81,194,46.0,46.172108,0.1721077
train,81,195,45.0,45.045258,0.04525757
train,81,196,44.0,41.794464,-2.205536
train,81,197,43.0,38.357365,-4.6426353
train,81,198,42.0,35.584465,-6.415535
train,81,199,41.0,35.938637,-5.061363
train,81,200,40.0,37.330826,-2.6691742
train,81,201,39.0,37.736122,-1.2638779
train,81,202,38.0,38.605236,0.60523605
train,81,203,37.0,39.843197,2.8431969
train,81,204,36.0,39.05001,3.0500107
train,81,205,35.0,39.052086,4.052086
train,81,206,34.0,38.58834,4.5883408
train,81,207,33.0,38.19403,5.194031
train,81,208,32.0,38.045216,6.0452156
train,81,209,31.0,38.811306,7.811306
train,81,210,30.0,36.08103,6.081032
train,81,211,29.0,35.37451,6.3745117
train,81,212,28.0,34.85645,6.856449
train,81,213,27.0,33.880024,6.880024
train,81,214,26.0,33.434338,7.4343376
train,81,215,25.0,30.537195,5.537195
train,81,216,24.0,28.655993,4.6559925
train,81,217,23.0,26.341022,3.3410225
train,81,218,22.0,24.963488,2.9634876
train,81,219,21.0,24.605242,3.6052418
train,81,220,20.0,26.454163,6.4541626
train,81,221,19.0,29.324856,10.324856
train,81,222,18.0,27.548079,9.548079
train,81,223,17.0,23.034256,6.034256
train,81,224,16.0,19.622904,3.6229038
train,81,225,15.0,18.30556,3.3055592
train,81,226,14.0,17.80406,3.80406
train,81,227,13.0,13.910823,0.91082287
train,81,228,12.0,15.345361,3.3453608
train,81,229,11.0,17.715094,6.7150936
train,81,230,10.0,22.547876,12.547876
train,81,231,9.0,19.905523,10.905523
train,81,232,8.0,18.57081,10.57081
train,81,233,7.0,19.912487,12.912487
train,81,234,6.0,21.178198,15.178198
train,81,235,5.0,21.7606,16.7606
train,81,236,4.0,16.504671,12.504671
train,81,237,3.0,13.966465,10.966465
train,81,238,2.0,14.192279,12.192279
train,81,239,1.0,14.525697,13.525697
train,81,240,0.0,15.897525,15.897525
train,83,30,263.0,150.96895,-112.03105
train,83,31,262.0,150.14919,-111.850815
train,83,32,261.0,148.80547,-112.194534
train,83,33,260.0,151.14189,-108.85811
train,83,34,259.0,156.32199,-102.67801
train,83,35,258.0,161.76442,-96.23558
train,83,36,257.0,165.10556,-91.89444
train,83,37,256.0,164.21278,-91.78722
train,83,38,255.0,162.4733,-92.5267
train,83,39,254.0,166.60857,-87.39143
train,83,40,253.0,170.48415,-82.515854
train,83,41,252.0,173.95317,-78.04683
train,83,42,251.0,175.4142,-75.5858
train,83,43,250.0,179.23126,-70.76874
train,83,44,249.0,177.619,-71.381
train,83,45,248.0,175.704,-72.296005
train,83,46,247.0,181.14879,-65.85121
train,83,47,246.0,183.21994,-62.78006
train,83,48,245.0,179.15315,-65.84685
train,83,49,244.0,177.1284,-66.8716
train,83,50,243.0,180.34827,-62.651733
train,83,51,242.0,180.8912,-61.108795
train,83,52,241.0,185.50703,-55.492966
train,83,53,240.0,190.13422,-49.865784
train,83,54,239.0,196.70549,-42.29451
train,83,55,238.0,199.16502,-38.834976
train,83,56,237.0,204.76064,-32.239365
train,83,57,236.0,200.2937,-35.7063
train,83,58,235.0,189.4376,-45.562393
train,83,59,234.0,181.1751,-52.824905
train,83,60,233.0,175.15231,-57.847687
train,83,61,232.0,169.9497,-62.050293
train,83,62,231.0,168.42537,-62.57463
train,83,63,230.0,160.0906,-69.90939
train,83,64,229.0,154.51572,-74.48428
train,83,65,228.0,147.00008,-80.99992
train,83,66,227.0,144.02841,-82.97159
train,83,67,226.0,142.31667,-83.683334
train,83,68,225.0,142.06442,-82.93558
train,83,69,224.0,146.00371,-77.99629
train,83,70,223.0,146.48631,-76.51369
train,83,71,222.0,149.64285,-72.35715
train,83,72,221.0,149.61424,-71.38576
train,83,73,220.0,149.13817,-70.86183
train,83,74,219.0,144.70927,-74.290726
train,83,75,218.0,132.25627,-85.74373
train,83,76,217.0,124.0705,-92.9295
train,83,77,216.0,120.294655,-95.705345
train,83,78,215.0,127.47049,-87.52951
train,83,79,214.0,131.4999,-82.50011
train,83,80,213.0,137.10735,-75.892654
train,83,81,212.0,147.62813,-64.37187
train,83,82,211.0,155.20036,-55.799637
train,83,83,210.0,161.81506,-48.184937
train,83,84,209.0,159.32507,-49.674927
train,83,85,208.0,157.6181,-50.381897
train,83,86,207.0,156.76897,-50.231033
train,83,87,206.0,156.1638,-49.836197
train,83,88,205.0,156.89728,-48.102722
train,83,89,204.0,156.25447,-47.74553
train,83,90,203.0,153.3621,-49.637894
train,83,91,202.0,148.91087,-53.089127
train,83,92,201.0,149.67819,-51.321808
train,83,93,200.0,153.5379,-46.462097
train,83,94,199.0,149.17888,-49.82112
train,83,95,198.0,157.28377,-40.716232
train,83,96,197.0,155.65038,-41.349625
train,83,97,196.0,157.48174,-38.518265
train,83,98,195.0,155.74065,-39.259354
train,83,99,194.0,160.04149,-33.95851
train,83,100,193.0,163.94618,-29.053818
train,83,101,192.0,163.21452,-28.785477
train,83,102,191.0,159.68227,-31.317734
train,83,103,190.0,155.20128,-34.79872
train,83,104,189.0,149.30165,-39.69835
train,83,105,188.0,145.23137,-42.76863
train,83,106,187.0,146.82405,-40.17595
train,83,107,186.0,149.42247,-36.57753
train,83,108,185.0,152.62848,-32.37152
train,83,109,184.0,152.33607,-31.663925
train,83,110,183.0,150.05595,-32.944046
train,83,111,182.0,146.58347,-35.416534
train,83,112,181.0,146.5226,-34.4774
train,83,113,180.0,142.40685,-37.593155
train,83,114,179.0,141.0488,-37.951202
train,83,115,178.0,143.6473,-34.352707
train,83,116,177.0,147.57747,-29.422531
train,83,117,176.0,152.33905,-23.66095
train,83,118,175.0,152.5638,-22.436203
train,83,119,174.0,150.23364,-23.766357
train,83,120,173.0,148.499,-24.501007
train,83,121,172.0,151.90065,-20.09935
train,83,122,171.0,147.2298,-23.770203
train,83,123,170.0,141.47949,-28.520508
train,83,124,169.0,140.13007,-28.869934
train,83,125,168.0,141.55962,-26.440384
train,83,126,167.0,142.92342,-24.076584
train,83,127,166.0,142.78107,-23.218933
train,83,128,165.0,148.37813,-16.621872
train,83,129,164.0,153.97328,-10.026718
train,83,130,163.0,157.11171,-5.8882904
train,83,131,162.0,154.4977,-7.502304
train,83,132,161.0,149.65604,-11.343964
train,83,133,160.0,150.58125,-9.418747
train,83,134,159.0,153.1029,-5.8970947
train,83,135,158.0,155.96208,-2.037918
train,83,136,157.0,152.68105,-4.3189545
train,83,137,156.0,149.0033,-6.996704
train,83,138,155.0,147.21097,-7.789032
train,83,139,154.0,147.90518,-6.094818
train,83,140,153.0,147.29918,-5.700821
train,83,141,152.0,145.82777,-6.172226
train,83,142,151.0,145.76299,-5.237015
train,83,143,150.0,144.72775,-5.2722473
train,83,144,149.0,146.87755,-2.1224518
train,83,145,148.0,144.91304,-3.0869598
train,83,146,147.0,132.2146,-14.7854
train,83,147,146.0,121.25297,-24.747032
train,83,148,145.0,110.28037,-34.719627
train,83,149,144.0,101.422386,-42.577614
train,83,150,143.0,94.320595,-48.679405
train,83,151,142.0,87.94607,-54.053932
train,83,152,141.0,83.32078,-57.679222
train,83,153,140.0,92.4369,-47.563103
train,83,154,139.0,105.17939,-33.82061
train,83,155,138.0,115.538475,-22.461525
train,83,156,137.0,130.64159,-6.3584137
train,83,157,136.0,139.38234,3.3823395
train,83,158,135.0,135.95866,0.95866394
train,83,159,134.0,140.561,6.5610046
train,83,160,133.0,135.20845,2.2084503
train,83,161,132.0,130.83704,-1.1629639
train,83,162,131.0,119.33284,-11.66716
train,83,163,130.0,118.43427,-11.565727
train,83,164,129.0,116.94469,-12.055313
train,83,165,128.0,119.232605,-8.767395
train,83,166,127.0,121.42207,-5.5779266
train,83,167,126.0,116.87081,-9.129189
train,83,168,125.0,122.48411,-2.515892
train,83,169,124.0,133.49898,9.498978
train,83,170,123.0,138.5015,15.501495
train,83,171,122.0,141.72618,19.726181
train,83,172,121.0,141.22682,20.226822
train,83,173,120.0,136.19641,16.196411
train,83,174,119.0,120.826836,1.8268356
train,83,175,118.0,108.64448,-9.355522
train,83,176,117.0,96.86798,-20.132019
train,83,177,116.0,81.58747,-34.41253
train,83,178,115.0,75.980446,-39.019554
train,83,179,114.0,75.37215,-38.627853
train,83,180,113.0,80.24705,-32.752953
train,83,181,112.0,92.95304,-19.046959
train,83,182,111.0,102.90738,-8.092621
train,83,183,110.0,106.82067,-3.179329
train,83,184,109.0,103.272514,-5.7274857
train,83,185,108.0,102.322205,-5.6777954
train,83,186,107.0,96.153366,-10.846634
train,83,187,106.0,89.44878,-16.551224
train,83,188,105.0,80.88886,-24.111137
train,83,189,104.0,82.72137,-21.278633
train,83,190,103.0,82.86208,-20.137917
train,83,191,102.0,82.30743,-19.692574
train,83,192,101.0,86.76621,-14.233788
train,83,193,100.0,88.62179,-11.378212
train,83,194,99.0,89.427605,-9.572395
train,83,195,98.0,92.4191,-5.580902
train,83,196,97.0,88.83418,-8.165817
train,83,197,96.0,97.68928,1.6892776
train,83,198,95.0,100.461006,5.461006
train,83,199,94.0,94.41437,0.41436768
train,83,200,93.0,89.16367,-3.8363266
train,83,201,92.0,87.34993,-4.65007
train,83,202,91.0,84.207054,-6.792946
train,83,203,90.0,76.04061,-13.959389
train,83,204,89.0,74.122795,-14.877205
train,83,205,88.0,76.58106,-11.418938
train,83,206,87.0,80.672104,-6.327896
train,83,207,86.0,88.29509,2.2950897
train,83,208,85.0,100.04589,15.045891
train,83,209,84.0,112.23265,28.23265
train,83,210,83.0,115.367195,32.367195
train,83,211,82.0,115.08373,33.083733
train,83,212,81.0,109.59683,28.596832
train,83,213,80.0,99.84667,19.846672
train,83,214,79.0,90.38772,11.387718
train,83,215,78.0,86.095085,8.095085
train,83,216,77.0,86.80642,9.806419
train,83,217,76.0,86.46032,10.4603195
train,83,218,75.0,90.35607,15.356071
train,83,219,74.0,96.84094,22.840942
train,83,220,73.0,99.254814,26.254814
train,83,221,72.0,101.604256,29.604256
train,83,222,71.0,99.72817,28.728172
train,83,223,70.0,103.20348,33.203484
train,83,224,69.0,102.89627,33.89627
train,83,225,68.0,108.610985,40.610985
train,83,226,67.0,113.79919,46.799187
train,83,227,66.0,108.884834,42.884834
train,83,228,65.0,103.90592,38.905922
train,83,229,64.0,101.70496,37.704964
train,83,230,63.0,92.88412,29.884117
train,83,231,62.0,89.32929,27.329292
train,83,232,61.0,83.26525,22.265251
train,83,233,60.0,82.04212,22.042122
train,83,234,59.0,80.6748,21.674797
train,83,235,58.0,81.322334,23.322334
train,83,236,57.0,83.63862,26.638618
train,83,237,56.0,78.27816,22.27816
train,83,238,55.0,74.383934,19.383934
train,83,239,54.0,70.074974,16.074974
train,83,240,53.0,60.376606,7.376606
train,83,241,52.0,48.78727,-3.2127304
train,83,242,51.0,39.703976,-11.296024
train,83,243,50.0,33.615166,-16.384834
train,83,244,49.0,28.713667,-20.286333
train,83,245,48.0,26.46773,-21.53227
train,83,246,47.0,30.044775,-16.955225
train,83,247,46.0,33.108536,-12.891464
train,83,248,45.0,32.55537,-12.44463
train,83,249,44.0,33.97277,-10.027229
train,83,250,43.0,34.265175,-8.734825
train,83,251,42.0,34.05564,-7.944359
train,83,252,41.0,35.28028,-5.719719
train,83,253,40.0,35.317608,-4.682392
train,83,254,39.0,36.353348,-2.6466522
train,83,255,38.0,41.417873,3.4178734
train,83,256,37.0,41.356262,4.356262
train,83,257,36.0,41.28031,5.2803116
train,83,258,35.0,47.0392,12.0392
train,83,259,34.0,50.720955,16.720955
train,83,260,33.0,53.667297,20.667297
train,83,261,32.0,58.629112,26.629112
train,83,262,31.0,61.474426,30.474426
train,83,263,30.0,60.721077,30.721077
train,83,264,29.0,58.213135,29.213135
train,83,265,28.0,54.187855,26.187855
train,83,266,27.0,50.412792,23.412792
train,83,267,26.0,50.543526,24.543526
train,83,268,25.0,50.566193,25.566193
train,83,269,24.0,46.21042,22.210419
train,83,270,23.0,42.046547,19.046547
train,83,271,22.0,39.83631,17.836311
train,83,272,21.0,39.561832,18.561832
train,83,273,20.0,40.356354,20.356354
train,83,274,19.0,40.297752,21.297752
train,83,275,18.0,37.99799,19.99799
train,83,276,17.0,38.44175,21.44175
train,83,277,16.0,36.060204,20.060204
train,83,278,15.0,32.598732,17.598732
train,83,279,14.0,28.519304,14.519304
train,83,280,13.0,22.29053,9.290529
train,83,281,12.0,20.23609,8.23609
train,83,282,11.0,17.390156,6.390156
train,83,283,10.0,18.215185,8.215185
train,83,284,9.0,17.188084,8.188084
train,83,285,8.0,13.922714,5.922714
train,83,286,7.0,12.474532,5.474532
train,83,287,6.0,13.63766,7.63766
train,83,288,5.0,12.635076,7.6350756
train,83,289,4.0,12.320855,8.320855
train,83,290,3.0,11.176794,8.176794
train,83,291,2.0,8.538576,6.538576
train,83,292,1.0,7.1146855,6.1146855
train,83,293,0.0,7.103392,7.103392
train,84,30,237.0,124.83598,-112.16402
train,84,31,236.0,124.00926,-111.99074
train,84,32,235.0,126.947426,-108.052574
train,84,33,234.0,125.64721,-108.35279
train,84,34,233.0,130.1656,-102.8344
train,84,35,232.0,134.69176,-97.30824
train,84,36,231.0,141.45131,-89.54869
train,84,37,230.0,143.58017,-86.41983
train,84,38,229.0,145.44557,-83.55443
train,84,39,228.0,150.06773,-77.93227
train,84,40,227.0,150.96872,-76.03128
train,84,41,226.0,151.52269,-74.47731
train,84,42,225.0,151.6204,-73.37959
train,84,43,224.0,151.26865,-72.73135
train,84,44,223.0,150.5295,-72.470505
train,84,45,222.0,150.62564,-71.37436
train,84,46,221.0,149.78789,-71.21211
train,84,47,220.0,150.13518,-69.86482
train,84,48,219.0,145.38603,-73.61397
train,84,49,218.0,141.39139,-76.60861
train,84,50,217.0,138.945,-78.05499
train,84,51,216.0,132.933,-83.067
train,84,52,215.0,127.6809,-87.3191
train,84,53,214.0,123.4432,-90.5568
train,84,54,213.0,125.15985,-87.84015
train,84,55,212.0,130.30078,-81.69922
train,84,56,211.0,137.66821,-73.33179
train,84,57,210.0,142.11946,-67.88054
train,84,58,209.0,142.21257,-66.78743
train,84,59,208.0,142.15846,-65.84154
train,84,60,207.0,141.81435,-65.18565
train,84,61,206.0,132.33255,-73.66745
train,84,62,205.0,129.11076,-75.88924
train,84,63,204.0,123.71837,-80.28163
train,84,64,203.0,127.212776,-75.787224
train,84,65,202.0,130.55328,-71.44672
train,84,66,201.0,135.50258,-65.49742
train,84,67,200.0,142.67946,-57.32054
train,84,68,199.0,143.7082,-55.291794
train,84,69,198.0,145.76854,-52.23146
train,84,70,197.0,146.61777,-50.382233
train,84,71,196.0,149.6988,-46.301193
train,84,72,195.0,148.33846,-46.661545
train,84,73,194.0,147.23979,-46.76021
train,84,74,193.0,141.93933,-51.06067
train,84,75,192.0,140.74104,-51.258957
train,84,76,191.0,134.6069,-56.393097
train,84,77,190.0,130.75385,-59.246155
train,84,78,189.0,128.46886,-60.531143
train,84,79,188.0,126.906425,-61.093575
train,84,80,187.0,129.16866,-57.831345
train,84,81,186.0,129.61713,-56.382874
train,84,82,185.0,133.1248,-51.8752
train,84,83,184.0,136.81158,-47.188416
train,84,84,183.0,134.30775,-48.692245
train,84,85,182.0,131.95927,-50.040726
train,84,86,181.0,128.39818,-52.60182
train,84,87,180.0,124.727394,-55.272606
train,84,88,179.0,124.00036,-54.99964
train,84,89,178.0,119.4435,-58.556503
train,84,90,177.0,118.80179,-58.19821
train,84,91,176.0,119.42397,-56.576027
train,84,92,175.0,115.92953,-59.070473
train,84,93,174.0,116.21076,-57.789238
train,84,94,173.0,121.80961,-51.19039
train,84,95,172.0,118.14621,-53.85379
train,84,96,171.0,116.8786,-54.1214
train,84,97,170.0,116.42553,-53.57447
train,84,98,169.0,111.39616,-57.603844
train,84,99,168.0,110.76217,-57.23783
train,84,100,167.0,112.454185,-54.545815
train,84,101,166.0,114.15481,-51.845192
train,84,102,165.0,113.92965,-51.07035
train,84,103,164.0,113.55067,-50.449333
train,84,104,163.0,111.754944,-51.245056
train,84,105,162.0,111.84455,-50.15545
train,84,106,161.0,111.24641,-49.753593
train,84,107,160.0,110.40603,-49.59397
train,84,108,159.0,109.540596,-49.459404
train,84,109,158.0,108.159386,-49.840614
train,84,110,157.0,110.923546,-46.076454
train,84,111,156.0,108.672905,-47.327095
train,84,112,155.0,107.35635,-47.643646
train,84,113,154.0,105.076454,-48.923546
train,84,114,153.0,105.38294,-47.617058
train,84,115,152.0,106.157364,-45.842636
train,84,116,151.0,101.94334,-49.056664
train,84,117,150.0,105.095,-44.905
train,84,118,149.0,105.23205,-43.767952
train,84,119,148.0,105.60526,-42.394737
train,84,120,147.0,108.33754,-38.66246
train,84,121,146.0,113.94382,-32.056183
train,84,122,145.0,119.06034,-25.93966
train,84,123,144.0,122.930824,-21.069176
train,84,124,143.0,127.11619,-15.883812
train,84,125,142.0,131.2789,-10.7211
train,84,126,141.0,131.12776,-9.872238
train,84,127,140.0,130.43584,-9.564163
train,84,128,139.0,128.24846,-10.751541
train,84,129,138.0,128.26472,-9.735275
train,84,130,137.0,122.77066,-14.22934
train,84,131,136.0,118.98822,-17.01178
train,84,132,135.0,114.75493,-20.245071
train,84,133,134.0,115.455475,-18.544525
train,84,134,133.0,112.57493,-20.425072
train,84,135,132.0,106.61798,-25.382019
train,84,136,131.0,101.15182,-29.848183
train,84,137,130.0,97.948685,-32.051315
train,84,138,129.0,94.45672,-34.54328
train,84,139,128.0,91.98518,-36.014816
train,84,140,127.0,89.71807,-37.28193
train,84,141,126.0,88.49082,-37.50918
train,84,142,125.0,85.94269,-39.057312
train,84,143,124.0,82.60647,-41.39353
train,84,144,123.0,77.538826,-45.461174
train,84,145,122.0,74.25287,-47.74713
train,84,146,121.0,73.69969,-47.30031
train,84,147,120.0,74.16346,-45.83654
train,84,148,119.0,77.47676,-41.52324
train,84,149,118.0,82.89956,-35.10044
train,84,150,117.0,87.876396,-29.123604
train,84,151,116.0,89.977455,-26.022545
train,84,152,115.0,90.19574,-24.80426
train,84,153,114.0,89.62614,-24.373863
train,84,154,113.0,89.6168,-23.383202
train,84,155,112.0,85.29868,-26.701317
train,84,156,111.0,80.2037,-30.796303
train,84,157,110.0,77.7503,-32.249702
train,84,158,109.0,76.662544,-32.337456
train,84,159,108.0,73.75741,-34.24259
train,84,160,107.0,71.00623,-35.993767
train,84,161,106.0,68.89116,-37.10884
train,84,162,105.0,69.96705,-35.03295
train,84,163,104.0,73.24119,-30.758812
train,84,164,103.0,79.55901,-23.440987
train,84,165,102.0,82.25753,-19.74247
train,84,166,101.0,84.41135,-16.588654
train,84,167,100.0,85.18264,-14.81736
train,84,168,99.0,83.45061,-15.549393
train,84,169,98.0,79.85772,-18.14228
train,84,170,97.0,78.073715,-18.926285
train,84,171,96.0,78.209854,-17.790146
train,84,172,95.0,77.41898,-17.581017
train,84,173,94.0,78.58303,-15.416969
train,84,174,93.0,82.138145,-10.861855
train,84,175,92.0,80.89994,-11.1000595
train,84,176,91.0,80.30521,-10.694794
train,84,177,90.0,80.3874,-9.612602
train,84,178,89.0,78.9546,-10.045403
train,84,179,88.0,75.077774,-12.922226
train,84,180,87.0,73.6491,-13.350899
train,84,181,86.0,73.18873,-12.811272
train,84,182,85.0,70.78254,-14.217461
train,84,183,84.0,65.60876,-18.391243
train,84,184,83.0,62.131966,-20.868034
train,84,185,82.0,60.342594,-21.657406
train,84,186,81.0,61.553284,-19.446716
train,84,187,80.0,65.13668,-14.863319
train,84,188,79.0,65.6556,-13.3443985
train,84,189,78.0,65.415855,-12.584145
train,84,190,77.0,63.76895,-13.231049
train,84,191,76.0,63.776222,-12.223778
train,84,192,75.0,65.26135,-9.738647
train,84,193,74.0,67.08212,-6.917877
train,84,194,73.0,65.66198,-7.3380203
train,84,195,72.0,61.523323,-10.476677
train,84,196,71.0,59.224472,-11.775528
train,84,197,70.0,55.86592,-14.134079
train,84,198,69.0,55.699608,-13.300392
train,84,199,68.0,57.634888,-10.365112
train,84,200,67.0,61.796318,-5.203682
train,84,201,66.0,61.784492,-4.2155075
train,84,202,65.0,62.044224,-2.9557762
train,84,203,64.0,60.429474,-3.5705261
train,84,204,63.0,60.869415,-2.1305847
train,84,205,62.0,57.720303,-4.2796974
train,84,206,61.0,56.93254,-4.067459
train,84,207,60.0,54.749428,-5.250572
train,84,208,59.0,48.825493,-10.174507
train,84,209,58.0,45.83034,-12.169659
train,84,210,57.0,46.292435,-10.707565
train,84,211,56.0,46.8973,-9.102699
train,84,212,55.0,49.862312,-5.1376877
train,84,213,54.0,53.534416,-0.4655838
train,84,214,53.0,52.45899,-0.5410118
train,84,215,52.0,50.277565,-1.722435
train,84,216,51.0,50.06791,-0.93209076
train,84,217,50.0,50.993294,0.99329376
train,84,218,49.0,52.017487,3.0174866
train,84,219,48.0,55.551476,7.5514755
train,84,220,47.0,55.614,8.613998
train,84,221,46.0,56.32406,10.324059
train,84,222,45.0,53.03277,8.032768
train,84,223,44.0,47.8403,3.8403015
train,84,224,43.0,45.82808,2.8280792
train,84,225,42.0,44.50328,2.5032806
train,84,226,41.0,43.762657,2.7626572
train,84,227,40.0,41.702152,1.7021523
train,84,228,39.0,39.534554,0.5345535
train,84,229,38.0,38.234592,0.23459244
train,84,230,37.0,37.778458,0.77845764
train,84,231,36.0,33.979416,-2.020584
train,84,232,35.0,32.38872,-2.6112785
train,84,233,34.0,30.95546,-3.0445404
train,84,234,33.0,30.140638,-2.8593616
train,84,235,32.0,29.07097,-2.9290295
train,84,236,31.0,27.545668,-3.4543324
train,84,237,30.0,26.442875,-3.557125
train,84,238,29.0,23.943815,-5.056185
train,84,239,28.0,21.602493,-6.3975067
train,84,240,27.0,20.323092,-6.6769085
train,84,241,26.0,20.00231,-5.99769
train,84,242,25.0,19.49567,-5.5043297
train,84,243,24.0,17.794424,-6.205576
train,84,244,23.0,15.85122,-7.14878
train,84,245,22.0,13.710034,-8.289966
train,84,246,21.0,15.999283,-5.000717
train,84,247,20.0,19.194927,-0.8050728
train,84,248,19.0,20.142773,1.1427727
train,84,249,18.0,21.076078,3.0760784
train,84,250,17.0,18.715803,1.7158031
train,84,251,16.0,16.334023,0.33402252
train,84,252,15.0,14.394093,-0.60590744
train,84,253,14.0,13.717942,-0.28205776
train,84,254,13.0,13.159802,0.15980244
train,84,255,12.0,16.542591,4.542591
train,84,256,11.0,18.266798,7.266798
train,84,257,10.0,15.97545,5.9754496
train,84,258,9.0,13.25344,4.25344
train,84,259,8.0,13.617736,5.617736
train,84,260,7.0,12.484029,5.484029
train,84,261,6.0,10.902768,4.902768
train,84,262,5.0,10.867502,5.867502
train,84,263,4.0,11.044766,7.0447664
train,84,264,3.0,10.797588,7.7975883
train,84,265,2.0,11.447967,9.447967
train,84,266,1.0,10.718246,9.718246
train,84,267,0.0,10.6498995,10.6498995
train,85,30,158.0,145.09903,-12.90097
train,85,31,157.0,148.06511,-8.934891
train,85,32,156.0,148.82349,-7.1765137
train,85,33,155.0,155.11606,0.11605835
train,85,34,154.0,162.60881,8.60881
train,85,35,153.0,168.64731,15.647308
train,85,36,152.0,176.12817,24.128174
train,85,37,151.0,168.33336,17.333359
train,85,38,150.0,161.62053,11.620529
train,85,39,149.0,158.65855,9.658554
train,85,40,148.0,151.27718,3.277176
train,85,41,147.0,148.09033,1.090332
train,85,42,146.0,146.4981,0.49809265
train,85,43,145.0,140.64842,-4.3515778
train,85,44,144.0,138.91573,-5.0842743
train,85,45,143.0,138.35727,-4.6427307
train,85,46,142.0,142.37718,0.377182
train,85,47,141.0,149.37416,8.374161
train,85,48,140.0,151.84572,11.845718
train,85,49,139.0,147.52837,8.528366
train,85,50,138.0,138.49301,0.49301147
train,85,51,137.0,129.16544,-7.834564
train,85,52,136.0,124.447624,-11.552376
train,85,53,135.0,126.37659,-8.623413
train,85,54,134.0,126.70339,-7.296608
train,85,55,133.0,123.94112,-9.058884
train,85,56,132.0,122.26085,-9.739151
train,85,57,131.0,116.88973,-14.110268
train,85,58,130.0,116.34132,-13.658684
train,85,59,129.0,119.751595,-9.248405
train,85,60,128.0,129.4933,1.4933014
train,85,61,127.0,136.3293,9.3293
train,85,62,126.0,142.10666,16.106659
train,85,63,125.0,147.09538,22.095383
train,85,64,124.0,145.95909,21.959091
train,85,65,123.0,139.75632,16.756317
train,85,66,122.0,136.8459,14.8459015
train,85,67,121.0,136.58429,15.58429
train,85,68,120.0,142.8615,22.861496
train,85,69,119.0,139.29378,20.293777
train,85,70,118.0,134.07628,16.076279
train,85,71,117.0,129.27019,12.270187
train,85,72,116.0,129.10887,13.108871
train,85,73,115.0,126.93754,11.937538
train,85,74,114.0,126.19584,12.195839
train,85,75,113.0,124.46764,11.467644
train,85,76,112.0,117.20541,5.205406
train,85,77,111.0,109.673065,-1.3269348
train,85,78,110.0,100.45338,-9.546623
train,85,79,109.0,92.64159,-16.358414
train,85,80,108.0,86.59319,-21.406807
train,85,81,107.0,84.632515,-22.367485
train,85,82,106.0,91.67298,-14.327019
train,85,83,105.0,93.480095,-11.519905
train,85,84,104.0,83.0483,-20.951698
train,85,85,103.0,86.94366,-16.056343
train,85,86,102.0,87.6592,-14.340797
train,85,87,101.0,85.69733,-15.302673
train,85,88,100.0,88.69911,-11.300888
train,85,89,99.0,89.54162,-9.458382
train,85,90,98.0,93.188324,-4.811676
train,85,91,97.0,103.19059,6.19059
train,85,92,96.0,109.22999,13.229988
train,85,93,95.0,111.59403,16.594032
train,85,94,94.0,118.924385,24.924385
train,85,95,93.0,119.74163,26.74163
train,85,96,92.0,124.5489,32.548897
train,85,97,91.0,124.528435,33.528435
train,85,98,90.0,122.49025,32.49025
train,85,99,89.0,116.54543,27.545433
train,85,100,88.0,117.26548,29.26548
train,85,101,87.0,119.20797,32.20797
train,85,102,86.0,118.159584,32.159584
train,85,103,85.0,113.162125,28.162125
train,85,104,84.0,111.20258,27.202583
train,85,105,83.0,105.04966,22.04966
train,85,106,82.0,103.73002,21.730019
train,85,107,81.0,101.28865,20.28865
train,85,108,80.0,101.30128,21.301277
train,85,109,79.0,105.50699,26.506989
train,85,110,78.0,108.6926,30.692596
train,85,111,77.0,110.07661,33.076607
train,85,112,76.0,104.62522,28.625221
train,85,113,75.0,96.682106,21.682106
train,85,114,74.0,93.714424,19.714424
train,85,115,73.0,93.26939,20.269386
train,85,116,72.0,90.35561,18.355614
train,85,117,71.0,85.14654,14.146538
train,85,118,70.0,87.537926,17.537926
train,85,119,69.0,87.099754,18.099754
train,85,120,68.0,88.17395,20.17395
train,85,121,67.0,87.00731,20.007309
train,85,122,66.0,86.19037,20.190369
train,85,123,65.0,84.29461,19.29461
train,85,124,64.0,83.82079,19.820793
train,85,125,63.0,81.71575,18.715752
train,85,126,62.0,77.46199,15.46199
train,85,127,61.0,73.495705,12.495705
train,85,128,60.0,73.844154,13.844154
train,85,129,59.0,73.09406,14.094063
train,85,130,58.0,72.79184,14.79184
train,85,131,57.0,68.18784,11.187843
train,85,132,56.0,67.288666,11.288666
train,85,133,55.0,63.972343,8.972343
train,85,134,54.0,60.08624,6.086239
train,85,135,53.0,59.26851,6.268509
train,85,136,52.0,56.960228,4.960228
train,85,137,51.0,58.605747,7.605747
train,85,138,50.0,58.502754,8.502754
train,85,139,49.0,62.908043,13.908043
train,85,140,48.0,66.13037,18.130371
train,85,141,47.0,65.233696,18.233696
train,85,142,46.0,64.737755,18.737755
train,85,143,45.0,60.838062,15.838062
train,85,144,44.0,57.56309,13.563091
train,85,145,43.0,55.4945,12.494499
train,85,146,42.0,53.51612,11.516121
train,85,147,41.0,54.727177,13.727177
train,85,148,40.0,54.728386,14.728386
train,85,149,39.0,52.146408,13.146408
train,85,150,38.0,46.265762,8.265762
train,85,151,37.0,41.322357,4.322357
train,85,152,36.0,36.802616,0.8026161
train,85,153,35.0,35.11685,0.11685181
train,85,154,34.0,33.415672,-0.5843277
train,85,155,33.0,30.379713,-2.620287
train,85,156,32.0,27.437767,-4.562233
train,85,157,31.0,26.679289,-4.320711
train,85,158,30.0,29.070642,-0.9293575
train,85,159,29.0,31.403505,2.4035053
train,85,160,28.0,29.228186,1.2281857
train,85,161,27.0,26.101261,-0.89873886
train,85,162,26.0,21.446562,-4.553438
train,85,163,25.0,20.742224,-4.2577763
train,85,164,24.0,20.754244,-3.2457561
train,85,165,23.0,22.222242,-0.77775764
train,85,166,22.0,21.463667,-0.5363331
train,85,167,21.0,24.299353,3.2993526
train,85,168,20.0,25.449312,5.449312
train,85,169,19.0,23.060492,4.0604916
train,85,170,18.0,21.069603,3.069603
train,85,171,17.0,21.346598,4.3465977
train,85,172,16.0,23.139711,7.1397114
train,85,173,15.0,23.017666,8.017666
train,85,174,14.0,22.150763,8.150763
train,85,175,13.0,21.580786,8.580786
train,85,176,12.0,17.185516,5.1855164
train,85,177,11.0,16.394178,5.3941784
train,85,178,10.0,13.51323,3.5132303
train,85,179,9.0,10.564429,1.5644293
train,85,180,8.0,10.1949835,2.1949835
train,85,181,7.0,10.201455,3.201455
train,85,182,6.0,10.965963,4.9659634
train,85,183,5.0,9.542163,4.542163
train,85,184,4.0,8.52879,4.5287905
train,85,185,3.0,7.015431,4.015431
train,85,186,2.0,6.08929,4.08929
train,85,187,1.0,5.1484604,4.1484604
train,85,188,0.0,2.5492685,2.5492685
train,86,30,248.0,149.39421,-98.60579
train,86,31,247.0,148.98582,-98.014175
train,86,32,246.0,155.09416,-90.90584
train,86,33,245.0,154.57994,-90.42006
train,86,34,244.0,159.40376,-84.59624
train,86,35,243.0,161.58006,-81.41994
train,86,36,242.0,164.4245,-77.5755
train,86,37,241.0,169.47041,-71.52959
train,86,38,240.0,176.5996,-63.400406
train,86,39,239.0,174.86952,-64.13048
train,86,40,238.0,172.26555,-65.73445
train,86,41,237.0,168.16142,-68.83858
train,86,42,236.0,167.0232,-68.97681
train,86,43,235.0,163.17697,-71.82303
train,86,44,234.0,161.51189,-72.48811
train,86,45,233.0,160.62624,-72.373764
train,86,46,232.0,157.61351,-74.38649
train,86,47,231.0,156.50061,-74.49939
train,86,48,230.0,158.05365,-71.94635
train,86,49,229.0,161.61473,-67.38527
train,86,50,228.0,164.19862,-63.801376
train,86,51,227.0,163.34717,-63.652832
train,86,52,226.0,160.54546,-65.454544
train,86,53,225.0,155.38222,-69.61778
train,86,54,224.0,149.27242,-74.727585
train,86,55,223.0,145.20284,-77.797165
train,86,56,222.0,138.89182,-83.108185
train,86,57,221.0,134.74138,-86.25862
train,86,58,220.0,135.04991,-84.95009
train,86,59,219.0,134.9795,-84.02049
train,86,60,218.0,134.16206,-83.83794
train,86,61,217.0,138.7296,-78.2704
train,86,62,216.0,143.10501,-72.89499
train,86,63,215.0,147.78645,-67.21355
train,86,64,214.0,154.48933,-59.510666
train,86,65,213.0,160.12898,-52.871017
train,86,66,212.0,152.41675,-59.583252
train,86,67,211.0,148.65834,-62.34166
train,86,68,210.0,143.07222,-66.92778
train,86,69,209.0,136.3833,-72.6167
train,86,70,208.0,134.56017,-73.439835
train,86,71,207.0,125.186,-81.814
train,86,72,206.0,121.78769,-84.21231
train,86,73,205.0,122.51098,-82.48902
train,86,74,204.0,123.00094,-80.99906
train,86,75,203.0,121.32102,-81.67898
train,86,76,202.0,124.54583,-77.45417
train,86,77,201.0,130.48508,-70.51492
train,86,78,200.0,133.85039,-66.14961
train,86,79,199.0,141.12611,-57.873886
train,86,80,198.0,138.36403,-59.63597
train,86,81,197.0,143.0697,-53.930298
train,86,82,196.0,143.45998,-52.540024
train,86,83,195.0,139.13617,-55.86383
train,86,84,194.0,142.49712,-51.502884
train,86,85,193.0,143.3646,-49.635406
train,86,86,192.0,151.16081,-40.839188
train,86,87,191.0,150.6833,-40.316696
train,86,88,190.0,145.98863,-44.011368
train,86,89,189.0,144.8092,-44.190796
train,86,90,188.0,142.2244,-45.775604
train,86,91,187.0,141.19643,-45.803574
train,86,92,186.0,138.79263,-47.207367
train,86,93,185.0,139.53093,-45.46907
train,86,94,184.0,140.55139,-43.44861
train,86,95,183.0,143.93034,-39.069656
train,86,96,182.0,146.81596,-35.184036
train,86,97,181.0,147.27036,-33.729645
train,86,98,180.0,146.05087,-33.949127
train,86,99,179.0,146.01889,-32.98111
train,86,100,178.0,147.42421,-30.57579
train,86,101,177.0,143.72469,-33.275314
train,86,102,176.0,142.59567,-33.404327
train,86,103,175.0,144.46594,-30.534058
train,86,104,174.0,141.71164,-32.28836
train,86,105,173.0,141.1957,-31.804306
train,86,106,172.0,144.10982,-27.890182
train,86,107,171.0,146.4156,-24.584396
train,86,108,170.0,148.52324,-21.47676
train,86,109,169.0,149.5927,-19.407303
train,86,110,168.0,149.92686,-18.073135
train,86,111,167.0,152.91533,-14.084671
train,86,112,166.0,153.48546,-12.514542
train,86,113,165.0,153.73033,-11.269669
train,86,114,164.0,155.78116,-8.218842
train,86,115,163.0,156.41371,-6.5862885
train,86,116,162.0,154.08266,-7.917343
train,86,117,161.0,145.64592,-15.35408
train,86,118,160.0,137.19356,-22.806442
train,86,119,159.0,130.74149,-28.258514
train,86,120,158.0,127.10115,-30.89885
train,86,121,157.0,119.54261,-37.45739
train,86,122,156.0,116.52906,-39.47094
train,86,123,155.0,118.5344,-36.4656
train,86,124,154.0,119.16621,-34.833794
train,86,125,153.0,118.68807,-34.311928
train,86,126,152.0,119.51592,-32.484077
train,86,127,151.0,117.26146,-33.73854
train,86,128,150.0,121.44589,-28.554108
train,86,129,149.0,123.209694,-25.790306
train,86,130,148.0,122.73972,-25.260277
train,86,131,147.0,123.7479,-23.252098
train,86,132,146.0,130.77278,-15.227219
train,86,133,145.0,140.02847,-4.971527
train,86,134,144.0,141.71794,-2.2820587
train,86,135,143.0,144.76558,1.7655792
train,86,136,142.0,149.6598,7.6598053
train,86,137,141.0,153.08345,12.08345
train,86,138,140.0,149.34059,9.340591
train,86,139,139.0,147.3185,8.318497
train,86,140,138.0,144.66418,6.6641846
train,86,141,137.0,142.20442,5.204422
train,86,142,136.0,139.37727,3.3772736
train,86,143,135.0,137.01378,2.0137787
train,86,144,134.0,132.73836,-1.2616425
train,86,145,133.0,126.90751,-6.092491
train,86,146,132.0,121.204475,-10.795525
train,86,147,131.0,118.25439,-12.745613
train,86,148,130.0,114.64126,-15.358742
train,86,149,129.0,110.88241,-18.117592
train,86,150,128.0,106.14247,-21.857529
train,86,151,127.0,104.15081,-22.84919
train,86,152,126.0,101.657295,-24.342705
train,86,153,125.0,98.491646,-26.508354
train,86,154,124.0,100.46986,-23.530144
train,86,155,123.0,103.729774,-19.270226
train,86,156,122.0,108.34093,-13.659073
train,86,157,121.0,114.00497,-6.9950333
train,86,158,120.0,121.68885,1.6888504
train,86,159,119.0,128.31393,9.313934
train,86,160,118.0,129.25192,11.251923
train,86,161,117.0,129.38231,12.382309
train,86,162,116.0,131.6088,15.608795
train,86,163,115.0,138.35985,23.359848
train,86,164,114.0,141.25056,27.250565
train,86,165,113.0,142.1742,29.174194
train,86,166,112.0,143.82864,31.828644
train,86,167,111.0,140.72652,29.726517
train,86,168,110.0,134.29524,24.295242
train,86,169,109.0,132.43437,23.434372
train,86,170,108.0,127.376335,19.376335
train,86,171,107.0,125.412735,18.412735
train,86,172,106.0,117.03335,11.033348
train,86,173,105.0,112.42626,7.426262
train,86,174,104.0,112.30719,8.30719
train,86,175,103.0,110.13966,7.1396637
train,86,176,102.0,104.300476,2.300476
train,86,177,101.0,100.42802,-0.57198334
train,86,178,100.0,95.52793,-4.472069
train,86,179,99.0,88.367165,-10.632835
train,86,180,98.0,82.46691,-15.533089
train,86,181,97.0,81.49719,-15.502808
train,86,182,96.0,79.80562,-16.194382
train,86,183,95.0,74.883095,-20.116905
train,86,184,94.0,74.96338,-19.036621
train,86,185,93.0,72.65246,-20.347542
train,86,186,92.0,68.92452,-23.075478
train,86,187,91.0,68.233894,-22.766106
train,86,188,90.0,66.89022,-23.10978
train,86,189,89.0,67.80784,-21.192162
train,86,190,88.0,66.694626,-21.305374
train,86,191,87.0,66.349144,-20.650856
train,86,192,86.0,63.991623,-22.008377
train,86,193,85.0,65.872025,-19.127975
train,86,194,84.0,66.141106,-17.858894
train,86,195,83.0,67.66853,-15.331467
train,86,196,82.0,70.123085,-11.876915
train,86,197,81.0,73.867134,-7.132866
train,86,198,80.0,75.48989,-4.510109
train,86,199,79.0,78.95904,-0.04096222
train,86,200,78.0,78.946754,0.94675446
train,86,201,77.0,78.476585,1.4765854
train,86,202,76.0,80.7165,4.7164993
train,86,203,75.0,83.10389,8.103889
train,86,204,74.0,85.35537,11.35537
train,86,205,73.0,82.73346,9.733459
train,86,206,72.0,82.537384,10.537384
train,86,207,71.0,79.93227,8.932266
train,86,208,70.0,79.11199,9.111992
train,86,209,69.0,78.47625,9.47625
train,86,210,68.0,77.95102,9.951019
train,86,211,67.0,77.18617,10.1861725
train,86,212,66.0,77.95363,11.953629
train,86,213,65.0,77.49374,12.493736
train,86,214,64.0,76.160576,12.160576
train,86,215,63.0,72.85642,9.856422
train,86,216,62.0,67.56428,5.5642776
train,86,217,61.0,62.314705,1.3147049
train,86,218,60.0,57.611343,-2.3886566
train,86,219,59.0,56.62847,-2.3715286
train,86,220,58.0,53.99527,-4.00473
train,86,221,57.0,54.611694,-2.3883057
train,86,222,56.0,51.98088,-4.0191193
train,86,223,55.0,49.918617,-5.0813828
train,86,224,54.0,45.240566,-8.759434
train,86,225,53.0,44.82356,-8.176441
train,86,226,52.0,44.475292,-7.524708
train,86,227,51.0,45.320606,-5.679394
train,86,228,50.0,48.563564,-1.4364357
train,86,229,49.0,50.432495,1.4324951
train,86,230,48.0,49.14546,1.1454582
train,86,231,47.0,47.610577,0.6105766
train,86,232,46.0,46.18023,0.18022919
train,86,233,45.0,44.597584,-0.40241623
train,86,234,44.0,46.184696,2.1846962
train,86,235,43.0,49.701874,6.701874
train,86,236,42.0,48.349953,6.3499527
train,86,237,41.0,45.19518,4.195179
train,86,238,40.0,42.16852,2.168522
train,86,239,39.0,41.513832,2.513832
train,86,240,38.0,38.91719,0.91719055
train,86,241,37.0,39.909172,2.909172
train,86,242,36.0,39.78628,3.7862816
train,86,243,35.0,36.980965,1.9809647
train,86,244,34.0,34.3784,0.3783989
train,86,245,33.0,32.844425,-0.1555748
train,86,246,32.0,31.070803,-0.9291973
train,86,247,31.0,28.960205,-2.039795
train,86,248,30.0,25.236746,-4.763254
train,86,249,29.0,19.857626,-9.142374
train,86,250,28.0,17.808569,-10.191431
train,86,251,27.0,15.54181,-11.45819
train,86,252,26.0,15.94973,-10.05027
train,86,253,25.0,16.927282,-8.072718
train,86,254,24.0,17.607615,-6.3923855
train,86,255,23.0,18.086191,-4.913809
train,86,256,22.0,15.759883,-6.240117
train,86,257,21.0,13.561587,-7.4384127
train,86,258,20.0,10.263474,-9.736526
train,86,259,19.0,9.21165,-9.78835
train,86,260,18.0,11.302577,-6.697423
train,86,261,17.0,13.150624,-3.8493757
train,86,262,16.0,14.968976,-1.031024
train,86,263,15.0,12.396555,-2.603445
train,86,264,14.0,9.233864,-4.766136
train,86,265,13.0,8.169194,-4.830806
train,86,266,12.0,10.416543,-1.583457
train,86,267,11.0,9.150929,-1.8490705
train,86,268,10.0,8.672632,-1.3273678
train,86,269,9.0,8.180974,-0.819026
train,86,270,8.0,7.8324075,-0.16759253
train,86,271,7.0,9.9490595,2.9490595
train,86,272,6.0,11.433975,5.433975
train,86,273,5.0,10.25101,5.25101
train,86,274,4.0,8.843843,4.8438435
train,86,275,3.0,9.208214,6.208214
train,86,276,2.0,7.4900694,5.4900694
train,86,277,1.0,5.81009,4.81009
train,86,278,0.0,5.946701,5.946701
train,87,30,148.0,111.36745,-36.632553
train,87,31,147.0,110.08895,-36.91105
train,87,32,146.0,116.39759,-29.60241
train,87,33,145.0,121.98377,-23.016228
train,87,34,144.0,123.39597,-20.604027
train,87,35,143.0,127.285835,-15.714165
train,87,36,142.0,130.75798,-11.24202
train,87,37,141.0,137.43018,-3.5698242
train,87,38,140.0,144.33408,4.334076
train,87,39,139.0,150.23503,11.235031
train,87,40,138.0,154.25972,16.25972
train,87,41,137.0,158.02534,21.025345
train,87,42,136.0,163.88321,27.88321
train,87,43,135.0,159.9046,24.904602
train,87,44,134.0,153.5637,19.563705
train,87,45,133.0,146.1657,13.165695
train,87,46,132.0,140.4065,8.406494
train,87,47,131.0,138.61818,7.6181793
train,87,48,130.0,133.90636,3.9063568
train,87,49,129.0,132.7238,3.7238007
train,87,50,128.0,131.19246,3.192459
train,87,51,127.0,128.93352,1.9335175
train,87,52,126.0,124.21955,-1.7804489
train,87,53,125.0,122.81976,-2.1802368
train,87,54,124.0,119.519516,-4.480484
train,87,55,123.0,122.9716,-0.028396606
train,87,56,122.0,127.66377,5.6637726
train,87,57,121.0,121.60702,0.6070175
train,87,58,120.0,115.997986,-4.002014
train,87,59,119.0,108.102005,-10.897995
train,87,60,118.0,104.015686,-13.984314
train,87,61,117.0,102.1843,-14.815697
train,87,62,116.0,99.49596,-16.504044
train,87,63,115.0,96.343056,-18.656944
train,87,64,114.0,94.07815,-19.921852
train,87,65,113.0,96.6852,-16.314796
train,87,66,112.0,98.7672,-13.232803
train,87,67,111.0,92.371315,-18.628685
train,87,68,110.0,91.41703,-18.58297
train,87,69,109.0,93.88031,-15.11969
train,87,70,108.0,98.4324,-9.567596
train,87,71,107.0,101.97576,-5.0242386
train,87,72,106.0,107.330215,1.3302155
train,87,73,105.0,112.57084,7.570839
train,87,74,104.0,119.72458,15.724579
train,87,75,103.0,129.67287,26.672867
train,87,76,102.0,132.9532,30.953201
train,87,77,101.0,137.91522,36.915222
train,87,78,100.0,141.63252,41.632523
train,87,79,99.0,137.58609,38.58609
train,87,80,98.0,131.99345,33.993454
train,87,81,97.0,131.01338,34.013382
train,87,82,96.0,133.08281,37.08281
train,87,83,95.0,129.75655,34.756546
train,87,84,94.0,127.58556,33.585564
train,87,85,93.0,118.623665,25.623665
train,87,86,92.0,116.31626,24.316261
train,87,87,91.0,113.654625,22.654625
train,87,88,90.0,112.469505,22.469505
train,87,89,89.0,110.84774,21.84774
train,87,90,88.0,109.856544,21.856544
train,87,91,87.0,106.02723,19.02723
train,87,92,86.0,101.539604,15.539604
train,87,93,85.0,101.79185,16.791847
train,87,94,84.0,96.31444,12.314438
train,87,95,83.0,95.915245,12.915245
train,87,96,82.0,96.424835,14.424835
train,87,97,81.0,95.74377,14.743767
train,87,98,80.0,95.249435,15.249435
train,87,99,79.0,96.65131,17.651314
train,87,100,78.0,96.12058,18.120583
train,87,101,77.0,97.469826,20.469826
train,87,102,76.0,105.60116,29.601158
train,87,103,75.0,107.51403,32.51403
train,87,104,74.0,110.23208,36.23208
train,87,105,73.0,110.606255,37.606255
train,87,106,72.0,109.02814,37.028137
train,87,107,71.0,106.33582,35.335823
train,87,108,70.0,105.40685,35.406853
train,87,109,69.0,102.07642,33.076424
train,87,110,68.0,99.69813,31.698128
train,87,111,67.0,93.74649,26.74649
train,87,112,66.0,91.13595,25.135948
train,87,113,65.0,86.99767,21.997673
train,87,114,64.0,81.0168,17.0168
train,87,115,63.0,80.14323,17.143227
train,87,116,62.0,81.08431,19.084312
train,87,117,61.0,81.47339,20.473389
train,87,118,60.0,80.87298,20.872978
train,87,119,59.0,82.20918,23.209183
train,87,120,58.0,82.69252,24.69252
train,87,121,57.0,83.22169,26.221687
train,87,122,56.0,81.4511,25.451103
train,87,123,55.0,80.28089,25.280891
train,87,124,54.0,77.16949,23.169487
train,87,125,53.0,75.99501,22.99501
train,87,126,52.0,75.00874,23.008743
train,87,127,51.0,74.251335,23.251335
train,87,128,50.0,73.48505,23.485046
train,87,129,49.0,68.51003,19.510033
train,87,130,48.0,68.49816,20.498161
train,87,131,47.0,69.19973,22.19973
train,87,132,46.0,70.22047,24.220467
train,87,133,45.0,68.819664,23.819664
train,87,134,44.0,68.490395,24.490395
train,87,135,43.0,69.67328,26.673279
train,87,136,42.0,68.27807,26.278069
train,87,137,41.0,64.74281,23.742813
train,87,138,40.0,65.176,25.176003
train,87,139,39.0,63.43945,24.43945
train,87,140,38.0,64.81046,26.810463
train,87,141,37.0,63.10938,26.109379
train,87,142,36.0,60.64666,24.64666
train,87,143,35.0,59.07631,24.07631
train,87,144,34.0,57.379814,23.379814
train,87,145,33.0,57.273945,24.273945
train,87,146,32.0,54.653244,22.653244
train,87,147,31.0,51.162827,20.162827
train,87,148,30.0,47.12808,17.128078
train,87,149,29.0,42.824432,13.824432
train,87,150,28.0,39.88784,11.88784
train,87,151,27.0,38.93318,11.933182
train,87,152,26.0,36.664047,10.664047
train,87,153,25.0,33.134907,8.134907
train,87,154,24.0,28.963047,4.963047
train,87,155,23.0,25.51578,2.5157795
train,87,156,22.0,20.281668,-1.7183323
train,87,157,21.0,18.362764,-2.6372356
train,87,158,20.0,15.559098,-4.4409018
train,87,159,19.0,13.025881,-5.974119
train,87,160,18.0,10.960065,-7.039935
train,87,161,17.0,8.801379,-8.198621
train,87,162,16.0,7.9187355,-8.0812645
train,87,163,15.0,7.0711675,-7.9288325
train,87,164,14.0,8.004804,-5.9951963
train,87,165,13.0,8.188161,-4.811839
train,87,166,12.0,7.5926175,-4.4073825
train,87,167,11.0,8.112922,-2.8870783
train,87,168,10.0,7.7612357,-2.2387643
train,87,169,9.0,7.700798,-1.299202
train,87,170,8.0,5.8377357,-2.1622643
train,87,171,7.0,3.2097304,-3.7902696
train,87,172,6.0,2.9115849,-3.0884151
train,87,173,5.0,2.388852,-2.611148
train,87,174,4.0,1.9883198,-2.0116801
train,87,175,3.0,2.3870263,-0.6129737
train,87,176,2.0,1.9980053,-0.001994729
train,87,177,1.0,1.6696348,0.6696348
train,87,178,0.0,-0.41962516,-0.41962516
train,88,30,183.0,136.7144,-46.2856
train,88,31,182.0,143.90593,-38.09407
train,88,32,181.0,147.31912,-33.680878
train,88,33,180.0,147.96294,-32.037064
train,88,34,179.0,156.58296,-22.417038
train,88,35,178.0,164.35463,-13.6453705
train,88,36,177.0,167.86992,-9.130081
train,88,37,176.0,169.89699,-6.103012
train,88,38,175.0,170.75601,-4.243988
train,88,39,174.0,163.19075,-10.80925
train,88,40,173.0,151.55983,-21.44017
train,88,41,172.0,142.8344,-29.165604
train,88,42,171.0,138.49852,-32.50148
train,88,43,170.0,142.00145,-27.99855
train,88,44,169.0,140.10129,-28.898712
train,88,45,168.0,140.17747,-27.822525
train,88,46,167.0,134.14955,-32.85045
train,88,47,166.0,126.71565,-39.284348
train,88,48,165.0,131.28154,-33.71846
train,88,49,164.0,124.17684,-39.82316
train,88,50,163.0,116.98867,-46.01133
train,88,51,162.0,115.85716,-46.142838
train,88,52,161.0,111.45185,-49.54815
train,88,53,160.0,113.74229,-46.257713
train,88,54,159.0,115.863045,-43.136955
train,88,55,158.0,113.67018,-44.32982
train,88,56,157.0,107.89778,-49.10222
train,88,57,156.0,103.731895,-52.268105
train,88,58,155.0,98.74705,-56.252953
train,88,59,154.0,100.96702,-53.03298
train,88,60,153.0,107.187386,-45.812614
train,88,61,152.0,107.0837,-44.916298
train,88,62,151.0,108.813934,-42.186066
train,88,63,150.0,114.68142,-35.31858
train,88,64,149.0,125.68744,-23.312561
train,88,65,148.0,131.97905,-16.02095
train,88,66,147.0,130.67017,-16.329834
train,88,67,146.0,125.849525,-20.150475
train,88,68,145.0,125.052376,-19.947624
train,88,69,144.0,123.73991,-20.260094
train,88,70,143.0,120.448906,-22.551094
train,88,71,142.0,119.67853,-22.321472
train,88,72,141.0,114.19935,-26.800652
train,88,73,140.0,114.855804,-25.144196
train,88,74,139.0,116.74801,-22.251991
train,88,75,138.0,119.397316,-18.602684
train,88,76,137.0,112.88188,-24.118118
train,88,77,136.0,116.00033,-19.999672
train,88,78,135.0,120.7115,-14.288498
train,88,79,134.0,126.02892,-7.971077
train,88,80,133.0,137.18268,4.182678
train,88,81,132.0,141.97597,9.975967
train,88,82,131.0,151.46272,20.462723
train,88,83,130.0,151.71828,21.718277
train,88,84,129.0,151.48296,22.482956
train,88,85,128.0,145.00345,17.003448
train,88,86,127.0,136.90724,9.907242
train,88,87,126.0,130.15375,4.1537476
train,88,88,125.0,126.68557,1.6855698
train,88,89,124.0,130.05867,6.05867
train,88,90,123.0,132.76295,9.762955
train,88,91,122.0,138.06085,16.060852
train,88,92,121.0,142.99016,21.990158
train,88,93,120.0,144.80675,24.806747
train,88,94,119.0,140.24733,21.24733
train,88,95,118.0,134.46178,16.461777
train,88,96,117.0,131.80577,14.805771
train,88,97,116.0,123.607414,7.6074142
train,88,98,115.0,109.27238,-5.727623
train,88,99,114.0,100.69572,-13.304283
train,88,100,113.0,92.98626,-20.01374
train,88,101,112.0,87.79107,-24.208931
train,88,102,111.0,84.64309,-26.35691
train,88,103,110.0,89.55976,-20.440239
train,88,104,109.0,87.627144,-21.372856
train,88,105,108.0,86.34493,-21.655067
train,88,106,107.0,84.09111,-22.90889
train,88,107,106.0,87.48527,-18.514732
train,88,108,105.0,88.30543,-16.694572
train,88,109,104.0,86.37738,-17.62262
train,88,110,103.0,83.002686,-19.997314
train,88,111,102.0,81.574005,-20.425995
train,88,112,101.0,75.80225,-25.197746
train,88,113,100.0,70.74151,-29.258492
train,88,114,99.0,69.415855,-29.584145
train,88,115,98.0,71.32548,-26.674522
train,88,116,97.0,69.64318,-27.35682
train,88,117,96.0,71.44971,-24.550293
train,88,118,95.0,74.96133,-20.038673
train,88,119,94.0,79.79801,-14.201988
train,88,120,93.0,82.05157,-10.948433
train,88,121,92.0,83.33453,-8.665466
train,88,122,91.0,78.46929,-12.530708
train,88,123,90.0,70.23556,-19.764442
train,88,124,89.0,62.67041,-26.32959
train,88,125,88.0,60.017418,-27.982582
train,88,126,87.0,60.403522,-26.596478
train,88,127,86.0,62.17809,-23.82191
train,88,128,85.0,66.50422,-18.49578
train,88,129,84.0,68.98091,-15.019089
train,88,130,83.0,71.51963,-11.48037
train,88,131,82.0,74.87757,-7.122429
train,88,132,81.0,85.38294,4.382942
train,88,133,80.0,91.13651,11.136513
train,88,134,79.0,94.73478,15.734779
train,88,135,78.0,95.89504,17.895042
train,88,136,77.0,100.285065,23.285065
train,88,137,76.0,96.601555,20.601555
train,88,138,75.0,88.667175,13.667175
train,88,139,74.0,82.76612,8.766121
train,88,140,73.0,78.177666,5.1776657
train,88,141,72.0,73.845764,1.8457642
train,88,142,71.0,68.30599,-2.6940079
train,88,143,70.0,71.746895,1.7468948
train,88,144,69.0,78.64443,9.644432
train,88,145,68.0,85.324135,17.324135
train,88,146,67.0,86.09443,19.094429
train,88,147,66.0,84.3254,18.325401
train,88,148,65.0,84.411476,19.411476
train,88,149,64.0,81.25921,17.259209
train,88,150,63.0,73.93759,10.937592
train,88,151,62.0,66.313484,4.313484
train,88,152,61.0,66.26792,5.2679214
train,88,153,60.0,62.476963,2.476963
train,88,154,59.0,62.598415,3.5984154
train,88,155,58.0,63.424084,5.4240837
train,88,156,57.0,64.38257,7.3825684
train,88,157,56.0,63.199463,7.199463
train,88,158,55.0,59.818962,4.818962
train,88,159,54.0,59.670815,5.6708145
train,88,160,53.0,61.117596,8.117596
train,88,161,52.0,65.642715,13.642715
train,88,162,51.0,70.73327,19.733269
train,88,163,50.0,65.484,15.484001
train,88,164,49.0,61.308548,12.308548
train,88,165,48.0,55.25556,7.255562
train,88,166,47.0,50.90425,3.904251
train,88,167,46.0,46.582367,0.58236694
train,88,168,45.0,41.582348,-3.4176521
train,88,169,44.0,40.03587,-3.9641304
train,88,170,43.0,38.817177,-4.182823
train,88,171,42.0,35.013397,-6.986603
train,88,172,41.0,30.567533,-10.4324665
train,88,173,40.0,28.048147,-11.951853
train,88,174,39.0,25.78885,-13.211149
train,88,175,38.0,23.582285,-14.417715
train,88,176,37.0,22.205824,-14.794176
train,88,177,36.0,20.544352,-15.455648
train,88,178,35.0,15.212396,-19.787605
train,88,179,34.0,13.435124,-20.564877
train,88,180,33.0,13.021785,-19.978214
train,88,181,32.0,11.092917,-20.907082
train,88,182,31.0,10.655042,-20.34496
train,88,183,30.0,15.728799,-14.271201
train,88,184,29.0,19.077692,-9.922308
train,88,185,28.0,17.211542,-10.788458
train,88,186,27.0,16.219723,-10.780277
train,88,187,26.0,21.898098,-4.101902
train,88,188,25.0,23.354334,-1.6456661
train,88,189,24.0,20.34142,-3.6585808
train,88,190,23.0,19.34016,-3.6598396
train,88,191,22.0,21.214207,-0.7857933
train,88,192,21.0,21.695448,0.6954479
train,88,193,20.0,22.45962,2.4596195
train,88,194,19.0,21.852304,2.8523045
train,88,195,18.0,19.670332,1.670332
train,88,196,17.0,18.81861,1.8186092
train,88,197,16.0,20.295832,4.2958317
train,88,198,15.0,18.156713,3.1567135
train,88,199,14.0,16.814608,2.8146076
train,88,200,13.0,16.36257,3.3625698
train,88,201,12.0,14.739223,2.7392225
train,88,202,11.0,10.876903,-0.12309742
train,88,203,10.0,8.359645,-1.6403551
train,88,204,9.0,8.135223,-0.8647766
train,88,205,8.0,7.5654807,-0.4345193
train,88,206,7.0,9.196888,2.196888
train,88,207,6.0,6.274011,0.27401114
train,88,208,5.0,3.880497,-1.119503
train,88,209,4.0,3.8026564,-0.19734359
train,88,210,3.0,4.2645316,1.2645316
train,88,211,2.0,3.953826,1.953826
train,88,212,1.0,1.8828655,0.88286555
train,88,213,0.0,2.368617,2.368617
train,89,30,187.0,159.11873,-27.881271
train,89,31,186.0,160.58327,-25.416733
train,89,32,185.0,161.34282,-23.65718
train,89,33,184.0,157.25352,-26.746475
train,89,34,183.0,157.78677,-25.213226
train,89,35,182.0,160.80031,-21.199692
train,89,36,181.0,162.18755,-18.812454
train,89,37,180.0,157.48119,-22.518814
train,89,38,179.0,153.79396,-25.20604
train,89,39,178.0,146.59288,-31.40712
train,89,40,177.0,141.61363,-35.386368
train,89,41,176.0,135.86652,-40.133484
train,89,42,175.0,133.80745,-41.19255
train,89,43,174.0,133.57735,-40.422653
train,89,44,173.0,139.55872,-33.441284
train,89,45,172.0,148.4745,-23.525497
train,89,46,171.0,152.98439,-18.01561
train,89,47,170.0,163.1801,-6.8199005
train,89,48,169.0,169.9445,0.9445038
train,89,49,168.0,178.88972,10.889725
train,89,50,167.0,184.75475,17.754745
train,89,51,166.0,186.79836,20.798355
train,89,52,165.0,191.29228,26.292282
train,89,53,164.0,190.80849,26.808487
train,89,54,163.0,180.373,17.373001
train,89,55,162.0,174.60439,12.604385
train,89,56,161.0,170.83054,9.830536
train,89,57,160.0,161.81526,1.8152618
train,89,58,159.0,160.8823,1.8822937
train,89,59,158.0,158.8072,0.8072052
train,89,60,157.0,162.41869,5.418686
train,89,61,156.0,160.28813,4.2881317
train,89,62,155.0,165.55644,10.556442
train,89,63,154.0,161.55281,7.5528107
train,89,64,153.0,160.67592,7.6759186
train,89,65,152.0,154.38823,2.3882294
train,89,66,151.0,144.73244,-6.267563
train,89,67,150.0,135.54387,-14.456131
train,89,68,149.0,126.761795,-22.238205
train,89,69,148.0,121.00695,-26.99305
train,89,70,147.0,112.609795,-34.390205
train,89,71,146.0,105.33014,-40.66986
train,89,72,145.0,102.893425,-42.106575
train,89,73,144.0,107.408066,-36.591934
train,89,74,143.0,110.53466,-32.46534
train,89,75,142.0,113.53445,-28.465553
train,89,76,141.0,118.47939,-22.520607
train,89,77,140.0,122.34228,-17.657722
train,89,78,139.0,126.45625,-12.543747
train,89,79,138.0,133.94847,-4.051529
train,89,80,137.0,142.30403,5.3040314
train,89,81,136.0,144.43547,8.435471
train,89,82,135.0,143.48985,8.489853
train,89,83,134.0,132.0355,-1.9644928
train,89,84,133.0,129.46849,-3.5315094
train,89,85,132.0,131.35178,-0.6482239
train,89,86,131.0,126.93885,-4.0611496
train,89,87,130.0,123.4712,-6.528801
train,89,88,129.0,120.93817,-8.061829
train,89,89,128.0,121.47719,-6.522812
train,89,90,127.0,116.92455,-10.075447
train,89,91,126.0,121.67971,-4.3202896
train,89,92,125.0,123.19909,-1.800911
train,89,93,124.0,123.76693,-0.23307037
train,89,94,123.0,121.632286,-1.3677139
train,89,95,122.0,121.71376,-0.28623962
train,89,96,121.0,120.48251,-0.5174866
train,89,97,120.0,113.80829,-6.1917114
train,89,98,119.0,108.50013,-10.49987
train,89,99,118.0,113.640114,-4.359886
train,89,100,117.0,116.06404,-0.93595886
train,89,101,116.0,117.13789,1.1378937
train,89,102,115.0,124.27364,9.2736435
train,89,103,114.0,117.91251,3.9125137
train,89,104,113.0,116.53254,3.5325394
train,89,105,112.0,116.91185,4.91185
train,89,106,111.0,116.03172,5.031723
train,89,107,110.0,126.66366,16.663658
train,89,108,109.0,128.40001,19.40001
train,89,109,108.0,129.50215,21.502151
train,89,110,107.0,124.30359,17.303589
train,89,111,106.0,127.03219,21.032188
train,89,112,105.0,123.657585,18.657585
train,89,113,104.0,123.24431,19.244308
train,89,114,103.0,120.84655,17.84655
train,89,115,102.0,117.22274,15.22274
train,89,116,101.0,110.348816,9.348816
train,89,117,100.0,109.45219,9.452187
train,89,118,99.0,104.48774,5.4877396
train,89,119,98.0,102.381386,4.381386
train,89,120,97.0,99.30311,2.3031082
train,89,121,96.0,101.34139,5.3413925
train,89,122,95.0,98.04206,3.0420609
train,89,123,94.0,91.30793,-2.69207
train,89,124,93.0,86.72498,-6.275017
train,89,125,92.0,82.9343,-9.065697
train,89,126,91.0,79.35864,-11.641357
train,89,127,90.0,79.68674,-10.313263
train,89,128,89.0,77.566246,-11.433754
train,89,129,88.0,75.05678,-12.943222
train,89,130,87.0,77.384094,-9.615906
train,89,131,86.0,71.67846,-14.321541
train,89,132,85.0,70.182,-14.818001
train,89,133,84.0,70.5626,-13.437401
train,89,134,83.0,71.8299,-11.170097
train,89,135,82.0,74.49772,-7.502281
train,89,136,81.0,73.370995,-7.6290054
train,89,137,80.0,81.15827,1.1582718
train,89,138,79.0,84.07694,5.0769424
train,89,139,78.0,82.28487,4.2848663
train,89,140,77.0,80.21861,3.2186127
train,89,141,76.0,77.2123,1.2123032
train,89,142,75.0,75.662315,0.66231537
train,89,143,74.0,74.18118,0.18118286
train,89,144,73.0,72.998955,-0.001045227
train,89,145,72.0,70.05536,-1.9446411
train,89,146,71.0,74.387955,3.3879547
train,89,147,70.0,77.29022,7.290222
train,89,148,69.0,79.89829,10.898293
train,89,149,68.0,75.58229,7.5822906
train,89,150,67.0,74.648766,7.6487656
train,89,151,66.0,73.06692,7.0669174
train,89,152,65.0,67.88334,2.883339
train,89,153,64.0,63.810585,-0.18941498
train,89,154,63.0,59.40459,-3.5954094
train,89,155,62.0,50.780643,-11.219357
train,89,156,61.0,46.84389,-14.156109
train,89,157,60.0,46.85785,-13.142151
train,89,158,59.0,43.905487,-15.094513
train,89,159,58.0,42.65961,-15.340389
train,89,160,57.0,41.435635,-15.564365
train,89,161,56.0,45.415,-10.584999
train,89,162,55.0,42.449993,-12.550007
train,89,163,54.0,44.686584,-9.313416
train,89,164,53.0,44.63707,-8.36293
train,89,165,52.0,42.442406,-9.557594
train,89,166,51.0,41.416878,-9.583122
train,89,167,50.0,38.347206,-11.652794
train,89,168,49.0,35.79183,-13.208172
train,89,169,48.0,36.373688,-11.626312
train,89,170,47.0,34.694695,-12.3053055
train,89,171,46.0,32.48271,-13.517288
train,89,172,45.0,30.389788,-14.610212
train,89,173,44.0,31.775562,-12.224438
train,89,174,43.0,36.809776,-6.1902237
train,89,175,42.0,37.491882,-4.5081177
train,89,176,41.0,37.460793,-3.5392075
train,89,177,40.0,37.22798,-2.7720184
train,89,178,39.0,37.32893,-1.6710701
train,89,179,38.0,36.0289,-1.9710999
train,89,180,37.0,35.798065,-1.2019348
train,89,181,36.0,31.011135,-4.988865
train,89,182,35.0,25.435654,-9.564346
train,89,183,34.0,21.32731,-12.672689
train,89,184,33.0,23.857271,-9.142729
train,89,185,32.0,22.771029,-9.2289715
train,89,186,31.0,22.674452,-8.325548
train,89,187,30.0,23.15614,-6.8438606
train,89,188,29.0,23.15869,-5.8413105
train,89,189,28.0,22.15975,-5.84025
train,89,190,27.0,24.291365,-2.7086353
train,89,191,26.0,20.844238,-5.1557617
train,89,192,25.0,20.971445,-4.028555
train,89,193,24.0,22.15106,-1.8489399
train,89,194,23.0,19.286158,-3.7138424
train,89,195,22.0,19.966665,-2.0333347
train,89,196,21.0,19.31647,-1.6835308
train,89,197,20.0,17.098879,-2.9011211
train,89,198,19.0,14.624668,-4.375332
train,89,199,18.0,13.989516,-4.0104837
train,89,200,17.0,13.123545,-3.8764553
train,89,201,16.0,15.681597,-0.31840324
train,89,202,15.0,13.466668,-1.5333319
train,89,203,14.0,10.784722,-3.2152777
train,89,204,13.0,8.425576,-4.574424
train,89,205,12.0,8.3907995,-3.6092005
train,89,206,11.0,9.505261,-1.4947386
train,89,207,10.0,8.686498,-1.3135023
train,89,208,9.0,6.5227714,-2.4772286
train,89,209,8.0,5.244471,-2.755529
train,89,210,7.0,4.2537436,-2.7462564
train,89,211,6.0,6.122929,0.122929096
train,89,212,5.0,7.5702376,2.5702376
train,89,213,4.0,5.134408,1.134408
train,89,214,3.0,-1.3423594,-4.3423595
train,89,215,2.0,-1.521876,-3.5218759
train,89,216,1.0,-0.882373,-1.882373
train,89,217,0.0,0.06476654,0.06476654
train,90,30,124.0,150.07687,26.076874
train,90,31,123.0,151.43178,28.431778
train,90,32,122.0,146.20366,24.20366
train,90,33,121.0,140.92113,19.921127
train,90,34,120.0,139.24174,19.241745
train,90,35,119.0,143.07695,24.07695
train,90,36,118.0,144.78572,26.78572
train,90,37,117.0,144.47124,27.471237
train,90,38,116.0,144.93443,28.934433
train,90,39,115.0,144.05727,29.057266
train,90,40,114.0,149.57669,35.57669
train,90,41,113.0,142.76836,29.768356
train,90,42,112.0,139.53902,27.539017
train,90,43,111.0,142.14882,31.148819
train,90,44,110.0,143.41808,33.418076
train,90,45,109.0,142.69836,33.698364
train,90,46,108.0,145.03874,37.038742
train,90,47,107.0,146.87898,39.878983
train,90,48,106.0,147.36807,41.368073
train,90,49,105.0,148.3661,43.366104
train,90,50,104.0,143.73016,39.730164
train,90,51,103.0,137.14021,34.140213
train,90,52,102.0,136.09657,34.096573
train,90,53,101.0,131.10405,30.10405
train,90,54,100.0,131.02211,31.02211
train,90,55,99.0,132.02808,33.028076
train,90,56,98.0,134.10982,36.109818
train,90,57,97.0,127.1195,30.1195
train,90,58,96.0,126.2998,30.299797
train,90,59,95.0,118.247314,23.247314
train,90,60,94.0,110.25071,16.25071
train,90,61,93.0,105.04926,12.049263
train,90,62,92.0,102.117516,10.117516
train,90,63,91.0,104.448006,13.448006
train,90,64,90.0,103.54991,13.5499115
train,90,65,89.0,105.80701,16.807007
train,90,66,88.0,104.202705,16.202705
train,90,67,87.0,100.04211,13.042107
train,90,68,86.0,96.11053,10.110527
train,90,69,85.0,96.53501,11.535011
train,90,70,84.0,93.286,9.286003
train,90,71,83.0,91.55852,8.558517
train,90,72,82.0,96.52356,14.52356
train,90,73,81.0,93.664345,12.664345
train,90,74,80.0,90.52858,10.52858
train,90,75,79.0,88.72134,9.721336
train,90,76,78.0,91.62925,13.62925
train,90,77,77.0,90.40623,13.406227
train,90,78,76.0,88.845215,12.845215
train,90,79,75.0,92.41033,17.410332
train,90,80,74.0,95.55266,21.552658
train,90,81,73.0,98.1654,25.165398
train,90,82,72.0,100.5268,28.526802
train,90,83,71.0,100.89363,29.893631
train,90,84,70.0,102.75634,32.75634
train,90,85,69.0,100.7029,31.702904
train,90,86,68.0,97.069275,29.069275
train,90,87,67.0,93.516014,26.516014
train,90,88,66.0,86.853935,20.853935
train,90,89,65.0,86.46182,21.461823
train,90,90,64.0,89.90415,25.904152
train,90,91,63.0,95.9464,32.946404
train,90,92,62.0,91.14476,29.14476
train,90,93,61.0,89.18279,28.182793
train,90,94,60.0,87.46344,27.46344
train,90,95,59.0,80.858604,21.858604
train,90,96,58.0,75.93755,17.937553
train,90,97,57.0,73.6746,16.674599
train,90,98,56.0,69.150406,13.150406
train,90,99,55.0,75.66142,20.661423
train,90,100,54.0,77.279274,23.279274
train,90,101,53.0,76.444954,23.444954
train,90,102,52.0,80.96878,28.96878
train,90,103,51.0,84.3087,33.3087
train,90,104,50.0,86.68109,36.68109
train,90,105,49.0,83.94699,34.94699
train,90,106,48.0,79.09572,31.095718
train,90,107,47.0,75.77474,28.774742
train,90,108,46.0,73.14559,27.145592
train,90,109,45.0,73.535774,28.535774
train,90,110,44.0,69.31167,25.311668
train,90,111,43.0,71.60641,28.606407
train,90,112,42.0,61.197098,19.197098
train,90,113,41.0,64.653755,23.653755
train,90,114,40.0,56.61568,16.61568
train,90,115,39.0,51.9309,12.930901
train,90,116,38.0,49.91761,11.91761
train,90,117,37.0,54.49482,17.49482
train,90,118,36.0,58.051292,22.051292
train,90,119,35.0,59.596413,24.596413
train,90,120,34.0,54.418736,20.418736
train,90,121,33.0,47.51819,14.518188
train,90,122,32.0,43.606213,11.606213
train,90,123,31.0,40.575077,9.575077
train,90,124,30.0,34.365646,4.3656464
train,90,125,29.0,32.6799,3.6799011
train,90,126,28.0,35.53013,7.5301285
train,90,127,27.0,41.461308,14.461308
train,90,128,26.0,41.514935,15.514935
train,90,129,25.0,43.560574,18.560574
train,90,130,24.0,42.158073,18.158073
train,90,131,23.0,39.26703,16.267029
train,90,132,22.0,31.238405,9.238405
train,90,133,21.0,26.943483,5.9434834
train,90,134,20.0,22.2221,2.2220993
train,90,135,19.0,14.212746,-4.7872543
train,90,136,18.0,6.019847,-11.980153
train,90,137,17.0,5.4794097,-11.52059
train,90,138,16.0,4.776539,-11.223461
train,90,139,15.0,3.1656168,-11.834383
train,90,140,14.0,-0.21242736,-14.212427
train,90,141,13.0,-5.696729,-18.69673
train,90,142,12.0,-8.583816,-20.583817
train,90,143,11.0,-10.225453,-21.225452
train,90,144,10.0,-9.435467,-19.435467
train,90,145,9.0,-8.471762,-17.471762
train,90,146,8.0,-8.529122,-16.529121
train,90,147,7.0,-9.332641,-16.332642
train,90,148,6.0,-9.145766,-15.145766
train,90,149,5.0,-8.42274,-13.42274
train,90,150,4.0,-5.224981,-9.224981
train,90,151,3.0,-1.0668879,-4.066888
train,90,152,2.0,-0.5849838,-2.5849838
train,90,153,1.0,-0.6331028,-1.6331028
train,90,154,0.0,-1.8186795,-1.8186795
train,91,30,105.0,96.360054,-8.639946
train,91,31,104.0,102.17527,-1.8247299
train,91,32,103.0,108.12806,5.1280594
train,91,33,102.0,108.54478,6.544777
train,91,34,101.0,109.506645,8.506645
train,91,35,100.0,103.65636,3.6563568
train,91,36,99.0,100.772675,1.7726746
train,91,37,98.0,96.159996,-1.840004
train,91,38,97.0,98.168495,1.1684952
train,91,39,96.0,96.73777,0.7377701
train,91,40,95.0,96.749985,1.7499847
train,91,41,94.0,99.85296,5.8529587
train,91,42,93.0,102.73697,9.736969
train,91,43,92.0,102.80304,10.80304
train,91,44,91.0,104.2918,13.291801
train,91,45,90.0,103.72079,13.720787
train,91,46,89.0,100.76975,11.7697525
train,91,47,88.0,100.228966,12.228966
train,91,48,87.0,103.17452,16.174522
train,91,49,86.0,104.837265,18.837265
train,91,50,85.0,102.58225,17.582253
train,91,51,84.0,100.88474,16.884743
train,91,52,83.0,99.89707,16.897072
train,91,53,82.0,97.73196,15.7319565
train,91,54,81.0,96.89152,15.891518
train,91,55,80.0,97.923355,17.923355
train,91,56,79.0,95.617355,16.617355
train,91,57,78.0,95.44007,17.440071
train,91,58,77.0,94.28164,17.28164
train,91,59,76.0,88.56094,12.560944
train,91,60,75.0,83.59905,8.599052
train,91,61,74.0,82.21977,8.219772
train,91,62,73.0,82.19561,9.19561
train,91,63,72.0,84.918846,12.918846
train,91,64,71.0,83.87389,12.873894
train,91,65,70.0,87.00872,17.00872
train,91,66,69.0,87.82246,18.822456
train,91,67,68.0,85.91041,17.910408
train,91,68,67.0,83.61051,16.610512
train,91,69,66.0,81.60514,15.605141
train,91,70,65.0,78.98116,13.981163
train,91,71,64.0,77.27453,13.2745285
train,91,72,63.0,75.098564,12.098564
train,91,73,62.0,72.19262,10.192619
train,91,74,61.0,73.08282,12.082817
train,91,75,60.0,72.734695,12.734695
train,91,76,59.0,71.39309,12.393089
train,91,77,58.0,69.87817,11.878166
train,91,78,57.0,68.71414,11.714142
train,91,79,56.0,66.12751,10.12751
train,91,80,55.0,62.239212,7.239212
train,91,81,54.0,62.165222,8.165222
train,91,82,53.0,62.254124,9.254124
train,91,83,52.0,62.894268,10.894268
train,91,84,51.0,62.512848,11.512848
train,91,85,50.0,60.80591,10.805908
train,91,86,49.0,61.672966,12.672966
train,91,87,48.0,59.07953,11.079529
train,91,88,47.0,56.594803,9.594803
train,91,89,46.0,55.55905,9.5590515
train,91,90,45.0,55.706306,10.706306
train,91,91,44.0,55.86419,11.864189
train,91,92,43.0,56.859352,13.859352
train,91,93,42.0,56.468353,14.468353
train,91,94,41.0,54.925804,13.925804
train,91,95,40.0,52.361057,12.361057
train,91,96,39.0,48.435562,9.435562
train,91,97,38.0,47.040062,9.040062
train,91,98,37.0,45.415344,8.415344
train,91,99,36.0,45.541092,9.541092
train,91,100,35.0,44.002506,9.002506
train,91,101,34.0,41.9654,7.9654007
train,91,102,33.0,37.844368,4.844368
train,91,103,32.0,37.919888,5.9198875
train,91,104,31.0,38.415466,7.4154663
train,91,105,30.0,39.038467,9.038467
train,91,106,29.0,36.424927,7.4249268
train,91,107,28.0,35.147385,7.1473846
train,91,108,27.0,36.294655,9.294655
train,91,109,26.0,38.29832,12.298321
train,91,110,25.0,37.669342,12.669342
train,91,111,24.0,34.249012,10.249012
train,91,112,23.0,30.93906,7.93906
train,91,113,22.0,27.49486,5.4948597
train,91,114,21.0,25.154335,4.154335
train,91,115,20.0,24.390646,4.390646
train,91,116,19.0,23.98837,4.988371
train,91,117,18.0,24.266209,6.2662086
train,91,118,17.0,24.048815,7.048815
train,91,119,16.0,22.263273,6.2632732
train,91,120,15.0,22.36664,7.36664
train,91,121,14.0,22.192354,8.192354
train,91,122,13.0,16.689825,3.689825
train,91,123,12.0,14.601113,2.6011133
train,91,124,11.0,13.6446,2.6446
train,91,125,10.0,12.893635,2.8936348
train,91,126,9.0,13.062175,4.062175
train,91,127,8.0,11.525521,3.5255213
train,91,128,7.0,6.6843905,-0.31560946
train,91,129,6.0,5.6438046,-0.35619545
train,91,130,5.0,3.9697928,-1.0302072
train,91,131,4.0,4.923698,0.92369795
train,91,132,3.0,6.6616135,3.6616135
train,91,133,2.0,5.149535,3.1495352
train,91,134,1.0,4.761788,3.761788
train,91,135,0.0,2.6912713,2.6912713
train,92,30,311.0,141.65863,-169.34137
train,92,31,310.0,140.97386,-169.02614
train,92,32,309.0,142.73602,-166.26398
train,92,33,308.0,145.55638,-162.44362
train,92,34,307.0,149.98723,-157.01277
train,92,35,306.0,152.17068,-153.82932
train,92,36,305.0,159.95668,-145.04332
train,92,37,304.0,157.97304,-146.02696
train,92,38,303.0,158.40565,-144.59435
train,92,39,302.0,159.52928,-142.47072
train,92,40,301.0,157.55223,-143.44777
train,92,41,300.0,156.21968,-143.78032
train,92,42,299.0,155.14403,-143.85597
train,92,43,298.0,159.16281,-138.83719
train,92,44,297.0,167.03307,-129.96693
train,92,45,296.0,175.24052,-120.759476
train,92,46,295.0,178.82347,-116.17653
train,92,47,294.0,176.11916,-117.880844
train,92,48,293.0,177.2751,-115.7249
train,92,49,292.0,176.9887,-115.01131
train,92,50,291.0,177.48143,-113.51857
train,92,51,290.0,169.23369,-120.76631
train,92,52,289.0,161.56886,-127.43114
train,92,53,288.0,153.81847,-134.18153
train,92,54,287.0,156.22673,-130.77327
train,92,55,286.0,159.3589,-126.6411
train,92,56,285.0,167.99611,-117.00389
train,92,57,284.0,174.81004,-109.18996
train,92,58,283.0,184.63286,-98.36714
train,92,59,282.0,187.76622,-94.23378
train,92,60,281.0,196.41649,-84.58351
train,92,61,280.0,192.43527,-87.56473
train,92,62,279.0,192.9981,-86.00191
train,92,63,278.0,195.44609,-82.55391
train,92,64,277.0,198.85124,-78.14876
train,92,65,276.0,201.3123,-74.6877
train,92,66,275.0,202.49657,-72.50343
train,92,67,274.0,203.26292,-70.737076
train,92,68,273.0,203.91873,-69.08127
train,92,69,272.0,207.93404,-64.06596
train,92,70,271.0,212.52086,-58.47914
train,92,71,270.0,215.7807,-54.2193
train,92,72,269.0,219.33646,-49.663544
train,92,73,268.0,216.87962,-51.120377
train,92,74,267.0,210.01768,-56.982315
train,92,75,266.0,219.22198,-46.778015
train,92,76,265.0,221.73459,-43.26541
train,92,77,264.0,225.7275,-38.272507
train,92,78,263.0,225.66623,-37.33377
train,92,79,262.0,215.93698,-46.06302
train,92,80,261.0,213.44731,-47.55269
train,92,81,260.0,213.22397,-46.77603
train,92,82,259.0,213.6682,-45.331802
train,92,83,258.0,215.16806,-42.83194
train,92,84,257.0,216.70218,-40.29782
train,92,85,256.0,215.99226,-40.007736
train,92,86,255.0,215.28545,-39.714554
train,92,87,254.0,211.54414,-42.455856
train,92,88,253.0,197.20544,-55.794556
train,92,89,252.0,187.40858,-64.591415
train,92,90,251.0,178.03558,-72.96442
train,92,91,250.0,175.81792,-74.18208
train,92,92,249.0,170.47037,-78.52963
train,92,93,248.0,165.80948,-82.19052
train,92,94,247.0,163.12642,-83.87358
train,92,95,246.0,165.1844,-80.8156
train,92,96,245.0,164.19002,-80.80998
train,92,97,244.0,164.83122,-79.16878
train,92,98,243.0,162.36118,-80.638824
train,92,99,242.0,157.85323,-84.146774
train,92,100,241.0,148.73488,-92.26512
train,92,101,240.0,143.99623,-96.00377
train,92,102,239.0,142.22438,-96.77562
train,92,103,238.0,134.50882,-103.49118
train,92,104,237.0,133.6774,-103.3226
train,92,105,236.0,130.18886,-105.81114
train,92,106,235.0,130.622,-104.378006
train,92,107,234.0,128.3462,-105.65379
train,92,108,233.0,131.5017,-101.49831
train,92,109,232.0,133.00764,-98.992355
train,92,110,231.0,143.75467,-87.24533
train,92,111,230.0,149.99956,-80.00044
train,92,112,229.0,153.96066,-75.03934
train,92,113,228.0,161.00865,-66.99135
train,92,114,227.0,167.63187,-59.368134
train,92,115,226.0,174.72021,-51.279785
train,92,116,225.0,175.61348,-49.38652
train,92,117,224.0,176.59843,-47.401566
train,92,118,223.0,168.83437,-54.165634
train,92,119,222.0,166.28865,-55.71135
train,92,120,221.0,173.88972,-47.110275
train,92,121,220.0,168.9427,-51.057297
train,92,122,219.0,178.29305,-40.706955
train,92,123,218.0,184.71925,-33.280746
train,92,124,217.0,188.77344,-28.226562
train,92,125,216.0,185.49162,-30.508377
train,92,126,215.0,191.98232,-23.017685
train,92,127,214.0,192.12614,-21.873856
train,92,128,213.0,186.31332,-26.686676
train,92,129,212.0,184.61864,-27.381363
train,92,130,211.0,180.11433,-30.885666
train,92,131,210.0,172.43181,-37.56819
train,92,132,209.0,168.51949,-40.480515
train,92,133,208.0,159.59113,-48.408875
train,92,134,207.0,152.79297,-54.20703
train,92,135,206.0,148.85979,-57.140213
train,92,136,205.0,148.08693,-56.91307
train,92,137,204.0,146.9836,-57.016403
train,92,138,203.0,160.04457,-42.95543
train,92,139,202.0,163.0071,-38.992905
train,92,140,201.0,165.18925,-35.810745
train,92,141,200.0,170.62558,-29.37442
train,92,142,199.0,172.64589,-26.35411
train,92,143,198.0,174.00563,-23.99437
train,92,144,197.0,168.15187,-28.84813
train,92,145,196.0,158.33766,-37.66234
train,92,146,195.0,158.7566,-36.243393
train,92,147,194.0,155.43811,-38.56189
train,92,148,193.0,155.78609,-37.213913
train,92,149,192.0,149.34807,-42.65193
train,92,150,191.0,148.9539,-42.046097
train,92,151,190.0,142.18163,-47.818375
train,92,152,189.0,142.06789,-46.932114
train,92,153,188.0,144.45218,-43.54782
train,92,154,187.0,140.80937,-46.190628
train,92,155,186.0,138.4399,-47.560104
train,92,156,185.0,139.17116,-45.828842
train,92,157,184.0,140.73094,-43.26906
train,92,158,183.0,150.53792,-32.462082
train,92,159,182.0,154.60448,-27.395523
train,92,160,181.0,147.37994,-33.620056
train,92,161,180.0,138.7001,-41.299896
train,92,162,179.0,131.93687,-47.063126
train,92,163,178.0,122.49641,-55.503593
train,92,164,177.0,120.01808,-56.98192
train,92,165,176.0,121.61319,-54.38681
train,92,166,175.0,121.044174,-53.955826
train,92,167,174.0,118.71424,-55.28576
train,92,168,173.0,117.52309,-55.476913
train,92,169,172.0,115.958534,-56.041466
train,92,170,171.0,121.53965,-49.46035
train,92,171,170.0,123.87986,-46.12014
train,92,172,169.0,129.35362,-39.646378
train,92,173,168.0,134.62117,-33.37883
train,92,174,167.0,143.955,-23.044998
train,92,175,166.0,146.34698,-19.653015
train,92,176,165.0,148.24232,-16.757675
train,92,177,164.0,145.86284,-18.137161
train,92,178,163.0,142.69356,-20.306442
train,92,179,162.0,143.09875,-18.901245
train,92,180,161.0,138.95496,-22.045044
train,92,181,160.0,138.47948,-21.520523
train,92,182,159.0,138.85364,-20.146362
train,92,183,158.0,136.32698,-21.67302
train,92,184,157.0,137.27611,-19.723892
train,92,185,156.0,141.09038,-14.909622
train,92,186,155.0,142.23933,-12.760666
train,92,187,154.0,148.31195,-5.6880493
train,92,188,153.0,152.74721,-0.25279236
train,92,189,152.0,150.38387,-1.6161346
train,92,190,151.0,149.6584,-1.3415985
train,92,191,150.0,150.8997,0.899704
train,92,192,149.0,158.1473,9.147293
train,92,193,148.0,149.93433,1.9343262
train,92,194,147.0,147.083,0.08299255
train,92,195,146.0,139.47624,-6.523758
train,92,196,145.0,130.23534,-14.764664
train,92,197,144.0,123.45306,-20.546944
train,92,198,143.0,115.36038,-27.639618
train,92,199,142.0,110.598,-31.402
train,92,200,141.0,107.853004,-33.146996
train,92,201,140.0,106.36049,-33.63951
train,92,202,139.0,108.950264,-30.049736
train,92,203,138.0,112.50031,-25.499687
train,92,204,137.0,119.76135,-17.238647
train,92,205,136.0,121.467316,-14.532684
train,92,206,135.0,116.76954,-18.230461
train,92,207,134.0,116.00004,-17.999962
train,92,208,133.0,117.615105,-15.384895
train,92,209,132.0,114.72129,-17.27871
train,92,210,131.0,110.665,-20.335
train,92,211,130.0,111.59784,-18.40216
train,92,212,129.0,114.63453,-14.365471
train,92,213,128.0,116.69445,-11.30555
train,92,214,127.0,119.01989,-7.98011
train,92,215,126.0,124.43979,-1.5602112
train,92,216,125.0,127.76566,2.7656631
train,92,217,124.0,125.93931,1.9393082
train,92,218,123.0,124.56416,1.5641632
train,92,219,122.0,118.881256,-3.118744
train,92,220,121.0,120.70005,-0.29994965
train,92,221,120.0,114.87418,-5.1258163
train,92,222,119.0,112.68218,-6.3178177
train,92,223,118.0,108.57413,-9.425873
train,92,224,117.0,102.69788,-14.302116
train,92,225,116.0,95.33389,-20.666107
train,92,226,115.0,88.89381,-26.106194
train,92,227,114.0,87.85157,-26.14843
train,92,228,113.0,85.9547,-27.045303
train,92,229,112.0,83.70064,-28.299362
train,92,230,111.0,82.75338,-28.24662
train,92,231,110.0,84.39791,-25.602089
train,92,232,109.0,83.530815,-25.469185
train,92,233,108.0,77.80349,-30.19651
train,92,234,107.0,73.00245,-33.99755
train,92,235,106.0,67.88979,-38.110207
train,92,236,105.0,64.06518,-40.934822
train,92,237,104.0,61.20642,-42.79358
train,92,238,103.0,58.808155,-44.191845
train,92,239,102.0,61.596344,-40.403656
train,92,240,101.0,62.841637,-38.158363
train,92,241,100.0,69.13108,-30.86892
train,92,242,99.0,74.20168,-24.798317
train,92,243,98.0,78.72037,-19.279633
train,92,244,97.0,79.61746,-17.382538
train,92,245,96.0,80.40644,-15.593559
train,92,246,95.0,78.623604,-16.376396
train,92,247,94.0,77.93713,-16.062866
train,92,248,93.0,76.39285,-16.607147
train,92,249,92.0,77.506935,-14.493065
train,92,250,91.0,75.191124,-15.808876
train,92,251,90.0,75.78648,-14.213516
train,92,252,89.0,80.41424,-8.585762
train,92,253,88.0,83.356186,-4.643814
train,92,254,87.0,81.2777,-5.7222977
train,92,255,86.0,81.38368,-4.6163177
train,92,256,85.0,84.46293,-0.5370712
train,92,257,84.0,84.8725,0.87249756
train,92,258,83.0,83.701675,0.7016754
train,92,259,82.0,82.25707,0.25707245
train,92,260,81.0,83.29299,2.2929916
train,92,261,80.0,79.33399,-0.666008
train,92,262,79.0,75.48681,-3.5131912
train,92,263,78.0,72.39482,-5.605179
train,92,264,77.0,71.12947,-5.870529
train,92,265,76.0,69.49121,-6.508789
train,92,266,75.0,66.76667,-8.23333
train,92,267,74.0,64.02453,-9.9754715
train,92,268,73.0,63.195305,-9.804695
train,92,269,72.0,65.50024,-6.4997635
train,92,270,71.0,65.19052,-5.8094788
train,92,271,70.0,66.4602,-3.5398026
train,92,272,69.0,63.082626,-5.9173737
train,92,273,68.0,59.2092,-8.790798
train,92,274,67.0,56.360287,-10.639713
train,92,275,66.0,58.230576,-7.7694244
train,92,276,65.0,57.794685,-7.2053146
train,92,277,64.0,59.4343,-4.5657005
train,92,278,63.0,58.219143,-4.780857
train,92,279,62.0,56.37597,-5.624031
train,92,280,61.0,55.379772,-5.620228
train,92,281,60.0,55.78575,-4.2142487
train,92,282,59.0,58.076225,-0.9237747
train,92,283,58.0,62.73388,4.733879
train,92,284,57.0,66.04112,9.041122
train,92,285,56.0,66.188194,10.188194
train,92,286,55.0,64.29917,9.299171
train,92,287,54.0,60.960804,6.960804
train,92,288,53.0,59.478233,6.4782333
train,92,289,52.0,57.67282,5.672821
train,92,290,51.0,54.667225,3.667225
train,92,291,50.0,52.142307,2.1423073
train,92,292,49.0,51.07036,2.0703583
train,92,293,48.0,51.776478,3.7764778
train,92,294,47.0,50.96779,3.9677887
train,92,295,46.0,50.205418,4.2054176
train,92,296,45.0,52.752785,7.7527847
train,92,297,44.0,54.360474,10.360474
train,92,298,43.0,55.724922,12.724922
train,92,299,42.0,56.087303,14.087303
train,92,300,41.0,54.54548,13.545479
train,92,301,40.0,53.728035,13.728035
train,92,302,39.0,55.592422,16.592422
train,92,303,38.0,57.261776,19.261776
train,92,304,37.0,54.340134,17.340134
train,92,305,36.0,51.1073,15.1073
train,92,306,35.0,47.337734,12.337734
train,92,307,34.0,44.04801,10.048012
train,92,308,33.0,42.589363,9.589363
train,92,309,32.0,42.731033,10.731033
train,92,310,31.0,39.91189,8.911888
train,92,311,30.0,36.644222,6.6442223
train,92,312,29.0,37.30719,8.30719
train,92,313,28.0,36.570145,8.570145
train,92,314,27.0,34.211205,7.2112045
train,92,315,26.0,32.85172,6.851719
train,92,316,25.0,30.122942,5.122942
train,92,317,24.0,29.598917,5.598917
train,92,318,23.0,29.895596,6.8955956
train,92,319,22.0,25.459425,3.459425
train,92,320,21.0,21.476845,0.4768448
train,92,321,20.0,18.688032,-1.3119678
train,92,322,19.0,15.808613,-3.1913872
train,92,323,18.0,13.988269,-4.011731
train,92,324,17.0,14.830731,-2.1692686
train,92,325,16.0,15.769606,-0.23039436
train,92,326,15.0,18.69299,3.6929893
train,92,327,14.0,21.210073,7.2100735
train,92,328,13.0,20.301455,7.3014545
train,92,329,12.0,17.68229,5.682289
train,92,330,11.0,18.035278,7.0352783
train,92,331,10.0,21.081894,11.081894
train,92,332,9.0,21.298885,12.298885
train,92,333,8.0,18.167294,10.167294
train,92,334,7.0,16.499144,9.499144
train,92,335,6.0,15.06324,9.06324
train,92,336,5.0,15.383065,10.383065
train,92,337,4.0,14.044819,10.044819
train,92,338,3.0,12.112312,9.112312
train,92,339,2.0,9.521592,7.521592
train,92,340,1.0,9.85632,8.85632
train,92,341,0.0,10.723066,10.723066
train,94,30,228.0,159.90488,-68.09512
train,94,31,227.0,156.29808,-70.70192
train,94,32,226.0,153.94547,-72.054535
train,94,33,225.0,152.51247,-72.48753
train,94,34,224.0,144.84851,-79.15149
train,94,35,223.0,141.20906,-81.79094
train,94,36,222.0,138.81613,-83.18387
train,94,37,221.0,136.56328,-84.43672
train,94,38,220.0,138.17409,-81.82591
train,94,39,219.0,144.16406,-74.83594
train,94,40,218.0,150.35143,-67.648575
train,94,41,217.0,155.2696,-61.730392
train,94,42,216.0,157.01927,-58.98073
train,94,43,215.0,158.61548,-56.38452
train,94,44,214.0,160.49704,-53.50296
train,94,45,213.0,158.49278,-54.507217
train,94,46,212.0,152.12016,-59.879837
train,94,47,211.0,149.57838,-61.421616
train,94,48,210.0,151.83061,-58.169388
train,94,49,209.0,148.27376,-60.726242
train,94,50,208.0,146.96999,-61.030014
train,94,51,207.0,146.16626,-60.83374
train,94,52,206.0,148.87383,-57.126175
train,94,53,205.0,148.33328,-56.666718
train,94,54,204.0,153.2309,-50.769104
train,94,55,203.0,160.68158,-42.31842
train,94,56,202.0,156.2122,-45.787796
train,94,57,201.0,147.25583,-53.74417
train,94,58,200.0,148.31682,-51.68318
train,94,59,199.0,145.44255,-53.55745
train,94,60,198.0,146.24419,-51.755814
train,94,61,197.0,149.54434,-47.455658
train,94,62,196.0,151.12453,-44.875473
train,94,63,195.0,152.18495,-42.81505
train,94,64,194.0,148.48602,-45.513977
train,94,65,193.0,143.66147,-49.33853
train,94,66,192.0,139.20203,-52.797974
train,94,67,191.0,136.1088,-54.891205
train,94,68,190.0,134.4576,-55.542404
train,94,69,189.0,137.98015,-51.01985
train,94,70,188.0,133.47896,-54.52104
train,94,71,187.0,133.4543,-53.5457
train,94,72,186.0,136.07213,-49.92787
train,94,73,185.0,137.0349,-47.965103
train,94,74,184.0,139.88065,-44.119354
train,94,75,183.0,142.07411,-40.925888
train,94,76,182.0,143.42307,-38.576935
train,94,77,181.0,147.72382,-33.276184
train,94,78,180.0,150.98126,-29.018738
train,94,79,179.0,148.06383,-30.936172
train,94,80,178.0,147.26897,-30.731033
train,94,81,177.0,146.9583,-30.041702
train,94,82,176.0,152.92224,-23.077759
train,94,83,175.0,149.30727,-25.692734
train,94,84,174.0,148.68912,-25.310883
train,94,85,173.0,142.52489,-30.475113
train,94,86,172.0,141.2059,-30.794098
train,94,87,171.0,139.00484,-31.995163
train,94,88,170.0,145.58301,-24.416992
train,94,89,169.0,147.06078,-21.939224
train,94,90,168.0,152.85165,-15.148346
train,94,91,167.0,150.9517,-16.048294
train,94,92,166.0,150.79822,-15.201782
train,94,93,165.0,143.67426,-21.325745
train,94,94,164.0,143.84346,-20.15654
train,94,95,163.0,140.87256,-22.127441
train,94,96,162.0,138.2707,-23.729294
train,94,97,161.0,135.86415,-25.135849
train,94,98,160.0,133.45941,-26.540588
train,94,99,159.0,130.03653,-28.96347
train,94,100,158.0,130.50931,-27.490692
train,94,101,157.0,122.632164,-34.367836
train,94,102,156.0,118.67184,-37.328163
train,94,103,155.0,115.80638,-39.19362
train,94,104,154.0,113.28018,-40.71982
train,94,105,153.0,108.220436,-44.779564
train,94,106,152.0,105.00672,-46.99328
train,94,107,151.0,104.28,-46.72
train,94,108,150.0,109.82658,-40.173424
train,94,109,149.0,110.29551,-38.70449
train,94,110,148.0,112.668,-35.332
train,94,111,147.0,115.43327,-31.566727
train,94,112,146.0,112.5636,-33.4364
train,94,113,145.0,111.05492,-33.945084
train,94,114,144.0,108.358536,-35.641464
train,94,115,143.0,108.23208,-34.76792
train,94,116,142.0,108.72347,-33.276527
train,94,117,141.0,109.00239,-31.997612
train,94,118,140.0,110.94497,-29.05503
train,94,119,139.0,111.528564,-27.471436
train,94,120,138.0,112.7607,-25.239304
train,94,121,137.0,113.92135,-23.078651
train,94,122,136.0,114.9677,-21.032303
train,94,123,135.0,116.191864,-18.808136
train,94,124,134.0,113.33193,-20.668068
train,94,125,133.0,111.06417,-21.93583
train,94,126,132.0,109.571205,-22.428795
train,94,127,131.0,107.30102,-23.698982
train,94,128,130.0,103.0709,-26.9291
train,94,129,129.0,98.54618,-30.45382
train,94,130,128.0,96.18728,-31.812721
train,94,131,127.0,94.44904,-32.550957
train,94,132,126.0,93.82075,-32.179253
train,94,133,125.0,93.922264,-31.077736
train,94,134,124.0,96.074905,-27.925095
train,94,135,123.0,96.6278,-26.3722
train,94,136,122.0,95.37496,-26.625038
train,94,137,121.0,95.300835,-25.699165
train,94,138,120.0,91.323166,-28.676834
train,94,139,119.0,85.96976,-33.030243
train,94,140,118.0,85.505646,-32.494354
train,94,141,117.0,84.52802,-32.471977
train,94,142,116.0,81.455574,-34.544426
train,94,143,115.0,87.43666,-27.56334
train,94,144,114.0,96.01304,-17.986961
train,94,145,113.0,103.158585,-9.841415
train,94,146,112.0,110.07515,-1.9248505
train,94,147,111.0,114.83074,3.830742
train,94,148,110.0,120.18005,10.180054
train,94,149,109.0,119.87333,10.873329
train,94,150,108.0,120.74294,12.742943
train,94,151,107.0,120.05329,13.053291
train,94,152,106.0,116.5698,10.569801
train,94,153,105.0,112.01394,7.013939
train,94,154,104.0,106.54955,2.549553
train,94,155,103.0,99.978546,-3.0214539
train,94,156,102.0,94.23569,-7.7643127
train,94,157,101.0,90.90877,-10.091232
train,94,158,100.0,89.89595,-10.10405
train,94,159,99.0,87.86768,-11.132317
train,94,160,98.0,86.05491,-11.945091
train,94,161,97.0,85.64269,-11.357307
train,94,162,96.0,83.97227,-12.027733
train,94,163,95.0,84.040565,-10.9594345
train,94,164,94.0,81.62939,-12.370613
train,94,165,93.0,81.20361,-11.796387
train,94,166,92.0,75.66047,-16.33953
train,94,167,91.0,71.90588,-19.094116
train,94,168,90.0,70.23129,-19.768707
train,94,169,89.0,72.18156,-16.818443
train,94,170,88.0,74.27419,-13.725807
train,94,171,87.0,76.539986,-10.460014
train,94,172,86.0,77.33577,-8.66423
train,94,173,85.0,81.975136,-3.0248642
train,94,174,84.0,81.80895,-2.1910477
train,94,175,83.0,79.366844,-3.6331558
train,94,176,82.0,79.967476,-2.032524
train,94,177,81.0,78.958275,-2.0417252
train,94,178,80.0,79.84536,-0.1546402
train,94,179,79.0,80.392746,1.392746
train,94,180,78.0,82.36001,4.3600082
train,94,181,77.0,79.05395,2.0539474
train,94,182,76.0,75.11914,-0.8808594
train,94,183,75.0,70.60741,-4.3925934
train,94,184,74.0,67.82271,-6.177292
train,94,185,73.0,64.13851,-8.861488
train,94,186,72.0,62.1414,-9.858601
train,94,187,71.0,60.52417,-10.47583
train,94,188,70.0,56.82242,-13.177582
train,94,189,69.0,55.04789,-13.95211
train,94,190,68.0,53.333904,-14.666096
train,94,191,67.0,51.392403,-15.607597
train,94,192,66.0,49.315643,-16.684357
train,94,193,65.0,48.537083,-16.462917
train,94,194,64.0,45.966553,-18.033447
train,94,195,63.0,43.18599,-19.81401
train,94,196,62.0,40.262764,-21.737236
train,94,197,61.0,39.43551,-21.564491
train,94,198,60.0,40.215973,-19.784027
train,94,199,59.0,41.074265,-17.925735
train,94,200,58.0,44.531685,-13.468315
train,94,201,57.0,44.504555,-12.495445
train,94,202,56.0,42.31134,-13.68866
train,94,203,55.0,38.69843,-16.30157
train,94,204,54.0,38.099045,-15.900955
train,94,205,53.0,38.812145,-14.187855
train,94,206,52.0,38.343704,-13.656296
train,94,207,51.0,37.617958,-13.382042
train,94,208,50.0,36.957127,-13.042873
train,94,209,49.0,38.204338,-10.795662
train,94,210,48.0,35.909348,-12.090652
train,94,211,47.0,36.927128,-10.072872
train,94,212,46.0,37.572624,-8.427376
train,94,213,45.0,39.087723,-5.912277
train,94,214,44.0,36.602978,-7.3970222
train,94,215,43.0,35.092186,-7.907814
train,94,216,42.0,36.301292,-5.6987076
train,94,217,41.0,35.35402,-5.645981
train,94,218,40.0,34.425224,-5.5747757
train,94,219,39.0,34.092934,-4.9070663
train,94,220,38.0,33.063583,-4.9364166
train,94,221,37.0,32.736664,-4.263336
train,94,222,36.0,31.400677,-4.5993233
train,94,223,35.0,30.11007,-4.8899307
train,94,224,34.0,28.416979,-5.583021
train,94,225,33.0,28.731844,-4.268156
train,94,226,32.0,30.325563,-1.6744366
train,94,227,31.0,33.87616,2.8761597
train,94,228,30.0,34.42313,4.42313
train,94,229,29.0,30.933975,1.9339752
train,94,230,28.0,28.061619,0.061618805
train,94,231,27.0,24.98216,-2.0178394
train,94,232,26.0,27.443365,1.4433651
train,94,233,25.0,30.142715,5.1427155
train,94,234,24.0,26.900282,2.900282
train,94,235,23.0,22.109861,-0.8901386
train,94,236,22.0,20.018898,-1.981102
train,94,237,21.0,19.107359,-1.8926411
train,94,238,20.0,17.668852,-2.3311481
train,94,239,19.0,16.319105,-2.6808949
train,94,240,18.0,15.428532,-2.5714684
train,94,241,17.0,13.911149,-3.088851
train,94,242,16.0,13.035538,-2.9644623
train,94,243,15.0,10.442604,-4.557396
train,94,244,14.0,9.249054,-4.750946
train,94,245,13.0,9.943002,-3.0569983
train,94,246,12.0,9.483979,-2.5160208
train,94,247,11.0,5.625452,-5.374548
train,94,248,10.0,1.8295953,-8.170404
train,94,249,9.0,2.1899784,-6.8100214
train,94,250,8.0,3.357326,-4.642674
train,94,251,7.0,2.7762995,-4.2237005
train,94,252,6.0,2.6371436,-3.3628564
train,94,253,5.0,0.2376131,-4.762387
train,94,254,4.0,-1.6553706,-5.6553707
train,94,255,3.0,0.055648223,-2.9443517
train,94,256,2.0,3.0336096,1.0336096
train,94,257,1.0,4.4168835,3.4168835
train,94,258,0.0,1.6724023,1.6724023
train,95,30,253.0,163.20406,-89.795944
train,95,31,252.0,159.21948,-92.78052
train,95,32,251.0,162.24634,-88.75366
train,95,33,250.0,164.2978,-85.702194
train,95,34,249.0,159.07802,-89.92198
train,95,35,248.0,155.0374,-92.9626
train,95,36,247.0,147.65147,-99.348526
train,95,37,246.0,138.46693,-107.533066
train,95,38,245.0,135.62701,-109.372986
train,95,39,244.0,143.16455,-100.83545
train,95,40,243.0,142.41766,-100.58234
train,95,41,242.0,140.761,-101.239
train,95,42,241.0,146.21751,-94.782486
train,95,43,240.0,149.72217,-90.27783
train,95,44,239.0,149.69899,-89.30101
train,95,45,238.0,146.53531,-91.46469
train,95,46,237.0,143.64041,-93.35959
train,95,47,236.0,154.92851,-81.07149
train,95,48,235.0,155.22743,-79.77257
train,95,49,234.0,151.8471,-82.15289
train,95,50,233.0,149.04689,-83.95311
train,95,51,232.0,154.60397,-77.39603
train,95,52,231.0,160.11427,-70.88573
train,95,53,230.0,162.43575,-67.564255
train,95,54,229.0,162.53752,-66.46248
train,95,55,228.0,161.0207,-66.979294
train,95,56,227.0,163.73067,-63.269333
train,95,57,226.0,165.95248,-60.047516
train,95,58,225.0,176.82759,-48.17241
train,95,59,224.0,185.05171,-38.948288
train,95,60,223.0,194.29347,-28.706528
train,95,61,222.0,185.86124,-36.138763
train,95,62,221.0,178.31113,-42.688873
train,95,63,220.0,169.55785,-50.442154
train,95,64,219.0,170.8066,-48.193405
train,95,65,218.0,163.6845,-54.315506
train,95,66,217.0,165.78313,-51.216873
train,95,67,216.0,166.65654,-49.34346
train,95,68,215.0,168.75941,-46.240585
train,95,69,214.0,170.43024,-43.569763
train,95,70,213.0,168.88432,-44.115677
train,95,71,212.0,170.74266,-41.25734
train,95,72,211.0,170.56487,-40.435135
train,95,73,210.0,170.25151,-39.74849
train,95,74,209.0,175.38956,-33.610443
train,95,75,208.0,167.9341,-40.065903
train,95,76,207.0,164.06947,-42.930527
train,95,77,206.0,152.05081,-53.94919
train,95,78,205.0,147.16698,-57.833023
train,95,79,204.0,139.96803,-64.03197
train,95,80,203.0,139.65788,-63.342117
train,95,81,202.0,133.7277,-68.27229
train,95,82,201.0,134.44582,-66.554184
train,95,83,200.0,129.76073,-70.23927
train,95,84,199.0,133.99994,-65.00006
train,95,85,198.0,143.9258,-54.074203
train,95,86,197.0,146.66591,-50.33409
train,95,87,196.0,149.20512,-46.794876
train,95,88,195.0,148.56491,-46.43509
train,95,89,194.0,143.67522,-50.324783
train,95,90,193.0,139.18112,-53.81888
train,95,91,192.0,136.34738,-55.65262
train,95,92,191.0,135.33946,-55.660538
train,95,93,190.0,132.84364,-57.156357
train,95,94,189.0,141.68771,-47.312286
train,95,95,188.0,142.01958,-45.980423
train,95,96,187.0,138.76857,-48.23143
train,95,97,186.0,145.89128,-40.10872
train,95,98,185.0,143.46669,-41.53331
train,95,99,184.0,141.25291,-42.747086
train,95,100,183.0,136.66335,-46.336655
train,95,101,182.0,134.02953,-47.970474
train,95,102,181.0,129.59523,-51.40477
train,95,103,180.0,130.11894,-49.881058
train,95,104,179.0,127.92009,-51.07991
train,95,105,178.0,130.97678,-47.023224
train,95,106,177.0,136.69841,-40.30159
train,95,107,176.0,139.47487,-36.52513
train,95,108,175.0,142.15848,-32.841522
train,95,109,174.0,144.51556,-29.484436
train,95,110,173.0,140.54424,-32.455765
train,95,111,172.0,140.48172,-31.51828
train,95,112,171.0,136.11021,-34.889786
train,95,113,170.0,134.72781,-35.272186
train,95,114,169.0,133.60393,-35.396072
train,95,115,168.0,130.57726,-37.422745
train,95,116,167.0,128.60744,-38.392563
train,95,117,166.0,133.63419,-32.365814
train,95,118,165.0,137.71683,-27.283173
train,95,119,164.0,145.21149,-18.788513
train,95,120,163.0,149.40543,-13.594574
train,95,121,162.0,139.57433,-22.425674
train,95,122,161.0,138.02016,-22.979843
train,95,123,160.0,137.0659,-22.934097
train,95,124,159.0,135.7762,-23.2238
train,95,125,158.0,135.58183,-22.418167
train,95,126,157.0,136.9418,-20.058197
train,95,127,156.0,136.31024,-19.689758
train,95,128,155.0,136.73914,-18.260864
train,95,129,154.0,133.27654,-20.723465
train,95,130,153.0,131.95305,-21.046951
train,95,131,152.0,124.86103,-27.13897
train,95,132,151.0,126.1556,-24.844398
train,95,133,150.0,124.72555,-25.274452
train,95,134,149.0,119.21691,-29.783089
train,95,135,148.0,116.224335,-31.775665
train,95,136,147.0,108.89069,-38.109306
train,95,137,146.0,103.67162,-42.328377
train,95,138,145.0,91.02244,-53.977562
train,95,139,144.0,81.330345,-62.669655
train,95,140,143.0,74.92165,-68.07835
train,95,141,142.0,71.52575,-70.47425
train,95,142,141.0,70.16524,-70.83476
train,95,143,140.0,69.67307,-70.32693
train,95,144,139.0,73.51933,-65.48067
train,95,145,138.0,75.92089,-62.07911
train,95,146,137.0,87.08602,-49.91398
train,95,147,136.0,95.51466,-40.485336
train,95,148,135.0,100.3944,-34.6056
train,95,149,134.0,104.53347,-29.46653
train,95,150,133.0,106.77209,-26.227913
train,95,151,132.0,115.31644,-16.683563
train,95,152,131.0,129.53386,-1.4661407
train,95,153,130.0,137.9412,7.9411926
train,95,154,129.0,145.50471,16.504715
train,95,155,128.0,149.12502,21.125015
train,95,156,127.0,143.40114,16.401138
train,95,157,126.0,136.22331,10.223312
train,95,158,125.0,127.57757,2.577568
train,95,159,124.0,125.97171,1.9717102
train,95,160,123.0,117.948135,-5.0518646
train,95,161,122.0,113.05368,-8.94632
train,95,162,121.0,108.48549,-12.514511
train,95,163,120.0,105.58233,-14.417671
train,95,164,119.0,102.911354,-16.088646
train,95,165,118.0,101.55927,-16.440727
train,95,166,117.0,106.32824,-10.671761
train,95,167,116.0,107.53126,-8.468742
train,95,168,115.0,105.63111,-9.368889
train,95,169,114.0,102.70748,-11.292519
train,95,170,113.0,98.97954,-14.020462
train,95,171,112.0,95.88293,-16.117073
train,95,172,111.0,93.47375,-17.526253
train,95,173,110.0,95.126915,-14.873085
train,95,174,109.0,97.57782,-11.42218
train,95,175,108.0,95.37881,-12.621193
train,95,176,107.0,95.27497,-11.725029
train,95,177,106.0,101.27793,-4.722069
train,95,178,105.0,102.268135,-2.731865
train,95,179,104.0,100.770805,-3.2291946
train,95,180,103.0,103.30637,0.3063736
train,95,181,102.0,102.650696,0.6506958
train,95,182,101.0,97.95301,-3.0469894
train,95,183,100.0,95.03364,-4.966362
train,95,184,99.0,88.989334,-10.010666
train,95,185,98.0,81.49854,-16.501457
train,95,186,97.0,68.33396,-28.666039
train,95,187,96.0,59.209316,-36.790684
train,95,188,95.0,52.887775,-42.112225
train,95,189,94.0,45.57264,-48.42736
train,95,190,93.0,39.49601,-53.50399
train,95,191,92.0,35.89823,-56.10177
train,95,192,91.0,41.301258,-49.698742
train,95,193,90.0,46.322693,-43.677307
train,95,194,89.0,55.930103,-33.069897
train,95,195,88.0,60.200516,-27.799484
train,95,196,87.0,67.08705,-19.912949
train,95,197,86.0,67.28654,-18.713463
train,95,198,85.0,67.03155,-17.968452
train,95,199,84.0,65.94157,-18.058434
train,95,200,83.0,65.04992,-17.95008
train,95,201,82.0,66.08628,-15.913719
train,95,202,81.0,63.82425,-17.17575
train,95,203,80.0,71.90374,-8.09626
train,95,204,79.0,77.3856,-1.6144028
train,95,205,78.0,78.82831,0.8283081
train,95,206,77.0,76.91456,-0.08544159
train,95,207,76.0,78.552536,2.552536
train,95,208,75.0,77.08742,2.0874176
train,95,209,74.0,76.94859,2.9485931
train,95,210,73.0,78.13671,5.136711
train,95,211,72.0,78.976875,6.9768753
train,95,212,71.0,75.48342,4.4834213
train,95,213,70.0,69.339195,-0.66080475
train,95,214,69.0,65.29822,-3.7017822
train,95,215,68.0,59.415764,-8.584236
train,95,216,67.0,53.26644,-13.733559
train,95,217,66.0,50.90515,-15.094849
train,95,218,65.0,51.961555,-13.0384445
train,95,219,64.0,58.749474,-5.2505264
train,95,220,63.0,66.32078,3.320778
train,95,221,62.0,70.409706,8.409706
train,95,222,61.0,75.42245,14.422447
train,95,223,60.0,78.20866,18.208656
train,95,224,59.0,79.6963,20.696297
train,95,225,58.0,76.26694,18.266937
train,95,226,57.0,72.935036,15.935036
train,95,227,56.0,69.00295,13.002953
train,95,228,55.0,64.50453,9.504532
train,95,229,54.0,65.04853,11.048531
train,95,230,53.0,65.45149,12.451492
train,95,231,52.0,66.92893,14.928932
train,95,232,51.0,62.026478,11.026478
train,95,233,50.0,55.70014,5.700142
train,95,234,49.0,52.88862,3.8886185
train,95,235,48.0,49.55763,1.5576286
train,95,236,47.0,46.893917,-0.106082916
train,95,237,46.0,42.359,-3.6409988
train,95,238,45.0,38.22649,-6.77351
train,95,239,44.0,32.470306,-11.529694
train,95,240,43.0,29.558882,-13.441118
train,95,241,42.0,28.202919,-13.797081
train,95,242,41.0,29.034334,-11.965666
train,95,243,40.0,32.93881,-7.0611916
train,95,244,39.0,34.797844,-4.202156
train,95,245,38.0,32.302135,-5.6978645
train,95,246,37.0,32.119453,-4.8805466
train,95,247,36.0,30.635862,-5.3641376
train,95,248,35.0,33.602146,-1.3978539
train,95,249,34.0,33.91748,-0.08251953
train,95,250,33.0,33.203568,0.2035675
train,95,251,32.0,34.878857,2.8788567
train,95,252,31.0,36.179688,5.1796875
train,95,253,30.0,35.926468,5.926468
train,95,254,29.0,35.8138,6.813801
train,95,255,28.0,36.535942,8.535942
train,95,256,27.0,34.391808,7.3918076
train,95,257,26.0,30.351915,4.3519154
train,95,258,25.0,25.54364,0.54364014
train,95,259,24.0,24.518726,0.51872635
train,95,260,23.0,26.114817,3.1148167
train,95,261,22.0,27.423899,5.4238987
train,95,262,21.0,25.108091,4.1080914
train,95,263,20.0,25.211706,5.211706
train,95,264,19.0,21.673685,2.673685
train,95,265,18.0,16.965479,-1.0345211
train,95,266,17.0,15.357522,-1.642478
train,95,267,16.0,15.139747,-0.86025333
train,95,268,15.0,14.467227,-0.532773
train,95,269,14.0,14.665212,0.6652117
train,95,270,13.0,12.56035,-0.43964958
train,95,271,12.0,9.311541,-2.6884594
train,95,272,11.0,5.311952,-5.688048
train,95,273,10.0,4.69505,-5.30495
train,95,274,9.0,7.425537,-1.5744629
train,95,275,8.0,8.409045,0.40904522
train,95,276,7.0,8.180749,1.1807489
train,95,277,6.0,6.1237016,0.12370157
train,95,278,5.0,5.5414867,0.54148674
train,95,279,4.0,3.67821,-0.32178998
train,95,280,3.0,3.3553927,0.3553927
train,95,281,2.0,3.8257449,1.8257449
train,95,282,1.0,4.33779,3.33779
train,95,283,0.0,0.91946185,0.91946185
train,96,30,306.0,158.77422,-147.22578
train,96,31,305.0,159.90276,-145.09724
train,96,32,304.0,161.11626,-142.88374
train,96,33,303.0,162.93974,-140.06026
train,96,34,302.0,163.87865,-138.12135
train,96,35,301.0,168.67279,-132.32721
train,96,36,300.0,174.7431,-125.2569
train,96,37,299.0,170.36073,-128.63927
train,96,38,298.0,164.54268,-133.45732
train,96,39,297.0,165.97441,-131.02559
train,96,40,296.0,160.22481,-135.77519
train,96,41,295.0,162.0548,-132.9452
train,96,42,294.0,160.01163,-133.98837
train,96,43,293.0,153.7799,-139.2201
train,96,44,292.0,154.56715,-137.43285
train,96,45,291.0,154.78119,-136.21881
train,96,46,290.0,149.5696,-140.4304
train,96,47,289.0,149.29672,-139.70328
train,96,48,288.0,143.92389,-144.07611
train,96,49,287.0,146.00084,-140.99916
train,96,50,286.0,144.0414,-141.9586
train,96,51,285.0,148.33807,-136.66193
train,96,52,284.0,160.27255,-123.72745
train,96,53,283.0,161.7746,-121.2254
train,96,54,282.0,165.62605,-116.37395
train,96,55,281.0,163.01787,-117.98213
train,96,56,280.0,161.0252,-118.97479
train,96,57,279.0,161.69576,-117.304245
train,96,58,278.0,158.72502,-119.27498
train,96,59,277.0,158.59122,-118.40878
train,96,60,276.0,155.5057,-120.49429
train,96,61,275.0,151.99161,-123.00839
train,96,62,274.0,157.98409,-116.015915
train,96,63,273.0,159.57945,-113.42055
train,96,64,272.0,172.84926,-99.15074
train,96,65,271.0,185.99828,-85.001724
train,96,66,270.0,199.5348,-70.465195
train,96,67,269.0,207.0848,-61.915207
train,96,68,268.0,213.5422,-54.457794
train,96,69,267.0,211.63766,-55.362335
train,96,70,266.0,209.38298,-56.61702
train,96,71,265.0,208.59746,-56.402542
train,96,72,264.0,202.25517,-61.744827
train,96,73,263.0,193.4972,-69.50281
train,96,74,262.0,185.0241,-76.97591
train,96,75,261.0,182.36644,-78.63356
train,96,76,260.0,186.35538,-73.64462
train,96,77,259.0,182.48227,-76.51773
train,96,78,258.0,183.54333,-74.456665
train,96,79,257.0,183.66394,-73.33606
train,96,80,256.0,186.2902,-69.70979
train,96,81,255.0,180.51332,-74.48668
train,96,82,254.0,175.66832,-78.33168
train,96,83,253.0,169.21895,-83.78105
train,96,84,252.0,162.40599,-89.59401
train,96,85,251.0,151.41132,-99.588684
train,96,86,250.0,151.73647,-98.263535
train,96,87,249.0,138.993,-110.007
train,96,88,248.0,136.35468,-111.645325
train,96,89,247.0,132.05067,-114.949326
train,96,90,246.0,130.37982,-115.62018
train,96,91,245.0,131.01028,-113.989716
train,96,92,244.0,136.00424,-107.99576
train,96,93,243.0,144.54,-98.46001
train,96,94,242.0,155.07019,-86.92981
train,96,95,241.0,165.68678,-75.31322
train,96,96,240.0,173.67787,-66.32213
train,96,97,239.0,179.53806,-59.461945
train,96,98,238.0,184.65486,-53.34514
train,96,99,237.0,188.78621,-48.21379
train,96,100,236.0,190.27007,-45.729935
train,96,101,235.0,193.9814,-41.0186
train,96,102,234.0,193.02333,-40.97667
train,96,103,233.0,193.92197,-39.078033
train,96,104,232.0,192.05888,-39.941116
train,96,105,231.0,191.02478,-39.97522
train,96,106,230.0,185.61586,-44.38414
train,96,107,229.0,179.49753,-49.502472
train,96,108,228.0,173.9522,-54.047806
train,96,109,227.0,174.30858,-52.69142
train,96,110,226.0,167.70247,-58.29753
train,96,111,225.0,165.11607,-59.883926
train,96,112,224.0,164.5413,-59.458694
train,96,113,223.0,161.75601,-61.243988
train,96,114,222.0,159.51427,-62.485733
train,96,115,221.0,151.90727,-69.09273
train,96,116,220.0,146.95807,-73.04193
train,96,117,219.0,138.32234,-80.67766
train,96,118,218.0,135.13498,-82.86502
train,96,119,217.0,126.92098,-90.07902
train,96,120,216.0,120.21517,-95.78483
train,96,121,215.0,119.74064,-95.25936
train,96,122,214.0,112.66201,-101.33799
train,96,123,213.0,115.89596,-97.10404
train,96,124,212.0,126.34495,-85.65505
train,96,125,211.0,139.81076,-71.18924
train,96,126,210.0,146.35771,-63.64229
train,96,127,209.0,162.42757,-46.572433
train,96,128,208.0,169.1145,-38.885498
train,96,129,207.0,180.31145,-26.688553
train,96,130,206.0,184.88335,-21.116653
train,96,131,205.0,191.6041,-13.395905
train,96,132,204.0,195.49684,-8.503159
train,96,133,203.0,188.00911,-14.9908905
train,96,134,202.0,188.49377,-13.506226
train,96,135,201.0,184.78825,-16.211746
train,96,136,200.0,177.73512,-22.264877
train,96,137,199.0,172.0944,-26.905594
train,96,138,198.0,169.7357,-28.264297
train,96,139,197.0,171.06139,-25.938614
train,96,140,196.0,168.1002,-27.899796
train,96,141,195.0,169.03862,-25.96138
train,96,142,194.0,172.61705,-21.38295
train,96,143,193.0,168.7326,-24.267395
train,96,144,192.0,162.03868,-29.961319
train,96,145,191.0,154.90154,-36.098465
train,96,146,190.0,152.76564,-37.23436
train,96,147,189.0,142.56857,-46.431427
train,96,148,188.0,133.33464,-54.66536
train,96,149,187.0,123.55845,-63.44155
train,96,150,186.0,110.271706,-75.728294
train,96,151,185.0,98.565025,-86.434975
train,96,152,184.0,95.67355,-88.32645
train,96,153,183.0,98.45885,-84.54115
train,96,154,182.0,100.6614,-81.3386
train,96,155,181.0,110.41418,-70.58582
train,96,156,180.0,116.2637,-63.736298
train,96,157,179.0,117.22385,-61.776154
train,96,158,178.0,115.60877,-62.391228
train,96,159,177.0,113.51072,-63.48928
train,96,160,176.0,112.44421,-63.555794
train,96,161,175.0,115.29664,-59.70336
train,96,162,174.0,122.65368,-51.34632
train,96,163,173.0,126.178795,-46.821205
train,96,164,172.0,137.11105,-34.888947
train,96,165,171.0,145.7044,-25.295593
train,96,166,170.0,146.39906,-23.600937
train,96,167,169.0,145.97563,-23.024368
train,96,168,168.0,147.20753,-20.792465
train,96,169,167.0,145.32518,-21.67482
train,96,170,166.0,142.10265,-23.897354
train,96,171,165.0,135.06915,-29.930847
train,96,172,164.0,136.2715,-27.7285
train,96,173,163.0,138.7419,-24.258102
train,96,174,162.0,139.97081,-22.02919
train,96,175,161.0,138.72649,-22.273514
train,96,176,160.0,134.0534,-25.946594
train,96,177,159.0,126.39266,-32.607338
train,96,178,158.0,125.48224,-32.51776
train,96,179,157.0,127.847565,-29.152435
train,96,180,156.0,123.9934,-32.0066
train,96,181,155.0,123.9461,-31.053902
train,96,182,154.0,128.36476,-25.635239
train,96,183,153.0,131.93498,-21.065018
train,96,184,152.0,130.58327,-21.416733
train,96,185,151.0,125.338036,-25.661964
train,96,186,150.0,118.63968,-31.360321
train,96,187,149.0,116.2026,-32.7974
train,96,188,148.0,114.33999,-33.66001
train,96,189,147.0,115.92141,-31.07859
train,96,190,146.0,120.1515,-25.848503
train,96,191,145.0,124.661476,-20.338524
train,96,192,144.0,127.16205,-16.837952
train,96,193,143.0,129.83994,-13.160065
train,96,194,142.0,129.12193,-12.878067
train,96,195,141.0,130.50505,-10.494949
train,96,196,140.0,125.32206,-14.67794
train,96,197,139.0,126.66376,-12.336243
train,96,198,138.0,123.666145,-14.333855
train,96,199,137.0,119.24582,-17.75418
train,96,200,136.0,118.377174,-17.622826
train,96,201,135.0,119.59734,-15.402657
train,96,202,134.0,121.13307,-12.866928
train,96,203,133.0,111.69007,-21.309929
train,96,204,132.0,107.06341,-24.936592
train,96,205,131.0,103.78246,-27.217537
train,96,206,130.0,99.675804,-30.324196
train,96,207,129.0,96.81426,-32.185738
train,96,208,128.0,94.872505,-33.127495
train,96,209,127.0,100.63355,-26.366447
train,96,210,126.0,103.10021,-22.899788
train,96,211,125.0,107.35067,-17.64933
train,96,212,124.0,114.754875,-9.245125
train,96,213,123.0,117.83222,-5.167778
train,96,214,122.0,112.957565,-9.042435
train,96,215,121.0,111.33303,-9.666969
train,96,216,120.0,107.94863,-12.051369
train,96,217,119.0,104.32246,-14.677544
train,96,218,118.0,100.47413,-17.525871
train,96,219,117.0,96.02628,-20.973717
train,96,220,116.0,92.44634,-23.553658
train,96,221,115.0,90.3787,-24.6213
train,96,222,114.0,93.18701,-20.812988
train,96,223,113.0,95.82282,-17.177177
train,96,224,112.0,99.681274,-12.318726
train,96,225,111.0,100.193886,-10.806114
train,96,226,110.0,102.24203,-7.7579727
train,96,227,109.0,102.74479,-6.255211
train,96,228,108.0,104.05587,-3.94413
train,96,229,107.0,107.10452,0.104522705
train,96,230,106.0,104.994896,-1.0051041
train,96,231,105.0,101.12997,-3.8700333
train,96,232,104.0,96.175514,-7.824486
train,96,233,103.0,90.81966,-12.180344
train,96,234,102.0,86.58243,-15.417572
train,96,235,101.0,83.55497,-17.44503
train,96,236,100.0,82.22152,-17.77848
train,96,237,99.0,85.53181,-13.468193
train,96,238,98.0,92.33136,-5.66864
train,96,239,97.0,97.858376,0.85837555
train,96,240,96.0,102.17202,6.17202
train,96,241,95.0,104.75486,9.75486
train,96,242,94.0,106.63994,12.639938
train,96,243,93.0,103.52712,10.5271225
train,96,244,92.0,103.27634,11.276337
train,96,245,91.0,101.969124,10.969124
train,96,246,90.0,100.0146,10.014603
train,96,247,89.0,99.98316,10.983162
train,96,248,88.0,99.13648,11.136482
train,96,249,87.0,99.16634,12.166344
train,96,250,86.0,94.81005,8.810051
train,96,251,85.0,88.518776,3.518776
train,96,252,84.0,87.50414,3.5041428
train,96,253,83.0,84.90463,1.9046326
train,96,254,82.0,83.923225,1.9232254
train,96,255,81.0,82.126015,1.1260147
train,96,256,80.0,80.44651,0.44651031
train,96,257,79.0,74.85251,-4.1474915
train,96,258,78.0,72.20092,-5.79908
train,96,259,77.0,72.03907,-4.96093
train,96,260,76.0,72.435265,-3.5647354
train,96,261,75.0,74.50841,-0.4915924
train,96,262,74.0,74.62639,0.62638855
train,96,263,73.0,75.02813,2.0281296
train,96,264,72.0,71.70068,-0.2993164
train,96,265,71.0,76.35191,5.3519135
train,96,266,70.0,73.33774,3.337738
train,96,267,69.0,70.69442,1.6944199
train,96,268,68.0,71.56197,3.5619736
train,96,269,67.0,70.6083,3.6082993
train,96,270,66.0,70.64951,4.6495132
train,96,271,65.0,75.17287,10.172867
train,96,272,64.0,77.21334,13.213341
train,96,273,63.0,76.94515,13.945152
train,96,274,62.0,73.49682,11.496819
train,96,275,61.0,76.05782,15.057823
train,96,276,60.0,72.71736,12.717361
train,96,277,59.0,69.69616,10.696159
train,96,278,58.0,66.519615,8.519615
train,96,279,57.0,64.55425,7.5542526
train,96,280,56.0,61.298706,5.298706
train,96,281,55.0,60.609444,5.6094437
train,96,282,54.0,59.87705,5.8770485
train,96,283,53.0,58.484932,5.484932
train,96,284,52.0,56.92071,4.9207115
train,96,285,51.0,55.981064,4.981064
train,96,286,50.0,53.677444,3.6774445
train,96,287,49.0,52.237244,3.2372437
train,96,288,48.0,51.43648,3.4364815
train,96,289,47.0,50.869896,3.869896
train,96,290,46.0,47.461113,1.461113
train,96,291,45.0,43.143047,-1.8569527
train,96,292,44.0,42.220695,-1.7793045
train,96,293,43.0,40.4144,-2.5856018
train,96,294,42.0,40.166195,-1.8338051
train,96,295,41.0,37.242973,-3.7570267
train,96,296,40.0,35.78244,-4.21756
train,96,297,39.0,35.53286,-3.4671402
train,96,298,38.0,37.147053,-0.85294724
train,96,299,37.0,35.70172,-1.2982788
train,96,300,36.0,33.902252,-2.0977478
train,96,301,35.0,32.492973,-2.5070267
train,96,302,34.0,30.805002,-3.1949978
train,96,303,33.0,30.24936,-2.7506409
train,96,304,32.0,24.86213,-7.137871
train,96,305,31.0,20.261183,-10.738817
train,96,306,30.0,19.970116,-10.029884
train,96,307,29.0,22.72212,-6.2778797
train,96,308,28.0,23.87008,-4.129919
train,96,309,27.0,24.708176,-2.2918243
train,96,310,26.0,23.213583,-2.786417
train,96,311,25.0,19.482965,-5.5170345
train,96,312,24.0,17.888233,-6.111767
train,96,313,23.0,19.55889,-3.4411106
train,96,314,22.0,20.922995,-1.0770054
train,96,315,21.0,19.726332,-1.2736683
train,96,316,20.0,18.198887,-1.8011131
train,96,317,19.0,17.278658,-1.7213421
train,96,318,18.0,15.226137,-2.7738628
train,96,319,17.0,15.388522,-1.6114779
train,96,320,16.0,16.898457,0.8984566
train,96,321,15.0,15.795314,0.79531384
train,96,322,14.0,13.554,-0.4460001
train,96,323,13.0,13.348665,0.34866524
train,96,324,12.0,13.031835,1.0318346
train,96,325,11.0,13.72125,2.7212496
train,96,326,10.0,11.448902,1.4489021
train,96,327,9.0,10.7995,1.7995005
train,96,328,8.0,8.513742,0.51374245
train,96,329,7.0,7.570495,0.5704951
train,96,330,6.0,7.022922,1.022922
train,96,331,5.0,4.631026,-0.3689742
train,96,332,4.0,2.8322473,-1.1677527
train,96,333,3.0,3.8331375,0.8331375
train,96,334,2.0,4.623162,2.6231618
train,96,335,1.0,3.4362578,2.4362578
train,96,336,0.0,0.9999894,0.9999894
train,97,30,172.0,208.06538,36.065384
train,97,31,171.0,215.5814,44.581406
train,97,32,170.0,216.48396,46.483963
train,97,33,169.0,207.24425,38.244247
train,97,34,168.0,199.06064,31.060638
train,97,35,167.0,188.58395,21.583954
train,97,36,166.0,177.65587,11.655869
train,97,37,165.0,168.39809,3.3980865
train,97,38,164.0,161.69304,-2.306961
train,97,39,163.0,160.91402,-2.0859833
train,97,40,162.0,157.7427,-4.2572937
train,97,41,161.0,155.02245,-5.9775543
train,97,42,160.0,148.07198,-11.928024
train,97,43,159.0,140.0139,-18.9861
train,97,44,158.0,131.40398,-26.596024
train,97,45,157.0,130.82114,-26.178864
train,97,46,156.0,133.00986,-22.990143
train,97,47,155.0,144.99783,-10.002167
train,97,48,154.0,151.33394,-2.6660614
train,97,49,153.0,152.51242,-0.48757935
train,97,50,152.0,147.57635,-4.423645
train,97,51,151.0,143.97789,-7.02211
train,97,52,150.0,144.61327,-5.386734
train,97,53,149.0,142.33916,-6.660843
train,97,54,148.0,143.4702,-4.5298004
train,97,55,147.0,145.32655,-1.6734467
train,97,56,146.0,143.57272,-2.4272766
train,97,57,145.0,148.37155,3.3715515
train,97,58,144.0,157.43974,13.439743
train,97,59,143.0,157.59102,14.591019
train,97,60,142.0,159.84328,17.843277
train,97,61,141.0,160.50087,19.50087
train,97,62,140.0,160.86552,20.865524
train,97,63,139.0,161.51396,22.513962
train,97,64,138.0,159.38692,21.386917
train,97,65,137.0,160.15895,23.15895
train,97,66,136.0,161.32465,25.324646
train,97,67,135.0,164.08026,29.080261
train,97,68,134.0,159.593,25.593002
train,97,69,133.0,148.75816,15.758163
train,97,70,132.0,135.93077,3.9307709
train,97,71,131.0,124.53095,-6.4690475
train,97,72,130.0,114.48119,-15.518806
train,97,73,129.0,107.77715,-21.222847
train,97,74,128.0,106.21145,-21.788551
train,97,75,127.0,112.075264,-14.924736
train,97,76,126.0,115.50378,-10.496223
train,97,77,125.0,125.49949,0.49948883
train,97,78,124.0,130.18138,6.181381
train,97,79,123.0,131.2901,8.2901
train,97,80,122.0,132.12737,10.127365
train,97,81,121.0,129.97075,8.970749
train,97,82,120.0,125.83355,5.8335495
train,97,83,119.0,122.6162,3.6162033
train,97,84,118.0,123.96658,5.9665833
train,97,85,117.0,126.06774,9.067741
train,97,86,116.0,124.29034,8.290337
train,97,87,115.0,133.44908,18.449081
train,97,88,114.0,140.59282,26.59282
train,97,89,113.0,156.66612,43.666122
train,97,90,112.0,161.6216,49.621597
train,97,91,111.0,166.78485,55.78485
train,97,92,110.0,175.30498,65.30498
train,97,93,109.0,182.1477,73.147705
train,97,94,108.0,184.77464,76.77464
train,97,95,107.0,185.3593,78.3593
train,97,96,106.0,179.07973,73.07973
train,97,97,105.0,165.84453,60.84453
train,97,98,104.0,153.1304,49.1304
train,97,99,103.0,150.65077,47.650772
train,97,100,102.0,144.84825,42.84825
train,97,101,101.0,143.46873,42.468735
train,97,102,100.0,141.58249,41.58249
train,97,103,99.0,143.9366,44.9366
train,97,104,98.0,139.6763,41.6763
train,97,105,97.0,130.7643,33.764297
train,97,106,96.0,124.93063,28.930634
train,97,107,95.0,117.459175,22.459175
train,97,108,94.0,106.01205,12.012047
train,97,109,93.0,103.81129,10.811287
train,97,110,92.0,99.96638,7.9663773
train,97,111,91.0,103.51707,12.517067
train,97,112,90.0,102.54958,12.549583
train,97,113,89.0,96.84968,7.849678
train,97,114,88.0,94.79711,6.7971115
train,97,115,87.0,97.48275,10.48275
train,97,116,86.0,103.4539,17.453903
train,97,117,85.0,102.61199,17.611992
train,97,118,84.0,101.021225,17.021225
train,97,119,83.0,99.39972,16.39972
train,97,120,82.0,97.1502,15.1502
train,97,121,81.0,96.158775,15.158775
train,97,122,80.0,96.06922,16.069221
train,97,123,79.0,91.81425,12.814247
train,97,124,78.0,93.49144,15.49144
train,97,125,77.0,92.94298,15.942978
train,97,126,76.0,95.021034,19.021034
train,97,127,75.0,97.592415,22.592415
train,97,128,74.0,96.54133,22.541328
train,97,129,73.0,98.84782,25.847816
train,97,130,72.0,93.11365,21.113647
train,97,131,71.0,88.10259,17.102592
train,97,132,70.0,84.2611,14.261101
train,97,133,69.0,84.13322,15.133217
train,97,134,68.0,85.739525,17.739525
train,97,135,67.0,85.82444,18.82444
train,97,136,66.0,87.12236,21.12236
train,97,137,65.0,85.364845,20.364845
train,97,138,64.0,88.10368,24.103683
train,97,139,63.0,87.48176,24.481758
train,97,140,62.0,83.75439,21.754387
train,97,141,61.0,85.25225,24.25225
train,97,142,60.0,87.8744,27.874397
train,97,143,59.0,90.02182,31.02182
train,97,144,58.0,89.22189,31.221893
train,97,145,57.0,83.70556,26.705559
train,97,146,56.0,75.024864,19.024864
train,97,147,55.0,70.034584,15.034584
train,97,148,54.0,61.204502,7.204502
train,97,149,53.0,52.479374,-0.52062607
train,97,150,52.0,52.672314,0.6723137
train,97,151,51.0,51.083675,0.083675385
train,97,152,50.0,48.877316,-1.1226845
train,97,153,49.0,54.410583,5.4105835
train,97,154,48.0,55.95135,7.951351
train,97,155,47.0,57.613884,10.613884
train,97,156,46.0,56.923897,10.923897
train,97,157,45.0,53.436172,8.4361725
train,97,158,44.0,49.871964,5.8719635
train,97,159,43.0,46.958977,3.9589767
train,97,160,42.0,46.968487,4.968487
train,97,161,41.0,44.50054,3.5005417
train,97,162,40.0,41.621407,1.6214066
train,97,163,39.0,40.76322,1.7632217
train,97,164,38.0,39.56398,1.5639801
train,97,165,37.0,38.37463,1.37463
train,97,166,36.0,35.085144,-0.91485596
train,97,167,35.0,39.145622,4.1456223
train,97,168,34.0,44.52691,10.526909
train,97,169,33.0,51.61824,18.61824
train,97,170,32.0,53.648273,21.648273
train,97,171,31.0,53.00742,22.00742
train,97,172,30.0,48.369827,18.369827
train,97,173,29.0,43.1246,14.124599
train,97,174,28.0,36.890274,8.890274
train,97,175,27.0,33.693306,6.693306
train,97,176,26.0,30.767302,4.7673016
train,97,177,25.0,29.858118,4.858118
train,97,178,24.0,26.146452,2.146452
train,97,179,23.0,23.560886,0.5608864
train,97,180,22.0,21.54254,-0.4574604
train,97,181,21.0,22.744951,1.7449512
train,97,182,20.0,23.732504,3.732504
train,97,183,19.0,26.045916,7.0459156
train,97,184,18.0,30.75163,12.751631
train,97,185,17.0,29.646292,12.646292
train,97,186,16.0,23.635767,7.635767
train,97,187,15.0,18.068138,3.0681381
train,97,188,14.0,13.944298,-0.05570221
train,97,189,13.0,14.946755,1.9467554
train,97,190,12.0,16.543936,4.543936
train,97,191,11.0,12.797097,1.7970972
train,97,192,10.0,11.133045,1.1330452
train,97,193,9.0,10.839693,1.8396931
train,97,194,8.0,9.565587,1.565587
train,97,195,7.0,9.21153,2.2115297
train,97,196,6.0,10.778831,4.7788305
train,97,197,5.0,12.652948,7.6529484
train,97,198,4.0,11.454305,7.4543047
train,97,199,3.0,9.916125,6.9161253
train,97,200,2.0,7.23027,5.23027
train,97,201,1.0,4.171209,3.1712089
train,97,202,0.0,4.4817996,4.4817996
train,99,30,155.0,150.67351,-4.3264923
train,99,31,154.0,148.66434,-5.335663
train,99,32,153.0,148.41568,-4.58432
train,99,33,152.0,145.87817,-6.121826
train,99,34,151.0,144.44978,-6.5502167
train,99,35,150.0,137.78426,-12.215744
train,99,36,149.0,135.60318,-13.39682
train,99,37,148.0,134.77162,-13.228378
train,99,38,147.0,141.76314,-5.236862
train,99,39,146.0,152.028,6.028
train,99,40,145.0,159.51027,14.510269
train,99,41,144.0,162.15958,18.159576
train,99,42,143.0,159.8787,16.878693
train,99,43,142.0,156.42126,14.421265
train,99,44,141.0,152.92966,11.929657
train,99,45,140.0,147.87086,7.870865
train,99,46,139.0,143.62177,4.621765
train,99,47,138.0,140.70949,2.709488
train,99,48,137.0,133.8715,-3.1284943
train,99,49,136.0,129.99199,-6.008011
train,99,50,135.0,130.46024,-4.5397644
train,99,51,134.0,131.19669,-2.8033142
train,99,52,133.0,129.3998,-3.6002045
train,99,53,132.0,126.885414,-5.114586
train,99,54,131.0,127.06379,-3.9362106
train,99,55,130.0,128.99567,-1.0043335
train,99,56,129.0,131.16463,2.164627
train,99,57,128.0,133.86803,5.8680267
train,99,58,127.0,134.3745,7.3744965
train,99,59,126.0,130.58,4.580002
train,99,60,125.0,127.81716,2.8171616
train,99,61,124.0,125.73928,1.7392807
train,99,62,123.0,122.36974,-0.63025665
train,99,63,122.0,120.71635,-1.2836533
train,99,64,121.0,129.83533,8.835327
train,99,65,120.0,147.11504,27.115036
train,99,66,119.0,163.06142,44.061417
train,99,67,118.0,171.1721,53.172104
train,99,68,117.0,183.77174,66.77174
train,99,69,116.0,182.59117,66.59117
train,99,70,115.0,182.74039,67.74039
train,99,71,114.0,183.95587,69.95587
train,99,72,113.0,184.0027,71.0027
train,99,73,112.0,181.20811,69.208115
train,99,74,111.0,181.9841,70.9841
train,99,75,110.0,184.8681,74.8681
train,99,76,109.0,186.8813,77.8813
train,99,77,108.0,187.80351,79.80351
train,99,78,107.0,185.59355,78.59355
train,99,79,106.0,176.2408,70.2408
train,99,80,105.0,165.46794,60.46794
train,99,81,104.0,154.56985,50.569855
train,99,82,103.0,144.5563,41.556305
train,99,83,102.0,133.26743,31.267426
train,99,84,101.0,122.73974,21.739738
train,99,85,100.0,105.08164,5.081642
train,99,86,99.0,95.04286,-3.957138
train,99,87,98.0,87.157616,-10.842384
train,99,88,97.0,77.78135,-19.21865
train,99,89,96.0,70.90265,-25.097351
train,99,90,95.0,80.44211,-14.557892
train,99,91,94.0,91.4887,-2.5112991
train,99,92,93.0,99.22326,6.223259
train,99,93,92.0,105.706474,13.706474
train,99,94,91.0,106.35636,15.356361
train,99,95,90.0,113.233284,23.233284
train,99,96,89.0,112.73461,23.734612
train,99,97,88.0,106.992294,18.992294
train,99,98,87.0,103.68827,16.68827
train,99,99,86.0,100.615944,14.615944
train,99,100,85.0,98.89576,13.89576
train,99,101,84.0,93.66692,9.6669235
train,99,102,83.0,89.95463,6.954628
train,99,103,82.0,86.66375,4.6637497
train,99,104,81.0,88.5007,7.500702
train,99,105,80.0,90.97112,10.971123
train,99,106,79.0,92.16835,13.16835
train,99,107,78.0,89.63998,11.6399765
train,99,108,77.0,90.80892,13.808922
train,99,109,76.0,86.793526,10.793526
train,99,110,75.0,83.82162,8.821617
train,99,111,74.0,77.34115,3.3411484
train,99,112,73.0,71.8363,-1.1636963
train,99,113,72.0,62.965237,-9.034763
train,99,114,71.0,50.83646,-20.16354
train,99,115,70.0,45.111954,-24.888046
train,99,116,69.0,44.24,-24.759998
train,99,117,68.0,50.05272,-17.94728
train,99,118,67.0,60.384575,-6.615425
train,99,119,66.0,62.160263,-3.839737
train,99,120,65.0,73.4349,8.434898
train,99,121,64.0,80.74658,16.746582
train,99,122,63.0,87.7932,24.793198
train,99,123,62.0,88.52109,26.521088
train,99,124,61.0,90.09312,29.093117
train,99,125,60.0,90.14294,30.142937
train,99,126,59.0,88.516975,29.516975
train,99,127,58.0,85.481316,27.481316
train,99,128,57.0,84.38543,27.38543
train,99,129,56.0,79.1724,23.172401
train,99,130,55.0,71.92076,16.920761
train,99,131,54.0,71.21137,17.211372
train,99,132,53.0,66.473656,13.473656
train,99,133,52.0,61.365715,9.365715
train,99,134,51.0,62.466194,11.466194
train,99,135,50.0,57.841114,7.841114
train,99,136,49.0,54.531292,5.531292
train,99,137,48.0,49.736153,1.7361526
train,99,138,47.0,49.17282,2.172821
train,99,139,46.0,42.691547,-3.3084526
train,99,140,45.0,34.978916,-10.021084
train,99,141,44.0,28.295662,-15.704338
train,99,142,43.0,22.297882,-20.702118
train,99,143,42.0,19.111868,-22.888132
train,99,144,41.0,18.423544,-22.576456
train,99,145,40.0,15.762097,-24.237904
train,99,146,39.0,21.484945,-17.515055
train,99,147,38.0,25.394808,-12.605192
train,99,148,37.0,28.903193,-8.0968075
train,99,149,36.0,29.639257,-6.3607426
train,99,150,35.0,31.584631,-3.415369
train,99,151,34.0,32.80958,-1.1904182
train,99,152,33.0,32.17567,-0.8243294
train,99,153,32.0,30.82648,-1.1735191
train,99,154,31.0,33.22527,2.2252693
train,99,155,30.0,32.89939,2.8993912
train,99,156,29.0,33.545338,4.5453377
train,99,157,28.0,34.044106,6.0441055
train,99,158,27.0,34.169212,7.1692123
train,99,159,26.0,32.374413,6.3744125
train,99,160,25.0,30.251333,5.251333
train,99,161,24.0,30.47929,6.47929
train,99,162,23.0,27.713007,4.713007
train,99,163,22.0,28.072378,6.072378
train,99,164,21.0,24.120586,3.1205864
train,99,165,20.0,20.861658,0.8616581
train,99,166,19.0,19.072008,0.07200813
train,99,167,18.0,18.31185,0.3118496
train,99,168,17.0,18.639246,1.639246
train,99,169,16.0,15.642076,-0.35792446
train,99,170,15.0,11.170418,-3.8295822
train,99,171,14.0,9.261007,-4.7389927
train,99,172,13.0,10.600661,-2.3993387
train,99,173,12.0,9.3592825,-2.6407175
train,99,174,11.0,11.291116,0.29111576
train,99,175,10.0,10.51497,0.5149698
train,99,176,9.0,8.8455925,-0.1544075
train,99,177,8.0,7.3500147,-0.6499853
train,99,178,7.0,7.7437396,0.7437396
train,99,179,6.0,5.6517015,-0.34829855
train,99,180,5.0,5.063595,0.06359482
train,99,181,4.0,3.728799,-0.2712009
train,99,182,3.0,1.5962503,-1.4037497
train,99,183,2.0,0.22438802,-1.775612
train,99,184,1.0,0.0960647,-0.9039353
train,99,185,0.0,2.255103,2.255103
val,3,30,149.0,152.77818,3.778183
val,3,31,148.0,149.91518,1.9151764
val,3,32,147.0,149.94989,2.9498901
val,3,33,146.0,150.43147,4.431473
val,3,34,145.0,151.02765,6.027649
val,3,35,144.0,149.47514,5.4751434
val,3,36,143.0,145.34412,2.3441162
val,3,37,142.0,147.77481,5.774811
val,3,38,141.0,140.50313,-0.49687195
val,3,39,140.0,137.41676,-2.5832367
val,3,40,139.0,136.89005,-2.1099548
val,3,41,138.0,133.97078,-4.0292206
val,3,42,137.0,133.82413,-3.1758728
val,3,43,136.0,130.44456,-5.555435
val,3,44,135.0,131.88605,-3.1139526
val,3,45,134.0,138.78621,4.786209
val,3,46,133.0,135.67891,2.6789093
val,3,47,132.0,138.58998,6.589981
val,3,48,131.0,141.77722,10.777222
val,3,49,130.0,145.30931,15.309311
val,3,50,129.0,143.1397,14.139694
val,3,51,128.0,148.85847,20.858475
val,3,52,127.0,151.59718,24.597183
val,3,53,126.0,155.13863,29.138626
val,3,54,125.0,156.42693,31.426926
val,3,55,124.0,155.14189,31.141891
val,3,56,123.0,151.3573,28.3573
val,3,57,122.0,144.18434,22.184341
val,3,58,121.0,138.67717,17.67717
val,3,59,120.0,136.34244,16.342438
val,3,60,119.0,126.2519,7.2518997
val,3,61,118.0,122.98314,4.983139
val,3,62,117.0,117.763084,0.7630844
val,3,63,116.0,113.218735,-2.7812653
val,3,64,115.0,104.25437,-10.745628
val,3,65,114.0,107.50047,-6.499527
val,3,66,113.0,114.64953,1.6495285
val,3,67,112.0,121.15683,9.15683
val,3,68,111.0,127.27339,16.273392
val,3,69,110.0,131.93347,21.933472
val,3,70,109.0,134.83379,25.833786
val,3,71,108.0,134.82893,26.828934
val,3,72,107.0,132.28355,25.283554
val,3,73,106.0,132.2147,26.214706
val,3,74,105.0,130.9052,25.905197
val,3,75,104.0,128.3111,24.311096
val,3,76,103.0,130.45903,27.45903
val,3,77,102.0,129.06628,27.066284
val,3,78,101.0,125.58562,24.585617
val,3,79,100.0,124.71779,24.717789
val,3,80,99.0,123.075165,24.075165
val,3,81,98.0,121.22079,23.220787
val,3,82,97.0,124.26385,27.263847
val,3,83,96.0,125.203285,29.203285
val,3,84,95.0,125.472855,30.472855
val,3,85,94.0,121.88214,27.882141
val,3,86,93.0,116.25416,23.254158
val,3,87,92.0,112.720924,20.720924
val,3,88,91.0,106.5247,15.524696
val,3,89,90.0,98.341415,8.341415
val,3,90,89.0,84.22236,-4.7776413
val,3,91,88.0,87.887955,-0.11204529
val,3,92,87.0,94.112434,7.1124344
val,3,93,86.0,93.842804,7.842804
val,3,94,85.0,105.37235,20.372353
val,3,95,84.0,110.29595,26.295952
val,3,96,83.0,112.283424,29.283424
val,3,97,82.0,112.83657,30.83657
val,3,98,81.0,114.677315,33.677315
val,3,99,80.0,113.63244,33.63244
val,3,100,79.0,115.69811,36.698112
val,3,101,78.0,110.95084,32.950844
val,3,102,77.0,110.83279,33.832787
val,3,103,76.0,110.14898,34.14898
val,3,104,75.0,106.66334,31.663338
val,3,105,74.0,107.22192,33.221916
val,3,106,73.0,103.82151,30.82151
val,3,107,72.0,97.31774,25.317741
val,3,108,71.0,89.80274,18.802742
val,3,109,70.0,86.95173,16.951729
val,3,110,69.0,81.15001,12.150009
val,3,111,68.0,76.383255,8.383255
val,3,112,67.0,71.32244,4.322441
val,3,113,66.0,66.55745,0.55744934
val,3,114,65.0,66.548935,1.5489349
val,3,115,64.0,61.718307,-2.2816925
val,3,116,63.0,59.968246,-3.0317535
val,3,117,62.0,60.635254,-1.3647461
val,3,118,61.0,58.211918,-2.7880821
val,3,119,60.0,53.742126,-6.2578735
val,3,120,59.0,53.000206,-5.999794
val,3,121,58.0,55.789806,-2.2101936
val,3,122,57.0,49.7978,-7.202202
val,3,123,56.0,47.312935,-8.687065
val,3,124,55.0,45.38121,-9.61879
val,3,125,54.0,38.627487,-15.372513
val,3,126,53.0,33.750862,-19.249138
val,3,127,52.0,29.158777,-22.841223
val,3,128,51.0,26.792204,-24.207796
val,3,129,50.0,27.513401,-22.486599
val,3,130,49.0,24.25943,-24.74057
val,3,131,48.0,23.252857,-24.747143
val,3,132,47.0,22.353613,-24.646387
val,3,133,46.0,23.48799,-22.51201
val,3,134,45.0,19.097174,-25.902826
val,3,135,44.0,15.334482,-28.665518
val,3,136,43.0,11.779686,-31.220314
val,3,137,42.0,9.860126,-32.139874
val,3,138,41.0,10.482059,-30.51794
val,3,139,40.0,10.214915,-29.785084
val,3,140,39.0,10.029802,-28.970198
val,3,141,38.0,11.448159,-26.551842
val,3,142,37.0,13.553174,-23.446827
val,3,143,36.0,15.067168,-20.93283
val,3,144,35.0,14.423709,-20.57629
val,3,145,34.0,16.973759,-17.026241
val,3,146,33.0,18.12444,-14.875561
val,3,147,32.0,20.158594,-11.841406
val,3,148,31.0,19.556559,-11.443441
val,3,149,30.0,20.532518,-9.467482
val,3,150,29.0,23.419779,-5.580221
val,3,151,28.0,24.731768,-3.2682323
val,3,152,27.0,28.828678,1.8286781
val,3,153,26.0,29.8033,3.8033009
val,3,154,25.0,33.330746,8.330746
val,3,155,24.0,31.787928,7.7879276
val,3,156,23.0,32.018982,9.018982
val,3,157,22.0,26.736067,4.736067
val,3,158,21.0,23.023664,2.0236645
val,3,159,20.0,21.79584,1.7958393
val,3,160,19.0,17.16225,-1.8377495
val,3,161,18.0,17.009861,-0.990139
val,3,162,17.0,19.245163,2.245163
val,3,163,16.0,20.720442,4.720442
val,3,164,15.0,18.382185,3.382185
val,3,165,14.0,14.984769,0.98476887
val,3,166,13.0,15.371463,2.3714628
val,3,167,12.0,14.063083,2.0630827
val,3,168,11.0,12.164052,1.164052
val,3,169,10.0,9.907161,-0.09283924
val,3,170,9.0,6.522821,-2.477179
val,3,171,8.0,2.9269543,-5.0730457
val,3,172,7.0,4.809398,-2.1906018
val,3,173,6.0,7.7637525,1.7637525
val,3,174,5.0,10.851925,5.851925
val,3,175,4.0,10.008924,6.0089235
val,3,176,3.0,8.915292,5.915292
val,3,177,2.0,6.1005063,4.1005063
val,3,178,1.0,2.5964005,1.5964005
val,3,179,0.0,2.9807043,2.9807043
val,5,30,239.0,153.14294,-85.857056
val,5,31,238.0,157.02408,-80.97592
val,5,32,237.0,161.67688,-75.32312
val,5,33,236.0,160.60594,-75.39406
val,5,34,235.0,158.57709,-76.42291
val,5,35,234.0,156.86339,-77.13661
val,5,36,233.0,154.0353,-78.96471
val,5,37,232.0,155.93275,-76.067245
val,5,38,231.0,150.55074,-80.449265
val,5,39,230.0,151.14856,-78.85144
val,5,40,229.0,140.8462,-88.15379
val,5,41,228.0,134.06053,-93.93947
val,5,42,227.0,130.83525,-96.16475
val,5,43,226.0,130.3702,-95.62981
val,5,44,225.0,135.43785,-89.56215
val,5,45,224.0,144.65498,-79.34502
val,5,46,223.0,146.74503,-76.254974
val,5,47,222.0,151.34628,-70.65372
val,5,48,221.0,154.96667,-66.033325
val,5,49,220.0,149.84425,-70.15575
val,5,50,219.0,145.76567,-73.23433
val,5,51,218.0,142.7518,-75.2482
val,5,52,217.0,145.76498,-71.235016
val,5,53,216.0,138.25902,-77.74098
val,5,54,215.0,139.99617,-75.00383
val,5,55,214.0,144.5109,-69.489105
val,5,56,213.0,147.19637,-65.803635
val,5,57,212.0,156.95763,-55.042374
val,5,58,211.0,160.06157,-50.93843
val,5,59,210.0,164.90909,-45.09091
val,5,60,209.0,163.18802,-45.81198
val,5,61,208.0,163.49838,-44.501617
val,5,62,207.0,154.49982,-52.500183
val,5,63,206.0,150.30028,-55.699722
val,5,64,205.0,148.72752,-56.272476
val,5,65,204.0,152.8436,-51.156403
val,5,66,203.0,147.37431,-55.625687
val,5,67,202.0,143.38245,-58.617554
val,5,68,201.0,146.66295,-54.33705
val,5,69,200.0,143.25851,-56.741486
val,5,70,199.0,148.03937,-50.960632
val,5,71,198.0,141.5652,-56.4348
val,5,72,197.0,143.1198,-53.880203
val,5,73,196.0,142.46501,-53.53499
val,5,74,195.0,146.5095,-48.490494
val,5,75,194.0,134.55031,-59.44969
val,5,76,193.0,128.84586,-64.154144
val,5,77,192.0,121.90476,-70.09524
val,5,78,191.0,111.86094,-79.13906
val,5,79,190.0,103.72413,-86.27587
val,5,80,189.0,97.04302,-91.95698
val,5,81,188.0,95.93996,-92.06004
val,5,82,187.0,95.44696,-91.55304
val,5,83,186.0,104.324455,-81.675545
val,5,84,185.0,110.42875,-74.57125
val,5,85,184.0,110.00036,-73.99964
val,5,86,183.0,114.21541,-68.78459
val,5,87,182.0,108.17774,-73.82226
val,5,88,181.0,108.80884,-72.19116
val,5,89,180.0,111.77975,-68.22025
val,5,90,179.0,115.844284,-63.155716
val,5,91,178.0,123.7485,-54.251503
val,5,92,177.0,133.86128,-43.138718
val,5,93,176.0,139.3334,-36.666595
val,5,94,175.0,138.47612,-36.52388
val,5,95,174.0,144.7171,-29.282898
val,5,96,173.0,145.01428,-27.985718
val,5,97,172.0,144.61705,-27.38295
val,5,98,171.0,147.86754,-23.132462
val,5,99,170.0,147.89018,-22.109818
val,5,100,169.0,148.11412,-20.88588
val,5,101,168.0,141.428,-26.572006
val,5,102,167.0,136.12738,-30.87262
val,5,103,166.0,128.8536,-37.146393
val,5,104,165.0,123.12304,-41.87696
val,5,105,164.0,116.6315,-47.3685
val,5,106,163.0,114.459984,-48.540016
val,5,107,162.0,115.42164,-46.57836
val,5,108,161.0,114.708,-46.292
val,5,109,160.0,115.94664,-44.05336
val,5,110,159.0,121.91912,-37.08088
val,5,111,158.0,120.753525,-37.246475
val,5,112,157.0,117.12105,-39.878952
val,5,113,156.0,115.529106,-40.470894
val,5,114,155.0,115.705025,-39.294975
val,5,115,154.0,117.80077,-36.199226
val,5,116,153.0,128.9579,-24.042099
val,5,117,152.0,128.90157,-23.098434
val,5,118,151.0,139.09663,-11.903366
val,5,119,150.0,144.43008,-5.569916
val,5,120,149.0,140.71852,-8.281479
val,5,121,148.0,132.91455,-15.085449
val,5,122,147.0,128.18706,-18.812943
val,5,123,146.0,125.23449,-20.76551
val,5,124,145.0,123.64381,-21.356194
val,5,125,144.0,130.55365,-13.44635
val,5,126,143.0,131.00957,-11.990433
val,5,127,142.0,139.19911,-2.800888
val,5,128,141.0,130.395,-10.604996
val,5,129,140.0,127.431206,-12.568794
val,5,130,139.0,114.02554,-24.974457
val,5,131,138.0,106.22494,-31.775063
val,5,132,137.0,97.98961,-39.01039
val,5,133,136.0,88.55958,-47.440422
val,5,134,135.0,90.08924,-44.91076
val,5,135,134.0,91.42684,-42.57316
val,5,136,133.0,94.86571,-38.134293
val,5,137,132.0,88.96103,-43.03897
val,5,138,131.0,98.19029,-32.809708
val,5,139,130.0,100.561356,-29.438644
val,5,140,129.0,96.681694,-32.318306
val,5,141,128.0,94.75809,-33.241913
val,5,142,127.0,93.42632,-33.573677
val,5,143,126.0,98.91034,-27.08966
val,5,144,125.0,106.47105,-18.528954
val,5,145,124.0,115.21317,-8.786827
val,5,146,123.0,112.67358,-10.326424
val,5,147,122.0,116.94439,-5.0556107
val,5,148,121.0,125.99089,4.9908905
val,5,149,120.0,125.79142,5.79142
val,5,150,119.0,120.23411,1.234108
val,5,151,118.0,118.4476,0.44760132
val,5,152,117.0,114.41813,-2.581871
val,5,153,116.0,111.766884,-4.233116
val,5,154,115.0,107.85418,-7.1458206
val,5,155,114.0,102.15298,-11.847023
val,5,156,113.0,91.5833,-21.416702
val,5,157,112.0,78.59131,-33.40869
val,5,158,111.0,69.84174,-41.158257
val,5,159,110.0,58.898712,-51.101288
val,5,160,109.0,52.72036,-56.27964
val,5,161,108.0,50.30694,-57.69306
val,5,162,107.0,53.75707,-53.24293
val,5,163,106.0,52.3497,-53.6503
val,5,164,105.0,56.00117,-48.99883
val,5,165,104.0,52.418278,-51.581722
val,5,166,103.0,46.50816,-56.49184
val,5,167,102.0,47.430077,-54.569923
val,5,168,101.0,43.321922,-57.678078
val,5,169,100.0,38.08784,-61.91216
val,5,170,99.0,38.248344,-60.751656
val,5,171,98.0,40.013535,-57.986465
val,5,172,97.0,40.200974,-56.799026
val,5,173,96.0,48.296177,-47.703823
val,5,174,95.0,55.82132,-39.17868
val,5,175,94.0,59.29954,-34.70046
val,5,176,93.0,67.5188,-25.481201
val,5,177,92.0,74.44987,-17.550133
val,5,178,91.0,73.84336,-17.15664
val,5,179,90.0,71.55444,-18.445557
val,5,180,89.0,76.31623,-12.683769
val,5,181,88.0,87.71844,-0.2815628
val,5,182,87.0,95.618835,8.618835
val,5,183,86.0,101.54137,15.541367
val,5,184,85.0,99.98177,14.981773
val,5,185,84.0,94.74876,10.748756
val,5,186,83.0,93.83532,10.8353195
val,5,187,82.0,90.51469,8.514687
val,5,188,81.0,88.22697,7.226967
val,5,189,80.0,89.34675,9.346748
val,5,190,79.0,92.75708,13.75708
val,5,191,78.0,90.05933,12.059334
val,5,192,77.0,83.553215,6.553215
val,5,193,76.0,74.50568,-1.4943237
val,5,194,75.0,71.02147,-3.978531
val,5,195,74.0,65.099304,-8.900696
val,5,196,73.0,61.30377,-11.696232
val,5,197,72.0,56.91941,-15.080589
val,5,198,71.0,48.545586,-22.454414
val,5,199,70.0,41.870422,-28.129578
val,5,200,69.0,38.63657,-30.36343
val,5,201,68.0,36.352333,-31.647667
val,5,202,67.0,34.410942,-32.589058
val,5,203,66.0,34.50653,-31.49347
val,5,204,65.0,32.348045,-32.651955
val,5,205,64.0,33.54035,-30.459648
val,5,206,63.0,32.523235,-30.476765
val,5,207,62.0,33.080276,-28.919724
val,5,208,61.0,38.370308,-22.629692
val,5,209,60.0,36.349503,-23.650497
val,5,210,59.0,34.325134,-24.674866
val,5,211,58.0,31.12209,-26.87791
val,5,212,57.0,28.759396,-28.240604
val,5,213,56.0,24.870047,-31.129953
val,5,214,55.0,21.69366,-33.30634
val,5,215,54.0,22.888708,-31.111292
val,5,216,53.0,25.706493,-27.293507
val,5,217,52.0,28.18461,-23.81539
val,5,218,51.0,30.680857,-20.319143
val,5,219,50.0,25.98963,-24.01037
val,5,220,49.0,24.782412,-24.217588
val,5,221,48.0,20.76668,-27.23332
val,5,222,47.0,19.803703,-27.196297
val,5,223,46.0,20.956839,-25.043161
val,5,224,45.0,20.931131,-24.068869
val,5,225,44.0,18.544636,-25.455364
val,5,226,43.0,22.313099,-20.686901
val,5,227,42.0,22.620432,-19.379568
val,5,228,41.0,24.073729,-16.926271
val,5,229,40.0,28.043865,-11.956135
val,5,230,39.0,28.03856,-10.961439
val,5,231,38.0,27.571089,-10.428911
val,5,232,37.0,27.468796,-9.531204
val,5,233,36.0,27.02041,-8.979589
val,5,234,35.0,26.504988,-8.495012
val,5,235,34.0,26.15382,-7.84618
val,5,236,33.0,26.889427,-6.110573
val,5,237,32.0,27.331686,-4.668314
val,5,238,31.0,26.957048,-4.0429516
val,5,239,30.0,28.258698,-1.7413025
val,5,240,29.0,27.005856,-1.9941444
val,5,241,28.0,27.327944,-0.6720562
val,5,242,27.0,29.9112,2.9111996
val,5,243,26.0,28.66992,2.66992
val,5,244,25.0,25.242245,0.24224472
val,5,245,24.0,22.312963,-1.6870365
val,5,246,23.0,18.315117,-4.684883
val,5,247,22.0,15.472198,-6.5278025
val,5,248,21.0,14.058829,-6.9411707
val,5,249,20.0,14.404528,-5.5954723
val,5,250,19.0,10.978745,-8.021255
val,5,251,18.0,11.445159,-6.554841
val,5,252,17.0,11.47476,-5.52524
val,5,253,16.0,11.662481,-4.3375187
val,5,254,15.0,11.660017,-3.339983
val,5,255,14.0,10.2237215,-3.7762785
val,5,256,13.0,9.449837,-3.5501633
val,5,257,12.0,5.9118085,-6.0881915
val,5,258,11.0,6.663891,-4.336109
val,5,259,10.0,9.809655,-0.19034481
val,5,260,9.0,9.638745,0.6387453
val,5,261,8.0,9.985463,1.9854631
val,5,262,7.0,10.294907,3.2949066
val,5,263,6.0,14.768409,8.768409
val,5,264,5.0,12.926412,7.9264116
val,5,265,4.0,12.241498,8.241498
val,5,266,3.0,10.594686,7.5946856
val,5,267,2.0,12.001922,10.001922
val,5,268,1.0,12.168464,11.168464
val,5,269,0.0,14.688825,14.688825
val,19,30,128.0,162.01555,34.01555
val,19,31,127.0,157.14032,30.14032
val,19,32,126.0,145.6747,19.674698
val,19,33,125.0,137.08562,12.085617
val,19,34,124.0,129.59866,5.5986633
val,19,35,123.0,123.18135,0.18135071
val,19,36,122.0,118.78286,-3.2171402
val,19,37,121.0,114.762245,-6.237755
val,19,38,120.0,108.53646,-11.463539
val,19,39,119.0,107.35319,-11.646812
val,19,40,118.0,109.619194,-8.380806
val,19,41,117.0,113.087326,-3.912674
val,19,42,116.0,117.285576,1.2855759
val,19,43,115.0,120.0934,5.093399
val,19,44,114.0,121.16422,7.1642227
val,19,45,113.0,115.83615,2.8361511
val,19,46,112.0,107.6343,-4.3657
val,19,47,111.0,103.09058,-7.909416
val,19,48,110.0,101.11158,-8.88842
val,19,49,109.0,97.55903,-11.440971
val,19,50,108.0,98.69315,-9.306847
val,19,51,107.0,100.88873,-6.111267
val,19,52,106.0,103.92028,-2.0797195
val,19,53,105.0,102.499435,-2.5005646
val,19,54,104.0,105.61569,1.6156921
val,19,55,103.0,110.51914,7.519142
val,19,56,102.0,111.32685,9.326851
val,19,57,101.0,112.46501,11.465012
val,19,58,100.0,111.369514,11.369514
val,19,59,99.0,108.99735,9.997353
val,19,60,98.0,104.70808,6.7080765
val,19,61,97.0,98.03968,1.0396805
val,19,62,96.0,94.963936,-1.0360641
val,19,63,95.0,90.864235,-4.135765
val,19,64,94.0,91.52082,-2.4791794
val,19,65,93.0,95.47616,2.4761581
val,19,66,92.0,100.475044,8.475044
val,19,67,91.0,104.78579,13.7857895
val,19,68,90.0,112.67775,22.67775
val,19,69,89.0,115.962746,26.962746
val,19,70,88.0,125.83622,37.83622
val,19,71,87.0,127.57821,40.57821
val,19,72,86.0,126.03272,40.032722
val,19,73,85.0,123.15392,38.153923
val,19,74,84.0,125.076164,41.076164
val,19,75,83.0,122.54337,39.543373
val,19,76,82.0,118.157555,36.157555
val,19,77,81.0,115.67181,34.671806
val,19,78,80.0,113.37365,33.37365
val,19,79,79.0,111.39602,32.39602
val,19,80,78.0,108.27329,30.273293
val,19,81,77.0,102.511406,25.511406
val,19,82,76.0,100.0541,24.0541
val,19,83,75.0,96.36686,21.36686
val,19,84,74.0,91.74966,17.749657
val,19,85,73.0,87.41598,14.4159775
val,19,86,72.0,83.71848,11.718483
val,19,87,71.0,80.939606,9.939606
val,19,88,70.0,76.67152,6.6715164
val,19,89,69.0,67.67293,-1.3270721
val,19,90,68.0,65.10763,-2.8923721
val,19,91,67.0,62.852013,-4.1479874
val,19,92,66.0,61.077206,-4.9227943
val,19,93,65.0,58.96567,-6.0343285
val,19,94,64.0,58.71425,-5.2857513
val,19,95,63.0,56.105564,-6.894436
val,19,96,62.0,50.026104,-11.973896
val,19,97,61.0,47.779808,-13.220192
val,19,98,60.0,46.276825,-13.723175
val,19,99,59.0,45.6842,-13.3158
val,19,100,58.0,45.457428,-12.542572
val,19,101,57.0,47.290924,-9.709076
val,19,102,56.0,49.753616,-6.2463837
val,19,103,55.0,55.231735,0.23173523
val,19,104,54.0,58.10062,4.1006203
val,19,105,53.0,62.5482,9.548199
val,19,106,52.0,64.91895,12.918953
val,19,107,51.0,64.18769,13.187691
val,19,108,50.0,61.77801,11.778011
val,19,109,49.0,62.50213,13.502129
val,19,110,48.0,62.918175,14.918175
val,19,111,47.0,61.388844,14.388844
val,19,112,46.0,58.553864,12.553864
val,19,113,45.0,57.847168,12.847168
val,19,114,44.0,56.60314,12.603142
val,19,115,43.0,53.929527,10.929527
val,19,116,42.0,52.469746,10.469746
val,19,117,41.0,56.607697,15.607697
val,19,118,40.0,60.201866,20.201866
val,19,119,39.0,62.563232,23.563232
val,19,120,38.0,61.464157,23.464157
val,19,121,37.0,60.003525,23.003525
val,19,122,36.0,55.89544,19.89544
val,19,123,35.0,48.26329,13.26329
val,19,124,34.0,43.281944,9.281944
val,19,125,33.0,39.737335,6.737335
val,19,126,32.0,38.104015,6.1040154
val,19,127,31.0,38.450928,7.4509277
val,19,128,30.0,38.539948,8.5399475
val,19,129,29.0,37.39841,8.398411
val,19,130,28.0,38.612038,10.612038
val,19,131,27.0,35.759872,8.759872
val,19,132,26.0,32.112576,6.1125755
val,19,133,25.0,32.997673,7.997673
val,19,134,24.0,31.445435,7.4454346
val,19,135,23.0,29.437586,6.437586
val,19,136,22.0,27.19908,5.1990795
val,19,137,21.0,24.120167,3.1201668
val,19,138,20.0,20.82678,0.8267803
val,19,139,19.0,17.123634,-1.8763657
val,19,140,18.0,12.435489,-5.5645113
val,19,141,17.0,10.770948,-6.2290516
val,19,142,16.0,10.1410265,-5.8589735
val,19,143,15.0,11.235543,-3.7644567
val,19,144,14.0,15.172235,1.1722345
val,19,145,13.0,18.395273,5.395273
val,19,146,12.0,18.76666,6.7666607
val,19,147,11.0,16.933947,5.9339466
val,19,148,10.0,16.158012,6.1580124
val,19,149,9.0,15.2474785,6.2474785
val,19,150,8.0,13.720105,5.720105
val,19,151,7.0,12.53302,5.53302
val,19,152,6.0,11.55675,5.5567503
val,19,153,5.0,9.194782,4.1947823
val,19,154,4.0,10.769339,6.7693386
val,19,155,3.0,11.510102,8.510102
val,19,156,2.0,10.975919,8.975919
val,19,157,1.0,7.793075,6.793075
val,19,158,0.0,6.2036204,6.2036204
val,22,30,172.0,107.04615,-64.95385
val,22,31,171.0,107.49908,-63.500923
val,22,32,170.0,109.652275,-60.347725
val,22,33,169.0,115.8976,-53.1024
val,22,34,168.0,123.856224,-44.143776
val,22,35,167.0,126.681885,-40.318115
val,22,36,166.0,133.3354,-32.664597
val,22,37,165.0,140.24557,-24.754425
val,22,38,164.0,143.2582,-20.741806
val,22,39,163.0,146.54924,-16.45076
val,22,40,162.0,151.15718,-10.842819
val,22,41,161.0,145.08708,-15.912918
val,22,42,160.0,141.84335,-18.156647
val,22,43,159.0,136.7625,-22.237503
val,22,44,158.0,128.94957,-29.05043
val,22,45,157.0,126.02102,-30.978981
val,22,46,156.0,121.487785,-34.512215
val,22,47,155.0,118.12949,-36.870506
val,22,48,154.0,114.8382,-39.161797
val,22,49,153.0,114.978035,-38.021965
val,22,50,152.0,113.5372,-38.4628
val,22,51,151.0,112.352844,-38.647156
val,22,52,150.0,112.69883,-37.30117
val,22,53,149.0,106.41971,-42.58029
val,22,54,148.0,98.76526,-49.23474
val,22,55,147.0,89.65855,-57.341454
val,22,56,146.0,81.880005,-64.119995
val,22,57,145.0,75.84047,-69.15953
val,22,58,144.0,71.19376,-72.80624
val,22,59,143.0,69.413506,-73.586494
val,22,60,142.0,70.5879,-71.4121
val,22,61,141.0,73.71649,-67.28351
val,22,62,140.0,77.01345,-62.98655
val,22,63,139.0,85.41849,-53.581512
val,22,64,138.0,91.61161,-46.38839
val,22,65,137.0,97.67389,-39.32611
val,22,66,136.0,101.829506,-34.170494
val,22,67,135.0,105.64451,-29.355492
val,22,68,134.0,104.76712,-29.23288
val,22,69,133.0,104.63044,-28.36956
val,22,70,132.0,104.38903,-27.61097
val,22,71,131.0,103.89626,-27.103737
val,22,72,130.0,106.42779,-23.572212
val,22,73,129.0,111.67737,-17.322632
val,22,74,128.0,117.903496,-10.096504
val,22,75,127.0,129.1944,2.194397
val,22,76,126.0,130.48695,4.4869537
val,22,77,125.0,135.35274,10.352737
val,22,78,124.0,131.93529,7.9352875
val,22,79,123.0,129.19405,6.194046
val,22,80,122.0,125.436966,3.436966
val,22,81,121.0,120.42903,-0.5709686
val,22,82,120.0,113.891365,-6.108635
val,22,83,119.0,109.85186,-9.14814
val,22,84,118.0,104.52394,-13.476059
val,22,85,117.0,103.70382,-13.296181
val,22,86,116.0,100.80644,-15.193558
val,22,87,115.0,99.19398,-15.806023
val,22,88,114.0,100.58878,-13.411217
val,22,89,113.0,100.856514,-12.143486
val,22,90,112.0,96.313354,-15.6866455
val,22,91,111.0,93.541176,-17.458824
val,22,92,110.0,89.64434,-20.35566
val,22,93,109.0,86.03889,-22.961113
val,22,94,108.0,76.36822,-31.631783
val,22,95,107.0,70.41126,-36.588737
val,22,96,106.0,64.5186,-41.4814
val,22,97,105.0,59.782864,-45.217136
val,22,98,104.0,59.73783,-44.26217
val,22,99,103.0,66.041214,-36.958786
val,22,100,102.0,67.88846,-34.11154
val,22,101,101.0,76.86828,-24.131721
val,22,102,100.0,84.352776,-15.647224
val,22,103,99.0,87.26391,-11.736092
val,22,104,98.0,89.96449,-8.035507
val,22,105,97.0,91.07461,-5.925392
val,22,106,96.0,89.4965,-6.503502
val,22,107,95.0,87.71476,-7.28524
val,22,108,94.0,86.01195,-7.9880524
val,22,109,93.0,83.48029,-9.519707
val,22,110,92.0,79.97345,-12.02655
val,22,111,91.0,80.2067,-10.793297
val,22,112,90.0,80.54255,-9.457451
val,22,113,89.0,78.07805,-10.921951
val,22,114,88.0,79.88148,-8.118523
val,22,115,87.0,80.0609,-6.939102
val,22,116,86.0,82.839264,-3.160736
val,22,117,85.0,85.53372,0.5337219
val,22,118,84.0,84.04196,0.04196167
val,22,119,83.0,79.048256,-3.951744
val,22,120,82.0,78.34913,-3.6508713
val,22,121,81.0,73.006195,-7.993805
val,22,122,80.0,70.96649,-9.033508
val,22,123,79.0,73.27092,-5.72908
val,22,124,78.0,73.86107,-4.1389313
val,22,125,77.0,75.16923,-1.8307724
val,22,126,76.0,73.4929,-2.507103
val,22,127,75.0,74.6283,-0.37169647
val,22,128,74.0,73.842514,-0.15748596
val,22,129,73.0,75.08024,2.0802383
val,22,130,72.0,75.432014,3.4320145
val,22,131,71.0,76.81243,5.8124313
val,22,132,70.0,76.486534,6.486534
val,22,133,69.0,73.17222,4.1722183
val,22,134,68.0,68.069664,0.069664
val,22,135,67.0,62.547684,-4.4523163
val,22,136,66.0,58.401764,-7.598236
val,22,137,65.0,57.50007,-7.4999313
val,22,138,64.0,57.231033,-6.7689667
val,22,139,63.0,59.96185,-3.0381508
val,22,140,62.0,59.93074,-2.0692596
val,22,141,61.0,57.879078,-3.120922
val,22,142,60.0,55.30519,-4.694809
val,22,143,59.0,54.87291,-4.1270905
val,22,144,58.0,53.20014,-4.799858
val,22,145,57.0,52.839706,-4.1602936
val,22,146,56.0,51.790646,-4.2093544
val,22,147,55.0,51.285095,-3.7149048
val,22,148,54.0,51.360607,-2.6393929
val,22,149,53.0,54.093445,1.0934448
val,22,150,52.0,52.16319,0.16318893
val,22,151,51.0,53.379997,2.3799973
val,22,152,50.0,56.14068,6.1406784
val,22,153,49.0,58.931164,9.931164
val,22,154,48.0,58.917126,10.917126
val,22,155,47.0,59.723747,12.723747
val,22,156,46.0,57.56673,11.5667305
val,22,157,45.0,59.497986,14.497986
val,22,158,44.0,61.98081,17.980808
val,22,159,43.0,60.63467,17.63467
val,22,160,42.0,58.164635,16.164635
val,22,161,41.0,54.833473,13.833473
val,22,162,40.0,50.02718,10.02718
val,22,163,39.0,46.34433,7.34433
val,22,164,38.0,49.393997,11.393997
val,22,165,37.0,52.60887,15.608871
val,22,166,36.0,53.05048,17.05048
val,22,167,35.0,54.21591,19.215912
val,22,168,34.0,50.159477,16.159477
val,22,169,33.0,46.041176,13.041176
val,22,170,32.0,45.117367,13.117367
val,22,171,31.0,44.411076,13.411076
val,22,172,30.0,41.868553,11.868553
val,22,173,29.0,38.74975,9.749748
val,22,174,28.0,35.022354,7.022354
val,22,175,27.0,31.30532,4.3053207
val,22,176,26.0,29.494751,3.494751
val,22,177,25.0,32.816742,7.816742
val,22,178,24.0,32.51068,8.510681
val,22,179,23.0,29.484407,6.4844074
val,22,180,22.0,26.453066,4.453066
val,22,181,21.0,24.737625,3.7376251
val,22,182,20.0,25.99788,5.997881
val,22,183,19.0,29.250132,10.250132
val,22,184,18.0,28.024862,10.024862
val,22,185,17.0,26.809675,9.809675
val,22,186,16.0,25.961119,9.961119
val,22,187,15.0,23.402105,8.402105
val,22,188,14.0,19.891363,5.891363
val,22,189,13.0,19.071405,6.0714054
val,22,190,12.0,18.588755,6.5887547
val,22,191,11.0,15.834584,4.834584
val,22,192,10.0,14.8690195,4.8690195
val,22,193,9.0,13.115301,4.115301
val,22,194,8.0,12.899535,4.899535
val,22,195,7.0,9.272559,2.2725592
val,22,196,6.0,8.382232,2.3822317
val,22,197,5.0,6.640066,1.6400661
val,22,198,4.0,8.65487,4.65487
val,22,199,3.0,6.9179673,3.9179673
val,22,200,2.0,6.380662,4.380662
val,22,201,1.0,5.992759,4.992759
val,22,202,0.0,5.468014,5.468014
val,25,30,200.0,207.61443,7.6144257
val,25,31,199.0,202.93153,3.9315338
val,25,32,198.0,196.34995,-1.6500549
val,25,33,197.0,187.65033,-9.34967
val,25,34,196.0,181.62166,-14.378342
val,25,35,195.0,178.21808,-16.781921
val,25,36,194.0,174.00948,-19.990524
val,25,37,193.0,169.78731,-23.212692
val,25,38,192.0,165.78348,-26.216522
val,25,39,191.0,160.567,-30.432999
val,25,40,190.0,154.11797,-35.882034
val,25,41,189.0,150.99702,-38.002975
val,25,42,188.0,148.92485,-39.07515
val,25,43,187.0,144.60823,-42.39177
val,25,44,186.0,137.61975,-48.38025
val,25,45,185.0,135.13676,-49.863235
val,25,46,184.0,134.78137,-49.218628
val,25,47,183.0,128.18561,-54.814392
val,25,48,182.0,122.081955,-59.918045
val,25,49,181.0,114.91015,-66.08985
val,25,50,180.0,114.130806,-65.869194
val,25,51,179.0,113.910255,-65.089745
val,25,52,178.0,119.62019,-58.379807
val,25,53,177.0,129.3624,-47.637604
val,25,54,176.0,132.68706,-43.312943
val,25,55,175.0,135.53096,-39.46904
val,25,56,174.0,136.36253,-37.637466
val,25,57,173.0,141.96883,-31.031174
val,25,58,172.0,149.87988,-22.120117
val,25,59,171.0,153.43196,-17.568039
val,25,60,170.0,155.70671,-14.293289
val,25,61,169.0,159.3903,-9.609695
val,25,62,168.0,158.20299,-9.797012
val,25,63,167.0,161.95212,-5.047882
val,25,64,166.0,165.66219,-0.33781433
val,25,65,165.0,161.5355,-3.4644928
val,25,66,164.0,154.10512,-9.894882
val,25,67,163.0,153.3684,-9.631607
val,25,68,162.0,150.22487,-11.775131
val,25,69,161.0,147.64096,-13.359039
val,25,70,160.0,144.47078,-15.529221
val,25,71,159.0,145.04718,-13.95282
val,25,72,158.0,141.80186,-16.198135
val,25,73,157.0,137.89745,-19.102554
val,25,74,156.0,137.14822,-18.851776
val,25,75,155.0,132.19388,-22.806122
val,25,76,154.0,131.05745,-22.94255
val,25,77,153.0,130.3135,-22.686493
val,25,78,152.0,127.21641,-24.783592
val,25,79,151.0,126.145195,-24.854805
val,25,80,150.0,130.37953,-19.620468
val,25,81,149.0,130.51021,-18.489792
val,25,82,148.0,127.49093,-20.509071
val,25,83,147.0,133.36392,-13.636078
val,25,84,146.0,131.20468,-14.795319
val,25,85,145.0,131.7382,-13.261795
val,25,86,144.0,132.05823,-11.941772
val,25,87,143.0,136.9843,-6.0157013
val,25,88,142.0,134.64125,-7.3587494
val,25,89,141.0,134.04399,-6.956009
val,25,90,140.0,132.55821,-7.4417877
val,25,91,139.0,132.58154,-6.418457
val,25,92,138.0,131.32301,-6.6769867
val,25,93,137.0,122.823524,-14.176476
val,25,94,136.0,115.29514,-20.704857
val,25,95,135.0,108.77701,-26.222992
val,25,96,134.0,100.05122,-33.948776
val,25,97,133.0,100.73038,-32.269623
val,25,98,132.0,100.79955,-31.200447
val,25,99,131.0,99.07483,-31.92517
val,25,100,130.0,100.631035,-29.368965
val,25,101,129.0,104.81376,-24.186241
val,25,102,128.0,110.813225,-17.186775
val,25,103,127.0,112.50146,-14.498543
val,25,104,126.0,107.75887,-18.241127
val,25,105,125.0,103.20829,-21.79171
val,25,106,124.0,103.568275,-20.431725
val,25,107,123.0,103.453094,-19.546906
val,25,108,122.0,104.23089,-17.769112
val,25,109,121.0,110.103294,-10.896706
val,25,110,120.0,114.25811,-5.74189
val,25,111,119.0,116.79918,-2.200821
val,25,112,118.0,121.990364,3.990364
val,25,113,117.0,123.24475,6.244751
val,25,114,116.0,122.78138,6.7813797
val,25,115,115.0,123.954636,8.954636
val,25,116,114.0,124.01794,10.017937
val,25,117,113.0,124.6569,11.6568985
val,25,118,112.0,131.55331,19.553314
val,25,119,111.0,132.765,21.765
val,25,120,110.0,133.26799,23.26799
val,25,121,109.0,127.93984,18.939842
val,25,122,108.0,125.185905,17.185905
val,25,123,107.0,125.78915,18.789146
val,25,124,106.0,132.40254,26.402542
val,25,125,105.0,135.79652,30.796524
val,25,126,104.0,142.96095,38.960953
val,25,127,103.0,147.05904,44.059036
val,25,128,102.0,149.91658,47.91658
val,25,129,101.0,151.90378,50.903778
val,25,130,100.0,151.09496,51.094955
val,25,131,99.0,150.04164,51.04164
val,25,132,98.0,145.14857,47.148575
val,25,133,97.0,138.10048,41.10048
val,25,134,96.0,135.3925,39.3925
val,25,135,95.0,133.02528,38.025284
val,25,136,94.0,136.6954,42.695404
val,25,137,93.0,132.95811,39.958115
val,25,138,92.0,135.57935,43.579346
val,25,139,91.0,136.95949,45.959488
val,25,140,90.0,135.80493,45.80493
val,25,141,89.0,128.72195,39.721954
val,25,142,88.0,117.60888,29.60888
val,25,143,87.0,109.6638,22.663803
val,25,144,86.0,101.06228,15.062279
val,25,145,85.0,96.36695,11.366951
val,25,146,84.0,91.01232,7.0123215
val,25,147,83.0,87.40311,4.4031067
val,25,148,82.0,85.77694,3.7769394
val,25,149,81.0,83.31547,2.3154678
val,25,150,80.0,83.994736,3.9947357
val,25,151,79.0,87.75597,8.755966
val,25,152,78.0,89.77542,11.775421
val,25,153,77.0,87.74711,10.747108
val,25,154,76.0,88.05493,12.054932
val,25,155,75.0,86.479454,11.479454
val,25,156,74.0,81.11481,7.114807
val,25,157,73.0,77.11126,4.1112595
val,25,158,72.0,73.15211,1.1521072
val,25,159,71.0,69.18275,-1.8172531
val,25,160,70.0,68.133736,-1.8662643
val,25,161,69.0,66.0503,-2.9496994
val,25,162,68.0,64.165886,-3.834114
val,25,163,67.0,65.5752,-1.424797
val,25,164,66.0,67.59261,1.5926132
val,25,165,65.0,68.67182,3.6718216
val,25,166,64.0,72.57312,8.57312
val,25,167,63.0,74.232,11.232002
val,25,168,62.0,76.33674,14.336739
val,25,169,61.0,77.840034,16.840034
val,25,170,60.0,82.10207,22.102074
val,25,171,59.0,85.18694,26.186943
val,25,172,58.0,86.76812,28.76812
val,25,173,57.0,89.79232,32.79232
val,25,174,56.0,90.18088,34.180878
val,25,175,55.0,93.834435,38.834435
val,25,176,54.0,91.73282,37.73282
val,25,177,53.0,92.01718,39.01718
val,25,178,52.0,87.444176,35.444176
val,25,179,51.0,83.95681,32.95681
val,25,180,50.0,81.43215,31.432152
val,25,181,49.0,78.57727,29.57727
val,25,182,48.0,72.43496,24.43496
val,25,183,47.0,69.6119,22.6119
val,25,184,46.0,66.93761,20.937607
val,25,185,45.0,64.45381,19.453812
val,25,186,44.0,59.38034,15.380341
val,25,187,43.0,53.136864,10.136864
val,25,188,42.0,48.721725,6.7217255
val,25,189,41.0,42.94429,1.9442902
val,25,190,40.0,37.256268,-2.7437325
val,25,191,39.0,30.915094,-8.084906
val,25,192,38.0,25.169186,-12.830814
val,25,193,37.0,20.612059,-16.387941
val,25,194,36.0,17.189375,-18.810625
val,25,195,35.0,16.974293,-18.025707
val,25,196,34.0,17.948025,-16.051975
val,25,197,33.0,17.567865,-15.432135
val,25,198,32.0,20.09757,-11.90243
val,25,199,31.0,19.591787,-11.408213
val,25,200,30.0,19.934149,-10.065851
val,25,201,29.0,22.033983,-6.966017
val,25,202,28.0,22.495714,-5.504286
val,25,203,27.0,22.108812,-4.8911877
val,25,204,26.0,22.24356,-3.7564392
val,25,205,25.0,25.699049,0.699049
val,25,206,24.0,23.806978,-0.19302177
val,25,207,23.0,21.069458,-1.930542
val,25,208,22.0,20.411478,-1.588522
val,25,209,21.0,20.729342,-0.2706585
val,25,210,20.0,19.848824,-0.15117645
val,25,211,19.0,20.910748,1.9107475
val,25,212,18.0,19.861635,1.8616352
val,25,213,17.0,19.365368,2.365368
val,25,214,16.0,17.249651,1.249651
val,25,215,15.0,14.527137,-0.4728632
val,25,216,14.0,16.847376,2.8473759
val,25,217,13.0,17.60847,4.608471
val,25,218,12.0,14.839226,2.8392258
val,25,219,11.0,12.586102,1.5861015
val,25,220,10.0,11.155679,1.1556787
val,25,221,9.0,9.185055,0.18505478
val,25,222,8.0,10.379312,2.3793116
val,25,223,7.0,8.943604,1.9436045
val,25,224,6.0,5.7452936,-0.25470638
val,25,225,5.0,4.947475,-0.052525043
val,25,226,4.0,5.3608985,1.3608985
val,25,227,3.0,5.6163154,2.6163154
val,25,228,2.0,3.7418091,1.7418091
val,25,229,1.0,1.5658542,0.5658542
val,25,230,0.0,1.4139119,1.4139119
val,26,30,169.0,169.89406,0.8940582
val,26,31,168.0,167.86499,-0.13500977
val,26,32,167.0,162.95963,-4.0403748
val,26,33,166.0,166.99904,0.9990387
val,26,34,165.0,166.58318,1.5831757
val,26,35,164.0,167.2448,3.2447968
val,26,36,163.0,171.32773,8.327728
val,26,37,162.0,172.66325,10.663254
val,26,38,161.0,166.04256,5.042557
val,26,39,160.0,165.15918,5.1591797
val,26,40,159.0,164.82301,5.8230133
val,26,41,158.0,159.40627,1.4062653
val,26,42,157.0,154.35823,-2.6417694
val,26,43,156.0,147.51717,-8.482834
val,26,44,155.0,141.55215,-13.447845
val,26,45,154.0,133.82996,-20.170044
val,26,46,153.0,123.08634,-29.913658
val,26,47,152.0,110.080444,-41.919556
val,26,48,151.0,96.93308,-54.066917
val,26,49,150.0,85.71455,-64.28545
val,26,50,149.0,81.07998,-67.92002
val,26,51,148.0,77.04551,-70.95449
val,26,52,147.0,79.72873,-67.27127
val,26,53,146.0,81.15957,-64.84043
val,26,54,145.0,88.3254,-56.6746
val,26,55,144.0,90.37267,-53.627327
val,26,56,143.0,88.91244,-54.087563
val,26,57,142.0,88.704926,-53.295074
val,26,58,141.0,90.1401,-50.8599
val,26,59,140.0,97.86256,-42.137444
val,26,60,139.0,107.00235,-31.99765
val,26,61,138.0,114.98853,-23.011467
val,26,62,137.0,125.33386,-11.666138
val,26,63,136.0,128.32019,-7.6798096
val,26,64,135.0,134.81694,-0.18305969
val,26,65,134.0,142.35048,8.350479
val,26,66,133.0,149.46764,16.467636
val,26,67,132.0,150.96678,18.966782
val,26,68,131.0,152.29729,21.297287
val,26,69,130.0,159.43826,29.438263
val,26,70,129.0,162.18729,33.187286
val,26,71,128.0,161.18895,33.18895
val,26,72,127.0,154.05049,27.050491
val,26,73,126.0,145.98903,19.989029
val,26,74,125.0,137.19371,12.19371
val,26,75,124.0,128.21992,4.219925
val,26,76,123.0,117.68773,-5.312271
val,26,77,122.0,112.89655,-9.103447
val,26,78,121.0,111.22555,-9.774452
val,26,79,120.0,110.24428,-9.755722
val,26,80,119.0,111.000084,-7.999916
val,26,81,118.0,113.42839,-4.5716095
val,26,82,117.0,118.08648,1.0864792
val,26,83,116.0,122.0145,6.0145035
val,26,84,115.0,121.3137,6.313698
val,26,85,114.0,124.940544,10.940544
val,26,86,113.0,124.49685,11.496849
val,26,87,112.0,122.460175,10.460175
val,26,88,111.0,120.579544,9.579544
val,26,89,110.0,115.10465,5.1046524
val,26,90,109.0,107.84997,-1.150032
val,26,91,108.0,105.577515,-2.4224854
val,26,92,107.0,105.30207,-1.6979294
val,26,93,106.0,103.11462,-2.8853836
val,26,94,105.0,103.48765,-1.512352
val,26,95,104.0,110.46606,6.466057
val,26,96,103.0,114.577255,11.577255
val,26,97,102.0,122.01472,20.014717
val,26,98,101.0,126.82276,25.822762
val,26,99,100.0,131.5853,31.585297
val,26,100,99.0,129.94403,30.94403
val,26,101,98.0,126.679955,28.679955
val,26,102,97.0,117.68075,20.680748
val,26,103,96.0,111.13088,15.130882
val,26,104,95.0,106.56934,11.569344
val,26,105,94.0,102.56003,8.560028
val,26,106,93.0,103.78975,10.789749
val,26,107,92.0,106.06582,14.065819
val,26,108,91.0,106.043495,15.043495
val,26,109,90.0,106.78293,16.782928
val,26,110,89.0,109.767654,20.767654
val,26,111,88.0,108.8468,20.846802
val,26,112,87.0,104.19359,17.193588
val,26,113,86.0,102.940865,16.940865
val,26,114,85.0,98.90125,13.901253
val,26,115,84.0,95.97119,11.971191
val,26,116,83.0,90.480995,7.480995
val,26,117,82.0,86.75152,4.7515182
val,26,118,81.0,84.33213,3.3321304
val,26,119,80.0,85.3565,5.3564987
val,26,120,79.0,84.85262,5.852623
val,26,121,78.0,83.5877,5.5877
val,26,122,77.0,84.75088,7.7508774
val,26,123,76.0,83.80078,7.8007812
val,26,124,75.0,90.00737,15.00737
val,26,125,74.0,93.887726,19.887726
val,26,126,73.0,95.17481,22.174812
val,26,127,72.0,95.76014,23.76014
val,26,128,71.0,96.1104,25.110397
val,26,129,70.0,94.69541,24.695412
val,26,130,69.0,91.9327,22.932701
val,26,131,68.0,91.27797,23.27797
val,26,132,67.0,91.43515,24.43515
val,26,133,66.0,91.38038,25.380379
val,26,134,65.0,88.43041,23.430412
val,26,135,64.0,87.09786,23.097862
val,26,136,63.0,83.85835,20.858353
val,26,137,62.0,81.92554,19.925537
val,26,138,61.0,79.95618,18.956177
val,26,139,60.0,80.508484,20.508484
val,26,140,59.0,79.03596,20.035957
val,26,141,58.0,74.2861,16.286102
val,26,142,57.0,71.79308,14.793083
val,26,143,56.0,66.919655,10.919655
val,26,144,55.0,65.77454,10.774544
val,26,145,54.0,60.850586,6.850586
val,26,146,53.0,57.03382,4.033821
val,26,147,52.0,53.579365,1.5793648
val,26,148,51.0,47.283726,-3.7162743
val,26,149,50.0,42.321735,-7.6782646
val,26,150,49.0,44.16457,-4.83543
val,26,151,48.0,44.393406,-3.606594
val,26,152,47.0,43.214417,-3.7855835
val,26,153,46.0,43.795887,-2.204113
val,26,154,45.0,43.20907,-1.7909317
val,26,155,44.0,45.1252,1.1251984
val,26,156,43.0,46.444847,3.444847
val,26,157,42.0,46.00862,4.008621
val,26,158,41.0,44.435623,3.4356232
val,26,159,40.0,41.710068,1.7100677
val,26,160,39.0,41.78607,2.7860718
val,26,161,38.0,38.772118,0.7721176
val,26,162,37.0,36.714344,-0.28565598
val,26,163,36.0,34.95327,-1.04673
val,26,164,35.0,35.208748,0.20874786
val,26,165,34.0,35.77896,1.7789612
val,26,166,33.0,34.2454,1.2453995
val,26,167,32.0,34.341797,2.3417969
val,26,168,31.0,34.733044,3.7330437
val,26,169,30.0,33.94149,3.9414902
val,26,170,29.0,31.681757,2.681757
val,26,171,28.0,29.24878,1.2487793
val,26,172,27.0,25.491083,-1.5089169
val,26,173,26.0,22.088823,-3.9111767
val,26,174,25.0,21.053114,-3.946886
val,26,175,24.0,21.442686,-2.557314
val,26,176,23.0,20.921726,-2.0782738
val,26,177,22.0,15.553922,-6.4460783
val,26,178,21.0,10.532285,-10.467715
val,26,179,20.0,8.1108675,-11.8891325
val,26,180,19.0,10.913407,-8.086593
val,26,181,18.0,12.11184,-5.8881598
val,26,182,17.0,12.278018,-4.721982
val,26,183,16.0,9.199218,-6.800782
val,26,184,15.0,6.813131,-8.186869
val,26,185,14.0,5.4104013,-8.589599
val,26,186,13.0,7.823771,-5.176229
val,26,187,12.0,6.8298497,-5.1701503
val,26,188,11.0,4.574,-6.426
val,26,189,10.0,3.4563956,-6.5436044
val,26,190,9.0,5.186193,-3.813807
val,26,191,8.0,3.7100017,-4.289998
val,26,192,7.0,2.1551273,-4.8448725
val,26,193,6.0,2.911914,-3.088086
val,26,194,5.0,4.0264983,-0.9735017
val,26,195,4.0,3.3264728,-0.67352724
val,26,196,3.0,1.2018195,-1.7981805
val,26,197,2.0,4.121859,2.121859
val,26,198,1.0,6.3876147,5.3876147
val,26,199,0.0,2.9070022,2.9070022
val,28,30,135.0,164.90343,29.903427
val,28,31,134.0,159.26021,25.260208
val,28,32,133.0,155.79625,22.79625
val,28,33,132.0,149.66533,17.665329
val,28,34,131.0,142.44185,11.441849
val,28,35,130.0,143.26553,13.265533
val,28,36,129.0,147.1988,18.198807
val,28,37,128.0,149.20305,21.203049
val,28,38,127.0,152.32133,25.321335
val,28,39,126.0,149.0496,23.049606
val,28,40,125.0,144.74763,19.747635
val,28,41,124.0,152.74356,28.74356
val,28,42,123.0,159.01375,36.01375
val,28,43,122.0,165.01253,43.012527
val,28,44,121.0,167.57332,46.57332
val,28,45,120.0,170.61798,50.61798
val,28,46,119.0,166.447,47.447006
val,28,47,118.0,161.41896,43.41896
val,28,48,117.0,160.54405,43.544052
val,28,49,116.0,155.84016,39.840164
val,28,50,115.0,158.52734,43.527344
val,28,51,114.0,163.37816,49.37816
val,28,52,113.0,161.38742,48.38742
val,28,53,112.0,167.96146,55.961456
val,28,54,111.0,166.25749,55.257492
val,28,55,110.0,162.4348,52.4348
val,28,56,109.0,159.71379,50.71379
val,28,57,108.0,150.03227,42.032272
val,28,58,107.0,147.08165,40.08165
val,28,59,106.0,143.58551,37.58551
val,28,60,105.0,136.76576,31.765762
val,28,61,104.0,132.75053,28.750534
val,28,62,103.0,128.51164,25.511642
val,28,63,102.0,125.55742,23.557419
val,28,64,101.0,127.861084,26.861084
val,28,65,100.0,127.33344,27.333443
val,28,66,99.0,125.014984,26.014984
val,28,67,98.0,119.966705,21.966705
val,28,68,97.0,118.124756,21.124756
val,28,69,96.0,117.44675,21.446747
val,28,70,95.0,123.468056,28.468056
val,28,71,94.0,129.07477,35.074768
val,28,72,93.0,133.72359,40.723587
val,28,73,92.0,134.77895,42.778946
val,28,74,91.0,136.16599,45.165985
val,28,75,90.0,138.95488,48.95488
val,28,76,89.0,138.38303,49.383026
val,28,77,88.0,142.57784,54.577835
val,28,78,87.0,138.26732,51.26732
val,28,79,86.0,137.18976,51.18976
val,28,80,85.0,143.13284,58.132843
val,28,81,84.0,147.35657,63.356567
val,28,82,83.0,148.05792,65.05792
val,28,83,82.0,143.91917,61.919174
val,28,84,81.0,132.87373,51.873734
val,28,85,80.0,130.15956,50.15956
val,28,86,79.0,116.958115,37.958115
val,28,87,78.0,103.02501,25.02501
val,28,88,77.0,95.429924,18.429924
val,28,89,76.0,89.97908,13.97908
val,28,90,75.0,82.23385,7.2338486
val,28,91,74.0,80.72735,6.7273483
val,28,92,73.0,83.07255,10.072548
val,28,93,72.0,79.009186,7.009186
val,28,94,71.0,74.09641,3.0964127
val,28,95,70.0,70.952446,0.952446
val,28,96,69.0,70.245094,1.2450943
val,28,97,68.0,79.974724,11.974724
val,28,98,67.0,83.0184,16.018402
val,28,99,66.0,84.3317,18.331703
val,28,100,65.0,84.5655,19.565498
val,28,101,64.0,83.26872,19.268723
val,28,102,63.0,78.73166,15.731659
val,28,103,62.0,74.44494,12.444939
val,28,104,61.0,74.24201,13.242012
val,28,105,60.0,65.75169,5.7516937
val,28,106,59.0,61.044876,2.044876
val,28,107,58.0,57.52794,-0.47206116
val,28,108,57.0,63.902542,6.902542
val,28,109,56.0,69.93215,13.932152
val,28,110,55.0,70.3128,15.312798
val,28,111,54.0,68.60767,14.607674
val,28,112,53.0,68.177,15.177002
val,28,113,52.0,66.173485,14.173485
val,28,114,51.0,66.0674,15.067398
val,28,115,50.0,60.43975,10.439751
val,28,116,49.0,59.156944,10.156944
val,28,117,48.0,63.070152,15.070152
val,28,118,47.0,59.53577,12.53577
val,28,119,46.0,55.052193,9.052193
val,28,120,45.0,50.17514,5.1751404
val,28,121,44.0,39.032047,-4.9679527
val,28,122,43.0,38.404663,-4.595337
val,28,123,42.0,42.182186,0.18218613
val,28,124,41.0,43.337738,2.337738
val,28,125,40.0,43.756874,3.756874
val,28,126,39.0,49.257133,10.2571335
val,28,127,38.0,55.79017,17.790169
val,28,128,37.0,58.098053,21.098053
val,28,129,36.0,58.618916,22.618916
val,28,130,35.0,58.93775,23.937752
val,28,131,34.0,56.016335,22.016335
val,28,132,33.0,49.507614,16.507614
val,28,133,32.0,45.94165,13.94165
val,28,134,31.0,47.31736,16.31736
val,28,135,30.0,46.223953,16.223953
val,28,136,29.0,39.503246,10.503246
val,28,137,28.0,35.97013,7.970131
val,28,138,27.0,37.05432,10.054321
val,28,139,26.0,35.178722,9.178722
val,28,140,25.0,33.244953,8.244953
val,28,141,24.0,30.645744,6.6457443
val,28,142,23.0,27.939821,4.9398212
val,28,143,22.0,24.165512,2.165512
val,28,144,21.0,24.276247,3.276247
val,28,145,20.0,20.58581,0.5858097
val,28,146,19.0,20.711771,1.711771
val,28,147,18.0,16.370678,-1.629322
val,28,148,17.0,14.738342,-2.2616577
val,28,149,16.0,12.023068,-3.9769316
val,28,150,15.0,11.187556,-3.8124437
val,28,151,14.0,6.367783,-7.632217
val,28,152,13.0,7.9302545,-5.0697455
val,28,153,12.0,13.048538,1.0485382
val,28,154,11.0,14.237083,3.2370834
val,28,155,10.0,13.687135,3.6871347
val,28,156,9.0,15.196559,6.196559
val,28,157,8.0,14.658401,6.6584005
val,28,158,7.0,13.3010025,6.3010025
val,28,159,6.0,12.278868,6.2788677
val,28,160,5.0,10.548307,5.5483074
val,28,161,4.0,6.5475564,2.5475564
val,28,162,3.0,5.2129717,2.2129717
val,28,163,2.0,3.5363288,1.5363288
val,28,164,1.0,3.4360955,2.4360955
val,28,165,0.0,2.4360797,2.4360797
val,34,30,165.0,147.9121,-17.087906
val,34,31,164.0,152.01772,-11.982285
val,34,32,163.0,154.34294,-8.657059
val,34,33,162.0,157.9286,-4.071396
val,34,34,161.0,158.59929,-2.400711
val,34,35,160.0,158.20534,-1.7946625
val,34,36,159.0,165.79857,6.7985687
val,34,37,158.0,167.7801,9.780106
val,34,38,157.0,163.36293,6.3629303
val,34,39,156.0,164.35057,8.350571
val,34,40,155.0,156.39403,1.3940277
val,34,41,154.0,156.76839,2.7683868
val,34,42,153.0,157.66997,4.6699677
val,34,43,152.0,158.28859,6.2885895
val,34,44,151.0,163.03857,12.038574
val,34,45,150.0,162.98346,12.983459
val,34,46,149.0,156.47194,7.471939
val,34,47,148.0,157.11258,9.112579
val,34,48,147.0,152.99883,5.998825
val,34,49,146.0,155.79012,9.790115
val,34,50,145.0,149.85173,4.8517303
val,34,51,144.0,140.64514,-3.3548584
val,34,52,143.0,141.06325,-1.9367523
val,34,53,142.0,138.84814,-3.1518555
val,34,54,141.0,132.22603,-8.773972
val,34,55,140.0,123.907295,-16.092705
val,34,56,139.0,120.662605,-18.337395
val,34,57,138.0,116.57522,-21.424782
val,34,58,137.0,119.18514,-17.814857
val,34,59,136.0,123.30276,-12.697243
val,34,60,135.0,127.6455,-7.3545
val,34,61,134.0,130.6093,-3.3907013
val,34,62,133.0,132.27621,-0.7237854
val,34,63,132.0,127.218,-4.7819977
val,34,64,131.0,121.3108,-9.689201
val,34,65,130.0,120.79082,-9.209183
val,34,66,129.0,113.16417,-15.835831
val,34,67,128.0,115.45086,-12.549141
val,34,68,127.0,122.28016,-4.719841
val,34,69,126.0,133.92825,7.928253
val,34,70,125.0,138.687,13.686996
val,34,71,124.0,138.7873,14.7872925
val,34,72,123.0,133.39803,10.3980255
val,34,73,122.0,131.35948,9.359482
val,34,74,121.0,132.94164,11.941635
val,34,75,120.0,134.88219,14.882187
val,34,76,119.0,140.33786,21.33786
val,34,77,118.0,136.69533,18.695328
val,34,78,117.0,132.5559,15.555893
val,34,79,116.0,130.00633,14.006332
val,34,80,115.0,124.07157,9.071571
val,34,81,114.0,121.98786,7.9878616
val,34,82,113.0,116.292564,3.2925644
val,34,83,112.0,107.68616,-4.313843
val,34,84,111.0,103.06652,-7.9334793
val,34,85,110.0,103.87226,-6.127739
val,34,86,109.0,106.31695,-2.683052
val,34,87,108.0,111.43232,3.4323196
val,34,88,107.0,119.64492,12.64492
val,34,89,106.0,118.00515,12.00515
val,34,90,105.0,119.15979,14.15979
val,34,91,104.0,119.25234,15.252342
val,34,92,103.0,116.83756,13.837563
val,34,93,102.0,115.791435,13.791435
val,34,94,101.0,120.83011,19.830109
val,34,95,100.0,128.36241,28.362411
val,34,96,99.0,138.64124,39.641235
val,34,97,98.0,143.21991,45.21991
val,34,98,97.0,144.81586,47.815857
val,34,99,96.0,146.79744,50.79744
val,34,100,95.0,140.52118,45.52118
val,34,101,94.0,137.01477,43.01477
val,34,102,93.0,135.53345,42.533447
val,34,103,92.0,137.82365,45.823654
val,34,104,91.0,136.52452,45.52452
val,34,105,90.0,128.41003,38.410034
val,34,106,89.0,123.65075,34.65075
val,34,107,88.0,112.92712,24.927116
val,34,108,87.0,100.55126,13.551262
val,34,109,86.0,96.46535,10.465347
val,34,110,85.0,96.13438,11.134377
val,34,111,84.0,94.108185,10.108185
val,34,112,83.0,90.64317,7.643173
val,34,113,82.0,89.31751,7.3175125
val,34,114,81.0,86.94367,5.943672
val,34,115,80.0,84.91946,4.9194565
val,34,116,79.0,84.15736,5.1573563
val,34,117,78.0,87.37001,9.37001
val,34,118,77.0,88.41912,11.419121
val,34,119,76.0,88.39954,12.399544
val,34,120,75.0,83.26562,8.265617
val,34,121,74.0,82.86282,8.8628235
val,34,122,73.0,81.69432,8.694321
val,34,123,72.0,83.221985,11.221985
val,34,124,71.0,87.191246,16.191246
val,34,125,70.0,87.5433,17.543297
val,34,126,69.0,89.19744,20.197441
val,34,127,68.0,92.350395,24.350395
val,34,128,67.0,93.82545,26.825447
val,34,129,66.0,92.006775,26.006775
val,34,130,65.0,92.83962,27.839622
val,34,131,64.0,90.87899,26.87899
val,34,132,63.0,89.76121,26.761208
val,34,133,62.0,85.023285,23.023285
val,34,134,61.0,76.735344,15.735344
val,34,135,60.0,70.14133,10.141327
val,34,136,59.0,66.34099,7.340988
val,34,137,58.0,63.5948,5.594799
val,34,138,57.0,64.29221,7.2922134
val,34,139,56.0,62.584164,6.5841637
val,34,140,55.0,59.558876,4.558876
val,34,141,54.0,59.88066,5.880661
val,34,142,53.0,62.21765,9.217651
val,34,143,52.0,63.148365,11.148365
val,34,144,51.0,63.804085,12.804085
val,34,145,50.0,64.424324,14.424324
val,34,146,49.0,64.07368,15.073677
val,34,147,48.0,60.75791,12.757912
val,34,148,47.0,59.10687,12.106869
val,34,149,46.0,56.938026,10.938026
val,34,150,45.0,55.720207,10.720207
val,34,151,44.0,56.18976,12.189758
val,34,152,43.0,55.948982,12.948982
val,34,153,42.0,59.23017,17.230171
val,34,154,41.0,61.3105,20.310501
val,34,155,40.0,64.013985,24.013985
val,34,156,39.0,63.74234,24.74234
val,34,157,38.0,61.292274,23.292274
val,34,158,37.0,61.787838,24.787838
val,34,159,36.0,58.373802,22.373802
val,34,160,35.0,55.388657,20.388657
val,34,161,34.0,51.92758,17.927582
val,34,162,33.0,49.078445,16.078445
val,34,163,32.0,47.23133,15.231331
val,34,164,31.0,48.27406,17.27406
val,34,165,30.0,47.035553,17.035553
val,34,166,29.0,42.76528,13.765282
val,34,167,28.0,39.278755,11.278755
val,34,168,27.0,38.380493,11.380493
val,34,169,26.0,37.371178,11.371178
val,34,170,25.0,35.052513,10.052513
val,34,171,24.0,31.48174,7.481741
val,34,172,23.0,28.567526,5.567526
val,34,173,22.0,25.4806,3.4806004
val,34,174,21.0,26.22852,5.2285194
val,34,175,20.0,27.122375,7.1223755
val,34,176,19.0,24.03399,5.033991
val,34,177,18.0,21.791605,3.791605
val,34,178,17.0,22.78407,5.784069
val,34,179,16.0,23.79219,7.7921906
val,34,180,15.0,23.705828,8.705828
val,34,181,14.0,22.29196,8.29196
val,34,182,13.0,20.837814,7.8378143
val,34,183,12.0,17.077414,5.0774136
val,34,184,11.0,13.717666,2.7176657
val,34,185,10.0,13.865141,3.865141
val,34,186,9.0,13.1041765,4.1041765
val,34,187,8.0,12.913226,4.913226
val,34,188,7.0,13.388868,6.3888683
val,34,189,6.0,12.484214,6.484214
val,34,190,5.0,8.585376,3.5853758
val,34,191,4.0,6.595918,2.5959182
val,34,192,3.0,7.953381,4.953381
val,34,193,2.0,9.773017,7.773017
val,34,194,1.0,10.72322,9.72322
val,34,195,0.0,7.3089013,7.3089013
val,43,30,177.0,145.64586,-31.354141
val,43,31,176.0,150.32784,-25.672165
val,43,32,175.0,152.32393,-22.676071
val,43,33,174.0,150.87537,-23.124634
val,43,34,173.0,150.27815,-22.721848
val,43,35,172.0,149.68823,-22.311768
val,43,36,171.0,142.96706,-28.032944
val,43,37,170.0,138.82005,-31.179947
val,43,38,169.0,130.64876,-38.351242
val,43,39,168.0,127.371315,-40.628685
val,43,40,167.0,132.22137,-34.778625
val,43,41,166.0,138.38863,-27.611374
val,43,42,165.0,133.10289,-31.89711
val,43,43,164.0,134.29167,-29.708328
val,43,44,163.0,132.06996,-30.930038
val,43,45,162.0,135.87303,-26.126968
val,43,46,161.0,134.25563,-26.74437
val,43,47,160.0,135.36989,-24.630112
val,43,48,159.0,133.61089,-25.389114
val,43,49,158.0,130.89241,-27.10759
val,43,50,157.0,124.87544,-32.124557
val,43,51,156.0,122.61924,-33.38076
val,43,52,155.0,120.07391,-34.926086
val,43,53,154.0,120.39045,-33.60955
val,43,54,153.0,118.59089,-34.40911
val,43,55,152.0,112.18324,-39.816757
val,43,56,151.0,110.85508,-40.14492
val,43,57,150.0,116.21728,-33.782722
val,43,58,149.0,118.88258,-30.117416
val,43,59,148.0,115.024284,-32.975716
val,43,60,147.0,113.03828,-33.961723
val,43,61,146.0,115.821526,-30.178474
val,43,62,145.0,116.678024,-28.321976
val,43,63,144.0,118.39924,-25.600761
val,43,64,143.0,120.600784,-22.399216
val,43,65,142.0,122.59333,-19.40667
val,43,66,141.0,124.63785,-16.362152
val,43,67,140.0,127.83481,-12.165192
val,43,68,139.0,123.97027,-15.029732
val,43,69,138.0,125.044655,-12.955345
val,43,70,137.0,118.7452,-18.254799
val,43,71,136.0,114.19228,-21.807716
val,43,72,135.0,109.8782,-25.121803
val,43,73,134.0,112.9248,-21.075203
val,43,74,133.0,114.242424,-18.757576
val,43,75,132.0,115.63882,-16.361183
val,43,76,131.0,115.2501,-15.749901
val,43,77,130.0,113.35915,-16.640846
val,43,78,129.0,112.131355,-16.868645
val,43,79,128.0,109.87848,-18.121521
val,43,80,127.0,109.16738,-17.832619
val,43,81,126.0,114.96701,-11.0329895
val,43,82,125.0,120.6692,-4.330803
val,43,83,124.0,121.30639,-2.6936111
val,43,84,123.0,119.769325,-3.2306747
val,43,85,122.0,116.54914,-5.450859
val,43,86,121.0,115.45013,-5.5498734
val,43,87,120.0,116.51959,-3.4804077
val,43,88,119.0,112.43351,-6.56649
val,43,89,118.0,110.91738,-7.0826187
val,43,90,117.0,113.92546,-3.0745392
val,43,91,116.0,118.28211,2.2821121
val,43,92,115.0,118.09185,3.0918503
val,43,93,114.0,117.55447,3.5544662
val,43,94,113.0,119.22139,6.22139
val,43,95,112.0,120.56016,8.560158
val,43,96,111.0,119.65319,8.653191
val,43,97,110.0,120.89092,10.890923
val,43,98,109.0,122.43523,13.435226
val,43,99,108.0,124.680916,16.680916
val,43,100,107.0,124.848564,17.848564
val,43,101,106.0,126.952286,20.952286
val,43,102,105.0,126.450134,21.450134
val,43,103,104.0,130.0218,26.021805
val,43,104,103.0,130.6728,27.672806
val,43,105,102.0,122.86515,20.86515
val,43,106,101.0,111.73347,10.733467
val,43,107,100.0,109.40406,9.40406
val,43,108,99.0,108.27205,9.272049
val,43,109,98.0,108.56353,10.56353
val,43,110,97.0,106.919334,9.919334
val,43,111,96.0,103.5357,7.535698
val,43,112,95.0,98.3878,3.3878021
val,43,113,94.0,89.77223,-4.227768
val,43,114,93.0,84.18003,-8.819969
val,43,115,92.0,75.85417,-16.145828
val,43,116,91.0,73.58608,-17.413918
val,43,117,90.0,65.65465,-24.345352
val,43,118,89.0,72.874954,-16.125046
val,43,119,88.0,81.7371,-6.2629013
val,43,120,87.0,85.41762,-1.5823822
val,43,121,86.0,85.977806,-0.022193909
val,43,122,85.0,88.93107,3.9310684
val,43,123,84.0,94.87989,10.87989
val,43,124,83.0,101.18159,18.181587
val,43,125,82.0,106.559814,24.559814
val,43,126,81.0,112.26979,31.26979
val,43,127,80.0,109.30677,29.30677
val,43,128,79.0,114.555435,35.555435
val,43,129,78.0,122.049774,44.049774
val,43,130,77.0,125.86605,48.86605
val,43,131,76.0,124.40072,48.40072
val,43,132,75.0,120.03061,45.03061
val,43,133,74.0,122.21421,48.21421
val,43,134,73.0,128.2122,55.212204
val,43,135,72.0,125.74276,53.74276
val,43,136,71.0,125.08858,54.088577
val,43,137,70.0,122.573524,52.573524
val,43,138,69.0,115.05436,46.05436
val,43,139,68.0,111.45168,43.451683
val,43,140,67.0,103.68867,36.688667
val,43,141,66.0,98.04899,32.04899
val,43,142,65.0,90.14462,25.144623
val,43,143,64.0,81.719696,17.719696
val,43,144,63.0,82.80865,19.808647
val,43,145,62.0,82.47039,20.47039
val,43,146,61.0,85.91607,24.916069
val,43,147,60.0,85.89963,25.899628
val,43,148,59.0,91.072975,32.072975
val,43,149,58.0,92.97996,34.979958
val,43,150,57.0,93.404755,36.404755
val,43,151,56.0,89.41302,33.413017
val,43,152,55.0,87.070595,32.070595
val,43,153,54.0,92.97067,38.970673
val,43,154,53.0,94.21693,41.216927
val,43,155,52.0,94.46874,42.468742
val,43,156,51.0,93.11268,42.11268
val,43,157,50.0,89.42743,39.42743
val,43,158,49.0,87.87036,38.87036
val,43,159,48.0,86.592476,38.592476
val,43,160,47.0,86.908585,39.908585
val,43,161,46.0,89.12147,43.121468
val,43,162,45.0,92.60792,47.607918
val,43,163,44.0,89.291565,45.291565
val,43,164,43.0,83.02543,40.02543
val,43,165,42.0,76.45551,34.455513
val,43,166,41.0,67.85215,26.85215
val,43,167,40.0,63.039978,23.039978
val,43,168,39.0,56.84954,17.84954
val,43,169,38.0,49.66192,11.661919
val,43,170,37.0,42.908394,5.908394
val,43,171,36.0,41.104874,5.1048737
val,43,172,35.0,33.132515,-1.867485
val,43,173,34.0,28.231148,-5.768852
val,43,174,33.0,28.057932,-4.942068
val,43,175,32.0,25.923483,-6.076517
val,43,176,31.0,25.244446,-5.755554
val,43,177,30.0,23.029402,-6.970598
val,43,178,29.0,24.310987,-4.6890125
val,43,179,28.0,29.394684,1.3946838
val,43,180,27.0,32.306084,5.3060837
val,43,181,26.0,35.237625,9.237625
val,43,182,25.0,32.969933,7.9699326
val,43,183,24.0,30.349955,6.3499546
val,43,184,23.0,26.40273,3.402731
val,43,185,22.0,22.697206,0.6972065
val,43,186,21.0,19.09055,-1.9094505
val,43,187,20.0,17.796625,-2.2033749
val,43,188,19.0,18.277664,-0.7223358
val,43,189,18.0,17.79286,-0.20713997
val,43,190,17.0,16.193277,-0.80672264
val,43,191,16.0,16.913046,0.9130459
val,43,192,15.0,16.180532,1.1805325
val,43,193,14.0,17.19301,3.1930103
val,43,194,13.0,17.013826,4.0138264
val,43,195,12.0,16.765375,4.765375
val,43,196,11.0,18.524294,7.524294
val,43,197,10.0,18.898106,8.898106
val,43,198,9.0,17.191149,8.191149
val,43,199,8.0,17.661768,9.661768
val,43,200,7.0,19.139997,12.1399975
val,43,201,6.0,19.556799,13.556799
val,43,202,5.0,15.538016,10.538016
val,43,203,4.0,15.213015,11.213015
val,43,204,3.0,14.312995,11.312995
val,43,205,2.0,13.9815445,11.9815445
val,43,206,1.0,13.453697,12.453697
val,43,207,0.0,13.316184,13.316184
val,51,30,183.0,154.58138,-28.418625
val,51,31,182.0,143.1591,-38.840897
val,51,32,181.0,131.28287,-49.717133
val,51,33,180.0,120.05382,-59.946182
val,51,34,179.0,119.4605,-59.539497
val,51,35,178.0,118.85554,-59.144463
val,51,36,177.0,120.75651,-56.243492
val,51,37,176.0,128.96086,-47.03914
val,51,38,175.0,139.3337,-35.666306
val,51,39,174.0,150.38745,-23.612549
val,51,40,173.0,155.92532,-17.074677
val,51,41,172.0,154.18073,-17.819275
val,51,42,171.0,161.33171,-9.668289
val,51,43,170.0,168.68692,-1.3130798
val,51,44,169.0,168.17635,-0.8236542
val,51,45,168.0,171.6876,3.6876068
val,51,46,167.0,176.36351,9.36351
val,51,47,166.0,179.39485,13.394852
val,51,48,165.0,178.9262,13.926193
val,51,49,164.0,176.30766,12.307663
val,51,50,163.0,173.73993,10.739929
val,51,51,162.0,172.52469,10.524689
val,51,52,161.0,178.27205,17.272049
val,51,53,160.0,180.75682,20.75682
val,51,54,159.0,185.26921,26.26921
val,51,55,158.0,185.71654,27.716537
val,51,56,157.0,182.04314,25.043137
val,51,57,156.0,177.16125,21.161255
val,51,58,155.0,167.7719,12.771896
val,51,59,154.0,153.58128,-0.41871643
val,51,60,153.0,137.77196,-15.228043
val,51,61,152.0,126.61425,-25.38575
val,51,62,151.0,118.02456,-32.97544
val,51,63,150.0,115.174484,-34.825516
val,51,64,149.0,109.40749,-39.592506
val,51,65,148.0,105.56393,-42.436073
val,51,66,147.0,102.53329,-44.466713
val,51,67,146.0,102.4984,-43.501602
val,51,68,145.0,104.033134,-40.966866
val,51,69,144.0,103.8184,-40.181602
val,51,70,143.0,107.963005,-35.036995
val,51,71,142.0,112.648056,-29.351944
val,51,72,141.0,112.81302,-28.186981
val,51,73,140.0,110.85412,-29.145882
val,51,74,139.0,111.8862,-27.1138
val,51,75,138.0,108.87008,-29.129921
val,51,76,137.0,115.66198,-21.33802
val,51,77,136.0,123.04309,-12.956909
val,51,78,135.0,129.96901,-5.0309906
val,51,79,134.0,138.4403,4.4403076
val,51,80,133.0,138.22392,5.2239227
val,51,81,132.0,142.86444,10.864441
val,51,82,131.0,137.03867,6.038666
val,51,83,130.0,129.98592,-0.014083862
val,51,84,129.0,122.91384,-6.0861588
val,51,85,128.0,117.74298,-10.257019
val,51,86,127.0,115.392235,-11.607765
val,51,87,126.0,114.211845,-11.788155
val,51,88,125.0,113.79641,-11.20359
val,51,89,124.0,116.02991,-7.970093
val,51,90,123.0,111.18096,-11.819038
val,51,91,122.0,114.73176,-7.268242
val,51,92,121.0,113.44451,-7.5554886
val,51,93,120.0,111.25036,-8.749641
val,51,94,119.0,112.99752,-6.0024796
val,51,95,118.0,112.15745,-5.842552
val,51,96,117.0,111.57984,-5.4201584
val,51,97,116.0,110.90597,-5.0940323
val,51,98,115.0,109.84812,-5.1518784
val,51,99,114.0,108.55397,-5.4460297
val,51,100,113.0,111.07502,-1.9249802
val,51,101,112.0,112.36912,0.36911774
val,51,102,111.0,115.612236,4.612236
val,51,103,110.0,120.63982,10.639816
val,51,104,109.0,124.81919,15.819191
val,51,105,108.0,126.57427,18.574272
val,51,106,107.0,125.057495,18.057495
val,51,107,106.0,126.284035,20.284035
val,51,108,105.0,130.06488,25.06488
val,51,109,104.0,130.44685,26.446854
val,51,110,103.0,131.36491,28.364914
val,51,111,102.0,138.44583,36.44583
val,51,112,101.0,137.47095,36.470947
val,51,113,100.0,136.14738,36.147385
val,51,114,99.0,140.96315,41.96315
val,51,115,98.0,138.31192,40.31192
val,51,116,97.0,130.82558,33.825577
val,51,117,96.0,132.3178,36.317795
val,51,118,95.0,130.29329,35.29329
val,51,119,94.0,128.27428,34.274277
val,51,120,93.0,123.35211,30.352112
val,51,121,92.0,124.813484,32.813484
val,51,122,91.0,126.08729,35.087288
val,51,123,90.0,123.2496,33.249603
val,51,124,89.0,116.58369,27.583687
val,51,125,88.0,111.30877,23.30877
val,51,126,87.0,115.95015,28.95015
val,51,127,86.0,115.34398,29.343979
val,51,128,85.0,117.762085,32.762085
val,51,129,84.0,115.53221,31.532211
val,51,130,83.0,110.75466,27.754662
val,51,131,82.0,104.875084,22.875084
val,51,132,81.0,100.940796,19.940796
val,51,133,80.0,97.18447,17.184471
val,51,134,79.0,90.7788,11.778801
val,51,135,78.0,89.18648,11.186478
val,51,136,77.0,87.68046,10.680458
val,51,137,76.0,85.34936,9.349358
val,51,138,75.0,86.2911,11.2911
val,51,139,74.0,82.28504,8.285042
val,51,140,73.0,75.12899,2.1289902
val,51,141,72.0,75.17492,3.1749191
val,51,142,71.0,79.83416,8.83416
val,51,143,70.0,79.30096,9.300957
val,51,144,69.0,76.03701,7.03701
val,51,145,68.0,72.15227,4.1522675
val,51,146,67.0,71.351265,4.351265
val,51,147,66.0,73.85114,7.851143
val,51,148,65.0,72.45266,7.4526596
val,51,149,64.0,74.28442,10.284416
val,51,150,63.0,72.992226,9.992226
val,51,151,62.0,71.11022,9.110222
val,51,152,61.0,67.60791,6.60791
val,51,153,60.0,67.71454,7.7145386
val,51,154,59.0,63.588737,4.5887375
val,51,155,58.0,59.378025,1.378025
val,51,156,57.0,55.816074,-1.1839256
val,51,157,56.0,46.35669,-9.643311
val,51,158,55.0,32.443916,-22.556084
val,51,159,54.0,26.647146,-27.352854
val,51,160,53.0,25.550665,-27.449335
val,51,161,52.0,22.416893,-29.583107
val,51,162,51.0,21.576748,-29.423252
val,51,163,50.0,23.112604,-26.887396
val,51,164,49.0,23.087618,-25.912382
val,51,165,48.0,24.55507,-23.44493
val,51,166,47.0,25.430021,-21.569979
val,51,167,46.0,24.794855,-21.205145
val,51,168,45.0,23.815592,-21.184408
val,51,169,44.0,27.52102,-16.47898
val,51,170,43.0,21.165543,-21.834457
val,51,171,42.0,16.31773,-25.68227
val,51,172,41.0,15.788556,-25.211445
val,51,173,40.0,12.344806,-27.655193
val,51,174,39.0,9.23327,-29.766731
val,51,175,38.0,8.775072,-29.224928
val,51,176,37.0,11.505909,-25.494091
val,51,177,36.0,14.801776,-21.198223
val,51,178,35.0,13.924455,-21.075546
val,51,179,34.0,21.130268,-12.869732
val,51,180,33.0,24.52786,-8.472139
val,51,181,32.0,27.109913,-4.890087
val,51,182,31.0,32.304916,1.3049164
val,51,183,30.0,29.207523,-0.79247665
val,51,184,29.0,26.192812,-2.807188
val,51,185,28.0,19.896437,-8.103563
val,51,186,27.0,15.44223,-11.55777
val,51,187,26.0,12.056015,-13.943985
val,51,188,25.0,9.90795,-15.09205
val,51,189,24.0,12.964398,-11.035602
val,51,190,23.0,12.29014,-10.70986
val,51,191,22.0,6.8458977,-15.154102
val,51,192,21.0,5.8373075,-15.162693
val,51,193,20.0,8.695397,-11.304603
val,51,194,19.0,8.988828,-10.011172
val,51,195,18.0,9.440677,-8.559323
val,51,196,17.0,9.851953,-7.1480474
val,51,197,16.0,7.471152,-8.528849
val,51,198,15.0,6.7309346,-8.269066
val,51,199,14.0,8.1290455,-5.8709545
val,51,200,13.0,13.254577,0.25457668
val,51,201,12.0,11.120324,-0.87967587
val,51,202,11.0,9.009366,-1.990634
val,51,203,10.0,8.175069,-1.8249311
val,51,204,9.0,9.692151,0.69215107
val,51,205,8.0,8.516251,0.5162506
val,51,206,7.0,12.322892,5.322892
val,51,207,6.0,15.565425,9.565425
val,51,208,5.0,13.857665,8.857665
val,51,209,4.0,12.691648,8.691648
val,51,210,3.0,10.679118,7.679118
val,51,211,2.0,10.647811,8.647811
val,51,212,1.0,8.472467,7.4724674
val,51,213,0.0,5.1214814,5.1214814
val,52,30,183.0,165.61488,-17.385117
val,52,31,182.0,162.33522,-19.66478
val,52,32,181.0,156.25868,-24.741318
val,52,33,180.0,156.7731,-23.226898
val,52,34,179.0,152.98,-26.020004
val,52,35,178.0,151.21626,-26.783737
val,52,36,177.0,143.237,-33.763
val,52,37,176.0,139.95471,-36.045288
val,52,38,175.0,130.52504,-44.47496
val,52,39,174.0,127.23066,-46.76934
val,52,40,173.0,129.46338,-43.53662
val,52,41,172.0,130.66124,-41.33876
val,52,42,171.0,133.33426,-37.66574
val,52,43,170.0,137.59776,-32.402237
val,52,44,169.0,140.30681,-28.693192
val,52,45,168.0,144.37822,-23.62178
val,52,46,167.0,144.8178,-22.182205
val,52,47,166.0,145.9975,-20.002502
val,52,48,165.0,146.88327,-18.11673
val,52,49,164.0,141.76724,-22.232758
val,52,50,163.0,140.23897,-22.761032
val,52,51,162.0,142.39885,-19.60115
val,52,52,161.0,141.20103,-19.798965
val,52,53,160.0,142.91025,-17.089752
val,52,54,159.0,146.53322,-12.466782
val,52,55,158.0,149.1865,-8.813507
val,52,56,157.0,150.36006,-6.6399384
val,52,57,156.0,152.80743,-3.192566
val,52,58,155.0,157.3424,2.3424072
val,52,59,154.0,155.80542,1.8054199
val,52,60,153.0,155.62299,2.6229858
val,52,61,152.0,154.7423,2.7422943
val,52,62,151.0,151.73747,0.73747253
val,52,63,150.0,147.66438,-2.335617
val,52,64,149.0,144.50505,-4.4949493
val,52,65,148.0,143.60616,-4.3938446
val,52,66,147.0,137.34209,-9.657913
val,52,67,146.0,132.179,-13.820999
val,52,68,145.0,131.04967,-13.950333
val,52,69,144.0,126.50234,-17.497658
val,52,70,143.0,120.04446,-22.955544
val,52,71,142.0,113.91121,-28.08879
val,52,72,141.0,114.94657,-26.053429
val,52,73,140.0,116.99139,-23.008614
val,52,74,139.0,117.01698,-21.983017
val,52,75,138.0,118.97417,-19.025833
val,52,76,137.0,122.59231,-14.407692
val,52,77,136.0,123.783,-12.217003
val,52,78,135.0,126.24497,-8.755028
val,52,79,134.0,130.66637,-3.3336334
val,52,80,133.0,135.84738,2.8473816
val,52,81,132.0,139.53242,7.532425
val,52,82,131.0,141.46623,10.466232
val,52,83,130.0,145.51076,15.510757
val,52,84,129.0,145.31206,16.312057
val,52,85,128.0,141.71205,13.712051
val,52,86,127.0,135.71367,8.713669
val,52,87,126.0,128.02208,2.0220795
val,52,88,125.0,121.79523,-3.204773
val,52,89,124.0,114.1896,-9.810402
val,52,90,123.0,112.38622,-10.613777
val,52,91,122.0,110.29648,-11.703522
val,52,92,121.0,106.83012,-14.169884
val,52,93,120.0,105.22718,-14.7728195
val,52,94,119.0,101.164116,-17.835884
val,52,95,118.0,93.7527,-24.2473
val,52,96,117.0,87.615425,-29.384575
val,52,97,116.0,82.50514,-33.494858
val,52,98,115.0,77.134224,-37.865776
val,52,99,114.0,74.51941,-39.48059
val,52,100,113.0,66.94493,-46.05507
val,52,101,112.0,65.84822,-46.15178
val,52,102,111.0,70.38322,-40.616783
val,52,103,110.0,74.09921,-35.900787
val,52,104,109.0,75.18545,-33.814552
val,52,105,108.0,85.23559,-22.764412
val,52,106,107.0,88.444084,-18.555916
val,52,107,106.0,91.424835,-14.575165
val,52,108,105.0,93.922646,-11.077354
val,52,109,104.0,93.1501,-10.849899
val,52,110,103.0,94.9412,-8.0588
val,52,111,102.0,96.34205,-5.6579514
val,52,112,101.0,93.09095,-7.90905
val,52,113,100.0,99.082405,-0.9175949
val,52,114,99.0,107.49215,8.492149
val,52,115,98.0,116.50942,18.509422
val,52,116,97.0,128.15082,31.150818
val,52,117,96.0,134.77525,38.775253
val,52,118,95.0,134.88956,39.889557
val,52,119,94.0,132.90553,38.905533
val,52,120,93.0,134.59091,41.59091
val,52,121,92.0,126.47519,34.47519
val,52,122,91.0,118.73873,27.738731
val,52,123,90.0,112.64215,22.64215
val,52,124,89.0,110.441124,21.441124
val,52,125,88.0,110.56974,22.56974
val,52,126,87.0,109.19491,22.194908
val,52,127,86.0,111.33962,25.339622
val,52,128,85.0,111.07157,26.071571
val,52,129,84.0,116.75417,32.754173
val,52,130,83.0,118.74905,35.749046
val,52,131,82.0,125.69662,43.696617
val,52,132,81.0,127.16183,46.161827
val,52,133,80.0,124.98812,44.98812
val,52,134,79.0,119.030785,40.030785
val,52,135,78.0,110.87396,32.873962
val,52,136,77.0,99.00487,22.004868
val,52,137,76.0,96.503685,20.503685
val,52,138,75.0,92.94319,17.943192
val,52,139,74.0,92.10958,18.109581
val,52,140,73.0,88.59399,15.5939865
val,52,141,72.0,90.745865,18.745865
val,52,142,71.0,95.14434,24.14434
val,52,143,70.0,98.31126,28.311256
val,52,144,69.0,95.291954,26.291954
val,52,145,68.0,92.79828,24.798279
val,52,146,67.0,89.146706,22.146706
val,52,147,66.0,84.06899,18.068993
val,52,148,65.0,83.78397,18.783974
val,52,149,64.0,82.69021,18.690208
val,52,150,63.0,82.085655,19.085655
val,52,151,62.0,79.50222,17.50222
val,52,152,61.0,77.64632,16.646317
val,52,153,60.0,77.75222,17.75222
val,52,154,59.0,77.40691,18.406914
val,52,155,58.0,74.71664,16.716637
val,52,156,57.0,71.67147,14.671471
val,52,157,56.0,65.64561,9.645607
val,52,158,55.0,61.640327,6.6403275
val,52,159,54.0,62.403725,8.403725
val,52,160,53.0,63.054287,10.054287
val,52,161,52.0,63.556713,11.556713
val,52,162,51.0,62.077873,11.077873
val,52,163,50.0,60.7128,10.712799
val,52,164,49.0,57.308205,8.308205
val,52,165,48.0,54.128883,6.1288834
val,52,166,47.0,53.477165,6.477165
val,52,167,46.0,52.84452,6.8445206
val,52,168,45.0,49.512085,4.512085
val,52,169,44.0,48.158737,4.158737
val,52,170,43.0,44.547363,1.5473633
val,52,171,42.0,42.04581,0.0458107
val,52,172,41.0,39.541046,-1.4589539
val,52,173,40.0,38.08128,-1.9187202
val,52,174,39.0,41.342678,2.342678
val,52,175,38.0,43.382393,5.382393
val,52,176,37.0,40.689896,3.6898956
val,52,177,36.0,37.775005,1.7750053
val,52,178,35.0,38.52266,3.5226593
val,52,179,34.0,35.999863,1.9998627
val,52,180,33.0,33.251514,0.25151443
val,52,181,32.0,32.78691,0.786911
val,52,182,31.0,33.990883,2.9908829
val,52,183,30.0,30.59884,0.5988407
val,52,184,29.0,27.09145,-1.9085503
val,52,185,28.0,25.89451,-2.1054897
val,52,186,27.0,25.026768,-1.9732323
val,52,187,26.0,23.716665,-2.2833347
val,52,188,25.0,23.352888,-1.6471119
val,52,189,24.0,24.401354,0.40135384
val,52,190,23.0,24.132029,1.1320286
val,52,191,22.0,24.051077,2.051077
val,52,192,21.0,21.003317,0.0033168793
val,52,193,20.0,16.56066,-3.4393406
val,52,194,19.0,13.906771,-5.0932293
val,52,195,18.0,14.990245,-3.0097551
val,52,196,17.0,13.753413,-3.2465868
val,52,197,16.0,13.598897,-2.401103
val,52,198,15.0,15.128362,0.1283617
val,52,199,14.0,14.3557825,0.3557825
val,52,200,13.0,12.401753,-0.5982466
val,52,201,12.0,9.9264145,-2.0735855
val,52,202,11.0,6.964847,-4.035153
val,52,203,10.0,5.3437424,-4.6562576
val,52,204,9.0,5.8160596,-3.1839404
val,52,205,8.0,5.2157903,-2.7842097
val,52,206,7.0,4.3494596,-2.6505404
val,52,207,6.0,3.1601565,-2.8398435
val,52,208,5.0,2.919955,-2.080045
val,52,209,4.0,2.412596,-1.587404
val,52,210,3.0,2.2838871,-0.71611285
val,52,211,2.0,0.03585352,-1.9641465
val,52,212,1.0,-0.54149234,-1.5414923
val,52,213,0.0,-2.3696349,-2.3696349
val,53,30,165.0,108.89884,-56.10116
val,53,31,164.0,111.96404,-52.035957
val,53,32,163.0,115.871284,-47.128716
val,53,33,162.0,117.37505,-44.624947
val,53,34,161.0,117.63359,-43.36641
val,53,35,160.0,117.42059,-42.579407
val,53,36,159.0,119.6565,-39.3435
val,53,37,158.0,121.73464,-36.265358
val,53,38,157.0,125.95535,-31.044647
val,53,39,156.0,125.26126,-30.738739
val,53,40,155.0,131.08244,-23.917557
val,53,41,154.0,140.1015,-13.898499
val,53,42,153.0,143.29294,-9.707062
val,53,43,152.0,150.6603,-1.3397064
val,53,44,151.0,153.35435,2.3543549
val,53,45,150.0,163.41588,13.415878
val,53,46,149.0,165.80707,16.807068
val,53,47,148.0,167.29839,19.298386
val,53,48,147.0,171.83989,24.83989
val,53,49,146.0,168.62236,22.62236
val,53,50,145.0,169.9885,24.988495
val,53,51,144.0,168.50613,24.506134
val,53,52,143.0,168.3384,25.338394
val,53,53,142.0,166.92339,24.923386
val,53,54,141.0,163.65314,22.653137
val,53,55,140.0,157.88963,17.889633
val,53,56,139.0,153.6023,14.602295
val,53,57,138.0,148.85664,10.856644
val,53,58,137.0,147.71593,10.715927
val,53,59,136.0,146.32542,10.325424
val,53,60,135.0,143.26253,8.262527
val,53,61,134.0,140.8929,6.8928986
val,53,62,133.0,139.64668,6.6466827
val,53,63,132.0,134.4832,2.4832
val,53,64,131.0,131.88881,0.8888092
val,53,65,130.0,136.16264,6.1626434
val,53,66,129.0,139.51872,10.518723
val,53,67,128.0,141.88211,13.882111
val,53,68,127.0,148.9952,21.995193
val,53,69,126.0,153.46822,27.468216
val,53,70,125.0,148.74211,23.742111
val,53,71,124.0,147.59204,23.592041
val,53,72,123.0,146.64409,23.644089
val,53,73,122.0,139.91086,17.910858
val,53,74,121.0,132.93106,11.931061
val,53,75,120.0,134.34502,14.3450165
val,53,76,119.0,124.21108,5.2110825
val,53,77,118.0,124.51757,6.5175705
val,53,78,117.0,123.59522,6.5952225
val,53,79,116.0,129.98434,13.9843445
val,53,80,115.0,128.20416,13.204163
val,53,81,114.0,132.12553,18.125534
val,53,82,113.0,135.13498,22.13498
val,53,83,112.0,137.19681,25.196808
val,53,84,111.0,137.26329,26.26329
val,53,85,110.0,132.6227,22.622696
val,53,86,109.0,129.7367,20.736694
val,53,87,108.0,123.10154,15.10154
val,53,88,107.0,113.78585,6.7858505
val,53,89,106.0,108.20937,2.2093735
val,53,90,105.0,101.421135,-3.578865
val,53,91,104.0,99.45774,-4.542259
val,53,92,103.0,96.07251,-6.92749
val,53,93,102.0,97.745384,-4.254616
val,53,94,101.0,103.368,2.3679962
val,53,95,100.0,104.46104,4.4610367
val,53,96,99.0,106.01058,7.010582
val,53,97,98.0,114.17593,16.175926
val,53,98,97.0,116.076256,19.076256
val,53,99,96.0,116.041435,20.041435
val,53,100,95.0,112.38958,17.38958
val,53,101,94.0,108.779655,14.779655
val,53,102,93.0,106.64115,13.641151
val,53,103,92.0,107.453064,15.453064
val,53,104,91.0,105.15305,14.153053
val,53,105,90.0,105.40481,15.404808
val,53,106,89.0,103.89074,14.890739
val,53,107,88.0,105.7548,17.754799
val,53,108,87.0,106.62361,19.623611
val,53,109,86.0,111.22711,25.227112
val,53,110,85.0,111.46696,26.466957
val,53,111,84.0,114.944046,30.944046
val,53,112,83.0,112.58274,29.58274
val,53,113,82.0,106.48752,24.487518
val,53,114,81.0,103.19859,22.198593
val,53,115,80.0,101.27953,21.279533
val,53,116,79.0,100.31709,21.317093
val,53,117,78.0,94.59929,16.599289
val,53,118,77.0,93.17203,16.172028
val,53,119,76.0,91.819374,15.819374
val,53,120,75.0,95.49279,20.49279
val,53,121,74.0,96.02543,22.025429
val,53,122,73.0,94.703575,21.703575
val,53,123,72.0,88.528984,16.528984
val,53,124,71.0,83.01609,12.01609
val,53,125,70.0,74.722496,4.722496
val,53,126,69.0,73.2123,4.212303
val,53,127,68.0,70.081535,2.0815353
val,53,128,67.0,65.274155,-1.7258453
val,53,129,66.0,63.51178,-2.4882202
val,53,130,65.0,66.172195,1.1721954
val,53,131,64.0,69.49731,5.497307
val,53,132,63.0,67.45843,4.4584274
val,53,133,62.0,70.85409,8.854088
val,53,134,61.0,72.605034,11.605034
val,53,135,60.0,73.71797,13.717972
val,53,136,59.0,71.09807,12.098068
val,53,137,58.0,68.79803,10.798027
val,53,138,57.0,69.920616,12.920616
val,53,139,56.0,69.656334,13.656334
val,53,140,55.0,65.76565,10.765648
val,53,141,54.0,65.70167,11.701668
val,53,142,53.0,63.509247,10.509247
val,53,143,52.0,57.677925,5.677925
val,53,144,51.0,57.579147,6.5791473
val,53,145,50.0,58.821262,8.821262
val,53,146,49.0,62.613316,13.613316
val,53,147,48.0,69.3004,21.3004
val,53,148,47.0,71.106964,24.106964
val,53,149,46.0,68.089745,22.089745
val,53,150,45.0,63.090134,18.090134
val,53,151,44.0,57.609634,13.609634
val,53,152,43.0,51.177998,8.177998
val,53,153,42.0,47.366554,5.3665543
val,53,154,41.0,48.14908,7.1490784
val,53,155,40.0,45.79556,5.795559
val,53,156,39.0,44.074726,5.074726
val,53,157,38.0,45.24812,7.2481194
val,53,158,37.0,47.9309,10.930901
val,53,159,36.0,50.03161,14.031609
val,53,160,35.0,51.914406,16.914406
val,53,161,34.0,53.625206,19.625206
val,53,162,33.0,53.884983,20.884983
val,53,163,32.0,54.65444,22.654442
val,53,164,31.0,51.516586,20.516586
val,53,165,30.0,51.96315,21.96315
val,53,166,29.0,51.003838,22.003838
val,53,167,28.0,50.878845,22.878845
val,53,168,27.0,51.224564,24.224564
val,53,169,26.0,51.29949,25.299492
val,53,170,25.0,46.420097,21.420097
val,53,171,24.0,40.20366,16.20366
val,53,172,23.0,37.337955,14.337955
val,53,173,22.0,38.647675,16.647675
val,53,174,21.0,37.878693,16.878693
val,53,175,20.0,35.911377,15.911377
val,53,176,19.0,36.32106,17.32106
val,53,177,18.0,37.596924,19.596924
val,53,178,17.0,35.467735,18.467735
val,53,179,16.0,31.83341,15.83341
val,53,180,15.0,28.345541,13.345541
val,53,181,14.0,22.048876,8.048876
val,53,182,13.0,17.448484,4.4484844
val,53,183,12.0,18.311728,6.3117275
val,53,184,11.0,17.743855,6.7438545
val,53,185,10.0,16.790035,6.7900352
val,53,186,9.0,17.36755,8.36755
val,53,187,8.0,16.528822,8.528822
val,53,188,7.0,13.811109,6.8111086
val,53,189,6.0,11.311269,5.311269
val,53,190,5.0,10.668327,5.6683273
val,53,191,4.0,9.324111,5.324111
val,53,192,3.0,6.4772353,3.4772353
val,53,193,2.0,4.8962684,2.8962684
val,53,194,1.0,5.8086066,4.8086066
val,53,195,0.0,5.9712343,5.9712343
val,57,30,107.0,159.5111,52.511093
val,57,31,106.0,157.00874,51.008743
val,57,32,105.0,151.9937,46.9937
val,57,33,104.0,152.07985,48.07985
val,57,34,103.0,146.58653,43.586533
val,57,35,102.0,147.61264,45.61264
val,57,36,101.0,147.69557,46.69557
val,57,37,100.0,146.99777,46.997772
val,57,38,99.0,145.81123,46.811234
val,57,39,98.0,144.77045,46.770447
val,57,40,97.0,141.43745,44.437454
val,57,41,96.0,136.61938,40.619385
val,57,42,95.0,139.65883,44.65883
val,57,43,94.0,139.81972,45.819717
val,57,44,93.0,148.42654,55.426544
val,57,45,92.0,146.52563,54.525635
val,57,46,91.0,146.32465,55.324646
val,57,47,90.0,139.22832,49.228317
val,57,48,89.0,134.74199,45.74199
val,57,49,88.0,135.4629,47.462906
val,57,50,87.0,137.90633,50.906326
val,57,51,86.0,134.86247,48.862473
val,57,52,85.0,136.44681,51.446808
val,57,53,84.0,141.09608,57.096085
val,57,54,83.0,142.03249,59.032486
val,57,55,82.0,149.27672,67.27672
val,57,56,81.0,154.40256,73.40256
val,57,57,80.0,155.3955,75.39549
val,57,58,79.0,150.31544,71.315445
val,57,59,78.0,142.24425,64.24425
val,57,60,77.0,137.42978,60.42978
val,57,61,76.0,133.10677,57.106766
val,57,62,75.0,128.96335,53.96335
val,57,63,74.0,123.17743,49.17743
val,57,64,73.0,120.13929,47.13929
val,57,65,72.0,116.02758,44.02758
val,57,66,71.0,117.35397,46.353973
val,57,67,70.0,116.51602,46.51602
val,57,68,69.0,114.446945,45.446945
val,57,69,68.0,116.273285,48.273285
val,57,70,67.0,123.33999,56.33999
val,57,71,66.0,128.98402,62.984024
val,57,72,65.0,133.10472,68.10472
val,57,73,64.0,126.9625,62.9625
val,57,74,63.0,124.58851,61.58851
val,57,75,62.0,116.73262,54.73262
val,57,76,61.0,106.67495,45.67495
val,57,77,60.0,103.090225,43.090225
val,57,78,59.0,98.27514,39.27514
val,57,79,58.0,100.13974,42.13974
val,57,80,57.0,105.60157,48.60157
val,57,81,56.0,105.76021,49.76021
val,57,82,55.0,105.815025,50.815025
val,57,83,54.0,118.296745,64.296745
val,57,84,53.0,126.99642,73.99642
val,57,85,52.0,130.78325,78.78325
val,57,86,51.0,133.78204,82.78204
val,57,87,50.0,133.20598,83.20598
val,57,88,49.0,129.4217,80.42171
val,57,89,48.0,125.71802,77.71802
val,57,90,47.0,122.88309,75.88309
val,57,91,46.0,116.18192,70.18192
val,57,92,45.0,111.954414,66.954414
val,57,93,44.0,103.398285,59.398285
val,57,94,43.0,96.12757,53.12757
val,57,95,42.0,95.54558,53.545578
val,57,96,41.0,94.52987,53.52987
val,57,97,40.0,95.68807,55.688072
val,57,98,39.0,102.28038,63.28038
val,57,99,38.0,109.2252,71.2252
val,57,100,37.0,106.568085,69.568085
val,57,101,36.0,105.06733,69.06733
val,57,102,35.0,95.82873,60.828728
val,57,103,34.0,86.58749,52.587486
val,57,104,33.0,78.053734,45.053734
val,57,105,32.0,67.00489,35.00489
val,57,106,31.0,57.49623,26.496231
val,57,107,30.0,49.010292,19.010292
val,57,108,29.0,38.062088,9.062088
val,57,109,28.0,29.64662,1.6466198
val,57,110,27.0,24.041176,-2.9588242
val,57,111,26.0,20.2482,-5.7518005
val,57,112,25.0,24.174654,-0.825346
val,57,113,24.0,28.400278,4.400278
val,57,114,23.0,32.48726,9.487259
val,57,115,22.0,33.07034,11.070339
val,57,116,21.0,31.680618,10.680618
val,57,117,20.0,27.59587,7.595869
val,57,118,19.0,26.260092,7.260092
val,57,119,18.0,22.387264,4.3872643
val,57,120,17.0,17.272444,0.27244377
val,57,121,16.0,13.460257,-2.5397434
val,57,122,15.0,11.062672,-3.9373283
val,57,123,14.0,9.6275425,-4.3724575
val,57,124,13.0,9.113183,-3.886817
val,57,125,12.0,11.940794,-0.05920601
val,57,126,11.0,12.1570635,1.1570635
val,57,127,10.0,12.859654,2.8596544
val,57,128,9.0,13.838945,4.8389454
val,57,129,8.0,12.868684,4.868684
val,57,130,7.0,12.663268,5.663268
val,57,131,6.0,9.69814,3.6981401
val,57,132,5.0,7.8009553,2.8009553
val,57,133,4.0,4.7993717,0.7993717
val,57,134,3.0,0.7823535,-2.2176466
val,57,135,2.0,-1.1959232,-3.1959233
val,57,136,1.0,-4.433407,-5.433407
val,57,137,0.0,-5.404785,-5.404785
val,60,30,142.0,126.60963,-15.390373
val,60,31,141.0,120.17138,-20.82862
val,60,32,140.0,116.187706,-23.812294
val,60,33,139.0,126.446175,-12.553825
val,60,34,138.0,132.55215,-5.4478455
val,60,35,137.0,146.79654,9.796539
val,60,36,136.0,158.32549,22.325485
val,60,37,135.0,159.62325,24.623245
val,60,38,134.0,156.06647,22.066467
val,60,39,133.0,148.57195,15.571945
val,60,40,132.0,141.94572,9.9457245
val,60,41,131.0,136.05461,5.054611
val,60,42,130.0,131.71484,1.7148438
val,60,43,129.0,133.96056,4.960556
val,60,44,128.0,131.92406,3.924057
val,60,45,127.0,137.34128,10.341278
val,60,46,126.0,140.76337,14.763367
val,60,47,125.0,138.72437,13.724365
val,60,48,124.0,130.49007,6.4900665
val,60,49,123.0,125.52715,2.527153
val,60,50,122.0,113.807686,-8.192314
val,60,51,121.0,108.26119,-12.738808
val,60,52,120.0,100.26516,-19.73484
val,60,53,119.0,92.79937,-26.20063
val,60,54,118.0,90.171814,-27.828186
val,60,55,117.0,90.53717,-26.46283
val,60,56,116.0,90.27883,-25.721169
val,60,57,115.0,94.13426,-20.865738
val,60,58,114.0,93.410034,-20.589966
val,60,59,113.0,100.16104,-12.838959
val,60,60,112.0,105.40466,-6.595337
val,60,61,111.0,111.75957,0.75956726
val,60,62,110.0,117.644844,7.644844
val,60,63,109.0,121.442665,12.442665
val,60,64,108.0,120.60096,12.60096
val,60,65,107.0,114.36898,7.3689804
val,60,66,106.0,107.93548,1.9354782
val,60,67,105.0,103.84482,-1.1551819
val,60,68,104.0,100.37954,-3.6204605
val,60,69,103.0,103.10348,0.10347748
val,60,70,102.0,107.779915,5.779915
val,60,71,101.0,112.69815,11.698151
val,60,72,100.0,118.41339,18.413391
val,60,73,99.0,127.12995,28.129951
val,60,74,98.0,131.56554,33.565536
val,60,75,97.0,130.82744,33.82744
val,60,76,96.0,131.17148,35.17148
val,60,77,95.0,120.54026,25.54026
val,60,78,94.0,108.736,14.736
val,60,79,93.0,101.84246,8.842461
val,60,80,92.0,96.91549,4.915489
val,60,81,91.0,90.22947,-0.7705307
val,60,82,90.0,86.953125,-3.046875
val,60,83,89.0,90.1148,1.1147995
val,60,84,88.0,95.954895,7.954895
val,60,85,87.0,100.40918,13.40918
val,60,86,86.0,108.522026,22.522026
val,60,87,85.0,114.79264,29.79264
val,60,88,84.0,121.22539,37.225388
val,60,89,83.0,127.15919,44.159187
val,60,90,82.0,135.6231,53.623093
val,60,91,81.0,137.63887,56.63887
val,60,92,80.0,132.16737,52.167374
val,60,93,79.0,130.06947,51.069473
val,60,94,78.0,119.3652,41.365196
val,60,95,77.0,110.42779,33.427788
val,60,96,76.0,105.185234,29.185234
val,60,97,75.0,99.13589,24.135887
val,60,98,74.0,90.90185,16.901848
val,60,99,73.0,82.87249,9.87249
val,60,100,72.0,80.18451,8.184509
val,60,101,71.0,75.71781,4.7178116
val,60,102,70.0,74.11504,4.1150436
val,60,103,69.0,73.124535,4.1245346
val,60,104,68.0,71.28121,3.2812119
val,60,105,67.0,71.8037,4.8037033
val,60,106,66.0,68.28501,2.2850113
val,60,107,65.0,67.87435,2.8743515
val,60,108,64.0,62.764503,-1.2354965
val,60,109,63.0,60.87194,-2.1280594
val,60,110,62.0,65.94233,3.9423294
val,60,111,61.0,68.36526,7.3652573
val,60,112,60.0,73.63534,13.635338
val,60,113,59.0,77.74026,18.740257
val,60,114,58.0,81.94396,23.943962
val,60,115,57.0,87.43442,30.434418
val,60,116,56.0,91.198395,35.198395
val,60,117,55.0,89.83024,34.83024
val,60,118,54.0,90.19739,36.197388
val,60,119,53.0,95.92931,42.929314
val,60,120,52.0,94.84382,42.84382
val,60,121,51.0,98.40566,47.405663
val,60,122,50.0,101.21126,51.211258
val,60,123,49.0,101.83161,52.83161
val,60,124,48.0,99.82859,51.82859
val,60,125,47.0,96.7564,49.7564
val,60,126,46.0,93.446785,47.446785
val,60,127,45.0,88.312904,43.312904
val,60,128,44.0,82.918785,38.918785
val,60,129,43.0,79.58074,36.58074
val,60,130,42.0,73.824,31.823997
val,60,131,41.0,65.361565,24.361565
val,60,132,40.0,57.257713,17.257713
val,60,133,39.0,49.620052,10.620052
val,60,134,38.0,45.34472,7.344719
val,60,135,37.0,42.836056,5.8360558
val,60,136,36.0,38.222237,2.2222366
val,60,137,35.0,35.90248,0.9024811
val,60,138,34.0,37.03345,3.033451
val,60,139,33.0,43.07847,10.078468
val,60,140,32.0,42.480152,10.480152
val,60,141,31.0,40.50512,9.505119
val,60,142,30.0,37.99437,7.9943695
val,60,143,29.0,36.51349,7.513489
val,60,144,28.0,32.558754,4.558754
val,60,145,27.0,28.355082,1.3550816
val,60,146,26.0,28.165014,2.1650143
val,60,147,25.0,24.955194,-0.044805527
val,60,148,24.0,23.383333,-0.6166668
val,60,149,23.0,21.391249,-1.6087513
val,60,150,22.0,22.662607,0.6626072
val,60,151,21.0,24.740377,3.7403774
val,60,152,20.0,26.62343,6.6234303
val,60,153,19.0,24.439865,5.439865
val,60,154,18.0,23.711384,5.711384
val,60,155,17.0,22.506266,5.5062656
val,60,156,16.0,21.82054,5.8205395
val,60,157,15.0,22.39536,7.395361
val,60,158,14.0,19.359861,5.3598614
val,60,159,13.0,16.00959,3.0095901
val,60,160,12.0,13.5321455,1.5321455
val,60,161,11.0,10.931104,-0.06889629
val,60,162,10.0,10.746754,0.7467537
val,60,163,9.0,12.142017,3.1420174
val,60,164,8.0,9.732904,1.7329044
val,60,165,7.0,8.694186,1.6941862
val,60,166,6.0,8.074305,2.0743046
val,60,167,5.0,6.7856574,1.7856574
val,60,168,4.0,8.658592,4.658592
val,60,169,3.0,7.764503,4.764503
val,60,170,2.0,7.4537373,5.4537373
val,60,171,1.0,5.4395833,4.4395833
val,60,172,0.0,4.9168177,4.9168177
val,62,30,150.0,106.61233,-43.387672
val,62,31,149.0,104.50236,-44.497643
val,62,32,148.0,104.26902,-43.73098
val,62,33,147.0,106.5926,-40.407402
val,62,34,146.0,110.62693,-35.37307
val,62,35,145.0,115.88413,-29.115868
val,62,36,144.0,124.40975,-19.590248
val,62,37,143.0,127.49796,-15.502037
val,62,38,142.0,128.93398,-13.066025
val,62,39,141.0,121.48787,-19.51213
val,62,40,140.0,118.15447,-21.845528
val,62,41,139.0,113.56406,-25.435944
val,62,42,138.0,111.97161,-26.028389
val,62,43,137.0,111.13778,-25.86222
val,62,44,136.0,113.46541,-22.534592
val,62,45,135.0,116.35955,-18.64045
val,62,46,134.0,118.20003,-15.799973
val,62,47,133.0,118.1913,-14.808701
val,62,48,132.0,118.36739,-13.6326065
val,62,49,131.0,117.94044,-13.059563
val,62,50,130.0,121.306786,-8.693214
val,62,51,129.0,122.20465,-6.795349
val,62,52,128.0,122.17635,-5.8236465
val,62,53,127.0,125.545845,-1.454155
val,62,54,126.0,126.9741,0.9740982
val,62,55,125.0,119.45592,-5.5440826
val,62,56,124.0,114.17165,-9.828346
val,62,57,123.0,109.16412,-13.835876
val,62,58,122.0,98.76934,-23.23066
val,62,59,121.0,97.01304,-23.986961
val,62,60,120.0,97.70264,-22.297363
val,62,61,119.0,97.630196,-21.369804
val,62,62,118.0,97.32267,-20.67733
val,62,63,117.0,99.96394,-17.036057
val,62,64,116.0,99.71747,-16.282532
val,62,65,115.0,100.766136,-14.233864
val,62,66,114.0,100.43884,-13.561157
val,62,67,113.0,101.45695,-11.543053
val,62,68,112.0,104.000404,-7.9995956
val,62,69,111.0,111.901436,0.90143585
val,62,70,110.0,119.99349,9.993492
val,62,71,109.0,126.57418,17.57418
val,62,72,108.0,125.5133,17.513298
val,62,73,107.0,127.20202,20.202019
val,62,74,106.0,126.5772,20.577202
val,62,75,105.0,121.63555,16.635551
val,62,76,104.0,117.71514,13.715141
val,62,77,103.0,117.72277,14.722771
val,62,78,102.0,117.13847,15.1384735
val,62,79,101.0,119.4008,18.400803
val,62,80,100.0,123.590225,23.590225
val,62,81,99.0,122.85607,23.856071
val,62,82,98.0,122.85514,24.85514
val,62,83,97.0,121.99861,24.998611
val,62,84,96.0,118.94262,22.94262
val,62,85,95.0,122.31891,27.318909
val,62,86,94.0,120.07514,26.075142
val,62,87,93.0,114.12342,21.12342
val,62,88,92.0,112.18617,20.186172
val,62,89,91.0,106.058876,15.058876
val,62,90,90.0,100.05687,10.0568695
val,62,91,89.0,91.51678,2.516777
val,62,92,88.0,85.60174,-2.398262
val,62,93,87.0,81.388084,-5.6119156
val,62,94,86.0,79.79513,-6.204872
val,62,95,85.0,82.40151,-2.5984879
val,62,96,84.0,83.569115,-0.43088531
val,62,97,83.0,82.29586,-0.7041397
val,62,98,82.0,84.760475,2.7604752
val,62,99,81.0,82.6628,1.6628036
val,62,100,80.0,80.6268,0.62680054
val,62,101,79.0,74.94196,-4.058037
val,62,102,78.0,74.59795,-3.4020462
val,62,103,77.0,70.23431,-6.7656937
val,62,104,76.0,67.0433,-8.956703
val,62,105,75.0,67.6256,-7.3743973
val,62,106,74.0,68.041885,-5.9581146
val,62,107,73.0,70.61165,-2.3883514
val,62,108,72.0,72.25225,0.25225067
val,62,109,71.0,73.85006,2.8500595
val,62,110,70.0,74.33637,4.3363724
val,62,111,69.0,74.39068,5.3906784
val,62,112,68.0,73.92388,5.9238815
val,62,113,67.0,71.066635,4.066635
val,62,114,66.0,68.84887,2.8488693
val,62,115,65.0,68.67957,3.679573
val,62,116,64.0,71.116486,7.1164856
val,62,117,63.0,73.443214,10.443214
val,62,118,62.0,71.17324,9.173241
val,62,119,61.0,66.152306,5.1523056
val,62,120,60.0,63.625446,3.6254463
val,62,121,59.0,63.680954,4.680954
val,62,122,58.0,63.635284,5.6352844
val,62,123,57.0,65.16581,8.16581
val,62,124,56.0,66.42422,10.424217
val,62,125,55.0,63.623398,8.623398
val,62,126,54.0,57.519974,3.5199738
val,62,127,53.0,54.928272,1.9282722
val,62,128,52.0,49.50815,-2.4918518
val,62,129,51.0,47.29971,-3.7002907
val,62,130,50.0,44.05333,-5.9466705
val,62,131,49.0,41.5096,-7.4903984
val,62,132,48.0,43.649185,-4.350815
val,62,133,47.0,47.25891,0.25891113
val,62,134,46.0,48.438812,2.4388123
val,62,135,45.0,51.78086,6.780861
val,62,136,44.0,53.203453,9.203453
val,62,137,43.0,53.43126,10.431259
val,62,138,42.0,53.64871,11.648708
val,62,139,41.0,55.095955,14.095955
val,62,140,40.0,55.415424,15.415424
val,62,141,39.0,56.536552,17.536552
val,62,142,38.0,54.442795,16.442795
val,62,143,37.0,55.80562,18.805618
val,62,144,36.0,57.459076,21.459076
val,62,145,35.0,55.858696,20.858696
val,62,146,34.0,53.06993,19.069931
val,62,147,33.0,52.22473,19.224731
val,62,148,32.0,52.638996,20.638996
val,62,149,31.0,50.746605,19.746605
val,62,150,30.0,49.378063,19.378063
val,62,151,29.0,47.66286,18.66286
val,62,152,28.0,46.097122,18.097122
val,62,153,27.0,45.357765,18.357765
val,62,154,26.0,44.058403,18.058403
val,62,155,25.0,42.419445,17.419445
val,62,156,24.0,39.510857,15.510857
val,62,157,23.0,38.04573,15.045731
val,62,158,22.0,38.25427,16.254269
val,62,159,21.0,37.729218,16.729218
val,62,160,20.0,35.097565,15.097565
val,62,161,19.0,32.796825,13.796825
val,62,162,18.0,31.25523,13.25523
val,62,163,17.0,30.021112,13.021112
val,62,164,16.0,26.09103,10.09103
val,62,165,15.0,24.897947,9.897947
val,62,166,14.0,21.818918,7.818918
val,62,167,13.0,19.149263,6.1492634
val,62,168,12.0,18.369576,6.3695755
val,62,169,11.0,19.481216,8.481216
val,62,170,10.0,16.354717,6.3547173
val,62,171,9.0,12.44276,3.4427605
val,62,172,8.0,9.673287,1.6732874
val,62,173,7.0,8.917614,1.917614
val,62,174,6.0,6.6893954,0.6893954
val,62,175,5.0,8.054856,3.0548563
val,62,176,4.0,5.737759,1.7377591
val,62,177,3.0,4.31957,1.3195701
val,62,178,2.0,6.1855407,4.1855407
val,62,179,1.0,7.0555897,6.0555897
val,62,180,0.0,5.995716,5.995716
val,72,30,183.0,173.1053,-9.894699
val,72,31,182.0,170.49425,-11.505753
val,72,32,181.0,169.9589,-11.041107
val,72,33,180.0,164.08926,-15.910736
val,72,34,179.0,164.46962,-14.53038
val,72,35,178.0,165.88625,-12.113754
val,72,36,177.0,166.78683,-10.213165
val,72,37,176.0,159.66472,-16.335281
val,72,38,175.0,158.98027,-16.01973
val,72,39,174.0,154.53113,-19.468872
val,72,40,173.0,151.84303,-21.156967
val,72,41,172.0,150.91197,-21.088028
val,72,42,171.0,147.8734,-23.126602
val,72,43,170.0,146.70857,-23.291428
val,72,44,169.0,144.06888,-24.931122
val,72,45,168.0,136.92253,-31.077469
val,72,46,167.0,128.23122,-38.768784
val,72,47,166.0,126.98597,-39.01403
val,72,48,165.0,123.00732,-41.992683
val,72,49,164.0,119.76268,-44.23732
val,72,50,163.0,122.3237,-40.6763
val,72,51,162.0,131.42442,-30.575577
val,72,52,161.0,137.0002,-23.999802
val,72,53,160.0,143.7686,-16.2314
val,72,54,159.0,143.06664,-15.933365
val,72,55,158.0,139.44553,-18.554474
val,72,56,157.0,134.91826,-22.081741
val,72,57,156.0,126.40426,-29.595741
val,72,58,155.0,126.66503,-28.334969
val,72,59,154.0,122.235085,-31.764915
val,72,60,153.0,120.26745,-32.73255
val,72,61,152.0,120.40766,-31.592339
val,72,62,151.0,121.96599,-29.034012
val,72,63,150.0,125.94625,-24.05375
val,72,64,149.0,126.52885,-22.471153
val,72,65,148.0,127.82778,-20.172218
val,72,66,147.0,130.24046,-16.759537
val,72,67,146.0,140.49384,-5.5061646
val,72,68,145.0,148.69708,3.6970825
val,72,69,144.0,159.2913,15.291306
val,72,70,143.0,165.52159,22.521591
val,72,71,142.0,166.11046,24.110458
val,72,72,141.0,168.84544,27.845444
val,72,73,140.0,165.0171,25.017105
val,72,74,139.0,165.90564,26.90564
val,72,75,138.0,162.68855,24.688553
val,72,76,137.0,163.07607,26.076065
val,72,77,136.0,158.5125,22.512497
val,72,78,135.0,157.81462,22.814621
val,72,79,134.0,158.77649,24.77649
val,72,80,133.0,163.99635,30.996353
val,72,81,132.0,169.5876,37.5876
val,72,82,131.0,164.38121,33.38121
val,72,83,130.0,161.51106,31.511063
val,72,84,129.0,164.52269,35.52269
val,72,85,128.0,167.42998,39.429977
val,72,86,127.0,167.09877,40.09877
val,72,87,126.0,166.47658,40.476578
val,72,88,125.0,159.2646,34.264603
val,72,89,124.0,154.42769,30.427689
val,72,90,123.0,149.22041,26.220413
val,72,91,122.0,145.34172,23.34172
val,72,92,121.0,136.48909,15.48909
val,72,93,120.0,132.73364,12.733643
val,72,94,119.0,131.66621,12.666214
val,72,95,118.0,132.26805,14.268051
val,72,96,117.0,127.63626,10.636261
val,72,97,116.0,121.20838,5.2083817
val,72,98,115.0,126.31761,11.317612
val,72,99,114.0,127.97016,13.970161
val,72,100,113.0,129.13081,16.130814
val,72,101,112.0,129.09282,17.09282
val,72,102,111.0,128.88423,17.884232
val,72,103,110.0,126.06794,16.06794
val,72,104,109.0,122.45889,13.458893
val,72,105,108.0,114.5371,6.5371017
val,72,106,107.0,115.02189,8.021889
val,72,107,106.0,116.06783,10.067833
val,72,108,105.0,110.680405,5.6804047
val,72,109,104.0,113.79079,9.790787
val,72,110,103.0,119.51737,16.517372
val,72,111,102.0,119.359566,17.359566
val,72,112,101.0,121.03344,20.03344
val,72,113,100.0,125.075035,25.075035
val,72,114,99.0,125.62741,26.62741
val,72,115,98.0,124.464645,26.464645
val,72,116,97.0,124.94902,27.94902
val,72,117,96.0,127.937965,31.937965
val,72,118,95.0,130.20367,35.203674
val,72,119,94.0,131.78711,37.78711
val,72,120,93.0,135.15761,42.157608
val,72,121,92.0,141.07465,49.074646
val,72,122,91.0,139.08778,48.087784
val,72,123,90.0,137.2439,47.243896
val,72,124,89.0,134.07475,45.074753
val,72,125,88.0,132.85077,44.85077
val,72,126,87.0,130.14162,43.141617
val,72,127,86.0,125.14121,39.141212
val,72,128,85.0,119.713005,34.713005
val,72,129,84.0,116.10851,32.108513
val,72,130,83.0,106.3427,23.342697
val,72,131,82.0,103.75213,21.752129
val,72,132,81.0,102.5581,21.558098
val,72,133,80.0,96.287865,16.287865
val,72,134,79.0,93.664635,14.664635
val,72,135,78.0,89.30529,11.30529
val,72,136,77.0,89.81307,12.813072
val,72,137,76.0,86.62829,10.628288
val,72,138,75.0,86.837975,11.837975
val,72,139,74.0,84.2154,10.215401
val,72,140,73.0,77.787926,4.7879257
val,72,141,72.0,77.70822,5.7082214
val,72,142,71.0,74.58561,3.5856094
val,72,143,70.0,70.222984,0.22298431
val,72,144,69.0,68.26632,-0.7336807
val,72,145,68.0,71.207115,3.2071152
val,72,146,67.0,69.425896,2.4258957
val,72,147,66.0,72.20836,6.208359
val,72,148,65.0,77.87063,12.870628
val,72,149,64.0,84.857445,20.857445
val,72,150,63.0,96.3915,33.391502
val,72,151,62.0,100.04872,38.04872
val,72,152,61.0,100.190216,39.190216
val,72,153,60.0,99.94219,39.942192
val,72,154,59.0,100.8291,41.8291
val,72,155,58.0,98.057,40.057
val,72,156,57.0,89.95916,32.95916
val,72,157,56.0,88.269585,32.269585
val,72,158,55.0,85.02782,30.027817
val,72,159,54.0,79.79669,25.796692
val,72,160,53.0,78.04638,25.04638
val,72,161,52.0,73.4328,21.4328
val,72,162,51.0,67.4039,16.4039
val,72,163,50.0,64.07035,14.070351
val,72,164,49.0,58.83604,9.8360405
val,72,165,48.0,56.97573,8.975731
val,72,166,47.0,58.825134,11.825134
val,72,167,46.0,53.078377,7.078377
val,72,168,45.0,44.968353,-0.03164673
val,72,169,44.0,39.296356,-4.703644
val,72,170,43.0,34.94065,-8.059349
val,72,171,42.0,31.161093,-10.838907
val,72,172,41.0,28.641792,-12.358208
val,72,173,40.0,32.070557,-7.9294434
val,72,174,39.0,36.881,-2.1189995
val,72,175,38.0,38.644985,0.6449852
val,72,176,37.0,42.78028,5.780281
val,72,177,36.0,45.77884,9.778839
val,72,178,35.0,45.66738,10.667381
val,72,179,34.0,42.792686,8.792686
val,72,180,33.0,41.305344,8.305344
val,72,181,32.0,37.058594,5.0585938
val,72,182,31.0,36.238106,5.238106
val,72,183,30.0,36.338608,6.338608
val,72,184,29.0,39.043976,10.043976
val,72,185,28.0,40.1718,12.171799
val,72,186,27.0,41.13868,14.1386795
val,72,187,26.0,41.490997,15.490997
val,72,188,25.0,41.410137,16.410137
val,72,189,24.0,40.68116,16.68116
val,72,190,23.0,40.489967,17.489967
val,72,191,22.0,37.348118,15.348118
val,72,192,21.0,35.25544,14.25544
val,72,193,20.0,35.527367,15.527367
val,72,194,19.0,34.63808,15.638081
val,72,195,18.0,28.626152,10.626152
val,72,196,17.0,25.219732,8.219732
val,72,197,16.0,20.309992,4.309992
val,72,198,15.0,19.112978,4.112978
val,72,199,14.0,17.099615,3.099615
val,72,200,13.0,14.214322,1.2143221
val,72,201,12.0,13.974917,1.9749174
val,72,202,11.0,13.319156,2.3191557
val,72,203,10.0,9.766572,-0.233428
val,72,204,9.0,8.191805,-0.8081951
val,72,205,8.0,7.461398,-0.5386019
val,72,206,7.0,3.7211277,-3.2788723
val,72,207,6.0,-0.72972,-6.72972
val,72,208,5.0,-2.1185458,-7.1185455
val,72,209,4.0,-1.7985836,-5.7985835
val,72,210,3.0,-3.21512,-6.2151203
val,72,211,2.0,-5.5097556,-7.5097556
val,72,212,1.0,0.4585265,-0.5414735
val,72,213,0.0,-1.5668625,-1.5668625
val,82,30,184.0,171.37392,-12.626083
val,82,31,183.0,172.04494,-10.955063
val,82,32,182.0,164.35744,-17.642563
val,82,33,181.0,157.43794,-23.562057
val,82,34,180.0,155.13821,-24.861786
val,82,35,179.0,153.00752,-25.992477
val,82,36,178.0,154.49529,-23.504715
val,82,37,177.0,156.804,-20.196
val,82,38,176.0,151.2264,-24.773605
val,82,39,175.0,158.209,-16.791
val,82,40,174.0,153.52223,-20.477768
val,82,41,173.0,151.70723,-21.29277
val,82,42,172.0,152.66472,-19.335281
val,82,43,171.0,153.69655,-17.303452
val,82,44,170.0,159.38278,-10.617218
val,82,45,169.0,158.42598,-10.57402
val,82,46,168.0,162.63982,-5.3601837
val,82,47,167.0,158.18987,-8.810135
val,82,48,166.0,151.0545,-14.945496
val,82,49,165.0,148.70421,-16.295792
val,82,50,164.0,141.8502,-22.149796
val,82,51,163.0,132.06569,-30.93431
val,82,52,162.0,124.599815,-37.400185
val,82,53,161.0,123.915016,-37.084984
val,82,54,160.0,129.46983,-30.530167
val,82,55,159.0,136.5848,-22.415207
val,82,56,158.0,138.675,-19.324997
val,82,57,157.0,141.70085,-15.299149
val,82,58,156.0,143.1311,-12.8688965
val,82,59,155.0,145.7028,-9.297195
val,82,60,154.0,148.10712,-5.8928833
val,82,61,153.0,143.74498,-9.25502
val,82,62,152.0,145.57253,-6.427475
val,82,63,151.0,139.4962,-11.503799
val,82,64,150.0,145.88248,-4.117523
val,82,65,149.0,149.02884,0.028839111
val,82,66,148.0,145.65175,-2.3482513
val,82,67,147.0,143.2011,-3.7989044
val,82,68,146.0,142.15923,-3.8407745
val,82,69,145.0,136.2459,-8.754105
val,82,70,144.0,132.9424,-11.057602
val,82,71,143.0,132.28516,-10.714844
val,82,72,142.0,130.99571,-11.004288
val,82,73,141.0,136.36522,-4.634781
val,82,74,140.0,141.56175,1.5617523
val,82,75,139.0,139.77315,0.7731476
val,82,76,138.0,136.96437,-1.0356293
val,82,77,137.0,132.08113,-4.918869
val,82,78,136.0,129.17543,-6.8245697
val,82,79,135.0,125.013756,-9.986244
val,82,80,134.0,120.89329,-13.106712
val,82,81,133.0,121.79794,-11.202057
val,82,82,132.0,129.36226,-2.637741
val,82,83,131.0,130.29521,-0.7047882
val,82,84,130.0,130.20009,0.2000885
val,82,85,129.0,125.9408,-3.0591965
val,82,86,128.0,120.40227,-7.5977325
val,82,87,127.0,116.65854,-10.341461
val,82,88,126.0,118.3928,-7.6072006
val,82,89,125.0,123.79043,-1.2095718
val,82,90,124.0,126.77999,2.7799911
val,82,91,123.0,128.47197,5.4719696
val,82,92,122.0,131.56879,9.568787
val,82,93,121.0,137.41576,16.415756
val,82,94,120.0,139.61028,19.610275
val,82,95,119.0,137.4695,18.469498
val,82,96,118.0,131.70589,13.705887
val,82,97,117.0,129.52586,12.525864
val,82,98,116.0,132.21844,16.218445
val,82,99,115.0,137.18341,22.18341
val,82,100,114.0,137.48302,23.483017
val,82,101,113.0,136.29402,23.294022
val,82,102,112.0,136.81297,24.812973
val,82,103,111.0,134.62338,23.623383
val,82,104,110.0,130.9579,20.957901
val,82,105,109.0,128.72202,19.722015
val,82,106,108.0,127.43215,19.432152
val,82,107,107.0,131.87733,24.877335
val,82,108,106.0,133.5844,27.584396
val,82,109,105.0,134.58177,29.581772
val,82,110,104.0,132.95842,28.95842
val,82,111,103.0,125.763336,22.763336
val,82,112,102.0,126.3224,24.322403
val,82,113,101.0,120.71174,19.711739
val,82,114,100.0,111.43357,11.433571
val,82,115,99.0,107.953186,8.953186
val,82,116,98.0,100.45094,2.450943
val,82,117,97.0,92.44741,-4.5525894
val,82,118,96.0,85.09997,-10.900032
val,82,119,95.0,79.74146,-15.258537
val,82,120,94.0,71.721504,-22.278496
val,82,121,93.0,70.384056,-22.615944
val,82,122,92.0,64.613396,-27.386604
val,82,123,91.0,73.76303,-17.236969
val,82,124,90.0,75.997246,-14.002754
val,82,125,89.0,80.160446,-8.839554
val,82,126,88.0,76.0055,-11.994499
val,82,127,87.0,75.73228,-11.267723
val,82,128,86.0,82.90139,-3.09861
val,82,129,85.0,85.18873,0.18872833
val,82,130,84.0,90.06812,6.068123
val,82,131,83.0,94.44047,11.440468
val,82,132,82.0,91.74584,9.745842
val,82,133,81.0,91.64586,10.645859
val,82,134,80.0,89.55489,9.5548935
val,82,135,79.0,89.880585,10.880585
val,82,136,78.0,88.13749,10.137489
val,82,137,77.0,80.08749,3.0874863
val,82,138,76.0,82.250465,6.2504654
val,82,139,75.0,82.37457,7.3745728
val,82,140,74.0,82.90775,8.907753
val,82,141,73.0,84.53707,11.537071
val,82,142,72.0,87.47165,15.471649
val,82,143,71.0,90.45069,19.450691
val,82,144,70.0,97.138664,27.138664
val,82,145,69.0,98.92855,29.92855
val,82,146,68.0,96.89116,28.89116
val,82,147,67.0,97.32576,30.32576
val,82,148,66.0,97.41271,31.412712
val,82,149,65.0,94.833305,29.833305
val,82,150,64.0,91.517555,27.517555
val,82,151,63.0,86.69582,23.695824
val,82,152,62.0,86.373405,24.373405
val,82,153,61.0,86.96015,25.960152
val,82,154,60.0,85.17791,25.17791
val,82,155,59.0,86.71905,27.719048
val,82,156,58.0,76.29722,18.297218
val,82,157,57.0,67.48391,10.48391
val,82,158,56.0,58.194958,2.1949577
val,82,159,55.0,57.25012,2.2501183
val,82,160,54.0,47.357433,-6.6425667
val,82,161,53.0,42.050224,-10.949776
val,82,162,52.0,38.945827,-13.0541725
val,82,163,51.0,37.04695,-13.953049
val,82,164,50.0,37.83841,-12.161591
val,82,165,49.0,36.981712,-12.018288
val,82,166,48.0,36.407394,-11.592606
val,82,167,47.0,33.324524,-13.675476
val,82,168,46.0,29.712305,-16.287695
val,82,169,45.0,26.110388,-18.889612
val,82,170,44.0,20.011486,-23.988514
val,82,171,43.0,18.005877,-24.994123
val,82,172,42.0,20.20284,-21.79716
val,82,173,41.0,16.447853,-24.552147
val,82,174,40.0,12.117355,-27.882645
val,82,175,39.0,14.229571,-24.770428
val,82,176,38.0,12.410422,-25.589577
val,82,177,37.0,11.042243,-25.957756
val,82,178,36.0,11.343377,-24.656624
val,82,179,35.0,10.247621,-24.75238
val,82,180,34.0,17.19245,-16.80755
val,82,181,33.0,23.140175,-9.859825
val,82,182,32.0,24.68243,-7.3175697
val,82,183,31.0,20.05124,-10.948759
val,82,184,30.0,15.3666525,-14.6333475
val,82,185,29.0,13.254144,-15.745856
val,82,186,28.0,14.095572,-13.904428
val,82,187,27.0,8.207883,-18.792118
val,82,188,26.0,3.7090218,-22.290977
val,82,189,25.0,5.376526,-19.623474
val,82,190,24.0,7.069242,-16.930758
val,82,191,23.0,9.360055,-13.639945
val,82,192,22.0,11.006616,-10.993384
val,82,193,21.0,12.079459,-8.920541
val,82,194,20.0,11.128547,-8.871453
val,82,195,19.0,10.162672,-8.837328
val,82,196,18.0,8.584665,-9.415335
val,82,197,17.0,7.764951,-9.235048
val,82,198,16.0,10.172581,-5.8274193
val,82,199,15.0,10.390747,-4.609253
val,82,200,14.0,9.258672,-4.7413282
val,82,201,13.0,7.542311,-5.457689
val,82,202,12.0,6.1550183,-5.8449817
val,82,203,11.0,7.2387023,-3.7612977
val,82,204,10.0,8.923391,-1.0766087
val,82,205,9.0,9.8771105,0.8771105
val,82,206,8.0,7.728334,-0.27166605
val,82,207,7.0,8.5806465,1.5806465
val,82,208,6.0,8.002157,2.0021572
val,82,209,5.0,5.7109914,0.7109914
val,82,210,4.0,3.63876,-0.3612399
val,82,211,3.0,2.5684054,-0.4315946
val,82,212,2.0,2.2263615,0.22636151
val,82,213,1.0,5.7801266,4.7801266
val,82,214,0.0,8.177575,8.177575
val,93,30,125.0,117.58007,-7.4199295
val,93,31,124.0,119.22387,-4.7761307
val,93,32,123.0,118.98402,-4.0159836
val,93,33,122.0,126.10331,4.1033096
val,93,34,121.0,132.35387,11.353867
val,93,35,120.0,135.63586,15.635864
val,93,36,119.0,134.692,15.692001
val,93,37,118.0,138.07832,20.078323
val,93,38,117.0,132.26793,15.267929
val,93,39,116.0,130.6704,14.670395
val,93,40,115.0,125.80604,10.806038
val,93,41,114.0,133.25655,19.256546
val,93,42,113.0,142.3845,29.384506
val,93,43,112.0,148.291,36.291
val,93,44,111.0,150.78415,39.78415
val,93,45,110.0,159.56339,49.563385
val,93,46,109.0,158.29568,49.295685
val,93,47,108.0,160.56108,52.56108
val,93,48,107.0,159.68532,52.685318
val,93,49,106.0,156.25476,50.25476
val,93,50,105.0,159.7569,54.756897
val,93,51,104.0,151.51375,47.51375
val,93,52,103.0,150.30992,47.30992
val,93,53,102.0,148.3035,46.303497
val,93,54,101.0,153.31955,52.31955
val,93,55,100.0,157.77979,57.779785
val,93,56,99.0,161.64052,62.64052
val,93,57,98.0,163.11331,65.11331
val,93,58,97.0,162.3894,65.389404
val,93,59,96.0,160.19798,64.19798
val,93,60,95.0,160.56392,65.56392
val,93,61,94.0,159.20978,65.20978
val,93,62,93.0,154.04527,61.045273
val,93,63,92.0,150.91847,58.918472
val,93,64,91.0,142.8576,51.857605
val,93,65,90.0,145.0208,55.020798
val,93,66,89.0,137.93132,48.93132
val,93,67,88.0,134.5208,46.520798
val,93,68,87.0,130.56468,43.564682
val,93,69,86.0,127.31839,41.31839
val,93,70,85.0,119.842674,34.842674
val,93,71,84.0,110.618095,26.618095
val,93,72,83.0,102.97776,19.97776
val,93,73,82.0,95.69688,13.696877
val,93,74,81.0,89.71906,8.719063
val,93,75,80.0,80.71573,0.71572876
val,93,76,79.0,76.29206,-2.7079391
val,93,77,78.0,70.06411,-7.93589
val,93,78,77.0,73.100426,-3.8995743
val,93,79,76.0,72.91593,-3.0840683
val,93,80,75.0,77.85802,2.858017
val,93,81,74.0,82.474396,8.474396
val,93,82,73.0,88.99812,15.998123
val,93,83,72.0,85.57484,13.574837
val,93,84,71.0,84.8649,13.864899
val,93,85,70.0,83.79957,13.799568
val,93,86,69.0,78.79928,9.799278
val,93,87,68.0,73.3507,5.3507004
val,93,88,67.0,71.26406,4.264061
val,93,89,66.0,70.899605,4.899605
val,93,90,65.0,76.11555,11.115547
val,93,91,64.0,78.66798,14.667976
val,93,92,63.0,86.93476,23.934761
val,93,93,62.0,91.28898,29.288979
val,93,94,61.0,99.231834,38.231834
val,93,95,60.0,106.268135,46.268135
val,93,96,59.0,107.932076,48.932076
val,93,97,58.0,113.000694,55.000694
val,93,98,57.0,116.61834,59.61834
val,93,99,56.0,121.76119,65.76119
val,93,100,55.0,123.05425,68.05425
val,93,101,54.0,122.886086,68.886086
val,93,102,53.0,115.2469,62.246902
val,93,103,52.0,110.62502,58.625023
val,93,104,51.0,107.7432,56.743202
val,93,105,50.0,102.52613,52.52613
val,93,106,49.0,102.69075,53.69075
val,93,107,48.0,103.47811,55.47811
val,93,108,47.0,103.34307,56.34307
val,93,109,46.0,99.31768,53.31768
val,93,110,45.0,94.27264,49.272636
val,93,111,44.0,86.681755,42.681755
val,93,112,43.0,81.94848,38.94848
val,93,113,42.0,73.816536,31.816536
val,93,114,41.0,65.1458,24.145798
val,93,115,40.0,59.755135,19.755135
val,93,116,39.0,53.31626,14.316261
val,93,117,38.0,52.372284,14.372284
val,93,118,37.0,52.120834,15.120834
val,93,119,36.0,47.54579,11.545792
val,93,120,35.0,42.909737,7.9097366
val,93,121,34.0,38.912205,4.9122047
val,93,122,33.0,33.429634,0.4296341
val,93,123,32.0,31.565737,-0.43426323
val,93,124,31.0,34.20988,3.2098808
val,93,125,30.0,36.063004,6.0630035
val,93,126,29.0,34.529114,5.529114
val,93,127,28.0,33.516224,5.516224
val,93,128,27.0,32.68392,5.683922
val,93,129,26.0,32.491222,6.4912224
val,93,130,25.0,32.183247,7.1832466
val,93,131,24.0,30.187117,6.1871166
val,93,132,23.0,30.489616,7.4896164
val,93,133,22.0,27.50789,5.5078907
val,93,134,21.0,26.883905,5.8839054
val,93,135,20.0,25.280287,5.280287
val,93,136,19.0,26.768387,7.768387
val,93,137,18.0,23.854942,5.8549423
val,93,138,17.0,19.614779,2.6147785
val,93,139,16.0,16.22904,0.22904015
val,93,140,15.0,15.466165,0.4661646
val,93,141,14.0,14.896104,0.89610386
val,93,142,13.0,13.620932,0.6209316
val,93,143,12.0,15.175313,3.175313
val,93,144,11.0,16.427519,5.427519
val,93,145,10.0,14.580561,4.5805607
val,93,146,9.0,11.810014,2.8100138
val,93,147,8.0,12.38267,4.3826704
val,93,148,7.0,12.781732,5.7817316
val,93,149,6.0,9.739617,3.7396173
val,93,150,5.0,9.098889,4.0988894
val,93,151,4.0,7.1832147,3.1832147
val,93,152,3.0,4.576805,1.5768051
val,93,153,2.0,1.589616,-0.41038406
val,93,154,1.0,2.1510088,1.1510088
val,93,155,0.0,-0.3327192,-0.3327192
val,98,30,126.0,123.43931,-2.5606918
val,98,31,125.0,128.82231,3.8223114
val,98,32,124.0,136.59903,12.59903
val,98,33,123.0,141.31285,18.31285
val,98,34,122.0,141.25017,19.250168
val,98,35,121.0,147.21605,26.21605
val,98,36,120.0,149.64886,29.648865
val,98,37,119.0,144.3597,25.359695
val,98,38,118.0,142.93224,24.932236
val,98,39,117.0,143.40282,26.402817
val,98,40,116.0,134.5605,18.560501
val,98,41,115.0,132.05669,17.056686
val,98,42,114.0,125.13866,11.138657
val,98,43,113.0,113.51948,0.51947784
val,98,44,112.0,113.485596,1.4855957
val,98,45,111.0,114.602234,3.602234
val,98,46,110.0,110.37065,0.37065125
val,98,47,109.0,115.04628,6.04628
val,98,48,108.0,119.26157,11.261574
val,98,49,107.0,123.32403,16.324028
val,98,50,106.0,122.90835,16.908348
val,98,51,105.0,114.60536,9.605362
val,98,52,104.0,107.2029,3.2029037
val,98,53,103.0,97.71966,-5.280342
val,98,54,102.0,91.071434,-10.928566
val,98,55,101.0,90.298706,-10.701294
val,98,56,100.0,91.62032,-8.379677
val,98,57,99.0,97.91555,-1.0844498
val,98,58,98.0,101.45799,3.4579926
val,98,59,97.0,112.309105,15.309105
val,98,60,96.0,123.71218,27.712181
val,98,61,95.0,130.43227,35.432266
val,98,62,94.0,130.02547,36.025467
val,98,63,93.0,126.12835,33.12835
val,98,64,92.0,116.22736,24.227364
val,98,65,91.0,109.99299,18.992989
val,98,66,90.0,105.73159,15.73159
val,98,67,89.0,105.272026,16.272026
val,98,68,88.0,113.27175,25.271751
val,98,69,87.0,119.90922,32.909218
val,98,70,86.0,119.372536,33.372536
val,98,71,85.0,122.87725,37.87725
val,98,72,84.0,114.18276,30.182762
val,98,73,83.0,107.70078,24.700783
val,98,74,82.0,106.07111,24.071114
val,98,75,81.0,104.32641,23.326408
val,98,76,80.0,110.37803,30.378029
val,98,77,79.0,110.3254,31.325401
val,98,78,78.0,108.315994,30.315994
val,98,79,77.0,105.006676,28.006676
val,98,80,76.0,101.62896,25.62896
val,98,81,75.0,89.83494,14.834938
val,98,82,74.0,82.68441,8.68441
val,98,83,73.0,78.51231,5.512306
val,98,84,72.0,84.56749,12.56749
val,98,85,71.0,93.35842,22.358421
val,98,86,70.0,98.34733,28.347328
val,98,87,69.0,104.00457,35.00457
val,98,88,68.0,104.4815,36.4815
val,98,89,67.0,101.76186,34.761864
val,98,90,66.0,92.879585,26.879585
val,98,91,65.0,80.542404,15.542404
val,98,92,64.0,68.00441,4.00441
val,98,93,63.0,60.81009,-2.189911
val,98,94,62.0,63.549355,1.5493546
val,98,95,61.0,62.09028,1.0902786
val,98,96,60.0,65.454094,5.454094
val,98,97,59.0,69.58347,10.583473
val,98,98,58.0,69.46173,11.461731
val,98,99,57.0,61.884586,4.8845863
val,98,100,56.0,60.236263,4.2362633
val,98,101,55.0,55.374363,0.37436295
val,98,102,54.0,50.07032,-3.9296799
val,98,103,53.0,53.58182,0.58182144
val,98,104,52.0,59.013412,7.0134125
val,98,105,51.0,62.772438,11.772438
val,98,106,50.0,63.76603,13.766029
val,98,107,49.0,65.61959,16.61959
val,98,108,48.0,64.26389,16.263893
val,98,109,47.0,60.889664,13.889664
val,98,110,46.0,59.984573,13.984573
val,98,111,45.0,61.61699,16.61699
val,98,112,44.0,64.92434,20.92434
val,98,113,43.0,66.42372,23.423721
val,98,114,42.0,65.930046,23.930046
val,98,115,41.0,61.82822,20.82822
val,98,116,40.0,65.865074,25.865074
val,98,117,39.0,64.46748,25.467484
val,98,118,38.0,63.32252,25.322521
val,98,119,37.0,59.160465,22.160465
val,98,120,36.0,55.327744,19.327744
val,98,121,35.0,48.949585,13.949585
val,98,122,34.0,44.582653,10.582653
val,98,123,33.0,39.176792,6.176792
val,98,124,32.0,43.48393,11.483929
val,98,125,31.0,41.430195,10.430195
val,98,126,30.0,37.38438,7.3843803
val,98,127,29.0,35.878796,6.8787956
val,98,128,28.0,32.675426,4.6754265
val,98,129,27.0,31.650072,4.650072
val,98,130,26.0,30.381132,4.381132
val,98,131,25.0,29.982191,4.982191
val,98,132,24.0,32.020016,8.020016
val,98,133,23.0,31.517778,8.517778
val,98,134,22.0,27.834139,5.834139
val,98,135,21.0,24.992538,3.9925385
val,98,136,20.0,23.422985,3.422985
val,98,137,19.0,22.872168,3.8721676
val,98,138,18.0,19.318136,1.3181362
val,98,139,17.0,19.125044,2.1250439
val,98,140,16.0,20.629715,4.629715
val,98,141,15.0,20.760426,5.7604256
val,98,142,14.0,18.51765,4.5176506
val,98,143,13.0,17.28474,4.2847404
val,98,144,12.0,18.843292,6.843292
val,98,145,11.0,16.134192,5.1341915
val,98,146,10.0,11.582872,1.5828724
val,98,147,9.0,10.126794,1.1267939
val,98,148,8.0,8.374745,0.37474537
val,98,149,7.0,7.9059024,0.9059024
val,98,150,6.0,5.7422385,-0.25776148
val,98,151,5.0,5.235653,0.23565292
val,98,152,4.0,5.5822706,1.5822706
val,98,153,3.0,4.8744445,1.8744445
val,98,154,2.0,1.5662012,-0.4337988
val,98,155,1.0,0.24890842,-0.7510916
val,98,156,0.0,1.0758168,1.0758168
val,100,30,170.0,126.09243,-43.90757
val,100,31,169.0,120.481285,-48.518715
val,100,32,168.0,121.76592,-46.234077
val,100,33,167.0,125.55547,-41.444527
val,100,34,166.0,131.46861,-34.531387
val,100,35,165.0,135.91948,-29.08052
val,100,36,164.0,136.60857,-27.391434
val,100,37,163.0,136.78879,-26.211212
val,100,38,162.0,139.82744,-22.172562
val,100,39,161.0,141.17882,-19.821182
val,100,40,160.0,141.0103,-18.9897
val,100,41,159.0,136.86955,-22.130447
val,100,42,158.0,140.6214,-17.378601
val,100,43,157.0,143.80315,-13.196854
val,100,44,156.0,147.01381,-8.986191
val,100,45,155.0,147.90047,-7.099533
val,100,46,154.0,149.41069,-4.5893097
val,100,47,153.0,155.29305,2.293045
val,100,48,152.0,158.0229,6.0229034
val,100,49,151.0,161.72655,10.726547
val,100,50,150.0,166.60341,16.603409
val,100,51,149.0,167.70445,18.704453
val,100,52,148.0,169.45377,21.453766
val,100,53,147.0,167.24489,20.244888
val,100,54,146.0,162.72452,16.724518
val,100,55,145.0,162.42075,17.420746
val,100,56,144.0,157.98125,13.981247
val,100,57,143.0,151.67924,8.679245
val,100,58,142.0,142.70055,0.70054626
val,100,59,141.0,139.23613,-1.7638702
val,100,60,140.0,137.46788,-2.5321198
val,100,61,139.0,136.2329,-2.767105
val,100,62,138.0,131.22867,-6.771332
val,100,63,137.0,124.571556,-12.428444
val,100,64,136.0,124.200905,-11.799095
val,100,65,135.0,119.46883,-15.531174
val,100,66,134.0,113.365746,-20.634254
val,100,67,133.0,108.07856,-24.92144
val,100,68,132.0,105.78202,-26.21798
val,100,69,131.0,101.2875,-29.712502
val,100,70,130.0,103.17678,-26.82322
val,100,71,129.0,101.09645,-27.90355
val,100,72,128.0,93.14192,-34.858078
val,100,73,127.0,90.92587,-36.074127
val,100,74,126.0,96.91421,-29.085793
val,100,75,125.0,103.816536,-21.183464
val,100,76,124.0,110.16663,-13.833366
val,100,77,123.0,111.39868,-11.601318
val,100,78,122.0,115.596634,-6.403366
val,100,79,121.0,116.18593,-4.8140717
val,100,80,120.0,113.460335,-6.539665
val,100,81,119.0,113.06616,-5.933838
val,100,82,118.0,110.669075,-7.330925
val,100,83,117.0,105.45774,-11.542259
val,100,84,116.0,102.09873,-13.901268
val,100,85,115.0,102.839516,-12.160484
val,100,86,114.0,91.72435,-22.27565
val,100,87,113.0,92.54417,-20.455833
val,100,88,112.0,87.90179,-24.098213
val,100,89,111.0,85.22629,-25.773712
val,100,90,110.0,92.33518,-17.664818
val,100,91,109.0,94.11695,-14.883049
val,100,92,108.0,96.03431,-11.965691
val,100,93,107.0,101.10299,-5.897011
val,100,94,106.0,106.877655,0.877655
val,100,95,105.0,109.52076,4.5207596
val,100,96,104.0,104.17492,0.17491913
val,100,97,103.0,96.178185,-6.8218155
val,100,98,102.0,91.82394,-10.176064
val,100,99,101.0,92.727844,-8.272156
val,100,100,100.0,90.13059,-9.869408
val,100,101,99.0,92.479164,-6.520836
val,100,102,98.0,94.34864,-3.6513596
val,100,103,97.0,92.83756,-4.1624374
val,100,104,96.0,94.56597,-1.4340286
val,100,105,95.0,100.61492,5.6149216
val,100,106,94.0,112.54134,18.541344
val,100,107,93.0,121.042885,28.042885
val,100,108,92.0,130.22752,38.227524
val,100,109,91.0,138.67506,47.675064
val,100,110,90.0,135.82402,45.82402
val,100,111,89.0,134.94345,45.94345
val,100,112,88.0,133.01006,45.010056
val,100,113,87.0,125.45159,38.45159
val,100,114,86.0,120.80028,34.800278
val,100,115,85.0,117.94387,32.94387
val,100,116,84.0,119.589775,35.589775
val,100,117,83.0,115.7017,32.7017
val,100,118,82.0,116.72852,34.728523
val,100,119,81.0,115.92106,34.92106
val,100,120,80.0,115.27889,35.278893
val,100,121,79.0,111.59286,32.592857
val,100,122,78.0,106.07952,28.079521
val,100,123,77.0,102.17321,25.17321
val,100,124,76.0,94.64474,18.644737
val,100,125,75.0,86.003494,11.003494
val,100,126,74.0,81.87591,7.875908
val,100,127,73.0,75.26646,2.2664566
val,100,128,72.0,67.58435,-4.4156494
val,100,129,71.0,57.901485,-13.098515
val,100,130,70.0,53.134945,-16.865055
val,100,131,69.0,52.46133,-16.53867
val,100,132,68.0,54.323185,-13.676815
val,100,133,67.0,57.590588,-9.409412
val,100,134,66.0,64.11654,-1.883461
val,100,135,65.0,66.700294,1.7002945
val,100,136,64.0,65.39637,1.3963699
val,100,137,63.0,63.959362,0.95936203
val,100,138,62.0,67.93792,5.9379196
val,100,139,61.0,69.88395,8.883949
val,100,140,60.0,73.28579,13.2857895
val,100,141,59.0,79.261955,20.261955
val,100,142,58.0,86.94677,28.94677
val,100,143,57.0,90.973366,33.973366
val,100,144,56.0,97.01904,41.019043
val,100,145,55.0,95.71291,40.712914
val,100,146,54.0,93.201454,39.201454
val,100,147,53.0,90.35483,37.354828
val,100,148,52.0,88.36677,36.366768
val,100,149,51.0,84.4697,33.469704
val,100,150,50.0,81.33333,31.333328
val,100,151,49.0,78.74461,29.744614
val,100,152,48.0,77.54763,29.54763
val,100,153,47.0,73.72135,26.721352
val,100,154,46.0,68.24912,22.249123
val,100,155,45.0,61.77098,16.77098
val,100,156,44.0,59.74513,15.745129
val,100,157,43.0,56.500717,13.500717
val,100,158,42.0,54.896942,12.896942
val,100,159,41.0,53.376152,12.376152
val,100,160,40.0,48.22197,8.22197
val,100,161,39.0,45.14408,6.144081
val,100,162,38.0,39.803047,1.8030472
val,100,163,37.0,36.872227,-0.12777328
val,100,164,36.0,36.336052,0.33605194
val,100,165,35.0,35.24395,0.24394989
val,100,166,34.0,32.308598,-1.6914024
val,100,167,33.0,30.966228,-2.0337715
val,100,168,32.0,31.614738,-0.38526154
val,100,169,31.0,28.598387,-2.4016132
val,100,170,30.0,27.258825,-2.7411747
val,100,171,29.0,25.708235,-3.2917652
val,100,172,28.0,24.315205,-3.6847954
val,100,173,27.0,20.354189,-6.645811
val,100,174,26.0,19.542078,-6.457922
val,100,175,25.0,20.51642,-4.4835796
val,100,176,24.0,22.029612,-1.9703884
val,100,177,23.0,19.843657,-3.1563435
val,100,178,22.0,18.04962,-3.9503803
val,100,179,21.0,16.225922,-4.7740784
val,100,180,20.0,15.985742,-4.0142584
val,100,181,19.0,16.583887,-2.416113
val,100,182,18.0,16.016909,-1.9830914
val,100,183,17.0,14.13288,-2.8671198
val,100,184,16.0,13.118182,-2.8818178
val,100,185,15.0,12.08347,-2.9165297
val,100,186,14.0,11.495046,-2.5049543
val,100,187,13.0,14.912086,1.9120855
val,100,188,12.0,13.255952,1.2559519
val,100,189,11.0,12.299298,1.2992983
val,100,190,10.0,11.233518,1.2335176
val,100,191,9.0,9.9292145,0.9292145
val,100,192,8.0,7.663875,-0.3361249
val,100,193,7.0,6.583611,-0.416389
val,100,194,6.0,6.2652497,0.26524973
val,100,195,5.0,5.103166,0.1031661
val,100,196,4.0,7.869274,3.8692741
val,100,197,3.0,6.7780128,3.7780128
val,100,198,2.0,5.0417953,3.0417953
val,100,199,1.0,2.3816717,1.3816717
val,100,200,0.0,1.6899723,1.6899723
