split,engine_id,end_cycle,true_rul,pred_rul,error
train,1,30,162.0,174.5501,12.550095
train,1,31,161.0,175.7024,14.702393
train,1,32,160.0,182.44919,22.449188
train,1,33,159.0,188.12805,29.128052
train,1,34,158.0,183.7598,25.759796
train,1,35,157.0,187.06293,30.062927
train,1,36,156.0,191.55884,35.558838
train,1,37,155.0,202.45859,47.458588
train,1,38,154.0,216.35019,62.35019
train,1,39,153.0,228.83603,75.83603
train,1,40,152.0,236.08777,84.08777
train,1,41,151.0,237.10474,86.10474
train,1,42,150.0,229.87056,79.87056
train,1,43,149.0,220.97139,71.97139
train,1,44,148.0,219.578,71.578
train,1,45,147.0,208.73679,61.736786
train,1,46,146.0,196.7102,50.710205
train,1,47,145.0,199.8122,54.812195
train,1,48,144.0,198.24701,54.24701
train,1,49,143.0,201.8432,58.8432
train,1,50,142.0,201.99792,59.997925
train,1,51,141.0,195.66422,54.664215
train,1,52,140.0,190.28633,50.28633
train,1,53,139.0,180.06174,41.061737
train,1,54,138.0,168.76357,30.763565
train,1,55,137.0,162.45206,25.452057
train,1,56,136.0,162.91235,26.912354
train,1,57,135.0,160.17499,25.174988
train,1,58,134.0,166.37733,32.377335
train,1,59,133.0,171.24036,38.240356
train,1,60,132.0,171.49002,39.49002
train,1,61,131.0,164.61893,33.618927
train,1,62,130.0,161.7022,31.702194
train,1,63,129.0,149.35135,20.351349
train,1,64,128.0,144.64325,16.64325
train,1,65,127.0,140.81204,13.812042
train,1,66,126.0,145.9097,19.909698
train,1,67,125.0,147.72571,22.725708
train,1,68,124.0,147.92944,23.929443
train,1,69,123.0,156.0455,33.0455
train,1,70,122.0,153.74388,31.743881
train,1,71,121.0,155.67995,34.679947
train,1,72,120.0,152.8185,32.818497
train,1,73,119.0,159.53056,40.530563
train,1,74,118.0,160.60544,42.60544
train,1,75,117.0,164.13655,47.13655
train,1,76,116.0,172.41997,56.419968
train,1,77,115.0,169.03189,54.03189
train,1,78,114.0,165.40762,51.407623
train,1,79,113.0,157.40012,44.400116
train,1,80,112.0,150.0755,38.0755
train,1,81,111.0,139.04527,28.045273
train,1,82,110.0,137.7511,27.751099
train,1,83,109.0,136.64767,27.647675
train,1,84,108.0,133.49179,25.49179
train,1,85,107.0,133.94382,26.943817
train,1,86,106.0,135.31302,29.313019
train,1,87,105.0,133.37079,28.370789
train,1,88,104.0,134.33858,30.338577
train,1,89,103.0,134.64897,31.648972
train,1,90,102.0,132.41876,30.418762
train,1,91,101.0,134.53767,33.537674
train,1,92,100.0,128.40115,28.401154
train,1,93,99.0,122.74798,23.747978
train,1,94,98.0,115.17713,17.177132
train,1,95,97.0,106.62552,9.625519
train,1,96,96.0,105.09676,9.096764
train,1,97,95.0,105.86509,10.865089
train,1,98,94.0,113.66115,19.661148
train,1,99,93.0,110.13996,17.139961
train,1,100,92.0,112.15798,20.157982
train,1,101,91.0,111.56617,20.56617
train,1,102,90.0,111.32359,21.323593
train,1,103,89.0,114.33567,25.33567
train,1,104,88.0,123.43315,35.43315
train,1,105,87.0,131.114,44.114
train,1,106,86.0,135.47559,49.475586
train,1,107,85.0,139.80923,54.809235
train,1,108,84.0,135.11937,51.11937
train,1,109,83.0,134.19414,51.194138
train,1,110,82.0,132.11447,50.11447
train,1,111,81.0,125.02828,44.028282
train,1,112,80.0,123.53283,43.53283
train,1,113,79.0,113.79313,34.79313
train,1,114,78.0,109.89783,31.897827
train,1,115,77.0,109.58218,32.582176
train,1,116,76.0,118.152,42.152
train,1,117,75.0,123.279755,48.279755
train,1,118,74.0,128.04059,54.04059
train,1,119,73.0,133.70033,60.700333
train,1,120,72.0,132.5322,60.532196
train,1,121,71.0,130.87946,59.879456
train,1,122,70.0,119.001526,49.001526
train,1,123,69.0,110.03312,41.03312
train,1,124,68.0,102.62219,34.622192
train,1,125,67.0,100.15902,33.15902
train,1,126,66.0,98.12465,32.12465
train,1,127,65.0,95.40467,30.40467
train,1,128,64.0,91.28965,27.28965
train,1,129,63.0,88.41686,25.416862
train,1,130,62.0,86.60714,24.60714
train,1,131,61.0,83.526146,22.526146
train,1,132,60.0,85.830826,25.830826
train,1,133,59.0,90.44721,31.447212
train,1,134,58.0,92.667465,34.667465
train,1,135,57.0,94.47296,37.47296
train,1,136,56.0,101.80798,45.807983
train,1,137,55.0,105.58558,50.58558
train,1,138,54.0,109.6007,55.6007
train,1,139,53.0,108.02826,55.02826
train,1,140,52.0,100.32051,48.32051
train,1,141,51.0,95.35376,44.35376
train,1,142,50.0,86.70987,36.70987
train,1,143,49.0,85.971306,36.971306
train,1,144,48.0,84.6158,36.6158
train,1,145,47.0,84.9251,37.925102
train,1,146,46.0,89.71105,43.711052
train,1,147,45.0,95.62611,50.626106
train,1,148,44.0,100.356926,56.356926
train,1,149,43.0,100.84975,57.849747
train,1,150,42.0,96.183586,54.183586
train,1,151,41.0,84.86193,43.86193
train,1,152,40.0,73.91145,33.911453
train,1,153,39.0,65.04017,26.040169
train,1,154,38.0,54.34475,16.34475
train,1,155,37.0,48.96244,11.9624405
train,1,156,36.0,46.12307,10.12307
train,1,157,35.0,44.33881,9.33881
train,1,158,34.0,46.772972,12.772972
train,1,159,33.0,47.107666,14.107666
train,1,160,32.0,41.264423,9.264423
train,1,161,31.0,35.012466,4.0124664
train,1,162,30.0,31.873756,1.8737564
train,1,163,29.0,31.672697,2.672697
train,1,164,28.0,31.300045,3.300045
train,1,165,27.0,31.211308,4.2113075
train,1,166,26.0,27.498577,1.4985771
train,1,167,25.0,25.56179,0.56179047
train,1,168,24.0,24.72662,0.7266197
train,1,169,23.0,23.971355,0.97135544
train,1,170,22.0,27.647882,5.6478825
train,1,171,21.0,29.640652,8.640652
train,1,172,20.0,28.009888,8.009888
train,1,173,19.0,26.678318,7.678318
train,1,174,18.0,29.035618,11.035618
train,1,175,17.0,30.087402,13.087402
train,1,176,16.0,29.81629,13.81629
train,1,177,15.0,27.86644,12.86644
train,1,178,14.0,26.316196,12.316196
train,1,179,13.0,23.23327,10.233271
train,1,180,12.0,17.290699,5.290699
train,1,181,11.0,14.967791,3.9677906
train,1,182,10.0,12.843222,2.8432217
train,1,183,9.0,10.641785,1.6417847
train,1,184,8.0,9.988846,1.9888458
train,1,185,7.0,10.07542,3.0754204
train,1,186,6.0,9.688965,3.6889648
train,1,187,5.0,6.4778376,1.4778376
train,1,188,4.0,7.060154,3.060154
train,1,189,3.0,6.7495027,3.7495027
train,1,190,2.0,5.1625223,3.1625223
train,1,191,1.0,5.8284593,4.8284593
train,1,192,0.0,4.350888,4.350888
train,2,30,257.0,209.52808,-47.471924
train,2,31,256.0,220.97426,-35.02574
train,2,32,255.0,233.97888,-21.021118
train,2,33,254.0,236.2291,-17.770905
train,2,34,253.0,239.14404,-13.855957
train,2,35,252.0,241.86339,-10.136612
train,2,36,251.0,242.19093,-8.809067
train,2,37,250.0,240.3036,-9.696396
train,2,38,249.0,238.53064,-10.46936
train,2,39,248.0,236.46982,-11.530182
train,2,40,247.0,224.99376,-22.00624
train,2,41,246.0,214.03738,-31.962616
train,2,42,245.0,211.6628,-33.337204
train,2,43,244.0,208.27097,-35.729034
train,2,44,243.0,201.91614,-41.083862
train,2,45,242.0,200.67673,-41.323273
train,2,46,241.0,203.57315,-37.42685
train,2,47,240.0,206.03226,-33.967743
train,2,48,239.0,217.24745,-21.752548
train,2,49,238.0,224.15475,-13.845245
train,2,50,237.0,224.50917,-12.490829
train,2,51,236.0,219.26279,-16.737213
train,2,52,235.0,210.02745,-24.97255
train,2,53,234.0,205.3852,-28.614807
train,2,54,233.0,200.45857,-32.541428
train,2,55,232.0,205.47173,-26.528275
train,2,56,231.0,205.80527,-25.194733
train,2,57,230.0,210.13223,-19.867767
train,2,58,229.0,216.41371,-12.586288
train,2,59,228.0,216.33798,-11.662018
train,2,60,227.0,210.99677,-16.003235
train,2,61,226.0,206.79837,-19.20163
train,2,62,225.0,199.84628,-25.153717
train,2,63,224.0,201.12326,-22.87674
train,2,64,223.0,205.1577,-17.8423
train,2,65,222.0,197.92929,-24.07071
train,2,66,221.0,190.5038,-30.4962
train,2,67,220.0,186.51434,-33.485657
train,2,68,219.0,175.69632,-43.30368
train,2,69,218.0,162.9942,-55.0058
train,2,70,217.0,157.12445,-59.87555
train,2,71,216.0,149.37103,-66.62897
train,2,72,215.0,144.5289,-70.4711
train,2,73,214.0,141.76079,-72.23921
train,2,74,213.0,142.82121,-70.17879
train,2,75,212.0,154.3487,-57.651306
train,2,76,211.0,156.83896,-54.16104
train,2,77,210.0,164.97339,-45.02661
train,2,78,209.0,170.03047,-38.96953
train,2,79,208.0,168.69919,-39.30081
train,2,80,207.0,171.33667,-35.66333
train,2,81,206.0,178.31352,-27.686478
train,2,82,205.0,186.8197,-18.180298
train,2,83,204.0,194.16443,-9.835571
train,2,84,203.0,200.37492,-2.6250763
train,2,85,202.0,208.52332,6.5233154
train,2,86,201.0,207.80933,6.809326
train,2,87,200.0,209.84196,9.841965
train,2,88,199.0,214.2256,15.225601
train,2,89,198.0,213.91405,15.914047
train,2,90,197.0,214.3403,17.340302
train,2,91,196.0,216.00519,20.005188
train,2,92,195.0,209.336,14.335999
train,2,93,194.0,199.12634,5.126343
train,2,94,193.0,196.07352,3.0735168
train,2,95,192.0,189.27533,-2.7246704
train,2,96,191.0,185.2799,-5.720093
train,2,97,190.0,179.28273,-10.71727
train,2,98,189.0,176.70288,-12.297119
train,2,99,188.0,176.97443,-11.025574
train,2,100,187.0,175.35187,-11.648132
train,2,101,186.0,176.747,-9.253006
train,2,102,185.0,172.17558,-12.824417
train,2,103,184.0,163.04959,-20.950409
train,2,104,183.0,157.79782,-25.202179
train,2,105,182.0,148.18878,-33.81122
train,2,106,181.0,142.68561,-38.314392
train,2,107,180.0,149.20653,-30.793472
train,2,108,179.0,153.07477,-25.925232
train,2,109,178.0,152.56479,-25.435211
train,2,110,177.0,159.19357,-17.806427
train,2,111,176.0,160.44614,-15.553864
train,2,112,175.0,155.76517,-19.234833
train,2,113,174.0,162.09703,-11.902969
train,2,114,173.0,174.212,1.2120056
train,2,115,172.0,181.91394,9.91394
train,2,116,171.0,186.71497,15.714966
train,2,117,170.0,199.13058,29.130585
train,2,118,169.0,204.87082,35.87082
train,2,119,168.0,192.64938,24.649384
train,2,120,167.0,183.11618,16.11618
train,2,121,166.0,179.32475,13.324753
train,2,122,165.0,173.75601,8.756012
train,2,123,164.0,172.8194,8.819397
train,2,124,163.0,173.80798,10.807983
train,2,125,162.0,176.4736,14.473602
train,2,126,161.0,175.25925,14.259247
train,2,127,160.0,176.16289,16.162888
train,2,128,159.0,179.05136,20.051361
train,2,129,158.0,175.4287,17.428696
train,2,130,157.0,168.02979,11.029785
train,2,131,156.0,167.55449,11.554489
train,2,132,155.0,160.60883,5.6088257
train,2,133,154.0,153.35161,-0.6483917
train,2,134,153.0,149.90239,-3.0976105
train,2,135,152.0,144.82425,-7.1757507
train,2,136,151.0,145.1596,-5.840393
train,2,137,150.0,145.77977,-4.22023
train,2,138,149.0,145.63295,-3.3670502
train,2,139,148.0,144.44273,-3.5572662
train,2,140,147.0,142.0991,-4.900894
train,2,141,146.0,141.34322,-4.656784
train,2,142,145.0,144.95888,-0.041122437
train,2,143,144.0,143.92679,-0.07321167
train,2,144,143.0,148.17352,5.173523
train,2,145,142.0,147.99692,5.9969177
train,2,146,141.0,142.96063,1.9606323
train,2,147,140.0,136.20694,-3.7930603
train,2,148,139.0,135.78818,-3.2118225
train,2,149,138.0,136.5634,-1.4365997
train,2,150,137.0,143.27808,6.278076
train,2,151,136.0,147.44073,11.440735
train,2,152,135.0,152.4192,17.419205
train,2,153,134.0,147.77878,13.778778
train,2,154,133.0,150.42572,17.42572
train,2,155,132.0,147.77498,15.774979
train,2,156,131.0,151.53497,20.534973
train,2,157,130.0,150.03506,20.035065
train,2,158,129.0,157.04681,28.046814
train,2,159,128.0,164.55588,36.555878
train,2,160,127.0,159.81367,32.813675
train,2,161,126.0,150.45651,24.456512
train,2,162,125.0,145.60475,20.604752
train,2,163,124.0,145.52301,21.52301
train,2,164,123.0,145.57967,22.579666
train,2,165,122.0,154.40674,32.40674
train,2,166,121.0,163.95264,42.952637
train,2,167,120.0,166.88922,46.88922
train,2,168,119.0,171.03625,52.036255
train,2,169,118.0,168.66167,50.661667
train,2,170,117.0,164.36752,47.367523
train,2,171,116.0,158.91722,42.91722
train,2,172,115.0,158.20349,43.20349
train,2,173,114.0,154.95251,40.952515
train,2,174,113.0,151.89459,38.894592
train,2,175,112.0,144.75421,32.75421
train,2,176,111.0,147.63704,36.63704
train,2,177,110.0,149.07634,39.07634
train,2,178,109.0,149.5647,40.564697
train,2,179,108.0,151.85837,43.858368
train,2,180,107.0,145.38203,38.382034
train,2,181,106.0,145.05534,39.055344
train,2,182,105.0,136.43753,31.43753
train,2,183,104.0,136.94753,32.947525
train,2,184,103.0,136.58691,33.586914
train,2,185,102.0,141.67831,39.678314
train,2,186,101.0,133.5876,32.5876
train,2,187,100.0,123.030304,23.030304
train,2,188,99.0,115.94664,16.94664
train,2,189,98.0,106.23493,8.234932
train,2,190,97.0,104.012,7.012001
train,2,191,96.0,105.424446,9.424446
train,2,192,95.0,97.457405,2.457405
train,2,193,94.0,92.06155,-1.9384537
train,2,194,93.0,87.21725,-5.782753
train,2,195,92.0,87.23262,-4.7673798
train,2,196,91.0,84.713394,-6.286606
train,2,197,90.0,81.17892,-8.821083
train,2,198,89.0,81.19642,-7.803581
train,2,199,88.0,77.12241,-10.877586
train,2,200,87.0,74.16728,-12.832718
train,2,201,86.0,75.58152,-10.41848
train,2,202,85.0,68.59601,-16.403992
train,2,203,84.0,59.234184,-24.765816
train,2,204,83.0,55.74079,-27.259209
train,2,205,82.0,52.084946,-29.915054
train,2,206,81.0,54.688103,-26.311897
train,2,207,80.0,57.033813,-22.966187
train,2,208,79.0,60.410667,-18.589333
train,2,209,78.0,67.0931,-10.9068985
train,2,210,77.0,76.52827,-0.4717331
train,2,211,76.0,81.14864,5.1486435
train,2,212,75.0,82.027916,7.027916
train,2,213,74.0,84.66838,10.668381
train,2,214,73.0,88.09039,15.090393
train,2,215,72.0,86.01086,14.010857
train,2,216,71.0,91.374054,20.374054
train,2,217,70.0,94.555855,24.555855
train,2,218,69.0,95.26107,26.26107
train,2,219,68.0,89.21671,21.216713
train,2,220,67.0,80.98774,13.98774
train,2,221,66.0,74.238754,8.238754
train,2,222,65.0,70.45105,5.45105
train,2,223,64.0,67.71307,3.7130737
train,2,224,63.0,63.52935,0.5293503
train,2,225,62.0,59.98974,-2.0102615
train,2,226,61.0,57.76613,-3.2338715
train,2,227,60.0,54.111713,-5.8882866
train,2,228,59.0,49.452965,-9.547035
train,2,229,58.0,46.12992,-11.870079
train,2,230,57.0,40.61026,-16.38974
train,2,231,56.0,34.527863,-21.472137
train,2,232,55.0,28.157928,-26.842072
train,2,233,54.0,28.572598,-25.427402
train,2,234,53.0,31.278131,-21.721869
train,2,235,52.0,33.45585,-18.544151
train,2,236,51.0,37.511917,-13.488083
train,2,237,50.0,37.39765,-12.602348
train,2,238,49.0,31.486958,-17.513042
train,2,239,48.0,31.93967,-16.06033
train,2,240,47.0,35.403908,-11.596092
train,2,241,46.0,39.172554,-6.827446
train,2,242,45.0,39.923164,-5.0768356
train,2,243,44.0,45.854206,1.8542061
train,2,244,43.0,44.311527,1.3115273
train,2,245,42.0,49.531933,7.531933
train,2,246,41.0,46.319565,5.319565
train,2,247,40.0,47.942772,7.942772
train,2,248,39.0,52.541115,13.541115
train,2,249,38.0,52.36361,14.363609
train,2,250,37.0,49.30928,12.30928
train,2,251,36.0,46.69217,10.692169
train,2,252,35.0,43.072594,8.072594
train,2,253,34.0,44.993603,10.993603
train,2,254,33.0,41.93206,8.93206
train,2,255,32.0,38.661392,6.661392
train,2,256,31.0,41.457935,10.457935
train,2,257,30.0,41.017895,11.017895
train,2,258,29.0,39.89308,10.893082
train,2,259,28.0,39.807106,11.807106
train,2,260,27.0,38.48416,11.484161
train,2,261,26.0,36.77892,10.778919
train,2,262,25.0,40.474503,15.474503
train,2,263,24.0,39.97702,15.97702
train,2,264,23.0,37.08579,14.085789
train,2,265,22.0,35.138252,13.138252
train,2,266,21.0,37.85051,16.85051
train,2,267,20.0,35.55334,15.553341
train,2,268,19.0,36.361084,17.361084
train,2,269,18.0,34.91684,16.91684
train,2,270,17.0,32.17099,15.17099
train,2,271,16.0,29.737587,13.737587
train,2,272,15.0,25.581615,10.581615
train,2,273,14.0,23.143486,9.143486
train,2,274,13.0,22.142776,9.1427765
train,2,275,12.0,22.00278,10.002781
train,2,276,11.0,17.03356,6.03356
train,2,277,10.0,13.71623,3.7162304
train,2,278,9.0,12.846474,3.8464737
train,2,279,8.0,10.5599,2.5599003
train,2,280,7.0,7.0270886,0.027088642
train,2,281,6.0,4.954709,-1.045291
train,2,282,5.0,4.471816,-0.52818394
train,2,283,4.0,5.751087,1.7510872
train,2,284,3.0,1.284274,-1.715726
train,2,285,2.0,-0.084175505,-2.0841756
train,2,286,1.0,-1.5389901,-2.53899
train,2,287,0.0,-1.1557885,-1.1557885
train,3,30,149.0,186.6659,37.665894
train,3,31,148.0,183.0635,35.063507
train,3,32,147.0,179.92111,32.921112
train,3,33,146.0,184.6119,38.611893
train,3,34,145.0,182.144,37.143997
train,3,35,144.0,182.74866,38.748657
train,3,36,143.0,178.73434,35.734344
train,3,37,142.0,178.91342,36.91342
train,3,38,141.0,172.30261,31.302612
train,3,39,140.0,161.67957,21.679565
train,3,40,139.0,160.90825,21.908249
train,3,41,138.0,158.77562,20.77562
train,3,42,137.0,157.73935,20.73935
train,3,43,136.0,146.09067,10.090668
train,3,44,135.0,145.75053,10.750534
train,3,45,134.0,151.41504,17.41504
train,3,46,133.0,146.50233,13.502335
train,3,47,132.0,151.20224,19.20224
train,3,48,131.0,151.49623,20.496231
train,3,49,130.0,154.28418,24.28418
train,3,50,129.0,155.52628,26.526276
train,3,51,128.0,161.62589,33.625885
train,3,52,127.0,167.90417,40.904175
train,3,53,126.0,171.21432,45.214325
train,3,54,125.0,166.18149,41.181488
train,3,55,124.0,164.60715,40.607147
train,3,56,123.0,162.28104,39.281036
train,3,57,122.0,157.54578,35.545776
train,3,58,121.0,151.05211,30.052109
train,3,59,120.0,152.5354,32.5354
train,3,60,119.0,141.7022,22.702194
train,3,61,118.0,134.6416,16.641602
train,3,62,117.0,129.39719,12.397186
train,3,63,116.0,126.360664,10.360664
train,3,64,115.0,122.91997,7.9199677
train,3,65,114.0,132.92111,18.921112
train,3,66,113.0,139.06592,26.065918
train,3,67,112.0,146.17438,34.174377
train,3,68,111.0,153.62454,42.624542
train,3,69,110.0,159.73134,49.73134
train,3,70,109.0,162.42041,53.42041
train,3,71,108.0,157.19891,49.198914
train,3,72,107.0,150.93323,43.933228
train,3,73,106.0,150.19925,44.19925
train,3,74,105.0,147.08488,42.084885
train,3,75,104.0,144.10016,40.10016
train,3,76,103.0,145.42975,42.42975
train,3,77,102.0,144.82487,42.824875
train,3,78,101.0,145.78986,44.789856
train,3,79,100.0,145.94336,45.94336
train,3,80,99.0,152.5852,53.585205
train,3,81,98.0,150.21051,52.21051
train,3,82,97.0,148.78876,51.788757
train,3,83,96.0,148.45395,52.45395
train,3,84,95.0,146.41702,51.417023
train,3,85,94.0,141.43083,47.430832
train,3,86,93.0,141.05392,48.053925
train,3,87,92.0,140.6349,48.634903
train,3,88,91.0,134.1983,43.198303
train,3,89,90.0,121.737785,31.737785
train,3,90,89.0,107.64657,18.646568
train,3,91,88.0,102.07684,14.076843
train,3,92,87.0,105.119835,18.119835
train,3,93,86.0,102.868126,16.868126
train,3,94,85.0,113.20907,28.209068
train,3,95,84.0,117.01634,33.016342
train,3,96,83.0,121.963524,38.963524
train,3,97,82.0,123.63699,41.636993
train,3,98,81.0,120.93865,39.938652
train,3,99,80.0,118.21283,38.21283
train,3,100,79.0,116.79519,37.79519
train,3,101,78.0,117.56553,39.56553
train,3,102,77.0,121.69282,44.692818
train,3,103,76.0,123.50562,47.505623
train,3,104,75.0,119.4929,44.492897
train,3,105,74.0,117.78844,43.788437
train,3,106,73.0,111.18572,38.185722
train,3,107,72.0,105.870285,33.870285
train,3,108,71.0,97.920555,26.920555
train,3,109,70.0,91.51505,21.515053
train,3,110,69.0,81.58161,12.581612
train,3,111,68.0,78.68739,10.687393
train,3,112,67.0,78.31482,11.314819
train,3,113,66.0,77.92082,11.920822
train,3,114,65.0,79.74729,14.747292
train,3,115,64.0,76.49995,12.499947
train,3,116,63.0,75.99746,12.997459
train,3,117,62.0,69.910736,7.910736
train,3,118,61.0,63.782875,2.782875
train,3,119,60.0,59.517403,-0.48259735
train,3,120,59.0,61.13337,2.1333694
train,3,121,58.0,66.57971,8.579712
train,3,122,57.0,62.59498,5.5949783
train,3,123,56.0,59.434647,3.4346466
train,3,124,55.0,57.315384,2.315384
train,3,125,54.0,48.234673,-5.7653275
train,3,126,53.0,41.0325,-11.967499
train,3,127,52.0,38.403732,-13.596268
train,3,128,51.0,37.55027,-13.44973
train,3,129,50.0,38.495796,-11.504204
train,3,130,49.0,35.46676,-13.533241
train,3,131,48.0,32.761913,-15.238087
train,3,132,47.0,31.582195,-15.417805
train,3,133,46.0,29.099003,-16.900997
train,3,134,45.0,29.099434,-15.900566
train,3,135,44.0,28.799124,-15.200876
train,3,136,43.0,22.58729,-20.41271
train,3,137,42.0,18.029552,-23.970448
train,3,138,41.0,20.008535,-20.991465
train,3,139,40.0,21.447794,-18.552206
train,3,140,39.0,24.118847,-14.881153
train,3,141,38.0,23.813564,-14.186436
train,3,142,37.0,18.436216,-18.563784
train,3,143,36.0,16.735935,-19.264065
train,3,144,35.0,17.553034,-17.446966
train,3,145,34.0,20.715742,-13.284258
train,3,146,33.0,23.893242,-9.106758
train,3,147,32.0,23.097486,-8.9025135
train,3,148,31.0,24.666706,-6.333294
train,3,149,30.0,22.540033,-7.4599667
train,3,150,29.0,21.939362,-7.0606384
train,3,151,28.0,24.61177,-3.3882294
train,3,152,27.0,21.617226,-5.3827744
train,3,153,26.0,20.087791,-5.9122086
train,3,154,25.0,22.043602,-2.956398
train,3,155,24.0,21.505917,-2.4940834
train,3,156,23.0,20.246931,-2.753069
train,3,157,22.0,17.955027,-4.0449734
train,3,158,21.0,13.783761,-7.216239
train,3,159,20.0,11.050045,-8.949955
train,3,160,19.0,9.485161,-9.514839
train,3,161,18.0,10.022706,-7.977294
train,3,162,17.0,11.502212,-5.4977884
train,3,163,16.0,8.491177,-7.5088234
train,3,164,15.0,11.362364,-3.6376362
train,3,165,14.0,10.946022,-3.053978
train,3,166,13.0,12.943161,-0.05683899
train,3,167,12.0,12.886433,0.88643265
train,3,168,11.0,8.047245,-2.952755
train,3,169,10.0,3.9669385,-6.0330615
train,3,170,9.0,1.2889874,-7.711013
train,3,171,8.0,3.5081038,-4.491896
train,3,172,7.0,4.4441395,-2.5558605
train,3,173,6.0,4.9648514,-1.0351486
train,3,174,5.0,7.571779,2.5717788
train,3,175,4.0,8.479113,4.4791126
train,3,176,3.0,5.5886292,2.5886292
train,3,177,2.0,3.0119412,1.0119412
train,3,178,1.0,3.9423814,2.9423814
train,3,179,0.0,1.975793,1.975793
train,4,30,159.0,155.19928,-3.8007202
train,4,31,158.0,154.41586,-3.584137
train,4,32,157.0,151.28917,-5.7108307
train,4,33,156.0,142.01642,-13.983582
train,4,34,155.0,134.694,-20.306
train,4,35,154.0,129.18463,-24.815369
train,4,36,153.0,121.83275,-31.167252
train,4,37,152.0,119.925865,-32.074135
train,4,38,151.0,123.110695,-27.889305
train,4,39,150.0,120.3941,-29.605904
train,4,40,149.0,121.57888,-27.42112
train,4,41,148.0,129.8175,-18.182495
train,4,42,147.0,142.03595,-4.9640503
train,4,43,146.0,146.84656,0.8465576
train,4,44,145.0,161.15555,16.155548
train,4,45,144.0,172.33765,28.337646
train,4,46,143.0,169.35706,26.357056
train,4,47,142.0,165.82947,23.829468
train,4,48,141.0,168.17001,27.170013
train,4,49,140.0,168.51555,28.515549
train,4,50,139.0,164.27669,25.276688
train,4,51,138.0,165.67859,27.678589
train,4,52,137.0,162.5481,25.548096
train,4,53,136.0,168.36122,32.36122
train,4,54,135.0,170.43434,35.43434
train,4,55,134.0,171.30331,37.303314
train,4,56,133.0,175.71512,42.71512
train,4,57,132.0,173.59439,41.59439
train,4,58,131.0,167.99461,36.994614
train,4,59,130.0,173.37328,43.373276
train,4,60,129.0,180.10782,51.10782
train,4,61,128.0,179.52899,51.52899
train,4,62,127.0,181.05017,54.05017
train,4,63,126.0,178.44363,52.443634
train,4,64,125.0,173.0936,48.093597
train,4,65,124.0,173.1649,49.1649
train,4,66,123.0,167.95836,44.95836
train,4,67,122.0,163.84297,41.84297
train,4,68,121.0,168.63646,47.63646
train,4,69,120.0,174.61668,54.616684
train,4,70,119.0,179.25641,60.25641
train,4,71,118.0,181.94884,63.948837
train,4,72,117.0,183.98438,66.984375
train,4,73,116.0,174.07509,58.07509
train,4,74,115.0,157.77754,42.777542
train,4,75,114.0,148.59406,34.594055
train,4,76,113.0,147.10507,34.105072
train,4,77,112.0,145.09229,33.092285
train,4,78,111.0,143.41888,32.418884
train,4,79,110.0,140.98575,30.985748
train,4,80,109.0,142.47253,33.472534
train,4,81,108.0,142.41464,34.414642
train,4,82,107.0,143.47023,36.47023
train,4,83,106.0,147.30484,41.30484
train,4,84,105.0,148.21797,43.21797
train,4,85,104.0,150.01598,46.015976
train,4,86,103.0,147.84064,44.840637
train,4,87,102.0,147.58481,45.58481
train,4,88,101.0,147.8161,46.8161
train,4,89,100.0,153.07613,53.076126
train,4,90,99.0,152.63794,53.63794
train,4,91,98.0,150.40358,52.40358
train,4,92,97.0,144.32393,47.32393
train,4,93,96.0,147.0351,51.035095
train,4,94,95.0,150.1542,55.154205
train,4,95,94.0,155.66438,61.664383
train,4,96,93.0,166.7168,73.7168
train,4,97,92.0,170.7448,78.7448
train,4,98,91.0,171.99252,80.99252
train,4,99,90.0,168.57846,78.57846
train,4,100,89.0,166.23486,77.23486
train,4,101,88.0,157.93787,69.93787
train,4,102,87.0,147.27325,60.273254
train,4,103,86.0,142.27599,56.275986
train,4,104,85.0,141.34785,56.347855
train,4,105,84.0,138.71916,54.719162
train,4,106,83.0,135.23444,52.234436
train,4,107,82.0,133.73111,51.73111
train,4,108,81.0,130.68652,49.686523
train,4,109,80.0,127.626656,47.626656
train,4,110,79.0,133.93283,54.93283
train,4,111,78.0,136.49898,58.498978
train,4,112,77.0,140.38571,63.38571
train,4,113,76.0,136.11957,60.119568
train,4,114,75.0,131.34494,56.34494
train,4,115,74.0,121.79169,47.791687
train,4,116,73.0,113.48307,40.48307
train,4,117,72.0,105.24679,33.246788
train,4,118,71.0,105.45217,34.45217
train,4,119,70.0,92.85438,22.854378
train,4,120,69.0,85.8565,16.856499
train,4,121,68.0,80.76603,12.766029
train,4,122,67.0,75.15866,8.158661
train,4,123,66.0,75.840355,9.840355
train,4,124,65.0,75.39832,10.398323
train,4,125,64.0,80.199165,16.199165
train,4,126,63.0,76.10704,13.10704
train,4,127,62.0,75.51798,13.5179825
train,4,128,61.0,67.71056,6.7105637
train,4,129,60.0,64.68441,4.68441
train,4,130,59.0,61.838272,2.838272
train,4,131,58.0,61.743492,3.7434921
train,4,132,57.0,60.084618,3.0846176
train,4,133,56.0,55.60326,-0.39673996
train,4,134,55.0,46.99101,-8.008991
train,4,135,54.0,38.91409,-15.085911
train,4,136,53.0,34.6149,-18.385101
train,4,137,52.0,33.659164,-18.340836
train,4,138,51.0,38.057426,-12.942574
train,4,139,50.0,45.34404,-4.65596
train,4,140,49.0,53.471504,4.471504
train,4,141,48.0,59.032146,11.032146
train,4,142,47.0,58.033173,11.033173
train,4,143,46.0,56.201767,10.201767
train,4,144,45.0,50.859154,5.8591537
train,4,145,44.0,46.11702,2.1170197
train,4,146,43.0,44.466156,1.466156
train,4,147,42.0,40.371887,-1.6281128
train,4,148,41.0,37.10027,-3.8997307
train,4,149,40.0,31.88008,-8.119921
train,4,150,39.0,32.153465,-6.8465347
train,4,151,38.0,34.307228,-3.692772
train,4,152,37.0,36.51375,-0.48625183
train,4,153,36.0,37.685654,1.6856537
train,4,154,35.0,40.009678,5.009678
train,4,155,34.0,40.54235,6.542351
train,4,156,33.0,39.846695,6.846695
train,4,157,32.0,39.91879,7.918789
train,4,158,31.0,43.64727,12.64727
train,4,159,30.0,44.105904,14.105904
train,4,160,29.0,40.804527,11.804527
train,4,161,28.0,37.75741,9.757408
train,4,162,27.0,31.71387,4.713869
train,4,163,26.0,28.230291,2.2302914
train,4,164,25.0,24.254519,-0.7454815
train,4,165,24.0,24.962677,0.962677
train,4,166,23.0,23.394325,0.39432526
train,4,167,22.0,23.585752,1.5857525
train,4,168,21.0,25.01292,4.0129204
train,4,169,20.0,25.110687,5.1106873
train,4,170,19.0,22.754238,3.7542381
train,4,171,18.0,23.127468,5.127468
train,4,172,17.0,20.265263,3.2652626
train,4,173,16.0,17.89684,1.8968391
train,4,174,15.0,16.152494,1.1524944
train,4,175,14.0,12.881863,-1.1181374
train,4,176,13.0,13.001841,0.0018405914
train,4,177,12.0,12.121853,0.121852875
train,4,178,11.0,7.661831,-3.338169
train,4,179,10.0,6.7704763,-3.2295237
train,4,180,9.0,4.911108,-4.088892
train,4,181,8.0,2.0401063,-5.9598937
train,4,182,7.0,0.42851934,-6.5714808
train,4,183,6.0,1.1721884,-4.8278117
train,4,184,5.0,-0.28197852,-5.2819786
train,4,185,4.0,-2.3458292,-6.345829
train,4,186,3.0,-2.2115476,-5.211548
train,4,187,2.0,-1.5975193,-3.5975194
train,4,188,1.0,-0.7204012,-1.7204013
train,4,189,0.0,-2.783469,-2.783469
train,5,30,239.0,187.35243,-51.647568
train,5,31,238.0,188.83337,-49.166626
train,5,32,237.0,196.20752,-40.79248
train,5,33,236.0,199.19827,-36.801727
train,5,34,235.0,195.30484,-39.69516
train,5,35,234.0,192.05124,-41.94876
train,5,36,233.0,192.84535,-40.154648
train,5,37,232.0,198.21008,-33.789917
train,5,38,231.0,196.33575,-34.664246
train,5,39,230.0,194.63828,-35.361725
train,5,40,229.0,181.77124,-47.22876
train,5,41,228.0,170.37558,-57.62442
train,5,42,227.0,162.25333,-64.74667
train,5,43,226.0,162.77834,-63.221664
train,5,44,225.0,164.22751,-60.77249
train,5,45,224.0,173.1524,-50.847595
train,5,46,223.0,174.23761,-48.76239
train,5,47,222.0,176.18845,-45.811554
train,5,48,221.0,179.09949,-41.900513
train,5,49,220.0,175.6019,-44.3981
train,5,50,219.0,172.50528,-46.49472
train,5,51,218.0,166.11386,-51.88614
train,5,52,217.0,166.41602,-50.583984
train,5,53,216.0,160.71947,-55.280533
train,5,54,215.0,159.95709,-55.042908
train,5,55,214.0,165.32529,-48.674713
train,5,56,213.0,173.8584,-39.1416
train,5,57,212.0,186.02264,-25.977356
train,5,58,211.0,187.02304,-23.97696
train,5,59,210.0,185.13084,-24.869156
train,5,60,209.0,182.92079,-26.079208
train,5,61,208.0,177.7662,-30.233795
train,5,62,207.0,168.59818,-38.401825
train,5,63,206.0,166.84653,-39.153473
train,5,64,205.0,163.57452,-41.425476
train,5,65,204.0,166.14897,-37.85103
train,5,66,203.0,171.53802,-31.461975
train,5,67,202.0,174.04501,-27.954987
train,5,68,201.0,168.9595,-32.040497
train,5,69,200.0,158.6485,-41.3515
train,5,70,199.0,164.78366,-34.21634
train,5,71,198.0,159.4196,-38.5804
train,5,72,197.0,164.33762,-32.662384
train,5,73,196.0,165.08995,-30.91005
train,5,74,195.0,159.62488,-35.375122
train,5,75,194.0,153.78975,-40.21025
train,5,76,193.0,150.6898,-42.310196
train,5,77,192.0,149.55344,-42.446564
train,5,78,191.0,142.89526,-48.104736
train,5,79,190.0,134.01976,-55.98024
train,5,80,189.0,129.49297,-59.507034
train,5,81,188.0,123.82435,-64.17565
train,5,82,187.0,123.83373,-63.166267
train,5,83,186.0,131.11816,-54.881836
train,5,84,185.0,138.11719,-46.882812
train,5,85,184.0,139.37222,-44.627777
train,5,86,183.0,135.5945,-47.405502
train,5,87,182.0,137.78668,-44.213318
train,5,88,181.0,136.43314,-44.566864
train,5,89,180.0,138.05002,-41.94998
train,5,90,179.0,148.94801,-30.051987
train,5,91,178.0,155.73477,-22.265228
train,5,92,177.0,164.16986,-12.830139
train,5,93,176.0,169.6039,-6.396103
train,5,94,175.0,175.18399,0.18399048
train,5,95,174.0,168.48283,-5.517166
train,5,96,173.0,159.17308,-13.82692
train,5,97,172.0,163.86447,-8.135529
train,5,98,171.0,169.03883,-1.9611664
train,5,99,170.0,177.98256,7.982559
train,5,100,169.0,182.88484,13.884842
train,5,101,168.0,174.33617,6.3361664
train,5,102,167.0,172.7941,5.794098
train,5,103,166.0,165.12915,-0.8708496
train,5,104,165.0,154.41766,-10.582336
train,5,105,164.0,145.75368,-18.246323
train,5,106,163.0,139.35709,-23.642914
train,5,107,162.0,136.9276,-25.072403
train,5,108,161.0,132.24289,-28.75711
train,5,109,160.0,130.98627,-29.013733
train,5,110,159.0,134.19073,-24.809265
train,5,111,158.0,136.38039,-21.619614
train,5,112,157.0,138.26436,-18.735641
train,5,113,156.0,135.95094,-20.049057
train,5,114,155.0,129.87613,-25.12387
train,5,115,154.0,133.3751,-20.624893
train,5,116,153.0,146.98328,-6.0167236
train,5,117,152.0,148.27928,-3.7207184
train,5,118,151.0,158.5539,7.553894
train,5,119,150.0,157.57591,7.5759125
train,5,120,149.0,153.27982,4.2798157
train,5,121,148.0,147.6443,-0.35569763
train,5,122,147.0,145.20987,-1.7901306
train,5,123,146.0,143.68344,-2.3165588
train,5,124,145.0,139.56363,-5.436371
train,5,125,144.0,144.75404,0.7540436
train,5,126,143.0,151.97781,8.977814
train,5,127,142.0,155.14142,13.141418
train,5,128,141.0,144.2116,3.2115936
train,5,129,140.0,144.18932,4.189316
train,5,130,139.0,132.04736,-6.9526367
train,5,131,138.0,121.522224,-16.477776
train,5,132,137.0,112.27759,-24.722412
train,5,133,136.0,105.24065,-30.759354
train,5,134,135.0,107.39376,-27.60624
train,5,135,134.0,108.68084,-25.31916
train,5,136,133.0,115.739494,-17.260506
train,5,137,132.0,112.87663,-19.123367
train,5,138,131.0,122.01532,-8.98468
train,5,139,130.0,122.88052,-7.1194763
train,5,140,129.0,112.45452,-16.545479
train,5,141,128.0,103.439,-24.560997
train,5,142,127.0,101.83437,-25.165627
train,5,143,126.0,116.0354,-9.9646
train,5,144,125.0,124.92449,-0.07550812
train,5,145,124.0,134.00177,10.00177
train,5,146,123.0,130.73172,7.73172
train,5,147,122.0,137.06236,15.062363
train,5,148,121.0,138.80396,17.803955
train,5,149,120.0,136.85245,16.852448
train,5,150,119.0,132.63808,13.638077
train,5,151,118.0,132.24779,14.247787
train,5,152,117.0,126.22019,9.220192
train,5,153,116.0,114.97027,-1.0297318
train,5,154,115.0,117.72246,2.722458
train,5,155,114.0,112.97817,-1.0218277
train,5,156,113.0,106.192314,-6.807686
train,5,157,112.0,96.486496,-15.513504
train,5,158,111.0,87.50912,-23.490883
train,5,159,110.0,74.27865,-35.72135
train,5,160,109.0,63.081703,-45.918297
train,5,161,108.0,59.228786,-48.771214
train,5,162,107.0,64.208145,-42.791855
train,5,163,106.0,67.18923,-38.81077
train,5,164,105.0,68.8473,-36.152702
train,5,165,104.0,66.48844,-37.51156
train,5,166,103.0,66.20916,-36.79084
train,5,167,102.0,68.66706,-33.33294
train,5,168,101.0,66.24551,-34.754494
train,5,169,100.0,58.394142,-41.605858
train,5,170,99.0,58.17254,-40.82746
train,5,171,98.0,57.910896,-40.089104
train,5,172,97.0,57.701275,-39.298725
train,5,173,96.0,58.247272,-37.752728
train,5,174,95.0,64.87327,-30.126732
train,5,175,94.0,68.79744,-25.20256
train,5,176,93.0,75.961464,-17.038536
train,5,177,92.0,80.98853,-11.011467
train,5,178,91.0,82.672646,-8.327354
train,5,179,90.0,83.13291,-6.8670883
train,5,180,89.0,86.20109,-2.798912
train,5,181,88.0,93.848,5.8479996
train,5,182,87.0,98.80384,11.803841
train,5,183,86.0,97.771454,11.771454
train,5,184,85.0,98.66694,13.666939
train,5,185,84.0,95.782974,11.782974
train,5,186,83.0,96.96618,13.966179
train,5,187,82.0,92.4968,10.496803
train,5,188,81.0,94.266136,13.266136
train,5,189,80.0,93.77862,13.778618
train,5,190,79.0,94.01107,15.01107
train,5,191,78.0,94.26147,16.261467
train,5,192,77.0,88.73589,11.735893
train,5,193,76.0,80.89556,4.895561
train,5,194,75.0,76.802345,1.8023453
train,5,195,74.0,72.511894,-1.4881058
train,5,196,73.0,64.85575,-8.144249
train,5,197,72.0,56.41623,-15.583771
train,5,198,71.0,50.785576,-20.214424
train,5,199,70.0,43.767853,-26.232147
train,5,200,69.0,43.9459,-25.0541
train,5,201,68.0,46.6336,-21.366402
train,5,202,67.0,46.318398,-20.681602
train,5,203,66.0,45.364326,-20.635674
train,5,204,65.0,37.705906,-27.294094
train,5,205,64.0,36.152233,-27.847767
train,5,206,63.0,38.399475,-24.600525
train,5,207,62.0,41.99313,-20.00687
train,5,208,61.0,42.34494,-18.65506
train,5,209,60.0,39.566734,-20.433266
train,5,210,59.0,38.554115,-20.445885
train,5,211,58.0,41.059536,-16.940464
train,5,212,57.0,34.88859,-22.111408
train,5,213,56.0,28.400894,-27.599106
train,5,214,55.0,29.27058,-25.72942
train,5,215,54.0,31.297306,-22.702694
train,5,216,53.0,32.74035,-20.259651
train,5,217,52.0,31.372887,-20.627113
train,5,218,51.0,29.94489,-21.05511
train,5,219,50.0,31.90881,-18.09119
train,5,220,49.0,35.50981,-13.490189
train,5,221,48.0,34.80099,-13.199009
train,5,222,47.0,31.81134,-15.18866
train,5,223,46.0,30.146465,-15.853535
train,5,224,45.0,29.282038,-15.717962
train,5,225,44.0,29.603426,-14.396574
train,5,226,43.0,28.096727,-14.903273
train,5,227,42.0,31.428715,-10.571285
train,5,228,41.0,32.106827,-8.893173
train,5,229,40.0,36.4319,-3.5681
train,5,230,39.0,35.368984,-3.6310158
train,5,231,38.0,34.581696,-3.4183044
train,5,232,37.0,32.89235,-4.1076508
train,5,233,36.0,36.845722,0.8457222
train,5,234,35.0,36.794678,1.7946777
train,5,235,34.0,35.92433,1.9243317
train,5,236,33.0,36.873764,3.873764
train,5,237,32.0,36.954292,4.9542923
train,5,238,31.0,37.93933,6.939331
train,5,239,30.0,35.415863,5.415863
train,5,240,29.0,34.67348,5.673481
train,5,241,28.0,32.855553,4.8555527
train,5,242,27.0,35.197235,8.197235
train,5,243,26.0,34.844147,8.844147
train,5,244,25.0,30.308472,5.3084717
train,5,245,24.0,26.97004,2.9700394
train,5,246,23.0,25.077553,2.0775528
train,5,247,22.0,24.04099,2.0409908
train,5,248,21.0,20.436417,-0.5635834
train,5,249,20.0,16.691677,-3.308323
train,5,250,19.0,15.693066,-3.3069344
train,5,251,18.0,14.578744,-3.421256
train,5,252,17.0,13.433555,-3.5664454
train,5,253,16.0,14.8375,-1.1625004
train,5,254,15.0,13.199757,-1.8002434
train,5,255,14.0,11.3026905,-2.6973095
train,5,256,13.0,7.12395,-5.87605
train,5,257,12.0,6.330387,-5.669613
train,5,258,11.0,8.538349,-2.4616508
train,5,259,10.0,7.7192183,-2.2807817
train,5,260,9.0,8.090414,-0.90958595
train,5,261,8.0,7.2939224,-0.7060776
train,5,262,7.0,6.017708,-0.9822922
train,5,263,6.0,9.519861,3.5198612
train,5,264,5.0,9.332474,4.3324738
train,5,265,4.0,8.350223,4.3502226
train,5,266,3.0,7.3434134,4.3434134
train,5,267,2.0,5.390109,3.390109
train,5,268,1.0,6.6068807,5.6068807
train,5,269,0.0,6.827131,6.827131
train,7,30,229.0,206.20355,-22.796448
train,7,31,228.0,207.90747,-20.09253
train,7,32,227.0,207.58984,-19.410156
train,7,33,226.0,208.6335,-17.3665
train,7,34,225.0,205.80939,-19.190613
train,7,35,224.0,199.78453,-24.21547
train,7,36,223.0,195.40936,-27.590637
train,7,37,222.0,194.09851,-27.90149
train,7,38,221.0,193.72983,-27.270172
train,7,39,220.0,183.64919,-36.350815
train,7,40,219.0,186.64697,-32.353027
train,7,41,218.0,190.00699,-27.993011
train,7,42,217.0,189.48903,-27.510971
train,7,43,216.0,189.14642,-26.853577
train,7,44,215.0,182.98663,-32.013367
train,7,45,214.0,180.06082,-33.93918
train,7,46,213.0,176.7761,-36.223907
train,7,47,212.0,169.65228,-42.347717
train,7,48,211.0,166.87936,-44.120636
train,7,49,210.0,163.83362,-46.16638
train,7,50,209.0,157.96078,-51.039215
train,7,51,208.0,151.82797,-56.172028
train,7,52,207.0,156.82254,-50.17746
train,7,53,206.0,150.32065,-55.67935
train,7,54,205.0,143.33725,-61.66275
train,7,55,204.0,145.54918,-58.45082
train,7,56,203.0,143.98886,-59.01114
train,7,57,202.0,135.88916,-66.11084
train,7,58,201.0,135.35638,-65.643616
train,7,59,200.0,139.93994,-60.06006
train,7,60,199.0,149.37543,-49.624573
train,7,61,198.0,154.88196,-43.118042
train,7,62,197.0,157.28246,-39.717545
train,7,63,196.0,164.47878,-31.521225
train,7,64,195.0,163.1893,-31.8107
train,7,65,194.0,168.65378,-25.346222
train,7,66,193.0,173.21173,-19.788269
train,7,67,192.0,171.62106,-20.378937
train,7,68,191.0,173.60559,-17.39441
train,7,69,190.0,169.40613,-20.593872
train,7,70,189.0,164.53857,-24.461426
train,7,71,188.0,167.22168,-20.77832
train,7,72,187.0,174.8173,-12.1826935
train,7,73,186.0,178.14835,-7.851654
train,7,74,185.0,176.11176,-8.888245
train,7,75,184.0,172.17403,-11.8259735
train,7,76,183.0,171.60785,-11.392151
train,7,77,182.0,168.31781,-13.68219
train,7,78,181.0,159.04782,-21.952179
train,7,79,180.0,144.5226,-35.4774
train,7,80,179.0,132.26498,-46.735016
train,7,81,178.0,127.466156,-50.533844
train,7,82,177.0,124.578766,-52.421234
train,7,83,176.0,123.45261,-52.547394
train,7,84,175.0,121.85549,-53.14451
train,7,85,174.0,120.63058,-53.369423
train,7,86,173.0,121.723724,-51.276276
train,7,87,172.0,123.37648,-48.62352
train,7,88,171.0,128.32771,-42.672287
train,7,89,170.0,135.04086,-34.959137
train,7,90,169.0,133.6089,-35.391098
train,7,91,168.0,134.49564,-33.504364
train,7,92,167.0,140.74677,-26.253235
train,7,93,166.0,138.07321,-27.926788
train,7,94,165.0,140.09738,-24.902618
train,7,95,164.0,143.20288,-20.79712
train,7,96,163.0,143.74213,-19.257874
train,7,97,162.0,145.48756,-16.512436
train,7,98,161.0,147.89543,-13.1045685
train,7,99,160.0,148.65358,-11.34642
train,7,100,159.0,154.1167,-4.883301
train,7,101,158.0,150.82935,-7.1706543
train,7,102,157.0,144.98993,-12.010071
train,7,103,156.0,142.47911,-13.520889
train,7,104,155.0,141.6436,-13.3564
train,7,105,154.0,137.80899,-16.19101
train,7,106,153.0,137.38417,-15.615829
train,7,107,152.0,135.9231,-16.076904
train,7,108,151.0,137.40308,-13.596924
train,7,109,150.0,146.69072,-3.3092804
train,7,110,149.0,147.53903,-1.460968
train,7,111,148.0,151.55151,3.5515137
train,7,112,147.0,159.44273,12.442734
train,7,113,146.0,157.62175,11.62175
train,7,114,145.0,158.22896,13.228958
train,7,115,144.0,152.51938,8.519379
train,7,116,143.0,145.03183,2.0318298
train,7,117,142.0,135.13608,-6.863922
train,7,118,141.0,125.94233,-15.057671
train,7,119,140.0,124.142235,-15.857765
train,7,120,139.0,124.064095,-14.935905
train,7,121,138.0,126.54735,-11.452652
train,7,122,137.0,127.569595,-9.430405
train,7,123,136.0,136.07703,0.07702637
train,7,124,135.0,141.52759,6.527588
train,7,125,134.0,143.39539,9.395386
train,7,126,133.0,141.67043,8.670425
train,7,127,132.0,138.38882,6.3888245
train,7,128,131.0,134.12518,3.125183
train,7,129,130.0,132.38586,2.3858643
train,7,130,129.0,136.84802,7.8480225
train,7,131,128.0,139.88942,11.88942
train,7,132,127.0,131.56967,4.5696716
train,7,133,126.0,126.41709,0.41709137
train,7,134,125.0,119.968544,-5.031456
train,7,135,124.0,115.71352,-8.286484
train,7,136,123.0,113.850655,-9.149345
train,7,137,122.0,117.76061,-4.2393875
train,7,138,121.0,114.19316,-6.806839
train,7,139,120.0,118.606636,-1.393364
train,7,140,119.0,123.13416,4.134163
train,7,141,118.0,132.4336,14.433594
train,7,142,117.0,134.82948,17.829483
train,7,143,116.0,130.3168,14.316803
train,7,144,115.0,121.30364,6.3036423
train,7,145,114.0,113.220726,-0.779274
train,7,146,113.0,102.50257,-10.497429
train,7,147,112.0,94.797646,-17.202354
train,7,148,111.0,93.68437,-17.315628
train,7,149,110.0,87.601585,-22.398415
train,7,150,109.0,80.62474,-28.37526
train,7,151,108.0,73.98053,-34.01947
train,7,152,107.0,77.70568,-29.29432
train,7,153,106.0,72.6925,-33.307503
train,7,154,105.0,71.650154,-33.349846
train,7,155,104.0,76.5596,-27.4404
train,7,156,103.0,81.03495,-21.96505
train,7,157,102.0,87.16381,-14.836189
train,7,158,101.0,93.74651,-7.2534866
train,7,159,100.0,93.80152,-6.1984787
train,7,160,99.0,92.83932,-6.1606827
train,7,161,98.0,91.809105,-6.190895
train,7,162,97.0,84.84518,-12.154823
train,7,163,96.0,81.41009,-14.589912
train,7,164,95.0,80.21995,-14.780052
train,7,165,94.0,80.00594,-13.994057
train,7,166,93.0,80.106995,-12.893005
train,7,167,92.0,78.51079,-13.489212
train,7,168,91.0,79.54039,-11.45961
train,7,169,90.0,87.434135,-2.5658646
train,7,170,89.0,90.750275,1.7502747
train,7,171,88.0,92.68136,4.6813583
train,7,172,87.0,92.44793,5.4479294
train,7,173,86.0,90.348724,4.3487244
train,7,174,85.0,87.34661,2.346611
train,7,175,84.0,79.36486,-4.6351395
train,7,176,83.0,69.30308,-13.696922
train,7,177,82.0,62.691807,-19.308193
train,7,178,81.0,55.750977,-25.249023
train,7,179,80.0,52.906815,-27.093185
train,7,180,79.0,56.169407,-22.830593
train,7,181,78.0,60.090385,-17.909615
train,7,182,77.0,66.56315,-10.4368515
train,7,183,76.0,67.8803,-8.119698
train,7,184,75.0,72.889946,-2.110054
train,7,185,74.0,74.087166,0.08716583
train,7,186,73.0,71.415504,-1.5844955
train,7,187,72.0,70.7959,-1.2041016
train,7,188,71.0,65.691895,-5.3081055
train,7,189,70.0,63.934196,-6.0658035
train,7,190,69.0,60.016937,-8.983063
train,7,191,68.0,56.626427,-11.373573
train,7,192,67.0,54.302162,-12.697838
train,7,193,66.0,56.73365,-9.26635
train,7,194,65.0,60.36667,-4.6333313
train,7,195,64.0,61.894768,-2.1052322
train,7,196,63.0,65.95931,2.9593124
train,7,197,62.0,70.880196,8.880196
train,7,198,61.0,71.160225,10.160225
train,7,199,60.0,72.23232,12.232323
train,7,200,59.0,70.21132,11.211319
train,7,201,58.0,73.62293,15.622932
train,7,202,57.0,72.925804,15.925804
train,7,203,56.0,77.265976,21.265976
train,7,204,55.0,75.76053,20.760529
train,7,205,54.0,76.89042,22.890419
train,7,206,53.0,77.849754,24.849754
train,7,207,52.0,79.12295,27.122948
train,7,208,51.0,79.08606,28.08606
train,7,209,50.0,81.783775,31.783775
train,7,210,49.0,81.69274,32.69274
train,7,211,48.0,80.67631,32.676308
train,7,212,47.0,79.222664,32.222664
train,7,213,46.0,77.23882,31.238823
train,7,214,45.0,73.64895,28.648949
train,7,215,44.0,68.11614,24.116142
train,7,216,43.0,60.09818,17.098179
train,7,217,42.0,56.323517,14.323517
train,7,218,41.0,50.201843,9.201843
train,7,219,40.0,45.912857,5.912857
train,7,220,39.0,45.16723,6.1672287
train,7,221,38.0,48.94602,10.946018
train,7,222,37.0,48.37404,11.374039
train,7,223,36.0,49.95695,13.956951
train,7,224,35.0,47.028202,12.028202
train,7,225,34.0,42.997726,8.997726
train,7,226,33.0,40.01669,7.0166893
train,7,227,32.0,37.33103,5.331032
train,7,228,31.0,36.476543,5.4765434
train,7,229,30.0,35.45489,5.454891
train,7,230,29.0,36.710266,7.710266
train,7,231,28.0,37.907875,9.907875
train,7,232,27.0,35.380833,8.380833
train,7,233,26.0,35.286144,9.286144
train,7,234,25.0,32.932205,7.932205
train,7,235,24.0,33.167656,9.167656
train,7,236,23.0,33.490196,10.490196
train,7,237,22.0,33.35354,11.3535385
train,7,238,21.0,34.751976,13.751976
train,7,239,20.0,33.90166,13.901661
train,7,240,19.0,31.825615,12.825615
train,7,241,18.0,29.834646,11.834646
train,7,242,17.0,27.854921,10.854921
train,7,243,16.0,25.012287,9.012287
train,7,244,15.0,21.559639,6.559639
train,7,245,14.0,18.212292,4.2122917
train,7,246,13.0,14.241608,1.2416077
train,7,247,12.0,14.937192,2.937192
train,7,248,11.0,13.635351,2.6353512
train,7,249,10.0,13.494346,3.4943457
train,7,250,9.0,11.441498,2.4414978
train,7,251,8.0,10.070935,2.0709352
train,7,252,7.0,10.780909,3.7809086
train,7,253,6.0,6.475321,0.47532082
train,7,254,5.0,3.9937763,-1.0062237
train,7,255,4.0,5.0178766,1.0178766
train,7,256,3.0,4.674245,1.6742449
train,7,257,2.0,3.62561,1.6256101
train,7,258,1.0,1.7495304,0.74953043
train,7,259,0.0,1.7963113,1.7963113
train,8,30,120.0,161.02441,41.024414
train,8,31,119.0,157.71689,38.71689
train,8,32,118.0,150.92172,32.921722
train,8,33,117.0,144.96439,27.964386
train,8,34,116.0,139.8118,23.811798
train,8,35,115.0,133.00125,18.001251
train,8,36,114.0,128.37965,14.379654
train,8,37,113.0,125.96954,12.969543
train,8,38,112.0,123.368385,11.368385
train,8,39,111.0,125.46429,14.464287
train,8,40,110.0,129.2107,19.210693
train,8,41,109.0,125.255424,16.255424
train,8,42,108.0,121.013176,13.013176
train,8,43,107.0,120.343956,13.343956
train,8,44,106.0,117.072205,11.072205
train,8,45,105.0,121.77613,16.77613
train,8,46,104.0,131.25562,27.255615
train,8,47,103.0,131.35004,28.350037
train,8,48,102.0,132.72554,30.72554
train,8,49,101.0,131.86722,30.867218
train,8,50,100.0,123.55645,23.55645
train,8,51,99.0,116.68757,17.687569
train,8,52,98.0,110.335655,12.335655
train,8,53,97.0,109.70551,12.705513
train,8,54,96.0,111.73197,15.731972
train,8,55,95.0,116.70123,21.701233
train,8,56,94.0,125.44362,31.443619
train,8,57,93.0,134.16547,41.165466
train,8,58,92.0,135.59467,43.594666
train,8,59,91.0,138.79013,47.79013
train,8,60,90.0,133.01785,43.017853
train,8,61,89.0,125.74015,36.74015
train,8,62,88.0,120.78355,32.783546
train,8,63,87.0,116.57633,29.576332
train,8,64,86.0,112.76092,26.760918
train,8,65,85.0,109.41947,24.419472
train,8,66,84.0,106.60984,22.60984
train,8,67,83.0,106.80691,23.806908
train,8,68,82.0,105.93899,23.938988
train,8,69,81.0,105.638145,24.638145
train,8,70,80.0,105.92788,25.92788
train,8,71,79.0,111.56902,32.569023
train,8,72,78.0,115.899315,37.899315
train,8,73,77.0,119.71224,42.712242
train,8,74,76.0,122.60531,46.60531
train,8,75,75.0,128.11942,53.119415
train,8,76,74.0,128.40646,54.406464
train,8,77,73.0,121.42306,48.423058
train,8,78,72.0,112.58027,40.58027
train,8,79,71.0,100.91786,29.917862
train,8,80,70.0,90.642845,20.642845
train,8,81,69.0,84.75556,15.755562
train,8,82,68.0,81.760216,13.760216
train,8,83,67.0,79.73072,12.7307205
train,8,84,66.0,78.14042,12.140419
train,8,85,65.0,72.5599,7.5598984
train,8,86,64.0,69.4441,5.4440994
train,8,87,63.0,62.368397,-0.63160324
train,8,88,62.0,57.809196,-4.1908035
train,8,89,61.0,55.232258,-5.767742
train,8,90,60.0,52.50788,-7.492119
train,8,91,59.0,55.338875,-3.6611252
train,8,92,58.0,60.090164,2.0901642
train,8,93,57.0,63.112038,6.1120377
train,8,94,56.0,64.594864,8.594864
train,8,95,55.0,65.843025,10.843025
train,8,96,54.0,64.965965,10.965965
train,8,97,53.0,62.245235,9.245235
train,8,98,52.0,61.785336,9.785336
train,8,99,51.0,63.944633,12.9446335
train,8,100,50.0,66.54303,16.54303
train,8,101,49.0,70.35293,21.352928
train,8,102,48.0,70.719696,22.719696
train,8,103,47.0,74.34625,27.346252
train,8,104,46.0,78.6995,32.6995
train,8,105,45.0,79.66282,34.66282
train,8,106,44.0,78.84019,34.840187
train,8,107,43.0,76.44847,33.44847
train,8,108,42.0,74.25913,32.259132
train,8,109,41.0,73.207954,32.207954
train,8,110,40.0,73.47518,33.47518
train,8,111,39.0,71.8632,32.863197
train,8,112,38.0,68.41195,30.41195
train,8,113,37.0,62.952705,25.952705
train,8,114,36.0,57.907425,21.907425
train,8,115,35.0,52.613968,17.613968
train,8,116,34.0,50.34257,16.342571
train,8,117,33.0,49.57669,16.57669
train,8,118,32.0,48.52957,16.529572
train,8,119,31.0,47.37382,16.373821
train,8,120,30.0,47.23177,17.23177
train,8,121,29.0,45.48443,16.484428
train,8,122,28.0,41.858757,13.858757
train,8,123,27.0,37.28588,10.285881
train,8,124,26.0,34.793118,8.793118
train,8,125,25.0,31.180367,6.1803665
train,8,126,24.0,26.526081,2.526081
train,8,127,23.0,22.98609,-0.013910294
train,8,128,22.0,20.230764,-1.7692356
train,8,129,21.0,18.980282,-2.0197182
train,8,130,20.0,18.53321,-1.4667892
train,8,131,19.0,16.210861,-2.7891388
train,8,132,18.0,13.689427,-4.3105726
train,8,133,17.0,12.562256,-4.437744
train,8,134,16.0,11.462406,-4.537594
train,8,135,15.0,10.914285,-4.0857153
train,8,136,14.0,8.55529,-5.44471
train,8,137,13.0,8.841292,-4.1587076
train,8,138,12.0,7.8421726,-4.1578274
train,8,139,11.0,5.208003,-5.791997
train,8,140,10.0,2.626864,-7.373136
train,8,141,9.0,3.4090416,-5.5909586
train,8,142,8.0,3.574983,-4.4250174
train,8,143,7.0,6.9610076,-0.038992405
train,8,144,6.0,7.7758684,1.7758684
train,8,145,5.0,6.562094,1.5620942
train,8,146,4.0,6.992019,2.9920192
train,8,147,3.0,8.977936,5.977936
train,8,148,2.0,10.126974,8.126974
train,8,149,1.0,9.672163,8.672163
train,8,150,0.0,9.059523,9.059523
train,13,30,133.0,178.75223,45.752228
train,13,31,132.0,170.39426,38.394257
train,13,32,131.0,167.28244,36.28244
train,13,33,130.0,166.43791,36.437912
train,13,34,129.0,166.40912,37.40912
train,13,35,128.0,169.37637,41.376373
train,13,36,127.0,170.62811,43.628113
train,13,37,126.0,172.51663,46.516632
train,13,38,125.0,166.75867,41.758667
train,13,39,124.0,167.78065,43.780655
train,13,40,123.0,160.83054,37.830536
train,13,41,122.0,154.99957,32.999573
train,13,42,121.0,146.34152,25.341522
train,13,43,120.0,142.57948,22.579483
train,13,44,119.0,141.18593,22.185928
train,13,45,118.0,144.56587,26.565872
train,13,46,117.0,147.00067,30.000671
train,13,47,116.0,148.73947,32.73947
train,13,48,115.0,147.52806,32.52806
train,13,49,114.0,140.05345,26.053452
train,13,50,113.0,128.71973,15.719727
train,13,51,112.0,124.290276,12.290276
train,13,52,111.0,125.37245,14.372452
train,13,53,110.0,134.08731,24.08731
train,13,54,109.0,142.02924,33.029236
train,13,55,108.0,149.30582,41.305817
train,13,56,107.0,153.02089,46.02089
train,13,57,106.0,153.62766,47.627655
train,13,58,105.0,147.92741,42.927414
train,13,59,104.0,143.19872,39.198715
train,13,60,103.0,137.25308,34.253082
train,13,61,102.0,130.5795,28.579498
train,13,62,101.0,128.57744,27.577438
train,13,63,100.0,133.1752,33.1752
train,13,64,99.0,139.6297,40.6297
train,13,65,98.0,142.75479,44.75479
train,13,66,97.0,146.11594,49.115936
train,13,67,96.0,145.86143,49.861435
train,13,68,95.0,144.16277,49.162766
train,13,69,94.0,138.42857,44.428574
train,13,70,93.0,134.37808,41.378082
train,13,71,92.0,129.2711,37.271103
train,13,72,91.0,131.42445,40.424454
train,13,73,90.0,129.50443,39.504425
train,13,74,89.0,132.14883,43.148834
train,13,75,88.0,124.940285,36.940285
train,13,76,87.0,113.73359,26.73359
train,13,77,86.0,101.681694,15.681694
train,13,78,85.0,90.44872,5.448723
train,13,79,84.0,85.75492,1.754921
train,13,80,83.0,88.804695,5.804695
train,13,81,82.0,90.66007,8.660072
train,13,82,81.0,95.98229,14.982292
train,13,83,80.0,96.6792,16.6792
train,13,84,79.0,95.77698,16.776978
train,13,85,78.0,96.401634,18.401634
train,13,86,77.0,98.13494,21.134941
train,13,87,76.0,89.6421,13.642097
train,13,88,75.0,88.48048,13.480476
train,13,89,74.0,88.09498,14.094978
train,13,90,73.0,88.209435,15.2094345
train,13,91,72.0,92.7849,20.784897
train,13,92,71.0,97.58346,26.583458
train,13,93,70.0,98.627556,28.627556
train,13,94,69.0,97.67547,28.675468
train,13,95,68.0,93.6661,25.6661
train,13,96,67.0,93.478226,26.478226
train,13,97,66.0,93.303246,27.303246
train,13,98,65.0,88.338036,23.338036
train,13,99,64.0,93.66699,29.666992
train,13,100,63.0,97.69265,34.69265
train,13,101,62.0,93.29148,31.291481
train,13,102,61.0,91.768265,30.768265
train,13,103,60.0,85.16494,25.16494
train,13,104,59.0,78.73563,19.735626
train,13,105,58.0,72.85308,14.853081
train,13,106,57.0,70.15125,13.151253
train,13,107,56.0,68.840775,12.840775
train,13,108,55.0,64.31156,9.311562
train,13,109,54.0,58.630535,4.630535
train,13,110,53.0,57.615078,4.615078
train,13,111,52.0,55.265713,3.2657127
train,13,112,51.0,50.77894,-0.2210617
train,13,113,50.0,51.041588,1.0415878
train,13,114,49.0,50.24724,1.2472382
train,13,115,48.0,52.746754,4.7467537
train,13,116,47.0,49.681095,2.6810951
train,13,117,46.0,46.625137,0.6251373
train,13,118,45.0,44.656487,-0.3435135
train,13,119,44.0,45.82025,1.8202515
train,13,120,43.0,49.858543,6.8585434
train,13,121,42.0,52.090775,10.090775
train,13,122,41.0,51.294567,10.294567
train,13,123,40.0,49.44197,9.441971
train,13,124,39.0,49.301716,10.301716
train,13,125,38.0,49.43232,11.43232
train,13,126,37.0,49.42242,12.4224205
train,13,127,36.0,49.36817,13.368172
train,13,128,35.0,50.059742,15.059742
train,13,129,34.0,50.165894,16.165894
train,13,130,33.0,50.765324,17.765324
train,13,131,32.0,49.12195,17.121948
train,13,132,31.0,47.29669,16.296692
train,13,133,30.0,43.174583,13.174583
train,13,134,29.0,38.999565,9.999565
train,13,135,28.0,34.30444,6.3044395
train,13,136,27.0,35.419113,8.419113
train,13,137,26.0,32.61669,6.6166916
train,13,138,25.0,29.495262,4.495262
train,13,139,24.0,30.00136,6.00136
train,13,140,23.0,30.577658,7.5776577
train,13,141,22.0,29.261322,7.261322
train,13,142,21.0,25.796814,4.796814
train,13,143,20.0,21.564865,1.5648651
train,13,144,19.0,17.318039,-1.681961
train,13,145,18.0,15.802841,-2.1971588
train,13,146,17.0,15.029839,-1.9701614
train,13,147,16.0,14.276658,-1.723342
train,13,148,15.0,14.662539,-0.33746147
train,13,149,14.0,13.782176,-0.21782398
train,13,150,13.0,11.78648,-1.21352
train,13,151,12.0,10.856596,-1.143404
train,13,152,11.0,7.8601036,-3.1398964
train,13,153,10.0,8.483481,-1.5165186
train,13,154,9.0,6.8304486,-2.1695514
train,13,155,8.0,6.3928533,-1.6071467
train,13,156,7.0,5.7329855,-1.2670145
train,13,157,6.0,7.0807533,1.0807533
train,13,158,5.0,5.6382957,0.63829565
train,13,159,4.0,6.2152805,2.2152805
train,13,160,3.0,5.215619,2.215619
train,13,161,2.0,2.584663,0.5846629
train,13,162,1.0,-0.4892923,-1.4892923
train,13,163,0.0,0.035539825,0.035539825
train,15,30,177.0,169.6615,-7.338501
train,15,31,176.0,170.63368,-5.3663177
train,15,32,175.0,164.8458,-10.154205
train,15,33,174.0,158.94402,-15.0559845
train,15,34,173.0,151.4938,-21.506195
train,15,35,172.0,145.04831,-26.95169
train,15,36,171.0,140.13478,-30.86522
train,15,37,170.0,136.03294,-33.967056
train,15,38,169.0,149.1568,-19.8432
train,15,39,168.0,159.25267,-8.74733
train,15,40,167.0,153.24744,-13.752563
train,15,41,166.0,152.70694,-13.29306
train,15,42,165.0,153.64856,-11.35144
train,15,43,164.0,148.2425,-15.757507
train,15,44,163.0,153.82574,-9.174255
train,15,45,162.0,163.10445,1.1044464
train,15,46,161.0,171.70361,10.703613
train,15,47,160.0,173.4632,13.463196
train,15,48,159.0,172.19887,13.198868
train,15,49,158.0,168.15207,10.152069
train,15,50,157.0,163.62088,6.62088
train,15,51,156.0,159.34268,3.342682
train,15,52,155.0,152.78363,-2.2163696
train,15,53,154.0,156.40643,2.406433
train,15,54,153.0,149.72629,-3.2737122
train,15,55,152.0,146.14323,-5.8567657
train,15,56,151.0,154.00748,3.0074768
train,15,57,150.0,166.09233,16.09233
train,15,58,149.0,175.3182,26.318207
train,15,59,148.0,178.52893,30.52893
train,15,60,147.0,176.55324,29.553238
train,15,61,146.0,167.90994,21.909943
train,15,62,145.0,155.2476,10.247604
train,15,63,144.0,146.29596,2.2959595
train,15,64,143.0,138.7161,-4.283905
train,15,65,142.0,137.9571,-4.0428925
train,15,66,141.0,137.81076,-3.1892395
train,15,67,140.0,134.6755,-5.3244934
train,15,68,139.0,133.22131,-5.7786865
train,15,69,138.0,143.00188,5.001877
train,15,70,137.0,150.33075,13.3307495
train,15,71,136.0,153.38043,17.380432
train,15,72,135.0,163.579,28.578995
train,15,73,134.0,175.61725,41.61725
train,15,74,133.0,179.31851,46.318512
train,15,75,132.0,183.8035,51.803497
train,15,76,131.0,182.21371,51.213715
train,15,77,130.0,173.64413,43.644135
train,15,78,129.0,175.8006,46.8006
train,15,79,128.0,162.51093,34.510925
train,15,80,127.0,165.44485,38.444855
train,15,81,126.0,164.0553,38.055298
train,15,82,125.0,164.84673,39.846725
train,15,83,124.0,164.21231,40.21231
train,15,84,123.0,168.31845,45.31845
train,15,85,122.0,175.43045,53.43045
train,15,86,121.0,178.63336,57.63336
train,15,87,120.0,177.26079,57.260788
train,15,88,119.0,180.67633,61.67633
train,15,89,118.0,178.38766,60.387665
train,15,90,117.0,173.08372,56.083725
train,15,91,116.0,162.20082,46.20082
train,15,92,115.0,143.78723,28.787231
train,15,93,114.0,133.1579,19.157898
train,15,94,113.0,124.85223,11.852226
train,15,95,112.0,119.32145,7.3214493
train,15,96,111.0,122.97226,11.9722595
train,15,97,110.0,123.53907,13.53907
train,15,98,109.0,122.71559,13.715591
train,15,99,108.0,119.1536,11.153603
train,15,100,107.0,123.0059,16.005898
train,15,101,106.0,129.66556,23.665558
train,15,102,105.0,134.70337,29.70337
train,15,103,104.0,129.77118,25.77118
train,15,104,103.0,125.62006,22.620064
train,15,105,102.0,123.12241,21.122414
train,15,106,101.0,118.933525,17.933525
train,15,107,100.0,120.59881,20.598808
train,15,108,99.0,121.13534,22.135338
train,15,109,98.0,118.0804,20.080399
train,15,110,97.0,113.21691,16.216911
train,15,111,96.0,109.837585,13.837585
train,15,112,95.0,111.20099,16.200989
train,15,113,94.0,117.74235,23.742348
train,15,114,93.0,120.437485,27.437485
train,15,115,92.0,122.87217,30.87217
train,15,116,91.0,126.91042,35.910423
train,15,117,90.0,129.7629,39.762894
train,15,118,89.0,129.22542,40.225418
train,15,119,88.0,130.47324,42.473236
train,15,120,87.0,130.07678,43.076782
train,15,121,86.0,127.553246,41.553246
train,15,122,85.0,136.21469,51.21469
train,15,123,84.0,136.20813,52.20813
train,15,124,83.0,133.88174,50.881744
train,15,125,82.0,126.31107,44.311073
train,15,126,81.0,119.82673,38.82673
train,15,127,80.0,117.4174,37.417397
train,15,128,79.0,115.85577,36.855766
train,15,129,78.0,114.57574,36.575737
train,15,130,77.0,112.41105,35.41105
train,15,131,76.0,106.24143,30.241432
train,15,132,75.0,100.18441,25.18441
train,15,133,74.0,101.76444,27.764442
train,15,134,73.0,97.06863,24.068626
train,15,135,72.0,98.59382,26.593819
train,15,136,71.0,95.69211,24.692108
train,15,137,70.0,94.414085,24.414085
train,15,138,69.0,86.48297,17.482971
train,15,139,68.0,81.30741,13.307411
train,15,140,67.0,76.77654,9.776543
train,15,141,66.0,70.0741,4.0740967
train,15,142,65.0,65.11184,0.111839294
train,15,143,64.0,61.83469,-2.16531
train,15,144,63.0,56.25769,-6.7423096
train,15,145,62.0,57.622375,-4.3776245
train,15,146,61.0,59.307236,-1.6927643
train,15,147,60.0,60.4504,0.4504013
train,15,148,59.0,62.588276,3.588276
train,15,149,58.0,73.58164,15.581642
train,15,150,57.0,74.75363,17.753632
train,15,151,56.0,74.54611,18.546112
train,15,152,55.0,72.96493,17.964928
train,15,153,54.0,69.03029,15.030289
train,15,154,53.0,64.90319,11.903191
train,15,155,52.0,65.711655,13.711655
train,15,156,51.0,66.410545,15.410545
train,15,157,50.0,66.62286,16.622864
train,15,158,49.0,63.861603,14.861603
train,15,159,48.0,58.256172,10.256172
train,15,160,47.0,57.903572,10.903572
train,15,161,46.0,57.985573,11.985573
train,15,162,45.0,63.427753,18.427753
train,15,163,44.0,63.99524,19.99524
train,15,164,43.0,60.65116,17.651161
train,15,165,42.0,57.5933,15.5933
train,15,166,41.0,48.144814,7.1448135
train,15,167,40.0,38.04713,-1.9528694
train,15,168,39.0,32.230934,-6.769066
train,15,169,38.0,29.92994,-8.070061
train,15,170,37.0,30.975294,-6.024706
train,15,171,36.0,36.12571,0.12570953
train,15,172,35.0,35.552895,0.5528946
train,15,173,34.0,31.464731,-2.5352688
train,15,174,33.0,34.76191,1.7619095
train,15,175,32.0,31.054157,-0.94584274
train,15,176,31.0,31.06477,0.064769745
train,15,177,30.0,29.111164,-0.8888359
train,15,178,29.0,29.254257,0.2542572
train,15,179,28.0,29.877518,1.8775177
train,15,180,27.0,32.073364,5.0733643
train,15,181,26.0,34.49083,8.490829
train,15,182,25.0,36.132782,11.132782
train,15,183,24.0,34.518204,10.518204
train,15,184,23.0,31.382729,8.382729
train,15,185,22.0,31.709915,9.709915
train,15,186,21.0,33.951046,12.951046
train,15,187,20.0,36.737766,16.737766
train,15,188,19.0,37.785667,18.785667
train,15,189,18.0,38.02955,20.029549
train,15,190,17.0,37.543037,20.543037
train,15,191,16.0,36.31698,20.316978
train,15,192,15.0,30.415306,15.415306
train,15,193,14.0,26.651112,12.651112
train,15,194,13.0,19.640886,6.6408863
train,15,195,12.0,14.820999,2.8209991
train,15,196,11.0,14.091812,3.0918121
train,15,197,10.0,14.41464,4.4146404
train,15,198,9.0,14.664373,5.6643734
train,15,199,8.0,11.365606,3.3656063
train,15,200,7.0,9.340086,2.340086
train,15,201,6.0,9.220145,3.2201452
train,15,202,5.0,7.4990997,2.4990997
train,15,203,4.0,7.569418,3.569418
train,15,204,3.0,4.542936,1.5429358
train,15,205,2.0,0.6132305,-1.3867695
train,15,206,1.0,0.58714825,-0.41285175
train,15,207,0.0,0.21787079,0.21787079
train,16,30,179.0,115.200424,-63.799576
train,16,31,178.0,108.528595,-69.471405
train,16,32,177.0,105.76411,-71.23589
train,16,33,176.0,107.59335,-68.40665
train,16,34,175.0,111.89648,-63.103523
train,16,35,174.0,115.89883,-58.101173
train,16,36,173.0,125.874855,-47.125145
train,16,37,172.0,131.34418,-40.655823
train,16,38,171.0,139.60408,-31.39592
train,16,39,170.0,140.15309,-29.846909
train,16,40,169.0,135.18604,-33.813965
train,16,41,168.0,130.905,-37.095
train,16,42,167.0,125.24069,-41.759308
train,16,43,166.0,121.069954,-44.930046
train,16,44,165.0,120.38552,-44.61448
train,16,45,164.0,121.309685,-42.690315
train,16,46,163.0,122.42402,-40.57598
train,16,47,162.0,121.28015,-40.71985
train,16,48,161.0,119.545334,-41.454666
train,16,49,160.0,117.82903,-42.170967
train,16,50,159.0,114.59132,-44.408684
train,16,51,158.0,116.06603,-41.933968
train,16,52,157.0,119.2402,-37.759804
train,16,53,156.0,122.40513,-33.59487
train,16,54,155.0,122.845245,-32.154755
train,16,55,154.0,121.07354,-32.92646
train,16,56,153.0,115.58872,-37.411278
train,16,57,152.0,111.82873,-40.171272
train,16,58,151.0,111.39617,-39.60383
train,16,59,150.0,109.22201,-40.777992
train,16,60,149.0,112.042244,-36.957756
train,16,61,148.0,112.71108,-35.288918
train,16,62,147.0,114.87455,-32.12545
train,16,63,146.0,114.95159,-31.048409
train,16,64,145.0,114.64348,-30.356522
train,16,65,144.0,118.21691,-25.783089
train,16,66,143.0,122.92461,-20.075394
train,16,67,142.0,123.37905,-18.620949
train,16,68,141.0,125.402596,-15.5974045
train,16,69,140.0,120.75814,-19.24186
train,16,70,139.0,118.80805,-20.191948
train,16,71,138.0,112.673134,-25.326866
train,16,72,137.0,112.230354,-24.769646
train,16,73,136.0,112.15099,-23.849007
train,16,74,135.0,112.43537,-22.564629
train,16,75,134.0,111.36448,-22.63552
train,16,76,133.0,111.04257,-21.957428
train,16,77,132.0,114.751816,-17.248184
train,16,78,131.0,115.04501,-15.954987
train,16,79,130.0,117.44904,-12.550957
train,16,80,129.0,114.62763,-14.372368
train,16,81,128.0,113.04743,-14.952568
train,16,82,127.0,108.92008,-18.079918
train,16,83,126.0,105.31563,-20.684372
train,16,84,125.0,101.513824,-23.486176
train,16,85,124.0,102.133125,-21.866875
train,16,86,123.0,110.90804,-12.091957
train,16,87,122.0,116.33123,-5.66877
train,16,88,121.0,115.46012,-5.539879
train,16,89,120.0,114.48614,-5.5138626
train,16,90,119.0,105.997215,-13.002785
train,16,91,118.0,97.06241,-20.937592
train,16,92,117.0,93.16366,-23.836342
train,16,93,116.0,89.83364,-26.166359
train,16,94,115.0,88.10703,-26.892967
train,16,95,114.0,85.20429,-28.795708
train,16,96,113.0,85.23509,-27.764908
train,16,97,112.0,80.18969,-31.81031
train,16,98,111.0,76.458824,-34.541176
train,16,99,110.0,70.954,-39.045998
train,16,100,109.0,65.37613,-43.62387
train,16,101,108.0,61.158062,-46.841938
train,16,102,107.0,60.0208,-46.9792
train,16,103,106.0,62.155758,-43.844242
train,16,104,105.0,66.71167,-38.28833
train,16,105,104.0,73.27125,-30.728752
train,16,106,103.0,74.71121,-28.288788
train,16,107,102.0,74.99987,-27.00013
train,16,108,101.0,79.54082,-21.459183
train,16,109,100.0,79.32969,-20.670311
train,16,110,99.0,78.64846,-20.35154
train,16,111,98.0,80.99668,-17.003319
train,16,112,97.0,80.85834,-16.141663
train,16,113,96.0,84.74468,-11.255318
train,16,114,95.0,88.114975,-6.885025
train,16,115,94.0,88.00085,-5.999153
train,16,116,93.0,87.65757,-5.34243
train,16,117,92.0,84.86678,-7.133217
train,16,118,91.0,82.24671,-8.753288
train,16,119,90.0,82.83103,-7.168968
train,16,120,89.0,82.69254,-6.307457
train,16,121,88.0,81.98638,-6.0136185
train,16,122,87.0,79.85554,-7.1444626
train,16,123,86.0,75.216286,-10.783714
train,16,124,85.0,72.6358,-12.364197
train,16,125,84.0,69.534645,-14.465355
train,16,126,83.0,71.14968,-11.850319
train,16,127,82.0,71.2709,-10.729103
train,16,128,81.0,71.08433,-9.915672
train,16,129,80.0,72.97101,-7.0289917
train,16,130,79.0,71.108376,-7.8916245
train,16,131,78.0,69.34486,-8.655144
train,16,132,77.0,66.677765,-10.322235
train,16,133,76.0,66.43847,-9.561531
train,16,134,75.0,63.65837,-11.341629
train,16,135,74.0,65.605965,-8.394035
train,16,136,73.0,65.18754,-7.812462
train,16,137,72.0,66.49348,-5.506523
train,16,138,71.0,68.07,-2.9300003
train,16,139,70.0,66.02113,-3.9788666
train,16,140,69.0,63.094757,-5.905243
train,16,141,68.0,63.420856,-4.5791435
train,16,142,67.0,64.1881,-2.8118973
train,16,143,66.0,63.76974,-2.230259
train,16,144,65.0,63.744984,-1.2550163
train,16,145,64.0,64.50042,0.5004196
train,16,146,63.0,63.486324,0.4863243
train,16,147,62.0,63.303654,1.3036537
train,16,148,61.0,58.569138,-2.4308624
train,16,149,60.0,53.28752,-6.7124786
train,16,150,59.0,50.59909,-8.400909
train,16,151,58.0,48.50642,-9.49358
train,16,152,57.0,46.182392,-10.817608
train,16,153,56.0,45.522396,-10.477604
train,16,154,55.0,47.62323,-7.37677
train,16,155,54.0,51.599236,-2.4007645
train,16,156,53.0,49.190174,-3.809826
train,16,157,52.0,45.821,-6.179001
train,16,158,51.0,44.83799,-6.16201
train,16,159,50.0,41.8966,-8.103401
train,16,160,49.0,40.50821,-8.491791
train,16,161,48.0,39.294952,-8.705048
train,16,162,47.0,36.518143,-10.481857
train,16,163,46.0,36.435604,-9.564396
train,16,164,45.0,36.861526,-8.1384735
train,16,165,44.0,39.289253,-4.710747
train,16,166,43.0,37.71041,-5.289589
train,16,167,42.0,38.229156,-3.7708435
train,16,168,41.0,37.04505,-3.9549484
train,16,169,40.0,33.36936,-6.630638
train,16,170,39.0,34.877007,-4.1229935
train,16,171,38.0,33.884827,-4.1151733
train,16,172,37.0,29.779264,-7.2207355
train,16,173,36.0,30.420677,-5.579323
train,16,174,35.0,32.4807,-2.5192986
train,16,175,34.0,31.1859,-2.8141003
train,16,176,33.0,27.973206,-5.0267944
train,16,177,32.0,26.082882,-5.917118
train,16,178,31.0,24.4647,-6.5352993
train,16,179,30.0,21.74615,-8.253851
train,16,180,29.0,21.645603,-7.354397
train,16,181,28.0,20.348694,-7.651306
train,16,182,27.0,19.26305,-7.73695
train,16,183,26.0,17.834991,-8.165009
train,16,184,25.0,16.628744,-8.371256
train,16,185,24.0,16.014246,-7.985754
train,16,186,23.0,13.387125,-9.612875
train,16,187,22.0,13.654972,-8.345028
train,16,188,21.0,12.523716,-8.476284
train,16,189,20.0,10.296236,-9.703764
train,16,190,19.0,11.471159,-7.528841
train,16,191,18.0,9.323952,-8.676048
train,16,192,17.0,9.668396,-7.331604
train,16,193,16.0,9.04142,-6.95858
train,16,194,15.0,7.409587,-7.590413
train,16,195,14.0,7.00945,-6.99055
train,16,196,13.0,5.28651,-7.71349
train,16,197,12.0,5.104666,-6.895334
train,16,198,11.0,3.8262675,-7.1737328
train,16,199,10.0,5.613537,-4.386463
train,16,200,9.0,5.775527,-3.224473
train,16,201,8.0,5.4728594,-2.5271406
train,16,202,7.0,10.243859,3.2438593
train,16,203,6.0,13.296768,7.296768
train,16,204,5.0,17.300589,12.300589
train,16,205,4.0,18.790697,14.790697
train,16,206,3.0,16.694258,13.694258
train,16,207,2.0,18.504927,16.504927
train,16,208,1.0,17.245468,16.245468
train,16,209,0.0,14.950611,14.950611
train,18,30,165.0,187.1641,22.164093
train,18,31,164.0,190.7382,26.738205
train,18,32,163.0,195.61333,32.613327
train,18,33,162.0,196.4938,34.493805
train,18,34,161.0,200.93402,39.93402
train,18,35,160.0,202.50665,42.506653
train,18,36,159.0,196.18365,37.183655
train,18,37,158.0,191.52455,33.52455
train,18,38,157.0,180.52762,23.527618
train,18,39,156.0,167.44527,11.445267
train,18,40,155.0,163.77068,8.770676
train,18,41,154.0,161.48514,7.485138
train,18,42,153.0,165.05211,12.052109
train,18,43,152.0,165.27243,13.27243
train,18,44,151.0,167.53879,16.538788
train,18,45,150.0,163.7212,13.721207
train,18,46,149.0,161.20587,12.205872
train,18,47,148.0,154.51729,6.517288
train,18,48,147.0,150.0318,3.0317993
train,18,49,146.0,147.46426,1.4642639
train,18,50,145.0,153.145,8.145004
train,18,51,144.0,155.76213,11.762131
train,18,52,143.0,159.74026,16.740265
train,18,53,142.0,165.5596,23.5596
train,18,54,141.0,168.3068,27.306793
train,18,55,140.0,161.51923,21.519226
train,18,56,139.0,155.7835,16.783493
train,18,57,138.0,156.15695,18.156952
train,18,58,137.0,159.60052,22.600525
train,18,59,136.0,164.25246,28.252457
train,18,60,135.0,167.17853,32.178528
train,18,61,134.0,169.53064,35.53064
train,18,62,133.0,170.07573,37.07573
train,18,63,132.0,172.47003,40.47003
train,18,64,131.0,171.08481,40.08481
train,18,65,130.0,166.7189,36.718903
train,18,66,129.0,161.48175,32.48175
train,18,67,128.0,153.83266,25.832657
train,18,68,127.0,146.71776,19.717758
train,18,69,126.0,146.98389,20.983887
train,18,70,125.0,146.89415,21.89415
train,18,71,124.0,150.46976,26.469757
train,18,72,123.0,157.44261,34.44261
train,18,73,122.0,167.48363,45.483627
train,18,74,121.0,174.56653,53.56653
train,18,75,120.0,175.61078,55.61078
train,18,76,119.0,168.94144,49.941437
train,18,77,118.0,168.24486,50.244858
train,18,78,117.0,164.81467,47.814667
train,18,79,116.0,168.33731,52.33731
train,18,80,115.0,161.42078,46.420776
train,18,81,114.0,157.66388,43.66388
train,18,82,113.0,149.98743,36.987427
train,18,83,112.0,144.8823,32.882294
train,18,84,111.0,141.51277,30.512772
train,18,85,110.0,137.80629,27.80629
train,18,86,109.0,136.44295,27.442947
train,18,87,108.0,139.83992,31.83992
train,18,88,107.0,137.11554,30.11554
train,18,89,106.0,135.07875,29.07875
train,18,90,105.0,127.926765,22.926765
train,18,91,104.0,123.262184,19.262184
train,18,92,103.0,120.131645,17.131645
train,18,93,102.0,112.96053,10.960533
train,18,94,101.0,117.368225,16.368225
train,18,95,100.0,124.152565,24.152565
train,18,96,99.0,132.26706,33.26706
train,18,97,98.0,136.58652,38.586517
train,18,98,97.0,134.89609,37.896088
train,18,99,96.0,134.01875,38.018753
train,18,100,95.0,134.39366,39.39366
train,18,101,94.0,130.54211,36.542114
train,18,102,93.0,127.398994,34.398994
train,18,103,92.0,122.0253,30.0253
train,18,104,91.0,117.418175,26.418175
train,18,105,90.0,121.77415,31.774147
train,18,106,89.0,126.54733,37.547333
train,18,107,88.0,128.27258,40.272583
train,18,108,87.0,124.3543,37.3543
train,18,109,86.0,124.182365,38.182365
train,18,110,85.0,118.09587,33.09587
train,18,111,84.0,115.26592,31.265923
train,18,112,83.0,111.402374,28.402374
train,18,113,82.0,111.052315,29.052315
train,18,114,81.0,111.42322,30.423218
train,18,115,80.0,109.41091,29.410912
train,18,116,79.0,106.58049,27.58049
train,18,117,78.0,99.043755,21.043755
train,18,118,77.0,89.2989,12.298897
train,18,119,76.0,85.95437,9.954369
train,18,120,75.0,86.233864,11.233864
train,18,121,74.0,84.75831,10.758308
train,18,122,73.0,88.91408,15.914078
train,18,123,72.0,106.87228,34.872276
train,18,124,71.0,123.51628,52.51628
train,18,125,70.0,136.26013,66.26013
train,18,126,69.0,144.14926,75.14926
train,18,127,68.0,141.07242,73.07242
train,18,128,67.0,142.7207,75.7207
train,18,129,66.0,130.21619,64.21619
train,18,130,65.0,122.19553,57.195534
train,18,131,64.0,111.65445,47.65445
train,18,132,63.0,106.398186,43.398186
train,18,133,62.0,101.139015,39.139015
train,18,134,61.0,93.00598,32.00598
train,18,135,60.0,83.50698,23.50698
train,18,136,59.0,79.350655,20.350655
train,18,137,58.0,74.57855,16.578552
train,18,138,57.0,72.32261,15.322609
train,18,139,56.0,64.167,8.167
train,18,140,55.0,56.463215,1.4632149
train,18,141,54.0,54.094307,0.094306946
train,18,142,53.0,47.197365,-5.802635
train,18,143,52.0,39.95333,-12.046669
train,18,144,51.0,33.70421,-17.295792
train,18,145,50.0,23.385044,-26.614956
train,18,146,49.0,19.06554,-29.93446
train,18,147,48.0,15.079256,-32.920746
train,18,148,47.0,11.565472,-35.43453
train,18,149,46.0,11.767771,-34.23223
train,18,150,45.0,15.632382,-29.367619
train,18,151,44.0,16.113705,-27.886295
train,18,152,43.0,25.194958,-17.805042
train,18,153,42.0,34.233864,-7.766136
train,18,154,41.0,41.790695,0.7906952
train,18,155,40.0,41.9617,1.9617004
train,18,156,39.0,39.96454,0.9645386
train,18,157,38.0,39.222504,1.2225037
train,18,158,37.0,40.017883,3.0178833
train,18,159,36.0,36.020813,0.020812988
train,18,160,35.0,32.334175,-2.665825
train,18,161,34.0,31.564587,-2.4354134
train,18,162,33.0,29.307384,-3.6926155
train,18,163,32.0,26.040993,-5.9590073
train,18,164,31.0,25.658634,-5.341366
train,18,165,30.0,21.8347,-8.1653
train,18,166,29.0,15.494507,-13.505493
train,18,167,28.0,13.616302,-14.383698
train,18,168,27.0,15.694386,-11.305614
train,18,169,26.0,16.97584,-9.02416
train,18,170,25.0,21.626747,-3.3732529
train,18,171,24.0,19.732338,-4.267662
train,18,172,23.0,19.740557,-3.2594433
train,18,173,22.0,16.468185,-5.5318146
train,18,174,21.0,14.476385,-6.523615
train,18,175,20.0,13.251997,-6.748003
train,18,176,19.0,13.495575,-5.504425
train,18,177,18.0,15.209261,-2.790739
train,18,178,17.0,12.488842,-4.511158
train,18,179,16.0,15.258555,-0.7414446
train,18,180,15.0,16.26545,1.2654495
train,18,181,14.0,16.966309,2.9663086
train,18,182,13.0,16.630278,3.6302776
train,18,183,12.0,14.501158,2.5011578
train,18,184,11.0,10.88146,-0.11853981
train,18,185,10.0,10.137045,0.1370449
train,18,186,9.0,9.185522,0.18552208
train,18,187,8.0,8.981762,0.98176193
train,18,188,7.0,10.786545,3.7865448
train,18,189,6.0,10.135837,4.1358366
train,18,190,5.0,7.0996675,2.0996675
train,18,191,4.0,4.9635663,0.9635663
train,18,192,3.0,-0.2712107,-3.2712107
train,18,193,2.0,-2.5715275,-4.5715275
train,18,194,1.0,-2.7991264,-3.7991264
train,18,195,0.0,-3.408562,-3.408562
train,19,30,128.0,170.01508,42.015076
train,19,31,127.0,165.27112,38.27112
train,19,32,126.0,151.8027,25.802704
train,19,33,125.0,140.90671,15.906708
train,19,34,124.0,130.60155,6.6015472
train,19,35,123.0,124.5415,1.5414963
train,19,36,122.0,122.02707,0.027069092
train,19,37,121.0,119.30895,-1.6910477
train,19,38,120.0,116.456276,-3.543724
train,19,39,119.0,116.601715,-2.398285
train,19,40,118.0,118.78663,0.7866287
train,19,41,117.0,121.397285,4.3972855
train,19,42,116.0,124.42838,8.428383
train,19,43,115.0,121.74552,6.7455215
train,19,44,114.0,122.96941,8.969414
train,19,45,113.0,120.74235,7.7423477
train,19,46,112.0,114.67614,2.6761398
train,19,47,111.0,106.70603,-4.293968
train,19,48,110.0,102.106575,-7.893425
train,19,49,109.0,101.1979,-7.802101
train,19,50,108.0,99.585686,-8.414314
train,19,51,107.0,99.345535,-7.6544647
train,19,52,106.0,102.54805,-3.45195
train,19,53,105.0,106.65865,1.6586533
train,19,54,104.0,108.09156,4.0915604
train,19,55,103.0,109.41794,6.417938
train,19,56,102.0,112.92059,10.920593
train,19,57,101.0,119.89413,18.894127
train,19,58,100.0,122.31114,22.311142
train,19,59,99.0,121.25614,22.256142
train,19,60,98.0,113.70077,15.7007675
train,19,61,97.0,104.69268,7.6926804
train,19,62,96.0,99.69547,3.6954727
train,19,63,95.0,95.20344,0.2034378
train,19,64,94.0,95.48297,1.4829712
train,19,65,93.0,97.570305,4.570305
train,19,66,92.0,102.37205,10.372047
train,19,67,91.0,106.432755,15.4327545
train,19,68,90.0,109.0547,19.054703
train,19,69,89.0,111.94756,22.947563
train,19,70,88.0,119.117905,31.117905
train,19,71,87.0,122.59528,35.595284
train,19,72,86.0,123.74013,37.740128
train,19,73,85.0,122.27165,37.271652
train,19,74,84.0,121.541145,37.541145
train,19,75,83.0,117.84081,34.840813
train,19,76,82.0,113.66545,31.665451
train,19,77,81.0,108.6536,27.653603
train,19,78,80.0,104.64404,24.644043
train,19,79,79.0,105.566154,26.566154
train,19,80,78.0,103.47674,25.476738
train,19,81,77.0,97.83116,20.831161
train,19,82,76.0,92.743355,16.743355
train,19,83,75.0,89.65124,14.6512375
train,19,84,74.0,89.09597,15.09597
train,19,85,73.0,89.59212,16.592117
train,19,86,72.0,86.66497,14.66497
train,19,87,71.0,85.68963,14.689629
train,19,88,70.0,81.49235,11.492348
train,19,89,69.0,73.497185,4.4971848
train,19,90,68.0,71.812874,3.8128738
train,19,91,67.0,67.273125,0.2731247
train,19,92,66.0,67.81957,1.8195724
train,19,93,65.0,67.21194,2.211937
train,19,94,64.0,64.63224,0.6322403
train,19,95,63.0,58.859627,-4.140373
train,19,96,62.0,55.271492,-6.728508
train,19,97,61.0,55.27156,-5.7284393
train,19,98,60.0,56.629517,-3.3704834
train,19,99,59.0,56.687332,-2.3126678
train,19,100,58.0,57.331455,-0.66854477
train,19,101,57.0,58.67295,1.6729507
train,19,102,56.0,59.43563,3.4356308
train,19,103,55.0,63.162292,8.1622925
train,19,104,54.0,63.086845,9.086845
train,19,105,53.0,62.850174,9.850174
train,19,106,52.0,59.138023,7.1380234
train,19,107,51.0,55.33055,4.330551
train,19,108,50.0,50.741314,0.74131393
train,19,109,49.0,51.025444,2.025444
train,19,110,48.0,50.868973,2.8689728
train,19,111,47.0,51.654522,4.654522
train,19,112,46.0,51.969284,5.969284
train,19,113,45.0,53.856293,8.856293
train,19,114,44.0,52.69203,8.692032
train,19,115,43.0,49.32229,6.3222885
train,19,116,42.0,50.19393,8.193932
train,19,117,41.0,54.713264,13.713264
train,19,118,40.0,58.387093,18.387093
train,19,119,39.0,59.736008,20.736008
train,19,120,38.0,59.698624,21.698624
train,19,121,37.0,57.76437,20.76437
train,19,122,36.0,52.361206,16.361206
train,19,123,35.0,47.592796,12.592796
train,19,124,34.0,43.555164,9.555164
train,19,125,33.0,39.94814,6.948139
train,19,126,32.0,37.684227,5.684227
train,19,127,31.0,35.84929,4.849289
train,19,128,30.0,36.8692,6.8692017
train,19,129,29.0,36.985207,7.9852066
train,19,130,28.0,34.29132,6.291321
train,19,131,27.0,31.383121,4.3831215
train,19,132,26.0,29.658657,3.658657
train,19,133,25.0,27.932188,2.932188
train,19,134,24.0,23.620691,-0.3793087
train,19,135,23.0,22.832102,-0.16789818
train,19,136,22.0,21.439785,-0.560215
train,19,137,21.0,19.23883,-1.7611694
train,19,138,20.0,19.969486,-0.030513763
train,19,139,19.0,16.593866,-2.4061337
train,19,140,18.0,12.935804,-5.0641956
train,19,141,17.0,9.042835,-7.957165
train,19,142,16.0,9.544666,-6.4553337
train,19,143,15.0,12.426249,-2.5737514
train,19,144,14.0,15.639375,1.6393747
train,19,145,13.0,14.557695,1.5576954
train,19,146,12.0,15.173278,3.1732779
train,19,147,11.0,15.708956,4.708956
train,19,148,10.0,12.737682,2.7376823
train,19,149,9.0,11.371294,2.371294
train,19,150,8.0,9.640359,1.6403589
train,19,151,7.0,8.134628,1.1346283
train,19,152,6.0,6.7590637,0.7590637
train,19,153,5.0,6.179022,1.1790218
train,19,154,4.0,6.243697,2.2436972
train,19,155,3.0,5.4694767,2.4694767
train,19,156,2.0,2.501283,0.50128293
train,19,157,1.0,0.84257895,-0.15742105
train,19,158,0.0,1.1338416,1.1338416
train,20,30,204.0,147.16254,-56.837463
train,20,31,203.0,141.54912,-61.450882
train,20,32,202.0,136.44461,-65.55539
train,20,33,201.0,129.47548,-71.52452
train,20,34,200.0,127.54581,-72.45419
train,20,35,199.0,125.389114,-73.610886
train,20,36,198.0,128.58154,-69.41846
train,20,37,197.0,130.41321,-66.58679
train,20,38,196.0,134.56168,-61.438324
train,20,39,195.0,147.76476,-47.235245
train,20,40,194.0,152.25226,-41.74774
train,20,41,193.0,159.12479,-33.875214
train,20,42,192.0,161.70923,-30.290771
train,20,43,191.0,167.3674,-23.632599
train,20,44,190.0,169.45074,-20.549255
train,20,45,189.0,169.83865,-19.161346
train,20,46,188.0,166.09665,-21.90335
train,20,47,187.0,165.54422,-21.45578
train,20,48,186.0,158.99088,-27.009125
train,20,49,185.0,156.52097,-28.479034
train,20,50,184.0,151.85931,-32.140686
train,20,51,183.0,145.98311,-37.01689
train,20,52,182.0,146.46584,-35.534164
train,20,53,181.0,146.73505,-34.264954
train,20,54,180.0,148.0875,-31.912506
train,20,55,179.0,146.68091,-32.31909
train,20,56,178.0,145.56848,-32.43152
train,20,57,177.0,149.60712,-27.392883
train,20,58,176.0,144.88943,-31.110565
train,20,59,175.0,132.0786,-42.921402
train,20,60,174.0,121.892105,-52.107895
train,20,61,173.0,121.52273,-51.477272
train,20,62,172.0,116.77006,-55.229942
train,20,63,171.0,117.93578,-53.064217
train,20,64,170.0,118.13927,-51.860733
train,20,65,169.0,120.50359,-48.496407
train,20,66,168.0,126.63418,-41.36582
train,20,67,167.0,128.45236,-38.547638
train,20,68,166.0,132.12892,-33.87108
train,20,69,165.0,131.19789,-33.80211
train,20,70,164.0,132.23254,-31.767456
train,20,71,163.0,133.14874,-29.851257
train,20,72,162.0,137.60837,-24.391632
train,20,73,161.0,142.8985,-18.101501
train,20,74,160.0,148.58353,-11.416473
train,20,75,159.0,151.15036,-7.84964
train,20,76,158.0,152.08713,-5.9128723
train,20,77,157.0,154.42245,-2.5775452
train,20,78,156.0,155.33789,-0.6621094
train,20,79,155.0,154.52806,-0.4719391
train,20,80,154.0,154.63264,0.63264465
train,20,81,153.0,152.56271,-0.43728638
train,20,82,152.0,157.55191,5.5519104
train,20,83,151.0,153.10394,2.1039429
train,20,84,150.0,149.51837,-0.48162842
train,20,85,149.0,140.09671,-8.90329
train,20,86,148.0,132.83517,-15.164825
train,20,87,147.0,130.72073,-16.279266
train,20,88,146.0,129.28851,-16.711487
train,20,89,145.0,127.27019,-17.729813
train,20,90,144.0,127.05354,-16.946457
train,20,91,143.0,127.04186,-15.9581375
train,20,92,142.0,124.68229,-17.31771
train,20,93,141.0,123.555084,-17.444916
train,20,94,140.0,120.79868,-19.201317
train,20,95,139.0,117.7605,-21.239502
train,20,96,138.0,116.41701,-21.582993
train,20,97,137.0,111.802635,-25.197365
train,20,98,136.0,107.17771,-28.822289
train,20,99,135.0,105.57041,-29.429588
train,20,100,134.0,101.39498,-32.60502
train,20,101,133.0,103.54254,-29.457458
train,20,102,132.0,101.52825,-30.471748
train,20,103,131.0,104.44535,-26.55465
train,20,104,130.0,110.47094,-19.52906
train,20,105,129.0,119.492455,-9.507545
train,20,106,128.0,126.3156,-1.6844025
train,20,107,127.0,128.37804,1.3780365
train,20,108,126.0,127.2875,1.2874985
train,20,109,125.0,124.03771,-0.9622879
train,20,110,124.0,120.39511,-3.604889
train,20,111,123.0,121.61997,-1.3800278
train,20,112,122.0,119.59496,-2.405037
train,20,113,121.0,122.13047,1.1304703
train,20,114,120.0,127.01267,7.0126724
train,20,115,119.0,129.15285,10.152847
train,20,116,118.0,127.21928,9.219276
train,20,117,117.0,126.780594,9.780594
train,20,118,116.0,121.68508,5.6850815
train,20,119,115.0,120.43356,5.433563
train,20,120,114.0,120.539696,6.5396957
train,20,121,113.0,119.8225,6.822502
train,20,122,112.0,114.11672,2.116722
train,20,123,111.0,110.19434,-0.80565643
train,20,124,110.0,105.032135,-4.967865
train,20,125,109.0,100.35879,-8.641212
train,20,126,108.0,92.949684,-15.050316
train,20,127,107.0,87.58326,-19.41674
train,20,128,106.0,86.6512,-19.3488
train,20,129,105.0,87.98217,-17.01783
train,20,130,104.0,91.760124,-12.239876
train,20,131,103.0,97.97507,-5.024933
train,20,132,102.0,100.18968,-1.810318
train,20,133,101.0,102.587746,1.5877457
train,20,134,100.0,101.64501,1.6450119
train,20,135,99.0,97.5024,-1.4975967
train,20,136,98.0,95.46757,-2.5324326
train,20,137,97.0,93.11776,-3.8822403
train,20,138,96.0,93.81382,-2.18618
train,20,139,95.0,94.4939,-0.5061035
train,20,140,94.0,95.15834,1.1583405
train,20,141,93.0,97.25103,4.25103
train,20,142,92.0,95.60952,3.60952
train,20,143,91.0,90.670906,-0.32909393
train,20,144,90.0,89.864265,-0.13573456
train,20,145,89.0,92.20652,3.20652
train,20,146,88.0,97.050865,9.050865
train,20,147,87.0,101.35015,14.350151
train,20,148,86.0,106.09231,20.092308
train,20,149,85.0,109.39847,24.398468
train,20,150,84.0,108.92327,24.923271
train,20,151,83.0,105.99386,22.993858
train,20,152,82.0,99.418236,17.418236
train,20,153,81.0,92.90862,11.908623
train,20,154,80.0,91.09629,11.096291
train,20,155,79.0,92.50298,13.502983
train,20,156,78.0,92.16566,14.165657
train,20,157,77.0,93.15006,16.150063
train,20,158,76.0,93.859276,17.859276
train,20,159,75.0,91.59737,16.597366
train,20,160,74.0,91.23083,17.230827
train,20,161,73.0,82.99488,9.994881
train,20,162,72.0,77.356575,5.356575
train,20,163,71.0,73.635506,2.6355057
train,20,164,70.0,71.88442,1.8844223
train,20,165,69.0,72.45849,3.4584885
train,20,166,68.0,73.16427,5.1642685
train,20,167,67.0,70.43548,3.4354782
train,20,168,66.0,69.38108,3.3810806
train,20,169,65.0,65.8314,0.831398
train,20,170,64.0,59.94326,-4.05674
train,20,171,63.0,57.72589,-5.274109
train,20,172,62.0,58.064026,-3.9359741
train,20,173,61.0,58.66421,-2.3357887
train,20,174,60.0,60.44097,0.44097137
train,20,175,59.0,63.881607,4.881607
train,20,176,58.0,63.375507,5.3755074
train,20,177,57.0,60.890484,3.8904839
train,20,178,56.0,58.583908,2.583908
train,20,179,55.0,53.970284,-1.0297165
train,20,180,54.0,51.23356,-2.7664413
train,20,181,53.0,50.073147,-2.9268532
train,20,182,52.0,48.505585,-3.4944153
train,20,183,51.0,46.38741,-4.612591
train,20,184,50.0,45.41187,-4.588131
train,20,185,49.0,43.69957,-5.3004303
train,20,186,48.0,40.374527,-7.625473
train,20,187,47.0,38.290955,-8.709045
train,20,188,46.0,34.05291,-11.94709
train,20,189,45.0,32.86299,-12.137009
train,20,190,44.0,34.970398,-9.029602
train,20,191,43.0,33.8329,-9.167099
train,20,192,42.0,33.472954,-8.527046
train,20,193,41.0,34.318478,-6.6815224
train,20,194,40.0,30.669865,-9.330135
train,20,195,39.0,30.788717,-8.211283
train,20,196,38.0,30.520615,-7.4793854
train,20,197,37.0,28.400337,-8.599663
train,20,198,36.0,31.81683,-4.1831703
train,20,199,35.0,32.369938,-2.630062
train,20,200,34.0,32.58319,-1.4168091
train,20,201,33.0,31.551886,-1.4481144
train,20,202,32.0,29.789036,-2.2109642
train,20,203,31.0,29.942589,-1.0574112
train,20,204,30.0,27.387375,-2.6126251
train,20,205,29.0,25.219234,-3.7807655
train,20,206,28.0,23.247353,-4.7526474
train,20,207,27.0,21.576284,-5.4237156
train,20,208,26.0,23.336498,-2.6635017
train,20,209,25.0,21.991325,-3.0086746
train,20,210,24.0,19.233704,-4.7662964
train,20,211,23.0,18.252476,-4.7475243
train,20,212,22.0,16.422443,-5.5775566
train,20,213,21.0,17.962545,-3.0374546
train,20,214,20.0,16.73105,-3.2689495
train,20,215,19.0,17.690434,-1.3095665
train,20,216,18.0,14.311842,-3.688158
train,20,217,17.0,11.085041,-5.914959
train,20,218,16.0,12.782849,-3.2171507
train,20,219,15.0,12.734964,-2.2650356
train,20,220,14.0,9.89955,-4.1004496
train,20,221,13.0,9.427419,-3.5725813
train,20,222,12.0,8.810108,-3.1898918
train,20,223,11.0,8.843842,-2.1561584
train,20,224,10.0,8.198273,-1.8017273
train,20,225,9.0,5.348583,-3.6514168
train,20,226,8.0,4.846828,-3.153172
train,20,227,7.0,5.0055184,-1.9944816
train,20,228,6.0,4.6402025,-1.3597975
train,20,229,5.0,4.1317964,-0.86820364
train,20,230,4.0,3.626407,-0.3735931
train,20,231,3.0,2.9919982,-0.008001804
train,20,232,2.0,0.62091464,-1.3790853
train,20,233,1.0,-0.09296767,-1.0929676
train,20,234,0.0,-3.457347,-3.457347
train,22,30,172.0,102.64103,-69.35897
train,22,31,171.0,103.92774,-67.07226
train,22,32,170.0,107.291855,-62.708145
train,22,33,169.0,118.80419,-50.19581
train,22,34,168.0,124.233444,-43.766556
train,22,35,167.0,128.44641,-38.55359
train,22,36,166.0,133.0717,-32.9283
train,22,37,165.0,138.91882,-26.081177
train,22,38,164.0,143.57504,-20.424957
train,22,39,163.0,149.07509,-13.9249115
train,22,40,162.0,152.69086,-9.309143
train,22,41,161.0,149.25287,-11.747131
train,22,42,160.0,147.32437,-12.675629
train,22,43,159.0,144.37857,-14.621429
train,22,44,158.0,135.56808,-22.431915
train,22,45,157.0,132.20209,-24.797913
train,22,46,156.0,127.13062,-28.869377
train,22,47,155.0,123.7557,-31.2443
train,22,48,154.0,122.65425,-31.345749
train,22,49,153.0,122.202385,-30.797615
train,22,50,152.0,119.19468,-32.80532
train,22,51,151.0,119.411934,-31.588066
train,22,52,150.0,119.27958,-30.72042
train,22,53,149.0,113.62671,-35.37329
train,22,54,148.0,105.560616,-42.439384
train,22,55,147.0,96.24457,-50.755432
train,22,56,146.0,89.4585,-56.541496
train,22,57,145.0,83.20881,-61.79119
train,22,58,144.0,83.61235,-60.38765
train,22,59,143.0,85.75843,-57.24157
train,22,60,142.0,89.156105,-52.843895
train,22,61,141.0,92.69295,-48.307053
train,22,62,140.0,96.763466,-43.236534
train,22,63,139.0,100.19753,-38.802467
train,22,64,138.0,106.77199,-31.228012
train,22,65,137.0,110.65446,-26.345543
train,22,66,136.0,111.25181,-24.748192
train,22,67,135.0,114.21346,-20.786537
train,22,68,134.0,114.028564,-19.971436
train,22,69,133.0,112.30412,-20.695877
train,22,70,132.0,109.19514,-22.804863
train,22,71,131.0,107.970894,-23.029106
train,22,72,130.0,108.55347,-21.446533
train,22,73,129.0,113.92124,-15.078758
train,22,74,128.0,119.47021,-8.529793
train,22,75,127.0,128.70444,1.7044373
train,22,76,126.0,126.7127,0.7126999
train,22,77,125.0,124.42922,-0.5707779
train,22,78,124.0,118.48847,-5.511528
train,22,79,123.0,113.497505,-9.502495
train,22,80,122.0,111.499245,-10.500755
train,22,81,121.0,107.73946,-13.260536
train,22,82,120.0,105.31285,-14.687149
train,22,83,119.0,102.23608,-16.763924
train,22,84,118.0,101.95485,-16.04515
train,22,85,117.0,104.29215,-12.707848
train,22,86,116.0,102.41291,-13.58709
train,22,87,115.0,101.17236,-13.827637
train,22,88,114.0,104.8069,-9.1931
train,22,89,113.0,101.154144,-11.845856
train,22,90,112.0,99.67343,-12.326569
train,22,91,111.0,100.96302,-10.03698
train,22,92,110.0,97.63947,-12.360527
train,22,93,109.0,92.36589,-16.63411
train,22,94,108.0,86.623055,-21.376945
train,22,95,107.0,83.243774,-23.756226
train,22,96,106.0,79.25348,-26.746521
train,22,97,105.0,77.01246,-27.987541
train,22,98,104.0,77.01335,-26.986649
train,22,99,103.0,80.78443,-22.215569
train,22,100,102.0,86.103806,-15.896194
train,22,101,101.0,90.48307,-10.51693
train,22,102,100.0,92.146324,-7.853676
train,22,103,99.0,92.62239,-6.3776093
train,22,104,98.0,95.13253,-2.8674698
train,22,105,97.0,91.66006,-5.339943
train,22,106,96.0,87.88845,-8.111549
train,22,107,95.0,86.57105,-8.428947
train,22,108,94.0,82.98444,-11.015556
train,22,109,93.0,78.72121,-14.278793
train,22,110,92.0,76.02157,-15.978432
train,22,111,91.0,73.72552,-17.274483
train,22,112,90.0,75.16613,-14.83387
train,22,113,89.0,73.452156,-15.547844
train,22,114,88.0,75.59088,-12.409119
train,22,115,87.0,75.99671,-11.003288
train,22,116,86.0,77.31697,-8.683029
train,22,117,85.0,81.71236,-3.2876434
train,22,118,84.0,79.65885,-4.3411484
train,22,119,83.0,74.207436,-8.792564
train,22,120,82.0,72.85873,-9.1412735
train,22,121,81.0,64.247116,-16.752884
train,22,122,80.0,64.16286,-15.837143
train,22,123,79.0,69.50172,-9.498283
train,22,124,78.0,70.013084,-7.9869156
train,22,125,77.0,71.009926,-5.990074
train,22,126,76.0,72.23995,-3.760048
train,22,127,75.0,72.1381,-2.8619003
train,22,128,74.0,70.67935,-3.3206482
train,22,129,73.0,70.2922,-2.7078018
train,22,130,72.0,68.23502,-3.7649765
train,22,131,71.0,67.96542,-3.0345764
train,22,132,70.0,69.498474,-0.5015259
train,22,133,69.0,67.42439,-1.5756073
train,22,134,68.0,62.63598,-5.3640213
train,22,135,67.0,57.343285,-9.656715
train,22,136,66.0,54.115547,-11.884453
train,22,137,65.0,53.845154,-11.154846
train,22,138,64.0,53.24861,-10.751389
train,22,139,63.0,55.825214,-7.1747856
train,22,140,62.0,54.067146,-7.9328537
train,22,141,61.0,54.591324,-6.408676
train,22,142,60.0,52.840137,-7.1598625
train,22,143,59.0,52.268463,-6.731537
train,22,144,58.0,51.242085,-6.7579155
train,22,145,57.0,51.045013,-5.9549866
train,22,146,56.0,51.315163,-4.6848373
train,22,147,55.0,51.263443,-3.736557
train,22,148,54.0,48.909554,-5.0904465
train,22,149,53.0,48.669907,-4.3300934
train,22,150,52.0,49.453854,-2.5461464
train,22,151,51.0,48.56144,-2.4385605
train,22,152,50.0,51.75169,1.7516899
train,22,153,49.0,51.897568,2.8975677
train,22,154,48.0,51.276497,3.276497
train,22,155,47.0,52.13568,5.135681
train,22,156,46.0,53.794525,7.794525
train,22,157,45.0,55.61933,10.619331
train,22,158,44.0,55.302956,11.302956
train,22,159,43.0,51.955864,8.955864
train,22,160,42.0,48.348602,6.3486023
train,22,161,41.0,44.807045,3.807045
train,22,162,40.0,41.14798,1.1479797
train,22,163,39.0,41.590034,2.5900345
train,22,164,38.0,45.689476,7.689476
train,22,165,37.0,48.351074,11.351074
train,22,166,36.0,49.290737,13.290737
train,22,167,35.0,47.90335,12.903351
train,22,168,34.0,44.216774,10.216774
train,22,169,33.0,44.23006,11.230061
train,22,170,32.0,45.20659,13.206589
train,22,171,31.0,42.458954,11.458954
train,22,172,30.0,41.16555,11.16555
train,22,173,29.0,35.898026,6.8980255
train,22,174,28.0,33.978897,5.978897
train,22,175,27.0,32.066074,5.0660744
train,22,176,26.0,34.08281,8.082809
train,22,177,25.0,33.047546,8.047546
train,22,178,24.0,33.398502,9.398502
train,22,179,23.0,28.664177,5.664177
train,22,180,22.0,25.706455,3.7064552
train,22,181,21.0,23.090261,2.0902615
train,22,182,20.0,23.4237,3.4237003
train,22,183,19.0,22.542416,3.5424156
train,22,184,18.0,20.31673,2.3167305
train,22,185,17.0,20.19423,3.1942291
train,22,186,16.0,18.060642,2.0606422
train,22,187,15.0,14.693716,-0.30628395
train,22,188,14.0,13.910877,-0.08912277
train,22,189,13.0,11.611853,-1.3881474
train,22,190,12.0,7.9320374,-4.0679626
train,22,191,11.0,6.5996885,-4.4003115
train,22,192,10.0,4.477072,-5.522928
train,22,193,9.0,4.64431,-4.35569
train,22,194,8.0,2.617302,-5.382698
train,22,195,7.0,2.4671488,-4.532851
train,22,196,6.0,3.607149,-2.392851
train,22,197,5.0,2.4488983,-2.5511017
train,22,198,4.0,1.2811822,-2.7188177
train,22,199,3.0,-0.37853852,-3.3785386
train,22,200,2.0,-1.1608914,-3.1608915
train,22,201,1.0,-0.65775865,-1.6577587
train,22,202,0.0,-0.747492,-0.747492
train,23,30,138.0,173.66159,35.66159
train,23,31,137.0,175.88629,38.88629
train,23,32,136.0,179.02997,43.02997
train,23,33,135.0,175.6903,40.690308
train,23,34,134.0,176.1269,42.126907
train,23,35,133.0,170.34882,37.348816
train,23,36,132.0,166.11444,34.11444
train,23,37,131.0,163.94917,32.949173
train,23,38,130.0,164.25964,34.259644
train,23,39,129.0,161.18756,32.18756
train,23,40,128.0,163.10065,35.100647
train,23,41,127.0,163.77325,36.773254
train,23,42,126.0,167.371,41.371002
train,23,43,125.0,163.49373,38.49373
train,23,44,124.0,161.10623,37.10623
train,23,45,123.0,160.16992,37.16992
train,23,46,122.0,157.26059,35.26059
train,23,47,121.0,151.73329,30.733292
train,23,48,120.0,144.00568,24.005676
train,23,49,119.0,138.75067,19.750671
train,23,50,118.0,136.42776,18.427765
train,23,51,117.0,132.23221,15.232208
train,23,52,116.0,125.470215,9.470215
train,23,53,115.0,119.31582,4.315819
train,23,54,114.0,112.82109,-1.1789093
train,23,55,113.0,106.24561,-6.754387
train,23,56,112.0,103.611496,-8.388504
train,23,57,111.0,102.67036,-8.329643
train,23,58,110.0,104.657936,-5.342064
train,23,59,109.0,114.19567,5.195671
train,23,60,108.0,122.83502,14.835022
train,23,61,107.0,130.78842,23.788422
train,23,62,106.0,136.94739,30.947388
train,23,63,105.0,143.67407,38.674072
train,23,64,104.0,143.44635,39.44635
train,23,65,103.0,144.35027,41.350266
train,23,66,102.0,143.57167,41.57167
train,23,67,101.0,137.72086,36.720856
train,23,68,100.0,135.29239,35.29239
train,23,69,99.0,134.60736,35.60736
train,23,70,98.0,129.68762,31.687622
train,23,71,97.0,124.306335,27.306335
train,23,72,96.0,114.09789,18.097893
train,23,73,95.0,107.900246,12.900246
train,23,74,94.0,104.61028,10.610283
train,23,75,93.0,102.583336,9.583336
train,23,76,92.0,105.14158,13.141579
train,23,77,91.0,108.73371,17.733711
train,23,78,90.0,111.74912,21.749123
train,23,79,89.0,114.07357,25.07357
train,23,80,88.0,115.64923,27.649231
train,23,81,87.0,114.92504,27.925041
train,23,82,86.0,110.68259,24.682587
train,23,83,85.0,105.637184,20.637184
train,23,84,84.0,104.64388,20.643883
train,23,85,83.0,104.6496,21.649597
train,23,86,82.0,106.03683,24.036827
train,23,87,81.0,106.14022,25.14022
train,23,88,80.0,107.897385,27.897385
train,23,89,79.0,109.48785,30.487846
train,23,90,78.0,110.71752,32.71752
train,23,91,77.0,108.03216,31.032158
train,23,92,76.0,106.940636,30.940636
train,23,93,75.0,107.67884,32.67884
train,23,94,74.0,106.777954,32.777954
train,23,95,73.0,105.577126,32.577126
train,23,96,72.0,105.39962,33.39962
train,23,97,71.0,108.50904,37.50904
train,23,98,70.0,106.79535,36.79535
train,23,99,69.0,103.05564,34.05564
train,23,100,68.0,95.517136,27.517136
train,23,101,67.0,87.55137,20.551369
train,23,102,66.0,77.62996,11.629959
train,23,103,65.0,71.11431,6.114311
train,23,104,64.0,66.34542,2.3454208
train,23,105,63.0,63.986652,0.9866524
train,23,106,62.0,67.40655,5.4065475
train,23,107,61.0,66.72006,5.7200623
train,23,108,60.0,70.50625,10.506248
train,23,109,59.0,71.64394,12.643944
train,23,110,58.0,71.0888,13.0887985
train,23,111,57.0,74.545784,17.545784
train,23,112,56.0,74.30762,18.307617
train,23,113,55.0,74.613266,19.613266
train,23,114,54.0,75.141525,21.141525
train,23,115,53.0,75.345375,22.345375
train,23,116,52.0,73.71496,21.714958
train,23,117,51.0,71.90476,20.904762
train,23,118,50.0,68.399284,18.399284
train,23,119,49.0,62.11428,13.114281
train,23,120,48.0,57.60665,9.606651
train,23,121,47.0,56.796753,9.796753
train,23,122,46.0,59.530945,13.530945
train,23,123,45.0,60.894558,15.894558
train,23,124,44.0,64.681465,20.681465
train,23,125,43.0,66.6385,23.638496
train,23,126,42.0,65.478004,23.478004
train,23,127,41.0,64.86951,23.869507
train,23,128,40.0,62.688263,22.688263
train,23,129,39.0,56.3929,17.392899
train,23,130,38.0,51.990555,13.990555
train,23,131,37.0,48.15396,11.153961
train,23,132,36.0,45.220104,9.220104
train,23,133,35.0,47.639412,12.639412
train,23,134,34.0,48.723946,14.723946
train,23,135,33.0,48.248016,15.248016
train,23,136,32.0,48.16674,16.16674
train,23,137,31.0,49.800198,18.800198
train,23,138,30.0,49.36116,19.36116
train,23,139,29.0,49.046227,20.046227
train,23,140,28.0,46.654877,18.654877
train,23,141,27.0,45.579254,18.579254
train,23,142,26.0,43.23189,17.231892
train,23,143,25.0,43.303658,18.303658
train,23,144,24.0,39.216404,15.216404
train,23,145,23.0,38.528576,15.528576
train,23,146,22.0,35.739464,13.739464
train,23,147,21.0,34.54774,13.547741
train,23,148,20.0,31.027092,11.027092
train,23,149,19.0,27.786041,8.786041
train,23,150,18.0,25.417973,7.4179726
train,23,151,17.0,20.291561,3.2915611
train,23,152,16.0,18.293833,2.2938328
train,23,153,15.0,17.704824,2.7048244
train,23,154,14.0,14.093016,0.09301567
train,23,155,13.0,12.183952,-0.81604767
train,23,156,12.0,11.61841,-0.3815899
train,23,157,11.0,10.043968,-0.9560318
train,23,158,10.0,8.522203,-1.4777966
train,23,159,9.0,7.08434,-1.9156599
train,23,160,8.0,3.0165946,-4.983405
train,23,161,7.0,2.0016563,-4.9983435
train,23,162,6.0,2.0683398,-3.9316602
train,23,163,5.0,2.6472085,-2.3527915
train,23,164,4.0,0.76603013,-3.23397
train,23,165,3.0,0.046393353,-2.9536066
train,23,166,2.0,-2.1031978,-4.103198
train,23,167,1.0,-2.05925,-3.05925
train,23,168,0.0,-2.888786,-2.888786
train,24,30,117.0,155.72224,38.722244
train,24,31,116.0,158.13382,42.13382
train,24,32,115.0,158.56174,43.561737
train,24,33,114.0,149.87787,35.87787
train,24,34,113.0,149.09377,36.093765
train,24,35,112.0,147.62485,35.624847
train,24,36,111.0,148.23663,37.236633
train,24,37,110.0,152.38531,42.385315
train,24,38,109.0,146.74216,37.742157
train,24,39,108.0,143.099,35.099
train,24,40,107.0,141.0978,34.097794
train,24,41,106.0,138.64291,32.642914
train,24,42,105.0,131.2139,26.213898
train,24,43,104.0,129.79803,25.798035
train,24,44,103.0,140.4587,37.458694
train,24,45,102.0,145.0644,43.064407
train,24,46,101.0,140.69243,39.69243
train,24,47,100.0,137.87433,37.87433
train,24,48,99.0,136.772,37.772003
train,24,49,98.0,129.80743,31.807434
train,24,50,97.0,129.81052,32.810516
train,24,51,96.0,128.09856,32.098557
train,24,52,95.0,129.36807,34.368073
train,24,53,94.0,130.57394,36.573944
train,24,54,93.0,136.89142,43.89142
train,24,55,92.0,141.29657,49.29657
train,24,56,91.0,141.59076,50.59076
train,24,57,90.0,137.31302,47.31302
train,24,58,89.0,134.53342,45.533417
train,24,59,88.0,131.70595,43.705948
train,24,60,87.0,128.38095,41.38095
train,24,61,86.0,125.76784,39.767838
train,24,62,85.0,126.74221,41.74221
train,24,63,84.0,124.27406,40.274063
train,24,64,83.0,124.15917,41.159172
train,24,65,82.0,121.49084,39.490837
train,24,66,81.0,124.24434,43.24434
train,24,67,80.0,120.195595,40.195595
train,24,68,79.0,120.55259,41.55259
train,24,69,78.0,118.99322,40.993217
train,24,70,77.0,120.26414,43.264137
train,24,71,76.0,116.92316,40.923157
train,24,72,75.0,123.65516,48.65516
train,24,73,74.0,131.19882,57.198822
train,24,74,73.0,123.51971,50.519707
train,24,75,72.0,119.435356,47.435356
train,24,76,71.0,111.214485,40.214485
train,24,77,70.0,100.81601,30.81601
train,24,78,69.0,91.48632,22.48632
train,24,79,68.0,95.52717,27.527168
train,24,80,67.0,94.63096,27.630959
train,24,81,66.0,99.48694,33.48694
train,24,82,65.0,101.74496,36.744957
train,24,83,64.0,98.440956,34.440956
train,24,84,63.0,94.24159,31.241592
train,24,85,62.0,90.53135,28.53135
train,24,86,61.0,86.27602,25.276016
train,24,87,60.0,82.896385,22.896385
train,24,88,59.0,74.81524,15.815239
train,24,89,58.0,79.700485,21.700485
train,24,90,57.0,75.36243,18.362427
train,24,91,56.0,71.274345,15.274345
train,24,92,55.0,67.567604,12.567604
train,24,93,54.0,70.14808,16.148079
train,24,94,53.0,74.5182,21.518204
train,24,95,52.0,85.01383,33.013832
train,24,96,51.0,90.94186,39.941856
train,24,97,50.0,95.406334,45.406334
train,24,98,49.0,87.62696,38.62696
train,24,99,48.0,79.37133,31.37133
train,24,100,47.0,77.5024,30.502403
train,24,101,46.0,69.07995,23.079948
train,24,102,45.0,64.58988,19.589882
train,24,103,44.0,56.578278,12.578278
train,24,104,43.0,49.630184,6.630184
train,24,105,42.0,46.183807,4.1838074
train,24,106,41.0,42.73751,1.7375107
train,24,107,40.0,43.516838,3.516838
train,24,108,39.0,47.9457,8.945702
train,24,109,38.0,48.03853,10.038528
train,24,110,37.0,49.403572,12.403572
train,24,111,36.0,49.472374,13.472374
train,24,112,35.0,49.790115,14.790115
train,24,113,34.0,47.380596,13.380596
train,24,114,33.0,46.2584,13.2584
train,24,115,32.0,39.428047,7.428047
train,24,116,31.0,33.66952,2.6695213
train,24,117,30.0,33.27812,3.2781181
train,24,118,29.0,34.28987,5.289871
train,24,119,28.0,35.221737,7.221737
train,24,120,27.0,33.22279,6.22279
train,24,121,26.0,38.434223,12.434223
train,24,122,25.0,46.135437,21.135437
train,24,123,24.0,49.789036,25.789036
train,24,124,23.0,54.75885,31.75885
train,24,125,22.0,52.118164,30.118164
train,24,126,21.0,47.435684,26.435684
train,24,127,20.0,41.869675,21.869675
train,24,128,19.0,37.124462,18.124462
train,24,129,18.0,36.303436,18.303436
train,24,130,17.0,34.68461,17.684608
train,24,131,16.0,32.936977,16.936977
train,24,132,15.0,33.48808,18.48808
train,24,133,14.0,28.369923,14.369923
train,24,134,13.0,24.635387,11.635387
train,24,135,12.0,22.232052,10.232052
train,24,136,11.0,17.76314,6.7631397
train,24,137,10.0,16.8773,6.8773003
train,24,138,9.0,16.844204,7.844204
train,24,139,8.0,14.581694,6.5816936
train,24,140,7.0,14.282925,7.2829247
train,24,141,6.0,10.0548935,4.0548935
train,24,142,5.0,7.340226,2.3402262
train,24,143,4.0,6.7449207,2.7449207
train,24,144,3.0,3.705357,0.7053571
train,24,145,2.0,2.0998952,0.09989524
train,24,146,1.0,-1.5626018,-2.5626018
train,24,147,0.0,-2.19684,-2.19684
train,25,30,200.0,216.31425,16.314255
train,25,31,199.0,209.00677,10.006775
train,25,32,198.0,203.30374,5.3037415
train,25,33,197.0,199.37155,2.3715515
train,25,34,196.0,196.23009,0.23008728
train,25,35,195.0,195.83167,0.83166504
train,25,36,194.0,194.29132,0.2913208
train,25,37,193.0,192.49643,-0.50357056
train,25,38,192.0,191.2157,-0.78430176
train,25,39,191.0,189.945,-1.0549927
train,25,40,190.0,183.0257,-6.974304
train,25,41,189.0,180.0315,-8.968506
train,25,42,188.0,179.78629,-8.213715
train,25,43,187.0,177.87277,-9.127228
train,25,44,186.0,170.08705,-15.912949
train,25,45,185.0,164.01749,-20.982513
train,25,46,184.0,160.03268,-23.967316
train,25,47,183.0,152.88168,-30.118317
train,25,48,182.0,148.14618,-33.85382
train,25,49,181.0,144.0394,-36.9606
train,25,50,180.0,141.51982,-38.48018
train,25,51,179.0,140.478,-38.522003
train,25,52,178.0,138.58234,-39.417664
train,25,53,177.0,142.10884,-34.89116
train,25,54,176.0,145.45514,-30.54486
train,25,55,175.0,148.12039,-26.879608
train,25,56,174.0,152.66284,-21.337158
train,25,57,173.0,157.5249,-15.475098
train,25,58,172.0,164.59714,-7.4028625
train,25,59,171.0,170.96098,-0.039016724
train,25,60,170.0,171.6608,1.6607971
train,25,61,169.0,170.56546,1.5654602
train,25,62,168.0,170.6843,2.6842957
train,25,63,167.0,174.42354,7.423538
train,25,64,166.0,178.27197,12.271973
train,25,65,165.0,178.13528,13.135284
train,25,66,164.0,172.44705,8.447052
train,25,67,163.0,165.13745,2.1374512
train,25,68,162.0,160.26108,-1.7389221
train,25,69,161.0,156.36395,-4.6360474
train,25,70,160.0,162.59581,2.59581
train,25,71,159.0,167.39075,8.390747
train,25,72,158.0,165.92114,7.9211426
train,25,73,157.0,157.26474,0.26474
train,25,74,156.0,152.10431,-3.895691
train,25,75,155.0,149.75406,-5.245941
train,25,76,154.0,149.18323,-4.8167725
train,25,77,153.0,149.05107,-3.9489288
train,25,78,152.0,145.92197,-6.0780334
train,25,79,151.0,139.06673,-11.933273
train,25,80,150.0,135.56319,-14.436813
train,25,81,149.0,130.38739,-18.61261
train,25,82,148.0,129.1882,-18.811798
train,25,83,147.0,132.02605,-14.973953
train,25,84,146.0,131.59126,-14.408737
train,25,85,145.0,135.21027,-9.789734
train,25,86,144.0,133.99129,-10.008713
train,25,87,143.0,134.42975,-8.570251
train,25,88,142.0,133.15279,-8.847214
train,25,89,141.0,132.32355,-8.676453
train,25,90,140.0,135.31757,-4.682434
train,25,91,139.0,135.72302,-3.2769775
train,25,92,138.0,133.57602,-4.4239807
train,25,93,137.0,123.63662,-13.36338
train,25,94,136.0,113.228615,-22.771385
train,25,95,135.0,102.65453,-32.345467
train,25,96,134.0,93.989555,-40.010445
train,25,97,133.0,93.7248,-39.2752
train,25,98,132.0,93.75919,-38.240807
train,25,99,131.0,98.43762,-32.562378
train,25,100,130.0,102.93931,-27.060692
train,25,101,129.0,107.572655,-21.427345
train,25,102,128.0,112.83332,-15.166679
train,25,103,127.0,116.95284,-10.047157
train,25,104,126.0,115.65319,-10.346809
train,25,105,125.0,114.007324,-10.992676
train,25,106,124.0,110.58496,-13.415039
train,25,107,123.0,107.10764,-15.892357
train,25,108,122.0,110.62946,-11.370537
train,25,109,121.0,117.11601,-3.8839874
train,25,110,120.0,125.871895,5.871895
train,25,111,119.0,136.39325,17.39325
train,25,112,118.0,147.74059,29.740585
train,25,113,117.0,148.71758,31.717575
train,25,114,116.0,148.4231,32.423096
train,25,115,115.0,146.89952,31.89952
train,25,116,114.0,147.95316,33.953156
train,25,117,113.0,151.06854,38.068542
train,25,118,112.0,158.20145,46.201447
train,25,119,111.0,158.17441,47.174408
train,25,120,110.0,155.42352,45.423523
train,25,121,109.0,153.64415,44.64415
train,25,122,108.0,149.21725,41.217255
train,25,123,107.0,143.11276,36.112762
train,25,124,106.0,144.11969,38.11969
train,25,125,105.0,137.20059,32.200592
train,25,126,104.0,136.76257,32.762573
train,25,127,103.0,135.8762,32.876205
train,25,128,102.0,137.92172,35.921722
train,25,129,101.0,140.73035,39.730347
train,25,130,100.0,136.95197,36.951965
train,25,131,99.0,132.2954,33.295395
train,25,132,98.0,126.835976,28.835976
train,25,133,97.0,124.453514,27.453514
train,25,134,96.0,120.23469,24.234688
train,25,135,95.0,114.52403,19.524033
train,25,136,94.0,115.76933,21.769333
train,25,137,93.0,115.47364,22.47364
train,25,138,92.0,120.55146,28.55146
train,25,139,91.0,121.73665,30.736649
train,25,140,90.0,120.809074,30.809074
train,25,141,89.0,115.73962,26.739616
train,25,142,88.0,104.64039,16.640388
train,25,143,87.0,97.83448,10.83448
train,25,144,86.0,91.79128,5.7912827
train,25,145,85.0,89.38778,4.387779
train,25,146,84.0,88.66692,4.6669235
train,25,147,83.0,86.46856,3.4685593
train,25,148,82.0,85.16475,3.1647491
train,25,149,81.0,86.11834,5.1183395
train,25,150,80.0,86.70793,6.7079315
train,25,151,79.0,88.07613,9.076134
train,25,152,78.0,90.54133,12.541328
train,25,153,77.0,90.40124,13.4012375
train,25,154,76.0,88.83503,12.83503
train,25,155,75.0,83.206535,8.206535
train,25,156,74.0,77.03826,3.0382614
train,25,157,73.0,72.745125,-0.25487518
train,25,158,72.0,71.25117,-0.7488327
train,25,159,71.0,71.986626,0.9866257
train,25,160,70.0,69.606766,-0.39323425
train,25,161,69.0,69.091995,0.09199524
train,25,162,68.0,64.63526,-3.3647385
train,25,163,67.0,64.06114,-2.938858
train,25,164,66.0,67.52125,1.5212479
train,25,165,65.0,68.25503,3.2550278
train,25,166,64.0,76.35478,12.354782
train,25,167,63.0,81.206215,18.206215
train,25,168,62.0,85.970795,23.970795
train,25,169,61.0,89.510796,28.510796
train,25,170,60.0,89.93903,29.939034
train,25,171,59.0,88.731735,29.731735
train,25,172,58.0,91.10616,33.106163
train,25,173,57.0,93.33068,36.33068
train,25,174,56.0,92.3547,36.3547
train,25,175,55.0,90.940056,35.940056
train,25,176,54.0,87.71834,33.718338
train,25,177,53.0,84.42688,31.42688
train,25,178,52.0,79.619514,27.619514
train,25,179,51.0,77.27211,26.27211
train,25,180,50.0,73.75929,23.759293
train,25,181,49.0,66.68949,17.689491
train,25,182,48.0,62.058266,14.058266
train,25,183,47.0,59.21655,12.216549
train,25,184,46.0,57.95746,11.9574585
train,25,185,45.0,55.5631,10.563099
train,25,186,44.0,51.436417,7.4364166
train,25,187,43.0,46.882114,3.8821144
train,25,188,42.0,42.38011,0.3801117
train,25,189,41.0,35.983547,-5.016453
train,25,190,40.0,29.838367,-10.161633
train,25,191,39.0,26.714432,-12.285568
train,25,192,38.0,21.141376,-16.858624
train,25,193,37.0,17.308323,-19.691677
train,25,194,36.0,16.877083,-19.122917
train,25,195,35.0,15.699678,-19.300322
train,25,196,34.0,17.453344,-16.546656
train,25,197,33.0,15.896596,-17.103405
train,25,198,32.0,16.331387,-15.668613
train,25,199,31.0,15.374487,-15.625513
train,25,200,30.0,19.087261,-10.912739
train,25,201,29.0,19.141144,-9.858856
train,25,202,28.0,20.02518,-7.974819
train,25,203,27.0,21.123405,-5.8765945
train,25,204,26.0,20.57777,-5.42223
train,25,205,25.0,19.834814,-5.165186
train,25,206,24.0,18.590317,-5.409683
train,25,207,23.0,18.304462,-4.6955376
train,25,208,22.0,16.602348,-5.3976517
train,25,209,21.0,16.85345,-4.146549
train,25,210,20.0,16.03831,-3.961691
train,25,211,19.0,17.519947,-1.480053
train,25,212,18.0,15.328487,-2.6715126
train,25,213,17.0,12.815899,-4.184101
train,25,214,16.0,11.560339,-4.439661
train,25,215,15.0,10.83879,-4.16121
train,25,216,14.0,11.302554,-2.6974459
train,25,217,13.0,9.73855,-3.2614498
train,25,218,12.0,8.158017,-3.8419828
train,25,219,11.0,7.1027985,-3.8972015
train,25,220,10.0,5.7057714,-4.2942286
train,25,221,9.0,4.457004,-4.542996
train,25,222,8.0,3.6927676,-4.3072324
train,25,223,7.0,1.7784323,-5.2215676
train,25,224,6.0,0.4476578,-5.5523424
train,25,225,5.0,-0.8256683,-5.8256683
train,25,226,4.0,-1.5073836,-5.5073833
train,25,227,3.0,-3.5691009,-6.569101
train,25,228,2.0,-3.1944137,-5.1944137
train,25,229,1.0,-2.7920957,-3.7920957
train,25,230,0.0,-4.1890187,-4.1890187
train,26,30,169.0,195.41965,26.419647
train,26,31,168.0,192.6789,24.678894
train,26,32,167.0,186.61777,19.617767
train,26,33,166.0,187.2647,21.264694
train,26,34,165.0,189.2552,24.255203
train,26,35,164.0,192.61563,28.615631
train,26,36,163.0,196.49655,33.49655
train,26,37,162.0,197.09271,35.092712
train,26,38,161.0,191.68777,30.687775
train,26,39,160.0,187.47083,27.470825
train,26,40,159.0,183.63947,24.639465
train,26,41,158.0,170.30151,12.301514
train,26,42,157.0,165.61206,8.612061
train,26,43,156.0,159.14792,3.1479187
train,26,44,155.0,154.3954,-0.604599
train,26,45,154.0,152.78717,-1.2128296
train,26,46,153.0,145.44058,-7.5594177
train,26,47,152.0,133.07126,-18.928741
train,26,48,151.0,116.95263,-34.04737
train,26,49,150.0,102.80444,-47.195557
train,26,50,149.0,95.30047,-53.69953
train,26,51,148.0,93.66184,-54.338158
train,26,52,147.0,94.70289,-52.29711
train,26,53,146.0,96.00349,-49.996513
train,26,54,145.0,102.56241,-42.43759
train,26,55,144.0,106.49418,-37.50582
train,26,56,143.0,106.64269,-36.357307
train,26,57,142.0,107.72767,-34.27233
train,26,58,141.0,106.933235,-34.066765
train,26,59,140.0,108.318855,-31.681145
train,26,60,139.0,113.01229,-25.987709
train,26,61,138.0,117.32981,-20.670189
train,26,62,137.0,126.733894,-10.266106
train,26,63,136.0,133.77061,-2.2293854
train,26,64,135.0,139.62222,4.622223
train,26,65,134.0,142.31215,8.312149
train,26,66,133.0,144.72925,11.729248
train,26,67,132.0,150.07004,18.070038
train,26,68,131.0,153.11064,22.110641
train,26,69,130.0,159.45236,29.452362
train,26,70,129.0,157.85721,28.857208
train,26,71,128.0,159.41797,31.417969
train,26,72,127.0,153.43805,26.43805
train,26,73,126.0,140.61613,14.616135
train,26,74,125.0,128.33566,3.3356628
train,26,75,124.0,115.17725,-8.822746
train,26,76,123.0,101.48408,-21.515923
train,26,77,122.0,99.148476,-22.851524
train,26,78,121.0,100.70573,-20.294273
train,26,79,120.0,109.30381,-10.69619
train,26,80,119.0,114.993904,-4.006096
train,26,81,118.0,121.564026,3.5640259
train,26,82,117.0,126.62289,9.622887
train,26,83,116.0,128.053,12.052994
train,26,84,115.0,127.57016,12.57016
train,26,85,114.0,128.40112,14.401123
train,26,86,113.0,124.503746,11.503746
train,26,87,112.0,120.53072,8.530724
train,26,88,111.0,117.04774,6.047737
train,26,89,110.0,112.81057,2.8105698
train,26,90,109.0,110.30874,1.3087387
train,26,91,108.0,105.867775,-2.132225
train,26,92,107.0,105.575836,-1.4241638
train,26,93,106.0,106.32009,0.32009125
train,26,94,105.0,107.20985,2.2098465
train,26,95,104.0,108.66416,4.6641617
train,26,96,103.0,113.28107,10.281067
train,26,97,102.0,120.49543,18.49543
train,26,98,101.0,128.513,27.513
train,26,99,100.0,134.3033,34.3033
train,26,100,99.0,134.23975,35.239746
train,26,101,98.0,130.94933,32.949326
train,26,102,97.0,123.324776,26.324776
train,26,103,96.0,115.89233,19.892326
train,26,104,95.0,112.45074,17.450737
train,26,105,94.0,107.59301,13.59301
train,26,106,93.0,110.53503,17.535027
train,26,107,92.0,115.19577,23.19577
train,26,108,91.0,117.992935,26.992935
train,26,109,90.0,116.8163,26.8163
train,26,110,89.0,114.851524,25.851524
train,26,111,88.0,113.58672,25.586723
train,26,112,87.0,111.481834,24.481834
train,26,113,86.0,107.31588,21.31588
train,26,114,85.0,105.65973,20.659729
train,26,115,84.0,102.96342,18.963417
train,26,116,83.0,97.557686,14.557686
train,26,117,82.0,94.155464,12.155464
train,26,118,81.0,91.61803,10.618027
train,26,119,80.0,95.6654,15.665398
train,26,120,79.0,96.20721,17.207207
train,26,121,78.0,92.307045,14.307045
train,26,122,77.0,92.85026,15.850258
train,26,123,76.0,91.12598,15.125977
train,26,124,75.0,94.65269,19.652687
train,26,125,74.0,95.713234,21.713234
train,26,126,73.0,97.584,24.584
train,26,127,72.0,97.80241,25.802406
train,26,128,71.0,96.67114,25.671143
train,26,129,70.0,96.03454,26.034538
train,26,130,69.0,95.48982,26.489822
train,26,131,68.0,96.60721,28.607208
train,26,132,67.0,95.00675,28.006752
train,26,133,66.0,91.55974,25.559738
train,26,134,65.0,91.15197,26.15197
train,26,135,64.0,89.04135,25.041351
train,26,136,63.0,81.418884,18.418884
train,26,137,62.0,82.02559,20.025589
train,26,138,61.0,78.30183,17.301826
train,26,139,60.0,77.4627,17.4627
train,26,140,59.0,77.78195,18.781952
train,26,141,58.0,74.31289,16.31289
train,26,142,57.0,69.04693,12.046928
train,26,143,56.0,62.689888,6.689888
train,26,144,55.0,59.391304,4.391304
train,26,145,54.0,51.903717,-2.096283
train,26,146,53.0,48.47295,-4.52705
train,26,147,52.0,46.277634,-5.7223663
train,26,148,51.0,42.183132,-8.816868
train,26,149,50.0,41.678623,-8.321377
train,26,150,49.0,43.82984,-5.1701584
train,26,151,48.0,41.687088,-6.312912
train,26,152,47.0,42.942017,-4.0579834
train,26,153,46.0,41.578697,-4.421303
train,26,154,45.0,40.448788,-4.5512123
train,26,155,44.0,42.11276,-1.8872414
train,26,156,43.0,41.734344,-1.2656555
train,26,157,42.0,40.284527,-1.7154732
train,26,158,41.0,39.38436,-1.6156387
train,26,159,40.0,38.072037,-1.9279633
train,26,160,39.0,37.597572,-1.4024277
train,26,161,38.0,34.735847,-3.2641525
train,26,162,37.0,29.731922,-7.268078
train,26,163,36.0,30.19662,-5.803379
train,26,164,35.0,28.774483,-6.2255173
train,26,165,34.0,30.173216,-3.8267841
train,26,166,33.0,32.00984,-0.9901619
train,26,167,32.0,31.772821,-0.22717857
train,26,168,31.0,31.034191,0.03419113
train,26,169,30.0,31.773466,1.7734661
train,26,170,29.0,30.932217,1.9322166
train,26,171,28.0,29.594112,1.5941124
train,26,172,27.0,29.014221,2.0142212
train,26,173,26.0,26.297112,0.2971115
train,26,174,25.0,26.743742,1.743742
train,26,175,24.0,26.069363,2.0693626
train,26,176,23.0,21.41042,-1.5895805
train,26,177,22.0,18.1618,-3.8381996
train,26,178,21.0,16.41891,-4.581091
train,26,179,20.0,15.627605,-4.3723946
train,26,180,19.0,14.542112,-4.4578876
train,26,181,18.0,14.111258,-3.8887424
train,26,182,17.0,12.225172,-4.774828
train,26,183,16.0,11.140141,-4.8598595
train,26,184,15.0,9.259737,-5.740263
train,26,185,14.0,10.5536585,-3.4463415
train,26,186,13.0,9.767319,-3.2326813
train,26,187,12.0,10.213665,-1.786335
train,26,188,11.0,7.8629055,-3.1370945
train,26,189,10.0,6.967334,-3.0326662
train,26,190,9.0,6.1422997,-2.8577003
train,26,191,8.0,4.968872,-3.031128
train,26,192,7.0,5.5538573,-1.4461427
train,26,193,6.0,3.6844974,-2.3155026
train,26,194,5.0,1.3240803,-3.6759195
train,26,195,4.0,1.0462416,-2.9537582
train,26,196,3.0,0.80268794,-2.197312
train,26,197,2.0,1.779842,-0.22015798
train,26,198,1.0,0.4808236,-0.51917636
train,26,199,0.0,0.29638347,0.29638347
train,27,30,126.0,162.15091,36.15091
train,27,31,125.0,163.06847,38.068466
train,27,32,124.0,166.52808,42.528076
train,27,33,123.0,162.9294,39.929398
train,27,34,122.0,160.9939,38.993896
train,27,35,121.0,161.05257,40.052567
train,27,36,120.0,158.16104,38.16104
train,27,37,119.0,163.47281,44.47281
train,27,38,118.0,167.9429,49.9429
train,27,39,117.0,170.96996,53.969955
train,27,40,116.0,163.29904,47.29904
train,27,41,115.0,156.6062,41.6062
train,27,42,114.0,146.22586,32.22586
train,27,43,113.0,131.41974,18.419739
train,27,44,112.0,123.46807,11.468071
train,27,45,111.0,116.9541,5.9541016
train,27,46,110.0,122.33454,12.334541
train,27,47,109.0,122.36049,13.360489
train,27,48,108.0,122.81924,14.819237
train,27,49,107.0,121.458626,14.458626
train,27,50,106.0,112.121956,6.121956
train,27,51,105.0,101.19906,-3.8009415
train,27,52,104.0,92.35992,-11.640083
train,27,53,103.0,88.691574,-14.308426
train,27,54,102.0,85.94286,-16.057137
train,27,55,101.0,98.946625,-2.0533752
train,27,56,100.0,108.97689,8.976891
train,27,57,99.0,115.16406,16.164062
train,27,58,98.0,120.00249,22.002487
train,27,59,97.0,116.73053,19.73053
train,27,60,96.0,105.62641,9.626411
train,27,61,95.0,95.07724,0.07723999
train,27,62,94.0,86.07056,-7.9294434
train,27,63,93.0,82.24801,-10.751991
train,27,64,92.0,91.506996,-0.49300385
train,27,65,91.0,103.68726,12.6872635
train,27,66,90.0,117.477356,27.477356
train,27,67,89.0,126.06881,37.06881
train,27,68,88.0,127.50693,39.506927
train,27,69,87.0,123.79412,36.79412
train,27,70,86.0,118.39892,32.39892
train,27,71,85.0,115.58369,30.583687
train,27,72,84.0,114.75564,30.755638
train,27,73,83.0,116.92973,33.929733
train,27,74,82.0,121.44358,39.44358
train,27,75,81.0,120.65771,39.657707
train,27,76,80.0,123.50167,43.50167
train,27,77,79.0,122.680595,43.680595
train,27,78,78.0,115.85844,37.858437
train,27,79,77.0,104.8283,27.8283
train,27,80,76.0,99.95067,23.950668
train,27,81,75.0,93.86322,18.86322
train,27,82,74.0,100.531136,26.531136
train,27,83,73.0,103.5677,30.567703
train,27,84,72.0,99.87946,27.879463
train,27,85,71.0,99.59379,28.593788
train,27,86,70.0,98.56989,28.569893
train,27,87,69.0,90.772156,21.772156
train,27,88,68.0,84.18456,16.184563
train,27,89,67.0,79.65789,12.65789
train,27,90,66.0,71.76623,5.7662277
train,27,91,65.0,68.8467,3.8467026
train,27,92,64.0,63.60509,-0.3949089
train,27,93,63.0,59.84425,-3.1557503
train,27,94,62.0,56.136086,-5.8639145
train,27,95,61.0,51.386463,-9.613537
train,27,96,60.0,46.755005,-13.244995
train,27,97,59.0,47.673576,-11.326424
train,27,98,58.0,43.209435,-14.7905655
train,27,99,57.0,43.513966,-13.486034
train,27,100,56.0,44.733192,-11.266808
train,27,101,55.0,50.308353,-4.6916466
train,27,102,54.0,54.2179,0.21789932
train,27,103,53.0,56.627316,3.6273155
train,27,104,52.0,57.655235,5.6552353
train,27,105,51.0,61.230198,10.230198
train,27,106,50.0,60.61728,10.617279
train,27,107,49.0,59.053032,10.053032
train,27,108,48.0,61.007298,13.0072975
train,27,109,47.0,61.605534,14.605534
train,27,110,46.0,62.136715,16.136715
train,27,111,45.0,59.72884,14.72884
train,27,112,44.0,56.5272,12.527199
train,27,113,43.0,53.911087,10.911087
train,27,114,42.0,56.014046,14.014046
train,27,115,41.0,61.048244,20.048244
train,27,116,40.0,65.30385,25.303848
train,27,117,39.0,69.20828,30.208282
train,27,118,38.0,69.65914,31.659142
train,27,119,37.0,69.08683,32.08683
train,27,120,36.0,64.9271,28.927101
train,27,121,35.0,60.43187,25.43187
train,27,122,34.0,55.65518,21.655182
train,27,123,33.0,51.33702,18.33702
train,27,124,32.0,46.695507,14.695507
train,27,125,31.0,42.038284,11.038284
train,27,126,30.0,38.996773,8.996773
train,27,127,29.0,40.33535,11.33535
train,27,128,28.0,43.38955,15.389549
train,27,129,27.0,40.736786,13.736786
train,27,130,26.0,36.639618,10.639618
train,27,131,25.0,33.817974,8.817974
train,27,132,24.0,32.35446,8.354462
train,27,133,23.0,31.69658,8.696581
train,27,134,22.0,29.04837,7.0483704
train,27,135,21.0,27.829943,6.8299427
train,27,136,20.0,29.081108,9.081108
train,27,137,19.0,27.149338,8.149338
train,27,138,18.0,24.1348,6.1348
train,27,139,17.0,21.410654,4.410654
train,27,140,16.0,20.756565,4.756565
train,27,141,15.0,20.030556,5.0305557
train,27,142,14.0,22.909842,8.909842
train,27,143,13.0,24.28836,11.288361
train,27,144,12.0,22.69065,10.690651
train,27,145,11.0,22.046518,11.046518
train,27,146,10.0,19.767452,9.767452
train,27,147,9.0,17.393932,8.393932
train,27,148,8.0,14.325418,6.3254185
train,27,149,7.0,12.582007,5.5820074
train,27,150,6.0,11.739887,5.739887
train,27,151,5.0,9.40185,4.4018497
train,27,152,4.0,6.878986,2.878986
train,27,153,3.0,5.6609297,2.6609297
train,27,154,2.0,5.429309,3.429309
train,27,155,1.0,3.5717666,2.5717666
train,27,156,0.0,1.2017802,1.2017802
train,29,30,133.0,155.52026,22.520264
train,29,31,132.0,150.51457,18.514572
train,29,32,131.0,137.69168,6.691681
train,29,33,130.0,126.50295,-3.4970474
train,29,34,129.0,127.30561,-1.6943893
train,29,35,128.0,138.07458,10.074585
train,29,36,127.0,146.06433,19.064331
train,29,37,126.0,156.59991,30.599915
train,29,38,125.0,159.60817,34.60817
train,29,39,124.0,151.00891,27.008911
train,29,40,123.0,145.72218,22.722183
train,29,41,122.0,143.36029,21.36029
train,29,42,121.0,140.73816,19.73816
train,29,43,120.0,143.35632,23.356323
train,29,44,119.0,144.68991,25.68991
train,29,45,118.0,138.70908,20.709076
train,29,46,117.0,137.50995,20.509949
train,29,47,116.0,132.1899,16.189896
train,29,48,115.0,127.556145,12.556145
train,29,49,114.0,121.84072,7.840721
train,29,50,113.0,123.86535,10.865349
train,29,51,112.0,128.25948,16.259476
train,29,52,111.0,125.28335,14.283348
train,29,53,110.0,122.367905,12.367905
train,29,54,109.0,118.38949,9.389488
train,29,55,108.0,117.63703,9.637032
train,29,56,107.0,110.63763,3.6376266
train,29,57,106.0,107.95343,1.9534302
train,29,58,105.0,102.15185,-2.8481522
train,29,59,104.0,100.73137,-3.268631
train,29,60,103.0,101.536194,-1.4638062
train,29,61,102.0,104.51554,2.515541
train,29,62,101.0,108.42627,7.4262695
train,29,63,100.0,109.11407,9.114067
train,29,64,99.0,113.02961,14.02961
train,29,65,98.0,116.97169,18.971687
train,29,66,97.0,118.31493,21.314934
train,29,67,96.0,119.14721,23.14721
train,29,68,95.0,116.95658,21.956581
train,29,69,94.0,119.28318,25.28318
train,29,70,93.0,120.52541,27.525414
train,29,71,92.0,118.66366,26.663658
train,29,72,91.0,115.726746,24.726746
train,29,73,90.0,115.97769,25.977692
train,29,74,89.0,112.919075,23.919075
train,29,75,88.0,107.9687,19.968697
train,29,76,87.0,108.88703,21.887032
train,29,77,86.0,108.31508,22.315079
train,29,78,85.0,109.98945,24.989449
train,29,79,84.0,111.91693,27.916931
train,29,80,83.0,118.259315,35.259315
train,29,81,82.0,121.25641,39.25641
train,29,82,81.0,120.33476,39.334763
train,29,83,80.0,117.533264,37.533264
train,29,84,79.0,115.74309,36.743088
train,29,85,78.0,112.2087,34.208702
train,29,86,77.0,111.81415,34.814148
train,29,87,76.0,112.817085,36.817085
train,29,88,75.0,111.63139,36.631393
train,29,89,74.0,109.21106,35.21106
train,29,90,73.0,105.39487,32.394867
train,29,91,72.0,104.15113,32.15113
train,29,92,71.0,107.25341,36.25341
train,29,93,70.0,108.202156,38.202156
train,29,94,69.0,106.19487,37.19487
train,29,95,68.0,107.47849,39.478493
train,29,96,67.0,104.200356,37.200356
train,29,97,66.0,98.52776,32.527763
train,29,98,65.0,88.80953,23.809532
train,29,99,64.0,85.57183,21.57183
train,29,100,63.0,77.56074,14.560738
train,29,101,62.0,76.65163,14.651627
train,29,102,61.0,77.67242,16.672417
train,29,103,60.0,84.09577,24.095772
train,29,104,59.0,84.48872,25.488724
train,29,105,58.0,87.3699,29.369904
train,29,106,57.0,93.10686,36.106857
train,29,107,56.0,96.85105,40.85105
train,29,108,55.0,100.84314,45.84314
train,29,109,54.0,101.72891,47.728912
train,29,110,53.0,102.41281,49.41281
train,29,111,52.0,97.21625,45.216248
train,29,112,51.0,95.20098,44.20098
train,29,113,50.0,92.946526,42.946526
train,29,114,49.0,91.18669,42.18669
train,29,115,48.0,89.866745,41.866745
train,29,116,47.0,86.35194,39.351936
train,29,117,46.0,85.64021,39.640213
train,29,118,45.0,82.35017,37.350166
train,29,119,44.0,80.4531,36.453102
train,29,120,43.0,77.5589,34.5589
train,29,121,42.0,74.62157,32.621567
train,29,122,41.0,74.666374,33.666374
train,29,123,40.0,75.85517,35.85517
train,29,124,39.0,71.15661,32.15661
train,29,125,38.0,69.20821,31.208214
train,29,126,37.0,61.38971,24.38971
train,29,127,36.0,56.436897,20.436897
train,29,128,35.0,54.83392,19.83392
train,29,129,34.0,55.91339,21.913391
train,29,130,33.0,54.30316,21.303162
train,29,131,32.0,50.712624,18.712624
train,29,132,31.0,48.63537,17.635368
train,29,133,30.0,46.205727,16.205727
train,29,134,29.0,43.85461,14.85461
train,29,135,28.0,43.44445,15.44445
train,29,136,27.0,44.589855,17.589855
train,29,137,26.0,42.86355,16.863548
train,29,138,25.0,40.23613,15.23613
train,29,139,24.0,37.26919,13.269192
train,29,140,23.0,33.522316,10.522316
train,29,141,22.0,32.438026,10.438026
train,29,142,21.0,30.217453,9.217453
train,29,143,20.0,29.203938,9.203938
train,29,144,19.0,25.192963,6.1929626
train,29,145,18.0,22.058784,4.0587845
train,29,146,17.0,17.858616,0.8586159
train,29,147,16.0,13.922705,-2.0772953
train,29,148,15.0,11.021497,-3.9785032
train,29,149,14.0,11.299223,-2.700777
train,29,150,13.0,9.341183,-3.6588173
train,29,151,12.0,6.4731603,-5.5268397
train,29,152,11.0,4.2776966,-6.7223034
train,29,153,10.0,3.011521,-6.9884787
train,29,154,9.0,3.781029,-5.2189713
train,29,155,8.0,5.068582,-2.931418
train,29,156,7.0,2.4080226,-4.591977
train,29,157,6.0,2.1693969,-3.8306031
train,29,158,5.0,0.9823051,-4.017695
train,29,159,4.0,-0.92061335,-4.9206133
train,29,160,3.0,-3.483242,-6.483242
train,29,161,2.0,-4.5572906,-6.5572906
train,29,162,1.0,-4.0949273,-5.0949273
train,29,163,0.0,-4.774148,-4.774148
train,30,30,164.0,178.38098,14.380981
train,30,31,163.0,175.62909,12.629089
train,30,32,162.0,170.35057,8.350571
train,30,33,161.0,168.5892,7.589203
train,30,34,160.0,162.47354,2.4735413
train,30,35,159.0,163.125,4.125
train,30,36,158.0,161.53572,3.5357208
train,30,37,157.0,158.48418,1.4841766
train,30,38,156.0,153.92834,-2.0716553
train,30,39,155.0,150.38702,-4.612976
train,30,40,154.0,140.95297,-13.047028
train,30,41,153.0,143.42828,-9.571716
train,30,42,152.0,140.17917,-11.820831
train,30,43,151.0,136.36049,-14.639511
train,30,44,150.0,137.00922,-12.990784
train,30,45,149.0,137.98685,-11.013153
train,30,46,148.0,141.24707,-6.7529297
train,30,47,147.0,149.00653,2.0065308
train,30,48,146.0,154.50879,8.508789
train,30,49,145.0,160.1703,15.170303
train,30,50,144.0,162.62955,18.629547
train,30,51,143.0,167.8708,24.870804
train,30,52,142.0,167.62927,25.629272
train,30,53,141.0,175.70709,34.707092
train,30,54,140.0,176.94835,36.94835
train,30,55,139.0,180.2409,41.240906
train,30,56,138.0,181.03006,43.03006
train,30,57,137.0,183.3334,46.333405
train,30,58,136.0,182.96771,46.967712
train,30,59,135.0,180.05457,45.054565
train,30,60,134.0,178.68535,44.68535
train,30,61,133.0,177.85344,44.85344
train,30,62,132.0,182.1416,50.1416
train,30,63,131.0,180.89001,49.890015
train,30,64,130.0,188.59656,58.596558
train,30,65,129.0,187.93498,58.934982
train,30,66,128.0,179.4185,51.418503
train,30,67,127.0,167.51436,40.51436
train,30,68,126.0,160.17256,34.17256
train,30,69,125.0,153.52556,28.525558
train,30,70,124.0,147.41296,23.412964
train,30,71,123.0,147.7897,24.789703
train,30,72,122.0,142.78961,20.789612
train,30,73,121.0,144.218,23.218002
train,30,74,120.0,144.51947,24.51947
train,30,75,119.0,142.63123,23.631226
train,30,76,118.0,143.72784,25.727844
train,30,77,117.0,135.54909,18.549088
train,30,78,116.0,132.79741,16.79741
train,30,79,115.0,126.564644,11.564644
train,30,80,114.0,133.79291,19.792908
train,30,81,113.0,129.8673,16.867294
train,30,82,112.0,130.51004,18.51004
train,30,83,111.0,125.127716,14.127716
train,30,84,110.0,131.41699,21.416992
train,30,85,109.0,139.5216,30.521606
train,30,86,108.0,133.28615,25.286148
train,30,87,107.0,133.55191,26.55191
train,30,88,106.0,148.39313,42.393127
train,30,89,105.0,161.79561,56.79561
train,30,90,104.0,164.11563,60.11563
train,30,91,103.0,165.3425,62.3425
train,30,92,102.0,158.76628,56.76628
train,30,93,101.0,150.90163,49.901627
train,30,94,100.0,138.67197,38.671967
train,30,95,99.0,139.98692,40.986923
train,30,96,98.0,143.3617,45.361694
train,30,97,97.0,140.72989,43.72989
train,30,98,96.0,135.85843,39.85843
train,30,99,95.0,127.74918,32.749184
train,30,100,94.0,119.87682,25.876823
train,30,101,93.0,115.00369,22.003693
train,30,102,92.0,119.74742,27.747421
train,30,103,91.0,124.17092,33.17092
train,30,104,90.0,129.5435,39.543503
train,30,105,89.0,133.26527,44.265274
train,30,106,88.0,122.28955,34.28955
train,30,107,87.0,118.31385,31.31385
train,30,108,86.0,114.221695,28.221695
train,30,109,85.0,101.02126,16.021263
train,30,110,84.0,82.717445,-1.2825546
train,30,111,83.0,75.69602,-7.303978
train,30,112,82.0,68.8731,-13.1269
train,30,113,81.0,69.72075,-11.279251
train,30,114,80.0,77.20057,-2.7994308
train,30,115,79.0,90.808174,11.808174
train,30,116,78.0,103.23974,25.239738
train,30,117,77.0,110.914406,33.914406
train,30,118,76.0,122.5441,46.544098
train,30,119,75.0,132.07849,57.07849
train,30,120,74.0,135.67201,61.672012
train,30,121,73.0,148.51448,75.51448
train,30,122,72.0,150.05437,78.05437
train,30,123,71.0,146.83376,75.833755
train,30,124,70.0,145.1477,75.147705
train,30,125,69.0,144.0317,75.03169
train,30,126,68.0,136.00113,68.00113
train,30,127,67.0,126.09896,59.09896
train,30,128,66.0,121.27268,55.272682
train,30,129,65.0,120.15012,55.150124
train,30,130,64.0,116.54667,52.54667
train,30,131,63.0,110.94388,47.94388
train,30,132,62.0,112.94199,50.941994
train,30,133,61.0,109.07819,48.078194
train,30,134,60.0,105.07889,45.078888
train,30,135,59.0,102.22091,43.22091
train,30,136,58.0,95.178505,37.178505
train,30,137,57.0,89.82122,32.82122
train,30,138,56.0,73.05222,17.052223
train,30,139,55.0,57.21891,2.2189102
train,30,140,54.0,49.159393,-4.8406067
train,30,141,53.0,42.110092,-10.889908
train,30,142,52.0,34.325138,-17.674862
train,30,143,51.0,30.934269,-20.065731
train,30,144,50.0,24.645287,-25.354713
train,30,145,49.0,21.758732,-27.241268
train,30,146,48.0,25.133524,-22.866476
train,30,147,47.0,25.047205,-21.952795
train,30,148,46.0,24.368103,-21.631897
train,30,149,45.0,23.190033,-21.809967
train,30,150,44.0,19.491032,-24.508968
train,30,151,43.0,11.564338,-31.435661
train,30,152,42.0,8.717948,-33.28205
train,30,153,41.0,5.2919145,-35.708084
train,30,154,40.0,3.8914337,-36.108566
train,30,155,39.0,6.874507,-32.125492
train,30,156,38.0,9.087512,-28.912487
train,30,157,37.0,9.744771,-27.25523
train,30,158,36.0,6.6818743,-29.318127
train,30,159,35.0,5.497514,-29.502487
train,30,160,34.0,5.886345,-28.113655
train,30,161,33.0,5.8384447,-27.161556
train,30,162,32.0,10.471255,-21.528744
train,30,163,31.0,13.72606,-17.273941
train,30,164,30.0,17.86568,-12.134319
train,30,165,29.0,17.29971,-11.700291
train,30,166,28.0,17.252777,-10.747223
train,30,167,27.0,23.415977,-3.5840225
train,30,168,26.0,28.312914,2.312914
train,30,169,25.0,31.555218,6.5552177
train,30,170,24.0,32.286995,8.286995
train,30,171,23.0,32.475708,9.475708
train,30,172,22.0,34.89018,12.890179
train,30,173,21.0,33.18699,12.186989
train,30,174,20.0,33.888596,13.888596
train,30,175,19.0,34.446724,15.446724
train,30,176,18.0,35.176327,17.176327
train,30,177,17.0,33.775875,16.775875
train,30,178,16.0,31.814785,15.814785
train,30,179,15.0,28.861109,13.861109
train,30,180,14.0,29.605722,15.605722
train,30,181,13.0,27.951721,14.951721
train,30,182,12.0,26.55492,14.55492
train,30,183,11.0,25.100018,14.100018
train,30,184,10.0,25.07473,15.07473
train,30,185,9.0,25.006657,16.006657
train,30,186,8.0,21.489672,13.489672
train,30,187,7.0,17.856186,10.856186
train,30,188,6.0,14.019393,8.019393
train,30,189,5.0,11.7198,6.7198
train,30,190,4.0,6.7259827,2.7259827
train,30,191,3.0,5.4931498,2.4931498
train,30,192,2.0,3.0222268,1.0222268
train,30,193,1.0,1.8862578,0.88625777
train,30,194,0.0,1.1857582,1.1857582
train,31,30,204.0,184.33022,-19.669785
train,31,31,203.0,181.69916,-21.300842
train,31,32,202.0,179.24294,-22.757065
train,31,33,201.0,176.4523,-24.547699
train,31,34,200.0,177.88622,-22.113785
train,31,35,199.0,172.64032,-26.35968
train,31,36,198.0,170.82883,-27.171173
train,31,37,197.0,171.66089,-25.339111
train,31,38,196.0,180.16943,-15.830566
train,31,39,195.0,186.856,-8.143997
train,31,40,194.0,191.32756,-2.6724396
train,31,41,193.0,192.61475,-0.3852539
train,31,42,192.0,193.79184,1.7918396
train,31,43,191.0,204.8937,13.893707
train,31,44,190.0,211.1534,21.153397
train,31,45,189.0,216.99774,27.997742
train,31,46,188.0,222.19852,34.198517
train,31,47,187.0,218.10168,31.101685
train,31,48,186.0,215.52132,29.521317
train,31,49,185.0,210.30212,25.302124
train,31,50,184.0,203.14738,19.147385
train,31,51,183.0,200.69708,17.697083
train,31,52,182.0,204.9367,22.936707
train,31,53,181.0,201.3399,20.339905
train,31,54,180.0,202.01443,22.014435
train,31,55,179.0,201.0894,22.089401
train,31,56,178.0,200.21362,22.213623
train,31,57,177.0,199.65742,22.657425
train,31,58,176.0,195.28291,19.282913
train,31,59,175.0,187.62083,12.620834
train,31,60,174.0,178.20033,4.2003326
train,31,61,173.0,174.89105,1.8910522
train,31,62,172.0,163.43387,-8.566132
train,31,63,171.0,157.43599,-13.564011
train,31,64,170.0,157.0139,-12.986099
train,31,65,169.0,156.8672,-12.132797
train,31,66,168.0,159.4241,-8.575897
train,31,67,167.0,160.82306,-6.176941
train,31,68,166.0,151.24855,-14.75145
train,31,69,165.0,148.56465,-16.435349
train,31,70,164.0,148.81903,-15.180969
train,31,71,163.0,155.55017,-7.449829
train,31,72,162.0,165.26352,3.2635193
train,31,73,161.0,172.57843,11.57843
train,31,74,160.0,175.11533,15.115326
train,31,75,159.0,169.75145,10.75145
train,31,76,158.0,163.73306,5.7330627
train,31,77,157.0,163.34169,6.34169
train,31,78,156.0,156.40239,0.40238953
train,31,79,155.0,156.69463,1.6946259
train,31,80,154.0,148.7276,-5.2724
train,31,81,153.0,150.08046,-2.9195404
train,31,82,152.0,148.22488,-3.775116
train,31,83,151.0,144.83492,-6.165085
train,31,84,150.0,147.29123,-2.7087708
train,31,85,149.0,155.34448,6.3444824
train,31,86,148.0,160.47601,12.476013
train,31,87,147.0,164.67932,17.679321
train,31,88,146.0,164.1521,18.1521
train,31,89,145.0,164.75432,19.754318
train,31,90,144.0,167.26239,23.26239
train,31,91,143.0,165.55473,22.554733
train,31,92,142.0,156.9213,14.921295
train,31,93,141.0,155.73929,14.739288
train,31,94,140.0,148.09927,8.099274
train,31,95,139.0,144.10367,5.103668
train,31,96,138.0,137.3028,-0.6972046
train,31,97,137.0,136.61165,-0.38835144
train,31,98,136.0,145.12494,9.124939
train,31,99,135.0,152.65573,17.655731
train,31,100,134.0,163.7652,29.765198
train,31,101,133.0,169.48862,36.488617
train,31,102,132.0,164.27446,32.27446
train,31,103,131.0,161.04305,30.043045
train,31,104,130.0,162.74507,32.74507
train,31,105,129.0,159.26566,30.265656
train,31,106,128.0,160.80385,32.80385
train,31,107,127.0,168.14655,41.146545
train,31,108,126.0,176.86557,50.86557
train,31,109,125.0,176.41089,51.41089
train,31,110,124.0,175.27911,51.279114
train,31,111,123.0,162.44337,39.443375
train,31,112,122.0,155.76192,33.761917
train,31,113,121.0,157.91492,36.914917
train,31,114,120.0,166.96342,46.963425
train,31,115,119.0,164.19518,45.195175
train,31,116,118.0,164.5464,46.546402
train,31,117,117.0,164.85861,47.858612
train,31,118,116.0,160.2739,44.273895
train,31,119,115.0,152.50285,37.502853
train,31,120,114.0,144.23273,30.232727
train,31,121,113.0,144.40955,31.409546
train,31,122,112.0,144.39545,32.395447
train,31,123,111.0,139.26666,28.266663
train,31,124,110.0,135.53282,25.532822
train,31,125,109.0,132.86649,23.866486
train,31,126,108.0,137.54973,29.549728
train,31,127,107.0,135.65448,28.65448
train,31,128,106.0,131.3457,25.345703
train,31,129,105.0,121.986855,16.986855
train,31,130,104.0,118.460884,14.460884
train,31,131,103.0,119.92756,16.927559
train,31,132,102.0,124.78039,22.780388
train,31,133,101.0,126.32608,25.32608
train,31,134,100.0,126.11162,26.111618
train,31,135,99.0,129.72705,30.72705
train,31,136,98.0,126.29017,28.290169
train,31,137,97.0,128.37889,31.378891
train,31,138,96.0,119.09431,23.094307
train,31,139,95.0,114.72992,19.72992
train,31,140,94.0,112.25521,18.25521
train,31,141,93.0,114.618576,21.618576
train,31,142,92.0,119.07281,27.072807
train,31,143,91.0,124.52338,33.523376
train,31,144,90.0,128.57166,38.571655
train,31,145,89.0,121.633415,32.633415
train,31,146,88.0,118.0121,30.0121
train,31,147,87.0,107.95345,20.953453
train,31,148,86.0,101.93879,15.938789
train,31,149,85.0,101.54984,16.549843
train,31,150,84.0,106.33624,22.336243
train,31,151,83.0,110.55244,27.552437
train,31,152,82.0,114.45095,32.45095
train,31,153,81.0,116.08689,35.08689
train,31,154,80.0,112.8615,32.861504
train,31,155,79.0,110.242966,31.242966
train,31,156,78.0,105.55688,27.556877
train,31,157,77.0,97.704124,20.704124
train,31,158,76.0,92.0826,16.082603
train,31,159,75.0,88.58729,13.587288
train,31,160,74.0,88.16776,14.167763
train,31,161,73.0,84.33277,11.332771
train,31,162,72.0,86.97943,14.979431
train,31,163,71.0,88.30221,17.302208
train,31,164,70.0,98.018745,28.018745
train,31,165,69.0,103.74544,34.745438
train,31,166,68.0,107.57195,39.571953
train,31,167,67.0,101.078896,34.078896
train,31,168,66.0,95.192665,29.192665
train,31,169,65.0,94.9773,29.977303
train,31,170,64.0,92.32246,28.322456
train,31,171,63.0,92.91576,29.915756
train,31,172,62.0,87.211266,25.211266
train,31,173,61.0,82.30918,21.309181
train,31,174,60.0,74.02088,14.020882
train,31,175,59.0,68.26447,9.264473
train,31,176,58.0,61.684723,3.684723
train,31,177,57.0,60.429115,3.4291153
train,31,178,56.0,56.552483,0.5524826
train,31,179,55.0,53.977055,-1.0229454
train,31,180,54.0,57.70664,3.7066383
train,31,181,53.0,65.7406,12.740601
train,31,182,52.0,64.61662,12.616623
train,31,183,51.0,72.40036,21.40036
train,31,184,50.0,74.17211,24.172112
train,31,185,49.0,72.182335,23.182335
train,31,186,48.0,66.04552,18.045517
train,31,187,47.0,61.945705,14.945705
train,31,188,46.0,56.7604,10.760399
train,31,189,45.0,50.865974,5.8659744
train,31,190,44.0,47.829376,3.8293762
train,31,191,43.0,47.247772,4.247772
train,31,192,42.0,53.706642,11.706642
train,31,193,41.0,59.829697,18.829697
train,31,194,40.0,63.751675,23.751675
train,31,195,39.0,64.72341,25.723412
train,31,196,38.0,63.80371,25.80371
train,31,197,37.0,58.54834,21.54834
train,31,198,36.0,54.31819,18.318192
train,31,199,35.0,47.585197,12.585197
train,31,200,34.0,42.887325,8.887325
train,31,201,33.0,37.73539,4.7353897
train,31,202,32.0,34.651268,2.651268
train,31,203,31.0,30.844803,-0.15519714
train,31,204,30.0,26.088364,-3.9116364
train,31,205,29.0,24.803816,-4.196184
train,31,206,28.0,21.82426,-6.1757393
train,31,207,27.0,19.048214,-7.951786
train,31,208,26.0,16.592556,-9.407444
train,31,209,25.0,16.712486,-8.287514
train,31,210,24.0,17.380589,-6.6194115
train,31,211,23.0,18.744896,-4.255104
train,31,212,22.0,19.771503,-2.2284966
train,31,213,21.0,19.170553,-1.8294468
train,31,214,20.0,18.600052,-1.3999481
train,31,215,19.0,17.400179,-1.5998211
train,31,216,18.0,16.518444,-1.4815559
train,31,217,17.0,14.232903,-2.7670975
train,31,218,16.0,15.640915,-0.35908508
train,31,219,15.0,15.860205,0.8602047
train,31,220,14.0,17.998047,3.9980469
train,31,221,13.0,17.63246,4.6324596
train,31,222,12.0,16.673248,4.6732483
train,31,223,11.0,14.790906,3.790906
train,31,224,10.0,13.778381,3.7783813
train,31,225,9.0,11.552639,2.552639
train,31,226,8.0,9.370365,1.3703651
train,31,227,7.0,7.7904186,0.7904186
train,31,228,6.0,7.7059774,1.7059774
train,31,229,5.0,5.240263,0.24026299
train,31,230,4.0,2.749611,-1.2503891
train,31,231,3.0,1.1296281,-1.8703719
train,31,232,2.0,0.034933884,-1.9650661
train,31,233,1.0,-0.23442356,-1.2344235
train,31,234,0.0,-0.09799258,-0.09799258
train,32,30,161.0,125.347725,-35.652275
train,32,31,160.0,128.44864,-31.551361
train,32,32,159.0,129.52144,-29.478561
train,32,33,158.0,134.894,-23.106003
train,32,34,157.0,135.92905,-21.070953
train,32,35,156.0,136.17369,-19.82631
train,32,36,155.0,138.41064,-16.589355
train,32,37,154.0,137.47144,-16.528564
train,32,38,153.0,138.41702,-14.582977
train,32,39,152.0,139.16788,-12.832123
train,32,40,151.0,141.23291,-9.76709
train,32,41,150.0,140.62299,-9.377014
train,32,42,149.0,141.142,-7.8580017
train,32,43,148.0,140.4773,-7.522705
train,32,44,147.0,138.95918,-8.040817
train,32,45,146.0,139.03256,-6.9674377
train,32,46,145.0,138.60529,-6.3947144
train,32,47,144.0,138.59093,-5.409073
train,32,48,143.0,140.25713,-2.7428741
train,32,49,142.0,137.40897,-4.591034
train,32,50,141.0,135.91675,-5.083252
train,32,51,140.0,142.17206,2.172058
train,32,52,139.0,143.17441,4.174408
train,32,53,138.0,142.71263,4.712631
train,32,54,137.0,141.03796,4.037964
train,32,55,136.0,135.76721,-0.23278809
train,32,56,135.0,127.104866,-7.895134
train,32,57,134.0,127.32714,-6.672859
train,32,58,133.0,121.01867,-11.981331
train,32,59,132.0,115.87502,-16.124977
train,32,60,131.0,112.475044,-18.524956
train,32,61,130.0,111.07895,-18.921051
train,32,62,129.0,115.73565,-13.264351
train,32,63,128.0,116.57839,-11.421608
train,32,64,127.0,115.814415,-11.185585
train,32,65,126.0,113.19514,-12.804863
train,32,66,125.0,108.37839,-16.621613
train,32,67,124.0,106.200745,-17.799255
train,32,68,123.0,103.52656,-19.473442
train,32,69,122.0,107.54385,-14.456146
train,32,70,121.0,113.110176,-7.889824
train,32,71,120.0,120.49604,0.49604034
train,32,72,119.0,125.75845,6.7584534
train,32,73,118.0,128.6449,10.644897
train,32,74,117.0,130.40892,13.40892
train,32,75,116.0,128.76897,12.768967
train,32,76,115.0,129.59987,14.599869
train,32,77,114.0,130.5963,16.596298
train,32,78,113.0,127.90296,14.902962
train,32,79,112.0,126.351746,14.351746
train,32,80,111.0,125.48826,14.488258
train,32,81,110.0,125.23041,15.230408
train,32,82,109.0,122.98289,13.982887
train,32,83,108.0,122.15975,14.159752
train,32,84,107.0,121.90815,14.90815
train,32,85,106.0,122.06068,16.060677
train,32,86,105.0,121.1096,16.109596
train,32,87,104.0,117.83825,13.838249
train,32,88,103.0,112.07485,9.074852
train,32,89,102.0,109.85868,7.8586807
train,32,90,101.0,113.437874,12.437874
train,32,91,100.0,112.137024,12.137024
train,32,92,99.0,111.689224,12.689224
train,32,93,98.0,107.14065,9.140648
train,32,94,97.0,100.88175,3.881752
train,32,95,96.0,94.992455,-1.0075455
train,32,96,95.0,88.58994,-6.410057
train,32,97,94.0,85.07205,-8.927948
train,32,98,93.0,84.37117,-8.62883
train,32,99,92.0,83.28176,-8.718239
train,32,100,91.0,82.19395,-8.806053
train,32,101,90.0,84.42918,-5.5708237
train,32,102,89.0,88.61717,-0.38282776
train,32,103,88.0,90.60255,2.6025467
train,32,104,87.0,88.78767,1.7876663
train,32,105,86.0,83.520805,-2.4791946
train,32,106,85.0,78.02277,-6.9772263
train,32,107,84.0,73.16372,-10.836281
train,32,108,83.0,72.84459,-10.155411
train,32,109,82.0,78.609505,-3.3904953
train,32,110,81.0,79.9779,-1.0221024
train,32,111,80.0,84.71624,4.71624
train,32,112,79.0,88.13105,9.13105
train,32,113,78.0,86.756035,8.756035
train,32,114,77.0,84.90067,7.900673
train,32,115,76.0,85.491516,9.491516
train,32,116,75.0,83.3993,8.3993
train,32,117,74.0,85.379715,11.379715
train,32,118,73.0,82.02569,9.025688
train,32,119,72.0,83.373634,11.373634
train,32,120,71.0,80.505775,9.505775
train,32,121,70.0,79.48034,9.480339
train,32,122,69.0,80.110954,11.110954
train,32,123,68.0,73.98867,5.9886703
train,32,124,67.0,70.228645,3.2286453
train,32,125,66.0,66.78438,0.78437805
train,32,126,65.0,65.53868,0.53868103
train,32,127,64.0,66.88407,2.8840714
train,32,128,63.0,72.366646,9.366646
train,32,129,62.0,74.36062,12.360619
train,32,130,61.0,74.05004,13.050041
train,32,131,60.0,70.968285,10.968285
train,32,132,59.0,69.741165,10.741165
train,32,133,58.0,69.26585,11.265846
train,32,134,57.0,66.57369,9.573692
train,32,135,56.0,62.838913,6.838913
train,32,136,55.0,62.777924,7.7779236
train,32,137,54.0,61.58265,7.582649
train,32,138,53.0,59.49867,6.4986687
train,32,139,52.0,54.838737,2.8387375
train,32,140,51.0,54.605766,3.6057663
train,32,141,50.0,51.97446,1.9744606
train,32,142,49.0,49.513275,0.51327515
train,32,143,48.0,46.724854,-1.2751465
train,32,144,47.0,42.76278,-4.237221
train,32,145,46.0,39.636383,-6.363617
train,32,146,45.0,37.800137,-7.1998634
train,32,147,44.0,38.35443,-5.645569
train,32,148,43.0,39.38333,-3.6166687
train,32,149,42.0,42.36466,0.36465836
train,32,150,41.0,43.71607,2.7160683
train,32,151,40.0,39.795258,-0.20474243
train,32,152,39.0,39.304604,0.30460358
train,32,153,38.0,37.95185,-0.04814911
train,32,154,37.0,36.499786,-0.5002136
train,32,155,36.0,33.690567,-2.309433
train,32,156,35.0,33.014336,-1.9856644
train,32,157,34.0,35.83282,1.8328209
train,32,158,33.0,37.734436,4.734436
train,32,159,32.0,37.77327,5.7732697
train,32,160,31.0,34.990635,3.990635
train,32,161,30.0,33.34223,3.3422318
train,32,162,29.0,31.724316,2.7243156
train,32,163,28.0,34.08925,6.0892487
train,32,164,27.0,33.225193,6.225193
train,32,165,26.0,30.515423,4.515423
train,32,166,25.0,29.46345,4.4634495
train,32,167,24.0,27.041311,3.0413113
train,32,168,23.0,24.243004,1.2430038
train,32,169,22.0,20.587534,-1.412466
train,32,170,21.0,17.768011,-3.231989
train,32,171,20.0,17.274702,-2.725298
train,32,172,19.0,15.760709,-3.2392912
train,32,173,18.0,16.219954,-1.7800465
train,32,174,17.0,13.622593,-3.377407
train,32,175,16.0,10.21903,-5.7809696
train,32,176,15.0,9.465624,-5.534376
train,32,177,14.0,10.056356,-3.9436436
train,32,178,13.0,10.182991,-2.817009
train,32,179,12.0,6.5814614,-5.4185386
train,32,180,11.0,2.7234209,-8.276579
train,32,181,10.0,1.9375714,-8.062428
train,32,182,9.0,2.6018767,-6.3981233
train,32,183,8.0,5.116989,-2.8830109
train,32,184,7.0,4.970764,-2.0292358
train,32,185,6.0,6.7636714,0.7636714
train,32,186,5.0,6.736677,1.7366772
train,32,187,4.0,3.6889496,-0.31105042
train,32,188,3.0,2.885587,-0.11441302
train,32,189,2.0,3.5791225,1.5791225
train,32,190,1.0,3.0122032,2.0122032
train,32,191,0.0,1.9661547,1.9661547
train,33,30,170.0,186.34999,16.34999
train,33,31,169.0,191.0293,22.029297
train,33,32,168.0,201.79868,33.798676
train,33,33,167.0,211.26901,44.269012
train,33,34,166.0,211.44452,45.44452
train,33,35,165.0,205.35266,40.35266
train,33,36,164.0,203.7915,39.791504
train,33,37,163.0,195.02255,32.022552
train,33,38,162.0,189.34744,27.347443
train,33,39,161.0,184.16496,23.164963
train,33,40,160.0,183.77063,23.77063
train,33,41,159.0,181.53244,22.53244
train,33,42,158.0,183.85898,25.858978
train,33,43,157.0,187.69344,30.693436
train,33,44,156.0,194.09743,38.097427
train,33,45,155.0,195.11453,40.114532
train,33,46,154.0,194.27188,40.27188
train,33,47,153.0,187.72273,34.722733
train,33,48,152.0,182.21068,30.210678
train,33,49,151.0,175.74075,24.740753
train,33,50,150.0,167.78253,17.782532
train,33,51,149.0,167.40681,18.406815
train,33,52,148.0,164.97678,16.976776
train,33,53,147.0,156.76878,9.768784
train,33,54,146.0,152.3252,6.3251953
train,33,55,145.0,146.91605,1.9160461
train,33,56,144.0,148.54327,4.543274
train,33,57,143.0,150.60031,7.6003113
train,33,58,142.0,159.1278,17.127808
train,33,59,141.0,165.0029,24.0029
train,33,60,140.0,168.14311,28.143112
train,33,61,139.0,163.7863,24.7863
train,33,62,138.0,156.82465,18.824646
train,33,63,137.0,150.1609,13.160904
train,33,64,136.0,139.00034,3.0003357
train,33,65,135.0,135.9526,0.9526062
train,33,66,134.0,135.27792,1.2779236
train,33,67,133.0,130.75816,-2.2418365
train,33,68,132.0,133.59224,1.5922394
train,33,69,131.0,132.90247,1.9024658
train,33,70,130.0,135.39175,5.391754
train,33,71,129.0,139.0629,10.062897
train,33,72,128.0,146.36444,18.36444
train,33,73,127.0,146.24112,19.24112
train,33,74,126.0,150.10191,24.101913
train,33,75,125.0,158.16844,33.16844
train,33,76,124.0,165.88422,41.884216
train,33,77,123.0,167.96326,44.963257
train,33,78,122.0,163.22435,41.22435
train,33,79,121.0,161.8233,40.823303
train,33,80,120.0,158.57907,38.57907
train,33,81,119.0,147.10095,28.100952
train,33,82,118.0,142.81311,24.81311
train,33,83,117.0,146.36095,29.360947
train,33,84,116.0,156.86713,40.867126
train,33,85,115.0,159.07285,44.072845
train,33,86,114.0,166.324,52.324005
train,33,87,113.0,168.68771,55.687714
train,33,88,112.0,167.36545,55.365448
train,33,89,111.0,167.56586,56.565857
train,33,90,110.0,161.06839,51.06839
train,33,91,109.0,148.07402,39.07402
train,33,92,108.0,136.21002,28.210022
train,33,93,107.0,127.834274,20.834274
train,33,94,106.0,114.06129,8.061287
train,33,95,105.0,108.58254,3.5825424
train,33,96,104.0,103.17685,-0.82315063
train,33,97,103.0,108.29599,5.29599
train,33,98,102.0,107.57754,5.5775375
train,33,99,101.0,107.11857,6.1185684
train,33,100,100.0,108.12896,8.12896
train,33,101,99.0,101.453026,2.4530258
train,33,102,98.0,104.28211,6.282112
train,33,103,97.0,113.15883,16.158829
train,33,104,96.0,109.17012,13.17012
train,33,105,95.0,109.81491,14.814911
train,33,106,94.0,110.99761,16.997612
train,33,107,93.0,105.92441,12.924408
train,33,108,92.0,108.44334,16.443336
train,33,109,91.0,116.063095,25.063095
train,33,110,90.0,121.98077,31.980766
train,33,111,89.0,122.83858,33.838577
train,33,112,88.0,118.53187,30.531868
train,33,113,87.0,126.03901,39.03901
train,33,114,86.0,132.09857,46.09857
train,33,115,85.0,135.53735,50.537354
train,33,116,84.0,137.94333,53.94333
train,33,117,83.0,133.43417,50.434174
train,33,118,82.0,123.67636,41.67636
train,33,119,81.0,106.06466,25.06466
train,33,120,80.0,94.1907,14.190697
train,33,121,79.0,87.592354,8.592354
train,33,122,78.0,78.45559,0.4555893
train,33,123,77.0,68.32156,-8.678436
train,33,124,76.0,69.83422,-6.165779
train,33,125,75.0,72.80598,-2.1940231
train,33,126,74.0,81.19414,7.1941376
train,33,127,73.0,80.01054,7.010536
train,33,128,72.0,82.88082,10.880821
train,33,129,71.0,85.20749,14.207489
train,33,130,70.0,89.62392,19.623917
train,33,131,69.0,91.46597,22.465973
train,33,132,68.0,97.79075,29.790749
train,33,133,67.0,94.75541,27.75541
train,33,134,66.0,89.31579,23.315788
train,33,135,65.0,85.52094,20.520943
train,33,136,64.0,83.29882,19.29882
train,33,137,63.0,86.62823,23.628227
train,33,138,62.0,88.136925,26.136925
train,33,139,61.0,91.40951,30.409508
train,33,140,60.0,90.81131,30.81131
train,33,141,59.0,92.34525,33.345253
train,33,142,58.0,95.327,37.327003
train,33,143,57.0,93.3914,36.391403
train,33,144,56.0,87.63904,31.639038
train,33,145,55.0,83.23292,28.232918
train,33,146,54.0,80.48806,26.48806
train,33,147,53.0,75.15948,22.159477
train,33,148,52.0,69.5907,17.590698
train,33,149,51.0,64.631935,13.631935
train,33,150,50.0,57.455967,7.455967
train,33,151,49.0,53.105946,4.1059456
train,33,152,48.0,48.87921,0.8792114
train,33,153,47.0,49.906403,2.9064026
train,33,154,46.0,51.53794,5.537941
train,33,155,45.0,50.169647,5.169647
train,33,156,44.0,48.022533,4.0225334
train,33,157,43.0,53.75937,10.759369
train,33,158,42.0,53.99414,11.994141
train,33,159,41.0,55.659897,14.659897
train,33,160,40.0,54.32293,14.322929
train,33,161,39.0,52.074806,13.074806
train,33,162,38.0,45.37605,7.376049
train,33,163,37.0,43.458755,6.4587555
train,33,164,36.0,45.953197,9.9531975
train,33,165,35.0,42.63062,7.630619
train,33,166,34.0,45.25228,11.252281
train,33,167,33.0,40.241432,7.241432
train,33,168,32.0,37.252472,5.252472
train,33,169,31.0,36.198753,5.1987534
train,33,170,30.0,39.79888,9.798882
train,33,171,29.0,41.623787,12.623787
train,33,172,28.0,41.467224,13.467224
train,33,173,27.0,40.907528,13.907528
train,33,174,26.0,44.433243,18.433243
train,33,175,25.0,42.781776,17.781776
train,33,176,24.0,39.737667,15.737667
train,33,177,23.0,33.634354,10.634354
train,33,178,22.0,30.968771,8.968771
train,33,179,21.0,29.24074,8.24074
train,33,180,20.0,28.283318,8.283318
train,33,181,19.0,29.469612,10.469612
train,33,182,18.0,27.27221,9.272209
train,33,183,17.0,26.275595,9.275595
train,33,184,16.0,24.194511,8.194511
train,33,185,15.0,25.782352,10.782352
train,33,186,14.0,21.795956,7.7959557
train,33,187,13.0,16.476505,3.4765053
train,33,188,12.0,17.111782,5.111782
train,33,189,11.0,13.751287,2.7512875
train,33,190,10.0,12.680599,2.6805992
train,33,191,9.0,10.438313,1.4383125
train,33,192,8.0,9.030306,1.0303059
train,33,193,7.0,6.328993,-0.67100716
train,33,194,6.0,4.1547446,-1.8452554
train,33,195,5.0,1.8714567,-3.1285434
train,33,196,4.0,1.336739,-2.663261
train,33,197,3.0,-0.5088553,-3.5088553
train,33,198,2.0,-1.9162604,-3.9162602
train,33,199,1.0,-2.689983,-3.689983
train,33,200,0.0,-2.0455685,-2.0455685
train,34,30,165.0,158.4959,-6.5041046
train,34,31,164.0,157.1242,-6.8757935
train,34,32,163.0,157.2225,-5.7774963
train,34,33,162.0,159.19537,-2.8046265
train,34,34,161.0,161.79022,0.79022217
train,34,35,160.0,164.53903,4.539032
train,34,36,159.0,173.79077,14.7907715
train,34,37,158.0,179.82623,21.826233
train,34,38,157.0,172.28658,15.286575
train,34,39,156.0,169.78604,13.786041
train,34,40,155.0,164.64636,9.646362
train,34,41,154.0,168.1933,14.193298
train,34,42,153.0,170.07642,17.076416
train,34,43,152.0,171.02759,19.027588
train,34,44,151.0,173.56631,22.566315
train,34,45,150.0,171.51851,21.518509
train,34,46,149.0,167.67558,18.675583
train,34,47,148.0,167.44737,19.447372
train,34,48,147.0,165.70665,18.70665
train,34,49,146.0,161.46683,15.466827
train,34,50,145.0,156.83319,11.833191
train,34,51,144.0,151.29088,7.2908783
train,34,52,143.0,154.67839,11.6783905
train,34,53,142.0,150.72556,8.725555
train,34,54,141.0,141.13052,0.13052368
train,34,55,140.0,132.9832,-7.0168
train,34,56,139.0,134.07751,-4.9224854
train,34,57,138.0,133.10548,-4.894516
train,34,58,137.0,135.99478,-1.0052185
train,34,59,136.0,139.50711,3.5071106
train,34,60,135.0,142.6869,7.686905
train,34,61,134.0,143.49889,9.498886
train,34,62,133.0,146.08313,13.08313
train,34,63,132.0,142.1178,10.117798
train,34,64,131.0,133.62852,2.6285248
train,34,65,130.0,129.092,-0.90800476
train,34,66,129.0,125.69338,-3.3066177
train,34,67,128.0,128.0058,0.00579834
train,34,68,127.0,130.1955,3.1954956
train,34,69,126.0,139.34836,13.348358
train,34,70,125.0,143.52893,18.52893
train,34,71,124.0,143.72339,19.723389
train,34,72,123.0,136.66287,13.662872
train,34,73,122.0,129.17569,7.1756897
train,34,74,121.0,127.51038,6.5103836
train,34,75,120.0,128.60489,8.604889
train,34,76,119.0,133.79602,14.7960205
train,34,77,118.0,135.34592,17.345917
train,34,78,117.0,135.86414,18.864136
train,34,79,116.0,140.34505,24.345047
train,34,80,115.0,136.25981,21.259811
train,34,81,114.0,131.08842,17.088425
train,34,82,113.0,119.99756,6.9975586
train,34,83,112.0,110.645134,-1.354866
train,34,84,111.0,103.787994,-7.2120056
train,34,85,110.0,107.43274,-2.5672607
train,34,86,109.0,110.827,1.8270035
train,34,87,108.0,119.52233,11.522331
train,34,88,107.0,131.37465,24.37465
train,34,89,106.0,127.85194,21.851936
train,34,90,105.0,126.72146,21.721458
train,34,91,104.0,120.80342,16.803421
train,34,92,103.0,120.75153,17.751534
train,34,93,102.0,124.17414,22.17414
train,34,94,101.0,132.24968,31.24968
train,34,95,100.0,140.72919,40.729187
train,34,96,99.0,146.51778,47.517776
train,34,97,98.0,149.88298,51.88298
train,34,98,97.0,149.59244,52.592438
train,34,99,96.0,145.74725,49.747253
train,34,100,95.0,137.33134,42.331345
train,34,101,94.0,126.74148,32.741478
train,34,102,93.0,121.0527,28.052696
train,34,103,92.0,119.06591,27.06591
train,34,104,91.0,115.24036,24.240356
train,34,105,90.0,108.4954,18.4954
train,34,106,89.0,106.18029,17.18029
train,34,107,88.0,98.42786,10.427856
train,34,108,87.0,89.741425,2.7414246
train,34,109,86.0,86.991455,0.9914551
train,34,110,85.0,88.6519,3.6519012
train,34,111,84.0,85.87977,1.8797684
train,34,112,83.0,85.865715,2.865715
train,34,113,82.0,84.69971,2.699707
train,34,114,81.0,79.891075,-1.1089249
train,34,115,80.0,82.62899,2.6289902
train,34,116,79.0,83.80846,4.8084564
train,34,117,78.0,87.27285,9.27285
train,34,118,77.0,89.949745,12.949745
train,34,119,76.0,89.73788,13.737877
train,34,120,75.0,86.60662,11.606621
train,34,121,74.0,84.08257,10.082573
train,34,122,73.0,79.031586,6.0315857
train,34,123,72.0,81.26531,9.265312
train,34,124,71.0,89.00574,18.005737
train,34,125,70.0,88.75399,18.75399
train,34,126,69.0,92.169365,23.169365
train,34,127,68.0,98.34713,30.34713
train,34,128,67.0,98.68812,31.688118
train,34,129,66.0,98.09747,32.097473
train,34,130,65.0,97.63976,32.639763
train,34,131,64.0,92.402756,28.402756
train,34,132,63.0,92.45406,29.454063
train,34,133,62.0,84.587135,22.587135
train,34,134,61.0,75.11936,14.119362
train,34,135,60.0,68.21273,8.21273
train,34,136,59.0,66.695145,7.6951447
train,34,137,58.0,65.11037,7.110367
train,34,138,57.0,63.495865,6.495865
train,34,139,56.0,64.11915,8.119148
train,34,140,55.0,60.005383,5.0053825
train,34,141,54.0,58.795204,4.795204
train,34,142,53.0,61.79361,8.79361
train,34,143,52.0,62.848427,10.848427
train,34,144,51.0,63.364227,12.364227
train,34,145,50.0,63.85926,13.859261
train,34,146,49.0,63.25041,14.250408
train,34,147,48.0,61.721626,13.721626
train,34,148,47.0,58.33749,11.33749
train,34,149,46.0,54.53662,8.536621
train,34,150,45.0,48.58883,3.588829
train,34,151,44.0,49.190903,5.1909027
train,34,152,43.0,47.611908,4.611908
train,34,153,42.0,48.80446,6.8044586
train,34,154,41.0,47.962994,6.9629936
train,34,155,40.0,49.57397,9.573971
train,34,156,39.0,48.50341,9.50341
train,34,157,38.0,48.381077,10.381077
train,34,158,37.0,47.40571,10.405708
train,34,159,36.0,44.346565,8.346565
train,34,160,35.0,41.580334,6.5803337
train,34,161,34.0,35.628685,1.628685
train,34,162,33.0,33.566097,0.56609726
train,34,163,32.0,32.62851,0.6285095
train,34,164,31.0,33.44375,2.4437485
train,34,165,30.0,30.8728,0.8728008
train,34,166,29.0,28.804392,-0.19560814
train,34,167,28.0,27.051409,-0.94859123
train,34,168,27.0,25.020893,-1.9791069
train,34,169,26.0,23.53051,-2.46949
train,34,170,25.0,22.702023,-2.2979774
train,34,171,24.0,22.800053,-1.1999474
train,34,172,23.0,21.669266,-1.3307343
train,34,173,22.0,19.91804,-2.0819607
train,34,174,21.0,20.36543,-0.63456917
train,34,175,20.0,18.370184,-1.629816
train,34,176,19.0,17.363342,-1.6366577
train,34,177,18.0,19.041492,1.0414925
train,34,178,17.0,16.06676,-0.9332409
train,34,179,16.0,15.592292,-0.40770817
train,34,180,15.0,13.579365,-1.4206352
train,34,181,14.0,11.759581,-2.2404194
train,34,182,13.0,11.364393,-1.6356068
train,34,183,12.0,10.268568,-1.731432
train,34,184,11.0,8.6418,-2.3582
train,34,185,10.0,6.7171736,-3.2828264
train,34,186,9.0,5.8146286,-3.1853714
train,34,187,8.0,4.6148033,-3.3851967
train,34,188,7.0,0.9588235,-6.0411763
train,34,189,6.0,0.19644316,-5.803557
train,34,190,5.0,1.5605096,-3.4394903
train,34,191,4.0,1.0670426,-2.9329574
train,34,192,3.0,-0.7621946,-3.7621946
train,34,193,2.0,-2.5152893,-4.5152893
train,34,194,1.0,-4.204052,-5.204052
train,34,195,0.0,-3.584791,-3.584791
train,35,30,151.0,128.81491,-22.18509
train,35,31,150.0,123.842804,-26.157196
train,35,32,149.0,126.733765,-22.266235
train,35,33,148.0,131.30795,-16.692047
train,35,34,147.0,138.3147,-8.685303
train,35,35,146.0,136.93945,-9.060547
train,35,36,145.0,128.54611,-16.453888
train,35,37,144.0,124.3891,-19.6109
train,35,38,143.0,132.91136,-10.088638
train,35,39,142.0,142.7543,0.754303
train,35,40,141.0,153.76614,12.766144
train,35,41,140.0,154.31949,14.319489
train,35,42,139.0,147.1614,8.161407
train,35,43,138.0,146.63126,8.631256
train,35,44,137.0,135.1848,-1.8152008
train,35,45,136.0,129.4762,-6.5238037
train,35,46,135.0,128.84364,-6.156357
train,35,47,134.0,130.00638,-3.9936218
train,35,48,133.0,130.22894,-2.7710571
train,35,49,132.0,137.84431,5.8443146
train,35,50,131.0,149.96457,18.96457
train,35,51,130.0,164.88977,34.88977
train,35,52,129.0,172.75208,43.752075
train,35,53,128.0,177.31464,49.314636
train,35,54,127.0,174.58241,47.582413
train,35,55,126.0,167.67175,41.671753
train,35,56,125.0,167.51439,42.51439
train,35,57,124.0,165.54288,41.542877
train,35,58,123.0,161.44952,38.449524
train,35,59,122.0,153.43466,31.434662
train,35,60,121.0,143.77267,22.772675
train,35,61,120.0,136.9365,16.936493
train,35,62,119.0,128.46022,9.46022
train,35,63,118.0,123.467674,5.4676743
train,35,64,117.0,119.046455,2.0464554
train,35,65,116.0,123.52227,7.52227
train,35,66,115.0,128.88983,13.889832
train,35,67,114.0,136.87656,22.876556
train,35,68,113.0,144.20296,31.202957
train,35,69,112.0,145.6392,33.639206
train,35,70,111.0,150.0827,39.082703
train,35,71,110.0,141.25882,31.25882
train,35,72,109.0,125.09957,16.099571
train,35,73,108.0,118.24311,10.243111
train,35,74,107.0,108.478264,1.4782639
train,35,75,106.0,99.92353,-6.0764694
train,35,76,105.0,96.73903,-8.260971
train,35,77,104.0,106.85614,2.8561401
train,35,78,103.0,114.252045,11.252045
train,35,79,102.0,124.91749,22.917488
train,35,80,101.0,139.4357,38.4357
train,35,81,100.0,136.65219,36.65219
train,35,82,99.0,133.0435,34.043503
train,35,83,98.0,125.422264,27.422264
train,35,84,97.0,122.18502,25.18502
train,35,85,96.0,122.80675,26.806747
train,35,86,95.0,119.14477,24.144768
train,35,87,94.0,125.10735,31.107353
train,35,88,93.0,132.4906,39.4906
train,35,89,92.0,137.59421,45.594208
train,35,90,91.0,141.20009,50.20009
train,35,91,90.0,140.84982,50.849823
train,35,92,89.0,135.14021,46.140213
train,35,93,88.0,136.50241,48.50241
train,35,94,87.0,133.80328,46.803284
train,35,95,86.0,129.24237,43.24237
train,35,96,85.0,129.92355,44.923553
train,35,97,84.0,135.13988,51.139877
train,35,98,83.0,136.81467,53.814667
train,35,99,82.0,134.1097,52.109695
train,35,100,81.0,130.24489,49.24489
train,35,101,80.0,121.47978,41.479782
train,35,102,79.0,116.484474,37.484474
train,35,103,78.0,117.30355,39.30355
train,35,104,77.0,111.298035,34.298035
train,35,105,76.0,106.98342,30.983421
train,35,106,75.0,103.729935,28.729935
train,35,107,74.0,105.04962,31.049622
train,35,108,73.0,100.83238,27.832382
train,35,109,72.0,102.32822,30.328217
train,35,110,71.0,95.184326,24.184326
train,35,111,70.0,90.317986,20.317986
train,35,112,69.0,81.819016,12.8190155
train,35,113,68.0,76.48171,8.481712
train,35,114,67.0,78.83913,11.839127
train,35,115,66.0,81.116264,15.116264
train,35,116,65.0,83.18481,18.184807
train,35,117,64.0,80.073235,16.073235
train,35,118,63.0,84.01403,21.01403
train,35,119,62.0,87.84432,25.844322
train,35,120,61.0,90.12316,29.123161
train,35,121,60.0,87.97269,27.972687
train,35,122,59.0,84.59011,25.59011
train,35,123,58.0,86.16926,28.169258
train,35,124,57.0,83.18844,26.188438
train,35,125,56.0,80.40316,24.40316
train,35,126,55.0,77.06872,22.068718
train,35,127,54.0,74.82438,20.824379
train,35,128,53.0,74.33178,21.33178
train,35,129,52.0,76.06173,24.06173
train,35,130,51.0,80.217224,29.217224
train,35,131,50.0,80.3137,30.313698
train,35,132,49.0,73.83161,24.831612
train,35,133,48.0,65.62852,17.628517
train,35,134,47.0,58.669495,11.669495
train,35,135,46.0,55.140064,9.140064
train,35,136,45.0,56.072815,11.072815
train,35,137,44.0,56.39515,12.395149
train,35,138,43.0,56.246803,13.246803
train,35,139,42.0,55.669468,13.669468
train,35,140,41.0,54.77014,13.770142
train,35,141,40.0,54.83493,14.83493
train,35,142,39.0,52.98464,13.984638
train,35,143,38.0,49.891827,11.891827
train,35,144,37.0,48.067245,11.0672455
train,35,145,36.0,47.7688,11.768799
train,35,146,35.0,49.78047,14.780472
train,35,147,34.0,49.754063,15.754063
train,35,148,33.0,47.264988,14.264988
train,35,149,32.0,45.299156,13.299156
train,35,150,31.0,44.279537,13.279537
train,35,151,30.0,43.14669,13.14669
train,35,152,29.0,42.703876,13.7038765
train,35,153,28.0,40.336517,12.336517
train,35,154,27.0,35.488113,8.488113
train,35,155,26.0,32.517937,6.5179367
train,35,156,25.0,31.045195,6.0451946
train,35,157,24.0,30.03013,6.0301304
train,35,158,23.0,26.922607,3.9226074
train,35,159,22.0,24.859455,2.859455
train,35,160,21.0,26.655983,5.655983
train,35,161,20.0,22.686913,2.6869125
train,35,162,19.0,24.402626,5.402626
train,35,163,18.0,21.573893,3.5738926
train,35,164,17.0,20.799421,3.7994213
train,35,165,16.0,19.177807,3.1778069
train,35,166,15.0,17.196873,2.1968727
train,35,167,14.0,14.396237,0.39623737
train,35,168,13.0,14.042423,1.0424232
train,35,169,12.0,14.055713,2.0557127
train,35,170,11.0,14.826823,3.8268232
train,35,171,10.0,15.852881,5.8528814
train,35,172,9.0,15.684863,6.684863
train,35,173,8.0,15.620465,7.6204653
train,35,174,7.0,14.674339,7.6743393
train,35,175,6.0,15.617896,9.617896
train,35,176,5.0,14.102303,9.102303
train,35,177,4.0,11.385292,7.385292
train,35,178,3.0,11.9835,8.9835
train,35,179,2.0,11.74835,9.74835
train,35,180,1.0,11.411634,10.411634
train,35,181,0.0,9.038519,9.038519
train,36,30,128.0,159.32431,31.32431
train,36,31,127.0,157.22069,30.220688
train,36,32,126.0,159.36967,33.369675
train,36,33,125.0,154.89458,29.894577
train,36,34,124.0,148.80786,24.807861
train,36,35,123.0,143.41458,20.414581
train,36,36,122.0,137.14374,15.143738
train,36,37,121.0,129.37619,8.37619
train,36,38,120.0,126.191734,6.1917343
train,36,39,119.0,122.15651,3.1565094
train,36,40,118.0,112.1342,-5.865799
train,36,41,117.0,103.67803,-13.321968
train,36,42,116.0,98.403175,-17.596825
train,36,43,115.0,94.83398,-20.166023
train,36,44,114.0,96.10096,-17.89904
train,36,45,113.0,94.90517,-18.094833
train,36,46,112.0,100.83274,-11.167259
train,36,47,111.0,108.36198,-2.6380234
train,36,48,110.0,115.28268,5.2826767
train,36,49,109.0,123.48701,14.487007
train,36,50,108.0,118.88895,10.888947
train,36,51,107.0,115.71938,8.719383
train,36,52,106.0,112.76182,6.761818
train,36,53,105.0,113.91415,8.914146
train,36,54,104.0,120.55899,16.55899
train,36,55,103.0,125.82377,22.823769
train,36,56,102.0,127.72078,25.72078
train,36,57,101.0,131.75804,30.758041
train,36,58,100.0,129.4926,29.4926
train,36,59,99.0,128.25372,29.253723
train,36,60,98.0,124.44464,26.444641
train,36,61,97.0,116.41734,19.417343
train,36,62,96.0,111.81368,15.813683
train,36,63,95.0,109.97016,14.970161
train,36,64,94.0,107.89379,13.893791
train,36,65,93.0,111.04536,18.045357
train,36,66,92.0,114.26729,22.267288
train,36,67,91.0,111.152916,20.152916
train,36,68,90.0,111.49349,21.493492
train,36,69,89.0,109.824646,20.824646
train,36,70,88.0,105.38893,17.388931
train,36,71,87.0,107.13821,20.138206
train,36,72,86.0,100.08582,14.085823
train,36,73,85.0,96.874214,11.874214
train,36,74,84.0,92.133766,8.133766
train,36,75,83.0,95.61889,12.618889
train,36,76,82.0,102.5262,20.5262
train,36,77,81.0,103.880684,22.880684
train,36,78,80.0,103.72683,23.72683
train,36,79,79.0,102.10284,23.102837
train,36,80,78.0,102.37765,24.377647
train,36,81,77.0,101.36428,24.36428
train,36,82,76.0,101.756874,25.756874
train,36,83,75.0,96.68684,21.686836
train,36,84,74.0,94.64262,20.642616
train,36,85,73.0,90.690895,17.690895
train,36,86,72.0,88.60389,16.60389
train,36,87,71.0,85.62031,14.620308
train,36,88,70.0,77.65324,7.6532364
train,36,89,69.0,69.18633,0.1863327
train,36,90,68.0,62.2962,-5.7038
train,36,91,67.0,58.84561,-8.154388
train,36,92,66.0,64.82769,-1.1723099
train,36,93,65.0,70.40798,5.407982
train,36,94,64.0,71.93577,7.935768
train,36,95,63.0,72.85447,9.854469
train,36,96,62.0,73.52423,11.524231
train,36,97,61.0,78.51886,17.51886
train,36,98,60.0,77.911766,17.911766
train,36,99,59.0,75.65594,16.655937
train,36,100,58.0,76.24526,18.245262
train,36,101,57.0,74.751045,17.751045
train,36,102,56.0,75.297035,19.297035
train,36,103,55.0,74.46057,19.460571
train,36,104,54.0,72.34434,18.344337
train,36,105,53.0,68.69456,15.694557
train,36,106,52.0,65.98147,13.981468
train,36,107,51.0,63.650345,12.650345
train,36,108,50.0,64.64493,14.644928
train,36,109,49.0,69.02198,20.02198
train,36,110,48.0,73.18293,25.18293
train,36,111,47.0,76.60541,29.605408
train,36,112,46.0,71.54916,25.549156
train,36,113,45.0,66.16448,21.164482
train,36,114,44.0,61.51734,17.517342
train,36,115,43.0,58.997677,15.997677
train,36,116,42.0,59.787525,17.787525
train,36,117,41.0,58.248787,17.248787
train,36,118,40.0,57.961437,17.961437
train,36,119,39.0,60.406948,21.406948
train,36,120,38.0,61.74839,23.74839
train,36,121,37.0,60.739876,23.739876
train,36,122,36.0,57.946613,21.946613
train,36,123,35.0,53.12329,18.123291
train,36,124,34.0,51.481438,17.481438
train,36,125,33.0,49.958836,16.958836
train,36,126,32.0,48.74385,16.74385
train,36,127,31.0,50.49592,19.495918
train,36,128,30.0,45.66259,15.66259
train,36,129,29.0,41.944027,12.944027
train,36,130,28.0,38.529377,10.529377
train,36,131,27.0,35.04729,8.047291
train,36,132,26.0,30.146,4.146
train,36,133,25.0,27.463722,2.4637222
train,36,134,24.0,24.953854,0.9538536
train,36,135,23.0,24.151892,1.1518917
train,36,136,22.0,24.320421,2.3204212
train,36,137,21.0,22.301552,1.3015518
train,36,138,20.0,20.57341,0.57341003
train,36,139,19.0,19.314388,0.31438828
train,36,140,18.0,19.97851,1.9785099
train,36,141,17.0,18.162193,1.1621933
train,36,142,16.0,22.349726,6.3497257
train,36,143,15.0,20.720737,5.7207375
train,36,144,14.0,21.637259,7.6372585
train,36,145,13.0,20.795809,7.795809
train,36,146,12.0,17.571075,5.5710754
train,36,147,11.0,15.112069,4.112069
train,36,148,10.0,15.711126,5.7111263
train,36,149,9.0,12.969137,3.9691372
train,36,150,8.0,12.592697,4.592697
train,36,151,7.0,11.690853,4.690853
train,36,152,6.0,10.239256,4.239256
train,36,153,5.0,7.895147,2.8951468
train,36,154,4.0,6.652071,2.652071
train,36,155,3.0,5.8256454,2.8256454
train,36,156,2.0,2.9720645,0.9720645
train,36,157,1.0,1.9602438,0.9602438
train,36,158,0.0,0.4111074,0.4111074
train,39,30,98.0,125.03196,27.03196
train,39,31,97.0,123.184074,26.184074
train,39,32,96.0,123.09599,27.095993
train,39,33,95.0,120.03933,25.03933
train,39,34,94.0,116.008354,22.008354
train,39,35,93.0,110.27982,17.279823
train,39,36,92.0,107.73675,15.736748
train,39,37,91.0,104.00026,13.000259
train,39,38,90.0,102.61854,12.618538
train,39,39,89.0,99.43534,10.435341
train,39,40,88.0,91.628815,3.6288147
train,39,41,87.0,87.25129,0.25128937
train,39,42,86.0,84.37056,-1.6294403
train,39,43,85.0,86.32647,1.3264694
train,39,44,84.0,88.13712,4.137123
train,39,45,83.0,88.399025,5.399025
train,39,46,82.0,88.355,6.3550034
train,39,47,81.0,91.452995,10.452995
train,39,48,80.0,92.58202,12.582024
train,39,49,79.0,98.215515,19.215515
train,39,50,78.0,103.31303,25.313026
train,39,51,77.0,109.31663,32.316628
train,39,52,76.0,119.67205,43.67205
train,39,53,75.0,130.59961,55.59961
train,39,54,74.0,133.76714,59.767136
train,39,55,73.0,135.52338,62.523376
train,39,56,72.0,135.28421,63.28421
train,39,57,71.0,137.78392,66.78392
train,39,58,70.0,139.26949,69.269485
train,39,59,69.0,137.56503,68.56503
train,39,60,68.0,136.39606,68.39606
train,39,61,67.0,131.41684,64.41684
train,39,62,66.0,132.53198,66.53198
train,39,63,65.0,133.9509,68.9509
train,39,64,64.0,134.23645,70.23645
train,39,65,63.0,133.51549,70.51549
train,39,66,62.0,127.15128,65.15128
train,39,67,61.0,118.44002,57.440018
train,39,68,60.0,110.918465,50.918465
train,39,69,59.0,101.56083,42.56083
train,39,70,58.0,94.64492,36.64492
train,39,71,57.0,92.693886,35.693886
train,39,72,56.0,88.80019,32.800194
train,39,73,55.0,87.35422,32.354218
train,39,74,54.0,85.78068,31.780678
train,39,75,53.0,79.41561,26.415611
train,39,76,52.0,72.16357,20.163567
train,39,77,51.0,69.248245,18.248245
train,39,78,50.0,69.486946,19.486946
train,39,79,49.0,69.921974,20.921974
train,39,80,48.0,72.654594,24.654594
train,39,81,47.0,76.60551,29.605507
train,39,82,46.0,78.46898,32.46898
train,39,83,45.0,74.69953,29.699532
train,39,84,44.0,69.67017,25.670174
train,39,85,43.0,64.31868,21.31868
train,39,86,42.0,63.53779,21.537788
train,39,87,41.0,61.65718,20.65718
train,39,88,40.0,62.61035,22.610352
train,39,89,39.0,63.855705,24.855705
train,39,90,38.0,63.765556,25.765556
train,39,91,37.0,66.06493,29.064934
train,39,92,36.0,60.209663,24.209663
train,39,93,35.0,56.59019,21.59019
train,39,94,34.0,52.550034,18.550034
train,39,95,33.0,46.83143,13.831429
train,39,96,32.0,41.40718,9.407181
train,39,97,31.0,40.016663,9.016663
train,39,98,30.0,40.74797,10.747971
train,39,99,29.0,43.164215,14.164215
train,39,100,28.0,47.294098,19.294098
train,39,101,27.0,48.885544,21.885544
train,39,102,26.0,46.122517,20.122517
train,39,103,25.0,42.33856,17.338558
train,39,104,24.0,40.278698,16.278698
train,39,105,23.0,38.487877,15.487877
train,39,106,22.0,41.5175,19.517502
train,39,107,21.0,43.054253,22.054253
train,39,108,20.0,44.71793,24.71793
train,39,109,19.0,43.49537,24.495369
train,39,110,18.0,42.135,24.134998
train,39,111,17.0,40.77229,23.77229
train,39,112,16.0,34.1583,18.158298
train,39,113,15.0,30.770351,15.770351
train,39,114,14.0,27.440125,13.4401245
train,39,115,13.0,22.744225,9.744225
train,39,116,12.0,23.747046,11.7470455
train,39,117,11.0,22.69431,11.694309
train,39,118,10.0,18.983894,8.983894
train,39,119,9.0,13.913427,4.9134274
train,39,120,8.0,11.599979,3.5999794
train,39,121,7.0,7.1310663,0.13106632
train,39,122,6.0,1.4046544,-4.5953455
train,39,123,5.0,-1.0743568,-6.074357
train,39,124,4.0,0.56826824,-3.4317317
train,39,125,3.0,3.368738,0.36873794
train,39,126,2.0,1.850926,-0.14907396
train,39,127,1.0,0.79533774,-0.20466226
train,39,128,0.0,-2.1820822,-2.1820822
train,40,30,158.0,139.79416,-18.205841
train,40,31,157.0,142.88075,-14.119247
train,40,32,156.0,140.80356,-15.196442
train,40,33,155.0,149.5574,-5.4425964
train,40,34,154.0,148.11865,-5.8813477
train,40,35,153.0,146.83565,-6.1643524
train,40,36,152.0,141.79794,-10.202057
train,40,37,151.0,137.0835,-13.916504
train,40,38,150.0,133.95428,-16.045715
train,40,39,149.0,129.06183,-19.938171
train,40,40,148.0,124.50673,-23.49327
train,40,41,147.0,122.83654,-24.16346
train,40,42,146.0,117.932274,-28.067726
train,40,43,145.0,118.673485,-26.326515
train,40,44,144.0,115.994194,-28.005806
train,40,45,143.0,114.78806,-28.211937
train,40,46,142.0,115.46888,-26.53112
train,40,47,141.0,109.74633,-31.25367
train,40,48,140.0,102.22119,-37.77881
train,40,49,139.0,99.65438,-39.34562
train,40,50,138.0,99.8731,-38.1269
train,40,51,137.0,100.012726,-36.987274
train,40,52,136.0,100.57505,-35.42495
train,40,53,135.0,99.37443,-35.625572
train,40,54,134.0,98.86464,-35.13536
train,40,55,133.0,96.61578,-36.384216
train,40,56,132.0,103.567894,-28.432106
train,40,57,131.0,112.10959,-18.890411
train,40,58,130.0,122.51005,-7.489952
train,40,59,129.0,123.75062,-5.249382
train,40,60,128.0,126.668724,-1.3312759
train,40,61,127.0,123.973755,-3.026245
train,40,62,126.0,121.459305,-4.540695
train,40,63,125.0,120.96821,-4.0317917
train,40,64,124.0,118.400536,-5.5994644
train,40,65,123.0,117.062874,-5.937126
train,40,66,122.0,119.81942,-2.1805801
train,40,67,121.0,127.09907,6.0990677
train,40,68,120.0,128.03413,8.034134
train,40,69,119.0,128.59085,9.590851
train,40,70,118.0,135.40465,17.404648
train,40,71,117.0,137.47745,20.477448
train,40,72,116.0,136.3092,20.309204
train,40,73,115.0,134.2825,19.282501
train,40,74,114.0,127.44604,13.446037
train,40,75,113.0,122.44016,9.440163
train,40,76,112.0,120.664665,8.664665
train,40,77,111.0,114.10153,3.101532
train,40,78,110.0,110.74761,0.747612
train,40,79,109.0,107.1845,-1.8154984
train,40,80,108.0,105.7739,-2.226097
train,40,81,107.0,109.38058,2.380577
train,40,82,106.0,113.00116,7.0011597
train,40,83,105.0,113.49903,8.499031
train,40,84,104.0,112.7569,8.756897
train,40,85,103.0,113.020775,10.020775
train,40,86,102.0,113.87075,11.87075
train,40,87,101.0,112.2548,11.254799
train,40,88,100.0,108.7552,8.755203
train,40,89,99.0,109.66913,10.669128
train,40,90,98.0,107.32946,9.32946
train,40,91,97.0,104.75045,7.75045
train,40,92,96.0,101.50277,5.5027695
train,40,93,95.0,97.03632,2.0363235
train,40,94,94.0,95.13768,1.13768
train,40,95,93.0,93.74334,0.74333954
train,40,96,92.0,95.224686,3.2246857
train,40,97,91.0,94.50381,3.503807
train,40,98,90.0,93.11095,3.1109467
train,40,99,89.0,95.11857,6.1185684
train,40,100,88.0,94.180214,6.180214
train,40,101,87.0,90.95608,3.9560776
train,40,102,86.0,83.76993,-2.230072
train,40,103,85.0,77.32593,-7.6740723
train,40,104,84.0,76.51664,-7.4833603
train,40,105,83.0,76.68886,-6.311142
train,40,106,82.0,79.470276,-2.5297241
train,40,107,81.0,85.34618,4.346184
train,40,108,80.0,83.17699,3.1769867
train,40,109,79.0,78.54479,-0.45520782
train,40,110,78.0,73.31444,-4.685562
train,40,111,77.0,71.14768,-5.852318
train,40,112,76.0,70.27405,-5.725952
train,40,113,75.0,71.11196,-3.8880386
train,40,114,74.0,71.75193,-2.2480698
train,40,115,73.0,73.956985,0.9569855
train,40,116,72.0,73.14588,1.1458817
train,40,117,71.0,70.040665,-0.9593353
train,40,118,70.0,65.822784,-4.1772156
train,40,119,69.0,60.19672,-8.80328
train,40,120,68.0,56.531563,-11.468437
train,40,121,67.0,56.892467,-10.1075325
train,40,122,66.0,58.655384,-7.344616
train,40,123,65.0,60.698673,-4.3013268
train,40,124,64.0,59.88157,-4.118431
train,40,125,63.0,55.936974,-7.0630264
train,40,126,62.0,51.8118,-10.188202
train,40,127,61.0,47.624966,-13.375034
train,40,128,60.0,43.392006,-16.607994
train,40,129,59.0,39.69053,-19.309471
train,40,130,58.0,38.881355,-19.118645
train,40,131,57.0,36.313076,-20.686924
train,40,132,56.0,35.094864,-20.905136
train,40,133,55.0,38.039207,-16.960793
train,40,134,54.0,35.233727,-18.766273
train,40,135,53.0,35.34212,-17.657879
train,40,136,52.0,35.345016,-16.654984
train,40,137,51.0,38.272354,-12.727646
train,40,138,50.0,39.1629,-10.837101
train,40,139,49.0,39.565388,-9.434612
train,40,140,48.0,39.787483,-8.212517
train,40,141,47.0,39.778343,-7.221657
train,40,142,46.0,39.860046,-6.1399536
train,40,143,45.0,36.537342,-8.462658
train,40,144,44.0,33.35633,-10.643669
train,40,145,43.0,31.206459,-11.793541
train,40,146,42.0,29.161163,-12.838837
train,40,147,41.0,28.67305,-12.32695
train,40,148,40.0,30.734634,-9.265366
train,40,149,39.0,32.476334,-6.5236664
train,40,150,38.0,33.488365,-4.511635
train,40,151,37.0,30.971163,-6.028837
train,40,152,36.0,30.94043,-5.0595703
train,40,153,35.0,31.655529,-3.344471
train,40,154,34.0,27.70237,-6.2976303
train,40,155,33.0,24.09769,-8.902309
train,40,156,32.0,21.922117,-10.077883
train,40,157,31.0,18.46901,-12.530991
train,40,158,30.0,16.633736,-13.366264
train,40,159,29.0,16.906412,-12.093588
train,40,160,28.0,16.422224,-11.577776
train,40,161,27.0,12.4253845,-14.5746155
train,40,162,26.0,12.031464,-13.968536
train,40,163,25.0,14.739971,-10.260029
train,40,164,24.0,17.759823,-6.240177
train,40,165,23.0,19.777458,-3.2225418
train,40,166,22.0,22.434128,0.4341278
train,40,167,21.0,21.188728,0.18872833
train,40,168,20.0,19.987343,-0.0126571655
train,40,169,19.0,19.080326,0.08032608
train,40,170,18.0,18.510174,0.5101738
train,40,171,17.0,21.109577,4.109577
train,40,172,16.0,17.807064,1.807064
train,40,173,15.0,17.60377,2.6037693
train,40,174,14.0,16.867264,2.8672638
train,40,175,13.0,16.166107,3.1661072
train,40,176,12.0,16.130877,4.1308765
train,40,177,11.0,16.474606,5.4746056
train,40,178,10.0,16.331781,6.3317814
train,40,179,9.0,14.381692,5.381692
train,40,180,8.0,14.096328,6.096328
train,40,181,7.0,12.8528,5.8528004
train,40,182,6.0,12.157896,6.157896
train,40,183,5.0,9.834629,4.834629
train,40,184,4.0,8.3125305,4.3125305
train,40,185,3.0,6.9013095,3.9013095
train,40,186,2.0,5.285844,3.2858438
train,40,187,1.0,1.8713189,0.87131894
train,40,188,0.0,-0.2592689,-0.2592689
train,41,30,186.0,152.2496,-33.750397
train,41,31,185.0,150.99313,-34.006866
train,41,32,184.0,144.56555,-39.43445
train,41,33,183.0,139.85336,-43.146637
train,41,34,182.0,135.85571,-46.144287
train,41,35,181.0,130.44188,-50.55812
train,41,36,180.0,130.17819,-49.821808
train,41,37,179.0,138.6419,-40.358093
train,41,38,178.0,146.85364,-31.146362
train,41,39,177.0,153.10516,-23.894836
train,41,40,176.0,160.50256,-15.497437
train,41,41,175.0,166.26067,-8.739334
train,41,42,174.0,173.24243,-0.75756836
train,41,43,173.0,175.95978,2.9597778
train,41,44,172.0,176.02248,4.022476
train,41,45,171.0,179.58752,8.587524
train,41,46,170.0,182.2905,12.290497
train,41,47,169.0,190.49423,21.494232
train,41,48,168.0,183.13351,15.133514
train,41,49,167.0,167.48163,0.48162842
train,41,50,166.0,155.38744,-10.612564
train,41,51,165.0,153.71707,-11.282928
train,41,52,164.0,151.2507,-12.749298
train,41,53,163.0,147.64441,-15.355591
train,41,54,162.0,148.29321,-13.706787
train,41,55,161.0,147.56773,-13.432266
train,41,56,160.0,151.23985,-8.760147
train,41,57,159.0,152.84784,-6.1521606
train,41,58,158.0,149.51347,-8.4865265
train,41,59,157.0,148.93466,-8.065338
train,41,60,156.0,143.10934,-12.8906555
train,41,61,155.0,145.11447,-9.885529
train,41,62,154.0,138.5588,-15.441193
train,41,63,153.0,130.49988,-22.500122
train,41,64,152.0,127.79459,-24.205406
train,41,65,151.0,130.67023,-20.329773
train,41,66,150.0,134.0065,-15.9935
train,41,67,149.0,133.54944,-15.450562
train,41,68,148.0,126.73541,-21.264587
train,41,69,147.0,122.794586,-24.205414
train,41,70,146.0,119.807144,-26.192856
train,41,71,145.0,130.36371,-14.6362915
train,41,72,144.0,145.8449,1.8448944
train,41,73,143.0,154.72162,11.721619
train,41,74,142.0,158.96448,16.964478
train,41,75,141.0,151.83353,10.833527
train,41,76,140.0,141.29597,1.2959747
train,41,77,139.0,133.30167,-5.6983337
train,41,78,138.0,131.2581,-6.7418976
train,41,79,137.0,128.56497,-8.435028
train,41,80,136.0,129.08466,-6.915344
train,41,81,135.0,135.37166,0.37165833
train,41,82,134.0,138.73093,4.7309265
train,41,83,133.0,140.8057,7.8056946
train,41,84,132.0,143.78433,11.784332
train,41,85,131.0,142.48627,11.486267
train,41,86,130.0,144.28625,14.286255
train,41,87,129.0,148.83069,19.830688
train,41,88,128.0,154.29779,26.29779
train,41,89,127.0,159.72333,32.723328
train,41,90,126.0,162.71759,36.71759
train,41,91,125.0,159.53055,34.53055
train,41,92,124.0,157.2342,33.234207
train,41,93,123.0,153.66866,30.668655
train,41,94,122.0,152.62802,30.628021
train,41,95,121.0,144.54938,23.549377
train,41,96,120.0,137.16412,17.164124
train,41,97,119.0,129.47615,10.4761505
train,41,98,118.0,127.502426,9.502426
train,41,99,117.0,133.94138,16.941376
train,41,100,116.0,129.62503,13.6250305
train,41,101,115.0,124.6351,9.635101
train,41,102,114.0,111.96613,-2.033867
train,41,103,113.0,103.6829,-9.317101
train,41,104,112.0,105.96592,-6.0340805
train,41,105,111.0,104.93256,-6.067436
train,41,106,110.0,105.20409,-4.7959137
train,41,107,109.0,103.47596,-5.52404
train,41,108,108.0,100.38147,-7.6185303
train,41,109,107.0,95.10035,-11.899651
train,41,110,106.0,90.60526,-15.394737
train,41,111,105.0,93.09747,-11.902527
train,41,112,104.0,89.35189,-14.648109
train,41,113,103.0,88.04534,-14.9546585
train,41,114,102.0,88.429245,-13.570755
train,41,115,101.0,97.8335,-3.1664963
train,41,116,100.0,102.83507,2.8350677
train,41,117,99.0,109.76404,10.764038
train,41,118,98.0,109.24473,11.244728
train,41,119,97.0,109.42922,12.429222
train,41,120,96.0,114.50696,18.506958
train,41,121,95.0,117.56147,22.56147
train,41,122,94.0,117.07319,23.073189
train,41,123,93.0,111.40705,18.407051
train,41,124,92.0,102.41156,10.41156
train,41,125,91.0,92.819214,1.8192139
train,41,126,90.0,87.890114,-2.1098862
train,41,127,89.0,79.299576,-9.700424
train,41,128,88.0,69.896736,-18.103264
train,41,129,87.0,65.45201,-21.547989
train,41,130,86.0,62.326126,-23.673874
train,41,131,85.0,63.05826,-21.941738
train,41,132,84.0,60.60655,-23.393452
train,41,133,83.0,63.1433,-19.8567
train,41,134,82.0,64.390686,-17.609314
train,41,135,81.0,61.04255,-19.95745
train,41,136,80.0,58.5719,-21.4281
train,41,137,79.0,60.1932,-18.8068
train,41,138,78.0,65.7178,-12.282204
train,41,139,77.0,67.057465,-9.942535
train,41,140,76.0,61.86218,-14.137821
train,41,141,75.0,62.55,-12.450001
train,41,142,74.0,65.836945,-8.163055
train,41,143,73.0,65.58292,-7.4170837
train,41,144,72.0,76.34557,4.3455734
train,41,145,71.0,78.4585,7.4585037
train,41,146,70.0,77.44421,7.444206
train,41,147,69.0,76.22828,7.228279
train,41,148,68.0,76.12107,8.121071
train,41,149,67.0,73.58175,6.581749
train,41,150,66.0,65.869835,-0.1301651
train,41,151,65.0,60.54097,-4.45903
train,41,152,64.0,56.57551,-7.424492
train,41,153,63.0,49.06255,-13.93745
train,41,154,62.0,50.079567,-11.920433
train,41,155,61.0,49.919056,-11.080944
train,41,156,60.0,49.373466,-10.6265335
train,41,157,59.0,54.697617,-4.3023834
train,41,158,58.0,54.377647,-3.6223526
train,41,159,57.0,53.451744,-3.548256
train,41,160,56.0,44.721085,-11.278915
train,41,161,55.0,41.10899,-13.89101
train,41,162,54.0,37.094322,-16.905678
train,41,163,53.0,37.299965,-15.700035
train,41,164,52.0,34.674393,-17.325607
train,41,165,51.0,33.33126,-17.66874
train,41,166,50.0,33.592457,-16.407543
train,41,167,49.0,30.186073,-18.813927
train,41,168,48.0,30.201523,-17.798477
train,41,169,47.0,28.473469,-18.526531
train,41,170,46.0,30.24899,-15.751011
train,41,171,45.0,33.852943,-11.147057
train,41,172,44.0,38.510956,-5.489044
train,41,173,43.0,42.897766,-0.10223389
train,41,174,42.0,45.60456,3.6045609
train,41,175,41.0,44.895092,3.895092
train,41,176,40.0,42.42296,2.4229584
train,41,177,39.0,40.129173,1.1291733
train,41,178,38.0,41.73456,3.734558
train,41,179,37.0,40.68389,3.6838913
train,41,180,36.0,42.837708,6.8377075
train,41,181,35.0,45.2118,10.2118
train,41,182,34.0,46.704712,12.704712
train,41,183,33.0,49.36378,16.363781
train,41,184,32.0,49.279236,17.279236
train,41,185,31.0,50.550156,19.550156
train,41,186,30.0,48.921234,18.921234
train,41,187,29.0,43.943604,14.9436035
train,41,188,28.0,39.72087,11.720871
train,41,189,27.0,36.42749,9.42749
train,41,190,26.0,33.757145,7.757145
train,41,191,25.0,31.875265,6.875265
train,41,192,24.0,33.486526,9.4865265
train,41,193,23.0,30.483027,7.4830265
train,41,194,22.0,26.186092,4.1860924
train,41,195,21.0,22.75572,1.7557201
train,41,196,20.0,21.045334,1.0453339
train,41,197,19.0,17.441872,-1.5581284
train,41,198,18.0,15.325263,-2.674737
train,41,199,17.0,13.728045,-3.2719545
train,41,200,16.0,12.050398,-3.9496021
train,41,201,15.0,10.282674,-4.717326
train,41,202,14.0,9.36471,-4.63529
train,41,203,13.0,9.107057,-3.8929434
train,41,204,12.0,7.486002,-4.513998
train,41,205,11.0,7.2532134,-3.7467866
train,41,206,10.0,9.377832,-0.6221676
train,41,207,9.0,5.1805077,-3.8194923
train,41,208,8.0,6.330799,-1.6692009
train,41,209,7.0,6.1637306,-0.8362694
train,41,210,6.0,7.801921,1.8019209
train,41,211,5.0,6.0236263,1.0236263
train,41,212,4.0,3.6141493,-0.38585067
train,41,213,3.0,1.3731834,-1.6268166
train,41,214,2.0,-0.26868883,-2.268689
train,41,215,1.0,-0.42410138,-1.4241014
train,41,216,0.0,-2.708007,-2.708007
train,42,30,166.0,159.06125,-6.938751
train,42,31,165.0,167.23676,2.2367554
train,42,32,164.0,165.74835,1.748352
train,42,33,163.0,164.38774,1.3877411
train,42,34,162.0,169.70876,7.7087555
train,42,35,161.0,177.43878,16.438782
train,42,36,160.0,184.47118,24.471176
train,42,37,159.0,180.63397,21.633972
train,42,38,158.0,178.9169,20.9169
train,42,39,157.0,169.0352,12.035202
train,42,40,156.0,160.6193,4.619293
train,42,41,155.0,160.8285,5.8285065
train,42,42,154.0,167.97725,13.977249
train,42,43,153.0,173.40173,20.401733
train,42,44,152.0,172.50366,20.503662
train,42,45,151.0,170.05946,19.059464
train,42,46,150.0,169.0094,19.0094
train,42,47,149.0,161.54092,12.540924
train,42,48,148.0,165.28143,17.281433
train,42,49,147.0,164.14845,17.148453
train,42,50,146.0,157.69601,11.696014
train,42,51,145.0,156.66338,11.663376
train,42,52,144.0,146.22797,2.2279663
train,42,53,143.0,145.86581,2.8658142
train,42,54,142.0,147.60057,5.6005707
train,42,55,141.0,153.82672,12.826721
train,42,56,140.0,160.14702,20.147018
train,42,57,139.0,159.04294,20.042938
train,42,58,138.0,155.61885,17.61885
train,42,59,137.0,147.50443,10.504425
train,42,60,136.0,142.42043,6.4204254
train,42,61,135.0,139.77951,4.7795105
train,42,62,134.0,136.90123,2.9012299
train,42,63,133.0,134.54349,1.5434875
train,42,64,132.0,136.97728,4.9772797
train,42,65,131.0,142.57855,11.578552
train,42,66,130.0,136.57062,6.5706177
train,42,67,129.0,128.51414,-0.4858551
train,42,68,128.0,127.15626,-0.8437424
train,42,69,127.0,134.38132,7.381317
train,42,70,126.0,135.64183,9.64183
train,42,71,125.0,140.7414,15.741394
train,42,72,124.0,138.6477,14.647705
train,42,73,123.0,132.11217,9.112167
train,42,74,122.0,121.339485,-0.66051483
train,42,75,121.0,118.97291,-2.027092
train,42,76,120.0,118.52568,-1.4743195
train,42,77,119.0,124.5982,5.598198
train,42,78,118.0,125.58481,7.5848083
train,42,79,117.0,118.67344,1.673439
train,42,80,116.0,125.00201,9.002007
train,42,81,115.0,129.94186,14.941864
train,42,82,114.0,131.79288,17.792877
train,42,83,113.0,127.33698,14.336983
train,42,84,112.0,124.08423,12.0842285
train,42,85,111.0,123.053085,12.053085
train,42,86,110.0,119.80724,9.807243
train,42,87,109.0,120.11194,11.111938
train,42,88,108.0,122.84637,14.846367
train,42,89,107.0,123.259575,16.259575
train,42,90,106.0,125.24305,19.24305
train,42,91,105.0,125.00419,20.004189
train,42,92,104.0,127.78327,23.783272
train,42,93,103.0,128.07578,25.075775
train,42,94,102.0,124.39298,22.392982
train,42,95,101.0,121.51879,20.518791
train,42,96,100.0,122.84869,22.848686
train,42,97,99.0,123.844025,24.844025
train,42,98,98.0,120.958984,22.958984
train,42,99,97.0,125.30059,28.30059
train,42,100,96.0,121.74929,25.74929
train,42,101,95.0,119.22407,24.224068
train,42,102,94.0,108.31571,14.315712
train,42,103,93.0,107.11281,14.112808
train,42,104,92.0,115.32951,23.329514
train,42,105,91.0,123.45052,32.450523
train,42,106,90.0,128.79358,38.79358
train,42,107,89.0,127.72855,38.728554
train,42,108,88.0,125.06897,37.06897
train,42,109,87.0,116.88311,29.88311
train,42,110,86.0,105.73154,19.731537
train,42,111,85.0,96.29066,11.290657
train,42,112,84.0,91.14489,7.14489
train,42,113,83.0,82.51083,-0.48916626
train,42,114,82.0,80.735634,-1.2643661
train,42,115,81.0,74.570274,-6.4297256
train,42,116,80.0,67.14953,-12.8504715
train,42,117,79.0,64.79392,-14.206078
train,42,118,78.0,66.00233,-11.997673
train,42,119,77.0,68.151146,-8.848854
train,42,120,76.0,68.42838,-7.571617
train,42,121,75.0,73.379524,-1.6204758
train,42,122,74.0,74.665924,0.6659241
train,42,123,73.0,67.993225,-5.006775
train,42,124,72.0,66.46406,-5.535942
train,42,125,71.0,67.44784,-3.5521622
train,42,126,70.0,72.826195,2.8261948
train,42,127,69.0,81.54832,12.548317
train,42,128,68.0,88.629326,20.629326
train,42,129,67.0,93.115234,26.115234
train,42,130,66.0,94.08338,28.083382
train,42,131,65.0,96.29685,31.296852
train,42,132,64.0,93.768585,29.768585
train,42,133,63.0,94.04494,31.044937
train,42,134,62.0,93.95985,31.959846
train,42,135,61.0,88.76875,27.768753
train,42,136,60.0,84.83531,24.835312
train,42,137,59.0,87.29254,28.292542
train,42,138,58.0,89.14434,31.14434
train,42,139,57.0,90.50149,33.501488
train,42,140,56.0,91.91309,35.913094
train,42,141,55.0,93.13119,38.131187
train,42,142,54.0,94.86625,40.86625
train,42,143,53.0,91.82613,38.826134
train,42,144,52.0,85.036415,33.036415
train,42,145,51.0,80.05163,29.051628
train,42,146,50.0,75.59443,25.594429
train,42,147,49.0,71.951004,22.951004
train,42,148,48.0,69.90312,21.903122
train,42,149,47.0,67.47753,20.477531
train,42,150,46.0,63.13803,17.138031
train,42,151,45.0,57.679478,12.679478
train,42,152,44.0,54.389317,10.389317
train,42,153,43.0,57.440514,14.440514
train,42,154,42.0,63.776844,21.776844
train,42,155,41.0,70.0458,29.0458
train,42,156,40.0,71.34376,31.343758
train,42,157,39.0,73.788795,34.788795
train,42,158,38.0,73.188774,35.188774
train,42,159,37.0,74.915794,37.915794
train,42,160,36.0,72.268906,36.268906
train,42,161,35.0,63.518833,28.518833
train,42,162,34.0,57.74079,23.740791
train,42,163,33.0,52.41856,19.41856
train,42,164,32.0,51.267815,19.267815
train,42,165,31.0,48.560223,17.560223
train,42,166,30.0,45.507114,15.507114
train,42,167,29.0,44.081795,15.081795
train,42,168,28.0,43.05182,15.051819
train,42,169,27.0,42.352253,15.352253
train,42,170,26.0,42.14026,16.140259
train,42,171,25.0,37.931004,12.931004
train,42,172,24.0,36.183773,12.183773
train,42,173,23.0,33.504967,10.504967
train,42,174,22.0,32.247093,10.247093
train,42,175,21.0,27.689999,6.6899986
train,42,176,20.0,23.611744,3.611744
train,42,177,19.0,21.791847,2.7918472
train,42,178,18.0,16.915245,-1.084755
train,42,179,17.0,11.922332,-5.077668
train,42,180,16.0,9.254791,-6.7452087
train,42,181,15.0,8.746107,-6.253893
train,42,182,14.0,7.49235,-6.50765
train,42,183,13.0,7.974127,-5.025873
train,42,184,12.0,6.971835,-5.028165
train,42,185,11.0,10.736883,-0.26311684
train,42,186,10.0,9.643181,-0.35681915
train,42,187,9.0,8.363833,-0.6361666
train,42,188,8.0,8.30184,0.30183983
train,42,189,7.0,5.5779147,-1.4220853
train,42,190,6.0,5.8180523,-0.18194771
train,42,191,5.0,3.0815654,-1.9184346
train,42,192,4.0,0.9160953,-3.0839047
train,42,193,3.0,-0.08204476,-3.0820448
train,42,194,2.0,-0.38877264,-2.3887727
train,42,195,1.0,0.8395719,-0.1604281
train,42,196,0.0,-2.859899,-2.859899
train,43,30,177.0,172.89525,-4.1047516
train,43,31,176.0,175.38808,-0.6119232
train,43,32,175.0,172.20634,-2.7936554
train,43,33,174.0,169.62784,-4.372162
train,43,34,173.0,166.44331,-6.5566864
train,43,35,172.0,164.98029,-7.0197144
train,43,36,171.0,161.39635,-9.603653
train,43,37,170.0,156.16035,-13.839645
train,43,38,169.0,149.75809,-19.241913
train,43,39,168.0,151.10686,-16.893143
train,43,40,167.0,148.17871,-18.82129
train,43,41,166.0,153.25113,-12.748871
train,43,42,165.0,150.18988,-14.81012
train,43,43,164.0,144.24771,-19.752289
train,43,44,163.0,141.90854,-21.091461
train,43,45,162.0,145.7106,-16.289398
train,43,46,161.0,144.02606,-16.973938
train,43,47,160.0,147.10208,-12.897919
train,43,48,159.0,145.16785,-13.832153
train,43,49,158.0,143.90977,-14.090225
train,43,50,157.0,142.3515,-14.648499
train,43,51,156.0,142.8292,-13.170807
train,43,52,155.0,143.61087,-11.38913
train,43,53,154.0,137.34271,-16.657288
train,43,54,153.0,135.45056,-17.549438
train,43,55,152.0,130.44116,-21.558838
train,43,56,151.0,127.46057,-23.539429
train,43,57,150.0,139.92003,-10.079971
train,43,58,149.0,144.50424,-4.495758
train,43,59,148.0,143.61092,-4.389084
train,43,60,147.0,145.05035,-1.949646
train,43,61,146.0,145.13176,-0.86824036
train,43,62,145.0,139.71373,-5.28627
train,43,63,144.0,141.97711,-2.0228882
train,43,64,143.0,147.99164,4.991638
train,43,65,142.0,151.33215,9.332153
train,43,66,141.0,150.23625,9.236252
train,43,67,140.0,151.52454,11.524536
train,43,68,139.0,154.87842,15.878418
train,43,69,138.0,150.12819,12.128189
train,43,70,137.0,140.85666,3.856659
train,43,71,136.0,136.45581,0.45581055
train,43,72,135.0,135.47266,0.47265625
train,43,73,134.0,138.82858,4.828583
train,43,74,133.0,138.66484,5.6648407
train,43,75,132.0,139.32428,7.32428
train,43,76,131.0,137.88406,6.8840637
train,43,77,130.0,136.64749,6.6474915
train,43,78,129.0,135.89078,6.8907776
train,43,79,128.0,130.68689,2.6868896
train,43,80,127.0,128.08585,1.085846
train,43,81,126.0,132.24738,6.2473755
train,43,82,125.0,134.35767,9.357666
train,43,83,124.0,137.3921,13.392105
train,43,84,123.0,137.98563,14.985626
train,43,85,122.0,136.21219,14.212189
train,43,86,121.0,130.85538,9.855377
train,43,87,120.0,126.689156,6.6891556
train,43,88,119.0,126.11031,7.1103134
train,43,89,118.0,127.80904,9.809036
train,43,90,117.0,134.02464,17.024643
train,43,91,116.0,142.19463,26.194626
train,43,92,115.0,144.28091,29.280914
train,43,93,114.0,146.73727,32.737274
train,43,94,113.0,145.81915,32.819153
train,43,95,112.0,146.60458,34.604584
train,43,96,111.0,145.86636,34.866364
train,43,97,110.0,143.25995,33.25995
train,43,98,109.0,143.75645,34.756454
train,43,99,108.0,145.92795,37.927948
train,43,100,107.0,151.2638,44.263794
train,43,101,106.0,159.11246,53.112457
train,43,102,105.0,157.48238,52.482376
train,43,103,104.0,156.7139,52.713898
train,43,104,103.0,155.61282,52.612823
train,43,105,102.0,146.40413,44.40413
train,43,106,101.0,135.68037,34.680374
train,43,107,100.0,130.47067,30.470673
train,43,108,99.0,126.33033,27.33033
train,43,109,98.0,128.18079,30.180786
train,43,110,97.0,133.32245,36.32245
train,43,111,96.0,128.95232,32.952316
train,43,112,95.0,124.181274,29.181274
train,43,113,94.0,106.1893,12.189301
train,43,114,93.0,98.40831,5.40831
train,43,115,92.0,86.492455,-5.5075455
train,43,116,91.0,81.34187,-9.658127
train,43,117,90.0,72.8062,-17.193802
train,43,118,89.0,81.94984,-7.0501633
train,43,119,88.0,88.729256,0.7292557
train,43,120,87.0,90.887245,3.8872452
train,43,121,86.0,89.85583,3.8558273
train,43,122,85.0,94.82174,9.821739
train,43,123,84.0,92.041,8.041
train,43,124,83.0,90.432014,7.4320145
train,43,125,82.0,89.832275,7.8322754
train,43,126,81.0,97.62082,16.62082
train,43,127,80.0,94.36227,14.362267
train,43,128,79.0,105.636284,26.636284
train,43,129,78.0,112.530815,34.530815
train,43,130,77.0,116.04144,39.041443
train,43,131,76.0,115.45141,39.45141
train,43,132,75.0,117.55967,42.55967
train,43,133,74.0,112.8384,38.8384
train,43,134,73.0,112.248116,39.248116
train,43,135,72.0,111.02235,39.022346
train,43,136,71.0,113.841835,42.841835
train,43,137,70.0,115.68827,45.68827
train,43,138,69.0,106.65437,37.654373
train,43,139,68.0,102.087616,34.087616
train,43,140,67.0,92.046776,25.046776
train,43,141,66.0,85.903915,19.903915
train,43,142,65.0,80.79864,15.798637
train,43,143,64.0,79.412926,15.412926
train,43,144,63.0,78.85666,15.856659
train,43,145,62.0,80.913635,18.913635
train,43,146,61.0,84.73735,23.73735
train,43,147,60.0,85.275826,25.275826
train,43,148,59.0,86.95784,27.95784
train,43,149,58.0,88.26504,30.265038
train,43,150,57.0,90.03063,33.030632
train,43,151,56.0,86.67545,30.675453
train,43,152,55.0,85.173294,30.173294
train,43,153,54.0,87.4699,33.469902
train,43,154,53.0,87.66935,34.66935
train,43,155,52.0,88.09764,36.09764
train,43,156,51.0,82.430725,31.430725
train,43,157,50.0,80.34656,30.346558
train,43,158,49.0,77.52665,28.52665
train,43,159,48.0,76.48592,28.485924
train,43,160,47.0,75.88859,28.888588
train,43,161,46.0,78.50062,32.500618
train,43,162,45.0,80.03724,35.03724
train,43,163,44.0,77.67393,33.673927
train,43,164,43.0,70.92458,27.924583
train,43,165,42.0,64.86732,22.867317
train,43,166,41.0,59.3425,18.342499
train,43,167,40.0,53.240227,13.240227
train,43,168,39.0,48.741867,9.741867
train,43,169,38.0,40.459045,2.4590454
train,43,170,37.0,33.856583,-3.1434174
train,43,171,36.0,28.944542,-7.055458
train,43,172,35.0,26.564617,-8.435383
train,43,173,34.0,24.925583,-9.074417
train,43,174,33.0,24.523441,-8.476559
train,43,175,32.0,25.169973,-6.8300266
train,43,176,31.0,24.81194,-6.1880608
train,43,177,30.0,25.446568,-4.5534325
train,43,178,29.0,28.45614,-0.5438595
train,43,179,28.0,29.83199,1.8319893
train,43,180,27.0,28.457966,1.4579659
train,43,181,26.0,30.614357,4.614357
train,43,182,25.0,30.005592,5.0055923
train,43,183,24.0,26.345667,2.345667
train,43,184,23.0,25.158413,2.158413
train,43,185,22.0,24.016827,2.0168266
train,43,186,21.0,25.89964,4.899639
train,43,187,20.0,24.068653,4.068653
train,43,188,19.0,22.301529,3.301529
train,43,189,18.0,22.775084,4.7750835
train,43,190,17.0,20.587456,3.5874557
train,43,191,16.0,16.181635,0.1816349
train,43,192,15.0,15.595539,0.5955391
train,43,193,14.0,18.66029,4.66029
train,43,194,13.0,19.048592,6.0485916
train,43,195,12.0,19.207655,7.207655
train,43,196,11.0,16.271652,5.271652
train,43,197,10.0,15.522257,5.522257
train,43,198,9.0,19.65192,10.65192
train,43,199,8.0,17.99636,9.996361
train,43,200,7.0,16.446478,9.446478
train,43,201,6.0,15.434124,9.434124
train,43,202,5.0,13.450041,8.450041
train,43,203,4.0,10.958265,6.9582653
train,43,204,3.0,9.657171,6.6571712
train,43,205,2.0,9.112255,7.112255
train,43,206,1.0,6.4858036,5.4858036
train,43,207,0.0,5.956028,5.956028
train,44,30,162.0,165.43918,3.4391785
train,44,31,161.0,160.13028,-0.86972046
train,44,32,160.0,155.50061,-4.4993896
train,44,33,159.0,152.91202,-6.087982
train,44,34,158.0,150.93236,-7.067642
train,44,35,157.0,150.27614,-6.7238617
train,44,36,156.0,148.011,-7.9889984
train,44,37,155.0,143.58849,-11.411514
train,44,38,154.0,137.1766,-16.823395
train,44,39,153.0,130.69296,-22.307037
train,44,40,152.0,133.67017,-18.329834
train,44,41,151.0,139.42615,-11.573853
train,44,42,150.0,139.73929,-10.260712
train,44,43,149.0,136.7732,-12.226807
train,44,44,148.0,133.03076,-14.969238
train,44,45,147.0,137.62717,-9.372833
train,44,46,146.0,138.91724,-7.0827637
train,44,47,145.0,133.4532,-11.546799
train,44,48,144.0,139.35547,-4.6445312
train,44,49,143.0,142.92578,-0.07421875
train,44,50,142.0,145.56024,3.5602417
train,44,51,141.0,143.73079,2.7307892
train,44,52,140.0,146.78035,6.7803497
train,44,53,139.0,155.48244,16.482437
train,44,54,138.0,152.81831,14.818314
train,44,55,137.0,140.24309,3.2430878
train,44,56,136.0,135.28229,-0.7177124
train,44,57,135.0,143.0928,8.092804
train,44,58,134.0,149.2559,15.255905
train,44,59,133.0,153.80783,20.80783
train,44,60,132.0,152.61316,20.61316
train,44,61,131.0,153.99448,22.994476
train,44,62,130.0,158.2744,28.274399
train,44,63,129.0,161.81702,32.817017
train,44,64,128.0,165.29153,37.291534
train,44,65,127.0,166.57375,39.573746
train,44,66,126.0,168.93378,42.933777
train,44,67,125.0,171.23996,46.23996
train,44,68,124.0,169.8524,45.8524
train,44,69,123.0,166.0639,43.063904
train,44,70,122.0,161.73883,39.73883
train,44,71,121.0,161.9049,40.904907
train,44,72,120.0,160.47585,40.475845
train,44,73,119.0,154.64374,35.643738
train,44,74,118.0,155.35123,37.351227
train,44,75,117.0,154.78162,37.781616
train,44,76,116.0,152.86053,36.860535
train,44,77,115.0,153.29907,38.299072
train,44,78,114.0,150.49762,36.49762
train,44,79,113.0,145.4758,32.4758
train,44,80,112.0,140.61217,28.612167
train,44,81,111.0,136.13535,25.135345
train,44,82,110.0,126.967094,16.967094
train,44,83,109.0,126.642746,17.642746
train,44,84,108.0,130.41614,22.416138
train,44,85,107.0,133.56085,26.560852
train,44,86,106.0,129.71523,23.715225
train,44,87,105.0,122.91442,17.914421
train,44,88,104.0,114.58042,10.580421
train,44,89,103.0,113.364,10.363998
train,44,90,102.0,117.42722,15.427223
train,44,91,101.0,114.749,13.749001
train,44,92,100.0,108.99409,8.994087
train,44,93,99.0,110.81291,11.812912
train,44,94,98.0,108.66961,10.669609
train,44,95,97.0,107.957825,10.957825
train,44,96,96.0,107.33648,11.336479
train,44,97,95.0,108.17908,13.179077
train,44,98,94.0,106.50732,12.507317
train,44,99,93.0,105.36048,12.360481
train,44,100,92.0,110.37036,18.370361
train,44,101,91.0,119.76026,28.760262
train,44,102,90.0,125.23616,35.23616
train,44,103,89.0,136.56525,47.565247
train,44,104,88.0,138.24344,50.24344
train,44,105,87.0,139.30194,52.30194
train,44,106,86.0,133.58359,47.583588
train,44,107,85.0,126.019196,41.019196
train,44,108,84.0,117.933044,33.933044
train,44,109,83.0,111.01521,28.015213
train,44,110,82.0,111.51451,29.514511
train,44,111,81.0,110.827126,29.827126
train,44,112,80.0,120.301414,40.301414
train,44,113,79.0,124.78289,45.78289
train,44,114,78.0,122.2243,44.224297
train,44,115,77.0,118.24343,41.24343
train,44,116,76.0,114.48325,38.483253
train,44,117,75.0,112.25418,37.25418
train,44,118,74.0,105.17156,31.171562
train,44,119,73.0,101.11156,28.111557
train,44,120,72.0,103.818275,31.818275
train,44,121,71.0,105.68079,34.680794
train,44,122,70.0,110.06358,40.063583
train,44,123,69.0,114.9327,45.9327
train,44,124,68.0,112.035286,44.035286
train,44,125,67.0,112.285774,45.285774
train,44,126,66.0,110.41477,44.414772
train,44,127,65.0,103.09696,38.096962
train,44,128,64.0,102.563576,38.563576
train,44,129,63.0,106.71543,43.71543
train,44,130,62.0,105.89736,43.89736
train,44,131,61.0,105.587166,44.587166
train,44,132,60.0,106.60342,46.603416
train,44,133,59.0,100.84728,41.847282
train,44,134,58.0,94.62777,36.62777
train,44,135,57.0,81.14413,24.144127
train,44,136,56.0,68.6764,12.676399
train,44,137,55.0,59.472107,4.472107
train,44,138,54.0,52.244247,-1.7557526
train,44,139,53.0,49.39361,-3.606392
train,44,140,52.0,48.472694,-3.5273056
train,44,141,51.0,47.695244,-3.3047562
train,44,142,50.0,46.06671,-3.9332886
train,44,143,49.0,44.57625,-4.423752
train,44,144,48.0,44.72998,-3.2700195
train,44,145,47.0,43.904205,-3.0957947
train,44,146,46.0,42.210503,-3.7894974
train,44,147,45.0,44.14562,-0.85438156
train,44,148,44.0,46.910725,2.9107246
train,44,149,43.0,51.980484,8.980484
train,44,150,42.0,57.11261,15.11261
train,44,151,41.0,57.328568,16.328568
train,44,152,40.0,55.795563,15.795563
train,44,153,39.0,52.409134,13.409134
train,44,154,38.0,50.1429,12.142899
train,44,155,37.0,47.52156,10.521561
train,44,156,36.0,50.34391,14.34391
train,44,157,35.0,52.61037,17.61037
train,44,158,34.0,57.216293,23.216293
train,44,159,33.0,58.85479,25.85479
train,44,160,32.0,59.18802,27.188019
train,44,161,31.0,59.112366,28.112366
train,44,162,30.0,54.57332,24.573318
train,44,163,29.0,51.824516,22.824516
train,44,164,28.0,48.088852,20.088852
train,44,165,27.0,46.293633,19.293633
train,44,166,26.0,44.477173,18.477173
train,44,167,25.0,38.220604,13.220604
train,44,168,24.0,34.619804,10.619804
train,44,169,23.0,30.418661,7.418661
train,44,170,22.0,26.911238,4.9112377
train,44,171,21.0,25.870834,4.8708344
train,44,172,20.0,26.428843,6.4288425
train,44,173,19.0,22.20631,3.2063103
train,44,174,18.0,20.591396,2.5913963
train,44,175,17.0,21.455631,4.4556313
train,44,176,16.0,21.188986,5.188986
train,44,177,15.0,19.976074,4.976074
train,44,178,14.0,18.765148,4.765148
train,44,179,13.0,14.669918,1.6699181
train,44,180,12.0,11.957125,-0.04287529
train,44,181,11.0,8.940171,-2.0598288
train,44,182,10.0,4.839067,-5.160933
train,44,183,9.0,3.5521555,-5.4478445
train,44,184,8.0,2.4963272,-5.5036726
train,44,185,7.0,1.6919696,-5.30803
train,44,186,6.0,2.3539848,-3.6460152
train,44,187,5.0,-1.2495838,-6.2495837
train,44,188,4.0,-0.12817709,-4.128177
train,44,189,3.0,0.23882683,-2.7611732
train,44,190,2.0,-1.7538733,-3.7538733
train,44,191,1.0,-0.77605957,-1.7760596
train,44,192,0.0,-2.7665071,-2.7665071
train,45,30,128.0,159.43976,31.439758
train,45,31,127.0,160.76988,33.769882
train,45,32,126.0,156.65765,30.657654
train,45,33,125.0,152.39343,27.393433
train,45,34,124.0,154.53621,30.53621
train,45,35,123.0,155.01245,32.01245
train,45,36,122.0,156.47937,34.47937
train,45,37,121.0,151.27359,30.27359
train,45,38,120.0,157.43176,37.431763
train,45,39,119.0,157.79199,38.791992
train,45,40,118.0,160.63048,42.630478
train,45,41,117.0,164.20557,47.205566
train,45,42,116.0,168.30688,52.306885
train,45,43,115.0,180.258,65.257996
train,45,44,114.0,181.67815,67.67815
train,45,45,113.0,172.60095,59.600952
train,45,46,112.0,166.07835,54.078354
train,45,47,111.0,165.40875,54.408752
train,45,48,110.0,166.62073,56.620728
train,45,49,109.0,160.29669,51.29669
train,45,50,108.0,156.57166,48.571655
train,45,51,107.0,147.12064,40.120636
train,45,52,106.0,140.51706,34.51706
train,45,53,105.0,129.19627,24.196274
train,45,54,104.0,130.03448,26.034485
train,45,55,103.0,125.323616,22.323616
train,45,56,102.0,127.35937,25.359367
train,45,57,101.0,124.35276,23.35276
train,45,58,100.0,121.77638,21.776382
train,45,59,99.0,116.80871,17.808708
train,45,60,98.0,107.669136,9.669136
train,45,61,97.0,113.311195,16.311195
train,45,62,96.0,111.60949,15.609489
train,45,63,95.0,123.106224,28.106224
train,45,64,94.0,125.57589,31.57589
train,45,65,93.0,122.84639,29.84639
train,45,66,92.0,116.68893,24.688927
train,45,67,91.0,120.97147,29.971474
train,45,68,90.0,120.35381,30.353813
train,45,69,89.0,124.11033,35.11033
train,45,70,88.0,129.29944,41.29944
train,45,71,87.0,136.76685,49.766846
train,45,72,86.0,134.46957,48.469574
train,45,73,85.0,132.73093,47.730927
train,45,74,84.0,134.7194,50.719406
train,45,75,83.0,138.16779,55.167786
train,45,76,82.0,144.20343,62.20343
train,45,77,81.0,137.22958,56.229584
train,45,78,80.0,137.02818,57.028183
train,45,79,79.0,132.69089,53.690887
train,45,80,78.0,127.704445,49.704445
train,45,81,77.0,128.58667,51.58667
train,45,82,76.0,122.497986,46.497986
train,45,83,75.0,114.67707,39.67707
train,45,84,74.0,109.64522,35.645218
train,45,85,73.0,106.13368,33.133682
train,45,86,72.0,98.37973,26.37973
train,45,87,71.0,91.98147,20.981468
train,45,88,70.0,85.745735,15.745735
train,45,89,69.0,80.15359,11.153587
train,45,90,68.0,76.86511,8.865112
train,45,91,67.0,68.73553,1.735527
train,45,92,66.0,67.57903,1.5790329
train,45,93,65.0,64.03193,-0.968071
train,45,94,64.0,66.68171,2.6817093
train,45,95,63.0,71.967705,8.967705
train,45,96,62.0,79.13557,17.135567
train,45,97,61.0,75.62011,14.62011
train,45,98,60.0,69.84104,9.841042
train,45,99,59.0,58.375164,-0.62483597
train,45,100,58.0,45.692093,-12.307907
train,45,101,57.0,33.653343,-23.346657
train,45,102,56.0,32.975914,-23.024086
train,45,103,55.0,34.330097,-20.669903
train,45,104,54.0,36.3934,-17.606602
train,45,105,53.0,44.72361,-8.27639
train,45,106,52.0,44.90673,-7.0932693
train,45,107,51.0,53.011185,2.0111847
train,45,108,50.0,53.767635,3.7676353
train,45,109,49.0,52.81179,3.8117905
train,45,110,48.0,50.827023,2.8270226
train,45,111,47.0,48.858395,1.8583946
train,45,112,46.0,51.451714,5.4517136
train,45,113,45.0,58.29669,13.296692
train,45,114,44.0,62.433594,18.433594
train,45,115,43.0,59.470573,16.470573
train,45,116,42.0,53.67884,11.678841
train,45,117,41.0,49.40111,8.401112
train,45,118,40.0,39.20688,-0.79312134
train,45,119,39.0,29.543669,-9.456331
train,45,120,38.0,26.44557,-11.55443
train,45,121,37.0,29.365595,-7.634405
train,45,122,36.0,37.83933,1.8393288
train,45,123,35.0,44.251312,9.251312
train,45,124,34.0,48.017796,14.017796
train,45,125,33.0,47.064457,14.064457
train,45,126,32.0,42.840908,10.840908
train,45,127,31.0,35.729996,4.7299957
train,45,128,30.0,27.770466,-2.2295341
train,45,129,29.0,20.511904,-8.488096
train,45,130,28.0,18.219357,-9.780643
train,45,131,27.0,15.289917,-11.710083
train,45,132,26.0,16.288456,-9.711544
train,45,133,25.0,16.221964,-8.778036
train,45,134,24.0,12.736816,-11.263184
train,45,135,23.0,10.223,-12.777
train,45,136,22.0,6.2284393,-15.771561
train,45,137,21.0,4.6666794,-16.33332
train,45,138,20.0,5.71951,-14.28049
train,45,139,19.0,6.510171,-12.489829
train,45,140,18.0,7.453535,-10.546465
train,45,141,17.0,8.642757,-8.357243
train,45,142,16.0,6.2892275,-9.7107725
train,45,143,15.0,7.884798,-7.115202
train,45,144,14.0,9.407019,-4.5929813
train,45,145,13.0,7.748169,-5.251831
train,45,146,12.0,8.061991,-3.9380093
train,45,147,11.0,6.3911858,-4.6088142
train,45,148,10.0,5.261834,-4.738166
train,45,149,9.0,5.013367,-3.9866328
train,45,150,8.0,6.02866,-1.9713402
train,45,151,7.0,2.7098665,-4.2901335
train,45,152,6.0,4.7909336,-1.2090664
train,45,153,5.0,6.1506014,1.1506014
train,45,154,4.0,6.6864433,2.6864433
train,45,155,3.0,3.6771226,0.6771226
train,45,156,2.0,3.6014755,1.6014755
train,45,157,1.0,2.024269,1.0242691
train,45,158,0.0,0.29949436,0.29949436
train,46,30,226.0,170.92206,-55.07794
train,46,31,225.0,178.84132,-46.158676
train,46,32,224.0,177.10632,-46.893677
train,46,33,223.0,174.99327,-48.00673
train,46,34,222.0,175.2106,-46.7894
train,46,35,221.0,178.02774,-42.97226
train,46,36,220.0,181.01202,-38.987976
train,46,37,219.0,182.79472,-36.205276
train,46,38,218.0,185.81897,-32.18103
train,46,39,217.0,179.16489,-37.835114
train,46,40,216.0,176.56424,-39.43576
train,46,41,215.0,170.46762,-44.53238
train,46,42,214.0,171.8364,-42.163605
train,46,43,213.0,177.18756,-35.81244
train,46,44,212.0,182.4126,-29.587402
train,46,45,211.0,190.5972,-20.402802
train,46,46,210.0,191.85274,-18.147263
train,46,47,209.0,194.7984,-14.201599
train,46,48,208.0,196.66055,-11.339447
train,46,49,207.0,186.40285,-20.597153
train,46,50,206.0,176.22043,-29.779572
train,46,51,205.0,172.74599,-32.254013
train,46,52,204.0,176.22763,-27.77237
train,46,53,203.0,174.70758,-28.29242
train,46,54,202.0,162.89331,-39.10669
train,46,55,201.0,165.08289,-35.917114
train,46,56,200.0,167.94797,-32.052032
train,46,57,199.0,177.47316,-21.52684
train,46,58,198.0,186.06044,-11.93956
train,46,59,197.0,184.09003,-12.909973
train,46,60,196.0,182.8537,-13.146301
train,46,61,195.0,181.25055,-13.749451
train,46,62,194.0,184.5759,-9.424103
train,46,63,193.0,191.74057,-1.2594299
train,46,64,192.0,208.60669,16.60669
train,46,65,191.0,212.94165,21.94165
train,46,66,190.0,210.96622,20.966217
train,46,67,189.0,201.72705,12.727051
train,46,68,188.0,197.87738,9.87738
train,46,69,187.0,192.67747,5.677475
train,46,70,186.0,198.8986,12.898605
train,46,71,185.0,201.93796,16.937958
train,46,72,184.0,203.41228,19.412277
train,46,73,183.0,201.27884,18.27884
train,46,74,182.0,194.0703,12.070297
train,46,75,181.0,187.44711,6.447113
train,46,76,180.0,181.47693,1.4769287
train,46,77,179.0,180.39328,1.39328
train,46,78,178.0,180.59348,2.5934753
train,46,79,177.0,178.75815,1.7581482
train,46,80,176.0,179.30841,3.3084106
train,46,81,175.0,169.54779,-5.4522095
train,46,82,174.0,163.44385,-10.556152
train,46,83,173.0,155.11273,-17.887268
train,46,84,172.0,147.92459,-24.075409
train,46,85,171.0,148.70226,-22.297745
train,46,86,170.0,149.29004,-20.70996
train,46,87,169.0,152.8804,-16.119598
train,46,88,168.0,154.8161,-13.183899
train,46,89,167.0,156.08841,-10.911591
train,46,90,166.0,157.62856,-8.371445
train,46,91,165.0,161.55586,-3.4441376
train,46,92,164.0,160.8872,-3.112793
train,46,93,163.0,157.41565,-5.5843506
train,46,94,162.0,148.56747,-13.432526
train,46,95,161.0,153.96912,-7.030884
train,46,96,160.0,156.50243,-3.4975739
train,46,97,159.0,165.81342,6.8134155
train,46,98,158.0,170.80919,12.809189
train,46,99,157.0,168.18,11.179993
train,46,100,156.0,167.09427,11.094269
train,46,101,155.0,161.99443,6.9944305
train,46,102,154.0,158.35342,4.353424
train,46,103,153.0,153.4295,0.4295044
train,46,104,152.0,161.03107,9.031067
train,46,105,151.0,165.65477,14.65477
train,46,106,150.0,165.89087,15.890869
train,46,107,149.0,159.42134,10.421341
train,46,108,148.0,147.4478,-0.5522003
train,46,109,147.0,140.1955,-6.8045044
train,46,110,146.0,136.5317,-9.4683075
train,46,111,145.0,135.62389,-9.376114
train,46,112,144.0,123.75638,-20.243622
train,46,113,143.0,122.99196,-20.008041
train,46,114,142.0,124.25215,-17.747849
train,46,115,141.0,122.2549,-18.745102
train,46,116,140.0,124.75324,-15.2467575
train,46,117,139.0,125.76005,-13.239952
train,46,118,138.0,121.75071,-16.24929
train,46,119,137.0,114.78315,-22.21685
train,46,120,136.0,104.13537,-31.864632
train,46,121,135.0,96.09817,-38.901833
train,46,122,134.0,94.41038,-39.589622
train,46,123,133.0,97.16372,-35.83628
train,46,124,132.0,100.900345,-31.099655
train,46,125,131.0,104.16625,-26.833748
train,46,126,130.0,103.4567,-26.543297
train,46,127,129.0,110.59911,-18.400887
train,46,128,128.0,121.98571,-6.01429
train,46,129,127.0,130.92247,3.92247
train,46,130,126.0,139.59828,13.598282
train,46,131,125.0,148.38791,23.387909
train,46,132,124.0,150.59561,26.595612
train,46,133,123.0,150.11475,27.114746
train,46,134,122.0,152.34341,30.343414
train,46,135,121.0,153.54141,32.541412
train,46,136,120.0,153.50397,33.503967
train,46,137,119.0,159.72845,40.728455
train,46,138,118.0,166.50836,48.50836
train,46,139,117.0,168.90247,51.902466
train,46,140,116.0,175.47746,59.477463
train,46,141,115.0,177.79498,62.794983
train,46,142,114.0,178.17639,64.17639
train,46,143,113.0,179.3767,66.37669
train,46,144,112.0,181.79604,69.796036
train,46,145,111.0,175.66197,64.66197
train,46,146,110.0,168.9816,58.981598
train,46,147,109.0,155.41364,46.413635
train,46,148,108.0,148.51547,40.515472
train,46,149,107.0,137.99677,30.996765
train,46,150,106.0,128.31711,22.317108
train,46,151,105.0,122.09503,17.095032
train,46,152,104.0,110.29757,6.2975693
train,46,153,103.0,104.49587,1.4958725
train,46,154,102.0,98.79839,-3.2016068
train,46,155,101.0,90.04371,-10.956291
train,46,156,100.0,89.55464,-10.445358
train,46,157,99.0,87.1158,-11.884201
train,46,158,98.0,86.72529,-11.274712
train,46,159,97.0,89.73556,-7.2644424
train,46,160,96.0,93.88264,-2.117363
train,46,161,95.0,95.16988,0.16988373
train,46,162,94.0,95.21923,1.2192307
train,46,163,93.0,95.714424,2.7144241
train,46,164,92.0,98.43927,6.43927
train,46,165,91.0,97.66524,6.6652374
train,46,166,90.0,98.765724,8.765724
train,46,167,89.0,99.2826,10.2826
train,46,168,88.0,107.81736,19.81736
train,46,169,87.0,107.34609,20.346092
train,46,170,86.0,117.2355,31.235497
train,46,171,85.0,130.3173,45.317307
train,46,172,84.0,134.40373,50.403732
train,46,173,83.0,133.83879,50.83879
train,46,174,82.0,122.50727,40.50727
train,46,175,81.0,119.036224,38.036224
train,46,176,80.0,113.45362,33.45362
train,46,177,79.0,113.719795,34.719795
train,46,178,78.0,112.49194,34.491943
train,46,179,77.0,111.85322,34.853218
train,46,180,76.0,105.58975,29.589752
train,46,181,75.0,102.652214,27.652214
train,46,182,74.0,99.63696,25.636963
train,46,183,73.0,93.87783,20.87783
train,46,184,72.0,88.089165,16.089165
train,46,185,71.0,85.52065,14.520653
train,46,186,70.0,84.199745,14.199745
train,46,187,69.0,89.06219,20.062187
train,46,188,68.0,93.74498,25.74498
train,46,189,67.0,89.92541,22.925407
train,46,190,66.0,91.041695,25.041695
train,46,191,65.0,89.48997,24.489967
train,46,192,64.0,84.78251,20.782509
train,46,193,63.0,81.27447,18.274467
train,46,194,62.0,79.50253,17.502533
train,46,195,61.0,72.0594,11.059402
train,46,196,60.0,69.4479,9.447899
train,46,197,59.0,72.7083,13.708298
train,46,198,58.0,79.29156,21.291557
train,46,199,57.0,83.14344,26.14344
train,46,200,56.0,80.04745,24.047447
train,46,201,55.0,72.44314,17.443138
train,46,202,54.0,72.784096,18.784096
train,46,203,53.0,62.95889,9.958889
train,46,204,52.0,59.124268,7.1242676
train,46,205,51.0,58.347694,7.3476944
train,46,206,50.0,59.42079,9.420792
train,46,207,49.0,60.255444,11.255444
train,46,208,48.0,57.29898,9.298981
train,46,209,47.0,52.84797,5.847969
train,46,210,46.0,48.32798,2.32798
train,46,211,45.0,49.419937,4.419937
train,46,212,44.0,43.93672,-0.0632782
train,46,213,43.0,43.243454,0.24345398
train,46,214,42.0,45.744347,3.7443466
train,46,215,41.0,46.762627,5.7626266
train,46,216,40.0,44.48667,4.4866714
train,46,217,39.0,46.597946,7.597946
train,46,218,38.0,42.341217,4.341217
train,46,219,37.0,41.773598,4.7735977
train,46,220,36.0,41.96968,5.969681
train,46,221,35.0,42.2283,7.228298
train,46,222,34.0,42.84294,8.842941
train,46,223,33.0,49.976875,16.976875
train,46,224,32.0,55.777573,23.777573
train,46,225,31.0,59.075455,28.075455
train,46,226,30.0,60.45953,30.45953
train,46,227,29.0,61.99191,32.99191
train,46,228,28.0,60.296516,32.296516
train,46,229,27.0,56.834038,29.834038
train,46,230,26.0,51.43857,25.438568
train,46,231,25.0,49.667454,24.667454
train,46,232,24.0,50.08516,26.08516
train,46,233,23.0,50.47928,27.479279
train,46,234,22.0,49.15323,27.153229
train,46,235,21.0,48.043766,27.043766
train,46,236,20.0,44.37355,24.37355
train,46,237,19.0,43.599457,24.599457
train,46,238,18.0,40.04647,22.04647
train,46,239,17.0,37.274895,20.274895
train,46,240,16.0,34.89843,18.89843
train,46,241,15.0,32.429653,17.429653
train,46,242,14.0,30.740162,16.740162
train,46,243,13.0,26.856688,13.856688
train,46,244,12.0,22.468155,10.468155
train,46,245,11.0,17.3454,6.3454
train,46,246,10.0,11.733046,1.7330456
train,46,247,9.0,7.566103,-1.433897
train,46,248,8.0,6.3133307,-1.6866693
train,46,249,7.0,5.3837833,-1.6162167
train,46,250,6.0,7.346559,1.346559
train,46,251,5.0,4.0869837,-0.9130163
train,46,252,4.0,1.7923146,-2.2076855
train,46,253,3.0,0.5398479,-2.4601521
train,46,254,2.0,-1.7968534,-3.7968535
train,46,255,1.0,-1.991501,-2.9915009
train,46,256,0.0,-3.337935,-3.337935
train,47,30,184.0,144.38171,-39.618286
train,47,31,183.0,155.54893,-27.451065
train,47,32,182.0,161.94537,-20.054626
train,47,33,181.0,168.3393,-12.660706
train,47,34,180.0,169.38255,-10.617447
train,47,35,179.0,164.70663,-14.2933655
train,47,36,178.0,163.83781,-14.162186
train,47,37,177.0,166.68597,-10.314026
train,47,38,176.0,176.87471,0.8747101
train,47,39,175.0,177.36383,2.3638306
train,47,40,174.0,178.00464,4.0046387
train,47,41,173.0,172.91934,-0.08065796
train,47,42,172.0,162.22223,-9.777771
train,47,43,171.0,155.50664,-15.493362
train,47,44,170.0,154.20876,-15.7912445
train,47,45,169.0,161.09792,-7.9020844
train,47,46,168.0,165.78831,-2.2116852
train,47,47,167.0,168.63043,1.6304321
train,47,48,166.0,172.22899,6.2289886
train,47,49,165.0,170.30225,5.302246
train,47,50,164.0,158.07867,-5.9213257
train,47,51,163.0,150.23639,-12.763611
train,47,52,162.0,143.7864,-18.213593
train,47,53,161.0,140.99251,-20.007492
train,47,54,160.0,138.04837,-21.95163
train,47,55,159.0,135.73212,-23.267883
train,47,56,158.0,141.82326,-16.176743
train,47,57,157.0,144.76155,-12.238449
train,47,58,156.0,144.2732,-11.726807
train,47,59,155.0,150.3049,-4.695099
train,47,60,154.0,153.01768,-0.98231506
train,47,61,153.0,155.85161,2.8516083
train,47,62,152.0,154.39075,2.390747
train,47,63,151.0,144.18623,-6.8137665
train,47,64,150.0,137.56,-12.440002
train,47,65,149.0,138.78429,-10.2157135
train,47,66,148.0,139.71945,-8.280548
train,47,67,147.0,145.48033,-1.5196686
train,47,68,146.0,146.76723,0.7672272
train,47,69,145.0,148.87099,3.870987
train,47,70,144.0,148.39081,4.390808
train,47,71,143.0,153.44023,10.440231
train,47,72,142.0,151.19962,9.1996155
train,47,73,141.0,147.71756,6.71756
train,47,74,140.0,147.34415,7.3441467
train,47,75,139.0,140.24033,1.2403259
train,47,76,138.0,138.97334,0.9733429
train,47,77,137.0,135.45975,-1.5402527
train,47,78,136.0,132.75916,-3.2408447
train,47,79,135.0,131.2753,-3.724701
train,47,80,134.0,139.42749,5.42749
train,47,81,133.0,147.14154,14.141541
train,47,82,132.0,148.96335,16.963348
train,47,83,131.0,146.89145,15.891449
train,47,84,130.0,138.12732,8.127319
train,47,85,129.0,133.10913,4.109131
train,47,86,128.0,138.664,10.664001
train,47,87,127.0,141.66644,14.666443
train,47,88,126.0,151.38159,25.381592
train,47,89,125.0,154.54958,29.549576
train,47,90,124.0,148.15375,24.153748
train,47,91,123.0,140.36908,17.36908
train,47,92,122.0,133.2454,11.245407
train,47,93,121.0,131.6533,10.653305
train,47,94,120.0,128.77713,8.77713
train,47,95,119.0,118.98577,-0.014228821
train,47,96,118.0,122.377304,4.377304
train,47,97,117.0,118.87265,1.8726501
train,47,98,116.0,124.93774,8.9377365
train,47,99,115.0,118.26095,3.2609482
train,47,100,114.0,115.857704,1.8577042
train,47,101,113.0,112.794334,-0.20566559
train,47,102,112.0,109.94729,-2.0527115
train,47,103,111.0,96.71579,-14.28421
train,47,104,110.0,88.50015,-21.499847
train,47,105,109.0,78.33065,-30.66935
train,47,106,108.0,73.80387,-34.19613
train,47,107,107.0,76.65189,-30.348106
train,47,108,106.0,79.04693,-26.953072
train,47,109,105.0,83.53626,-21.463737
train,47,110,104.0,88.337585,-15.662415
train,47,111,103.0,84.698555,-18.301445
train,47,112,102.0,85.93634,-16.06366
train,47,113,101.0,85.45472,-15.54528
train,47,114,100.0,83.20645,-16.793549
train,47,115,99.0,90.36765,-8.632347
train,47,116,98.0,93.981895,-4.0181046
train,47,117,97.0,96.68634,-0.31365967
train,47,118,96.0,99.689,3.689003
train,47,119,95.0,101.37301,6.3730087
train,47,120,94.0,102.2937,8.293701
train,47,121,93.0,106.42315,13.423149
train,47,122,92.0,109.53094,17.530937
train,47,123,91.0,115.993355,24.993355
train,47,124,90.0,121.48827,31.488274
train,47,125,89.0,121.87029,32.870293
train,47,126,88.0,117.38213,29.382133
train,47,127,87.0,120.648254,33.648254
train,47,128,86.0,125.751015,39.751015
train,47,129,85.0,129.68579,44.68579
train,47,130,84.0,131.27986,47.27986
train,47,131,83.0,124.480354,41.480354
train,47,132,82.0,114.40458,32.40458
train,47,133,81.0,109.06719,28.067192
train,47,134,80.0,110.28213,30.282127
train,47,135,79.0,107.5051,28.505096
train,47,136,78.0,100.50623,22.506233
train,47,137,77.0,90.88601,13.886009
train,47,138,76.0,81.54691,5.546913
train,47,139,75.0,81.148155,6.148155
train,47,140,74.0,79.712776,5.712776
train,47,141,73.0,79.85117,6.8511734
train,47,142,72.0,81.47619,9.476189
train,47,143,71.0,81.70779,10.707787
train,47,144,70.0,79.481476,9.481476
train,47,145,69.0,78.473045,9.473045
train,47,146,68.0,76.94573,8.945732
train,47,147,67.0,69.35479,2.3547897
train,47,148,66.0,67.787,1.7870026
train,47,149,65.0,71.58019,6.5801926
train,47,150,64.0,76.53357,12.533569
train,47,151,63.0,76.30974,13.309738
train,47,152,62.0,74.408714,12.408714
train,47,153,61.0,70.23835,9.23835
train,47,154,60.0,64.49631,4.4963074
train,47,155,59.0,58.80061,-0.19939041
train,47,156,58.0,58.78821,0.7882118
train,47,157,57.0,54.11583,-2.8841705
train,47,158,56.0,43.455498,-12.544502
train,47,159,55.0,34.10227,-20.897732
train,47,160,54.0,32.256294,-21.743706
train,47,161,53.0,35.681213,-17.318787
train,47,162,52.0,40.261734,-11.738266
train,47,163,51.0,40.820297,-10.179703
train,47,164,50.0,32.35221,-17.647789
train,47,165,49.0,24.282679,-24.717321
train,47,166,48.0,19.841301,-28.158699
train,47,167,47.0,19.755177,-27.244823
train,47,168,46.0,24.230656,-21.769344
train,47,169,45.0,28.913944,-16.086056
train,47,170,44.0,30.938135,-13.061865
train,47,171,43.0,31.02004,-11.9799595
train,47,172,42.0,28.95681,-13.04319
train,47,173,41.0,25.277054,-15.722946
train,47,174,40.0,21.686821,-18.313179
train,47,175,39.0,18.240223,-20.759777
train,47,176,38.0,20.36215,-17.63785
train,47,177,37.0,26.141684,-10.858316
train,47,178,36.0,33.171062,-2.8289375
train,47,179,35.0,40.26501,5.265011
train,47,180,34.0,43.099506,9.099506
train,47,181,33.0,41.54618,8.546181
train,47,182,32.0,40.875053,8.875053
train,47,183,31.0,38.637096,7.6370964
train,47,184,30.0,35.37264,5.3726387
train,47,185,29.0,30.526516,1.526516
train,47,186,28.0,23.735094,-4.264906
train,47,187,27.0,21.610077,-5.389923
train,47,188,26.0,23.009636,-2.990364
train,47,189,25.0,23.477497,-1.5225029
train,47,190,24.0,23.83005,-0.16995049
train,47,191,23.0,21.569447,-1.4305534
train,47,192,22.0,20.744139,-1.2558613
train,47,193,21.0,17.599789,-3.4002113
train,47,194,20.0,18.062435,-1.9375648
train,47,195,19.0,17.676277,-1.3237228
train,47,196,18.0,18.054659,0.05465889
train,47,197,17.0,18.18418,1.1841793
train,47,198,16.0,17.663563,1.6635628
train,47,199,15.0,16.626656,1.6266556
train,47,200,14.0,12.292533,-1.7074671
train,47,201,13.0,10.439711,-2.5602894
train,47,202,12.0,7.502019,-4.497981
train,47,203,11.0,8.881779,-2.1182213
train,47,204,10.0,13.493826,3.493826
train,47,205,9.0,11.1123295,2.1123295
train,47,206,8.0,12.201861,4.2018614
train,47,207,7.0,11.698694,4.698694
train,47,208,6.0,13.893658,7.8936577
train,47,209,5.0,13.853955,8.853955
train,47,210,4.0,9.094707,5.0947065
train,47,211,3.0,10.175952,7.175952
train,47,212,2.0,9.00082,7.00082
train,47,213,1.0,9.212933,8.212933
train,47,214,0.0,8.66169,8.66169
train,48,30,201.0,184.88696,-16.113037
train,48,31,200.0,181.08456,-18.915436
train,48,32,199.0,176.81763,-22.182373
train,48,33,198.0,161.71323,-36.286774
train,48,34,197.0,154.16846,-42.831543
train,48,35,196.0,150.65163,-45.348373
train,48,36,195.0,148.76477,-46.23523
train,48,37,194.0,154.23709,-39.76291
train,48,38,193.0,150.07584,-42.924164
train,48,39,192.0,153.18893,-38.811066
train,48,40,191.0,161.3384,-29.661606
train,48,41,190.0,158.39215,-31.60785
train,48,42,189.0,155.4656,-33.534393
train,48,43,188.0,154.51636,-33.483643
train,48,44,187.0,164.91428,-22.085724
train,48,45,186.0,167.98395,-18.016052
train,48,46,185.0,175.59032,-9.409683
train,48,47,184.0,178.6065,-5.3934937
train,48,48,183.0,183.52518,0.525177
train,48,49,182.0,188.47888,6.478882
train,48,50,181.0,187.74866,6.748657
train,48,51,180.0,182.82336,2.8233643
train,48,52,179.0,187.10936,8.10936
train,48,53,178.0,181.41982,3.419815
train,48,54,177.0,182.83769,5.8376923
train,48,55,176.0,180.06454,4.0645447
train,48,56,175.0,180.4328,5.4328003
train,48,57,174.0,182.97221,8.972214
train,48,58,173.0,186.72662,13.726624
train,48,59,172.0,185.47835,13.478348
train,48,60,171.0,180.77718,9.777176
train,48,61,170.0,170.4715,0.47149658
train,48,62,169.0,175.52206,6.522064
train,48,63,168.0,179.89343,11.893433
train,48,64,167.0,178.98305,11.9830475
train,48,65,166.0,178.51588,12.515884
train,48,66,165.0,176.84189,11.841888
train,48,67,164.0,178.16594,14.165939
train,48,68,163.0,171.41687,8.41687
train,48,69,162.0,171.86417,9.864166
train,48,70,161.0,172.26874,11.268738
train,48,71,160.0,168.13228,8.132278
train,48,72,159.0,163.88147,4.8814697
train,48,73,158.0,159.97554,1.9755402
train,48,74,157.0,153.70322,-3.2967834
train,48,75,156.0,149.2794,-6.7205963
train,48,76,155.0,143.59717,-11.402832
train,48,77,154.0,139.48813,-14.511871
train,48,78,153.0,136.61826,-16.381744
train,48,79,152.0,131.9961,-20.003906
train,48,80,151.0,136.77132,-14.228683
train,48,81,150.0,143.27184,-6.7281647
train,48,82,149.0,136.93372,-12.066284
train,48,83,148.0,137.7231,-10.276901
train,48,84,147.0,137.66003,-9.339966
train,48,85,146.0,141.69931,-4.3006897
train,48,86,145.0,138.56729,-6.4327087
train,48,87,144.0,136.3922,-7.6078033
train,48,88,143.0,130.78445,-12.215546
train,48,89,142.0,130.18391,-11.816086
train,48,90,141.0,129.34436,-11.65564
train,48,91,140.0,128.35037,-11.649628
train,48,92,139.0,138.3294,-0.67059326
train,48,93,138.0,147.04822,9.048218
train,48,94,137.0,145.88022,8.8802185
train,48,95,136.0,144.8886,8.888596
train,48,96,135.0,140.13084,5.130844
train,48,97,134.0,143.59514,9.595139
train,48,98,133.0,141.07852,8.078522
train,48,99,132.0,128.16232,-3.837677
train,48,100,131.0,127.01825,-3.9817505
train,48,101,130.0,130.29202,0.2920227
train,48,102,129.0,133.53882,4.5388184
train,48,103,128.0,133.84413,5.8441315
train,48,104,127.0,130.06522,3.065216
train,48,105,126.0,131.48369,5.4836884
train,48,106,125.0,126.66103,1.6610336
train,48,107,124.0,127.24327,3.2432709
train,48,108,123.0,122.556915,-0.44308472
train,48,109,122.0,121.41144,-0.588562
train,48,110,121.0,114.55015,-6.449852
train,48,111,120.0,112.33742,-7.6625824
train,48,112,119.0,113.73945,-5.2605515
train,48,113,118.0,112.71598,-5.2840195
train,48,114,117.0,115.906906,-1.0930939
train,48,115,116.0,117.29696,1.2969589
train,48,116,115.0,117.62794,2.6279373
train,48,117,114.0,117.29861,3.2986069
train,48,118,113.0,114.59435,1.5943527
train,48,119,112.0,118.91636,6.916359
train,48,120,111.0,122.49172,11.491722
train,48,121,110.0,126.00506,16.005058
train,48,122,109.0,135.03473,26.034729
train,48,123,108.0,137.38577,29.385773
train,48,124,107.0,141.12927,34.129272
train,48,125,106.0,140.52072,34.52072
train,48,126,105.0,138.3724,33.372406
train,48,127,104.0,131.8819,27.881897
train,48,128,103.0,125.77724,22.777237
train,48,129,102.0,127.83715,25.83715
train,48,130,101.0,132.36755,31.367554
train,48,131,100.0,130.7865,30.786499
train,48,132,99.0,130.85074,31.850739
train,48,133,98.0,124.45826,26.45826
train,48,134,97.0,118.923744,21.923744
train,48,135,96.0,113.50726,17.507263
train,48,136,95.0,107.17806,12.178062
train,48,137,94.0,98.500694,4.5006943
train,48,138,93.0,91.87092,-1.1290817
train,48,139,92.0,85.78158,-6.218422
train,48,140,91.0,84.689415,-6.310585
train,48,141,90.0,79.42788,-10.572121
train,48,142,89.0,85.813835,-3.1861649
train,48,143,88.0,85.55038,-2.449623
train,48,144,87.0,89.402145,2.4021454
train,48,145,86.0,84.945854,-1.0541458
train,48,146,85.0,78.189644,-6.810356
train,48,147,84.0,70.91115,-13.088852
train,48,148,83.0,69.72991,-13.270088
train,48,149,82.0,69.17919,-12.820808
train,48,150,81.0,65.65685,-15.343147
train,48,151,80.0,66.58868,-13.411324
train,48,152,79.0,69.929436,-9.070564
train,48,153,78.0,75.084465,-2.915535
train,48,154,77.0,79.14292,2.1429214
train,48,155,76.0,80.10338,4.1033783
train,48,156,75.0,77.986206,2.986206
train,48,157,74.0,73.38897,-0.6110306
train,48,158,73.0,67.33325,-5.666748
train,48,159,72.0,67.78297,-4.2170334
train,48,160,71.0,68.679016,-2.320984
train,48,161,70.0,67.40382,-2.5961838
train,48,162,69.0,64.18327,-4.8167267
train,48,163,68.0,60.449005,-7.550995
train,48,164,67.0,59.02453,-7.9754715
train,48,165,66.0,51.838158,-14.161842
train,48,166,65.0,43.86752,-21.13248
train,48,167,64.0,41.508823,-22.491177
train,48,168,63.0,41.63565,-21.36435
train,48,169,62.0,41.73816,-20.26184
train,48,170,61.0,47.703743,-13.296257
train,48,171,60.0,49.86536,-10.13464
train,48,172,59.0,54.346367,-4.653633
train,48,173,58.0,49.669357,-8.330643
train,48,174,57.0,46.587418,-10.412582
train,48,175,56.0,45.809814,-10.190186
train,48,176,55.0,46.964615,-8.035385
train,48,177,54.0,47.405197,-6.594803
train,48,178,53.0,44.815834,-8.184166
train,48,179,52.0,44.627922,-7.372078
train,48,180,51.0,45.057556,-5.942444
train,48,181,50.0,51.721394,1.7213936
train,48,182,49.0,55.552048,6.5520477
train,48,183,48.0,55.46542,7.46542
train,48,184,47.0,54.764206,7.764206
train,48,185,46.0,56.776375,10.776375
train,48,186,45.0,59.579704,14.579704
train,48,187,44.0,66.20584,22.205841
train,48,188,43.0,72.47401,29.474007
train,48,189,42.0,76.172516,34.172516
train,48,190,41.0,77.98464,36.984642
train,48,191,40.0,76.113144,36.113144
train,48,192,39.0,67.59756,28.597557
train,48,193,38.0,61.890823,23.890823
train,48,194,37.0,58.560066,21.560066
train,48,195,36.0,55.38362,19.383621
train,48,196,35.0,52.668594,17.668594
train,48,197,34.0,51.60016,17.600159
train,48,198,33.0,44.568306,11.568306
train,48,199,32.0,39.86824,7.8682404
train,48,200,31.0,37.464195,6.4641953
train,48,201,30.0,38.3368,8.3368
train,48,202,29.0,36.70069,7.700691
train,48,203,28.0,36.96994,8.96994
train,48,204,27.0,32.236168,5.236168
train,48,205,26.0,25.798264,-0.20173645
train,48,206,25.0,23.344172,-1.6558285
train,48,207,24.0,21.162586,-2.8374138
train,48,208,23.0,17.971802,-5.0281982
train,48,209,22.0,11.413679,-10.586321
train,48,210,21.0,8.387117,-12.612883
train,48,211,20.0,7.913211,-12.086789
train,48,212,19.0,3.8709545,-15.1290455
train,48,213,18.0,4.067294,-13.932706
train,48,214,17.0,13.183779,-3.8162212
train,48,215,16.0,15.169558,-0.8304424
train,48,216,15.0,13.112885,-1.8871145
train,48,217,14.0,12.68811,-1.3118896
train,48,218,13.0,12.526216,-0.47378445
train,48,219,12.0,14.863144,2.863144
train,48,220,11.0,15.036383,4.0363827
train,48,221,10.0,15.019617,5.019617
train,48,222,9.0,13.98028,4.98028
train,48,223,8.0,12.916528,4.9165277
train,48,224,7.0,10.080977,3.0809774
train,48,225,6.0,5.0897174,-0.9102826
train,48,226,5.0,4.716895,-0.2831049
train,48,227,4.0,7.6815767,3.6815767
train,48,228,3.0,6.3822374,3.3822374
train,48,229,2.0,6.0576324,4.0576324
train,48,230,1.0,7.0024185,6.0024185
train,48,231,0.0,4.674359,4.674359
train,49,30,185.0,175.55612,-9.443878
train,49,31,184.0,170.46416,-13.535843
train,49,32,183.0,154.68568,-28.314316
train,49,33,182.0,141.77693,-40.22307
train,49,34,181.0,137.39786,-43.602142
train,49,35,180.0,139.56711,-40.43289
train,49,36,179.0,141.9591,-37.040894
train,49,37,178.0,139.18988,-38.81012
train,49,38,177.0,142.13452,-34.86548
train,49,39,176.0,144.95647,-31.043533
train,49,40,175.0,151.30786,-23.692139
train,49,41,174.0,155.85841,-18.141586
train,49,42,173.0,155.23952,-17.760483
train,49,43,172.0,156.52322,-15.476776
train,49,44,171.0,155.55821,-15.441788
train,49,45,170.0,150.3241,-19.675903
train,49,46,169.0,144.4299,-24.570099
train,49,47,168.0,131.94176,-36.058243
train,49,48,167.0,125.679924,-41.320076
train,49,49,166.0,118.266754,-47.733246
train,49,50,165.0,117.311966,-47.688034
train,49,51,164.0,118.91002,-45.08998
train,49,52,163.0,127.15493,-35.84507
train,49,53,162.0,136.42114,-25.578857
train,49,54,161.0,141.533,-19.466995
train,49,55,160.0,151.46512,-8.534882
train,49,56,159.0,151.50426,-7.495743
train,49,57,158.0,151.30606,-6.693939
train,49,58,157.0,147.93854,-9.061462
train,49,59,156.0,149.64185,-6.3581543
train,49,60,155.0,146.00626,-8.993744
train,49,61,154.0,142.84048,-11.159515
train,49,62,153.0,138.19647,-14.803528
train,49,63,152.0,133.95633,-18.04367
train,49,64,151.0,133.92833,-17.07167
train,49,65,150.0,134.03099,-15.969009
train,49,66,149.0,129.96222,-19.03778
train,49,67,148.0,131.5135,-16.486496
train,49,68,147.0,133.90434,-13.095657
train,49,69,146.0,137.6836,-8.316406
train,49,70,145.0,144.66855,-0.33145142
train,49,71,144.0,149.8981,5.898102
train,49,72,143.0,153.28806,10.288055
train,49,73,142.0,151.40204,9.402039
train,49,74,141.0,140.03775,-0.96224976
train,49,75,140.0,132.50018,-7.499817
train,49,76,139.0,131.66876,-7.331238
train,49,77,138.0,140.11249,2.1124878
train,49,78,137.0,144.9884,7.9884033
train,49,79,136.0,150.44225,14.4422455
train,49,80,135.0,157.3863,22.386307
train,49,81,134.0,153.26395,19.263947
train,49,82,133.0,148.53018,15.530182
train,49,83,132.0,142.76828,10.76828
train,49,84,131.0,142.7937,11.793701
train,49,85,130.0,143.46286,13.46286
train,49,86,129.0,147.3582,18.3582
train,49,87,128.0,154.83043,26.83043
train,49,88,127.0,155.6701,28.670105
train,49,89,126.0,162.19788,36.197876
train,49,90,125.0,161.33716,36.33716
train,49,91,124.0,160.24341,36.24341
train,49,92,123.0,157.4925,34.492493
train,49,93,122.0,153.45642,31.45642
train,49,94,121.0,145.52327,24.52327
train,49,95,120.0,141.95712,21.957123
train,49,96,119.0,141.56296,22.562958
train,49,97,118.0,134.76984,16.769836
train,49,98,117.0,125.39938,8.399384
train,49,99,116.0,115.51496,-0.48503876
train,49,100,115.0,107.349846,-7.650154
train,49,101,114.0,100.7299,-13.270103
train,49,102,113.0,99.444305,-13.555695
train,49,103,112.0,97.63813,-14.36187
train,49,104,111.0,101.25762,-9.742378
train,49,105,110.0,100.0269,-9.973099
train,49,106,109.0,100.27276,-8.7272415
train,49,107,108.0,103.86563,-4.134369
train,49,108,107.0,105.37354,-1.6264572
train,49,109,106.0,105.77387,-0.22612762
train,49,110,105.0,101.77441,-3.2255936
train,49,111,104.0,97.992516,-6.0074844
train,49,112,103.0,100.22888,-2.7711182
train,49,113,102.0,96.946945,-5.053055
train,49,114,101.0,97.12208,-3.877922
train,49,115,100.0,96.28762,-3.7123795
train,49,116,99.0,93.39638,-5.6036224
train,49,117,98.0,93.176445,-4.823555
train,49,118,97.0,93.27277,-3.7272263
train,49,119,96.0,93.37759,-2.6224136
train,49,120,95.0,97.11992,2.1199188
train,49,121,94.0,96.86414,2.8641434
train,49,122,93.0,99.71461,6.7146072
train,49,123,92.0,102.10645,10.106453
train,49,124,91.0,104.53201,13.532013
train,49,125,90.0,102.225555,12.225555
train,49,126,89.0,98.72193,9.721931
train,49,127,88.0,100.640755,12.640755
train,49,128,87.0,100.50666,13.50666
train,49,129,86.0,109.84081,23.840813
train,49,130,85.0,112.50114,27.501137
train,49,131,84.0,109.902275,25.902275
train,49,132,83.0,105.68186,22.681862
train,49,133,82.0,100.41117,18.411171
train,49,134,81.0,95.5752,14.575203
train,49,135,80.0,89.40853,9.408531
train,49,136,79.0,87.90796,8.907959
train,49,137,78.0,87.44407,9.444069
train,49,138,77.0,89.25963,12.259628
train,49,139,76.0,93.179344,17.179344
train,49,140,75.0,104.08887,29.088867
train,49,141,74.0,107.31146,33.311462
train,49,142,73.0,107.537865,34.537865
train,49,143,72.0,107.01095,35.01095
train,49,144,71.0,105.857994,34.857994
train,49,145,70.0,99.76762,29.767616
train,49,146,69.0,96.96338,27.963379
train,49,147,68.0,94.228615,26.228615
train,49,148,67.0,87.31753,20.317528
train,49,149,66.0,80.66835,14.66835
train,49,150,65.0,75.59042,10.590424
train,49,151,64.0,72.24975,8.249748
train,49,152,63.0,68.491325,5.4913254
train,49,153,62.0,66.52586,4.5258636
train,49,154,61.0,72.57081,11.570808
train,49,155,60.0,74.98558,14.98558
train,49,156,59.0,82.485664,23.485664
train,49,157,58.0,85.44571,27.44571
train,49,158,57.0,82.66528,25.665283
train,49,159,56.0,77.20901,21.209007
train,49,160,55.0,68.7474,13.747398
train,49,161,54.0,66.56771,12.567711
train,49,162,53.0,62.63019,9.630192
train,49,163,52.0,58.82853,6.8285294
train,49,164,51.0,54.291794,3.2917938
train,49,165,50.0,52.14599,2.1459885
train,49,166,49.0,50.993988,1.993988
train,49,167,48.0,56.185734,8.185734
train,49,168,47.0,59.2864,12.2864
train,49,169,46.0,54.882786,8.882786
train,49,170,45.0,54.421772,9.421772
train,49,171,44.0,56.826157,12.826157
train,49,172,43.0,58.050385,15.0503845
train,49,173,42.0,57.85532,15.85532
train,49,174,41.0,57.285233,16.285233
train,49,175,40.0,54.427788,14.427788
train,49,176,39.0,50.120884,11.120884
train,49,177,38.0,44.357594,6.3575935
train,49,178,37.0,39.47429,2.474289
train,49,179,36.0,36.34745,0.34745026
train,49,180,35.0,34.883232,-0.11676788
train,49,181,34.0,38.558304,4.558304
train,49,182,33.0,42.632923,9.632923
train,49,183,32.0,42.92737,10.927368
train,49,184,31.0,40.448917,9.448917
train,49,185,30.0,37.198578,7.198578
train,49,186,29.0,37.345856,8.345856
train,49,187,28.0,36.425823,8.425823
train,49,188,27.0,33.337578,6.337578
train,49,189,26.0,31.971693,5.971693
train,49,190,25.0,31.317501,6.317501
train,49,191,24.0,30.090681,6.090681
train,49,192,23.0,28.57684,5.5768394
train,49,193,22.0,28.647627,6.647627
train,49,194,21.0,28.525845,7.5258446
train,49,195,20.0,26.58133,6.5813293
train,49,196,19.0,23.365496,4.3654957
train,49,197,18.0,21.501488,3.5014877
train,49,198,17.0,19.732132,2.732132
train,49,199,16.0,22.137533,6.137533
train,49,200,15.0,18.14555,3.1455498
train,49,201,14.0,16.890259,2.8902588
train,49,202,13.0,15.51545,2.5154495
train,49,203,12.0,12.469799,0.46979904
train,49,204,11.0,11.419356,0.41935635
train,49,205,10.0,8.918758,-1.0812416
train,49,206,9.0,7.3170867,-1.6829133
train,49,207,8.0,8.260813,0.26081276
train,49,208,7.0,5.5079794,-1.4920206
train,49,209,6.0,3.9978073,-2.0021927
train,49,210,5.0,3.2986934,-1.7013066
train,49,211,4.0,4.0671434,0.06714344
train,49,212,3.0,4.313628,1.3136282
train,49,213,2.0,3.1381803,1.1381803
train,49,214,1.0,1.9908882,0.99088824
train,49,215,0.0,1.4150208,1.4150208
train,50,30,168.0,122.01744,-45.98256
train,50,31,167.0,128.95892,-38.041077
train,50,32,166.0,136.13971,-29.86029
train,50,33,165.0,137.88176,-27.11824
train,50,34,164.0,140.48866,-23.511337
train,50,35,163.0,146.03908,-16.960922
train,50,36,162.0,149.3339,-12.666107
train,50,37,161.0,150.92719,-10.072815
train,50,38,160.0,149.51328,-10.486725
train,50,39,159.0,148.51863,-10.481369
train,50,40,158.0,149.70103,-8.298965
train,50,41,157.0,150.5587,-6.4412994
train,50,42,156.0,166.52498,10.524979
train,50,43,155.0,172.91122,17.911224
train,50,44,154.0,174.73494,20.73494
train,50,45,153.0,180.4123,27.412292
train,50,46,152.0,182.93619,30.936188
train,50,47,151.0,178.6325,27.632507
train,50,48,150.0,172.3653,22.365295
train,50,49,149.0,162.64981,13.649811
train,50,50,148.0,156.5902,8.590195
train,50,51,147.0,154.54755,7.5475464
train,50,52,146.0,160.73889,14.738892
train,50,53,145.0,159.63672,14.636719
train,50,54,144.0,156.61209,12.612091
train,50,55,143.0,148.95633,5.9563293
train,50,56,142.0,144.6478,2.6477966
train,50,57,141.0,137.95149,-3.0485077
train,50,58,140.0,137.56648,-2.4335175
train,50,59,139.0,136.39842,-2.6015778
train,50,60,138.0,134.20934,-3.7906647
train,50,61,137.0,135.21344,-1.78656
train,50,62,136.0,130.09607,-5.9039307
train,50,63,135.0,126.02252,-8.977478
train,50,64,134.0,118.3851,-15.614899
train,50,65,133.0,111.16822,-21.83178
train,50,66,132.0,106.06521,-25.934792
train,50,67,131.0,100.081276,-30.918724
train,50,68,130.0,94.369675,-35.630325
train,50,69,129.0,102.572365,-26.427635
train,50,70,128.0,106.57842,-21.421577
train,50,71,127.0,112.54514,-14.454857
train,50,72,126.0,122.69502,-3.3049774
train,50,73,125.0,128.74202,3.7420197
train,50,74,124.0,131.9581,7.9580994
train,50,75,123.0,138.96584,15.965836
train,50,76,122.0,131.7676,9.767593
train,50,77,121.0,130.60783,9.607834
train,50,78,120.0,131.96347,11.96347
train,50,79,119.0,138.7547,19.7547
train,50,80,118.0,144.53712,26.537125
train,50,81,117.0,149.15036,32.15036
train,50,82,116.0,152.37122,36.371216
train,50,83,115.0,144.79114,29.791138
train,50,84,114.0,132.28683,18.286835
train,50,85,113.0,127.46071,14.460709
train,50,86,112.0,123.6536,11.653603
train,50,87,111.0,121.54302,10.543022
train,50,88,110.0,121.21371,11.213707
train,50,89,109.0,118.35656,9.35656
train,50,90,108.0,109.6059,1.6059036
train,50,91,107.0,107.204346,0.2043457
train,50,92,106.0,104.09902,-1.9009781
train,50,93,105.0,99.34755,-5.6524506
train,50,94,104.0,91.89547,-12.10453
train,50,95,103.0,86.6901,-16.309898
train,50,96,102.0,76.86086,-25.139137
train,50,97,101.0,69.20127,-31.798729
train,50,98,100.0,64.88149,-35.118507
train,50,99,99.0,61.03326,-37.96674
train,50,100,98.0,55.145714,-42.854286
train,50,101,97.0,50.31817,-46.68183
train,50,102,96.0,46.289185,-49.710815
train,50,103,95.0,40.778152,-54.221848
train,50,104,94.0,44.981155,-49.018845
train,50,105,93.0,51.960907,-41.039093
train,50,106,92.0,58.00349,-33.99651
train,50,107,91.0,63.21233,-27.78767
train,50,108,90.0,76.99456,-13.00544
train,50,109,89.0,87.59916,-1.4008408
train,50,110,88.0,93.38453,5.384529
train,50,111,87.0,93.45156,6.451561
train,50,112,86.0,96.25588,10.255882
train,50,113,85.0,95.70275,10.702751
train,50,114,84.0,99.34966,15.349663
train,50,115,83.0,104.13148,21.131477
train,50,116,82.0,104.89587,22.895866
train,50,117,81.0,106.07213,25.072128
train,50,118,80.0,109.08172,29.081718
train,50,119,79.0,108.9031,29.9031
train,50,120,78.0,114.24883,36.248833
train,50,121,77.0,121.83222,44.832222
train,50,122,76.0,125.08202,49.082024
train,50,123,75.0,122.82629,47.826286
train,50,124,74.0,116.268425,42.268425
train,50,125,73.0,114.1591,41.159103
train,50,126,72.0,112.158554,40.158554
train,50,127,71.0,108.168304,37.168304
train,50,128,70.0,97.817055,27.817055
train,50,129,69.0,87.05508,18.055077
train,50,130,68.0,75.7434,7.7434006
train,50,131,67.0,67.50526,0.50525665
train,50,132,66.0,61.489178,-4.5108223
train,50,133,65.0,57.25174,-7.7482605
train,50,134,64.0,59.00128,-4.9987183
train,50,135,63.0,60.20974,-2.7902603
train,50,136,62.0,59.879753,-2.120247
train,50,137,61.0,57.454018,-3.5459824
train,50,138,60.0,51.32242,-8.677582
train,50,139,59.0,48.23263,-10.767368
train,50,140,58.0,49.232994,-8.767006
train,50,141,57.0,48.996696,-8.003304
train,50,142,56.0,54.94538,-1.0546188
train,50,143,55.0,59.101913,4.1019135
train,50,144,54.0,57.250347,3.2503471
train,50,145,53.0,58.06881,5.0688095
train,50,146,52.0,59.72644,7.7264404
train,50,147,51.0,67.15472,16.154716
train,50,148,50.0,71.673225,21.673225
train,50,149,49.0,74.35154,25.35154
train,50,150,48.0,73.46111,25.461113
train,50,151,47.0,73.70307,26.703072
train,50,152,46.0,73.42632,27.426323
train,50,153,45.0,73.176125,28.176125
train,50,154,44.0,72.80927,28.809273
train,50,155,43.0,70.77738,27.777382
train,50,156,42.0,69.23555,27.23555
train,50,157,41.0,65.16593,24.165932
train,50,158,40.0,59.18189,19.181889
train,50,159,39.0,53.335007,14.335007
train,50,160,38.0,50.0206,12.020599
train,50,161,37.0,47.00834,10.008339
train,50,162,36.0,44.687424,8.687424
train,50,163,35.0,42.954926,7.9549255
train,50,164,34.0,41.735123,7.7351227
train,50,165,33.0,39.005028,6.005028
train,50,166,32.0,40.91282,8.912819
train,50,167,31.0,35.098595,4.0985947
train,50,168,30.0,35.565285,5.5652847
train,50,169,29.0,32.646442,3.6464424
train,50,170,28.0,30.939331,2.939331
train,50,171,27.0,28.130672,1.1306725
train,50,172,26.0,30.541416,4.541416
train,50,173,25.0,29.988304,4.988304
train,50,174,24.0,31.521702,7.521702
train,50,175,23.0,31.966867,8.966867
train,50,176,22.0,29.565792,7.565792
train,50,177,21.0,28.112514,7.1125145
train,50,178,20.0,28.007093,8.007093
train,50,179,19.0,28.56028,9.56028
train,50,180,18.0,27.638025,9.638025
train,50,181,17.0,25.936644,8.936644
train,50,182,16.0,22.403152,6.4031525
train,50,183,15.0,22.05108,7.0510807
train,50,184,14.0,19.69952,5.69952
train,50,185,13.0,17.337797,4.337797
train,50,186,12.0,14.737863,2.7378626
train,50,187,11.0,12.447699,1.4476986
train,50,188,10.0,13.008118,3.0081177
train,50,189,9.0,12.626598,3.6265984
train,50,190,8.0,9.56625,1.5662498
train,50,191,7.0,6.494986,-0.50501394
train,50,192,6.0,4.3041673,-1.6958327
train,50,193,5.0,6.609242,1.609242
train,50,194,4.0,6.5523033,2.5523033
train,50,195,3.0,5.750457,2.7504568
train,50,196,2.0,1.9861757,-0.013824344
train,50,197,1.0,-0.59383935,-1.5938394
train,50,198,0.0,-0.733417,-0.733417
train,51,30,183.0,180.12286,-2.8771362
train,51,31,182.0,170.1251,-11.874893
train,51,32,181.0,156.54614,-24.453857
train,51,33,180.0,146.16713,-33.83287
train,51,34,179.0,143.27231,-35.72769
train,51,35,178.0,142.09923,-35.900772
train,51,36,177.0,148.38333,-28.616669
train,51,37,176.0,156.37804,-19.621964
train,51,38,175.0,169.81728,-5.182724
train,51,39,174.0,180.09462,6.0946198
train,51,40,173.0,183.00151,10.001511
train,51,41,172.0,180.07802,8.078018
train,51,42,171.0,182.08049,11.08049
train,51,43,170.0,191.73816,21.73816
train,51,44,169.0,192.70747,23.707474
train,51,45,168.0,193.38744,25.387436
train,51,46,167.0,200.77823,33.77823
train,51,47,166.0,201.42174,35.421738
train,51,48,165.0,202.76065,37.76065
train,51,49,164.0,200.822,36.822006
train,51,50,163.0,196.75426,33.754257
train,51,51,162.0,196.89479,34.89479
train,51,52,161.0,204.64713,43.647125
train,51,53,160.0,200.35583,40.355835
train,51,54,159.0,202.58813,43.588135
train,51,55,158.0,205.3988,47.398804
train,51,56,157.0,202.01678,45.016785
train,51,57,156.0,201.13895,45.138947
train,51,58,155.0,191.2107,36.210693
train,51,59,154.0,177.88425,23.884247
train,51,60,153.0,165.14565,12.145645
train,51,61,152.0,151.90744,-0.092559814
train,51,62,151.0,141.57059,-9.429413
train,51,63,150.0,136.56317,-13.436829
train,51,64,149.0,124.20504,-24.79496
train,51,65,148.0,118.511116,-29.488884
train,51,66,147.0,120.323364,-26.676636
train,51,67,146.0,119.13916,-26.86084
train,51,68,145.0,120.17481,-24.825188
train,51,69,144.0,124.05719,-19.94281
train,51,70,143.0,128.46538,-14.534622
train,51,71,142.0,125.362366,-16.637634
train,51,72,141.0,127.70539,-13.294609
train,51,73,140.0,131.48033,-8.519669
train,51,74,139.0,127.73152,-11.268478
train,51,75,138.0,127.7574,-10.2425995
train,51,76,137.0,138.94904,1.9490356
train,51,77,136.0,150.53558,14.5355835
train,51,78,135.0,161.01373,26.013733
train,51,79,134.0,165.98172,31.98172
train,51,80,133.0,160.86356,27.863556
train,51,81,132.0,160.69388,28.693878
train,51,82,131.0,154.83652,23.836517
train,51,83,130.0,151.02899,21.028992
train,51,84,129.0,147.17542,18.175415
train,51,85,128.0,146.60715,18.607147
train,51,86,127.0,143.86761,16.867615
train,51,87,126.0,146.3635,20.363495
train,51,88,125.0,145.4515,20.451508
train,51,89,124.0,148.12546,24.125458
train,51,90,123.0,142.90494,19.904938
train,51,91,122.0,134.36942,12.369415
train,51,92,121.0,124.84979,3.8497925
train,51,93,120.0,125.74592,5.7459183
train,51,94,119.0,125.683525,6.683525
train,51,95,118.0,125.896736,7.896736
train,51,96,117.0,127.56815,10.568153
train,51,97,116.0,131.90762,15.907623
train,51,98,115.0,125.35815,10.358147
train,51,99,114.0,120.16697,6.1669693
train,51,100,113.0,121.713585,8.713585
train,51,101,112.0,120.556816,8.556816
train,51,102,111.0,118.600525,7.600525
train,51,103,110.0,123.838646,13.838646
train,51,104,109.0,122.490906,13.490906
train,51,105,108.0,120.20478,12.204781
train,51,106,107.0,122.99615,15.996147
train,51,107,106.0,121.34451,15.344513
train,51,108,105.0,118.01972,13.019722
train,51,109,104.0,113.45702,9.457024
train,51,110,103.0,120.07572,17.075722
train,51,111,102.0,125.72799,23.72799
train,51,112,101.0,131.09557,30.095566
train,51,113,100.0,136.83324,36.833237
train,51,114,99.0,137.93784,38.937836
train,51,115,98.0,136.59564,38.595642
train,51,116,97.0,133.64903,36.649033
train,51,117,96.0,133.35703,37.357025
train,51,118,95.0,132.25328,37.25328
train,51,119,94.0,131.30823,37.308228
train,51,120,93.0,129.17863,36.178635
train,51,121,92.0,132.60403,40.604034
train,51,122,91.0,134.8919,43.891907
train,51,123,90.0,134.1217,44.121704
train,51,124,89.0,130.14493,41.144928
train,51,125,88.0,119.549286,31.549286
train,51,126,87.0,119.87389,32.873894
train,51,127,86.0,121.78571,35.785713
train,51,128,85.0,124.53567,39.535667
train,51,129,84.0,120.67898,36.678978
train,51,130,83.0,116.73054,33.730537
train,51,131,82.0,108.78922,26.789223
train,51,132,81.0,104.13898,23.138977
train,51,133,80.0,102.26136,22.26136
train,51,134,79.0,99.753044,20.753044
train,51,135,78.0,95.78489,17.78489
train,51,136,77.0,90.95024,13.950241
train,51,137,76.0,93.44077,17.440773
train,51,138,75.0,99.11675,24.116753
train,51,139,74.0,94.612755,20.612755
train,51,140,73.0,88.24013,15.240128
train,51,141,72.0,86.75457,14.75457
train,51,142,71.0,81.83871,10.838707
train,51,143,70.0,79.14402,9.14402
train,51,144,69.0,79.29661,10.296608
train,51,145,68.0,80.2768,12.276802
train,51,146,67.0,79.835365,12.835365
train,51,147,66.0,78.87427,12.874268
train,51,148,65.0,78.46203,13.4620285
train,51,149,64.0,78.13204,14.132042
train,51,150,63.0,74.422615,11.422615
train,51,151,62.0,73.67138,11.671379
train,51,152,61.0,69.9068,8.906799
train,51,153,60.0,72.324486,12.324486
train,51,154,59.0,67.79542,8.795418
train,51,155,58.0,64.95189,6.951889
train,51,156,57.0,56.157967,-0.8420334
train,51,157,56.0,45.288727,-10.711273
train,51,158,55.0,31.485107,-23.514893
train,51,159,54.0,19.031359,-34.968643
train,51,160,53.0,15.002078,-37.99792
train,51,161,52.0,13.518086,-38.481915
train,51,162,51.0,11.504414,-39.495586
train,51,163,50.0,16.176485,-33.823517
train,51,164,49.0,19.586401,-29.413599
train,51,165,48.0,20.345085,-27.654915
train,51,166,47.0,19.15887,-27.84113
train,51,167,46.0,19.12141,-26.87859
train,51,168,45.0,20.266602,-24.733398
train,51,169,44.0,19.180311,-24.819689
train,51,170,43.0,18.493393,-24.506607
train,51,171,42.0,18.882399,-23.117601
train,51,172,41.0,20.027822,-20.972178
train,51,173,40.0,13.262733,-26.737267
train,51,174,39.0,11.921846,-27.078154
train,51,175,38.0,11.177717,-26.822283
train,51,176,37.0,13.561139,-23.438862
train,51,177,36.0,13.824436,-22.175564
train,51,178,35.0,16.773027,-18.226973
train,51,179,34.0,23.022306,-10.977694
train,51,180,33.0,27.986273,-5.013727
train,51,181,32.0,31.14326,-0.85674095
train,51,182,31.0,31.890024,0.8900242
train,51,183,30.0,32.21794,2.2179413
train,51,184,29.0,30.346432,1.3464317
train,51,185,28.0,23.658655,-4.341345
train,51,186,27.0,19.395184,-7.6048164
train,51,187,26.0,17.00317,-8.99683
train,51,188,25.0,15.053162,-9.946838
train,51,189,24.0,14.622875,-9.377125
train,51,190,23.0,13.207175,-9.792825
train,51,191,22.0,10.016258,-11.983742
train,51,192,21.0,7.944143,-13.055857
train,51,193,20.0,6.1304426,-13.869557
train,51,194,19.0,7.3021603,-11.69784
train,51,195,18.0,7.8662696,-10.13373
train,51,196,17.0,10.205597,-6.794403
train,51,197,16.0,10.620419,-5.3795815
train,51,198,15.0,7.965217,-7.034783
train,51,199,14.0,8.613834,-5.3861656
train,51,200,13.0,7.2933517,-5.7066483
train,51,201,12.0,5.856765,-6.143235
train,51,202,11.0,6.8257403,-4.1742597
train,51,203,10.0,4.1876316,-5.8123684
train,51,204,9.0,3.617078,-5.382922
train,51,205,8.0,4.8963084,-3.1036916
train,51,206,7.0,6.7970877,-0.20291233
train,51,207,6.0,9.395295,3.3952951
train,51,208,5.0,8.260857,3.2608566
train,51,209,4.0,9.388327,5.3883266
train,51,210,3.0,7.108911,4.108911
train,51,211,2.0,8.840085,6.840085
train,51,212,1.0,7.4379063,6.4379063
train,51,213,0.0,2.7367384,2.7367384
train,52,30,183.0,176.13417,-6.8658295
train,52,31,182.0,174.89394,-7.106064
train,52,32,181.0,172.4245,-8.5755005
train,52,33,180.0,171.5769,-8.423096
train,52,34,179.0,169.41914,-9.580856
train,52,35,178.0,169.21964,-8.780365
train,52,36,177.0,162.9447,-14.055298
train,52,37,176.0,155.1913,-20.8087
train,52,38,175.0,145.41791,-29.582092
train,52,39,174.0,138.96686,-35.033142
train,52,40,173.0,144.20056,-28.799438
train,52,41,172.0,141.45236,-30.547638
train,52,42,171.0,144.8938,-26.106201
train,52,43,170.0,152.43135,-17.56865
train,52,44,169.0,160.60977,-8.390228
train,52,45,168.0,159.38445,-8.615555
train,52,46,167.0,156.13799,-10.862015
train,52,47,166.0,150.0101,-15.989899
train,52,48,165.0,146.46585,-18.53415
train,52,49,164.0,140.42168,-23.578323
train,52,50,163.0,139.29132,-23.70868
train,52,51,162.0,142.8516,-19.148407
train,52,52,161.0,145.87003,-15.129974
train,52,53,160.0,149.57318,-10.426819
train,52,54,159.0,152.70432,-6.295685
train,52,55,158.0,154.30618,-3.6938171
train,52,56,157.0,155.53616,-1.4638367
train,52,57,156.0,162.87822,6.8782196
train,52,58,155.0,167.77728,12.777283
train,52,59,154.0,165.01053,11.010529
train,52,60,153.0,165.65973,12.659729
train,52,61,152.0,167.55566,15.555664
train,52,62,151.0,168.93323,17.933228
train,52,63,150.0,167.14377,17.143768
train,52,64,149.0,163.53833,14.53833
train,52,65,148.0,162.62071,14.620712
train,52,66,147.0,158.53279,11.532791
train,52,67,146.0,154.54831,8.548309
train,52,68,145.0,150.57764,5.5776367
train,52,69,144.0,140.43092,-3.5690765
train,52,70,143.0,134.82977,-8.170227
train,52,71,142.0,130.52577,-11.474228
train,52,72,141.0,127.67957,-13.320427
train,52,73,140.0,124.11202,-15.887978
train,52,74,139.0,121.014824,-17.985176
train,52,75,138.0,124.69517,-13.304832
train,52,76,137.0,129.19412,-7.8058777
train,52,77,136.0,129.6799,-6.320099
train,52,78,135.0,130.04602,-4.9539795
train,52,79,134.0,136.53452,2.5345154
train,52,80,133.0,141.39194,8.391937
train,52,81,132.0,147.97308,15.9730835
train,52,82,131.0,151.42876,20.428757
train,52,83,130.0,152.15106,22.151062
train,52,84,129.0,147.66333,18.66333
train,52,85,128.0,144.56725,16.567245
train,52,86,127.0,138.0729,11.0729065
train,52,87,126.0,129.47238,3.4723816
train,52,88,125.0,124.702675,-0.29732513
train,52,89,124.0,118.42216,-5.5778427
train,52,90,123.0,115.62242,-7.3775787
train,52,91,122.0,111.6896,-10.310402
train,52,92,121.0,108.54759,-12.452408
train,52,93,120.0,110.40495,-9.595047
train,52,94,119.0,109.057526,-9.942474
train,52,95,118.0,100.15914,-17.840858
train,52,96,117.0,97.94931,-19.05069
train,52,97,116.0,94.86012,-21.139877
train,52,98,115.0,92.93183,-22.068169
train,52,99,114.0,86.192345,-27.807655
train,52,100,113.0,82.80944,-30.19056
train,52,101,112.0,78.74973,-33.250267
train,52,102,111.0,80.79113,-30.20887
train,52,103,110.0,87.408806,-22.591194
train,52,104,109.0,85.46491,-23.535088
train,52,105,108.0,89.96713,-18.032867
train,52,106,107.0,88.369576,-18.630424
train,52,107,106.0,89.875755,-16.124245
train,52,108,105.0,92.12182,-12.878181
train,52,109,104.0,90.43514,-13.5648575
train,52,110,103.0,88.68386,-14.316139
train,52,111,102.0,87.317406,-14.682594
train,52,112,101.0,86.00243,-14.997566
train,52,113,100.0,93.07981,-6.920189
train,52,114,99.0,93.05841,-5.9415894
train,52,115,98.0,104.434616,6.434616
train,52,116,97.0,115.27935,18.27935
train,52,117,96.0,122.21143,26.211433
train,52,118,95.0,119.07443,24.074432
train,52,119,94.0,117.57937,23.579369
train,52,120,93.0,118.52903,25.52903
train,52,121,92.0,110.679245,18.679245
train,52,122,91.0,103.15072,12.150719
train,52,123,90.0,99.271095,9.271095
train,52,124,89.0,99.102905,10.102905
train,52,125,88.0,99.58712,11.58712
train,52,126,87.0,100.16522,13.165222
train,52,127,86.0,100.33654,14.33654
train,52,128,85.0,99.204636,14.204636
train,52,129,84.0,103.467735,19.467735
train,52,130,83.0,104.756935,21.756935
train,52,131,82.0,106.99709,24.997093
train,52,132,81.0,107.72106,26.721062
train,52,133,80.0,107.885124,27.885124
train,52,134,79.0,103.935844,24.935844
train,52,135,78.0,95.76739,17.767387
train,52,136,77.0,85.330666,8.330666
train,52,137,76.0,79.468666,3.468666
train,52,138,75.0,73.49488,-1.5051193
train,52,139,74.0,69.31545,-4.6845474
train,52,140,73.0,68.4112,-4.5887985
train,52,141,72.0,71.466805,-0.5331955
train,52,142,71.0,78.01578,7.0157776
train,52,143,70.0,85.37072,15.37072
train,52,144,69.0,84.21987,15.2198715
train,52,145,68.0,81.99531,13.995308
train,52,146,67.0,81.871925,14.871925
train,52,147,66.0,80.22712,14.227119
train,52,148,65.0,81.3082,16.308197
train,52,149,64.0,82.877174,18.877174
train,52,150,63.0,81.93036,18.930359
train,52,151,62.0,80.5537,18.553703
train,52,152,61.0,76.98293,15.982933
train,52,153,60.0,75.225555,15.225555
train,52,154,59.0,71.727425,12.727425
train,52,155,58.0,67.34852,9.348518
train,52,156,57.0,63.503372,6.503372
train,52,157,56.0,64.80703,8.80703
train,52,158,55.0,64.48807,9.488068
train,52,159,54.0,65.95806,11.958061
train,52,160,53.0,65.855705,12.855705
train,52,161,52.0,64.24298,12.242981
train,52,162,51.0,63.526756,12.526756
train,52,163,50.0,56.791832,6.791832
train,52,164,49.0,53.02452,4.024521
train,52,165,48.0,50.938255,2.9382553
train,52,166,47.0,52.19157,5.1915703
train,52,167,46.0,53.65822,7.6582184
train,52,168,45.0,53.559166,8.559166
train,52,169,44.0,56.635452,12.635452
train,52,170,43.0,52.74507,9.745071
train,52,171,42.0,48.86745,6.8674507
train,52,172,41.0,47.050728,6.050728
train,52,173,40.0,47.852417,7.852417
train,52,174,39.0,51.14848,12.148479
train,52,175,38.0,52.24086,14.24086
train,52,176,37.0,50.27207,13.272072
train,52,177,36.0,51.27282,15.2728195
train,52,178,35.0,49.048042,14.048042
train,52,179,34.0,47.548058,13.548058
train,52,180,33.0,46.140465,13.140465
train,52,181,32.0,42.746456,10.746456
train,52,182,31.0,40.2241,9.224098
train,52,183,30.0,36.51585,6.51585
train,52,184,29.0,34.652065,5.6520653
train,52,185,28.0,33.003696,5.0036964
train,52,186,27.0,30.105736,3.1057358
train,52,187,26.0,28.259018,2.259018
train,52,188,25.0,24.52472,-0.47528076
train,52,189,24.0,21.175451,-2.8245487
train,52,190,23.0,21.624634,-1.3753662
train,52,191,22.0,19.455029,-2.5449715
train,52,192,21.0,18.444328,-2.5556717
train,52,193,20.0,17.540524,-2.4594765
train,52,194,19.0,17.44107,-1.5589294
train,52,195,18.0,14.919598,-3.0804024
train,52,196,17.0,13.558687,-3.4413128
train,52,197,16.0,12.406145,-3.593855
train,52,198,15.0,9.326454,-5.673546
train,52,199,14.0,10.14672,-3.85328
train,52,200,13.0,9.338763,-3.6612368
train,52,201,12.0,6.4160385,-5.5839615
train,52,202,11.0,4.882188,-6.117812
train,52,203,10.0,4.4704223,-5.5295777
train,52,204,9.0,3.6547437,-5.3452563
train,52,205,8.0,3.913037,-4.0869627
train,52,206,7.0,1.5535167,-5.446483
train,52,207,6.0,1.1090583,-4.8909416
train,52,208,5.0,-1.3274139,-6.327414
train,52,209,4.0,-2.2630527,-6.263053
train,52,210,3.0,-2.0831363,-5.0831366
train,52,211,2.0,-3.6739979,-5.673998
train,52,212,1.0,-7.388376,-8.388376
train,52,213,0.0,-6.8457685,-6.8457685
train,54,30,227.0,179.05891,-47.941086
train,54,31,226.0,166.94138,-59.058624
train,54,32,225.0,163.99422,-61.005783
train,54,33,224.0,163.07825,-60.921753
train,54,34,223.0,165.31918,-57.680817
train,54,35,222.0,177.30707,-44.692932
train,54,36,221.0,183.41238,-37.587616
train,54,37,220.0,195.28598,-24.71402
train,54,38,219.0,194.93256,-24.067444
train,54,39,218.0,190.47826,-27.521744
train,54,40,217.0,183.89113,-33.10887
train,54,41,216.0,174.02708,-41.972916
train,54,42,215.0,176.8515,-38.1485
train,54,43,214.0,181.61163,-32.388367
train,54,44,213.0,187.16861,-25.83139
train,54,45,212.0,196.82423,-15.175766
train,54,46,211.0,198.70839,-12.291611
train,54,47,210.0,203.4763,-6.523697
train,54,48,209.0,202.53035,-6.4696503
train,54,49,208.0,203.9014,-4.0986023
train,54,50,207.0,209.01804,2.018036
train,54,51,206.0,207.92455,1.9245453
train,54,52,205.0,204.5308,-0.4691925
train,54,53,204.0,203.69064,-0.3093567
train,54,54,203.0,199.22499,-3.7750092
train,54,55,202.0,197.95166,-4.04834
train,54,56,201.0,196.66075,-4.3392487
train,54,57,200.0,196.88293,-3.1170654
train,54,58,199.0,182.40468,-16.595322
train,54,59,198.0,170.87347,-27.126526
train,54,60,197.0,167.54369,-29.456314
train,54,61,196.0,158.65797,-37.342026
train,54,62,195.0,160.27838,-34.72162
train,54,63,194.0,161.9215,-32.078506
train,54,64,193.0,176.18774,-16.812256
train,54,65,192.0,181.00256,-10.997437
train,54,66,191.0,179.30473,-11.695267
train,54,67,190.0,171.39618,-18.60382
train,54,68,189.0,160.84033,-28.159668
train,54,69,188.0,155.41896,-32.58104
train,54,70,187.0,146.96423,-40.035767
train,54,71,186.0,144.93448,-41.06552
train,54,72,185.0,144.21362,-40.786377
train,54,73,184.0,139.87909,-44.12091
train,54,74,183.0,141.11398,-41.886017
train,54,75,182.0,136.79736,-45.202637
train,54,76,181.0,142.06335,-38.936646
train,54,77,180.0,149.10428,-30.895721
train,54,78,179.0,158.27989,-20.720108
train,54,79,178.0,160.76561,-17.23439
train,54,80,177.0,158.22089,-18.779114
train,54,81,176.0,167.38486,-8.615143
train,54,82,175.0,172.9599,-2.0401
train,54,83,174.0,178.66281,4.6628113
train,54,84,173.0,180.37572,7.375717
train,54,85,172.0,179.46078,7.460785
train,54,86,171.0,185.96082,14.960815
train,54,87,170.0,192.80754,22.80754
train,54,88,169.0,183.01804,14.018036
train,54,89,168.0,178.39937,10.399368
train,54,90,167.0,177.03935,10.039352
train,54,91,166.0,174.11583,8.115829
train,54,92,165.0,176.74167,11.741669
train,54,93,164.0,179.29727,15.297272
train,54,94,163.0,179.14798,16.14798
train,54,95,162.0,181.1007,19.100693
train,54,96,161.0,175.93607,14.936066
train,54,97,160.0,170.02107,10.021072
train,54,98,159.0,163.0397,4.0397034
train,54,99,158.0,151.24524,-6.7547607
train,54,100,157.0,143.25499,-13.74501
train,54,101,156.0,136.19885,-19.801147
train,54,102,155.0,124.05465,-30.94535
train,54,103,154.0,123.570755,-30.429245
train,54,104,153.0,126.04455,-26.955452
train,54,105,152.0,129.14151,-22.85849
train,54,106,151.0,133.1295,-17.870499
train,54,107,150.0,134.40915,-15.590851
train,54,108,149.0,131.82811,-17.17189
train,54,109,148.0,132.62222,-15.377777
train,54,110,147.0,132.98499,-14.015015
train,54,111,146.0,121.78692,-24.213081
train,54,112,145.0,114.621574,-30.378426
train,54,113,144.0,117.78501,-26.214989
train,54,114,143.0,126.51079,-16.489212
train,54,115,142.0,132.62663,-9.373367
train,54,116,141.0,135.27151,-5.728485
train,54,117,140.0,137.89705,-2.102951
train,54,118,139.0,142.49123,3.4912262
train,54,119,138.0,150.86023,12.8602295
train,54,120,137.0,162.12874,25.128738
train,54,121,136.0,164.92581,28.925812
train,54,122,135.0,171.3204,36.320404
train,54,123,134.0,175.43544,41.43544
train,54,124,133.0,175.48361,42.483612
train,54,125,132.0,166.4021,34.4021
train,54,126,131.0,158.15771,27.157715
train,54,127,130.0,147.29399,17.293991
train,54,128,129.0,139.76352,10.763519
train,54,129,128.0,133.85806,5.8580627
train,54,130,127.0,134.64966,7.649658
train,54,131,126.0,130.6066,4.606598
train,54,132,125.0,128.2471,3.2471008
train,54,133,124.0,121.80506,-2.1949387
train,54,134,123.0,120.34989,-2.6501083
train,54,135,122.0,121.65898,-0.34101868
train,54,136,121.0,122.910774,1.9107742
train,54,137,120.0,110.60303,-9.396973
train,54,138,119.0,97.1636,-21.836403
train,54,139,118.0,83.86858,-34.131416
train,54,140,117.0,72.48525,-44.514748
train,54,141,116.0,74.35022,-41.64978
train,54,142,115.0,76.21926,-38.78074
train,54,143,114.0,76.122284,-37.877716
train,54,144,113.0,72.25123,-40.74877
train,54,145,112.0,72.6882,-39.3118
train,54,146,111.0,77.37638,-33.62362
train,54,147,110.0,85.10809,-24.891907
train,54,148,109.0,92.1997,-16.8003
train,54,149,108.0,100.22587,-7.774132
train,54,150,107.0,102.19273,-4.807266
train,54,151,106.0,106.07207,0.07206726
train,54,152,105.0,113.16734,8.167343
train,54,153,104.0,116.123825,12.123825
train,54,154,103.0,114.82244,11.822441
train,54,155,102.0,114.24803,12.248032
train,54,156,101.0,115.928246,14.928246
train,54,157,100.0,111.14913,11.149132
train,54,158,99.0,105.43333,6.4333267
train,54,159,98.0,102.3294,4.329399
train,54,160,97.0,97.97101,0.9710083
train,54,161,96.0,94.30547,-1.6945267
train,54,162,95.0,96.26832,1.2683182
train,54,163,94.0,99.1468,5.146797
train,54,164,93.0,97.00469,4.004692
train,54,165,92.0,95.65516,3.655159
train,54,166,91.0,91.92188,0.9218826
train,54,167,90.0,88.91927,-1.0807266
train,54,168,89.0,83.050804,-5.949196
train,54,169,88.0,77.46744,-10.532562
train,54,170,87.0,73.38687,-13.613129
train,54,171,86.0,70.17161,-15.828392
train,54,172,85.0,67.983315,-17.016685
train,54,173,84.0,66.14611,-17.85389
train,54,174,83.0,66.94312,-16.056877
train,54,175,82.0,62.0932,-19.9068
train,54,176,81.0,61.83657,-19.16343
train,54,177,80.0,57.86228,-22.137718
train,54,178,79.0,54.666103,-24.333897
train,54,179,78.0,58.161045,-19.838955
train,54,180,77.0,60.409782,-16.590218
train,54,181,76.0,64.80267,-11.197327
train,54,182,75.0,68.25189,-6.748108
train,54,183,74.0,74.135475,0.13547516
train,54,184,73.0,72.723656,-0.2763443
train,54,185,72.0,73.276695,1.2766953
train,54,186,71.0,67.1562,-3.8438034
train,54,187,70.0,61.280384,-8.719616
train,54,188,69.0,59.061264,-9.938736
train,54,189,68.0,63.30449,-4.695511
train,54,190,67.0,63.00962,-3.9903793
train,54,191,66.0,67.41653,1.4165268
train,54,192,65.0,71.89077,6.89077
train,54,193,64.0,71.46524,7.4652405
train,54,194,63.0,70.2053,7.2052994
train,54,195,62.0,63.942814,1.9428139
train,54,196,61.0,59.262154,-1.7378464
train,54,197,60.0,52.54963,-7.450371
train,54,198,59.0,48.505337,-10.494663
train,54,199,58.0,46.635647,-11.364353
train,54,200,57.0,50.380642,-6.619358
train,54,201,56.0,53.44912,-2.5508804
train,54,202,55.0,51.07473,-3.92527
train,54,203,54.0,46.913925,-7.086075
train,54,204,53.0,43.70632,-9.293678
train,54,205,52.0,44.027695,-7.9723053
train,54,206,51.0,48.748856,-2.2511444
train,54,207,50.0,50.101097,0.10109711
train,54,208,49.0,49.462807,0.4628067
train,54,209,48.0,48.783905,0.783905
train,54,210,47.0,55.115463,8.115463
train,54,211,46.0,51.718647,5.718647
train,54,212,45.0,47.791954,2.791954
train,54,213,44.0,44.46491,0.4649086
train,54,214,43.0,39.908092,-3.0919075
train,54,215,42.0,37.905083,-4.0949173
train,54,216,41.0,43.0608,2.0607986
train,54,217,40.0,43.023247,3.0232468
train,54,218,39.0,45.68595,6.685951
train,54,219,38.0,44.730263,6.7302628
train,54,220,37.0,48.25085,11.250851
train,54,221,36.0,49.89868,13.898682
train,54,222,35.0,49.496162,14.496162
train,54,223,34.0,47.66304,13.66304
train,54,224,33.0,45.18062,12.180618
train,54,225,32.0,42.460922,10.460922
train,54,226,31.0,41.6753,10.675301
train,54,227,30.0,36.546787,6.5467873
train,54,228,29.0,33.858185,4.858185
train,54,229,28.0,30.892948,2.8929482
train,54,230,27.0,27.873846,0.87384605
train,54,231,26.0,28.000633,2.0006332
train,54,232,25.0,26.64087,1.6408691
train,54,233,24.0,25.342543,1.3425426
train,54,234,23.0,27.937443,4.937443
train,54,235,22.0,26.798405,4.7984047
train,54,236,21.0,22.881721,1.8817215
train,54,237,20.0,21.478153,1.4781532
train,54,238,19.0,22.469397,3.4693966
train,54,239,18.0,20.194101,2.1941013
train,54,240,17.0,15.344263,-1.6557369
train,54,241,16.0,10.931076,-5.068924
train,54,242,15.0,9.629214,-5.3707857
train,54,243,14.0,7.137278,-6.862722
train,54,244,13.0,10.426872,-2.5731277
train,54,245,12.0,8.169493,-3.8305073
train,54,246,11.0,7.286466,-3.7135339
train,54,247,10.0,5.52678,-4.47322
train,54,248,9.0,7.2804008,-1.7195992
train,54,249,8.0,7.8653307,-0.1346693
train,54,250,7.0,5.9758697,-1.0241303
train,54,251,6.0,4.2922826,-1.7077174
train,54,252,5.0,2.9056144,-2.0943856
train,54,253,4.0,4.039653,0.039652824
train,54,254,3.0,0.7598639,-2.2401361
train,54,255,2.0,-0.48487392,-2.484874
train,54,256,1.0,-0.31619456,-1.3161945
train,54,257,0.0,0.086446844,0.086446844
train,55,30,163.0,145.5079,-17.492096
train,55,31,162.0,147.1687,-14.831299
train,55,32,161.0,156.6755,-4.3244934
train,55,33,160.0,156.953,-3.046997
train,55,34,159.0,159.92686,0.9268646
train,55,35,158.0,162.87305,4.873047
train,55,36,157.0,162.0274,5.027405
train,55,37,156.0,166.72319,10.72319
train,55,38,155.0,167.21246,12.212463
train,55,39,154.0,169.8345,15.834503
train,55,40,153.0,175.87021,22.870209
train,55,41,152.0,167.72217,15.722168
train,55,42,151.0,163.96048,12.96048
train,55,43,150.0,155.02629,5.026291
train,55,44,149.0,153.94351,4.943512
train,55,45,148.0,151.96257,3.9625702
train,55,46,147.0,156.9332,9.933197
train,55,47,146.0,163.59456,17.594559
train,55,48,145.0,173.06992,28.069916
train,55,49,144.0,174.73506,30.735062
train,55,50,143.0,170.14969,27.149689
train,55,51,142.0,168.6589,26.658905
train,55,52,141.0,174.11906,33.119064
train,55,53,140.0,177.48523,37.48523
train,55,54,139.0,171.32422,32.32422
train,55,55,138.0,163.05156,25.05156
train,55,56,137.0,147.83533,10.835327
train,55,57,136.0,141.23155,5.231552
train,55,58,135.0,136.78735,1.7873535
train,55,59,134.0,141.17088,7.170883
train,55,60,133.0,144.01945,11.019455
train,55,61,132.0,143.00621,11.00621
train,55,62,131.0,139.91731,8.917313
train,55,63,130.0,136.08777,6.0877686
train,55,64,129.0,135.13745,6.137451
train,55,65,128.0,128.72867,0.7286682
train,55,66,127.0,127.23345,0.23345184
train,55,67,126.0,131.38199,5.3819885
train,55,68,125.0,132.13254,7.132538
train,55,69,124.0,130.62878,6.628784
train,55,70,123.0,131.64516,8.645157
train,55,71,122.0,122.858505,0.85850525
train,55,72,121.0,119.66368,-1.336319
train,55,73,120.0,120.04692,0.046920776
train,55,74,119.0,118.21586,-0.78414154
train,55,75,118.0,119.440125,1.4401245
train,55,76,117.0,121.85241,4.8524094
train,55,77,116.0,120.18131,4.1813126
train,55,78,115.0,129.0396,14.039597
train,55,79,114.0,143.19427,29.194275
train,55,80,113.0,152.82294,39.822937
train,55,81,112.0,163.42331,51.42331
train,55,82,111.0,168.43729,57.437286
train,55,83,110.0,162.49701,52.49701
train,55,84,109.0,155.37144,46.371445
train,55,85,108.0,151.12326,43.12326
train,55,86,107.0,145.56067,38.56067
train,55,87,106.0,146.06393,40.063934
train,55,88,105.0,147.59938,42.59938
train,55,89,104.0,150.16089,46.16089
train,55,90,103.0,144.47798,41.47798
train,55,91,102.0,144.80493,42.80493
train,55,92,101.0,143.49997,42.49997
train,55,93,100.0,142.97562,42.975616
train,55,94,99.0,143.94434,44.944336
train,55,95,98.0,148.5466,50.5466
train,55,96,97.0,151.12271,54.12271
train,55,97,96.0,154.68909,58.689087
train,55,98,95.0,146.88739,51.88739
train,55,99,94.0,140.81055,46.810547
train,55,100,93.0,133.62265,40.62265
train,55,101,92.0,125.43249,33.432487
train,55,102,91.0,120.42813,29.428131
train,55,103,90.0,119.58018,29.580177
train,55,104,89.0,123.45518,34.455177
train,55,105,88.0,129.71152,41.711517
train,55,106,87.0,129.11203,42.11203
train,55,107,86.0,136.69992,50.69992
train,55,108,85.0,133.36043,48.360428
train,55,109,84.0,133.66946,49.669464
train,55,110,83.0,127.747955,44.747955
train,55,111,82.0,124.01162,42.01162
train,55,112,81.0,119.87733,38.877327
train,55,113,80.0,112.517525,32.517525
train,55,114,79.0,113.39214,34.392143
train,55,115,78.0,111.78274,33.782738
train,55,116,77.0,115.483635,38.483635
train,55,117,76.0,119.18559,43.185593
train,55,118,75.0,117.49488,42.49488
train,55,119,74.0,115.225624,41.225624
train,55,120,73.0,116.10953,43.109528
train,55,121,72.0,117.17152,45.171516
train,55,122,71.0,115.7806,44.7806
train,55,123,70.0,114.51943,44.519432
train,55,124,69.0,108.176704,39.176704
train,55,125,68.0,106.24172,38.241722
train,55,126,67.0,103.8119,36.811897
train,55,127,66.0,100.24018,34.24018
train,55,128,65.0,99.79691,34.796913
train,55,129,64.0,100.66327,36.66327
train,55,130,63.0,101.93805,38.93805
train,55,131,62.0,106.29182,44.291817
train,55,132,61.0,107.59879,46.598793
train,55,133,60.0,101.26748,41.26748
train,55,134,59.0,100.926796,41.926796
train,55,135,58.0,95.39448,37.394478
train,55,136,57.0,93.05988,36.059883
train,55,137,56.0,93.338394,37.338394
train,55,138,55.0,88.24994,33.24994
train,55,139,54.0,81.49729,27.497292
train,55,140,53.0,78.02684,25.02684
train,55,141,52.0,75.58507,23.585068
train,55,142,51.0,76.79633,25.796333
train,55,143,50.0,74.92974,24.92974
train,55,144,49.0,78.467285,29.467285
train,55,145,48.0,75.90072,27.900719
train,55,146,47.0,73.53313,26.533127
train,55,147,46.0,74.459145,28.459145
train,55,148,45.0,71.951,26.950996
train,55,149,44.0,66.96055,22.960548
train,55,150,43.0,64.42451,21.424507
train,55,151,42.0,64.89409,22.894089
train,55,152,41.0,62.82527,21.825272
train,55,153,40.0,58.946667,18.946667
train,55,154,39.0,54.542767,15.542767
train,55,155,38.0,54.1959,16.1959
train,55,156,37.0,51.504967,14.504967
train,55,157,36.0,51.997955,15.997955
train,55,158,35.0,47.80474,12.804741
train,55,159,34.0,46.142006,12.142006
train,55,160,33.0,43.195763,10.195763
train,55,161,32.0,42.12082,10.120819
train,55,162,31.0,39.946854,8.946854
train,55,163,30.0,37.04561,7.0456085
train,55,164,29.0,33.673294,4.673294
train,55,165,28.0,29.57415,1.5741501
train,55,166,27.0,24.907356,-2.0926437
train,55,167,26.0,20.85443,-5.1455708
train,55,168,25.0,19.456188,-5.543812
train,55,169,24.0,21.752365,-2.247635
train,55,170,23.0,24.691662,1.6916618
train,55,171,22.0,23.755112,1.7551117
train,55,172,21.0,21.774103,0.77410316
train,55,173,20.0,21.857697,1.8576965
train,55,174,19.0,19.631607,0.63160706
train,55,175,18.0,18.755997,0.7559967
train,55,176,17.0,18.890451,1.8904514
train,55,177,16.0,20.386919,4.386919
train,55,178,15.0,20.787643,5.7876434
train,55,179,14.0,19.984413,5.984413
train,55,180,13.0,19.71917,6.7191696
train,55,181,12.0,18.181585,6.1815853
train,55,182,11.0,14.2372055,3.2372055
train,55,183,10.0,11.971331,1.9713306
train,55,184,9.0,9.562521,0.562521
train,55,185,8.0,9.529749,1.5297489
train,55,186,7.0,10.089094,3.0890942
train,55,187,6.0,10.05234,4.0523396
train,55,188,5.0,10.45811,5.45811
train,55,189,4.0,7.6900573,3.6900573
train,55,190,3.0,6.7394505,3.7394505
train,55,191,2.0,4.353907,2.353907
train,55,192,1.0,2.8052979,1.8052979
train,55,193,0.0,0.5768953,0.5768953
train,56,30,245.0,128.37836,-116.62164
train,56,31,244.0,131.33658,-112.66342
train,56,32,243.0,133.8026,-109.1974
train,56,33,242.0,135.1983,-106.8017
train,56,34,241.0,133.6764,-107.32359
train,56,35,240.0,134.77937,-105.22063
train,56,36,239.0,135.85667,-103.143326
train,56,37,238.0,136.33322,-101.66678
train,56,38,237.0,139.24255,-97.75745
train,56,39,236.0,144.04004,-91.95996
train,56,40,235.0,149.69583,-85.30417
train,56,41,234.0,162.79005,-71.209946
train,56,42,233.0,174.75386,-58.24614
train,56,43,232.0,186.79247,-45.207535
train,56,44,231.0,194.22589,-36.77411
train,56,45,230.0,194.14076,-35.859238
train,56,46,229.0,194.08264,-34.91736
train,56,47,228.0,191.60135,-36.39865
train,56,48,227.0,187.28659,-39.71341
train,56,49,226.0,182.26926,-43.730743
train,56,50,225.0,170.3464,-54.653595
train,56,51,224.0,165.00735,-58.992645
train,56,52,223.0,158.21179,-64.78821
train,56,53,222.0,157.44815,-64.55185
train,56,54,221.0,157.80759,-63.192413
train,56,55,220.0,160.51608,-59.483917
train,56,56,219.0,160.85037,-58.149628
train,56,57,218.0,167.62407,-50.37593
train,56,58,217.0,162.65399,-54.34601
train,56,59,216.0,160.35893,-55.641068
train,56,60,215.0,152.3802,-62.619797
train,56,61,214.0,142.95233,-71.04767
train,56,62,213.0,138.45427,-74.54573
train,56,63,212.0,133.76665,-78.23335
train,56,64,211.0,130.19974,-80.80026
train,56,65,210.0,124.11318,-85.88682
train,56,66,209.0,120.39666,-88.60334
train,56,67,208.0,120.09482,-87.90518
train,56,68,207.0,125.06609,-81.93391
train,56,69,206.0,134.88214,-71.11786
train,56,70,205.0,149.9693,-55.0307
train,56,71,204.0,163.98746,-40.012543
train,56,72,203.0,169.68947,-33.31053
train,56,73,202.0,173.33691,-28.663086
train,56,74,201.0,168.2743,-32.725693
train,56,75,200.0,164.31361,-35.686386
train,56,76,199.0,155.50296,-43.49704
train,56,77,198.0,146.75905,-51.24095
train,56,78,197.0,140.83511,-56.164886
train,56,79,196.0,138.60172,-57.398285
train,56,80,195.0,137.04605,-57.95395
train,56,81,194.0,141.09872,-52.901276
train,56,82,193.0,139.93896,-53.061035
train,56,83,192.0,134.18028,-57.819717
train,56,84,191.0,129.83871,-61.161285
train,56,85,190.0,124.83439,-65.16561
train,56,86,189.0,124.3195,-64.6805
train,56,87,188.0,126.48461,-61.51539
train,56,88,187.0,124.01406,-62.98594
train,56,89,186.0,123.02456,-62.97544
train,56,90,185.0,120.19729,-64.80271
train,56,91,184.0,113.80419,-70.19581
train,56,92,183.0,113.990105,-69.009895
train,56,93,182.0,115.53438,-66.46562
train,56,94,181.0,109.73677,-71.26323
train,56,95,180.0,108.86728,-71.13272
train,56,96,179.0,111.53877,-67.46123
train,56,97,178.0,119.03269,-58.967308
train,56,98,177.0,123.47343,-53.526573
train,56,99,176.0,127.27851,-48.72149
train,56,100,175.0,128.84412,-46.155884
train,56,101,174.0,130.35718,-43.642822
train,56,102,173.0,131.68747,-41.31253
train,56,103,172.0,133.66121,-38.33879
train,56,104,171.0,134.23105,-36.76895
train,56,105,170.0,134.17258,-35.827423
train,56,106,169.0,130.51231,-38.487686
train,56,107,168.0,126.39259,-41.607407
train,56,108,167.0,128.10986,-38.890137
train,56,109,166.0,125.128235,-40.871765
train,56,110,165.0,122.80612,-42.19388
train,56,111,164.0,118.98861,-45.01139
train,56,112,163.0,117.48258,-45.517418
train,56,113,162.0,119.52534,-42.474663
train,56,114,161.0,123.46563,-37.53437
train,56,115,160.0,123.19858,-36.801422
train,56,116,159.0,123.28485,-35.71515
train,56,117,158.0,116.56705,-41.432953
train,56,118,157.0,109.9246,-47.0754
train,56,119,156.0,111.91717,-44.082832
train,56,120,155.0,108.63713,-46.36287
train,56,121,154.0,107.378105,-46.621895
train,56,122,153.0,107.71609,-45.283913
train,56,123,152.0,101.90151,-50.098488
train,56,124,151.0,101.224655,-49.775345
train,56,125,150.0,103.51406,-46.48594
train,56,126,149.0,103.62892,-45.37108
train,56,127,148.0,106.46159,-41.538406
train,56,128,147.0,112.14239,-34.857613
train,56,129,146.0,115.316,-30.683998
train,56,130,145.0,122.060356,-22.939644
train,56,131,144.0,123.87166,-20.128342
train,56,132,143.0,123.61042,-19.38958
train,56,133,142.0,123.19393,-18.806068
train,56,134,141.0,125.79174,-15.20826
train,56,135,140.0,127.2071,-12.7929
train,56,136,139.0,127.63646,-11.363541
train,56,137,138.0,126.189644,-11.810356
train,56,138,137.0,128.83482,-8.165176
train,56,139,136.0,132.55954,-3.4404602
train,56,140,135.0,134.66309,-0.33691406
train,56,141,134.0,137.55313,3.553131
train,56,142,133.0,136.13274,3.1327362
train,56,143,132.0,135.45395,3.453949
train,56,144,131.0,130.68994,-0.3100586
train,56,145,130.0,126.789474,-3.2105255
train,56,146,129.0,121.20525,-7.7947464
train,56,147,128.0,120.42207,-7.5779266
train,56,148,127.0,117.7901,-9.2099
train,56,149,126.0,112.05821,-13.941788
train,56,150,125.0,107.19715,-17.802849
train,56,151,124.0,100.35086,-23.64914
train,56,152,123.0,96.12188,-26.87812
train,56,153,122.0,94.92497,-27.075027
train,56,154,121.0,88.99998,-32.000023
train,56,155,120.0,87.78545,-32.214546
train,56,156,119.0,89.02466,-29.975342
train,56,157,118.0,88.8731,-29.1269
train,56,158,117.0,85.00714,-31.992859
train,56,159,116.0,84.132904,-31.867096
train,56,160,115.0,85.6661,-29.3339
train,56,161,114.0,84.17931,-29.820686
train,56,162,113.0,81.43532,-31.564682
train,56,163,112.0,81.55793,-30.44207
train,56,164,111.0,84.39777,-26.602226
train,56,165,110.0,84.76855,-25.231453
train,56,166,109.0,87.73344,-21.266563
train,56,167,108.0,84.72488,-23.275124
train,56,168,107.0,85.67532,-21.324677
train,56,169,106.0,80.295525,-25.704475
train,56,170,105.0,80.30036,-24.699638
train,56,171,104.0,79.10377,-24.896233
train,56,172,103.0,77.41076,-25.589241
train,56,173,102.0,79.13893,-22.861069
train,56,174,101.0,79.22307,-21.776932
train,56,175,100.0,78.023315,-21.976685
train,56,176,99.0,77.93176,-21.068237
train,56,177,98.0,77.193535,-20.806465
train,56,178,97.0,75.70806,-21.291939
train,56,179,96.0,73.777504,-22.222496
train,56,180,95.0,72.65722,-22.342781
train,56,181,94.0,72.908455,-21.091545
train,56,182,93.0,72.6957,-20.304298
train,56,183,92.0,73.02738,-18.972618
train,56,184,91.0,70.51008,-20.489922
train,56,185,90.0,69.332405,-20.667595
train,56,186,89.0,70.066635,-18.933365
train,56,187,88.0,69.422226,-18.577774
train,56,188,87.0,68.87656,-18.123444
train,56,189,86.0,68.14733,-17.852669
train,56,190,85.0,65.75285,-19.247147
train,56,191,84.0,66.10258,-17.897423
train,56,192,83.0,64.79975,-18.200249
train,56,193,82.0,62.47702,-19.52298
train,56,194,81.0,62.72351,-18.27649
train,56,195,80.0,58.650284,-21.349716
train,56,196,79.0,58.65573,-20.344269
train,56,197,78.0,60.670853,-17.329147
train,56,198,77.0,60.579037,-16.420963
train,56,199,76.0,62.51043,-13.489571
train,56,200,75.0,60.96311,-14.036888
train,56,201,74.0,61.514694,-12.485306
train,56,202,73.0,60.78793,-12.21207
train,56,203,72.0,60.412422,-11.587578
train,56,204,71.0,56.40923,-14.590771
train,56,205,70.0,52.86482,-17.135181
train,56,206,69.0,48.72702,-20.27298
train,56,207,68.0,47.32351,-20.67649
train,56,208,67.0,48.120613,-18.879387
train,56,209,66.0,47.990067,-18.009933
train,56,210,65.0,49.718185,-15.281815
train,56,211,64.0,50.578476,-13.421524
train,56,212,63.0,51.13063,-11.8693695
train,56,213,62.0,50.572834,-11.427166
train,56,214,61.0,47.83019,-13.169811
train,56,215,60.0,45.034348,-14.965652
train,56,216,59.0,43.17118,-15.828819
train,56,217,58.0,40.149117,-17.850883
train,56,218,57.0,40.75432,-16.245682
train,56,219,56.0,39.142445,-16.857555
train,56,220,55.0,40.09971,-14.900291
train,56,221,54.0,37.090385,-16.909615
train,56,222,53.0,35.18714,-17.812859
train,56,223,52.0,35.351227,-16.648773
train,56,224,51.0,34.998688,-16.001312
train,56,225,50.0,32.61594,-17.38406
train,56,226,49.0,32.304756,-16.695244
train,56,227,48.0,31.296356,-16.703644
train,56,228,47.0,30.5345,-16.4655
train,56,229,46.0,27.414305,-18.585695
train,56,230,45.0,24.91853,-20.08147
train,56,231,44.0,22.55354,-21.44646
train,56,232,43.0,20.248472,-22.751528
train,56,233,42.0,17.45657,-24.54343
train,56,234,41.0,17.116198,-23.883802
train,56,235,40.0,15.225983,-24.774017
train,56,236,39.0,16.726969,-22.273031
train,56,237,38.0,18.551622,-19.448378
train,56,238,37.0,17.841213,-19.158787
train,56,239,36.0,16.507587,-19.492413
train,56,240,35.0,16.255138,-18.744862
train,56,241,34.0,17.487381,-16.512619
train,56,242,33.0,17.822433,-15.177567
train,56,243,32.0,17.22585,-14.774151
train,56,244,31.0,16.975405,-14.024595
train,56,245,30.0,17.360207,-12.639793
train,56,246,29.0,18.459084,-10.540916
train,56,247,28.0,20.241041,-7.758959
train,56,248,27.0,19.700932,-7.2990685
train,56,249,26.0,20.70734,-5.2926598
train,56,250,25.0,19.438911,-5.5610886
train,56,251,24.0,19.351694,-4.648306
train,56,252,23.0,17.570389,-5.429611
train,56,253,22.0,18.674809,-3.3251915
train,56,254,21.0,20.280708,-0.7192917
train,56,255,20.0,19.85979,-0.1402092
train,56,256,19.0,19.507969,0.5079689
train,56,257,18.0,16.480873,-1.5191269
train,56,258,17.0,15.372467,-1.627533
train,56,259,16.0,12.930916,-3.0690842
train,56,260,15.0,13.855199,-1.1448011
train,56,261,14.0,13.065087,-0.9349127
train,56,262,13.0,12.577909,-0.42209053
train,56,263,12.0,9.3807955,-2.6192045
train,56,264,11.0,7.641607,-3.3583932
train,56,265,10.0,6.5906134,-3.4093866
train,56,266,9.0,6.0216093,-2.9783907
train,56,267,8.0,4.368601,-3.6313992
train,56,268,7.0,3.542087,-3.457913
train,56,269,6.0,1.8585991,-4.141401
train,56,270,5.0,-0.56761926,-5.5676193
train,56,271,4.0,-1.5064012,-5.506401
train,56,272,3.0,-2.8325448,-5.832545
train,56,273,2.0,-3.5201044,-5.5201044
train,56,274,1.0,-4.0330133,-5.0330133
train,56,275,0.0,-5.497321,-5.497321
train,57,30,107.0,166.77078,59.770782
train,57,31,106.0,160.01483,54.01483
train,57,32,105.0,150.27022,45.270218
train,57,33,104.0,149.34866,45.348663
train,57,34,103.0,145.70778,42.70778
train,57,35,102.0,149.34528,47.345276
train,57,36,101.0,147.01105,46.011047
train,57,37,100.0,141.68596,41.68596
train,57,38,99.0,141.63585,42.63585
train,57,39,98.0,141.12073,43.120728
train,57,40,97.0,141.51297,44.51297
train,57,41,96.0,138.23152,42.23152
train,57,42,95.0,136.90242,41.90242
train,57,43,94.0,133.8803,39.880295
train,57,44,93.0,145.66177,52.661774
train,57,45,92.0,149.82028,57.820282
train,57,46,91.0,151.5706,60.570602
train,57,47,90.0,145.5292,55.529205
train,57,48,89.0,141.00143,52.001434
train,57,49,88.0,139.20946,51.209457
train,57,50,87.0,139.58629,52.58629
train,57,51,86.0,147.2716,61.271606
train,57,52,85.0,151.38416,66.384155
train,57,53,84.0,151.90894,67.908936
train,57,54,83.0,151.72954,68.72954
train,57,55,82.0,157.32541,75.32541
train,57,56,81.0,161.344,80.343994
train,57,57,80.0,159.24422,79.24422
train,57,58,79.0,153.81711,74.81711
train,57,59,78.0,143.66797,65.66797
train,57,60,77.0,137.30583,60.305832
train,57,61,76.0,131.83238,55.832382
train,57,62,75.0,129.28471,54.284714
train,57,63,74.0,126.32772,52.32772
train,57,64,73.0,122.39897,49.39897
train,57,65,72.0,118.36277,46.36277
train,57,66,71.0,118.6899,47.689903
train,57,67,70.0,118.87072,48.87072
train,57,68,69.0,118.328156,49.328156
train,57,69,68.0,118.762245,50.762245
train,57,70,67.0,121.38003,54.380028
train,57,71,66.0,128.46794,62.46794
train,57,72,65.0,140.19601,75.196014
train,57,73,64.0,140.71107,76.711075
train,57,74,63.0,138.42928,75.429276
train,57,75,62.0,127.53365,65.53365
train,57,76,61.0,109.10403,48.104027
train,57,77,60.0,106.90825,46.90825
train,57,78,59.0,102.54912,43.549118
train,57,79,58.0,101.372826,43.372826
train,57,80,57.0,104.4648,47.464798
train,57,81,56.0,102.91851,46.91851
train,57,82,55.0,105.80858,50.80858
train,57,83,54.0,112.93651,58.93651
train,57,84,53.0,121.59973,68.59973
train,57,85,52.0,123.27928,71.27928
train,57,86,51.0,124.03199,73.03199
train,57,87,50.0,121.497246,71.497246
train,57,88,49.0,114.78162,65.78162
train,57,89,48.0,108.69337,60.693367
train,57,90,47.0,108.661674,61.661674
train,57,91,46.0,102.83834,56.83834
train,57,92,45.0,94.14154,49.14154
train,57,93,44.0,87.430305,43.430305
train,57,94,43.0,81.106346,38.106346
train,57,95,42.0,85.67394,43.673943
train,57,96,41.0,88.7868,47.786797
train,57,97,40.0,89.24145,49.241447
train,57,98,39.0,92.65899,53.65899
train,57,99,38.0,97.80971,59.809708
train,57,100,37.0,98.39559,61.39559
train,57,101,36.0,97.41912,61.41912
train,57,102,35.0,89.10537,54.10537
train,57,103,34.0,81.7369,47.7369
train,57,104,33.0,73.79831,40.79831
train,57,105,32.0,62.754433,30.754433
train,57,106,31.0,55.792274,24.792274
train,57,107,30.0,46.391132,16.391132
train,57,108,29.0,35.162598,6.1625977
train,57,109,28.0,22.475212,-5.524788
train,57,110,27.0,17.99424,-9.00576
train,57,111,26.0,14.461066,-11.538934
train,57,112,25.0,11.509862,-13.490138
train,57,113,24.0,15.210475,-8.789525
train,57,114,23.0,17.299921,-5.700079
train,57,115,22.0,17.768566,-4.231434
train,57,116,21.0,17.519867,-3.480133
train,57,117,20.0,16.601963,-3.398037
train,57,118,19.0,14.058979,-4.941021
train,57,119,18.0,10.911959,-7.0880413
train,57,120,17.0,7.41783,-9.5821705
train,57,121,16.0,3.330611,-12.669389
train,57,122,15.0,2.6105113,-12.389488
train,57,123,14.0,2.407896,-11.592104
train,57,124,13.0,2.8441813,-10.155819
train,57,125,12.0,1.087345,-10.912655
train,57,126,11.0,2.799623,-8.2003765
train,57,127,10.0,7.4153886,-2.5846114
train,57,128,9.0,9.710014,0.71001434
train,57,129,8.0,11.136188,3.1361876
train,57,130,7.0,11.293043,4.293043
train,57,131,6.0,9.029334,3.029334
train,57,132,5.0,7.344907,2.3449068
train,57,133,4.0,6.4539847,2.4539847
train,57,134,3.0,4.4579287,1.4579287
train,57,135,2.0,-1.2669218,-3.2669218
train,57,136,1.0,-1.4801106,-2.4801106
train,57,137,0.0,-3.6633344,-3.6633344
train,58,30,117.0,140.26353,23.263535
train,58,31,116.0,137.08461,21.08461
train,58,32,115.0,140.77205,25.772049
train,58,33,114.0,145.32507,31.325073
train,58,34,113.0,151.83762,38.837616
train,58,35,112.0,155.58154,43.581543
train,58,36,111.0,157.2761,46.276093
train,58,37,110.0,159.49069,49.490692
train,58,38,109.0,159.4432,50.443207
train,58,39,108.0,155.58258,47.58258
train,58,40,107.0,147.74677,40.746765
train,58,41,106.0,141.73755,35.73755
train,58,42,105.0,140.80656,35.806564
train,58,43,104.0,139.15677,35.15677
train,58,44,103.0,134.4673,31.4673
train,58,45,102.0,135.32135,33.32135
train,58,46,101.0,136.77417,35.77417
train,58,47,100.0,147.66183,47.661835
train,58,48,99.0,156.92102,57.92102
train,58,49,98.0,162.25084,64.25084
train,58,50,97.0,161.50012,64.50012
train,58,51,96.0,160.00291,64.002914
train,58,52,95.0,159.30347,64.30347
train,58,53,94.0,153.51141,59.511414
train,58,54,93.0,151.88048,58.880478
train,58,55,92.0,152.99236,60.992355
train,58,56,91.0,149.7763,58.776306
train,58,57,90.0,147.77028,57.77028
train,58,58,89.0,134.1208,45.120804
train,58,59,88.0,127.57602,39.57602
train,58,60,87.0,125.999275,38.999275
train,58,61,86.0,132.72763,46.72763
train,58,62,85.0,135.14096,50.14096
train,58,63,84.0,131.34207,47.34207
train,58,64,83.0,134.14435,51.14435
train,58,65,82.0,134.39082,52.390823
train,58,66,81.0,137.58902,56.58902
train,58,67,80.0,134.42818,54.428177
train,58,68,79.0,122.47749,43.477493
train,58,69,78.0,112.978905,34.978905
train,58,70,77.0,108.187004,31.187004
train,58,71,76.0,105.23092,29.230919
train,58,72,75.0,97.87566,22.875664
train,58,73,74.0,95.81417,21.81417
train,58,74,73.0,95.95498,22.954979
train,58,75,72.0,95.325554,23.325554
train,58,76,71.0,95.61002,24.610023
train,58,77,70.0,96.08278,26.082779
train,58,78,69.0,94.23403,25.234032
train,58,79,68.0,95.39335,27.393349
train,58,80,67.0,88.80935,21.80935
train,58,81,66.0,87.93278,21.932777
train,58,82,65.0,87.84943,22.849426
train,58,83,64.0,93.0857,29.085701
train,58,84,63.0,94.799995,31.799995
train,58,85,62.0,93.98927,31.989273
train,58,86,61.0,91.24647,30.246468
train,58,87,60.0,83.26655,23.266548
train,58,88,59.0,80.008545,21.008545
train,58,89,58.0,82.99387,24.993874
train,58,90,57.0,83.410225,26.410225
train,58,91,56.0,86.02198,30.02198
train,58,92,55.0,86.13469,31.13469
train,58,93,54.0,90.66819,36.66819
train,58,94,53.0,91.784355,38.784355
train,58,95,52.0,84.19746,32.197456
train,58,96,51.0,76.836464,25.836464
train,58,97,50.0,73.49549,23.495491
train,58,98,49.0,69.44358,20.44358
train,58,99,48.0,64.84199,16.841988
train,58,100,47.0,66.3382,19.338203
train,58,101,46.0,64.86877,18.868767
train,58,102,45.0,66.96618,21.966179
train,58,103,44.0,67.005005,23.005005
train,58,104,43.0,65.62745,22.627449
train,58,105,42.0,63.761906,21.761906
train,58,106,41.0,65.04244,24.042442
train,58,107,40.0,60.71264,20.712639
train,58,108,39.0,60.783466,21.783466
train,58,109,38.0,59.73847,21.738468
train,58,110,37.0,56.81295,19.81295
train,58,111,36.0,58.160645,22.160645
train,58,112,35.0,54.682087,19.682087
train,58,113,34.0,48.89615,14.896149
train,58,114,33.0,41.150467,8.150467
train,58,115,32.0,39.404636,7.4046364
train,58,116,31.0,41.961735,10.961735
train,58,117,30.0,43.2409,13.240898
train,58,118,29.0,43.413696,14.413696
train,58,119,28.0,42.309273,14.309273
train,58,120,27.0,38.913254,11.913254
train,58,121,26.0,37.266277,11.266277
train,58,122,25.0,35.525505,10.525505
train,58,123,24.0,32.715702,8.715702
train,58,124,23.0,32.32998,9.329979
train,58,125,22.0,29.201153,7.201153
train,58,126,21.0,26.082987,5.082987
train,58,127,20.0,21.990677,1.9906769
train,58,128,19.0,20.92199,1.9219894
train,58,129,18.0,18.820684,0.82068443
train,58,130,17.0,15.191624,-1.8083763
train,58,131,16.0,13.041103,-2.9588966
train,58,132,15.0,11.478099,-3.5219011
train,58,133,14.0,9.898565,-4.1014347
train,58,134,13.0,11.062754,-1.9372463
train,58,135,12.0,11.138198,-0.8618021
train,58,136,11.0,14.634984,3.634984
train,58,137,10.0,14.233866,4.2338657
train,58,138,9.0,10.291483,1.2914829
train,58,139,8.0,9.816198,1.8161983
train,58,140,7.0,10.598976,3.5989761
train,58,141,6.0,12.02267,6.02267
train,58,142,5.0,8.812518,3.8125181
train,58,143,4.0,9.444109,5.444109
train,58,144,3.0,8.189367,5.1893673
train,58,145,2.0,6.2344613,4.2344613
train,58,146,1.0,5.270688,4.270688
train,58,147,0.0,2.109533,2.109533
train,59,30,201.0,195.06317,-5.9368286
train,59,31,200.0,188.91055,-11.089447
train,59,32,199.0,185.13133,-13.868668
train,59,33,198.0,185.60396,-12.396042
train,59,34,197.0,183.9362,-13.063797
train,59,35,196.0,183.11485,-12.885147
train,59,36,195.0,189.91068,-5.089325
train,59,37,194.0,187.32687,-6.673126
train,59,38,193.0,182.43346,-10.566544
train,59,39,192.0,176.33597,-15.664032
train,59,40,191.0,170.24106,-20.758942
train,59,41,190.0,179.08319,-10.916809
train,59,42,189.0,181.96234,-7.0376587
train,59,43,188.0,184.70964,-3.2903595
train,59,44,187.0,180.10332,-6.8966827
train,59,45,186.0,176.95612,-9.043884
train,59,46,185.0,171.1605,-13.839493
train,59,47,184.0,162.83862,-21.161377
train,59,48,183.0,159.13306,-23.866943
train,59,49,182.0,161.18524,-20.814758
train,59,50,181.0,160.21906,-20.780945
train,59,51,180.0,163.53958,-16.460419
train,59,52,179.0,170.16992,-8.830078
train,59,53,178.0,172.71872,-5.2812805
train,59,54,177.0,179.42616,2.4261627
train,59,55,176.0,182.2365,6.236496
train,59,56,175.0,187.95416,12.954163
train,59,57,174.0,192.46675,18.466751
train,59,58,173.0,188.47443,15.474426
train,59,59,172.0,199.42554,27.425537
train,59,60,171.0,214.74283,43.74283
train,59,61,170.0,219.70172,49.70172
train,59,62,169.0,220.04874,51.048737
train,59,63,168.0,221.79916,53.799164
train,59,64,167.0,217.8074,50.807404
train,59,65,166.0,212.12346,46.12346
train,59,66,165.0,204.5112,39.5112
train,59,67,164.0,201.33821,37.33821
train,59,68,163.0,200.743,37.742996
train,59,69,162.0,196.59734,34.597336
train,59,70,161.0,195.9312,34.9312
train,59,71,160.0,186.60031,26.600311
train,59,72,159.0,178.0766,19.0766
train,59,73,158.0,171.57022,13.570221
train,59,74,157.0,171.28355,14.283554
train,59,75,156.0,166.53317,10.533173
train,59,76,155.0,160.8192,5.8191986
train,59,77,154.0,147.54678,-6.4532166
train,59,78,153.0,138.8836,-14.116394
train,59,79,152.0,137.06396,-14.936035
train,59,80,151.0,132.40034,-18.599655
train,59,81,150.0,131.84325,-18.156754
train,59,82,149.0,129.56798,-19.432022
train,59,83,148.0,134.6571,-13.3428955
train,59,84,147.0,137.30498,-9.695023
train,59,85,146.0,139.47275,-6.527252
train,59,86,145.0,146.14288,1.1428833
train,59,87,144.0,152.20752,8.20752
train,59,88,143.0,151.90134,8.901337
train,59,89,142.0,147.23618,5.2361755
train,59,90,141.0,142.84102,1.8410187
train,59,91,140.0,138.4868,-1.5131989
train,59,92,139.0,139.7278,0.72779846
train,59,93,138.0,143.1821,5.1820984
train,59,94,137.0,143.1861,6.186096
train,59,95,136.0,147.9264,11.926407
train,59,96,135.0,152.86023,17.86023
train,59,97,134.0,158.54836,24.548355
train,59,98,133.0,163.19615,30.196152
train,59,99,132.0,166.52792,34.527924
train,59,100,131.0,171.45908,40.459076
train,59,101,130.0,175.0035,45.003494
train,59,102,129.0,174.85225,45.85225
train,59,103,128.0,175.36794,47.367935
train,59,104,127.0,174.14508,47.14508
train,59,105,126.0,170.57224,44.572235
train,59,106,125.0,162.10748,37.107483
train,59,107,124.0,156.63838,32.638382
train,59,108,123.0,156.55713,33.55713
train,59,109,122.0,164.83363,42.833633
train,59,110,121.0,162.3929,41.3929
train,59,111,120.0,159.04385,39.043854
train,59,112,119.0,162.54205,43.542053
train,59,113,118.0,167.9757,49.975693
train,59,114,117.0,170.4235,53.423492
train,59,115,116.0,176.7622,60.762207
train,59,116,115.0,170.85785,55.85785
train,59,117,114.0,160.71988,46.71988
train,59,118,113.0,150.3797,37.3797
train,59,119,112.0,138.27794,26.277939
train,59,120,111.0,130.44324,19.443237
train,59,121,110.0,135.68224,25.682236
train,59,122,109.0,135.23163,26.231628
train,59,123,108.0,137.70967,29.709671
train,59,124,107.0,137.4003,30.4003
train,59,125,106.0,133.90762,27.907623
train,59,126,105.0,128.40344,23.403442
train,59,127,104.0,127.873314,23.873314
train,59,128,103.0,129.09724,26.097244
train,59,129,102.0,121.954185,19.954185
train,59,130,101.0,119.11259,18.112587
train,59,131,100.0,111.94112,11.941116
train,59,132,99.0,110.70298,11.70298
train,59,133,98.0,113.27533,15.27533
train,59,134,97.0,110.37363,13.373627
train,59,135,96.0,110.14631,14.146309
train,59,136,95.0,104.76359,9.763588
train,59,137,94.0,104.58475,10.584747
train,59,138,93.0,100.47901,7.4790115
train,59,139,92.0,107.57115,15.571152
train,59,140,91.0,104.455864,13.455864
train,59,141,90.0,101.18066,11.180656
train,59,142,89.0,102.512856,13.512856
train,59,143,88.0,102.568504,14.568504
train,59,144,87.0,95.452965,8.452965
train,59,145,86.0,91.49116,5.4911575
train,59,146,85.0,86.80306,1.8030624
train,59,147,84.0,83.556206,-0.44379425
train,59,148,83.0,88.60969,5.609688
train,59,149,82.0,97.37376,15.373756
train,59,150,81.0,105.21724,24.21724
train,59,151,80.0,108.600746,28.600746
train,59,152,79.0,109.006584,30.006584
train,59,153,78.0,101.82531,23.82531
train,59,154,77.0,102.18664,25.186638
train,59,155,76.0,99.39654,23.396538
train,59,156,75.0,92.15041,17.150414
train,59,157,74.0,83.178246,9.178246
train,59,158,73.0,73.20837,0.2083664
train,59,159,72.0,63.89103,-8.108971
train,59,160,71.0,63.100483,-7.899517
train,59,161,70.0,65.631645,-4.368355
train,59,162,69.0,75.96565,6.9656525
train,59,163,68.0,75.7025,7.7024994
train,59,164,67.0,78.89133,11.891327
train,59,165,66.0,83.32125,17.32125
train,59,166,65.0,86.589806,21.589806
train,59,167,64.0,86.67068,22.670677
train,59,168,63.0,87.59319,24.593193
train,59,169,62.0,80.845146,18.845146
train,59,170,61.0,70.696205,9.696205
train,59,171,60.0,58.04061,-1.9593887
train,59,172,59.0,49.93667,-9.063332
train,59,173,58.0,45.545906,-12.454094
train,59,174,57.0,43.501587,-13.498413
train,59,175,56.0,39.670708,-16.329292
train,59,176,55.0,40.780655,-14.219345
train,59,177,54.0,42.622307,-11.377693
train,59,178,53.0,46.03889,-6.961109
train,59,179,52.0,54.473587,2.473587
train,59,180,51.0,54.75206,3.75206
train,59,181,50.0,54.971924,4.971924
train,59,182,49.0,54.609116,5.6091156
train,59,183,48.0,52.448494,4.448494
train,59,184,47.0,46.210693,-0.78930664
train,59,185,46.0,39.147755,-6.8522453
train,59,186,45.0,32.948524,-12.051476
train,59,187,44.0,25.101583,-18.898417
train,59,188,43.0,17.893364,-25.106636
train,59,189,42.0,20.200623,-21.799377
train,59,190,41.0,19.516994,-21.483006
train,59,191,40.0,21.438042,-18.561958
train,59,192,39.0,23.45641,-15.543591
train,59,193,38.0,26.174953,-11.825047
train,59,194,37.0,28.782911,-8.217089
train,59,195,36.0,30.276995,-5.7230053
train,59,196,35.0,29.89157,-5.108431
train,59,197,34.0,28.337563,-5.6624374
train,59,198,33.0,28.9405,-4.0594997
train,59,199,32.0,27.37635,-4.6236496
train,59,200,31.0,31.181608,0.1816082
train,59,201,30.0,30.569065,0.5690651
train,59,202,29.0,29.603386,0.6033859
train,59,203,28.0,27.071712,-0.9282875
train,59,204,27.0,28.524284,1.5242844
train,59,205,26.0,30.776016,4.776016
train,59,206,25.0,34.233868,9.233868
train,59,207,24.0,33.704346,9.704346
train,59,208,23.0,30.57508,7.575081
train,59,209,22.0,28.72248,6.722481
train,59,210,21.0,28.179008,7.1790085
train,59,211,20.0,31.279675,11.279675
train,59,212,19.0,29.353085,10.353085
train,59,213,18.0,26.572948,8.572948
train,59,214,17.0,26.415674,9.415674
train,59,215,16.0,28.00594,12.0059395
train,59,216,15.0,25.737923,10.737923
train,59,217,14.0,24.350616,10.350616
train,59,218,13.0,22.057785,9.057785
train,59,219,12.0,20.794334,8.794334
train,59,220,11.0,15.645154,4.645154
train,59,221,10.0,12.517817,2.5178165
train,59,222,9.0,8.139522,-0.8604784
train,59,223,8.0,8.088505,0.08850479
train,59,224,7.0,7.6976666,0.69766665
train,59,225,6.0,6.0681276,0.06812763
train,59,226,5.0,3.7895207,-1.2104793
train,59,227,4.0,2.3616543,-1.6383457
train,59,228,3.0,1.3049058,-1.6950942
train,59,229,2.0,-0.07363693,-2.073637
train,59,230,1.0,-1.0709643,-2.0709643
train,59,231,0.0,-1.8924809,-1.8924809
train,60,30,142.0,139.19199,-2.808014
train,60,31,141.0,131.95786,-9.042145
train,60,32,140.0,125.51371,-14.48629
train,60,33,139.0,133.45245,-5.5475464
train,60,34,138.0,141.21165,3.2116547
train,60,35,137.0,157.1818,20.181793
train,60,36,136.0,167.79742,31.797424
train,60,37,135.0,167.46426,32.464264
train,60,38,134.0,164.63118,30.63118
train,60,39,133.0,154.6108,21.610794
train,60,40,132.0,145.57086,13.570862
train,60,41,131.0,138.0848,7.084793
train,60,42,130.0,139.87439,9.87439
train,60,43,129.0,146.90193,17.901932
train,60,44,128.0,148.76079,20.760788
train,60,45,127.0,155.18137,28.181366
train,60,46,126.0,163.18872,37.18872
train,60,47,125.0,161.14246,36.142456
train,60,48,124.0,152.14075,28.140747
train,60,49,123.0,144.2481,21.248093
train,60,50,122.0,133.33632,11.336319
train,60,51,121.0,129.86012,8.860123
train,60,52,120.0,120.273186,0.27318573
train,60,53,119.0,115.8083,-3.1917038
train,60,54,118.0,115.08444,-2.9155579
train,60,55,117.0,115.39616,-1.6038437
train,60,56,116.0,114.414665,-1.5853348
train,60,57,115.0,115.31675,0.31674957
train,60,58,114.0,112.52866,-1.4713364
train,60,59,113.0,115.589424,2.5894241
train,60,60,112.0,117.00013,5.0001297
train,60,61,111.0,121.42546,10.425461
train,60,62,110.0,125.79428,15.794281
train,60,63,109.0,128.33012,19.330124
train,60,64,108.0,130.31628,22.316284
train,60,65,107.0,126.31832,19.318321
train,60,66,106.0,117.232994,11.232994
train,60,67,105.0,111.69058,6.6905823
train,60,68,104.0,106.93691,2.9369125
train,60,69,103.0,107.43488,4.434883
train,60,70,102.0,108.8314,6.831398
train,60,71,101.0,117.563866,16.563866
train,60,72,100.0,122.93049,22.930489
train,60,73,99.0,128.71332,29.713318
train,60,74,98.0,135.15015,37.150146
train,60,75,97.0,136.87854,39.87854
train,60,76,96.0,141.53511,45.53511
train,60,77,95.0,133.17215,38.17215
train,60,78,94.0,124.32348,30.323479
train,60,79,93.0,115.75111,22.751106
train,60,80,92.0,105.3973,13.397301
train,60,81,91.0,94.077934,3.0779343
train,60,82,90.0,91.20466,1.2046585
train,60,83,89.0,92.76107,3.7610703
train,60,84,88.0,100.33279,12.332787
train,60,85,87.0,107.837105,20.837105
train,60,86,86.0,115.94128,29.941277
train,60,87,85.0,121.85929,36.85929
train,60,88,84.0,129.55295,45.552948
train,60,89,83.0,130.39195,47.391953
train,60,90,82.0,134.94017,52.94017
train,60,91,81.0,135.42325,54.42325
train,60,92,80.0,127.34304,47.34304
train,60,93,79.0,126.39513,47.395126
train,60,94,78.0,114.806755,36.806755
train,60,95,77.0,110.235596,33.235596
train,60,96,76.0,103.04602,27.04602
train,60,97,75.0,94.393715,19.393715
train,60,98,74.0,88.760765,14.760765
train,60,99,73.0,79.90494,6.9049377
train,60,100,72.0,70.84179,-1.1582108
train,60,101,71.0,69.215866,-1.7841339
train,60,102,70.0,69.92898,-0.07102203
train,60,103,69.0,78.315254,9.315254
train,60,104,68.0,79.22924,11.22924
train,60,105,67.0,81.13069,14.130692
train,60,106,66.0,77.9431,11.9431
train,60,107,65.0,77.00255,12.002548
train,60,108,64.0,76.566246,12.566246
train,60,109,63.0,74.99798,11.997978
train,60,110,62.0,77.398094,15.398094
train,60,111,61.0,79.67877,18.678772
train,60,112,60.0,82.11265,22.112648
train,60,113,59.0,87.64614,28.646141
train,60,114,58.0,87.61249,29.612488
train,60,115,57.0,90.75433,33.754333
train,60,116,56.0,91.491325,35.491325
train,60,117,55.0,89.72863,34.72863
train,60,118,54.0,89.484566,35.484566
train,60,119,53.0,90.02082,37.02082
train,60,120,52.0,91.94364,39.94364
train,60,121,51.0,90.82496,39.82496
train,60,122,50.0,93.59653,43.596527
train,60,123,49.0,92.82452,43.824516
train,60,124,48.0,91.044395,43.044395
train,60,125,47.0,87.85404,40.854042
train,60,126,46.0,81.7773,35.777298
train,60,127,45.0,76.66279,31.662788
train,60,128,44.0,72.793755,28.793755
train,60,129,43.0,70.23728,27.237282
train,60,130,42.0,63.84436,21.84436
train,60,131,41.0,57.92872,16.928719
train,60,132,40.0,52.998116,12.998116
train,60,133,39.0,44.04171,5.04171
train,60,134,38.0,38.593483,0.593483
train,60,135,37.0,33.89188,-3.10812
train,60,136,36.0,32.310917,-3.689083
train,60,137,35.0,36.666183,1.6661835
train,60,138,34.0,42.349262,8.349262
train,60,139,33.0,44.697105,11.697105
train,60,140,32.0,46.608833,14.608833
train,60,141,31.0,45.38794,14.387939
train,60,142,30.0,41.69066,11.690659
train,60,143,29.0,41.38586,12.38586
train,60,144,28.0,36.14252,8.142521
train,60,145,27.0,34.10473,7.1047287
train,60,146,26.0,31.454697,5.4546967
train,60,147,25.0,26.314705,1.3147049
train,60,148,24.0,25.555992,1.5559921
train,60,149,23.0,27.000824,4.000824
train,60,150,22.0,29.427952,7.427952
train,60,151,21.0,29.278805,8.278805
train,60,152,20.0,25.620697,5.620697
train,60,153,19.0,23.591202,4.591202
train,60,154,18.0,22.570282,4.570282
train,60,155,17.0,22.640114,5.640114
train,60,156,16.0,22.9284,6.9284
train,60,157,15.0,22.054588,7.0545883
train,60,158,14.0,21.272602,7.272602
train,60,159,13.0,17.031796,4.0317955
train,60,160,12.0,14.4118395,2.4118395
train,60,161,11.0,11.832098,0.832098
train,60,162,10.0,9.406718,-0.59328175
train,60,163,9.0,9.3718605,0.3718605
train,60,164,8.0,9.095251,1.0952511
train,60,165,7.0,9.403827,2.4038267
train,60,166,6.0,7.56194,1.5619402
train,60,167,5.0,7.010697,2.010697
train,60,168,4.0,6.599341,2.599341
train,60,169,3.0,5.572363,2.572363
train,60,170,2.0,5.0508347,3.0508347
train,60,171,1.0,3.5794194,2.5794194
train,60,172,0.0,3.479894,3.479894
train,61,30,155.0,185.10687,30.106873
train,61,31,154.0,177.65256,23.652557
train,61,32,153.0,166.31815,13.318146
train,61,33,152.0,161.4487,9.4487
train,61,34,151.0,149.73264,-1.2673645
train,61,35,150.0,146.87987,-3.1201324
train,61,36,149.0,152.28911,3.2891083
train,61,37,148.0,161.6596,13.659607
train,61,38,147.0,169.01765,22.017654
train,61,39,146.0,173.41663,27.416626
train,61,40,145.0,174.34677,29.346771
train,61,41,144.0,167.19675,23.196747
train,61,42,143.0,169.75545,26.755447
train,61,43,142.0,180.13663,38.136627
train,61,44,141.0,184.29912,43.299118
train,61,45,140.0,181.55225,41.552246
train,61,46,139.0,182.40231,43.402313
train,61,47,138.0,182.2286,44.228607
train,61,48,137.0,176.42023,39.420227
train,61,49,136.0,175.41742,39.41742
train,61,50,135.0,177.32239,42.322388
train,61,51,134.0,185.01666,51.016663
train,61,52,133.0,192.73734,59.737335
train,61,53,132.0,196.718,64.718
train,61,54,131.0,193.8714,62.8714
train,61,55,130.0,191.57796,61.577957
train,61,56,129.0,184.75923,55.75923
train,61,57,128.0,180.78448,52.784485
train,61,58,127.0,166.44617,39.446167
train,61,59,126.0,159.84433,33.84433
train,61,60,125.0,157.15265,32.15265
train,61,61,124.0,155.0605,31.060501
train,61,62,123.0,151.5611,28.561096
train,61,63,122.0,153.97842,31.978424
train,61,64,121.0,155.8508,34.8508
train,61,65,120.0,158.73682,38.736816
train,61,66,119.0,163.60193,44.60193
train,61,67,118.0,161.5752,43.575195
train,61,68,117.0,159.62378,42.62378
train,61,69,116.0,151.15399,35.15399
train,61,70,115.0,152.5883,37.588303
train,61,71,114.0,152.59329,38.593292
train,61,72,113.0,151.28629,38.286285
train,61,73,112.0,146.38333,34.38333
train,61,74,111.0,143.90347,32.903473
train,61,75,110.0,136.73631,26.736313
train,61,76,109.0,131.67378,22.673782
train,61,77,108.0,134.89136,26.891357
train,61,78,107.0,133.42227,26.422272
train,61,79,106.0,138.14331,32.14331
train,61,80,105.0,141.47986,36.47986
train,61,81,104.0,143.23773,39.237732
train,61,82,103.0,146.52032,43.520325
train,61,83,102.0,143.7573,41.757294
train,61,84,101.0,139.57614,38.57614
train,61,85,100.0,136.33511,36.335114
train,61,86,99.0,131.5564,32.556396
train,61,87,98.0,121.361885,23.361885
train,61,88,97.0,121.910164,24.910164
train,61,89,96.0,121.46633,25.466331
train,61,90,95.0,122.65771,27.657707
train,61,91,94.0,123.22653,29.226532
train,61,92,93.0,123.65902,30.65902
train,61,93,92.0,127.37082,35.37082
train,61,94,91.0,127.38734,36.387337
train,61,95,90.0,124.98376,34.983757
train,61,96,89.0,124.39421,35.39421
train,61,97,88.0,120.96061,32.96061
train,61,98,87.0,122.93561,35.935608
train,61,99,86.0,134.99619,48.996185
train,61,100,85.0,145.3641,60.364105
train,61,101,84.0,145.64241,61.64241
train,61,102,83.0,149.98932,66.98932
train,61,103,82.0,149.09082,67.09082
train,61,104,81.0,143.07758,62.077576
train,61,105,80.0,136.67567,56.675674
train,61,106,79.0,135.56189,56.56189
train,61,107,78.0,138.06152,60.061523
train,61,108,77.0,137.48772,60.487717
train,61,109,76.0,141.91039,65.910385
train,61,110,75.0,147.27834,72.278336
train,61,111,74.0,137.1978,63.1978
train,61,112,73.0,136.99847,63.998474
train,61,113,72.0,126.6121,54.6121
train,61,114,71.0,122.858864,51.858864
train,61,115,70.0,119.83923,49.839233
train,61,116,69.0,116.833824,47.833824
train,61,117,68.0,111.03869,43.03869
train,61,118,67.0,100.92902,33.929024
train,61,119,66.0,91.22325,25.223251
train,61,120,65.0,83.79261,18.79261
train,61,121,64.0,80.55024,16.55024
train,61,122,63.0,76.98829,13.988289
train,61,123,62.0,70.830376,8.830376
train,61,124,61.0,74.25664,13.256638
train,61,125,60.0,74.23555,14.23555
train,61,126,59.0,72.0573,13.057297
train,61,127,58.0,72.012,14.012001
train,61,128,57.0,74.40784,17.407837
train,61,129,56.0,70.12537,14.125366
train,61,130,55.0,67.72463,12.724632
train,61,131,54.0,59.630104,5.630104
train,61,132,53.0,61.49272,8.492722
train,61,133,52.0,65.35275,13.352753
train,61,134,51.0,64.67544,13.675438
train,61,135,50.0,54.151215,4.1512146
train,61,136,49.0,49.243908,0.24390793
train,61,137,48.0,44.813984,-3.186016
train,61,138,47.0,37.059624,-9.940376
train,61,139,46.0,28.271473,-17.728527
train,61,140,45.0,19.347551,-25.652449
train,61,141,44.0,18.722479,-25.277521
train,61,142,43.0,27.447773,-15.552227
train,61,143,42.0,34.05774,-7.9422607
train,61,144,41.0,41.779808,0.77980804
train,61,145,40.0,42.547344,2.5473442
train,61,146,39.0,42.280178,3.280178
train,61,147,38.0,41.465397,3.465397
train,61,148,37.0,37.7703,0.7703018
train,61,149,36.0,40.02811,4.0281105
train,61,150,35.0,35.978165,0.9781647
train,61,151,34.0,34.798073,0.7980728
train,61,152,33.0,33.132725,0.13272476
train,61,153,32.0,32.268333,0.26833344
train,61,154,31.0,31.622389,0.62238884
train,61,155,30.0,30.96125,0.9612503
train,61,156,29.0,27.908363,-1.0916367
train,61,157,28.0,23.884499,-4.1155014
train,61,158,27.0,16.860046,-10.139954
train,61,159,26.0,12.12602,-13.87398
train,61,160,25.0,11.564068,-13.435932
train,61,161,24.0,17.996014,-6.0039864
train,61,162,23.0,21.708395,-1.291605
train,61,163,22.0,24.197674,2.1976738
train,61,164,21.0,20.808136,-0.19186401
train,61,165,20.0,15.715162,-4.2848377
train,61,166,19.0,7.8630924,-11.136908
train,61,167,18.0,-1.1410311,-19.141031
train,61,168,17.0,-3.9637506,-20.96375
train,61,169,16.0,-4.926552,-20.926552
train,61,170,15.0,-4.7356696,-19.73567
train,61,171,14.0,-2.7411702,-16.74117
train,61,172,13.0,-2.551876,-15.551876
train,61,173,12.0,-0.6476926,-12.647693
train,61,174,11.0,1.5410508,-9.458949
train,61,175,10.0,3.266626,-6.733374
train,61,176,9.0,4.371273,-4.628727
train,61,177,8.0,0.5664386,-7.4335613
train,61,178,7.0,-0.4745771,-7.474577
train,61,179,6.0,1.1446356,-4.8553643
train,61,180,5.0,3.3994334,-1.6005666
train,61,181,4.0,6.0570517,2.0570517
train,61,182,3.0,2.409158,-0.590842
train,61,183,2.0,1.361528,-0.63847196
train,61,184,1.0,2.2907674,1.2907674
train,61,185,0.0,-0.60843915,-0.60843915
train,62,30,150.0,116.047615,-33.952385
train,62,31,149.0,112.141365,-36.858635
train,62,32,148.0,110.69967,-37.30033
train,62,33,147.0,112.12743,-34.872566
train,62,34,146.0,113.85462,-32.14538
train,62,35,145.0,122.67924,-22.320763
train,62,36,144.0,134.5089,-9.491104
train,62,37,143.0,138.33366,-4.666336
train,62,38,142.0,142.08162,0.08161926
train,62,39,141.0,135.6744,-5.3256073
train,62,40,140.0,124.30731,-15.692688
train,62,41,139.0,121.72047,-17.279533
train,62,42,138.0,120.91456,-17.085442
train,62,43,137.0,120.89495,-16.10505
train,62,44,136.0,125.08081,-10.919189
train,62,45,135.0,131.83867,-3.1613312
train,62,46,134.0,134.84195,0.84194946
train,62,47,133.0,132.88397,-0.11602783
train,62,48,132.0,129.54771,-2.4522858
train,62,49,131.0,124.99691,-6.00309
train,62,50,130.0,126.5453,-3.4546967
train,62,51,129.0,129.11905,0.11904907
train,62,52,128.0,133.67606,5.676056
train,62,53,127.0,136.18188,9.181885
train,62,54,126.0,138.61563,12.615631
train,62,55,125.0,132.16328,7.1632843
train,62,56,124.0,124.66389,0.663887
train,62,57,123.0,115.110306,-7.889694
train,62,58,122.0,101.598236,-20.401764
train,62,59,121.0,93.53151,-27.46849
train,62,60,120.0,93.45717,-26.542831
train,62,61,119.0,92.56055,-26.439453
train,62,62,118.0,97.35242,-20.647583
train,62,63,117.0,105.26905,-11.730949
train,62,64,116.0,107.96201,-8.037987
train,62,65,115.0,107.20746,-7.7925415
train,62,66,114.0,106.16137,-7.8386307
train,62,67,113.0,103.94666,-9.053337
train,62,68,112.0,108.85687,-3.1431274
train,62,69,111.0,115.35705,4.357048
train,62,70,110.0,122.87989,12.87989
train,62,71,109.0,128.67438,19.674377
train,62,72,108.0,132.35246,24.352463
train,62,73,107.0,132.11731,25.11731
train,62,74,106.0,126.90923,20.909233
train,62,75,105.0,120.923,15.9229965
train,62,76,104.0,118.48717,14.487167
train,62,77,103.0,119.01092,16.010918
train,62,78,102.0,122.00488,20.004883
train,62,79,101.0,127.05395,26.053947
train,62,80,100.0,132.7836,32.7836
train,62,81,99.0,135.34091,36.34091
train,62,82,98.0,134.31741,36.317413
train,62,83,97.0,134.26355,37.26355
train,62,84,96.0,129.89087,33.89087
train,62,85,95.0,130.19492,35.194916
train,62,86,94.0,127.4367,33.4367
train,62,87,93.0,118.865105,25.865105
train,62,88,92.0,116.93705,24.93705
train,62,89,91.0,117.08379,26.083794
train,62,90,90.0,113.04009,23.040092
train,62,91,89.0,108.22421,19.224213
train,62,92,88.0,103.84081,15.840813
train,62,93,87.0,98.208496,11.208496
train,62,94,86.0,93.85713,7.857132
train,62,95,85.0,93.59907,8.599068
train,62,96,84.0,90.15684,6.1568375
train,62,97,83.0,89.69708,6.6970825
train,62,98,82.0,91.48223,9.482231
train,62,99,81.0,88.599014,7.5990143
train,62,100,80.0,84.83007,4.8300705
train,62,101,79.0,80.674385,1.6743851
train,62,102,78.0,79.02289,1.0228882
train,62,103,77.0,76.50306,-0.4969406
train,62,104,76.0,76.95333,0.953331
train,62,105,75.0,79.76452,4.7645187
train,62,106,74.0,79.39338,5.393379
train,62,107,73.0,79.133644,6.133644
train,62,108,72.0,77.27583,5.275833
train,62,109,71.0,74.57525,3.5752487
train,62,110,70.0,76.20036,6.200363
train,62,111,69.0,75.04346,6.043457
train,62,112,68.0,75.87644,7.876442
train,62,113,67.0,74.847206,7.847206
train,62,114,66.0,74.43861,8.438606
train,62,115,65.0,75.6746,10.674599
train,62,116,64.0,80.77455,16.774551
train,62,117,63.0,81.526436,18.526436
train,62,118,62.0,80.70458,18.704582
train,62,119,61.0,78.49091,17.490913
train,62,120,60.0,75.88317,15.883171
train,62,121,59.0,74.87701,15.877007
train,62,122,58.0,72.71557,14.715569
train,62,123,57.0,71.385414,14.385414
train,62,124,56.0,67.18058,11.18058
train,62,125,55.0,64.54473,9.544731
train,62,126,54.0,59.739586,5.739586
train,62,127,53.0,56.803448,3.8034477
train,62,128,52.0,50.14424,-1.8557587
train,62,129,51.0,47.32284,-3.6771584
train,62,130,50.0,44.620907,-5.379093
train,62,131,49.0,44.852707,-4.147293
train,62,132,48.0,47.640465,-0.35953522
train,62,133,47.0,48.829426,1.8294258
train,62,134,46.0,48.106888,2.1068878
train,62,135,45.0,49.61582,4.615822
train,62,136,44.0,49.75859,5.7585907
train,62,137,43.0,49.612198,6.612198
train,62,138,42.0,47.926193,5.926193
train,62,139,41.0,44.547062,3.547062
train,62,140,40.0,43.312172,3.312172
train,62,141,39.0,43.852592,4.8525925
train,62,142,38.0,44.17019,6.170189
train,62,143,37.0,47.169487,10.169487
train,62,144,36.0,46.71241,10.71241
train,62,145,35.0,44.49726,9.497261
train,62,146,34.0,43.361107,9.361107
train,62,147,33.0,45.370308,12.370308
train,62,148,32.0,41.072823,9.072823
train,62,149,31.0,38.342598,7.342598
train,62,150,30.0,38.711082,8.711082
train,62,151,29.0,36.97625,7.9762497
train,62,152,28.0,38.32969,10.329689
train,62,153,27.0,37.296066,10.296066
train,62,154,26.0,32.982063,6.9820633
train,62,155,25.0,32.611706,7.611706
train,62,156,24.0,30.634003,6.6340027
train,62,157,23.0,31.983479,8.983479
train,62,158,22.0,35.388405,13.388405
train,62,159,21.0,34.083748,13.083748
train,62,160,20.0,31.178022,11.178022
train,62,161,19.0,29.398945,10.398945
train,62,162,18.0,28.960983,10.960983
train,62,163,17.0,27.263922,10.263922
train,62,164,16.0,24.744257,8.744257
train,62,165,15.0,23.228094,8.228094
train,62,166,14.0,19.854132,5.8541317
train,62,167,13.0,18.809158,5.8091583
train,62,168,12.0,19.515331,7.5153313
train,62,169,11.0,16.946272,5.946272
train,62,170,10.0,13.374458,3.3744583
train,62,171,9.0,9.885763,0.88576317
train,62,172,8.0,10.420574,2.4205742
train,62,173,7.0,10.398912,3.3989124
train,62,174,6.0,9.430329,3.4303293
train,62,175,5.0,6.7627087,1.7627087
train,62,176,4.0,5.0353775,1.0353775
train,62,177,3.0,3.2430973,0.2430973
train,62,178,2.0,4.3083987,2.3083987
train,62,179,1.0,4.8192387,3.8192387
train,62,180,0.0,2.8313978,2.8313978
train,63,30,144.0,137.66907,-6.3309326
train,63,31,143.0,143.15436,0.15435791
train,63,32,142.0,144.00648,2.006485
train,63,33,141.0,145.53969,4.539688
train,63,34,140.0,138.64822,-1.3517761
train,63,35,139.0,129.72089,-9.279114
train,63,36,138.0,117.11471,-20.885292
train,63,37,137.0,115.6668,-21.333199
train,63,38,136.0,111.3523,-24.647697
train,63,39,135.0,117.67791,-17.32209
train,63,40,134.0,120.728874,-13.271126
train,63,41,133.0,124.507835,-8.492165
train,63,42,132.0,129.94064,-2.0593567
train,63,43,131.0,131.7343,0.7342987
train,63,44,130.0,136.17166,6.1716614
train,63,45,129.0,135.16656,6.166565
train,63,46,128.0,127.655,-0.34500122
train,63,47,127.0,126.07682,-0.9231796
train,63,48,126.0,134.25067,8.250671
train,63,49,125.0,142.79263,17.792633
train,63,50,124.0,139.73471,15.734711
train,63,51,123.0,136.67822,13.678223
train,63,52,122.0,141.34761,19.34761
train,63,53,121.0,141.0185,20.018494
train,63,54,120.0,145.8854,25.885406
train,63,55,119.0,152.69434,33.694336
train,63,56,118.0,155.11987,37.119873
train,63,57,117.0,160.366,43.365997
train,63,58,116.0,164.147,48.147003
train,63,59,115.0,168.41312,53.413116
train,63,60,114.0,165.89313,51.893127
train,63,61,113.0,165.77786,52.777863
train,63,62,112.0,158.11304,46.113037
train,63,63,111.0,146.10655,35.106552
train,63,64,110.0,138.17953,28.179535
train,63,65,109.0,134.58723,25.587234
train,63,66,108.0,131.12245,23.122452
train,63,67,107.0,131.46246,24.462463
train,63,68,106.0,133.24481,27.244812
train,63,69,105.0,132.62868,27.628677
train,63,70,104.0,133.33597,29.335968
train,63,71,103.0,138.37112,35.371124
train,63,72,102.0,139.3702,37.370193
train,63,73,101.0,143.63419,42.634186
train,63,74,100.0,144.82666,44.82666
train,63,75,99.0,142.48047,43.48047
train,63,76,98.0,140.07458,42.074585
train,63,77,97.0,142.11423,45.114227
train,63,78,96.0,140.05045,44.050446
train,63,79,95.0,144.28369,49.28369
train,63,80,94.0,146.32657,52.32657
train,63,81,93.0,144.07285,51.072845
train,63,82,92.0,140.52759,48.527588
train,63,83,91.0,138.91699,47.916992
train,63,84,90.0,133.89975,43.89975
train,63,85,89.0,130.9283,41.9283
train,63,86,88.0,133.94595,45.945953
train,63,87,87.0,135.02847,48.028473
train,63,88,86.0,134.39105,48.391052
train,63,89,85.0,128.88205,43.88205
train,63,90,84.0,128.74646,44.74646
train,63,91,83.0,118.70627,35.70627
train,63,92,82.0,110.636284,28.636284
train,63,93,81.0,105.495865,24.495865
train,63,94,80.0,104.23226,24.232262
train,63,95,79.0,108.89188,29.891876
train,63,96,78.0,117.392845,39.392845
train,63,97,77.0,118.384056,41.384056
train,63,98,76.0,112.0515,36.0515
train,63,99,75.0,108.6419,33.6419
train,63,100,74.0,103.60241,29.60241
train,63,101,73.0,97.08173,24.081734
train,63,102,72.0,94.54896,22.548958
train,63,103,71.0,91.75146,20.751457
train,63,104,70.0,94.57629,24.576286
train,63,105,69.0,95.723946,26.723946
train,63,106,68.0,98.65581,30.655807
train,63,107,67.0,100.82406,33.82406
train,63,108,66.0,100.43124,34.431236
train,63,109,65.0,94.36233,29.362328
train,63,110,64.0,88.05209,24.052094
train,63,111,63.0,85.47611,22.476112
train,63,112,62.0,82.90438,20.90438
train,63,113,61.0,80.07813,19.078133
train,63,114,60.0,81.571396,21.571396
train,63,115,59.0,80.58174,21.581741
train,63,116,58.0,77.45222,19.452217
train,63,117,57.0,74.92355,17.923553
train,63,118,56.0,70.51168,14.511681
train,63,119,55.0,68.83407,13.834068
train,63,120,54.0,68.25456,14.254562
train,63,121,53.0,67.76362,14.763618
train,63,122,52.0,71.071625,19.071625
train,63,123,51.0,77.95768,26.95768
train,63,124,50.0,80.122215,30.122215
train,63,125,49.0,80.76082,31.760818
train,63,126,48.0,73.73858,25.738579
train,63,127,47.0,69.49679,22.496788
train,63,128,46.0,67.5459,21.545898
train,63,129,45.0,67.45051,22.450508
train,63,130,44.0,67.32891,23.32891
train,63,131,43.0,71.814964,28.814964
train,63,132,42.0,71.889725,29.889725
train,63,133,41.0,76.99619,35.996193
train,63,134,40.0,75.78878,35.78878
train,63,135,39.0,72.45845,33.45845
train,63,136,38.0,72.77587,34.77587
train,63,137,37.0,70.60342,33.603416
train,63,138,36.0,65.53185,29.531853
train,63,139,35.0,62.059227,27.059227
train,63,140,34.0,59.473827,25.473827
train,63,141,33.0,55.44046,22.44046
train,63,142,32.0,52.494263,20.494263
train,63,143,31.0,50.213295,19.213295
train,63,144,30.0,50.234734,20.234734
train,63,145,29.0,50.120377,21.120377
train,63,146,28.0,49.16291,21.16291
train,63,147,27.0,48.237328,21.237328
train,63,148,26.0,48.2262,22.2262
train,63,149,25.0,47.566895,22.566895
train,63,150,24.0,45.67723,21.67723
train,63,151,23.0,43.973614,20.973614
train,63,152,22.0,41.60441,19.604408
train,63,153,21.0,36.41315,15.413151
train,63,154,20.0,31.054176,11.054176
train,63,155,19.0,28.339165,9.339165
train,63,156,18.0,28.115105,10.115105
train,63,157,17.0,23.63869,6.638691
train,63,158,16.0,20.81429,4.814289
train,63,159,15.0,18.706638,3.7066383
train,63,160,14.0,19.907127,5.9071274
train,63,161,13.0,17.290741,4.290741
train,63,162,12.0,18.040405,6.0404053
train,63,163,11.0,18.64685,7.6468506
train,63,164,10.0,16.489285,6.4892845
train,63,165,9.0,13.210035,4.2100353
train,63,166,8.0,10.34239,2.34239
train,63,167,7.0,10.049841,3.049841
train,63,168,6.0,4.8388906,-1.1611094
train,63,169,5.0,2.5489233,-2.4510767
train,63,170,4.0,2.0373683,-1.9626317
train,63,171,3.0,0.8985761,-2.101424
train,63,172,2.0,0.18869229,-1.8113077
train,63,173,1.0,-2.0802257,-3.0802257
train,63,174,0.0,-2.6279418,-2.6279418
train,64,30,253.0,142.98373,-110.016266
train,64,31,252.0,143.0653,-108.93469
train,64,32,251.0,143.1325,-107.86749
train,64,33,250.0,143.268,-106.731995
train,64,34,249.0,150.62431,-98.37569
train,64,35,248.0,150.06259,-97.93741
train,64,36,247.0,155.00307,-91.99693
train,64,37,246.0,161.53833,-84.46167
train,64,38,245.0,167.2883,-77.7117
train,64,39,244.0,170.1068,-73.8932
train,64,40,243.0,168.6281,-74.3719
train,64,41,242.0,172.51608,-69.48392
train,64,42,241.0,167.40063,-73.599365
train,64,43,240.0,169.57805,-70.42195
train,64,44,239.0,169.28864,-69.711365
train,64,45,238.0,170.89352,-67.106476
train,64,46,237.0,175.63986,-61.360138
train,64,47,236.0,179.92209,-56.07791
train,64,48,235.0,179.35873,-55.641266
train,64,49,234.0,173.7909,-60.209106
train,64,50,233.0,173.11694,-59.883057
train,64,51,232.0,172.62048,-59.379517
train,64,52,231.0,175.83568,-55.16432
train,64,53,230.0,176.8628,-53.137207
train,64,54,229.0,176.23518,-52.764816
train,64,55,228.0,181.30829,-46.69171
train,64,56,227.0,181.98978,-45.010223
train,64,57,226.0,177.12233,-48.87767
train,64,58,225.0,169.96469,-55.03531
train,64,59,224.0,165.24901,-58.75099
train,64,60,223.0,159.36055,-63.63945
train,64,61,222.0,155.50058,-66.49942
train,64,62,221.0,159.3902,-61.609802
train,64,63,220.0,159.6822,-60.317795
train,64,64,219.0,165.03976,-53.960236
train,64,65,218.0,167.67952,-50.32048
train,64,66,217.0,162.7221,-54.277893
train,64,67,216.0,165.95065,-50.049347
train,64,68,215.0,172.85643,-42.14357
train,64,69,214.0,173.96867,-40.031326
train,64,70,213.0,166.93076,-46.069244
train,64,71,212.0,161.01474,-50.98526
train,64,72,211.0,154.60088,-56.399124
train,64,73,210.0,152.79797,-57.202026
train,64,74,209.0,151.31194,-57.688065
train,64,75,208.0,151.49413,-56.505875
train,64,76,207.0,149.00635,-57.993652
train,64,77,206.0,147.62988,-58.370117
train,64,78,205.0,141.82648,-63.173523
train,64,79,204.0,143.95459,-60.04541
train,64,80,203.0,141.23679,-61.763214
train,64,81,202.0,147.76892,-54.23108
train,64,82,201.0,154.96756,-46.03244
train,64,83,200.0,162.26015,-37.739853
train,64,84,199.0,170.55573,-28.444275
train,64,85,198.0,164.72835,-33.271652
train,64,86,197.0,160.25829,-36.741714
train,64,87,196.0,154.79251,-41.20749
train,64,88,195.0,152.24435,-42.755646
train,64,89,194.0,150.38152,-43.618484
train,64,90,193.0,147.70029,-45.299713
train,64,91,192.0,151.03705,-40.96295
train,64,92,191.0,150.63995,-40.360046
train,64,93,190.0,149.6466,-40.353394
train,64,94,189.0,145.81522,-43.184784
train,64,95,188.0,143.04845,-44.951553
train,64,96,187.0,144.59651,-42.40349
train,64,97,186.0,143.74481,-42.255188
train,64,98,185.0,139.9222,-45.077805
train,64,99,184.0,135.44759,-48.552414
train,64,100,183.0,138.01855,-44.981445
train,64,101,182.0,137.20258,-44.797424
train,64,102,181.0,136.93442,-44.065582
train,64,103,180.0,136.09969,-43.900314
train,64,104,179.0,132.93092,-46.069077
train,64,105,178.0,123.06164,-54.938362
train,64,106,177.0,111.786865,-65.213135
train,64,107,176.0,108.07336,-67.92664
train,64,108,175.0,104.58114,-70.41886
train,64,109,174.0,100.40465,-73.59535
train,64,110,173.0,102.51452,-70.48548
train,64,111,172.0,99.1475,-72.8525
train,64,112,171.0,101.86348,-69.13652
train,64,113,170.0,105.43692,-64.56308
train,64,114,169.0,114.68961,-54.310387
train,64,115,168.0,128.13895,-39.861053
train,64,116,167.0,135.63403,-31.365967
train,64,117,166.0,143.44112,-22.558884
train,64,118,165.0,142.35878,-22.64122
train,64,119,164.0,143.05057,-20.949432
train,64,120,163.0,145.40329,-17.59671
train,64,121,162.0,149.5585,-12.441498
train,64,122,161.0,150.07036,-10.929642
train,64,123,160.0,145.16895,-14.831055
train,64,124,159.0,143.77808,-15.221924
train,64,125,158.0,141.31659,-16.68341
train,64,126,157.0,135.43965,-21.560349
train,64,127,156.0,129.48035,-26.519653
train,64,128,155.0,124.42941,-30.570587
train,64,129,154.0,123.808266,-30.191734
train,64,130,153.0,122.588234,-30.411766
train,64,131,152.0,123.55364,-28.446358
train,64,132,151.0,124.0485,-26.9515
train,64,133,150.0,128.23468,-21.76532
train,64,134,149.0,127.85685,-21.14315
train,64,135,148.0,128.05229,-19.947708
train,64,136,147.0,129.56123,-17.438766
train,64,137,146.0,129.05551,-16.944489
train,64,138,145.0,126.69921,-18.300789
train,64,139,144.0,127.87889,-16.121109
train,64,140,143.0,127.6336,-15.366402
train,64,141,142.0,127.59549,-14.4045105
train,64,142,141.0,133.88924,-7.1107635
train,64,143,140.0,138.40613,-1.5938721
train,64,144,139.0,140.38754,1.3875427
train,64,145,138.0,141.94511,3.9451141
train,64,146,137.0,144.4656,7.4656067
train,64,147,136.0,145.42557,9.425568
train,64,148,135.0,146.62968,11.629684
train,64,149,134.0,148.57124,14.571243
train,64,150,133.0,146.32239,13.322388
train,64,151,132.0,142.09128,10.091278
train,64,152,131.0,141.51709,10.51709
train,64,153,130.0,137.91101,7.9110107
train,64,154,129.0,130.40468,1.4046783
train,64,155,128.0,121.20229,-6.7977066
train,64,156,127.0,109.73049,-17.269508
train,64,157,126.0,100.7756,-25.224403
train,64,158,125.0,92.11924,-32.88076
train,64,159,124.0,81.80494,-42.19506
train,64,160,123.0,76.47605,-46.52395
train,64,161,122.0,76.216866,-45.783134
train,64,162,121.0,75.350784,-45.649216
train,64,163,120.0,72.152916,-47.847084
train,64,164,119.0,69.355515,-49.644485
train,64,165,118.0,69.595505,-48.404495
train,64,166,117.0,71.72422,-45.27578
train,64,167,116.0,75.277985,-40.722015
train,64,168,115.0,74.21308,-40.78692
train,64,169,114.0,76.3245,-37.6755
train,64,170,113.0,79.8428,-33.157204
train,64,171,112.0,77.2694,-34.7306
train,64,172,111.0,72.83235,-38.16765
train,64,173,110.0,70.08494,-39.915062
train,64,174,109.0,70.087746,-38.912254
train,64,175,108.0,73.241,-34.759003
train,64,176,107.0,76.33731,-30.66269
train,64,177,106.0,78.58013,-27.419868
train,64,178,105.0,81.36967,-23.630333
train,64,179,104.0,83.719925,-20.280075
train,64,180,103.0,86.94667,-16.05333
train,64,181,102.0,89.38243,-12.617569
train,64,182,101.0,88.599785,-12.400215
train,64,183,100.0,86.790825,-13.209175
train,64,184,99.0,91.121544,-7.878456
train,64,185,98.0,90.531334,-7.468666
train,64,186,97.0,91.35549,-5.6445084
train,64,187,96.0,87.74703,-8.252968
train,64,188,95.0,86.76977,-8.230232
train,64,189,94.0,83.8995,-10.100502
train,64,190,93.0,79.96424,-13.035759
train,64,191,92.0,80.73452,-11.26548
train,64,192,91.0,78.75292,-12.247078
train,64,193,90.0,80.43415,-9.565849
train,64,194,89.0,84.64817,-4.3518295
train,64,195,88.0,82.99256,-5.0074387
train,64,196,87.0,84.02335,-2.9766464
train,64,197,86.0,86.031456,0.031455994
train,64,198,85.0,82.77961,-2.2203903
train,64,199,84.0,81.4706,-2.5294037
train,64,200,83.0,76.28013,-6.7198715
train,64,201,82.0,74.182335,-7.817665
train,64,202,81.0,71.06992,-9.930077
train,64,203,80.0,68.65571,-11.344292
train,64,204,79.0,64.84527,-14.154732
train,64,205,78.0,65.23392,-12.766083
train,64,206,77.0,63.469597,-13.530403
train,64,207,76.0,62.013344,-13.986656
train,64,208,75.0,59.810074,-15.189926
train,64,209,74.0,56.88501,-17.11499
train,64,210,73.0,57.602962,-15.3970375
train,64,211,72.0,56.322006,-15.677994
train,64,212,71.0,57.823647,-13.176353
train,64,213,70.0,56.139988,-13.860012
train,64,214,69.0,55.914364,-13.085636
train,64,215,68.0,57.386307,-10.613693
train,64,216,67.0,57.574867,-9.425133
train,64,217,66.0,54.975883,-11.0241165
train,64,218,65.0,51.30155,-13.698448
train,64,219,64.0,48.628838,-15.371162
train,64,220,63.0,46.221878,-16.778122
train,64,221,62.0,48.41775,-13.582249
train,64,222,61.0,47.77737,-13.22263
train,64,223,60.0,48.012833,-11.987167
train,64,224,59.0,51.62281,-7.3771896
train,64,225,58.0,51.059975,-6.9400253
train,64,226,57.0,48.998928,-8.001072
train,64,227,56.0,45.232185,-10.767815
train,64,228,55.0,41.890297,-13.109703
train,64,229,54.0,39.652145,-14.347855
train,64,230,53.0,38.664635,-14.335365
train,64,231,52.0,37.192856,-14.807144
train,64,232,51.0,37.870876,-13.129124
train,64,233,50.0,38.19429,-11.80571
train,64,234,49.0,36.117752,-12.882248
train,64,235,48.0,33.829376,-14.170624
train,64,236,47.0,30.385466,-16.614534
train,64,237,46.0,30.417501,-15.582499
train,64,238,45.0,32.574432,-12.425568
train,64,239,44.0,32.272156,-11.727844
train,64,240,43.0,32.42139,-10.578609
train,64,241,42.0,32.947613,-9.052387
train,64,242,41.0,32.364826,-8.635174
train,64,243,40.0,32.01538,-7.984619
train,64,244,39.0,34.132824,-4.867176
train,64,245,38.0,33.94963,-4.0503693
train,64,246,37.0,34.026302,-2.9736977
train,64,247,36.0,32.919674,-3.080326
train,64,248,35.0,32.297325,-2.7026749
train,64,249,34.0,30.917927,-3.0820732
train,64,250,33.0,29.843336,-3.156664
train,64,251,32.0,29.79792,-2.2020798
train,64,252,31.0,29.794401,-1.2055988
train,64,253,30.0,29.20826,-0.7917404
train,64,254,29.0,27.265959,-1.7340412
train,64,255,28.0,24.7832,-3.2168007
train,64,256,27.0,25.957329,-1.0426712
train,64,257,26.0,23.180458,-2.819542
train,64,258,25.0,26.612026,1.6120262
train,64,259,24.0,24.267927,0.26792717
train,64,260,23.0,21.954609,-1.0453911
train,64,261,22.0,21.535868,-0.4641323
train,64,262,21.0,19.47224,-1.5277596
train,64,263,20.0,19.363855,-0.63614464
train,64,264,19.0,19.038929,0.038928986
train,64,265,18.0,20.068577,2.0685768
train,64,266,17.0,18.607231,1.6072311
train,64,267,16.0,15.685148,-0.31485176
train,64,268,15.0,13.027096,-1.9729042
train,64,269,14.0,12.713778,-1.2862225
train,64,270,13.0,14.547457,1.5474567
train,64,271,12.0,13.143929,1.1439285
train,64,272,11.0,12.271441,1.2714415
train,64,273,10.0,10.160125,0.16012478
train,64,274,9.0,7.0108404,-1.9891596
train,64,275,8.0,7.0358553,-0.9641447
train,64,276,7.0,6.468458,-0.5315418
train,64,277,6.0,5.8760767,-0.1239233
train,64,278,5.0,4.1849933,-0.81500673
train,64,279,4.0,2.4876788,-1.5123212
train,64,280,3.0,0.3483784,-2.6516216
train,64,281,2.0,0.16174705,-1.8382529
train,64,282,1.0,-0.90055174,-1.9005518
train,64,283,0.0,-1.716172,-1.716172
train,65,30,123.0,154.31577,31.315765
train,65,31,122.0,157.11314,35.113144
train,65,32,121.0,152.86192,31.861923
train,65,33,120.0,155.51714,35.517136
train,65,34,119.0,153.83853,34.83853
train,65,35,118.0,154.17204,36.172043
train,65,36,117.0,152.3757,35.3757
train,65,37,116.0,155.80826,39.808258
train,65,38,115.0,151.10646,36.10646
train,65,39,114.0,153.82742,39.827423
train,65,40,113.0,161.79633,48.796326
train,65,41,112.0,167.94194,55.94194
train,65,42,111.0,161.8822,50.882202
train,65,43,110.0,146.11569,36.115692
train,65,44,109.0,149.52986,40.52986
train,65,45,108.0,153.25775,45.25775
train,65,46,107.0,159.28186,52.28186
train,65,47,106.0,173.58957,67.58957
train,65,48,105.0,178.0343,73.0343
train,65,49,104.0,175.04138,71.04138
train,65,50,103.0,168.51337,65.51337
train,65,51,102.0,163.24118,61.24118
train,65,52,101.0,165.26837,64.26837
train,65,53,100.0,163.47116,63.47116
train,65,54,99.0,158.3151,59.315094
train,65,55,98.0,151.52524,53.525238
train,65,56,97.0,154.68776,57.68776
train,65,57,96.0,152.45688,56.45688
train,65,58,95.0,148.94328,53.943283
train,65,59,94.0,142.90906,48.909058
train,65,60,93.0,139.38171,46.381714
train,65,61,92.0,139.01033,47.01033
train,65,62,91.0,136.54535,45.54535
train,65,63,90.0,136.55826,46.558258
train,65,64,89.0,138.95435,49.954346
train,65,65,88.0,139.49564,51.495636
train,65,66,87.0,137.80078,50.80078
train,65,67,86.0,137.07233,51.072327
train,65,68,85.0,139.40875,54.408752
train,65,69,84.0,140.68527,56.685272
train,65,70,83.0,137.7532,54.753204
train,65,71,82.0,127.06831,45.068314
train,65,72,81.0,121.121185,40.121185
train,65,73,80.0,124.603775,44.603775
train,65,74,79.0,125.65138,46.651382
train,65,75,78.0,122.05822,44.05822
train,65,76,77.0,121.17783,44.177834
train,65,77,76.0,115.46656,39.46656
train,65,78,75.0,114.056244,39.056244
train,65,79,74.0,112.72799,38.72799
train,65,80,73.0,115.016426,42.016426
train,65,81,72.0,114.00154,42.00154
train,65,82,71.0,104.25611,33.25611
train,65,83,70.0,99.22577,29.225769
train,65,84,69.0,97.37847,28.378471
train,65,85,68.0,96.008064,28.008064
train,65,86,67.0,98.9829,31.982903
train,65,87,66.0,98.49888,32.49888
train,65,88,65.0,96.23432,31.234322
train,65,89,64.0,93.333015,29.333015
train,65,90,63.0,94.8653,31.865303
train,65,91,62.0,100.28091,38.280907
train,65,92,61.0,99.668236,38.668236
train,65,93,60.0,103.556335,43.556335
train,65,94,59.0,103.957954,44.957954
train,65,95,58.0,105.71644,47.71644
train,65,96,57.0,110.55294,53.55294
train,65,97,56.0,113.28961,57.28961
train,65,98,55.0,112.19805,57.19805
train,65,99,54.0,99.46563,45.46563
train,65,100,53.0,90.03919,37.039192
train,65,101,52.0,86.63831,34.638313
train,65,102,51.0,80.40606,29.40606
train,65,103,50.0,76.40561,26.40561
train,65,104,49.0,73.21621,24.21621
train,65,105,48.0,74.719315,26.719315
train,65,106,47.0,68.44995,21.449951
train,65,107,46.0,58.491688,12.491688
train,65,108,45.0,52.212887,7.212887
train,65,109,44.0,41.77649,-2.2235107
train,65,110,43.0,32.844223,-10.155777
train,65,111,42.0,26.251015,-15.748985
train,65,112,41.0,25.967937,-15.032063
train,65,113,40.0,32.67528,-7.3247185
train,65,114,39.0,36.45648,-2.543522
train,65,115,38.0,34.124664,-3.8753357
train,65,116,37.0,31.152962,-5.8470383
train,65,117,36.0,30.708923,-5.2910767
train,65,118,35.0,27.88176,-7.1182404
train,65,119,34.0,24.446507,-9.5534935
train,65,120,33.0,23.77909,-9.220909
train,65,121,32.0,22.109226,-9.890774
train,65,122,31.0,27.380447,-3.6195526
train,65,123,30.0,29.993732,-0.0062675476
train,65,124,29.0,27.828571,-1.1714287
train,65,125,28.0,25.460682,-2.539318
train,65,126,27.0,18.903677,-8.096323
train,65,127,26.0,12.664749,-13.335251
train,65,128,25.0,12.9601,-12.0399
train,65,129,24.0,19.842482,-4.1575184
train,65,130,23.0,21.042545,-1.9574547
train,65,131,22.0,25.128365,3.1283646
train,65,132,21.0,26.94562,5.9456196
train,65,133,20.0,27.205599,7.205599
train,65,134,19.0,24.362097,5.362097
train,65,135,18.0,19.169851,1.1698513
train,65,136,17.0,10.459338,-6.540662
train,65,137,16.0,1.6854985,-14.314502
train,65,138,15.0,0.065855585,-14.934144
train,65,139,14.0,8.600413,-5.3995867
train,65,140,13.0,8.848673,-4.151327
train,65,141,12.0,11.205679,-0.79432106
train,65,142,11.0,8.689709,-2.3102913
train,65,143,10.0,8.0579,-1.9420996
train,65,144,9.0,7.0874996,-1.9125004
train,65,145,8.0,6.216958,-1.783042
train,65,146,7.0,4.75706,-2.24294
train,65,147,6.0,7.051683,1.051683
train,65,148,5.0,5.066945,0.066945076
train,65,149,4.0,3.2921576,-0.70784235
train,65,150,3.0,0.0028358302,-2.9971642
train,65,151,2.0,-2.0184407,-4.0184407
train,65,152,1.0,-4.607956,-5.607956
train,65,153,0.0,-7.0299797,-7.0299797
train,66,30,172.0,150.2106,-21.789398
train,66,31,171.0,153.60419,-17.395813
train,66,32,170.0,157.32092,-12.679077
train,66,33,169.0,162.00838,-6.991623
train,66,34,168.0,162.8208,-5.179199
train,66,35,167.0,160.4776,-6.5224
train,66,36,166.0,160.9469,-5.0531006
train,66,37,165.0,157.65659,-7.3434143
train,66,38,164.0,157.34236,-6.6576385
train,66,39,163.0,157.6153,-5.3847046
train,66,40,162.0,151.88579,-10.114212
train,66,41,161.0,150.76111,-10.238892
train,66,42,160.0,149.9914,-10.008606
train,66,43,159.0,146.21796,-12.782043
train,66,44,158.0,145.34949,-12.650513
train,66,45,157.0,142.11865,-14.881348
train,66,46,156.0,134.38734,-21.612656
train,66,47,155.0,129.14366,-25.856339
train,66,48,154.0,123.588745,-30.411255
train,66,49,153.0,118.46704,-34.53296
train,66,50,152.0,119.08027,-32.91973
train,66,51,151.0,121.19788,-29.802116
train,66,52,150.0,124.13527,-25.86473
train,66,53,149.0,121.82015,-27.179848
train,66,54,148.0,117.358894,-30.641106
train,66,55,147.0,112.162926,-34.837074
train,66,56,146.0,105.44164,-40.558357
train,66,57,145.0,99.41004,-45.58996
train,66,58,144.0,96.0263,-47.9737
train,66,59,143.0,98.63189,-44.36811
train,66,60,142.0,108.30906,-33.69094
train,66,61,141.0,114.49833,-26.50167
train,66,62,140.0,122.51263,-17.487373
train,66,63,139.0,125.49259,-13.507408
train,66,64,138.0,124.93542,-13.064583
train,66,65,137.0,129.51318,-7.4868164
train,66,66,136.0,132.52289,-3.4771118
train,66,67,135.0,133.82607,-1.1739349
train,66,68,134.0,136.64735,2.6473541
train,66,69,133.0,136.43298,3.4329834
train,66,70,132.0,135.698,3.697998
train,66,71,131.0,132.95856,1.9585571
train,66,72,130.0,125.760826,-4.239174
train,66,73,129.0,122.96392,-6.0360794
train,66,74,128.0,120.59098,-7.4090195
train,66,75,127.0,119.43812,-7.561882
train,66,76,126.0,118.70641,-7.2935867
train,66,77,125.0,115.28487,-9.715134
train,66,78,124.0,115.27337,-8.726631
train,66,79,123.0,117.1745,-5.8255005
train,66,80,122.0,118.093575,-3.9064255
train,66,81,121.0,115.26316,-5.7368393
train,66,82,120.0,106.8372,-13.162804
train,66,83,119.0,100.246254,-18.753746
train,66,84,118.0,93.18258,-24.817421
train,66,85,117.0,89.20992,-27.790077
train,66,86,116.0,87.430786,-28.569214
train,66,87,115.0,83.73383,-31.266167
train,66,88,114.0,81.12166,-32.87834
train,66,89,113.0,87.02535,-25.974648
train,66,90,112.0,85.6701,-26.329903
train,66,91,111.0,88.49712,-22.502876
train,66,92,110.0,89.65261,-20.34739
train,66,93,109.0,92.81324,-16.18676
train,66,94,108.0,95.428925,-12.571075
train,66,95,107.0,95.76095,-11.239052
train,66,96,106.0,93.02914,-12.970863
train,66,97,105.0,89.988075,-15.011925
train,66,98,104.0,83.99659,-20.00341
train,66,99,103.0,80.58812,-22.41188
train,66,100,102.0,82.9523,-19.047699
train,66,101,101.0,85.7535,-15.246498
train,66,102,100.0,89.02238,-10.977623
train,66,103,99.0,94.73162,-4.268379
train,66,104,98.0,97.71753,-0.2824707
train,66,105,97.0,98.84173,1.8417282
train,66,106,96.0,102.87661,6.87661
train,66,107,95.0,102.20971,7.209709
train,66,108,94.0,100.08983,6.0898285
train,66,109,93.0,98.01269,5.0126877
train,66,110,92.0,96.77436,4.7743607
train,66,111,91.0,95.747604,4.7476044
train,66,112,90.0,95.80532,5.8053207
train,66,113,89.0,92.65655,3.6565475
train,66,114,88.0,91.81614,3.8161392
train,66,115,87.0,91.05459,4.0545883
train,66,116,86.0,88.437096,2.4370956
train,66,117,85.0,91.67432,6.6743164
train,66,118,84.0,89.45593,5.4559326
train,66,119,83.0,85.4634,2.4634018
train,66,120,82.0,82.88686,0.8868637
train,66,121,81.0,75.09468,-5.905319
train,66,122,80.0,70.12672,-9.873283
train,66,123,79.0,68.84605,-10.153954
train,66,124,78.0,64.52334,-13.476662
train,66,125,77.0,62.62072,-14.37928
train,66,126,76.0,57.932632,-18.067368
train,66,127,75.0,55.89168,-19.108318
train,66,128,74.0,55.183945,-18.816055
train,66,129,73.0,56.0117,-16.9883
train,66,130,72.0,55.63443,-16.36557
train,66,131,71.0,58.030075,-12.969925
train,66,132,70.0,59.743027,-10.256973
train,66,133,69.0,58.171318,-10.828682
train,66,134,68.0,54.799324,-13.200676
train,66,135,67.0,50.387924,-16.612076
train,66,136,66.0,48.459846,-17.540154
train,66,137,65.0,49.00774,-15.99226
train,66,138,64.0,50.299797,-13.700203
train,66,139,63.0,51.547752,-11.452248
train,66,140,62.0,51.85082,-10.149181
train,66,141,61.0,52.33477,-8.66523
train,66,142,60.0,56.029037,-3.9709625
train,66,143,59.0,58.93866,-0.061340332
train,66,144,58.0,56.085724,-1.9142761
train,66,145,57.0,54.55881,-2.4411888
train,66,146,56.0,54.36268,-1.6373215
train,66,147,55.0,51.719845,-3.2801552
train,66,148,54.0,53.52571,-0.47428894
train,66,149,53.0,50.051155,-2.948845
train,66,150,52.0,51.32284,-0.67715836
train,66,151,51.0,53.09069,2.0906906
train,66,152,50.0,50.60102,0.6010208
train,66,153,49.0,49.398064,0.39806366
train,66,154,48.0,48.65069,0.6506882
train,66,155,47.0,47.23391,0.2339096
train,66,156,46.0,47.064613,1.0646133
train,66,157,45.0,47.68999,2.689991
train,66,158,44.0,45.187057,1.1870575
train,66,159,43.0,42.53549,-0.46451187
train,66,160,42.0,38.43533,-3.5646706
train,66,161,41.0,36.86274,-4.1372604
train,66,162,40.0,33.300636,-6.6993637
train,66,163,39.0,32.71234,-6.2876587
train,66,164,38.0,30.626959,-7.373041
train,66,165,37.0,26.247494,-10.752506
train,66,166,36.0,23.065624,-12.934376
train,66,167,35.0,23.451723,-11.548277
train,66,168,34.0,22.94441,-11.05559
train,66,169,33.0,22.172379,-10.827621
train,66,170,32.0,18.807117,-13.192883
train,66,171,31.0,16.570803,-14.429197
train,66,172,30.0,14.657731,-15.342269
train,66,173,29.0,11.775724,-17.224276
train,66,174,28.0,11.084873,-16.915127
train,66,175,27.0,11.914293,-15.085707
train,66,176,26.0,15.592802,-10.407198
train,66,177,25.0,16.17891,-8.821091
train,66,178,24.0,16.031803,-7.968197
train,66,179,23.0,14.338405,-8.661595
train,66,180,22.0,14.006548,-7.993452
train,66,181,21.0,15.179741,-5.820259
train,66,182,20.0,18.1782,-1.8218002
train,66,183,19.0,19.039173,0.039173126
train,66,184,18.0,21.323523,3.3235226
train,66,185,17.0,22.58353,5.5835304
train,66,186,16.0,22.388699,6.3886986
train,66,187,15.0,23.569172,8.569172
train,66,188,14.0,24.52174,10.52174
train,66,189,13.0,23.339962,10.339962
train,66,190,12.0,22.231873,10.231873
train,66,191,11.0,18.606066,7.6060658
train,66,192,10.0,19.172417,9.172417
train,66,193,9.0,16.062653,7.0626526
train,66,194,8.0,15.436794,7.4367943
train,66,195,7.0,14.771242,7.771242
train,66,196,6.0,14.331154,8.331154
train,66,197,5.0,12.172814,7.1728144
train,66,198,4.0,7.834424,3.834424
train,66,199,3.0,6.296175,3.296175
train,66,200,2.0,5.465491,3.4654908
train,66,201,1.0,3.9918277,2.9918277
train,66,202,0.0,2.4623876,2.4623876
train,67,30,283.0,147.22458,-135.77542
train,67,31,282.0,149.741,-132.259
train,67,32,281.0,146.56119,-134.43881
train,67,33,280.0,149.1149,-130.8851
train,67,34,279.0,146.99728,-132.00272
train,67,35,278.0,139.26761,-138.73239
train,67,36,277.0,137.26384,-139.73616
train,67,37,276.0,136.64928,-139.35072
train,67,38,275.0,141.10002,-133.89998
train,67,39,274.0,149.51074,-124.48926
train,67,40,273.0,154.38435,-118.61565
train,67,41,272.0,163.1799,-108.8201
train,67,42,271.0,167.5151,-103.48489
train,67,43,270.0,175.53587,-94.46413
train,67,44,269.0,182.07718,-86.92282
train,67,45,268.0,186.41562,-81.58438
train,67,46,267.0,185.90211,-81.097885
train,67,47,266.0,179.56207,-86.43793
train,67,48,265.0,170.79561,-94.20439
train,67,49,264.0,171.02248,-92.97752
train,67,50,263.0,160.46068,-102.53932
train,67,51,262.0,164.2511,-97.7489
train,67,52,261.0,164.97366,-96.02634
train,67,53,260.0,165.30884,-94.69116
train,67,54,259.0,162.88834,-96.111664
train,67,55,258.0,157.40921,-100.59079
train,67,56,257.0,149.64323,-107.356766
train,67,57,256.0,143.10095,-112.89905
train,67,58,255.0,135.56773,-119.43227
train,67,59,254.0,129.92108,-124.07892
train,67,60,253.0,124.37808,-128.62192
train,67,61,252.0,124.62144,-127.37856
train,67,62,251.0,120.79168,-130.20831
train,67,63,250.0,119.09083,-130.90918
train,67,64,249.0,113.702,-135.298
train,67,65,248.0,109.040215,-138.95978
train,67,66,247.0,113.06858,-133.93143
train,67,67,246.0,115.681335,-130.31866
train,67,68,245.0,127.46806,-117.53194
train,67,69,244.0,139.50722,-104.49278
train,67,70,243.0,149.20016,-93.799835
train,67,71,242.0,158.83684,-83.16316
train,67,72,241.0,168.49515,-72.50485
train,67,73,240.0,170.61435,-69.38565
train,67,74,239.0,165.21564,-73.78436
train,67,75,238.0,158.97786,-79.02214
train,67,76,237.0,158.29608,-78.70392
train,67,77,236.0,154.52762,-81.47238
train,67,78,235.0,160.46968,-74.53032
train,67,79,234.0,160.58371,-73.41629
train,67,80,233.0,160.28204,-72.71796
train,67,81,232.0,159.0583,-72.941696
train,67,82,231.0,156.95563,-74.04437
train,67,83,230.0,154.0764,-75.9236
train,67,84,229.0,154.79633,-74.203674
train,67,85,228.0,143.64743,-84.35257
train,67,86,227.0,140.01303,-86.98697
train,67,87,226.0,139.61273,-86.38727
train,67,88,225.0,143.21466,-81.78534
train,67,89,224.0,144.49702,-79.502975
train,67,90,223.0,149.98924,-73.01076
train,67,91,222.0,152.45096,-69.54904
train,67,92,221.0,155.78732,-65.21268
train,67,93,220.0,155.83473,-64.16527
train,67,94,219.0,159.11789,-59.88211
train,67,95,218.0,162.00143,-55.998566
train,67,96,217.0,168.64099,-48.35901
train,67,97,216.0,178.40492,-37.595078
train,67,98,215.0,184.39337,-30.606628
train,67,99,214.0,185.27188,-28.728119
train,67,100,213.0,184.81409,-28.185913
train,67,101,212.0,184.42477,-27.575226
train,67,102,211.0,179.89667,-31.103333
train,67,103,210.0,175.52838,-34.47162
train,67,104,209.0,169.28387,-39.716125
train,67,105,208.0,166.71051,-41.28949
train,67,106,207.0,167.82224,-39.177765
train,67,107,206.0,163.79184,-42.20816
train,67,108,205.0,159.22476,-45.775238
train,67,109,204.0,151.73045,-52.269547
train,67,110,203.0,146.43651,-56.56349
train,67,111,202.0,145.31117,-56.688828
train,67,112,201.0,135.60866,-65.39134
train,67,113,200.0,129.53728,-70.46272
train,67,114,199.0,130.41878,-68.58122
train,67,115,198.0,131.70544,-66.294556
train,67,116,197.0,130.70834,-66.29166
train,67,117,196.0,131.77026,-64.22974
train,67,118,195.0,132.07178,-62.928223
train,67,119,194.0,132.24698,-61.75302
train,67,120,193.0,125.502655,-67.497345
train,67,121,192.0,118.43336,-73.56664
train,67,122,191.0,112.26231,-78.73769
train,67,123,190.0,115.58909,-74.41091
train,67,124,189.0,115.00671,-73.99329
train,67,125,188.0,119.518166,-68.481834
train,67,126,187.0,124.02944,-62.97056
train,67,127,186.0,123.569885,-62.430115
train,67,128,185.0,124.03402,-60.96598
train,67,129,184.0,117.85059,-66.14941
train,67,130,183.0,115.909195,-67.090805
train,67,131,182.0,113.86477,-68.13523
train,67,132,181.0,114.267914,-66.732086
train,67,133,180.0,114.00571,-65.99429
train,67,134,179.0,117.66882,-61.331177
train,67,135,178.0,115.10029,-62.89971
train,67,136,177.0,121.28924,-55.710762
train,67,137,176.0,131.71927,-44.28073
train,67,138,175.0,139.62772,-35.372284
train,67,139,174.0,150.03152,-23.968475
train,67,140,173.0,156.25848,-16.741516
train,67,141,172.0,159.43571,-12.564285
train,67,142,171.0,158.38586,-12.614136
train,67,143,170.0,161.5816,-8.418396
train,67,144,169.0,161.72656,-7.2734375
train,67,145,168.0,167.21718,-0.78282166
train,67,146,167.0,163.9295,-3.0704956
train,67,147,166.0,161.17297,-4.8270264
train,67,148,165.0,156.25317,-8.746826
train,67,149,164.0,143.75845,-20.241547
train,67,150,163.0,143.23682,-19.763184
train,67,151,162.0,145.91562,-16.084381
train,67,152,161.0,148.54012,-12.459885
train,67,153,160.0,152.6734,-7.326599
train,67,154,159.0,156.68655,-2.313446
train,67,155,158.0,157.8421,-0.15789795
train,67,156,157.0,155.95822,-1.0417786
train,67,157,156.0,153.38824,-2.6117554
train,67,158,155.0,145.85739,-9.142609
train,67,159,154.0,141.24344,-12.756561
train,67,160,153.0,132.49774,-20.502258
train,67,161,152.0,122.65736,-29.342644
train,67,162,151.0,120.605705,-30.394295
train,67,163,150.0,125.716225,-24.283775
train,67,164,149.0,131.57048,-17.42952
train,67,165,148.0,138.76962,-9.230377
train,67,166,147.0,139.71124,-7.2887573
train,67,167,146.0,136.77695,-9.223053
train,67,168,145.0,137.76123,-7.2387695
train,67,169,144.0,131.16116,-12.838837
train,67,170,143.0,124.275635,-18.724365
train,67,171,142.0,123.65225,-18.347748
train,67,172,141.0,124.89378,-16.106216
train,67,173,140.0,125.756454,-14.243546
train,67,174,139.0,120.86607,-18.133926
train,67,175,138.0,117.84511,-20.154892
train,67,176,137.0,115.27567,-21.724327
train,67,177,136.0,116.779625,-19.220375
train,67,178,135.0,119.70179,-15.29821
train,67,179,134.0,121.58607,-12.413933
train,67,180,133.0,125.40432,-7.59568
train,67,181,132.0,125.50868,-6.4913177
train,67,182,131.0,128.60555,-2.394455
train,67,183,130.0,130.01495,0.014953613
train,67,184,129.0,127.39368,-1.6063232
train,67,185,128.0,116.192055,-11.807945
train,67,186,127.0,111.12093,-15.879066
train,67,187,126.0,105.19499,-20.805008
train,67,188,125.0,104.32639,-20.673607
train,67,189,124.0,100.307434,-23.692566
train,67,190,123.0,101.304596,-21.695404
train,67,191,122.0,103.47222,-18.527779
train,67,192,121.0,102.75756,-18.24244
train,67,193,120.0,101.555885,-18.444115
train,67,194,119.0,94.75701,-24.242989
train,67,195,118.0,88.76322,-29.236778
train,67,196,117.0,89.66498,-27.335022
train,67,197,116.0,87.495514,-28.504486
train,67,198,115.0,91.76969,-23.230309
train,67,199,114.0,90.79371,-23.206291
train,67,200,113.0,90.77898,-22.221024
train,67,201,112.0,87.59894,-24.401062
train,67,202,111.0,85.59872,-25.401283
train,67,203,110.0,88.657295,-21.342705
train,67,204,109.0,95.31512,-13.684883
train,67,205,108.0,99.113335,-8.886665
train,67,206,107.0,105.5044,-1.4955978
train,67,207,106.0,107.20842,1.2084198
train,67,208,105.0,111.657646,6.657646
train,67,209,104.0,109.74353,5.7435303
train,67,210,103.0,109.96598,6.9659805
train,67,211,102.0,106.07671,4.0767136
train,67,212,101.0,105.23278,4.2327805
train,67,213,100.0,104.27206,4.2720566
train,67,214,99.0,102.66726,3.6672592
train,67,215,98.0,105.03344,7.0334396
train,67,216,97.0,102.346535,5.3465347
train,67,217,96.0,99.56034,3.560341
train,67,218,95.0,94.33162,-0.66838074
train,67,219,94.0,89.73153,-4.268471
train,67,220,93.0,83.58419,-9.41581
train,67,221,92.0,75.641525,-16.358475
train,67,222,91.0,75.86478,-15.135223
train,67,223,90.0,74.96684,-15.033157
train,67,224,89.0,73.40624,-15.593758
train,67,225,88.0,73.91628,-14.083717
train,67,226,87.0,69.073555,-17.926445
train,67,227,86.0,66.645164,-19.354836
train,67,228,85.0,61.35858,-23.641418
train,67,229,84.0,58.48735,-25.51265
train,67,230,83.0,59.154522,-23.845478
train,67,231,82.0,57.59588,-24.404121
train,67,232,81.0,57.557716,-23.442284
train,67,233,80.0,57.963337,-22.036663
train,67,234,79.0,58.632782,-20.367218
train,67,235,78.0,55.439423,-22.560577
train,67,236,77.0,57.65837,-19.341629
train,67,237,76.0,60.90841,-15.091591
train,67,238,75.0,63.832687,-11.167313
train,67,239,74.0,64.93938,-9.060623
train,67,240,73.0,65.0302,-7.969803
train,67,241,72.0,66.2658,-5.7341995
train,67,242,71.0,65.9228,-5.077202
train,67,243,70.0,65.22183,-4.7781677
train,67,244,69.0,61.69096,-7.30904
train,67,245,68.0,59.986786,-8.013214
train,67,246,67.0,62.78189,-4.218109
train,67,247,66.0,64.97753,-1.0224686
train,67,248,65.0,67.30029,2.300293
train,67,249,64.0,71.14016,7.1401596
train,67,250,63.0,72.492584,9.492584
train,67,251,62.0,71.07246,9.072456
train,67,252,61.0,69.65913,8.659126
train,67,253,60.0,69.28774,9.287743
train,67,254,59.0,67.52262,8.522621
train,67,255,58.0,65.782036,7.782036
train,67,256,57.0,60.739674,3.7396736
train,67,257,56.0,55.07138,-0.9286194
train,67,258,55.0,51.958614,-3.0413857
train,67,259,54.0,49.24003,-4.7599716
train,67,260,53.0,48.211662,-4.7883377
train,67,261,52.0,42.19209,-9.807911
train,67,262,51.0,40.44345,-10.556549
train,67,263,50.0,38.88769,-11.1123085
train,67,264,49.0,37.72055,-11.279449
train,67,265,48.0,36.92861,-11.071388
train,67,266,47.0,35.03338,-11.966621
train,67,267,46.0,33.30581,-12.694191
train,67,268,45.0,29.756407,-15.243593
train,67,269,44.0,26.649178,-17.350822
train,67,270,43.0,22.435457,-20.564543
train,67,271,42.0,21.765436,-20.234564
train,67,272,41.0,23.781258,-17.218742
train,67,273,40.0,20.739447,-19.260553
train,67,274,39.0,20.065184,-18.934816
train,67,275,38.0,21.292225,-16.707775
train,67,276,37.0,19.450974,-17.549026
train,67,277,36.0,17.744587,-18.255413
train,67,278,35.0,17.484207,-17.515793
train,67,279,34.0,16.414635,-17.585365
train,67,280,33.0,15.528087,-17.471912
train,67,281,32.0,13.798525,-18.201475
train,67,282,31.0,12.481952,-18.518047
train,67,283,30.0,9.551946,-20.448055
train,67,284,29.0,9.527331,-19.472668
train,67,285,28.0,8.6806755,-19.319324
train,67,286,27.0,6.3488574,-20.651142
train,67,287,26.0,6.828626,-19.171373
train,67,288,25.0,4.702394,-20.297606
train,67,289,24.0,1.6390874,-22.360912
train,67,290,23.0,4.8254204,-18.17458
train,67,291,22.0,6.420531,-15.57947
train,67,292,21.0,9.866985,-11.133015
train,67,293,20.0,8.123088,-11.876912
train,67,294,19.0,8.209206,-10.790794
train,67,295,18.0,8.123299,-9.876701
train,67,296,17.0,6.3621364,-10.637863
train,67,297,16.0,6.0676656,-9.932335
train,67,298,15.0,5.8096313,-9.190369
train,67,299,14.0,5.064786,-8.935214
train,67,300,13.0,3.7364223,-9.263577
train,67,301,12.0,5.429779,-6.570221
train,67,302,11.0,3.4109933,-7.5890064
train,67,303,10.0,3.8162959,-6.1837044
train,67,304,9.0,5.529622,-3.470378
train,67,305,8.0,5.676139,-2.3238611
train,67,306,7.0,3.445599,-3.554401
train,67,307,6.0,2.1319842,-3.8680158
train,67,308,5.0,3.9518049,-1.0481951
train,67,309,4.0,3.3349602,-0.6650398
train,67,310,3.0,1.6482066,-1.3517934
train,67,311,2.0,-0.80640477,-2.8064048
train,67,312,1.0,-0.9656256,-1.9656255
train,67,313,0.0,-1.4819627,-1.4819627
train,68,30,169.0,179.78969,10.789688
train,68,31,168.0,177.80225,9.802246
train,68,32,167.0,178.38423,11.384232
train,68,33,166.0,182.20071,16.200714
train,68,34,165.0,176.34598,11.345978
train,68,35,164.0,170.8411,6.841095
train,68,36,163.0,163.09915,0.09915161
train,68,37,162.0,161.08311,-0.9168854
train,68,38,161.0,159.41539,-1.58461
train,68,39,160.0,158.51459,-1.4854126
train,68,40,159.0,156.65823,-2.3417664
train,68,41,158.0,156.72305,-1.276947
train,68,42,157.0,156.668,-0.33200073
train,68,43,156.0,156.66711,0.66711426
train,68,44,155.0,151.58548,-3.4145203
train,68,45,154.0,151.0721,-2.9279022
train,68,46,153.0,142.04272,-10.957275
train,68,47,152.0,136.76358,-15.23642
train,68,48,151.0,133.81232,-17.187683
train,68,49,150.0,131.15701,-18.842987
train,68,50,149.0,132.5678,-16.432205
train,68,51,148.0,133.28308,-14.716919
train,68,52,147.0,129.943,-17.057007
train,68,53,146.0,124.872116,-21.127884
train,68,54,145.0,113.48431,-31.515694
train,68,55,144.0,110.220825,-33.779175
train,68,56,143.0,111.05389,-31.946114
train,68,57,142.0,107.45788,-34.54212
train,68,58,141.0,109.60908,-31.390923
train,68,59,140.0,108.895424,-31.104576
train,68,60,139.0,110.532616,-28.467384
train,68,61,138.0,113.72449,-24.275513
train,68,62,137.0,110.43178,-26.568222
train,68,63,136.0,98.79766,-37.20234
train,68,64,135.0,91.26775,-43.732246
train,68,65,134.0,88.956215,-45.043785
train,68,66,133.0,90.5498,-42.450203
train,68,67,132.0,93.9311,-38.0689
train,68,68,131.0,99.46853,-31.531471
train,68,69,130.0,103.84722,-26.152779
train,68,70,129.0,112.8895,-16.110497
train,68,71,128.0,122.12663,-5.8733673
train,68,72,127.0,127.24762,0.24761963
train,68,73,126.0,122.80902,-3.190979
train,68,74,125.0,117.049675,-7.950325
train,68,75,124.0,117.027824,-6.9721756
train,68,76,123.0,119.608025,-3.3919754
train,68,77,122.0,123.26823,1.2682266
train,68,78,121.0,128.28587,7.2858734
train,68,79,120.0,132.1354,12.1354065
train,68,80,119.0,133.89252,14.892517
train,68,81,118.0,136.72905,18.72905
train,68,82,117.0,140.58209,23.582092
train,68,83,116.0,144.09045,28.090454
train,68,84,115.0,139.66165,24.661652
train,68,85,114.0,139.38666,25.386658
train,68,86,113.0,133.67253,20.672531
train,68,87,112.0,127.733055,15.733055
train,68,88,111.0,125.44052,14.440521
train,68,89,110.0,119.29928,9.299278
train,68,90,109.0,110.453476,1.453476
train,68,91,108.0,106.25143,-1.7485733
train,68,92,107.0,100.158104,-6.841896
train,68,93,106.0,99.90944,-6.090561
train,68,94,105.0,101.834564,-3.1654358
train,68,95,104.0,105.79826,1.7982635
train,68,96,103.0,108.07301,5.0730133
train,68,97,102.0,112.14195,10.1419525
train,68,98,101.0,114.77143,13.771431
train,68,99,100.0,125.24212,25.242119
train,68,100,99.0,128.64288,29.642883
train,68,101,98.0,126.357765,28.357765
train,68,102,97.0,119.000885,22.000885
train,68,103,96.0,110.88332,14.883324
train,68,104,95.0,103.971596,8.971596
train,68,105,94.0,99.75367,5.7536697
train,68,106,93.0,100.670235,7.6702347
train,68,107,92.0,103.45069,11.450691
train,68,108,91.0,109.49855,18.49855
train,68,109,90.0,110.625175,20.625175
train,68,110,89.0,112.43893,23.438927
train,68,111,88.0,106.45783,18.457832
train,68,112,87.0,102.85529,15.855293
train,68,113,86.0,98.70159,12.7015915
train,68,114,85.0,97.7446,12.744598
train,68,115,84.0,94.5335,10.533501
train,68,116,83.0,90.38212,7.382118
train,68,117,82.0,86.913506,4.9135056
train,68,118,81.0,82.97308,1.9730835
train,68,119,80.0,78.56287,-1.4371338
train,68,120,79.0,76.20667,-2.7933273
train,68,121,78.0,78.43166,0.4316635
train,68,122,77.0,80.92728,3.9272766
train,68,123,76.0,85.80871,9.808708
train,68,124,75.0,83.64391,8.643913
train,68,125,74.0,83.67129,9.671288
train,68,126,73.0,91.75834,18.758339
train,68,127,72.0,93.26413,21.26413
train,68,128,71.0,95.48495,24.484947
train,68,129,70.0,97.42903,27.429031
train,68,130,69.0,93.77831,24.778313
train,68,131,68.0,98.93946,30.93946
train,68,132,67.0,98.23145,31.231453
train,68,133,66.0,100.81176,34.81176
train,68,134,65.0,104.96885,39.96885
train,68,135,64.0,102.66713,38.66713
train,68,136,63.0,98.8738,35.873802
train,68,137,62.0,94.05248,32.052483
train,68,138,61.0,89.94087,28.940872
train,68,139,60.0,88.92237,28.92237
train,68,140,59.0,89.058266,30.058266
train,68,141,58.0,88.067154,30.067154
train,68,142,57.0,90.50301,33.503014
train,68,143,56.0,85.80316,29.803162
train,68,144,55.0,85.63422,30.634216
train,68,145,54.0,82.212746,28.212746
train,68,146,53.0,77.03739,24.037392
train,68,147,52.0,72.560524,20.560524
train,68,148,51.0,68.30745,17.30745
train,68,149,50.0,64.72435,14.72435
train,68,150,49.0,62.234196,13.234196
train,68,151,48.0,57.695164,9.695164
train,68,152,47.0,52.676357,5.6763573
train,68,153,46.0,45.842804,-0.15719604
train,68,154,45.0,47.292843,2.2928429
train,68,155,44.0,48.204674,4.204674
train,68,156,43.0,47.714508,4.714508
train,68,157,42.0,46.18444,4.1844406
train,68,158,41.0,45.078743,4.078743
train,68,159,40.0,45.7653,5.7653008
train,68,160,39.0,43.920288,4.920288
train,68,161,38.0,42.158493,4.158493
train,68,162,37.0,39.311493,2.311493
train,68,163,36.0,37.407227,1.4072266
train,68,164,35.0,33.852596,-1.1474037
train,68,165,34.0,30.328814,-3.6711864
train,68,166,33.0,28.628744,-4.371256
train,68,167,32.0,28.501677,-3.4983234
train,68,168,31.0,29.420115,-1.5798855
train,68,169,30.0,29.160185,-0.83981514
train,68,170,29.0,31.304369,2.304369
train,68,171,28.0,30.929916,2.9299164
train,68,172,27.0,30.312016,3.3120155
train,68,173,26.0,31.73384,5.733841
train,68,174,25.0,32.009254,7.0092545
train,68,175,24.0,32.6537,8.653702
train,68,176,23.0,31.419628,8.419628
train,68,177,22.0,28.843132,6.843132
train,68,178,21.0,26.499273,5.4992733
train,68,179,20.0,22.915642,2.9156418
train,68,180,19.0,23.623686,4.623686
train,68,181,18.0,21.530876,3.5308762
train,68,182,17.0,17.833374,0.833374
train,68,183,16.0,17.221489,1.221489
train,68,184,15.0,15.273216,0.27321625
train,68,185,14.0,14.918405,0.9184046
train,68,186,13.0,14.377796,1.3777962
train,68,187,12.0,15.302432,3.302432
train,68,188,11.0,14.011114,3.0111141
train,68,189,10.0,11.777823,1.7778234
train,68,190,9.0,8.905014,-0.09498596
train,68,191,8.0,8.820714,0.820714
train,68,192,7.0,8.073794,1.0737944
train,68,193,6.0,7.7232547,1.7232547
train,68,194,5.0,6.463163,1.4631629
train,68,195,4.0,3.0089214,-0.9910786
train,68,196,3.0,3.6766376,0.67663765
train,68,197,2.0,1.6053542,-0.3946458
train,68,198,1.0,0.92216116,-0.07783884
train,68,199,0.0,-0.16252153,-0.16252153
train,69,30,332.0,196.72119,-135.27881
train,69,31,331.0,204.00443,-126.995575
train,69,32,330.0,204.96127,-125.03873
train,69,33,329.0,208.51672,-120.48328
train,69,34,328.0,204.04578,-123.95422
train,69,35,327.0,209.66998,-117.33002
train,69,36,326.0,216.45363,-109.54637
train,69,37,325.0,221.55455,-103.44545
train,69,38,324.0,229.01749,-94.98251
train,69,39,323.0,226.73245,-96.26755
train,69,40,322.0,231.66914,-90.33086
train,69,41,321.0,233.17654,-87.823456
train,69,42,320.0,230.30774,-89.69226
train,69,43,319.0,217.10144,-101.89856
train,69,44,318.0,210.91855,-107.08145
train,69,45,317.0,197.58214,-119.41786
train,69,46,316.0,196.44357,-119.55643
train,69,47,315.0,196.03288,-118.96712
train,69,48,314.0,205.248,-108.752
train,69,49,313.0,214.81322,-98.18678
train,69,50,312.0,217.195,-94.80499
train,69,51,311.0,211.55058,-99.44942
train,69,52,310.0,201.39012,-108.60988
train,69,53,309.0,186.69348,-122.30652
train,69,54,308.0,173.06712,-134.93288
train,69,55,307.0,165.77124,-141.22876
train,69,56,306.0,169.66896,-136.33104
train,69,57,305.0,164.1566,-140.8434
train,69,58,304.0,167.87143,-136.12857
train,69,59,303.0,164.95667,-138.04333
train,69,60,302.0,156.48953,-145.51047
train,69,61,301.0,143.8028,-157.1972
train,69,62,300.0,139.87448,-160.12552
train,69,63,299.0,134.3565,-164.6435
train,69,64,298.0,138.13388,-159.86612
train,69,65,297.0,147.75777,-149.24223
train,69,66,296.0,158.35883,-137.64117
train,69,67,295.0,169.5463,-125.453705
train,69,68,294.0,174.89816,-119.10184
train,69,69,293.0,183.36993,-109.630066
train,69,70,292.0,177.27301,-114.72699
train,69,71,291.0,181.4435,-109.5565
train,69,72,290.0,174.93669,-115.06331
train,69,73,289.0,170.50964,-118.49036
train,69,74,288.0,171.72699,-116.27301
train,69,75,287.0,184.98404,-102.01596
train,69,76,286.0,200.88138,-85.11862
train,69,77,285.0,215.63219,-69.36781
train,69,78,284.0,224.17677,-59.823227
train,69,79,283.0,230.06888,-52.93112
train,69,80,282.0,233.5816,-48.418396
train,69,81,281.0,231.50687,-49.493134
train,69,82,280.0,231.73312,-48.266876
train,69,83,279.0,231.35129,-47.648712
train,69,84,278.0,225.65924,-52.34076
train,69,85,277.0,217.10425,-59.895752
train,69,86,276.0,203.75009,-72.24991
train,69,87,275.0,190.45764,-84.54236
train,69,88,274.0,182.26248,-91.73752
train,69,89,273.0,172.15903,-100.84097
train,69,90,272.0,168.33832,-103.66168
train,69,91,271.0,170.38098,-100.61902
train,69,92,270.0,169.55821,-100.44179
train,69,93,269.0,162.2018,-106.7982
train,69,94,268.0,166.05864,-101.94136
train,69,95,267.0,161.5581,-105.441895
train,69,96,266.0,167.73392,-98.26608
train,69,97,265.0,177.0791,-87.9209
train,69,98,264.0,176.58966,-87.41034
train,69,99,263.0,179.24567,-83.75433
train,69,100,262.0,178.48946,-83.510544
train,69,101,261.0,180.4731,-80.5269
train,69,102,260.0,171.61877,-88.381226
train,69,103,259.0,162.7776,-96.2224
train,69,104,258.0,159.21544,-98.78456
train,69,105,257.0,156.07974,-100.92026
train,69,106,256.0,157.5965,-98.4035
train,69,107,255.0,163.62823,-91.371765
train,69,108,254.0,170.71341,-83.28659
train,69,109,253.0,178.94736,-74.05264
train,69,110,252.0,185.2958,-66.70419
train,69,111,251.0,187.96915,-63.030853
train,69,112,250.0,185.45186,-64.54814
train,69,113,249.0,178.39526,-70.60474
train,69,114,248.0,172.51587,-75.48413
train,69,115,247.0,167.62587,-79.37413
train,69,116,246.0,174.49368,-71.50632
train,69,117,245.0,184.70526,-60.29474
train,69,118,244.0,188.49779,-55.502213
train,69,119,243.0,184.78821,-58.211792
train,69,120,242.0,183.38147,-58.61853
train,69,121,241.0,181.76505,-59.234955
train,69,122,240.0,179.57129,-60.42871
train,69,123,239.0,179.84987,-59.15013
train,69,124,238.0,186.3568,-51.643204
train,69,125,237.0,187.97476,-49.025238
train,69,126,236.0,188.55566,-47.444336
train,69,127,235.0,190.47845,-44.521545
train,69,128,234.0,191.5809,-42.419098
train,69,129,233.0,188.18765,-44.812347
train,69,130,232.0,182.93106,-49.06894
train,69,131,231.0,171.43552,-59.564484
train,69,132,230.0,163.83719,-66.16281
train,69,133,229.0,153.6369,-75.3631
train,69,134,228.0,153.91888,-74.081116
train,69,135,227.0,156.3841,-70.615906
train,69,136,226.0,158.14098,-67.859024
train,69,137,225.0,161.48553,-63.514465
train,69,138,224.0,171.96329,-52.036713
train,69,139,223.0,180.7664,-42.233597
train,69,140,222.0,171.71786,-50.282135
train,69,141,221.0,166.07494,-54.925064
train,69,142,220.0,154.97174,-65.02826
train,69,143,219.0,152.59456,-66.40544
train,69,144,218.0,149.31781,-68.68219
train,69,145,217.0,156.07025,-60.92975
train,69,146,216.0,158.6855,-57.3145
train,69,147,215.0,161.15259,-53.847412
train,69,148,214.0,166.87692,-47.123077
train,69,149,213.0,164.97635,-48.02365
train,69,150,212.0,164.97488,-47.025116
train,69,151,211.0,162.3984,-48.601593
train,69,152,210.0,160.4682,-49.5318
train,69,153,209.0,149.69157,-59.308426
train,69,154,208.0,149.48422,-58.515778
train,69,155,207.0,149.13385,-57.86615
train,69,156,206.0,156.5607,-49.4393
train,69,157,205.0,158.80609,-46.19391
train,69,158,204.0,156.87717,-47.122833
train,69,159,203.0,152.78833,-50.21167
train,69,160,202.0,150.3078,-51.6922
train,69,161,201.0,145.21556,-55.78444
train,69,162,200.0,143.5012,-56.498795
train,69,163,199.0,144.64928,-54.350723
train,69,164,198.0,148.70062,-49.299377
train,69,165,197.0,152.31305,-44.68695
train,69,166,196.0,161.02568,-34.97432
train,69,167,195.0,163.56415,-31.435852
train,69,168,194.0,164.07623,-29.923767
train,69,169,193.0,156.17355,-36.826447
train,69,170,192.0,158.64041,-33.35959
train,69,171,191.0,152.1102,-38.8898
train,69,172,190.0,153.55795,-36.442047
train,69,173,189.0,157.62566,-31.374344
train,69,174,188.0,163.97073,-24.029266
train,69,175,187.0,176.19,-10.809998
train,69,176,186.0,178.57697,-7.4230347
train,69,177,185.0,177.05576,-7.9442444
train,69,178,184.0,175.04565,-8.954346
train,69,179,183.0,169.4198,-13.5802
train,69,180,182.0,161.81494,-20.185059
train,69,181,181.0,154.69214,-26.307861
train,69,182,180.0,151.5729,-28.427094
train,69,183,179.0,148.82593,-30.174072
train,69,184,178.0,152.14838,-25.851624
train,69,185,177.0,153.38037,-23.619629
train,69,186,176.0,156.66121,-19.33879
train,69,187,175.0,153.94772,-21.052277
train,69,188,174.0,149.48843,-24.511566
train,69,189,173.0,141.23518,-31.764816
train,69,190,172.0,135.11484,-36.885162
train,69,191,171.0,126.632996,-44.367004
train,69,192,170.0,117.281815,-52.718185
train,69,193,169.0,115.277245,-53.722755
train,69,194,168.0,113.20371,-54.796288
train,69,195,167.0,120.47944,-46.52056
train,69,196,166.0,127.6292,-38.370796
train,69,197,165.0,133.55466,-31.445343
train,69,198,164.0,128.25064,-35.74936
train,69,199,163.0,122.93469,-40.065308
train,69,200,162.0,118.00869,-43.99131
train,69,201,161.0,115.03385,-45.96615
train,69,202,160.0,124.67694,-35.32306
train,69,203,159.0,131.94984,-27.050156
train,69,204,158.0,138.66872,-19.331284
train,69,205,157.0,137.66418,-19.335815
train,69,206,156.0,141.48206,-14.517944
train,69,207,155.0,142.89406,-12.105942
train,69,208,154.0,136.9863,-17.013702
train,69,209,153.0,133.17993,-19.820068
train,69,210,152.0,131.09904,-20.900955
train,69,211,151.0,135.67076,-15.329239
train,69,212,150.0,142.16708,-7.8329163
train,69,213,149.0,147.24457,-1.7554321
train,69,214,148.0,150.23273,2.232727
train,69,215,147.0,145.93149,-1.068512
train,69,216,146.0,139.11902,-6.8809814
train,69,217,145.0,130.99162,-14.008377
train,69,218,144.0,129.6655,-14.334503
train,69,219,143.0,131.32166,-11.678345
train,69,220,142.0,128.68738,-13.312622
train,69,221,141.0,127.0156,-13.984398
train,69,222,140.0,128.35576,-11.644241
train,69,223,139.0,130.91592,-8.084076
train,69,224,138.0,134.92258,-3.077423
train,69,225,137.0,138.40286,1.4028625
train,69,226,136.0,136.38086,0.38085938
train,69,227,135.0,138.64471,3.6447144
train,69,228,134.0,145.15205,11.152054
train,69,229,133.0,148.24127,15.241272
train,69,230,132.0,154.77945,22.77945
train,69,231,131.0,151.7002,20.700195
train,69,232,130.0,149.18375,19.183746
train,69,233,129.0,147.16748,18.16748
train,69,234,128.0,144.70813,16.70813
train,69,235,127.0,140.76726,13.767258
train,69,236,126.0,135.08261,9.082611
train,69,237,125.0,131.62738,6.6273804
train,69,238,124.0,137.56116,13.561157
train,69,239,123.0,136.60175,13.601746
train,69,240,122.0,133.75937,11.759369
train,69,241,121.0,133.16638,12.166382
train,69,242,120.0,126.9163,6.916298
train,69,243,119.0,118.53177,-0.4682312
train,69,244,118.0,114.51817,-3.4818268
train,69,245,117.0,113.511604,-3.4883957
train,69,246,116.0,110.44637,-5.553627
train,69,247,115.0,109.72747,-5.2725296
train,69,248,114.0,107.9226,-6.0774
train,69,249,113.0,108.22478,-4.775223
train,69,250,112.0,110.11412,-1.8858795
train,69,251,111.0,113.72361,2.72361
train,69,252,110.0,110.82677,0.82676697
train,69,253,109.0,108.659355,-0.34064484
train,69,254,108.0,101.1234,-6.876602
train,69,255,107.0,99.34178,-7.6582184
train,69,256,106.0,95.92099,-10.07901
train,69,257,105.0,94.99449,-10.005508
train,69,258,104.0,89.86246,-14.137543
train,69,259,103.0,86.13634,-16.863663
train,69,260,102.0,87.076546,-14.923454
train,69,261,101.0,87.9588,-13.041199
train,69,262,100.0,85.887634,-14.112366
train,69,263,99.0,83.83761,-15.162392
train,69,264,98.0,83.23402,-14.765984
train,69,265,97.0,85.65312,-11.346878
train,69,266,96.0,87.32812,-8.671883
train,69,267,95.0,85.715935,-9.284065
train,69,268,94.0,82.191765,-11.808235
train,69,269,93.0,79.1721,-13.827904
train,69,270,92.0,75.818405,-16.181595
train,69,271,91.0,75.38577,-15.614227
train,69,272,90.0,74.27728,-15.722717
train,69,273,89.0,70.77095,-18.22905
train,69,274,88.0,74.12644,-13.873558
train,69,275,87.0,74.108604,-12.891396
train,69,276,86.0,78.030464,-7.969536
train,69,277,85.0,83.618034,-1.3819656
train,69,278,84.0,88.30712,4.3071213
train,69,279,83.0,88.420845,5.420845
train,69,280,82.0,92.65771,10.657707
train,69,281,81.0,95.765274,14.765274
train,69,282,80.0,96.41428,16.414284
train,69,283,79.0,94.10306,15.103058
train,69,284,78.0,94.512215,16.512215
train,69,285,77.0,96.124794,19.124794
train,69,286,76.0,91.39098,15.390984
train,69,287,75.0,85.44164,10.441643
train,69,288,74.0,80.404854,6.404854
train,69,289,73.0,78.184006,5.1840057
train,69,290,72.0,77.868355,5.868355
train,69,291,71.0,72.96469,1.9646912
train,69,292,70.0,73.35225,3.3522491
train,69,293,69.0,72.98618,3.9861832
train,69,294,68.0,67.71061,-0.28939056
train,69,295,67.0,64.71255,-2.2874527
train,69,296,66.0,61.34127,-4.6587296
train,69,297,65.0,58.85221,-6.147789
train,69,298,64.0,57.616043,-6.383957
train,69,299,63.0,55.283985,-7.716015
train,69,300,62.0,56.790688,-5.2093124
train,69,301,61.0,54.60114,-6.398861
train,69,302,60.0,53.566902,-6.433098
train,69,303,59.0,53.78416,-5.2158394
train,69,304,58.0,48.97381,-9.026192
train,69,305,57.0,43.748444,-13.251556
train,69,306,56.0,42.39128,-13.608719
train,69,307,55.0,45.452065,-9.5479355
train,69,308,54.0,50.347275,-3.6527252
train,69,309,53.0,49.284996,-3.715004
train,69,310,52.0,50.358845,-1.6411552
train,69,311,51.0,50.63722,-0.36278152
train,69,312,50.0,47.613323,-2.3866768
train,69,313,49.0,44.899647,-4.1003532
train,69,314,48.0,39.16857,-8.831429
train,69,315,47.0,35.236565,-11.763435
train,69,316,46.0,33.490482,-12.509518
train,69,317,45.0,38.898087,-6.1019135
train,69,318,44.0,44.442005,0.44200516
train,69,319,43.0,47.034893,4.034893
train,69,320,42.0,47.210896,5.2108955
train,69,321,41.0,45.266518,4.2665176
train,69,322,40.0,43.23679,3.2367897
train,69,323,39.0,40.477997,1.4779968
train,69,324,38.0,37.930534,-0.06946564
train,69,325,37.0,35.908943,-1.0910568
train,69,326,36.0,35.766174,-0.23382568
train,69,327,35.0,35.116013,0.11601257
train,69,328,34.0,36.060776,2.0607758
train,69,329,33.0,34.52243,1.5224304
train,69,330,32.0,32.44115,0.44115067
train,69,331,31.0,31.336266,0.33626556
train,69,332,30.0,28.150715,-1.8492851
train,69,333,29.0,26.867893,-2.1321068
train,69,334,28.0,26.890102,-1.1098976
train,69,335,27.0,23.073732,-3.9262676
train,69,336,26.0,22.578503,-3.4214973
train,69,337,25.0,22.09187,-2.9081306
train,69,338,24.0,22.457344,-1.542656
train,69,339,23.0,18.779974,-4.220026
train,69,340,22.0,16.066082,-5.933918
train,69,341,21.0,12.886568,-8.113432
train,69,342,20.0,13.742162,-6.2578382
train,69,343,19.0,13.603458,-5.3965416
train,69,344,18.0,13.295545,-4.7044554
train,69,345,17.0,13.8799095,-3.1200905
train,69,346,16.0,12.774183,-3.2258167
train,69,347,15.0,12.028983,-2.971017
train,69,348,14.0,11.883526,-2.1164742
train,69,349,13.0,9.91422,-3.0857801
train,69,350,12.0,10.535925,-1.4640751
train,69,351,11.0,7.5290213,-3.4709787
train,69,352,10.0,5.603923,-4.396077
train,69,353,9.0,6.724193,-2.275807
train,69,354,8.0,7.2297745,-0.7702255
train,69,355,7.0,7.751848,0.7518482
train,69,356,6.0,6.117084,0.11708403
train,69,357,5.0,3.6438632,-1.3561368
train,69,358,4.0,4.1103888,0.110388756
train,69,359,3.0,1.5062898,-1.4937102
train,69,360,2.0,0.09072026,-1.9092797
train,69,361,1.0,-0.2787973,-1.2787973
train,69,362,0.0,-1.6670362,-1.6670362
train,70,30,107.0,136.14154,29.14154
train,70,31,106.0,130.44629,24.44629
train,70,32,105.0,133.97266,28.972656
train,70,33,104.0,133.95277,29.952774
train,70,34,103.0,137.06587,34.065872
train,70,35,102.0,136.0563,34.056305
train,70,36,101.0,135.74318,34.74318
train,70,37,100.0,134.56085,34.560852
train,70,38,99.0,133.57925,34.579254
train,70,39,98.0,131.32072,33.320724
train,70,40,97.0,131.24257,34.24257
train,70,41,96.0,131.59717,35.597168
train,70,42,95.0,135.51709,40.51709
train,70,43,94.0,139.27818,45.278183
train,70,44,93.0,140.72144,47.721436
train,70,45,92.0,136.40123,44.40123
train,70,46,91.0,132.95447,41.954468
train,70,47,90.0,129.70874,39.70874
train,70,48,89.0,127.51783,38.51783
train,70,49,88.0,130.12802,42.12802
train,70,50,87.0,132.65714,45.657135
train,70,51,86.0,129.73944,43.73944
train,70,52,85.0,124.50181,39.50181
train,70,53,84.0,126.724266,42.724266
train,70,54,83.0,121.645775,38.645775
train,70,55,82.0,122.78831,40.788307
train,70,56,81.0,123.85206,42.85206
train,70,57,80.0,120.11159,40.111588
train,70,58,79.0,114.19968,35.199677
train,70,59,78.0,115.47518,37.47518
train,70,60,77.0,113.53567,36.535667
train,70,61,76.0,113.705185,37.705185
train,70,62,75.0,111.63862,36.63862
train,70,63,74.0,115.51008,41.51008
train,70,64,73.0,117.44962,44.449623
train,70,65,72.0,120.227455,48.227455
train,70,66,71.0,111.811386,40.811386
train,70,67,70.0,105.95966,35.959663
train,70,68,69.0,102.78405,33.78405
train,70,69,68.0,103.92852,35.92852
train,70,70,67.0,99.16008,32.16008
train,70,71,66.0,101.46692,35.46692
train,70,72,65.0,99.35473,34.35473
train,70,73,64.0,97.3234,33.323402
train,70,74,63.0,90.344406,27.344406
train,70,75,62.0,83.35088,21.350883
train,70,76,61.0,83.159775,22.159775
train,70,77,60.0,80.9613,20.961304
train,70,78,59.0,83.21139,24.211388
train,70,79,58.0,86.538124,28.538124
train,70,80,57.0,90.7851,33.785103
train,70,81,56.0,96.49267,40.49267
train,70,82,55.0,102.707825,47.707825
train,70,83,54.0,100.58996,46.58996
train,70,84,53.0,96.740135,43.740135
train,70,85,52.0,88.31008,36.31008
train,70,86,51.0,88.575645,37.575645
train,70,87,50.0,85.60488,35.60488
train,70,88,49.0,90.18764,41.187637
train,70,89,48.0,91.36578,43.365784
train,70,90,47.0,90.80099,43.800987
train,70,91,46.0,87.90853,41.90853
train,70,92,45.0,86.71569,41.71569
train,70,93,44.0,80.47697,36.476967
train,70,94,43.0,78.50184,35.50184
train,70,95,42.0,78.810875,36.810875
train,70,96,41.0,73.318436,32.318436
train,70,97,40.0,69.68154,29.681541
train,70,98,39.0,63.37651,24.37651
train,70,99,38.0,56.386482,18.386482
train,70,100,37.0,48.14189,11.1418915
train,70,101,36.0,40.14841,4.148411
train,70,102,35.0,36.822136,1.8221359
train,70,103,34.0,31.905233,-2.0947666
train,70,104,33.0,26.35742,-6.64258
train,70,105,32.0,26.425924,-5.5740757
train,70,106,31.0,26.898964,-4.101036
train,70,107,30.0,33.808193,3.8081932
train,70,108,29.0,37.976883,8.976883
train,70,109,28.0,33.7946,5.7946014
train,70,110,27.0,29.104235,2.1042347
train,70,111,26.0,23.695509,-2.304491
train,70,112,25.0,24.74439,-0.2556095
train,70,113,24.0,22.018204,-1.9817963
train,70,114,23.0,24.172024,1.1720238
train,70,115,22.0,21.953405,-0.04659462
train,70,116,21.0,25.338562,4.338562
train,70,117,20.0,26.241089,6.241089
train,70,118,19.0,29.4814,10.4814
train,70,119,18.0,29.592222,11.592222
train,70,120,17.0,30.25607,13.256069
train,70,121,16.0,27.251787,11.251787
train,70,122,15.0,26.569847,11.569847
train,70,123,14.0,24.913921,10.913921
train,70,124,13.0,22.182243,9.182243
train,70,125,12.0,19.286777,7.2867775
train,70,126,11.0,15.960178,4.9601784
train,70,127,10.0,15.2126045,5.2126045
train,70,128,9.0,15.040369,6.040369
train,70,129,8.0,13.536015,5.5360146
train,70,130,7.0,9.889053,2.8890533
train,70,131,6.0,9.984631,3.9846306
train,70,132,5.0,8.147509,3.1475086
train,70,133,4.0,7.74755,3.74755
train,70,134,3.0,8.62894,5.6289396
train,70,135,2.0,5.32742,3.3274202
train,70,136,1.0,3.5495925,2.5495925
train,70,137,0.0,3.2728016,3.2728016
train,71,30,178.0,133.01077,-44.989227
train,71,31,177.0,129.02713,-47.97287
train,71,32,176.0,130.65958,-45.340424
train,71,33,175.0,132.7874,-42.2126
train,71,34,174.0,141.505,-32.494995
train,71,35,173.0,148.76068,-24.239319
train,71,36,172.0,154.9592,-17.040802
train,71,37,171.0,158.3441,-12.655899
train,71,38,170.0,162.19034,-7.809662
train,71,39,169.0,156.44492,-12.555084
train,71,40,168.0,151.05502,-16.944977
train,71,41,167.0,145.03613,-21.963867
train,71,42,166.0,142.57932,-23.420685
train,71,43,165.0,141.18842,-23.811584
train,71,44,164.0,141.86404,-22.135956
train,71,45,163.0,137.5227,-25.477295
train,71,46,162.0,138.8082,-23.191803
train,71,47,161.0,143.33171,-17.66829
train,71,48,160.0,150.64249,-9.357513
train,71,49,159.0,158.51697,-0.48303223
train,71,50,158.0,162.78525,4.785248
train,71,51,157.0,163.9896,6.9895935
train,71,52,156.0,154.2343,-1.7657013
train,71,53,155.0,150.9537,-4.046295
train,71,54,154.0,146.87526,-7.1247406
train,71,55,153.0,140.33951,-12.660492
train,71,56,152.0,138.94717,-13.052826
train,71,57,151.0,132.2074,-18.792603
train,71,58,150.0,134.39706,-15.602936
train,71,59,149.0,136.14197,-12.858032
train,71,60,148.0,134.94547,-13.054535
train,71,61,147.0,140.48792,-6.512085
train,71,62,146.0,144.80203,-1.1979675
train,71,63,145.0,144.32697,-0.67303467
train,71,64,144.0,151.33882,7.3388214
train,71,65,143.0,151.18742,8.187424
train,71,66,142.0,152.01898,10.018982
train,71,67,141.0,157.25435,16.254349
train,71,68,140.0,163.69363,23.693634
train,71,69,139.0,163.27324,24.27324
train,71,70,138.0,171.2869,33.286896
train,71,71,137.0,175.3932,38.393204
train,71,72,136.0,173.04172,37.041718
train,71,73,135.0,172.758,37.757996
train,71,74,134.0,168.39842,34.398422
train,71,75,133.0,162.264,29.264008
train,71,76,132.0,156.94446,24.944458
train,71,77,131.0,156.77322,25.773224
train,71,78,130.0,156.36386,26.363861
train,71,79,129.0,156.00772,27.00772
train,71,80,128.0,156.36005,28.360046
train,71,81,127.0,152.20877,25.20877
train,71,82,126.0,146.0321,20.032104
train,71,83,125.0,138.24106,13.241058
train,71,84,124.0,127.585266,3.585266
train,71,85,123.0,117.47733,-5.522667
train,71,86,122.0,110.743034,-11.256966
train,71,87,121.0,107.92466,-13.07534
train,71,88,120.0,107.13862,-12.861382
train,71,89,119.0,110.3716,-8.628403
train,71,90,118.0,115.155815,-2.8441849
train,71,91,117.0,113.37924,-3.620758
train,71,92,116.0,111.80082,-4.1991806
train,71,93,115.0,104.166405,-10.833595
train,71,94,114.0,101.28649,-12.713509
train,71,95,113.0,105.14789,-7.852112
train,71,96,112.0,106.983345,-5.016655
train,71,97,111.0,114.22367,3.223671
train,71,98,110.0,122.35973,12.359734
train,71,99,109.0,129.54517,20.545166
train,71,100,108.0,134.71451,26.714508
train,71,101,107.0,136.67409,29.674088
train,71,102,106.0,138.507,32.507004
train,71,103,105.0,138.09749,33.09749
train,71,104,104.0,137.52722,33.52722
train,71,105,103.0,135.91736,32.91736
train,71,106,102.0,139.55159,37.55159
train,71,107,101.0,139.58755,38.587555
train,71,108,100.0,141.16441,41.164413
train,71,109,99.0,139.23279,40.232788
train,71,110,98.0,134.08507,36.085068
train,71,111,97.0,131.2432,34.243195
train,71,112,96.0,123.67143,27.671432
train,71,113,95.0,116.17802,21.178017
train,71,114,94.0,113.2956,19.2956
train,71,115,93.0,111.81518,18.815178
train,71,116,92.0,115.65909,23.659088
train,71,117,91.0,120.87203,29.872032
train,71,118,90.0,119.86364,29.86364
train,71,119,89.0,122.67205,33.67205
train,71,120,88.0,124.2423,36.242302
train,71,121,87.0,120.45478,33.45478
train,71,122,86.0,116.3895,30.389503
train,71,123,85.0,105.527824,20.527824
train,71,124,84.0,95.74168,11.741676
train,71,125,83.0,89.52865,6.5286484
train,71,126,82.0,83.47128,1.471283
train,71,127,81.0,81.45939,0.45938873
train,71,128,80.0,79.9306,-0.06939697
train,71,129,79.0,80.66987,1.6698685
train,71,130,78.0,85.415665,7.4156647
train,71,131,77.0,96.88322,19.883217
train,71,132,76.0,106.63184,30.631844
train,71,133,75.0,106.347694,31.347694
train,71,134,74.0,106.04012,32.040123
train,71,135,73.0,104.50547,31.50547
train,71,136,72.0,100.63297,28.632973
train,71,137,71.0,96.72338,25.723381
train,71,138,70.0,91.438576,21.438576
train,71,139,69.0,88.38689,19.386887
train,71,140,68.0,90.05598,22.055977
train,71,141,67.0,91.19776,24.197762
train,71,142,66.0,93.607834,27.607834
train,71,143,65.0,96.66454,31.664543
train,71,144,64.0,102.95163,38.95163
train,71,145,63.0,102.29685,39.296852
train,71,146,62.0,104.48339,42.48339
train,71,147,61.0,100.65536,39.655357
train,71,148,60.0,97.44047,37.440468
train,71,149,59.0,90.544365,31.544365
train,71,150,58.0,84.55323,26.55323
train,71,151,57.0,83.57417,26.574173
train,71,152,56.0,80.066414,24.066414
train,71,153,55.0,75.3426,20.342598
train,71,154,54.0,69.95178,15.951782
train,71,155,53.0,65.93389,12.933891
train,71,156,52.0,65.18239,13.182388
train,71,157,51.0,63.201416,12.201416
train,71,158,50.0,65.03214,15.032143
train,71,159,49.0,69.32302,20.32302
train,71,160,48.0,69.633965,21.633965
train,71,161,47.0,67.6619,20.661903
train,71,162,46.0,63.762886,17.762886
train,71,163,45.0,57.752518,12.752518
train,71,164,44.0,53.57523,9.57523
train,71,165,43.0,53.10375,10.103748
train,71,166,42.0,47.943657,5.943657
train,71,167,41.0,45.32888,4.3288803
train,71,168,40.0,46.245438,6.2454376
train,71,169,39.0,47.676678,8.676678
train,71,170,38.0,48.194195,10.194195
train,71,171,37.0,47.36461,10.364609
train,71,172,36.0,44.81083,8.810829
train,71,173,35.0,40.63313,5.633129
train,71,174,34.0,37.364094,3.3640938
train,71,175,33.0,33.963715,0.9637146
train,71,176,32.0,27.85228,-4.1477203
train,71,177,31.0,26.347748,-4.652252
train,71,178,30.0,26.188368,-3.8116322
train,71,179,29.0,22.85978,-6.1402206
train,71,180,28.0,20.663609,-7.3363914
train,71,181,27.0,16.417505,-10.582495
train,71,182,26.0,16.075508,-9.924492
train,71,183,25.0,13.750923,-11.249077
train,71,184,24.0,14.148319,-9.851681
train,71,185,23.0,14.324159,-8.675841
train,71,186,22.0,16.10371,-5.89629
train,71,187,21.0,16.316826,-4.683174
train,71,188,20.0,16.499317,-3.5006828
train,71,189,19.0,13.80992,-5.1900797
train,71,190,18.0,13.431643,-4.5683575
train,71,191,17.0,13.451986,-3.5480137
train,71,192,16.0,11.765913,-4.234087
train,71,193,15.0,12.412337,-2.5876627
train,71,194,14.0,10.104127,-3.895873
train,71,195,13.0,10.884003,-2.1159973
train,71,196,12.0,12.816061,0.816061
train,71,197,11.0,10.637874,-0.36212635
train,71,198,10.0,12.738804,2.7388039
train,71,199,9.0,12.615261,3.615261
train,71,200,8.0,12.797102,4.797102
train,71,201,7.0,12.390818,5.3908176
train,71,202,6.0,10.699043,4.6990433
train,71,203,5.0,8.925238,3.9252377
train,71,204,4.0,7.822638,3.822638
train,71,205,3.0,9.794569,6.794569
train,71,206,2.0,9.280869,7.2808685
train,71,207,1.0,9.788725,8.788725
train,71,208,0.0,5.3362455,5.3362455
train,72,30,183.0,191.10156,8.1015625
train,72,31,182.0,182.62497,0.6249695
train,72,32,181.0,179.50342,-1.496582
train,72,33,180.0,177.58568,-2.414322
train,72,34,179.0,184.20941,5.2094116
train,72,35,178.0,188.63177,10.631775
train,72,36,177.0,192.6646,15.664597
train,72,37,176.0,191.49486,15.494858
train,72,38,175.0,188.65164,13.651642
train,72,39,174.0,183.39542,9.395416
train,72,40,173.0,180.03793,7.0379333
train,72,41,172.0,183.28542,11.285416
train,72,42,171.0,184.21445,13.214447
train,72,43,170.0,184.17296,14.172958
train,72,44,169.0,178.04636,9.046356
train,72,45,168.0,169.62459,1.624588
train,72,46,167.0,162.21619,-4.7838135
train,72,47,166.0,164.30766,-1.692337
train,72,48,165.0,160.25745,-4.7425537
train,72,49,164.0,157.76749,-6.2325134
train,72,50,163.0,161.75674,-1.2432556
train,72,51,162.0,169.40674,7.4067383
train,72,52,161.0,172.37366,11.373657
train,72,53,160.0,172.87326,12.8732605
train,72,54,159.0,170.53156,11.531555
train,72,55,158.0,167.75085,9.7508545
train,72,56,157.0,163.465,6.4649963
train,72,57,156.0,152.08736,-3.9126434
train,72,58,155.0,146.39677,-8.603226
train,72,59,154.0,139.90964,-14.090363
train,72,60,153.0,138.06187,-14.938126
train,72,61,152.0,136.3127,-15.687302
train,72,62,151.0,133.82217,-17.177826
train,72,63,150.0,136.97705,-13.022949
train,72,64,149.0,141.11002,-7.889984
train,72,65,148.0,141.66148,-6.338516
train,72,66,147.0,143.93059,-3.0694122
train,72,67,146.0,153.63838,7.638382
train,72,68,145.0,156.3563,11.356293
train,72,69,144.0,166.22987,22.229874
train,72,70,143.0,172.34988,29.349884
train,72,71,142.0,175.1442,33.144196
train,72,72,141.0,174.79765,33.797653
train,72,73,140.0,163.90675,23.906754
train,72,74,139.0,167.06671,28.066711
train,72,75,138.0,169.37718,31.377182
train,72,76,137.0,172.2858,35.285797
train,72,77,136.0,166.245,30.244995
train,72,78,135.0,167.90295,32.902954
train,72,79,134.0,168.41222,34.412216
train,72,80,133.0,172.45007,39.450073
train,72,81,132.0,179.32855,47.328552
train,72,82,131.0,176.31088,45.310883
train,72,83,130.0,176.39133,46.391327
train,72,84,129.0,183.7496,54.749603
train,72,85,128.0,185.85832,57.858322
train,72,86,127.0,183.46288,56.462875
train,72,87,126.0,183.07626,57.076263
train,72,88,125.0,172.67517,47.67517
train,72,89,124.0,165.97766,41.97766
train,72,90,123.0,158.25067,35.25067
train,72,91,122.0,159.41374,37.413742
train,72,92,121.0,152.04732,31.047318
train,72,93,120.0,148.533,28.533005
train,72,94,119.0,148.86032,29.860321
train,72,95,118.0,147.15074,29.150742
train,72,96,117.0,138.87427,21.874268
train,72,97,116.0,133.82344,17.82344
train,72,98,115.0,141.09561,26.095612
train,72,99,114.0,140.21811,26.21811
train,72,100,113.0,140.83359,27.833588
train,72,101,112.0,142.31238,30.312378
train,72,102,111.0,145.1885,34.188507
train,72,103,110.0,143.77727,33.777267
train,72,104,109.0,140.56058,31.560577
train,72,105,108.0,132.60834,24.608337
train,72,106,107.0,127.566376,20.566376
train,72,107,106.0,129.43472,23.434723
train,72,108,105.0,125.28392,20.28392
train,72,109,104.0,124.92133,20.921333
train,72,110,103.0,124.389946,21.389946
train,72,111,102.0,119.83666,17.836662
train,72,112,101.0,123.61412,22.61412
train,72,113,100.0,129.95258,29.952576
train,72,114,99.0,132.52805,33.528046
train,72,115,98.0,129.45776,31.457764
train,72,116,97.0,131.0997,34.0997
train,72,117,96.0,129.83887,33.838867
train,72,118,95.0,136.98245,41.982452
train,72,119,94.0,139.05681,45.05681
train,72,120,93.0,142.33185,49.33185
train,72,121,92.0,143.80878,51.808777
train,72,122,91.0,143.15186,52.151855
train,72,123,90.0,140.22546,50.225464
train,72,124,89.0,135.19855,46.198547
train,72,125,88.0,132.18616,44.186157
train,72,126,87.0,131.10098,44.100983
train,72,127,86.0,126.10442,40.104424
train,72,128,85.0,123.21455,38.214546
train,72,129,84.0,119.9302,35.9302
train,72,130,83.0,107.587944,24.587944
train,72,131,82.0,104.413864,22.413864
train,72,132,81.0,104.29193,23.291931
train,72,133,80.0,97.47532,17.475319
train,72,134,79.0,91.61773,12.617729
train,72,135,78.0,83.2237,5.2237015
train,72,136,77.0,84.34093,7.340927
train,72,137,76.0,81.64566,5.6456604
train,72,138,75.0,75.422775,0.42277527
train,72,139,74.0,76.14795,2.1479492
train,72,140,73.0,71.708336,-1.2916641
train,72,141,72.0,71.22449,-0.7755127
train,72,142,71.0,67.59205,-3.4079514
train,72,143,70.0,63.464592,-6.535408
train,72,144,69.0,62.91138,-6.088619
train,72,145,68.0,64.09634,-3.9036636
train,72,146,67.0,62.817837,-4.1821632
train,72,147,66.0,68.86987,2.869873
train,72,148,65.0,76.598045,11.598045
train,72,149,64.0,85.22205,21.222054
train,72,150,63.0,96.258545,33.258545
train,72,151,62.0,100.6589,38.658897
train,72,152,61.0,102.09562,41.09562
train,72,153,60.0,103.519455,43.519455
train,72,154,59.0,99.17439,40.174393
train,72,155,58.0,95.99528,37.995277
train,72,156,57.0,91.18604,34.186043
train,72,157,56.0,86.34977,30.34977
train,72,158,55.0,88.37609,33.37609
train,72,159,54.0,84.55088,30.55088
train,72,160,53.0,81.86229,28.86229
train,72,161,52.0,74.02105,22.02105
train,72,162,51.0,67.81782,16.817818
train,72,163,50.0,63.036037,13.036037
train,72,164,49.0,56.44275,7.442749
train,72,165,48.0,56.907536,8.907536
train,72,166,47.0,57.717865,10.717865
train,72,167,46.0,51.86154,5.8615417
train,72,168,45.0,44.854763,-0.14523697
train,72,169,44.0,39.680447,-4.3195534
train,72,170,43.0,33.469673,-9.530327
train,72,171,42.0,31.561886,-10.438114
train,72,172,41.0,32.35589,-8.644112
train,72,173,40.0,32.995804,-7.004196
train,72,174,39.0,36.876705,-2.1232948
train,72,175,38.0,36.35965,-1.6403503
train,72,176,37.0,37.750427,0.75042725
train,72,177,36.0,36.459282,0.45928192
train,72,178,35.0,33.682354,-1.317646
train,72,179,34.0,34.406525,0.40652466
train,72,180,33.0,30.039913,-2.9600868
train,72,181,32.0,27.823727,-4.1762733
train,72,182,31.0,34.431786,3.4317856
train,72,183,30.0,37.616768,7.616768
train,72,184,29.0,36.55912,7.55912
train,72,185,28.0,39.087692,11.087692
train,72,186,27.0,38.34609,11.346088
train,72,187,26.0,39.378418,13.378418
train,72,188,25.0,36.93882,11.93882
train,72,189,24.0,34.68653,10.686531
train,72,190,23.0,33.91765,10.917648
train,72,191,22.0,31.503023,9.503023
train,72,192,21.0,32.612015,11.612015
train,72,193,20.0,31.397285,11.397285
train,72,194,19.0,28.970982,9.970982
train,72,195,18.0,27.591156,9.591156
train,72,196,17.0,24.347115,7.3471146
train,72,197,16.0,19.086264,3.0862637
train,72,198,15.0,21.196215,6.1962147
train,72,199,14.0,19.031437,5.031437
train,72,200,13.0,19.860447,6.860447
train,72,201,12.0,18.77501,6.775009
train,72,202,11.0,17.362232,6.362232
train,72,203,10.0,14.939351,4.939351
train,72,204,9.0,12.190388,3.1903877
train,72,205,8.0,7.8392463,-0.16075373
train,72,206,7.0,4.746023,-2.2539768
train,72,207,6.0,4.652751,-1.347249
train,72,208,5.0,4.3662434,-0.63375664
train,72,209,4.0,3.01569,-0.9843099
train,72,210,3.0,-0.18466751,-3.1846676
train,72,211,2.0,4.3678246,2.3678246
train,72,212,1.0,3.1009614,2.1009614
train,72,213,0.0,0.2880827,0.2880827
train,74,30,136.0,167.71762,31.71762
train,74,31,135.0,174.195,39.195007
train,74,32,134.0,173.35706,39.357056
train,74,33,133.0,169.92606,36.926056
train,74,34,132.0,162.72852,30.728516
train,74,35,131.0,156.64133,25.641327
train,74,36,130.0,152.5931,22.593094
train,74,37,129.0,146.4169,17.4169
train,74,38,128.0,143.65675,15.656754
train,74,39,127.0,141.49127,14.491272
train,74,40,126.0,134.48276,8.482758
train,74,41,125.0,132.90411,7.904114
train,74,42,124.0,132.89496,8.8949585
train,74,43,123.0,131.27065,8.270645
train,74,44,122.0,129.75485,7.7548523
train,74,45,121.0,130.71083,9.710831
train,74,46,120.0,137.31775,17.317749
train,74,47,119.0,139.78635,20.786346
train,74,48,118.0,138.81042,20.810425
train,74,49,117.0,134.79773,17.79773
train,74,50,116.0,127.918144,11.918144
train,74,51,115.0,119.84356,4.8435593
train,74,52,114.0,118.86122,4.8612213
train,74,53,113.0,111.06434,-1.9356613
train,74,54,112.0,105.89943,-6.1005707
train,74,55,111.0,108.09794,-2.9020615
train,74,56,110.0,118.246864,8.246864
train,74,57,109.0,125.48158,16.481583
train,74,58,108.0,131.07396,23.07396
train,74,59,107.0,133.3292,26.329193
train,74,60,106.0,133.6549,27.654907
train,74,61,105.0,129.38031,24.38031
train,74,62,104.0,124.01444,20.014442
train,74,63,103.0,122.743416,19.743416
train,74,64,102.0,116.440216,14.440216
train,74,65,101.0,114.11556,13.115562
train,74,66,100.0,118.33423,18.334229
train,74,67,99.0,108.663795,9.663795
train,74,68,98.0,101.39748,3.3974762
train,74,69,97.0,99.44163,2.4416275
train,74,70,96.0,91.918205,-4.0817947
train,74,71,95.0,94.37767,-0.6223297
train,74,72,94.0,95.43802,1.4380188
train,74,73,93.0,98.36939,5.3693924
train,74,74,92.0,104.82752,12.827522
train,74,75,91.0,117.148346,26.148346
train,74,76,90.0,127.76385,37.763847
train,74,77,89.0,137.41966,48.419662
train,74,78,88.0,136.78198,48.781982
train,74,79,87.0,133.58958,46.589584
train,74,80,86.0,125.46683,39.466827
train,74,81,85.0,116.3991,31.399101
train,74,82,84.0,106.89275,22.892754
train,74,83,83.0,106.53973,23.539726
train,74,84,82.0,109.965996,27.965996
train,74,85,81.0,103.3462,22.346199
train,74,86,80.0,100.8265,20.8265
train,74,87,79.0,95.95141,16.951408
train,74,88,78.0,101.04369,23.043694
train,74,89,77.0,101.1842,24.184196
train,74,90,76.0,97.36719,21.367188
train,74,91,75.0,98.09103,23.091026
train,74,92,74.0,101.96329,27.963287
train,74,93,73.0,106.42681,33.42681
train,74,94,72.0,109.804054,37.804054
train,74,95,71.0,109.92635,38.926353
train,74,96,70.0,106.1206,36.120598
train,74,97,69.0,100.14361,31.143608
train,74,98,68.0,91.2803,23.280296
train,74,99,67.0,79.95678,12.9567795
train,74,100,66.0,75.996544,9.996544
train,74,101,65.0,75.53749,10.537491
train,74,102,64.0,74.06537,10.065369
train,74,103,63.0,81.39572,18.395721
train,74,104,62.0,96.59852,34.59852
train,74,105,61.0,107.01905,46.01905
train,74,106,60.0,115.51757,55.51757
train,74,107,59.0,117.352036,58.352036
train,74,108,58.0,118.0747,60.0747
train,74,109,57.0,111.36777,54.367767
train,74,110,56.0,104.54316,48.54316
train,74,111,55.0,94.33907,39.339073
train,74,112,54.0,86.78868,32.78868
train,74,113,53.0,82.02745,29.02745
train,74,114,52.0,77.20539,25.20539
train,74,115,51.0,70.778145,19.778145
train,74,116,50.0,67.10492,17.10492
train,74,117,49.0,61.833447,12.8334465
train,74,118,48.0,60.129715,12.129715
train,74,119,47.0,56.29506,9.295059
train,74,120,46.0,56.733673,10.733673
train,74,121,45.0,62.286354,17.286354
train,74,122,44.0,62.224007,18.224007
train,74,123,43.0,62.760113,19.760113
train,74,124,42.0,64.850975,22.850975
train,74,125,41.0,62.17351,21.173512
train,74,126,40.0,59.936234,19.936234
train,74,127,39.0,56.47703,17.477032
train,74,128,38.0,49.869034,11.869034
train,74,129,37.0,46.45894,9.458939
train,74,130,36.0,43.768463,7.768463
train,74,131,35.0,43.04965,8.049648
train,74,132,34.0,44.47547,10.4754715
train,74,133,33.0,48.76043,15.760429
train,74,134,32.0,51.78276,19.78276
train,74,135,31.0,56.5299,25.5299
train,74,136,30.0,56.827232,26.827232
train,74,137,29.0,56.29718,27.29718
train,74,138,28.0,50.369827,22.369827
train,74,139,27.0,45.37768,18.377682
train,74,140,26.0,44.457962,18.457962
train,74,141,25.0,41.28788,16.28788
train,74,142,24.0,38.128944,14.128944
train,74,143,23.0,34.13658,11.136581
train,74,144,22.0,30.899529,8.8995285
train,74,145,21.0,32.424168,11.424168
train,74,146,20.0,31.277367,11.277367
train,74,147,19.0,29.182756,10.182756
train,74,148,18.0,27.226482,9.226482
train,74,149,17.0,24.641102,7.641102
train,74,150,16.0,22.538021,6.538021
train,74,151,15.0,22.780746,7.7807465
train,74,152,14.0,20.422115,6.4221153
train,74,153,13.0,20.472488,7.4724884
train,74,154,12.0,22.274792,10.274792
train,74,155,11.0,22.809816,11.809816
train,74,156,10.0,18.652163,8.652163
train,74,157,9.0,16.132948,7.132948
train,74,158,8.0,16.682114,8.682114
train,74,159,7.0,14.363119,7.363119
train,74,160,6.0,12.627402,6.6274023
train,74,161,5.0,10.947644,5.947644
train,74,162,4.0,9.323861,5.323861
train,74,163,3.0,7.2425947,4.2425947
train,74,164,2.0,4.4031444,2.4031444
train,74,165,1.0,4.8206186,3.8206186
train,74,166,0.0,3.2731164,3.2731164
train,75,30,199.0,170.16724,-28.832764
train,75,31,198.0,170.42964,-27.570358
train,75,32,197.0,171.44089,-25.559113
train,75,33,196.0,163.61923,-32.380768
train,75,34,195.0,159.66371,-35.33629
train,75,35,194.0,150.14545,-43.854553
train,75,36,193.0,150.59375,-42.40625
train,75,37,192.0,154.99387,-37.006134
train,75,38,191.0,156.22699,-34.77301
train,75,39,190.0,160.60185,-29.398148
train,75,40,189.0,164.70654,-24.293457
train,75,41,188.0,173.73529,-14.264709
train,75,42,187.0,176.4335,-10.566498
train,75,43,186.0,184.43304,-1.5669556
train,75,44,185.0,186.57477,1.5747681
train,75,45,184.0,181.62971,-2.370285
train,75,46,183.0,175.75174,-7.2482605
train,75,47,182.0,169.19441,-12.805588
train,75,48,181.0,165.45451,-15.545486
train,75,49,180.0,166.7145,-13.285507
train,75,50,179.0,168.34494,-10.65506
train,75,51,178.0,170.25284,-7.747162
train,75,52,177.0,170.50653,-6.493469
train,75,53,176.0,172.34299,-3.657013
train,75,54,175.0,172.46405,-2.5359497
train,75,55,174.0,172.46535,-1.5346527
train,75,56,173.0,175.01367,2.0136719
train,75,57,172.0,180.78836,8.788361
train,75,58,171.0,179.37292,8.372925
train,75,59,170.0,179.91257,9.912567
train,75,60,169.0,179.58948,10.589478
train,75,61,168.0,174.70267,6.702667
train,75,62,167.0,166.69777,-0.30223083
train,75,63,166.0,160.31422,-5.6857758
train,75,64,165.0,152.63976,-12.360245
train,75,65,164.0,154.2761,-9.723907
train,75,66,163.0,161.24307,-1.7569275
train,75,67,162.0,167.77335,5.773346
train,75,68,161.0,173.95584,12.955841
train,75,69,160.0,177.48418,17.484177
train,75,70,159.0,177.77896,18.778961
train,75,71,158.0,175.13074,17.130737
train,75,72,157.0,170.3121,13.312103
train,75,73,156.0,159.11685,3.1168518
train,75,74,155.0,155.52762,0.5276184
train,75,75,154.0,153.70941,-0.29058838
train,75,76,153.0,156.18561,3.185608
train,75,77,152.0,152.20009,0.2000885
train,75,78,151.0,147.24649,-3.7535095
train,75,79,150.0,141.13838,-8.861618
train,75,80,149.0,139.70132,-9.298676
train,75,81,148.0,134.46216,-13.537842
train,75,82,147.0,124.328804,-22.671196
train,75,83,146.0,119.490776,-26.509224
train,75,84,145.0,116.886826,-28.113174
train,75,85,144.0,118.7753,-25.2247
train,75,86,143.0,123.371895,-19.628105
train,75,87,142.0,127.81665,-14.18335
train,75,88,141.0,132.18604,-8.813965
train,75,89,140.0,128.83539,-11.164612
train,75,90,139.0,127.51826,-11.481743
train,75,91,138.0,122.89027,-15.109734
train,75,92,137.0,120.55529,-16.44471
train,75,93,136.0,123.69102,-12.308983
train,75,94,135.0,122.63449,-12.365509
train,75,95,134.0,124.01883,-9.981171
train,75,96,133.0,124.127785,-8.872215
train,75,97,132.0,125.38126,-6.6187363
train,75,98,131.0,126.421844,-4.5781555
train,75,99,130.0,133.07272,3.0727234
train,75,100,129.0,133.63852,4.6385193
train,75,101,128.0,138.91151,10.911514
train,75,102,127.0,142.87059,15.87059
train,75,103,126.0,150.37408,24.374084
train,75,104,125.0,150.30115,25.301147
train,75,105,124.0,147.87994,23.879944
train,75,106,123.0,148.55035,25.550354
train,75,107,122.0,145.59842,23.59842
train,75,108,121.0,139.45432,18.454315
train,75,109,120.0,133.77484,13.774841
train,75,110,119.0,126.1287,7.1287003
train,75,111,118.0,120.33255,2.33255
train,75,112,117.0,119.89147,2.8914719
train,75,113,116.0,116.87486,0.8748627
train,75,114,115.0,114.934166,-0.065834045
train,75,115,114.0,112.52123,-1.4787674
train,75,116,113.0,109.76002,-3.2399826
train,75,117,112.0,107.82865,-4.1713486
train,75,118,111.0,108.553314,-2.4466858
train,75,119,110.0,106.33346,-3.666542
train,75,120,109.0,104.66996,-4.33004
train,75,121,108.0,102.85696,-5.1430435
train,75,122,107.0,100.435616,-6.5643845
train,75,123,106.0,95.20528,-10.7947235
train,75,124,105.0,92.12398,-12.876022
train,75,125,104.0,93.49668,-10.503319
train,75,126,103.0,95.45052,-7.5494766
train,75,127,102.0,94.29619,-7.7038116
train,75,128,101.0,95.36933,-5.6306686
train,75,129,100.0,97.610054,-2.389946
train,75,130,99.0,96.740425,-2.259575
train,75,131,98.0,93.71116,-4.2888412
train,75,132,97.0,92.782364,-4.217636
train,75,133,96.0,93.0221,-2.9778976
train,75,134,95.0,95.9125,0.9124985
train,75,135,94.0,100.25196,6.2519608
train,75,136,93.0,100.24827,7.248268
train,75,137,92.0,96.310875,4.310875
train,75,138,91.0,92.18547,1.1854706
train,75,139,90.0,83.865,-6.135002
train,75,140,89.0,82.38368,-6.6163177
train,75,141,88.0,76.087944,-11.912056
train,75,142,87.0,71.595955,-15.404045
train,75,143,86.0,68.96513,-17.034866
train,75,144,85.0,68.72582,-16.274178
train,75,145,84.0,69.06394,-14.936058
train,75,146,83.0,68.45327,-14.54673
train,75,147,82.0,69.06147,-12.93853
train,75,148,81.0,72.63572,-8.364281
train,75,149,80.0,69.82266,-10.177338
train,75,150,79.0,69.47213,-9.52787
train,75,151,78.0,71.46586,-6.5341415
train,75,152,77.0,69.44761,-7.552391
train,75,153,76.0,71.38962,-4.610382
train,75,154,75.0,78.086334,3.0863342
train,75,155,74.0,81.151855,7.1518555
train,75,156,73.0,83.571724,10.571724
train,75,157,72.0,85.78063,13.780632
train,75,158,71.0,89.68846,18.688461
train,75,159,70.0,88.47365,18.473648
train,75,160,69.0,92.030624,23.030624
train,75,161,68.0,94.776115,26.776115
train,75,162,67.0,96.306755,29.306755
train,75,163,66.0,96.62238,30.622383
train,75,164,65.0,91.77097,26.770973
train,75,165,64.0,87.81153,23.811531
train,75,166,63.0,84.286095,21.286095
train,75,167,62.0,78.65989,16.65989
train,75,168,61.0,76.37556,15.375557
train,75,169,60.0,74.36126,14.361259
train,75,170,59.0,72.09803,13.09803
train,75,171,58.0,68.560135,10.560135
train,75,172,57.0,67.77147,10.771469
train,75,173,56.0,64.82545,8.825447
train,75,174,55.0,64.243484,9.2434845
train,75,175,54.0,60.704758,6.7047577
train,75,176,53.0,57.899475,4.899475
train,75,177,52.0,53.167286,1.1672859
train,75,178,51.0,51.552383,0.5523834
train,75,179,50.0,48.605003,-1.3949966
train,75,180,49.0,49.214394,0.21439362
train,75,181,48.0,50.713203,2.7132034
train,75,182,47.0,49.64875,2.6487503
train,75,183,46.0,45.166283,-0.83371735
train,75,184,45.0,44.332138,-0.66786194
train,75,185,44.0,42.77012,-1.2298813
train,75,186,43.0,42.163177,-0.8368225
train,75,187,42.0,40.55587,-1.44413
train,75,188,41.0,39.79278,-1.2072182
train,75,189,40.0,37.961586,-2.038414
train,75,190,39.0,37.74282,-1.2571793
train,75,191,38.0,38.497513,0.49751282
train,75,192,37.0,37.39232,0.39231873
train,75,193,36.0,33.05011,-2.9498901
train,75,194,35.0,32.161232,-2.838768
train,75,195,34.0,30.979946,-3.0200539
train,75,196,33.0,32.961334,-0.03866577
train,75,197,32.0,35.309364,3.3093643
train,75,198,31.0,33.843422,2.843422
train,75,199,30.0,27.82729,-2.1727104
train,75,200,29.0,26.202724,-2.7972755
train,75,201,28.0,24.493103,-3.506897
train,75,202,27.0,22.362898,-4.637102
train,75,203,26.0,21.35136,-4.6486397
train,75,204,25.0,19.11818,-5.8818207
train,75,205,24.0,16.774862,-7.2251377
train,75,206,23.0,15.140642,-7.859358
train,75,207,22.0,13.303893,-8.696107
train,75,208,21.0,13.379894,-7.6201057
train,75,209,20.0,13.007507,-6.9924927
train,75,210,19.0,12.254408,-6.745592
train,75,211,18.0,9.676161,-8.323839
train,75,212,17.0,10.035679,-6.964321
train,75,213,16.0,11.307919,-4.6920815
train,75,214,15.0,9.044628,-5.955372
train,75,215,14.0,9.040159,-4.959841
train,75,216,13.0,7.54774,-5.45226
train,75,217,12.0,8.311622,-3.6883783
train,75,218,11.0,8.504356,-2.4956436
train,75,219,10.0,6.167736,-3.832264
train,75,220,9.0,5.521635,-3.478365
train,75,221,8.0,4.458658,-3.5413418
train,75,222,7.0,3.627465,-3.372535
train,75,223,6.0,3.3840485,-2.6159515
train,75,224,5.0,1.8560523,-3.1439476
train,75,225,4.0,2.347046,-1.6529541
train,75,226,3.0,1.7393473,-1.2606527
train,75,227,2.0,-1.1199605,-3.1199605
train,75,228,1.0,-1.7056814,-2.7056813
train,75,229,0.0,-2.577807,-2.577807
train,77,30,124.0,140.68979,16.689789
train,77,31,123.0,137.19559,14.195587
train,77,32,122.0,136.0014,14.001404
train,77,33,121.0,123.908485,2.9084854
train,77,34,120.0,114.833824,-5.166176
train,77,35,119.0,105.12223,-13.877769
train,77,36,118.0,99.74651,-18.253487
train,77,37,117.0,99.72686,-17.27314
train,77,38,116.0,97.567085,-18.432915
train,77,39,115.0,99.21635,-15.783653
train,77,40,114.0,101.52671,-12.4732895
train,77,41,113.0,101.52817,-11.471832
train,77,42,112.0,105.90359,-6.0964127
train,77,43,111.0,118.12337,7.1233673
train,77,44,110.0,129.6258,19.625793
train,77,45,109.0,134.27533,25.27533
train,77,46,108.0,142.42722,34.427216
train,77,47,107.0,146.80692,39.806915
train,77,48,106.0,149.80417,43.80417
train,77,49,105.0,152.9892,47.989197
train,77,50,104.0,155.56508,51.56508
train,77,51,103.0,154.51492,51.514923
train,77,52,102.0,151.61783,49.61783
train,77,53,101.0,156.3226,55.3226
train,77,54,100.0,158.67958,58.67958
train,77,55,99.0,158.13187,59.131866
train,77,56,98.0,158.77426,60.77426
train,77,57,97.0,163.18025,66.18025
train,77,58,96.0,163.24936,67.24936
train,77,59,95.0,163.97807,68.97807
train,77,60,94.0,157.7491,63.7491
train,77,61,93.0,146.05614,53.056137
train,77,62,92.0,138.17882,46.178818
train,77,63,91.0,130.58759,39.587585
train,77,64,90.0,120.99132,30.991318
train,77,65,89.0,120.493996,31.493996
train,77,66,88.0,121.340126,33.340126
train,77,67,87.0,119.12051,32.120506
train,77,68,86.0,117.62261,31.622612
train,77,69,85.0,110.3464,25.346397
train,77,70,84.0,108.72782,24.727821
train,77,71,83.0,111.8316,28.831596
train,77,72,82.0,110.999214,28.999214
train,77,73,81.0,116.74975,35.74975
train,77,74,80.0,121.66691,41.66691
train,77,75,79.0,123.090004,44.090004
train,77,76,78.0,124.03515,46.03515
train,77,77,77.0,122.9243,45.9243
train,77,78,76.0,123.70791,47.70791
train,77,79,75.0,119.26177,44.261772
train,77,80,74.0,111.21937,37.219368
train,77,81,73.0,107.7299,34.729897
train,77,82,72.0,104.67721,32.677208
train,77,83,71.0,108.848595,37.848595
train,77,84,70.0,113.60279,43.60279
train,77,85,69.0,119.27325,50.273247
train,77,86,68.0,124.15453,56.154533
train,77,87,67.0,124.27099,57.27099
train,77,88,66.0,119.43275,53.432747
train,77,89,65.0,114.4022,49.4022
train,77,90,64.0,115.07038,51.07038
train,77,91,63.0,111.60511,48.60511
train,77,92,62.0,113.79278,51.792778
train,77,93,61.0,115.59096,54.590958
train,77,94,60.0,107.229,47.228996
train,77,95,59.0,96.43564,37.43564
train,77,96,58.0,82.09959,24.099586
train,77,97,57.0,69.65992,12.65992
train,77,98,56.0,66.38059,10.380592
train,77,99,55.0,60.18613,5.1861305
train,77,100,54.0,57.355053,3.355053
train,77,101,53.0,57.489494,4.4894943
train,77,102,52.0,57.470833,5.470833
train,77,103,51.0,57.705208,6.705208
train,77,104,50.0,59.76294,9.762939
train,77,105,49.0,58.361702,9.361702
train,77,106,48.0,55.03736,7.037361
train,77,107,47.0,50.301804,3.3018036
train,77,108,46.0,45.967438,-0.032562256
train,77,109,45.0,45.610332,0.6103325
train,77,110,44.0,48.041557,4.0415573
train,77,111,43.0,49.3676,6.3675995
train,77,112,42.0,48.86505,6.8650513
train,77,113,41.0,46.792923,5.792923
train,77,114,40.0,48.135937,8.135937
train,77,115,39.0,53.25756,14.257561
train,77,116,38.0,57.413784,19.413784
train,77,117,37.0,64.93383,27.93383
train,77,118,36.0,65.97293,29.97293
train,77,119,35.0,69.69968,34.699677
train,77,120,34.0,70.43183,36.43183
train,77,121,33.0,69.614296,36.614296
train,77,122,32.0,68.271,36.271004
train,77,123,31.0,65.369545,34.369545
train,77,124,30.0,62.78132,32.78132
train,77,125,29.0,58.451256,29.451256
train,77,126,28.0,54.017715,26.017715
train,77,127,27.0,47.723476,20.723476
train,77,128,26.0,44.22402,18.224018
train,77,129,25.0,44.254303,19.254303
train,77,130,24.0,40.457268,16.457268
train,77,131,23.0,37.897587,14.897587
train,77,132,22.0,36.025932,14.025932
train,77,133,21.0,32.69301,11.693008
train,77,134,20.0,29.155334,9.155334
train,77,135,19.0,25.990715,6.990715
train,77,136,18.0,25.561678,7.561678
train,77,137,17.0,28.155958,11.155958
train,77,138,16.0,27.590706,11.590706
train,77,139,15.0,25.114395,10.114395
train,77,140,14.0,26.090336,12.090336
train,77,141,13.0,26.641562,13.6415615
train,77,142,12.0,28.729668,16.729668
train,77,143,11.0,28.716633,17.716633
train,77,144,10.0,26.921837,16.921837
train,77,145,9.0,24.820374,15.820374
train,77,146,8.0,22.611877,14.611877
train,77,147,7.0,20.898462,13.898462
train,77,148,6.0,20.167112,14.167112
train,77,149,5.0,18.01578,13.0157795
train,77,150,4.0,17.750284,13.750284
train,77,151,3.0,13.970563,10.970563
train,77,152,2.0,11.217183,9.217183
train,77,153,1.0,10.945766,9.945766
train,77,154,0.0,11.000862,11.000862
train,78,30,201.0,177.65347,-23.346527
train,78,31,200.0,184.15521,-15.844788
train,78,32,199.0,196.20828,-2.7917175
train,78,33,198.0,201.3107,3.3106995
train,78,34,197.0,202.70709,5.7070923
train,78,35,196.0,202.0576,6.057602
train,78,36,195.0,200.1321,5.1320953
train,78,37,194.0,200.7863,6.7863007
train,78,38,193.0,200.11264,7.1126404
train,78,39,192.0,197.311,5.3110046
train,78,40,191.0,202.26192,11.261917
train,78,41,190.0,199.89676,9.896759
train,78,42,189.0,190.74652,1.746521
train,78,43,188.0,186.36156,-1.638443
train,78,44,187.0,183.67502,-3.3249817
train,78,45,186.0,177.94524,-8.054764
train,78,46,185.0,172.38437,-12.615631
train,78,47,184.0,173.64194,-10.358063
train,78,48,183.0,170.06258,-12.937424
train,78,49,182.0,162.10327,-19.896729
train,78,50,181.0,160.27911,-20.720886
train,78,51,180.0,153.7394,-26.260605
train,78,52,179.0,152.6796,-26.320404
train,78,53,178.0,150.00319,-27.99681
train,78,54,177.0,147.49182,-29.508179
train,78,55,176.0,150.69095,-25.309052
train,78,56,175.0,153.66922,-21.33078
train,78,57,174.0,157.5439,-16.4561
train,78,58,173.0,159.58719,-13.412811
train,78,59,172.0,163.0134,-8.986603
train,78,60,171.0,169.26857,-1.73143
train,78,61,170.0,181.33214,11.332138
train,78,62,169.0,181.1796,12.179596
train,78,63,168.0,181.19774,13.197739
train,78,64,167.0,179.21117,12.211166
train,78,65,166.0,181.79013,15.790131
train,78,66,165.0,183.37823,18.378235
train,78,67,164.0,194.65598,30.655975
train,78,68,163.0,198.71957,35.719574
train,78,69,162.0,205.33209,43.332092
train,78,70,161.0,211.8378,50.8378
train,78,71,160.0,208.61632,48.616318
train,78,72,159.0,204.20706,45.20706
train,78,73,158.0,199.08655,41.086548
train,78,74,157.0,196.35231,39.35231
train,78,75,156.0,194.1732,38.173203
train,78,76,155.0,199.08464,44.08464
train,78,77,154.0,196.62865,42.628647
train,78,78,153.0,184.76454,31.764542
train,78,79,152.0,176.18051,24.180511
train,78,80,151.0,166.21259,15.212585
train,78,81,150.0,159.04388,9.043884
train,78,82,149.0,162.5947,13.594696
train,78,83,148.0,165.11703,17.117035
train,78,84,147.0,159.48651,12.486511
train,78,85,146.0,153.41089,7.4108887
train,78,86,145.0,149.23364,4.2336426
train,78,87,144.0,143.61417,-0.38583374
train,78,88,143.0,135.94016,-7.059845
train,78,89,142.0,134.7203,-7.2796936
train,78,90,141.0,126.91721,-14.082787
train,78,91,140.0,124.97144,-15.028557
train,78,92,139.0,121.526855,-17.473145
train,78,93,138.0,116.656746,-21.343254
train,78,94,137.0,113.54842,-23.451576
train,78,95,136.0,118.75384,-17.246162
train,78,96,135.0,118.23814,-16.761864
train,78,97,134.0,120.81761,-13.182388
train,78,98,133.0,119.03398,-13.966019
train,78,99,132.0,120.167946,-11.832054
train,78,100,131.0,117.80953,-13.190468
train,78,101,130.0,120.717705,-9.282295
train,78,102,129.0,124.769646,-4.2303543
train,78,103,128.0,125.39986,-2.6001434
train,78,104,127.0,130.28549,3.285492
train,78,105,126.0,128.021,2.020996
train,78,106,125.0,125.620964,0.62096405
train,78,107,124.0,127.83259,3.8325882
train,78,108,123.0,129.06209,6.062088
train,78,109,122.0,137.16188,15.1618805
train,78,110,121.0,141.2813,20.281296
train,78,111,120.0,141.25143,21.251434
train,78,112,119.0,137.64569,18.64569
train,78,113,118.0,141.72913,23.729126
train,78,114,117.0,138.73196,21.731964
train,78,115,116.0,138.12662,22.126617
train,78,116,115.0,137.88176,22.88176
train,78,117,114.0,147.2164,33.2164
train,78,118,113.0,148.45523,35.45523
train,78,119,112.0,148.76146,36.76146
train,78,120,111.0,147.7173,36.7173
train,78,121,110.0,145.57698,35.57698
train,78,122,109.0,144.73929,35.73929
train,78,123,108.0,139.99194,31.991943
train,78,124,107.0,135.34737,28.347366
train,78,125,106.0,122.54263,16.542633
train,78,126,105.0,112.08671,7.086708
train,78,127,104.0,111.331795,7.3317947
train,78,128,103.0,110.27517,7.2751694
train,78,129,102.0,113.65838,11.658379
train,78,130,101.0,108.25378,7.2537766
train,78,131,100.0,110.081635,10.0816345
train,78,132,99.0,109.648056,10.648056
train,78,133,98.0,114.38252,16.382523
train,78,134,97.0,117.79247,20.792473
train,78,135,96.0,120.25574,24.255737
train,78,136,95.0,125.06706,30.067062
train,78,137,94.0,125.71672,31.71672
train,78,138,93.0,129.214,36.214005
train,78,139,92.0,127.51804,35.518044
train,78,140,91.0,122.52893,31.52893
train,78,141,90.0,116.91773,26.917732
train,78,142,89.0,115.464485,26.464485
train,78,143,88.0,113.72401,25.724007
train,78,144,87.0,112.05933,25.059334
train,78,145,86.0,107.441635,21.441635
train,78,146,85.0,111.8833,26.8833
train,78,147,84.0,108.74671,24.746712
train,78,148,83.0,108.22311,25.223106
train,78,149,82.0,105.779335,23.779335
train,78,150,81.0,106.53857,25.538567
train,78,151,80.0,108.98693,28.98693
train,78,152,79.0,108.75996,29.759956
train,78,153,78.0,96.83267,18.832672
train,78,154,77.0,91.235054,14.235054
train,78,155,76.0,82.436676,6.436676
train,78,156,75.0,80.73229,5.732292
train,78,157,74.0,70.98855,-3.0114517
train,78,158,73.0,73.71386,0.71385956
train,78,159,72.0,67.41409,-4.585907
train,78,160,71.0,62.743797,-8.256203
train,78,161,70.0,65.417854,-4.5821457
train,78,162,69.0,69.14438,0.14437866
train,78,163,68.0,71.07096,3.070961
train,78,164,67.0,75.31721,8.317207
train,78,165,66.0,70.45907,4.4590683
train,78,166,65.0,67.445854,2.4458542
train,78,167,64.0,67.37157,3.3715668
train,78,168,63.0,69.59995,6.5999527
train,78,169,62.0,66.59937,4.599373
train,78,170,61.0,60.97274,-0.027259827
train,78,171,60.0,57.774765,-2.225235
train,78,172,59.0,50.889812,-8.110188
train,78,173,58.0,48.54932,-9.45068
train,78,174,57.0,51.673603,-5.326397
train,78,175,56.0,49.646057,-6.353943
train,78,176,55.0,51.094364,-3.9056358
train,78,177,54.0,52.382298,-1.6177025
train,78,178,53.0,55.818398,2.8183975
train,78,179,52.0,57.110832,5.110832
train,78,180,51.0,51.264774,0.26477432
train,78,181,50.0,45.743256,-4.2567444
train,78,182,49.0,38.420815,-10.5791855
train,78,183,48.0,30.941193,-17.058807
train,78,184,47.0,26.24983,-20.75017
train,78,185,46.0,33.03841,-12.96159
train,78,186,45.0,37.55632,-7.44368
train,78,187,44.0,35.845184,-8.154816
train,78,188,43.0,32.99095,-10.009048
train,78,189,42.0,32.321568,-9.678432
train,78,190,41.0,36.762684,-4.237316
train,78,191,40.0,41.567352,1.5673523
train,78,192,39.0,40.867565,1.8675652
train,78,193,38.0,42.72116,4.721161
train,78,194,37.0,41.53302,4.53302
train,78,195,36.0,41.558067,5.5580673
train,78,196,35.0,45.886467,10.886467
train,78,197,34.0,46.23353,12.233528
train,78,198,33.0,43.171562,10.171562
train,78,199,32.0,39.98145,7.981449
train,78,200,31.0,37.17055,6.1705513
train,78,201,30.0,35.013836,5.013836
train,78,202,29.0,35.355225,6.3552246
train,78,203,28.0,35.701355,7.701355
train,78,204,27.0,35.374577,8.374577
train,78,205,26.0,38.552094,12.5520935
train,78,206,25.0,39.44712,14.447121
train,78,207,24.0,35.33961,11.339611
train,78,208,23.0,32.17836,9.17836
train,78,209,22.0,26.889637,4.889637
train,78,210,21.0,21.56411,0.5641098
train,78,211,20.0,19.155277,-0.84472275
train,78,212,19.0,19.604406,0.60440636
train,78,213,18.0,17.81338,-0.18662071
train,78,214,17.0,15.102417,-1.897583
train,78,215,16.0,14.587601,-1.4123993
train,78,216,15.0,12.240965,-2.759035
train,78,217,14.0,10.337473,-3.662527
train,78,218,13.0,8.975876,-4.024124
train,78,219,12.0,5.1030297,-6.8969703
train,78,220,11.0,3.5135434,-7.486457
train,78,221,10.0,3.6538568,-6.3461432
train,78,222,9.0,5.935568,-3.0644321
train,78,223,8.0,6.705206,-1.2947941
train,78,224,7.0,3.6327405,-3.3672595
train,78,225,6.0,1.412305,-4.587695
train,78,226,5.0,1.2204418,-3.7795582
train,78,227,4.0,0.4295517,-3.5704484
train,78,228,3.0,-1.2000843,-4.200084
train,78,229,2.0,-1.6972024,-3.6972024
train,78,230,1.0,-2.2358365,-3.2358365
train,78,231,0.0,-2.8397298,-2.8397298
train,79,30,169.0,210.69647,41.696472
train,79,31,168.0,205.75348,37.75348
train,79,32,167.0,191.1298,24.129807
train,79,33,166.0,189.40758,23.407578
train,79,34,165.0,186.51224,21.512238
train,79,35,164.0,174.00531,10.00531
train,79,36,163.0,166.63503,3.635025
train,79,37,162.0,171.15079,9.150787
train,79,38,161.0,181.14734,20.147339
train,79,39,160.0,180.84361,20.843613
train,79,40,159.0,177.78798,18.78798
train,79,41,158.0,173.533,15.533005
train,79,42,157.0,160.7373,3.7373047
train,79,43,156.0,147.79573,-8.204269
train,79,44,155.0,144.0118,-10.988205
train,79,45,154.0,140.23672,-13.763275
train,79,46,153.0,137.6763,-15.3237
train,79,47,152.0,135.74283,-16.257172
train,79,48,151.0,139.2196,-11.7803955
train,79,49,150.0,145.65622,-4.3437805
train,79,50,149.0,152.99925,3.9992523
train,79,51,148.0,156.45135,8.451355
train,79,52,147.0,163.81815,16.818146
train,79,53,146.0,171.08502,25.085022
train,79,54,145.0,174.55252,29.55252
train,79,55,144.0,174.04909,30.049088
train,79,56,143.0,181.64421,38.64421
train,79,57,142.0,187.15753,45.15753
train,79,58,141.0,190.5431,49.543106
train,79,59,140.0,188.92143,48.921432
train,79,60,139.0,185.32733,46.32733
train,79,61,138.0,181.63544,43.635437
train,79,62,137.0,184.19852,47.198517
train,79,63,136.0,175.07843,39.07843
train,79,64,135.0,167.65913,32.659134
train,79,65,134.0,168.82591,34.825912
train,79,66,133.0,171.0466,38.0466
train,79,67,132.0,169.15671,37.156708
train,79,68,131.0,171.48853,40.488525
train,79,69,130.0,165.87341,35.873413
train,79,70,129.0,160.80692,31.806915
train,79,71,128.0,161.926,33.925995
train,79,72,127.0,152.2438,25.243805
train,79,73,126.0,150.04114,24.041138
train,79,74,125.0,146.06363,21.06363
train,79,75,124.0,145.80762,21.807617
train,79,76,123.0,153.11583,30.11583
train,79,77,122.0,156.59633,34.59633
train,79,78,121.0,161.06047,40.06047
train,79,79,120.0,157.96173,37.96173
train,79,80,119.0,154.16228,35.162277
train,79,81,118.0,151.91829,33.91829
train,79,82,117.0,154.14389,37.14389
train,79,83,116.0,157.41626,41.41626
train,79,84,115.0,156.08737,41.08737
train,79,85,114.0,157.78278,43.782776
train,79,86,113.0,157.18964,44.189636
train,79,87,112.0,149.7586,37.758606
train,79,88,111.0,153.14719,42.147186
train,79,89,110.0,151.13443,41.13443
train,79,90,109.0,142.91774,33.91774
train,79,91,108.0,140.38068,32.380676
train,79,92,107.0,139.55971,32.559708
train,79,93,106.0,138.82,32.820007
train,79,94,105.0,137.85509,32.855087
train,79,95,104.0,136.0639,32.063904
train,79,96,103.0,138.29178,35.29178
train,79,97,102.0,134.26099,32.260986
train,79,98,101.0,139.35088,38.350876
train,79,99,100.0,137.41391,37.41391
train,79,100,99.0,139.58853,40.58853
train,79,101,98.0,131.1593,33.1593
train,79,102,97.0,130.86415,33.86415
train,79,103,96.0,128.5242,32.5242
train,79,104,95.0,123.840965,28.840965
train,79,105,94.0,120.99749,26.99749
train,79,106,93.0,127.53249,34.532494
train,79,107,92.0,122.50487,30.504868
train,79,108,91.0,120.3403,29.340302
train,79,109,90.0,117.27693,27.276932
train,79,110,89.0,119.05493,30.054932
train,79,111,88.0,119.47216,31.47216
train,79,112,87.0,125.17162,38.171623
train,79,113,86.0,122.38087,36.380867
train,79,114,85.0,115.78321,30.78321
train,79,115,84.0,123.496994,39.496994
train,79,116,83.0,125.83886,42.83886
train,79,117,82.0,128.5597,46.559692
train,79,118,81.0,123.657265,42.657265
train,79,119,80.0,118.82464,38.82464
train,79,120,79.0,111.42043,32.420433
train,79,121,78.0,99.45985,21.459846
train,79,122,77.0,90.971886,13.971886
train,79,123,76.0,90.72077,14.720772
train,79,124,75.0,91.70867,16.708672
train,79,125,74.0,99.13662,25.13662
train,79,126,73.0,109.09343,36.09343
train,79,127,72.0,115.8901,43.8901
train,79,128,71.0,116.28352,45.283524
train,79,129,70.0,116.6106,46.610603
train,79,130,69.0,106.27709,37.277092
train,79,131,68.0,100.27032,32.270317
train,79,132,67.0,92.40988,25.409882
train,79,133,66.0,83.182365,17.182365
train,79,134,65.0,78.26877,13.268768
train,79,135,64.0,73.05511,9.055107
train,79,136,63.0,67.132805,4.132805
train,79,137,62.0,60.033783,-1.966217
train,79,138,61.0,55.039055,-5.960945
train,79,139,60.0,51.204258,-8.795742
train,79,140,59.0,50.61348,-8.38652
train,79,141,58.0,46.285446,-11.714554
train,79,142,57.0,41.475082,-15.524918
train,79,143,56.0,41.065086,-14.934914
train,79,144,55.0,52.055943,-2.9440575
train,79,145,54.0,56.283287,2.283287
train,79,146,53.0,61.224243,8.224243
train,79,147,52.0,59.767506,7.7675056
train,79,148,51.0,57.217487,6.2174873
train,79,149,50.0,52.881397,2.8813972
train,79,150,49.0,51.536682,2.5366821
train,79,151,48.0,50.909943,2.9099426
train,79,152,47.0,42.264107,-4.7358932
train,79,153,46.0,39.457203,-6.542797
train,79,154,45.0,41.239033,-3.7609673
train,79,155,44.0,42.514343,-1.4856567
train,79,156,43.0,46.71721,3.7172089
train,79,157,42.0,45.271187,3.2711868
train,79,158,41.0,46.69043,5.6904297
train,79,159,40.0,45.324863,5.3248634
train,79,160,39.0,42.66957,3.669571
train,79,161,38.0,39.908268,1.908268
train,79,162,37.0,37.728683,0.7286835
train,79,163,36.0,36.470055,0.47005463
train,79,164,35.0,35.807472,0.8074722
train,79,165,34.0,32.184566,-1.8154335
train,79,166,33.0,30.306793,-2.6932068
train,79,167,32.0,26.48378,-5.51622
train,79,168,31.0,21.601791,-9.398209
train,79,169,30.0,20.884115,-9.115885
train,79,170,29.0,19.930717,-9.069283
train,79,171,28.0,20.860594,-7.139406
train,79,172,27.0,23.915953,-3.0840473
train,79,173,26.0,29.355366,3.3553658
train,79,174,25.0,31.342955,6.3429546
train,79,175,24.0,33.22662,9.22662
train,79,176,23.0,30.192339,7.192339
train,79,177,22.0,29.684322,7.6843224
train,79,178,21.0,32.938942,11.938942
train,79,179,20.0,29.850336,9.850336
train,79,180,19.0,26.503057,7.5030575
train,79,181,18.0,26.060722,8.060722
train,79,182,17.0,22.9931,5.993099
train,79,183,16.0,21.466549,5.466549
train,79,184,15.0,17.419031,2.4190311
train,79,185,14.0,14.021434,0.02143383
train,79,186,13.0,10.4873495,-2.5126505
train,79,187,12.0,11.456057,-0.5439434
train,79,188,11.0,9.548003,-1.4519968
train,79,189,10.0,9.363761,-0.63623905
train,79,190,9.0,8.952574,-0.047426224
train,79,191,8.0,8.256067,0.25606728
train,79,192,7.0,9.543801,2.5438013
train,79,193,6.0,4.5071974,-1.4928026
train,79,194,5.0,4.5950494,-0.40495062
train,79,195,4.0,3.0833406,-0.91665936
train,79,196,3.0,2.1586962,-0.8413038
train,79,197,2.0,2.8784246,0.87842464
train,79,198,1.0,0.8942006,-0.10579938
train,79,199,0.0,-0.2468689,-0.2468689
train,80,30,155.0,128.1246,-26.875397
train,80,31,154.0,135.27185,-18.72815
train,80,32,153.0,144.24329,-8.756714
train,80,33,152.0,146.22493,-5.77507
train,80,34,151.0,151.78986,0.78985596
train,80,35,150.0,153.59634,3.596344
train,80,36,149.0,150.36124,1.3612366
train,80,37,148.0,150.31009,2.310089
train,80,38,147.0,148.8787,1.8786926
train,80,39,146.0,146.06657,0.0665741
train,80,40,145.0,146.1419,1.1419067
train,80,41,144.0,147.96388,3.9638824
train,80,42,143.0,149.70767,6.707672
train,80,43,142.0,152.51016,10.510162
train,80,44,141.0,151.42691,10.42691
train,80,45,140.0,149.20941,9.209412
train,80,46,139.0,146.87306,7.873062
train,80,47,138.0,146.13156,8.131561
train,80,48,137.0,147.1839,10.183899
train,80,49,136.0,148.12155,12.1215515
train,80,50,135.0,149.06186,14.061859
train,80,51,134.0,148.24725,14.247253
train,80,52,133.0,138.37755,5.377548
train,80,53,132.0,124.9907,-7.0093
train,80,54,131.0,115.71076,-15.289238
train,80,55,130.0,117.635735,-12.364265
train,80,56,129.0,121.11651,-7.8834915
train,80,57,128.0,127.867805,-0.13219452
train,80,58,127.0,129.86328,2.8632812
train,80,59,126.0,137.5026,11.502594
train,80,60,125.0,143.20758,18.20758
train,80,61,124.0,144.15292,20.152924
train,80,62,123.0,142.04129,19.04129
train,80,63,122.0,136.46198,14.461975
train,80,64,121.0,128.31763,7.317627
train,80,65,120.0,123.37029,3.3702927
train,80,66,119.0,123.671524,4.671524
train,80,67,118.0,126.30247,8.302467
train,80,68,117.0,126.129745,9.1297455
train,80,69,116.0,122.88041,6.8804092
train,80,70,115.0,119.08177,4.081772
train,80,71,114.0,114.903435,0.90343475
train,80,72,113.0,109.20431,-3.7956924
train,80,73,112.0,110.8799,-1.1201019
train,80,74,111.0,107.73942,-3.260582
train,80,75,110.0,112.78707,2.7870712
train,80,76,109.0,112.22933,3.229332
train,80,77,108.0,114.2624,6.262398
train,80,78,107.0,113.27123,6.2712326
train,80,79,106.0,115.81103,9.811028
train,80,80,105.0,114.36649,9.366493
train,80,81,104.0,114.0569,10.0569
train,80,82,103.0,114.92835,11.928352
train,80,83,102.0,111.923225,9.923225
train,80,84,101.0,109.59329,8.593292
train,80,85,100.0,108.590385,8.590385
train,80,86,99.0,110.976494,11.976494
train,80,87,98.0,112.06934,14.069344
train,80,88,97.0,117.063896,20.063896
train,80,89,96.0,122.18769,26.18769
train,80,90,95.0,123.94981,28.949806
train,80,91,94.0,128.91635,34.91635
train,80,92,93.0,132.33337,39.333374
train,80,93,92.0,127.521935,35.521935
train,80,94,91.0,126.71313,35.713127
train,80,95,90.0,122.380104,32.380104
train,80,96,89.0,124.31377,35.313766
train,80,97,88.0,129.49542,41.495422
train,80,98,87.0,129.92392,42.92392
train,80,99,86.0,131.91623,45.91623
train,80,100,85.0,135.49466,50.49466
train,80,101,84.0,131.26889,47.26889
train,80,102,83.0,124.27755,41.27755
train,80,103,82.0,117.273445,35.273445
train,80,104,81.0,112.70457,31.704567
train,80,105,80.0,112.99381,32.993813
train,80,106,79.0,110.704254,31.704254
train,80,107,78.0,108.70434,30.704338
train,80,108,77.0,109.43064,32.43064
train,80,109,76.0,104.38964,28.38964
train,80,110,75.0,99.41431,24.414307
train,80,111,74.0,94.3509,20.350899
train,80,112,73.0,90.10018,17.100182
train,80,113,72.0,90.35173,18.35173
train,80,114,71.0,87.26493,16.26493
train,80,115,70.0,84.41131,14.411308
train,80,116,69.0,82.47652,13.476517
train,80,117,68.0,79.79322,11.7932205
train,80,118,67.0,75.04531,8.045311
train,80,119,66.0,64.52003,-1.4799728
train,80,120,65.0,54.82263,-10.177368
train,80,121,64.0,50.680058,-13.319942
train,80,122,63.0,46.95107,-16.048931
train,80,123,62.0,47.804916,-14.195084
train,80,124,61.0,50.68349,-10.316509
train,80,125,60.0,52.064552,-7.9354477
train,80,126,59.0,51.93907,-7.0609283
train,80,127,58.0,53.838947,-4.1610527
train,80,128,57.0,55.208363,-1.7916374
train,80,129,56.0,58.088062,2.0880623
train,80,130,55.0,60.29039,5.29039
train,80,131,54.0,60.89071,6.890709
train,80,132,53.0,62.181732,9.181732
train,80,133,52.0,60.220203,8.220203
train,80,134,51.0,57.262085,6.262085
train,80,135,50.0,55.23502,5.2350197
train,80,136,49.0,52.903976,3.9039764
train,80,137,48.0,52.548748,4.548748
train,80,138,47.0,51.40455,4.4045486
train,80,139,46.0,51.26573,5.265732
train,80,140,45.0,57.377678,12.377678
train,80,141,44.0,59.07136,15.071362
train,80,142,43.0,58.70243,15.702431
train,80,143,42.0,60.587357,18.587357
train,80,144,41.0,60.516747,19.516747
train,80,145,40.0,57.404053,17.404053
train,80,146,39.0,53.14427,14.144272
train,80,147,38.0,50.11286,12.112862
train,80,148,37.0,46.114235,9.114235
train,80,149,36.0,42.69919,6.699188
train,80,150,35.0,38.12901,3.1290092
train,80,151,34.0,34.382248,0.38224792
train,80,152,33.0,32.227104,-0.7728958
train,80,153,32.0,30.906406,-1.0935936
train,80,154,31.0,32.45256,1.4525604
train,80,155,30.0,29.637466,-0.36253357
train,80,156,29.0,29.088703,0.088703156
train,80,157,28.0,30.891123,2.8911228
train,80,158,27.0,30.586409,3.5864086
train,80,159,26.0,28.481874,2.4818745
train,80,160,25.0,26.684227,1.684227
train,80,161,24.0,28.880451,4.880451
train,80,162,23.0,28.47079,5.470791
train,80,163,22.0,26.230219,4.230219
train,80,164,21.0,24.313007,3.3130074
train,80,165,20.0,23.164984,3.1649837
train,80,166,19.0,24.340431,5.340431
train,80,167,18.0,22.121365,4.1213646
train,80,168,17.0,20.963055,3.9630547
train,80,169,16.0,20.45725,4.4572506
train,80,170,15.0,21.623709,6.6237087
train,80,171,14.0,20.759743,6.7597427
train,80,172,13.0,16.241419,3.2414188
train,80,173,12.0,14.52981,2.52981
train,80,174,11.0,14.004715,3.004715
train,80,175,10.0,12.2378025,2.2378025
train,80,176,9.0,11.544184,2.5441837
train,80,177,8.0,10.13659,2.13659
train,80,178,7.0,8.486006,1.4860058
train,80,179,6.0,9.160535,3.1605349
train,80,180,5.0,8.28424,3.2842398
train,80,181,4.0,7.2395396,3.2395396
train,80,182,3.0,3.0490818,0.049081802
train,80,183,2.0,0.4459704,-1.5540296
train,80,184,1.0,-1.2130302,-2.2130303
train,80,185,0.0,-2.2581239,-2.2581239
train,81,30,210.0,159.10687,-50.893127
train,81,31,209.0,154.01762,-54.982376
train,81,32,208.0,140.80597,-67.19403
train,81,33,207.0,134.77563,-72.224365
train,81,34,206.0,126.87794,-79.12206
train,81,35,205.0,132.07968,-72.92032
train,81,36,204.0,137.62686,-66.37314
train,81,37,203.0,144.98444,-58.015564
train,81,38,202.0,153.03856,-48.96144
train,81,39,201.0,152.66637,-48.333633
train,81,40,200.0,156.79248,-43.20752
train,81,41,199.0,162.02637,-36.973633
train,81,42,198.0,167.42142,-30.578583
train,81,43,197.0,170.04042,-26.95958
train,81,44,196.0,166.33047,-29.669525
train,81,45,195.0,161.07495,-33.92505
train,81,46,194.0,153.27644,-40.723557
train,81,47,193.0,145.09424,-47.90576
train,81,48,192.0,148.8232,-43.176804
train,81,49,191.0,149.96469,-41.03531
train,81,50,190.0,160.07181,-29.928192
train,81,51,189.0,174.73439,-14.26561
train,81,52,188.0,183.44205,-4.557953
train,81,53,187.0,187.89279,0.89279175
train,81,54,186.0,197.87395,11.873947
train,81,55,185.0,197.6134,12.613403
train,81,56,184.0,189.57835,5.578354
train,81,57,183.0,184.29349,1.2934875
train,81,58,182.0,178.79504,-3.204956
train,81,59,181.0,174.42075,-6.579254
train,81,60,180.0,167.91245,-12.087555
train,81,61,179.0,170.5556,-8.444397
train,81,62,178.0,164.86774,-13.132263
train,81,63,177.0,160.50676,-16.49324
train,81,64,176.0,153.65189,-22.348114
train,81,65,175.0,152.64584,-22.354156
train,81,66,174.0,155.80673,-18.193268
train,81,67,173.0,152.61249,-20.387512
train,81,68,172.0,151.54703,-20.452972
train,81,69,171.0,152.49931,-18.500687
train,81,70,170.0,152.78006,-17.21994
train,81,71,169.0,155.12881,-13.871185
train,81,72,168.0,148.10886,-19.891144
train,81,73,167.0,139.07951,-27.920486
train,81,74,166.0,136.34714,-29.652863
train,81,75,165.0,135.75644,-29.24356
train,81,76,164.0,133.0727,-30.927307
train,81,77,163.0,135.80946,-27.190536
train,81,78,162.0,139.62737,-22.372635
train,81,79,161.0,142.23154,-18.768463
train,81,80,160.0,141.34279,-18.657211
train,81,81,159.0,143.24594,-15.754059
train,81,82,158.0,144.77805,-13.221954
train,81,83,157.0,142.41893,-14.58107
train,81,84,156.0,139.627,-16.373001
train,81,85,155.0,139.62257,-15.377426
train,81,86,154.0,145.42508,-8.574921
train,81,87,153.0,148.87656,-4.1234436
train,81,88,152.0,149.89656,-2.1034393
train,81,89,151.0,149.8227,-1.1773071
train,81,90,150.0,151.23769,1.2376862
train,81,91,149.0,144.33168,-4.6683197
train,81,92,148.0,140.86218,-7.1378174
train,81,93,147.0,141.17682,-5.823181
train,81,94,146.0,151.54779,5.5477905
train,81,95,145.0,157.71545,12.715454
train,81,96,144.0,157.22333,13.223328
train,81,97,143.0,157.65515,14.655151
train,81,98,142.0,154.05878,12.058777
train,81,99,141.0,144.07176,3.071762
train,81,100,140.0,138.81583,-1.1841736
train,81,101,139.0,134.00418,-4.995819
train,81,102,138.0,136.65874,-1.3412628
train,81,103,137.0,141.76418,4.7641754
train,81,104,136.0,143.26022,7.2602234
train,81,105,135.0,147.09373,12.093735
train,81,106,134.0,144.74458,10.744583
train,81,107,133.0,137.91866,4.9186554
train,81,108,132.0,135.84995,3.849945
train,81,109,131.0,132.92905,1.9290466
train,81,110,130.0,128.49377,-1.5062256
train,81,111,129.0,127.69736,-1.3026428
train,81,112,128.0,126.613365,-1.3866348
train,81,113,127.0,132.2052,5.2052
train,81,114,126.0,137.98602,11.986023
train,81,115,125.0,128.8281,3.8280945
train,81,116,124.0,122.516624,-1.4833755
train,81,117,123.0,115.81892,-7.1810837
train,81,118,122.0,110.65607,-11.343933
train,81,119,121.0,108.09563,-12.904373
train,81,120,120.0,107.12318,-12.876823
train,81,121,119.0,108.45188,-10.548119
train,81,122,118.0,113.01951,-4.9804916
train,81,123,117.0,125.42529,8.425293
train,81,124,116.0,126.45247,10.452469
train,81,125,115.0,127.421715,12.421715
train,81,126,114.0,120.27765,6.277649
train,81,127,113.0,115.092705,2.0927048
train,81,128,112.0,109.9641,-2.0358963
train,81,129,111.0,106.78441,-4.2155914
train,81,130,110.0,106.60404,-3.395958
train,81,131,109.0,100.41485,-8.585152
train,81,132,108.0,100.36054,-7.6394577
train,81,133,107.0,101.52111,-5.4788895
train,81,134,106.0,106.77329,0.77329254
train,81,135,105.0,113.227196,8.227196
train,81,136,104.0,114.59281,10.592812
train,81,137,103.0,117.05598,14.055977
train,81,138,102.0,119.85644,17.856438
train,81,139,101.0,116.559006,15.559006
train,81,140,100.0,118.47829,18.478287
train,81,141,99.0,115.610954,16.610954
train,81,142,98.0,106.664185,8.664185
train,81,143,97.0,98.64283,1.6428299
train,81,144,96.0,94.79719,-1.2028122
train,81,145,95.0,90.95088,-4.049118
train,81,146,94.0,83.00962,-10.990379
train,81,147,93.0,85.2714,-7.7285995
train,81,148,92.0,83.206924,-8.793076
train,81,149,91.0,82.35152,-8.648483
train,81,150,90.0,81.58732,-8.412682
train,81,151,89.0,80.63105,-8.36895
train,81,152,88.0,77.972374,-10.027626
train,81,153,87.0,82.38024,-4.6197586
train,81,154,86.0,83.90667,-2.0933304
train,81,155,85.0,88.29993,3.2999268
train,81,156,84.0,91.81993,7.819931
train,81,157,83.0,94.03585,11.035851
train,81,158,82.0,96.378456,14.378456
train,81,159,81.0,97.76052,16.76052
train,81,160,80.0,97.95229,17.952293
train,81,161,79.0,98.491936,19.491936
train,81,162,78.0,101.33772,23.337723
train,81,163,77.0,102.38668,25.38668
train,81,164,76.0,100.67221,24.67221
train,81,165,75.0,100.909996,25.909996
train,81,166,74.0,104.56944,30.569443
train,81,167,73.0,107.5958,34.595802
train,81,168,72.0,107.42394,35.423943
train,81,169,71.0,105.102905,34.102905
train,81,170,70.0,99.72291,29.722908
train,81,171,69.0,95.773766,26.773766
train,81,172,68.0,92.26891,24.268913
train,81,173,67.0,93.281395,26.281395
train,81,174,66.0,98.21951,32.219513
train,81,175,65.0,97.67308,32.67308
train,81,176,64.0,94.90275,30.902748
train,81,177,63.0,87.05384,24.05384
train,81,178,62.0,77.93543,15.935432
train,81,179,61.0,70.68874,9.688744
train,81,180,60.0,66.29688,6.2968826
train,81,181,59.0,65.08815,6.08815
train,81,182,58.0,63.870613,5.870613
train,81,183,57.0,65.80126,8.801262
train,81,184,56.0,66.766884,10.766884
train,81,185,55.0,66.077415,11.077415
train,81,186,54.0,66.569435,12.569435
train,81,187,53.0,65.128075,12.128075
train,81,188,52.0,61.570694,9.570694
train,81,189,51.0,58.40132,7.4013214
train,81,190,50.0,55.767975,5.767975
train,81,191,49.0,53.09976,4.099758
train,81,192,48.0,52.973785,4.9737854
train,81,193,47.0,51.764286,4.764286
train,81,194,46.0,49.962418,3.9624176
train,81,195,45.0,48.12135,3.1213493
train,81,196,44.0,41.60668,-2.3933182
train,81,197,43.0,35.428043,-7.5719566
train,81,198,42.0,32.885185,-9.114815
train,81,199,41.0,34.68743,-6.3125687
train,81,200,40.0,36.724213,-3.2757874
train,81,201,39.0,37.028614,-1.971386
train,81,202,38.0,38.94641,0.94641113
train,81,203,37.0,37.765648,0.7656479
train,81,204,36.0,35.624325,-0.3756752
train,81,205,35.0,34.025696,-0.9743042
train,81,206,34.0,32.5475,-1.4524994
train,81,207,33.0,32.389977,-0.6100235
train,81,208,32.0,32.24901,0.24900818
train,81,209,31.0,30.48955,-0.51045036
train,81,210,30.0,30.023552,0.02355194
train,81,211,29.0,32.3377,3.3377
train,81,212,28.0,29.403973,1.4039726
train,81,213,27.0,28.168573,1.1685734
train,81,214,26.0,28.938549,2.938549
train,81,215,25.0,28.082653,3.082653
train,81,216,24.0,24.571533,0.5715332
train,81,217,23.0,21.792961,-1.2070389
train,81,218,22.0,21.119736,-0.8802643
train,81,219,21.0,21.075132,0.07513237
train,81,220,20.0,22.586338,2.586338
train,81,221,19.0,21.762772,2.7627716
train,81,222,18.0,20.7585,2.7584991
train,81,223,17.0,19.324715,2.3247147
train,81,224,16.0,16.61119,0.6111908
train,81,225,15.0,14.955995,-0.044005394
train,81,226,14.0,11.765056,-2.2349443
train,81,227,13.0,12.569069,-0.4309311
train,81,228,12.0,12.960429,0.9604292
train,81,229,11.0,14.73909,3.73909
train,81,230,10.0,15.223885,5.2238846
train,81,231,9.0,16.571981,7.5719814
train,81,232,8.0,19.724178,11.724178
train,81,233,7.0,17.949312,10.949312
train,81,234,6.0,16.232372,10.232372
train,81,235,5.0,15.965692,10.965692
train,81,236,4.0,16.501667,12.501667
train,81,237,3.0,16.254341,13.254341
train,81,238,2.0,14.013085,12.013085
train,81,239,1.0,14.452516,13.452516
train,81,240,0.0,11.691586,11.691586
train,85,30,158.0,149.18549,-8.814514
train,85,31,157.0,145.11594,-11.884064
train,85,32,156.0,144.33691,-11.663086
train,85,33,155.0,154.83392,-0.16607666
train,85,34,154.0,166.8905,12.890503
train,85,35,153.0,174.59024,21.59024
train,85,36,152.0,177.53012,25.53012
train,85,37,151.0,169.06602,18.066025
train,85,38,150.0,168.68011,18.680115
train,85,39,149.0,171.01181,22.01181
train,85,40,148.0,164.28958,16.289581
train,85,41,147.0,160.04214,13.042145
train,85,42,146.0,162.0313,16.031296
train,85,43,145.0,158.84238,13.842377
train,85,44,144.0,158.26605,14.266052
train,85,45,143.0,161.76776,18.767761
train,85,46,142.0,164.95404,22.95404
train,85,47,141.0,169.52275,28.52275
train,85,48,140.0,169.85712,29.857117
train,85,49,139.0,164.69383,25.693832
train,85,50,138.0,157.67397,19.673965
train,85,51,137.0,148.98509,11.985092
train,85,52,136.0,137.88968,1.889679
train,85,53,135.0,141.92682,6.926819
train,85,54,134.0,143.49902,9.499023
train,85,55,133.0,143.75983,10.759827
train,85,56,132.0,147.40897,15.408966
train,85,57,131.0,137.7911,6.791107
train,85,58,130.0,132.16907,2.1690674
train,85,59,129.0,135.74777,6.747772
train,85,60,128.0,147.72693,19.726929
train,85,61,127.0,158.13419,31.134186
train,85,62,126.0,163.79721,37.79721
train,85,63,125.0,168.80574,43.80574
train,85,64,124.0,166.66618,42.666183
train,85,65,123.0,158.78027,35.780273
train,85,66,122.0,158.16269,36.16269
train,85,67,121.0,155.74873,34.748734
train,85,68,120.0,159.43507,39.435074
train,85,69,119.0,156.8431,37.843094
train,85,70,118.0,149.91061,31.910614
train,85,71,117.0,146.535,29.535004
train,85,72,116.0,141.34322,25.343216
train,85,73,115.0,138.25053,23.250534
train,85,74,114.0,138.06512,24.065125
train,85,75,113.0,136.94623,23.946228
train,85,76,112.0,129.28983,17.289825
train,85,77,111.0,122.43748,11.437477
train,85,78,110.0,109.951324,-0.048675537
train,85,79,109.0,95.68613,-13.313873
train,85,80,108.0,93.24271,-14.757294
train,85,81,107.0,93.177376,-13.822624
train,85,82,106.0,97.63392,-8.366081
train,85,83,105.0,101.830956,-3.1690445
train,85,84,104.0,92.98812,-11.011879
train,85,85,103.0,93.15902,-9.840981
train,85,86,102.0,92.90863,-9.09137
train,85,87,101.0,93.58865,-7.4113464
train,85,88,100.0,97.340904,-2.6590958
train,85,89,99.0,104.554504,5.5545044
train,85,90,98.0,110.215096,12.2150955
train,85,91,97.0,113.92172,16.921722
train,85,92,96.0,119.73118,23.731178
train,85,93,95.0,122.48216,27.482162
train,85,94,94.0,127.63775,33.63775
train,85,95,93.0,128.61679,35.61679
train,85,96,92.0,132.61746,40.617462
train,85,97,91.0,132.15443,41.154434
train,85,98,90.0,128.15248,38.15248
train,85,99,89.0,122.71373,33.71373
train,85,100,88.0,124.66816,36.66816
train,85,101,87.0,126.529045,39.529045
train,85,102,86.0,130.1929,44.1929
train,85,103,85.0,127.616264,42.616264
train,85,104,84.0,125.87162,41.87162
train,85,105,83.0,116.581505,33.581505
train,85,106,82.0,112.98019,30.980186
train,85,107,81.0,110.093544,29.093544
train,85,108,80.0,111.51304,31.513039
train,85,109,79.0,116.11683,37.11683
train,85,110,78.0,123.725105,45.725105
train,85,111,77.0,130.74,53.740005
train,85,112,76.0,127.15953,51.15953
train,85,113,75.0,121.35751,46.357513
train,85,114,74.0,123.21289,49.21289
train,85,115,73.0,122.37588,49.375877
train,85,116,72.0,115.99734,43.997337
train,85,117,71.0,109.06364,38.063637
train,85,118,70.0,105.5581,35.558098
train,85,119,69.0,101.40571,32.40571
train,85,120,68.0,102.026115,34.026115
train,85,121,67.0,103.47729,36.477287
train,85,122,66.0,104.42156,38.421562
train,85,123,65.0,101.08528,36.08528
train,85,124,64.0,97.47906,33.479057
train,85,125,63.0,92.38959,29.389587
train,85,126,62.0,85.95406,23.954063
train,85,127,61.0,81.19352,20.19352
train,85,128,60.0,79.02997,19.029968
train,85,129,59.0,80.18591,21.185913
train,85,130,58.0,76.71299,18.71299
train,85,131,57.0,70.75075,13.750748
train,85,132,56.0,67.10422,11.104218
train,85,133,55.0,63.160954,8.1609535
train,85,134,54.0,57.24375,3.2437515
train,85,135,53.0,54.56456,1.5645599
train,85,136,52.0,49.257614,-2.7423859
train,85,137,51.0,50.39498,-0.6050186
train,85,138,50.0,51.346848,1.3468475
train,85,139,49.0,57.696842,8.696842
train,85,140,48.0,63.499123,15.499123
train,85,141,47.0,62.755505,15.755505
train,85,142,46.0,62.31636,16.31636
train,85,143,45.0,58.132805,13.132805
train,85,144,44.0,59.44707,15.447071
train,85,145,43.0,57.438263,14.438263
train,85,146,42.0,56.16829,14.168289
train,85,147,41.0,56.20966,15.20966
train,85,148,40.0,57.73883,17.73883
train,85,149,39.0,56.660744,17.660744
train,85,150,38.0,52.658493,14.658493
train,85,151,37.0,46.825607,9.825607
train,85,152,36.0,42.995564,6.9955635
train,85,153,35.0,42.046616,7.0466156
train,85,154,34.0,39.77971,5.779709
train,85,155,33.0,37.284813,4.284813
train,85,156,32.0,38.85118,6.851181
train,85,157,31.0,39.161636,8.161636
train,85,158,30.0,41.90326,11.903259
train,85,159,29.0,45.240917,16.240917
train,85,160,28.0,39.270515,11.270515
train,85,161,27.0,37.638317,10.638317
train,85,162,26.0,34.957233,8.957233
train,85,163,25.0,30.909058,5.9090576
train,85,164,24.0,30.173595,6.1735954
train,85,165,23.0,28.61359,5.6135902
train,85,166,22.0,27.442291,5.4422913
train,85,167,21.0,26.991127,5.991127
train,85,168,20.0,25.300665,5.300665
train,85,169,19.0,23.371605,4.371605
train,85,170,18.0,23.519604,5.5196037
train,85,171,17.0,22.2943,5.2943
train,85,172,16.0,23.650045,7.6500454
train,85,173,15.0,20.847076,5.8470764
train,85,174,14.0,19.56431,5.56431
train,85,175,13.0,18.160648,5.1606483
train,85,176,12.0,14.507961,2.5079613
train,85,177,11.0,11.572272,0.5722723
train,85,178,10.0,10.065984,0.06598377
train,85,179,9.0,11.57741,2.5774097
train,85,180,8.0,11.920181,3.9201813
train,85,181,7.0,9.969475,2.9694748
train,85,182,6.0,10.273611,4.273611
train,85,183,5.0,10.528009,5.5280094
train,85,184,4.0,10.610048,6.6100483
train,85,185,3.0,9.229643,6.229643
train,85,186,2.0,8.415453,6.415453
train,85,187,1.0,5.7280774,4.7280774
train,85,188,0.0,4.1556726,4.1556726
train,86,30,248.0,160.31891,-87.68109
train,86,31,247.0,156.78119,-90.21881
train,86,32,246.0,165.71588,-80.28412
train,86,33,245.0,165.92076,-79.07924
train,86,34,244.0,170.66315,-73.33685
train,86,35,243.0,173.18167,-69.81833
train,86,36,242.0,175.08688,-66.91312
train,86,37,241.0,177.09027,-63.90973
train,86,38,240.0,179.49756,-60.50244
train,86,39,239.0,175.5227,-63.477295
train,86,40,238.0,175.50185,-62.498154
train,86,41,237.0,174.53282,-62.46718
train,86,42,236.0,168.33356,-67.66644
train,86,43,235.0,163.35019,-71.64981
train,86,44,234.0,163.57455,-70.425446
train,86,45,233.0,165.52072,-67.47928
train,86,46,232.0,165.823,-66.177
train,86,47,231.0,164.20216,-66.79784
train,86,48,230.0,163.41895,-66.581055
train,86,49,229.0,162.66924,-66.330765
train,86,50,228.0,162.46858,-65.53142
train,86,51,227.0,163.60193,-63.39807
train,86,52,226.0,163.02544,-62.974564
train,86,53,225.0,157.84227,-67.15773
train,86,54,224.0,151.84518,-72.154816
train,86,55,223.0,148.71002,-74.28998
train,86,56,222.0,140.49716,-81.50284
train,86,57,221.0,139.37659,-81.62341
train,86,58,220.0,138.2218,-81.7782
train,86,59,219.0,140.28622,-78.713776
train,86,60,218.0,141.08072,-76.91928
train,86,61,217.0,147.96811,-69.03189
train,86,62,216.0,154.68938,-61.310623
train,86,63,215.0,159.36063,-55.639374
train,86,64,214.0,162.7128,-51.2872
train,86,65,213.0,167.806,-45.194
train,86,66,212.0,161.44455,-50.55545
train,86,67,211.0,161.367,-49.632996
train,86,68,210.0,156.36772,-53.63228
train,86,69,209.0,146.35712,-62.642883
train,86,70,208.0,140.15195,-67.84805
train,86,71,207.0,129.91058,-77.08942
train,86,72,206.0,127.87505,-78.12495
train,86,73,205.0,128.76564,-76.23436
train,86,74,204.0,127.20975,-76.79025
train,86,75,203.0,128.5788,-74.4212
train,86,76,202.0,130.73474,-71.26526
train,86,77,201.0,132.79634,-68.20366
train,86,78,200.0,134.67737,-65.32263
train,86,79,199.0,140.11261,-58.88739
train,86,80,198.0,136.26408,-61.735916
train,86,81,197.0,139.06953,-57.930466
train,86,82,196.0,140.48148,-55.518524
train,86,83,195.0,137.1604,-57.8396
train,86,84,194.0,143.12378,-50.87622
train,86,85,193.0,143.65901,-49.34099
train,86,86,192.0,150.80804,-41.191956
train,86,87,191.0,152.75021,-38.249786
train,86,88,190.0,148.31822,-41.681778
train,86,89,189.0,149.46722,-39.532776
train,86,90,188.0,146.23445,-41.76555
train,86,91,187.0,144.58774,-42.412262
train,86,92,186.0,146.76639,-39.233612
train,86,93,185.0,148.36232,-36.63768
train,86,94,184.0,154.39114,-29.608856
train,86,95,183.0,159.57193,-23.42807
train,86,96,182.0,166.1809,-15.819107
train,86,97,181.0,169.2103,-11.789703
train,86,98,180.0,166.55489,-13.445114
train,86,99,179.0,166.20656,-12.793442
train,86,100,178.0,168.2936,-9.706406
train,86,101,177.0,166.13649,-10.86351
train,86,102,176.0,162.54306,-13.45694
train,86,103,175.0,161.85623,-13.143768
train,86,104,174.0,157.9478,-16.0522
train,86,105,173.0,155.29034,-17.709656
train,86,106,172.0,156.00299,-15.997009
train,86,107,171.0,150.6901,-20.309906
train,86,108,170.0,154.97885,-15.021149
train,86,109,169.0,158.49332,-10.506683
train,86,110,168.0,160.6451,-7.354904
train,86,111,167.0,162.2608,-4.739197
train,86,112,166.0,157.91522,-8.084778
train,86,113,165.0,156.03058,-8.969421
train,86,114,164.0,159.25089,-4.749115
train,86,115,163.0,157.50916,-5.4908447
train,86,116,162.0,158.19028,-3.809723
train,86,117,161.0,152.51064,-8.489365
train,86,118,160.0,143.7936,-16.206406
train,86,119,159.0,131.90536,-27.094635
train,86,120,158.0,124.31745,-33.68255
train,86,121,157.0,116.298744,-40.701256
train,86,122,156.0,115.80578,-40.19422
train,86,123,155.0,115.96782,-39.03218
train,86,124,154.0,117.66539,-36.33461
train,86,125,153.0,119.66599,-33.334007
train,86,126,152.0,123.118004,-28.881996
train,86,127,151.0,123.611015,-27.388985
train,86,128,150.0,127.048454,-22.951546
train,86,129,149.0,126.29981,-22.700188
train,86,130,148.0,127.17166,-20.828339
train,86,131,147.0,133.65474,-13.345261
train,86,132,146.0,139.10255,-6.8974457
train,86,133,145.0,145.31572,0.3157196
train,86,134,144.0,147.71129,3.7112885
train,86,135,143.0,154.43376,11.433762
train,86,136,142.0,159.36343,17.363434
train,86,137,141.0,164.14355,23.143555
train,86,138,140.0,158.61462,18.614624
train,86,139,139.0,149.75577,10.755768
train,86,140,138.0,146.74687,8.746872
train,86,141,137.0,150.07462,13.0746155
train,86,142,136.0,148.24994,12.249939
train,86,143,135.0,147.28918,12.289185
train,86,144,134.0,144.48317,10.48317
train,86,145,133.0,137.36517,4.3651733
train,86,146,132.0,125.515144,-6.4848557
train,86,147,131.0,125.214294,-5.7857056
train,86,148,130.0,118.68779,-11.31221
train,86,149,129.0,111.83582,-17.164177
train,86,150,128.0,108.312775,-19.687225
train,86,151,127.0,105.09086,-21.909142
train,86,152,126.0,108.86729,-17.132713
train,86,153,125.0,104.0252,-20.9748
train,86,154,124.0,103.34121,-20.65879
train,86,155,123.0,107.46321,-15.536789
train,86,156,122.0,110.3491,-11.650902
train,86,157,121.0,113.46114,-7.5388565
train,86,158,120.0,116.4255,-3.574501
train,86,159,119.0,118.317314,-0.68268585
train,86,160,118.0,120.41129,2.411293
train,86,161,117.0,123.23801,6.2380066
train,86,162,116.0,122.71612,6.716118
train,86,163,115.0,131.97426,16.974258
train,86,164,114.0,137.26791,23.267914
train,86,165,113.0,135.90353,22.903534
train,86,166,112.0,136.67279,24.67279
train,86,167,111.0,137.54062,26.540619
train,86,168,110.0,134.87114,24.87114
train,86,169,109.0,129.7293,20.729294
train,86,170,108.0,122.64373,14.64373
train,86,171,107.0,119.227646,12.227646
train,86,172,106.0,114.55622,8.556221
train,86,173,105.0,112.01644,7.0164413
train,86,174,104.0,113.36479,9.364792
train,86,175,103.0,108.14657,5.1465683
train,86,176,102.0,105.0881,3.0880966
train,86,177,101.0,98.94798,-2.0520172
train,86,178,100.0,91.51846,-8.481537
train,86,179,99.0,84.12588,-14.874123
train,86,180,98.0,77.16186,-20.838142
train,86,181,97.0,78.5829,-18.417099
train,86,182,96.0,81.61138,-14.388618
train,86,183,95.0,80.15875,-14.841248
train,86,184,94.0,73.70869,-20.291313
train,86,185,93.0,72.143105,-20.856895
train,86,186,92.0,67.49915,-24.500847
train,86,187,91.0,63.07958,-27.920422
train,86,188,90.0,61.05196,-28.94804
train,86,189,89.0,57.456448,-31.543552
train,86,190,88.0,58.85096,-29.14904
train,86,191,87.0,57.23973,-29.76027
train,86,192,86.0,58.247925,-27.752075
train,86,193,85.0,62.22148,-22.778519
train,86,194,84.0,67.582405,-16.417595
train,86,195,83.0,71.311104,-11.688896
train,86,196,82.0,71.73446,-10.265541
train,86,197,81.0,71.09383,-9.906174
train,86,198,80.0,71.888504,-8.111496
train,86,199,79.0,71.83576,-7.164238
train,86,200,78.0,71.57744,-6.4225616
train,86,201,77.0,73.63441,-3.365593
train,86,202,76.0,75.456375,-0.5436249
train,86,203,75.0,74.45563,-0.54437256
train,86,204,74.0,74.33521,0.3352127
train,86,205,73.0,73.29714,0.29714203
train,86,206,72.0,74.30741,2.3074112
train,86,207,71.0,73.42225,2.4222488
train,86,208,70.0,74.759186,4.759186
train,86,209,69.0,75.99702,6.997017
train,86,210,68.0,75.3131,7.3131027
train,86,211,67.0,75.85291,8.852913
train,86,212,66.0,77.375946,11.375946
train,86,213,65.0,74.43097,9.430969
train,86,214,64.0,70.910545,6.9105453
train,86,215,63.0,66.00518,3.0051804
train,86,216,62.0,63.04885,1.048851
train,86,217,61.0,56.879707,-4.1202927
train,86,218,60.0,53.942436,-6.057564
train,86,219,59.0,52.914963,-6.085037
train,86,220,58.0,51.13368,-6.8663216
train,86,221,57.0,50.2814,-6.718601
train,86,222,56.0,47.859253,-8.140747
train,86,223,55.0,44.813858,-10.186142
train,86,224,54.0,43.161884,-10.838116
train,86,225,53.0,40.26488,-12.735119
train,86,226,52.0,40.318886,-11.681114
train,86,227,51.0,40.542107,-10.457893
train,86,228,50.0,43.410786,-6.5892143
train,86,229,49.0,41.394203,-7.605797
train,86,230,48.0,40.843723,-7.1562767
train,86,231,47.0,37.939247,-9.060753
train,86,232,46.0,39.669746,-6.3302536
train,86,233,45.0,39.87251,-5.127491
train,86,234,44.0,43.1515,-0.8484993
train,86,235,43.0,45.97164,2.9716415
train,86,236,42.0,44.714104,2.7141037
train,86,237,41.0,42.48787,1.4878693
train,86,238,40.0,41.426598,1.4265976
train,86,239,39.0,38.763977,-0.23602295
train,86,240,38.0,37.352043,-0.64795685
train,86,241,37.0,33.81687,-3.1831284
train,86,242,36.0,32.299248,-3.7007523
train,86,243,35.0,30.242893,-4.757107
train,86,244,34.0,28.430195,-5.569805
train,86,245,33.0,26.962925,-6.037075
train,86,246,32.0,24.27934,-7.7206593
train,86,247,31.0,22.643757,-8.356243
train,86,248,30.0,19.253233,-10.746767
train,86,249,29.0,15.21041,-13.78959
train,86,250,28.0,13.904072,-14.095928
train,86,251,27.0,11.237292,-15.762708
train,86,252,26.0,11.658158,-14.341842
train,86,253,25.0,13.234772,-11.765228
train,86,254,24.0,13.972044,-10.027956
train,86,255,23.0,11.913695,-11.086305
train,86,256,22.0,10.722855,-11.277145
train,86,257,21.0,7.98044,-13.01956
train,86,258,20.0,7.840711,-12.159288
train,86,259,19.0,10.324114,-8.675886
train,86,260,18.0,10.381086,-7.6189137
train,86,261,17.0,11.689795,-5.3102055
train,86,262,16.0,9.683058,-6.316942
train,86,263,15.0,9.3862095,-5.6137905
train,86,264,14.0,9.0600395,-4.9399605
train,86,265,13.0,8.247704,-4.7522964
train,86,266,12.0,5.9233184,-6.0766816
train,86,267,11.0,4.822723,-6.177277
train,86,268,10.0,4.6299043,-5.3700957
train,86,269,9.0,2.6764781,-6.3235216
train,86,270,8.0,3.1380646,-4.8619356
train,86,271,7.0,3.1133776,-3.8866224
train,86,272,6.0,2.5596228,-3.4403772
train,86,273,5.0,4.042483,-0.95751715
train,86,274,4.0,3.0435429,-0.95645714
train,86,275,3.0,2.828837,-0.17116308
train,86,276,2.0,0.31586012,-1.6841398
train,86,277,1.0,-1.4562528,-2.4562528
train,86,278,0.0,-2.0266364,-2.0266364
train,87,30,148.0,109.031136,-38.968864
train,87,31,147.0,108.03139,-38.968613
train,87,32,146.0,114.33814,-31.661858
train,87,33,145.0,124.03739,-20.962608
train,87,34,144.0,130.38577,-13.614227
train,87,35,143.0,140.21463,-2.7853699
train,87,36,142.0,143.98734,1.9873352
train,87,37,141.0,147.9967,6.996704
train,87,38,140.0,148.7699,8.769897
train,87,39,139.0,150.4614,11.461395
train,87,40,138.0,152.24199,14.241989
train,87,41,137.0,157.74687,20.746872
train,87,42,136.0,162.09177,26.091766
train,87,43,135.0,153.65923,18.659225
train,87,44,134.0,146.81824,12.818237
train,87,45,133.0,143.82216,10.822159
train,87,46,132.0,141.02797,9.027969
train,87,47,131.0,141.67245,10.672455
train,87,48,130.0,137.99161,7.9916077
train,87,49,129.0,136.22833,7.2283325
train,87,50,128.0,136.71259,8.712585
train,87,51,127.0,132.37411,5.374115
train,87,52,126.0,128.0744,2.0744019
train,87,53,125.0,130.52547,5.525467
train,87,54,124.0,129.71918,5.7191772
train,87,55,123.0,131.76729,8.767288
train,87,56,122.0,134.06493,12.064926
train,87,57,121.0,131.24286,10.242859
train,87,58,120.0,125.56669,5.5666885
train,87,59,119.0,117.38987,-1.6101303
train,87,60,118.0,113.66125,-4.3387527
train,87,61,117.0,110.795555,-6.204445
train,87,62,116.0,111.54566,-4.454338
train,87,63,115.0,112.60041,-2.3995895
train,87,64,114.0,106.52032,-7.479683
train,87,65,113.0,105.42017,-7.5798264
train,87,66,112.0,105.07139,-6.9286118
train,87,67,111.0,102.99941,-8.000587
train,87,68,110.0,103.07339,-6.926613
train,87,69,109.0,104.73966,-4.260338
train,87,70,108.0,103.5855,-4.4144974
train,87,71,107.0,104.00303,-2.9969711
train,87,72,106.0,110.423325,4.4233246
train,87,73,105.0,116.69973,11.69973
train,87,74,104.0,125.12421,21.124207
train,87,75,103.0,136.2753,33.2753
train,87,76,102.0,139.5069,37.506897
train,87,77,101.0,146.61365,45.613647
train,87,78,100.0,144.1371,44.1371
train,87,79,99.0,138.40915,39.40915
train,87,80,98.0,136.449,38.449005
train,87,81,97.0,136.4372,39.437195
train,87,82,96.0,137.46292,41.46292
train,87,83,95.0,134.90897,39.908966
train,87,84,94.0,137.73364,43.733643
train,87,85,93.0,133.87222,40.872223
train,87,86,92.0,128.86993,36.869934
train,87,87,91.0,126.36163,35.361633
train,87,88,90.0,119.87535,29.87535
train,87,89,89.0,118.56794,29.56794
train,87,90,88.0,116.49307,28.493073
train,87,91,87.0,113.6345,26.634499
train,87,92,86.0,107.775856,21.775856
train,87,93,85.0,109.69559,24.695587
train,87,94,84.0,107.03896,23.038963
train,87,95,83.0,105.71298,22.712982
train,87,96,82.0,102.982475,20.982475
train,87,97,81.0,98.26938,17.269379
train,87,98,80.0,94.505455,14.505455
train,87,99,79.0,96.44788,17.447884
train,87,100,78.0,97.83941,19.839409
train,87,101,77.0,100.07343,23.073433
train,87,102,76.0,106.85204,30.852043
train,87,103,75.0,111.222466,36.222466
train,87,104,74.0,111.244316,37.244316
train,87,105,73.0,109.34471,36.34471
train,87,106,72.0,106.381615,34.381615
train,87,107,71.0,108.023766,37.023766
train,87,108,70.0,108.087524,38.087524
train,87,109,69.0,103.99206,34.992058
train,87,110,68.0,103.1533,35.153297
train,87,111,67.0,101.06702,34.067017
train,87,112,66.0,97.66985,31.669853
train,87,113,65.0,96.9103,31.910301
train,87,114,64.0,91.601814,27.601814
train,87,115,63.0,90.81724,27.817238
train,87,116,62.0,86.439995,24.439995
train,87,117,61.0,84.55274,23.552742
train,87,118,60.0,83.32654,23.326538
train,87,119,59.0,83.843025,24.843025
train,87,120,58.0,88.36085,30.360847
train,87,121,57.0,86.53144,29.53144
train,87,122,56.0,83.26525,27.265251
train,87,123,55.0,79.988106,24.988106
train,87,124,54.0,76.32168,22.321678
train,87,125,53.0,74.749245,21.749245
train,87,126,52.0,71.79087,19.79087
train,87,127,51.0,73.15833,22.158333
train,87,128,50.0,73.646706,23.646706
train,87,129,49.0,71.74619,22.746193
train,87,130,48.0,67.519325,19.519325
train,87,131,47.0,63.432083,16.432083
train,87,132,46.0,62.233356,16.233356
train,87,133,45.0,67.14467,22.144669
train,87,134,44.0,67.33433,23.334328
train,87,135,43.0,68.320885,25.320885
train,87,136,42.0,64.61866,22.61866
train,87,137,41.0,63.519703,22.519703
train,87,138,40.0,61.44708,21.447079
train,87,139,39.0,61.2374,22.2374
train,87,140,38.0,65.7544,27.754402
train,87,141,37.0,65.60315,28.60315
train,87,142,36.0,62.684097,26.684097
train,87,143,35.0,61.747433,26.747433
train,87,144,34.0,58.25286,24.252861
train,87,145,33.0,58.285316,25.285316
train,87,146,32.0,57.119953,25.119953
train,87,147,31.0,50.559113,19.559113
train,87,148,30.0,47.17196,17.171959
train,87,149,29.0,41.80298,12.8029785
train,87,150,28.0,38.722435,10.722435
train,87,151,27.0,37.196693,10.196693
train,87,152,26.0,34.674866,8.674866
train,87,153,25.0,31.177559,6.177559
train,87,154,24.0,27.161757,3.1617565
train,87,155,23.0,22.663593,-0.3364067
train,87,156,22.0,19.626717,-2.3732834
train,87,157,21.0,16.376822,-4.6231785
train,87,158,20.0,12.194377,-7.805623
train,87,159,19.0,11.37896,-7.6210403
train,87,160,18.0,7.0780573,-10.921943
train,87,161,17.0,5.9640894,-11.035911
train,87,162,16.0,3.3515995,-12.6484
train,87,163,15.0,2.170877,-12.829123
train,87,164,14.0,1.1466302,-12.85337
train,87,165,13.0,1.6324668,-11.367533
train,87,166,12.0,0.40896627,-11.591034
train,87,167,11.0,-0.38920859,-11.389209
train,87,168,10.0,-0.74972194,-10.749722
train,87,169,9.0,-0.6657497,-9.66575
train,87,170,8.0,-1.9009116,-9.900911
train,87,171,7.0,-1.3312644,-8.3312645
train,87,172,6.0,-0.72015625,-6.720156
train,87,173,5.0,-2.8774443,-7.8774443
train,87,174,4.0,-2.3504715,-6.3504715
train,87,175,3.0,-2.2422183,-5.242218
train,87,176,2.0,-3.3759007,-5.3759007
train,87,177,1.0,-4.811469,-5.811469
train,87,178,0.0,-5.1151457,-5.1151457
train,88,30,183.0,144.30716,-38.69284
train,88,31,182.0,150.5615,-31.438507
train,88,32,181.0,153.38412,-27.615875
train,88,33,180.0,150.11623,-29.883774
train,88,34,179.0,153.25255,-25.747452
train,88,35,178.0,165.9836,-12.016403
train,88,36,177.0,174.68674,-2.313263
train,88,37,176.0,175.56363,-0.43637085
train,88,38,175.0,171.63066,-3.369339
train,88,39,174.0,164.0098,-9.990204
train,88,40,173.0,153.5693,-19.430695
train,88,41,172.0,143.97723,-28.022766
train,88,42,171.0,137.39758,-33.602417
train,88,43,170.0,144.16074,-25.839264
train,88,44,169.0,138.86885,-30.13115
train,88,45,168.0,136.1763,-31.8237
train,88,46,167.0,134.74341,-32.25659
train,88,47,166.0,131.1928,-34.807205
train,88,48,165.0,131.81372,-33.18628
train,88,49,164.0,121.46506,-42.534943
train,88,50,163.0,119.87646,-43.123543
train,88,51,162.0,121.42668,-40.57332
train,88,52,161.0,119.2596,-41.740402
train,88,53,160.0,121.378075,-38.621925
train,88,54,159.0,124.10897,-34.89103
train,88,55,158.0,123.75031,-34.249687
train,88,56,157.0,119.876144,-37.123856
train,88,57,156.0,117.46145,-38.53855
train,88,58,155.0,113.17196,-41.82804
train,88,59,154.0,114.30048,-39.699516
train,88,60,153.0,115.14584,-37.854156
train,88,61,152.0,116.223694,-35.776306
train,88,62,151.0,122.71429,-28.285713
train,88,63,150.0,131.92926,-18.07074
train,88,64,149.0,143.92813,-5.071869
train,88,65,148.0,150.95886,2.9588623
train,88,66,147.0,152.9934,5.993393
train,88,67,146.0,150.7175,4.717499
train,88,68,145.0,146.07434,1.0743408
train,88,69,144.0,141.87347,-2.1265259
train,88,70,143.0,133.84073,-9.159271
train,88,71,142.0,129.92908,-12.070923
train,88,72,141.0,129.28271,-11.717285
train,88,73,140.0,132.50385,-7.496155
train,88,74,139.0,135.94533,-3.0546722
train,88,75,138.0,137.58209,-0.4179077
train,88,76,137.0,128.91505,-8.084946
train,88,77,136.0,124.582184,-11.417816
train,88,78,135.0,127.354866,-7.645134
train,88,79,134.0,122.958176,-11.041824
train,88,80,133.0,132.39108,-0.60891724
train,88,81,132.0,143.74117,11.741165
train,88,82,131.0,151.8147,20.814697
train,88,83,130.0,148.23764,18.23764
train,88,84,129.0,145.36159,16.361588
train,88,85,128.0,140.25894,12.258942
train,88,86,127.0,134.71329,7.7132874
train,88,87,126.0,127.56789,1.5678864
train,88,88,125.0,125.3982,0.398201
train,88,89,124.0,127.11478,3.1147766
train,88,90,123.0,130.1665,7.166504
train,88,91,122.0,134.64212,12.64212
train,88,92,121.0,142.32802,21.328018
train,88,93,120.0,150.68129,30.68129
train,88,94,119.0,148.8161,29.816101
train,88,95,118.0,146.69699,28.696991
train,88,96,117.0,137.88344,20.883438
train,88,97,116.0,122.40705,6.407051
train,88,98,115.0,107.872284,-7.127716
train,88,99,114.0,105.39496,-8.6050415
train,88,100,113.0,102.002556,-10.997444
train,88,101,112.0,100.22663,-11.773369
train,88,102,111.0,102.51015,-8.489853
train,88,103,110.0,104.05307,-5.94693
train,88,104,109.0,98.57696,-10.423042
train,88,105,108.0,93.84753,-14.152473
train,88,106,107.0,87.572426,-19.427574
train,88,107,106.0,92.78368,-13.216316
train,88,108,105.0,94.8476,-10.152397
train,88,109,104.0,96.21603,-7.7839737
train,88,110,103.0,88.47486,-14.525139
train,88,111,102.0,87.93734,-14.06266
train,88,112,101.0,79.60494,-21.395058
train,88,113,100.0,73.2273,-26.772697
train,88,114,99.0,65.46859,-33.53141
train,88,115,98.0,67.000244,-30.999756
train,88,116,97.0,70.52067,-26.479332
train,88,117,96.0,72.74883,-23.251167
train,88,118,95.0,76.883125,-18.116875
train,88,119,94.0,81.47568,-12.5243225
train,88,120,93.0,89.261604,-3.7383957
train,88,121,92.0,93.34817,1.3481674
train,88,122,91.0,87.50376,-3.4962387
train,88,123,90.0,74.85254,-15.147461
train,88,124,89.0,65.26272,-23.737282
train,88,125,88.0,57.841774,-30.158226
train,88,126,87.0,59.97446,-27.02554
train,88,127,86.0,61.544666,-24.455334
train,88,128,85.0,65.61761,-19.382393
train,88,129,84.0,66.5046,-17.4954
train,88,130,83.0,69.62941,-13.37059
train,88,131,82.0,76.05509,-5.944908
train,88,132,81.0,82.857506,1.8575058
train,88,133,80.0,88.327065,8.3270645
train,88,134,79.0,94.46772,15.46772
train,88,135,78.0,96.1808,18.180801
train,88,136,77.0,97.16605,20.166054
train,88,137,76.0,93.910774,17.910774
train,88,138,75.0,87.88978,12.889778
train,88,139,74.0,83.0682,9.068199
train,88,140,73.0,79.353325,6.353325
train,88,141,72.0,75.07446,3.074463
train,88,142,71.0,72.55733,1.5573273
train,88,143,70.0,73.06931,3.069313
train,88,144,69.0,75.292244,6.292244
train,88,145,68.0,76.66352,8.663521
train,88,146,67.0,80.65637,13.656372
train,88,147,66.0,81.42542,15.425423
train,88,148,65.0,83.25281,18.252808
train,88,149,64.0,79.59272,15.59272
train,88,150,63.0,70.21191,7.2119064
train,88,151,62.0,60.608963,-1.391037
train,88,152,61.0,56.055458,-4.944542
train,88,153,60.0,53.854263,-6.1457367
train,88,154,59.0,57.76798,-1.2320213
train,88,155,58.0,59.347343,1.3473434
train,88,156,57.0,58.2327,1.2327003
train,88,157,56.0,58.46096,2.4609604
train,88,158,55.0,55.284203,0.28420258
train,88,159,54.0,57.399864,3.3998642
train,88,160,53.0,59.025932,6.0259323
train,88,161,52.0,63.080517,11.080517
train,88,162,51.0,66.92399,15.923988
train,88,163,50.0,65.539925,15.539925
train,88,164,49.0,64.02555,15.025551
train,88,165,48.0,63.64525,15.645248
train,88,166,47.0,63.630814,16.630814
train,88,167,46.0,59.67812,13.67812
train,88,168,45.0,56.82684,11.826839
train,88,169,44.0,49.850716,5.8507156
train,88,170,43.0,50.06183,7.0618286
train,88,171,42.0,48.43612,6.436119
train,88,172,41.0,47.923286,6.9232864
train,88,173,40.0,44.96556,4.965561
train,88,174,39.0,44.9132,5.9132004
train,88,175,38.0,39.04016,1.0401611
train,88,176,37.0,33.07265,-3.927349
train,88,177,36.0,31.824577,-4.1754227
train,88,178,35.0,28.78799,-6.2120094
train,88,179,34.0,22.784506,-11.215494
train,88,180,33.0,18.999588,-14.000412
train,88,181,32.0,17.607977,-14.392023
train,88,182,31.0,18.624762,-12.375238
train,88,183,30.0,18.86056,-11.139441
train,88,184,29.0,16.47659,-12.523411
train,88,185,28.0,17.13827,-10.861731
train,88,186,27.0,18.313988,-8.686012
train,88,187,26.0,17.876556,-8.123444
train,88,188,25.0,19.880299,-5.1197014
train,88,189,24.0,20.974304,-3.0256958
train,88,190,23.0,21.707403,-1.2925968
train,88,191,22.0,21.026846,-0.97315407
train,88,192,21.0,20.489643,-0.5103569
train,88,193,20.0,19.453781,-0.5462189
train,88,194,19.0,19.045547,0.045547485
train,88,195,18.0,18.64204,0.64204025
train,88,196,17.0,18.503475,1.5034752
train,88,197,16.0,16.022293,0.02229309
train,88,198,15.0,16.08974,1.0897408
train,88,199,14.0,14.796956,0.79695606
train,88,200,13.0,13.380863,0.3808632
train,88,201,12.0,12.28516,0.28516006
train,88,202,11.0,12.001961,1.0019608
train,88,203,10.0,12.252939,2.2529392
train,88,204,9.0,9.546446,0.54644585
train,88,205,8.0,8.846968,0.8469677
train,88,206,7.0,6.7025547,-0.2974453
train,88,207,6.0,3.3975472,-2.6024528
train,88,208,5.0,4.021488,-0.9785118
train,88,209,4.0,2.5335379,-1.4664621
train,88,210,3.0,0.9628411,-2.037159
train,88,211,2.0,0.71674997,-1.2832501
train,88,212,1.0,0.26503238,-0.7349676
train,88,213,0.0,-1.7868385,-1.7868385
train,89,30,187.0,187.39987,0.39987183
train,89,31,186.0,192.40466,6.404663
train,89,32,185.0,194.65007,9.65007
train,89,33,184.0,194.67409,10.674088
train,89,34,183.0,194.38834,11.388336
train,89,35,182.0,197.12457,15.124573
train,89,36,181.0,196.86386,15.863861
train,89,37,180.0,189.62856,9.628555
train,89,38,179.0,187.81082,8.810822
train,89,39,178.0,175.91272,-2.0872803
train,89,40,177.0,170.1748,-6.8251953
train,89,41,176.0,169.58655,-6.413452
train,89,42,175.0,165.22592,-9.774078
train,89,43,174.0,164.3289,-9.671097
train,89,44,173.0,168.41142,-4.5885773
train,89,45,172.0,180.32495,8.324951
train,89,46,171.0,188.76828,17.76828
train,89,47,170.0,199.07825,29.078247
train,89,48,169.0,204.51157,35.511566
train,89,49,168.0,204.53748,36.537476
train,89,50,167.0,206.81786,39.817856
train,89,51,166.0,208.9844,42.984406
train,89,52,165.0,214.53394,49.533936
train,89,53,164.0,213.52129,49.521286
train,89,54,163.0,201.42053,38.420532
train,89,55,162.0,193.99252,31.992523
train,89,56,161.0,189.4133,28.4133
train,89,57,160.0,181.30943,21.309433
train,89,58,159.0,181.60046,22.600464
train,89,59,158.0,182.85107,24.851074
train,89,60,157.0,187.71132,30.711319
train,89,61,156.0,188.3119,32.311905
train,89,62,155.0,196.82452,41.824524
train,89,63,154.0,194.34496,40.344955
train,89,64,153.0,193.01733,40.017334
train,89,65,152.0,184.90895,32.90895
train,89,66,151.0,173.48752,22.487518
train,89,67,150.0,163.71014,13.710144
train,89,68,149.0,156.3497,7.349701
train,89,69,148.0,149.9431,1.9431
train,89,70,147.0,140.91934,-6.080658
train,89,71,146.0,131.75731,-14.242691
train,89,72,145.0,126.32859,-18.67141
train,89,73,144.0,133.37582,-10.624176
train,89,74,143.0,140.97894,-2.0210571
train,89,75,142.0,142.26315,0.26315308
train,89,76,141.0,143.74573,2.7457275
train,89,77,140.0,149.04129,9.04129
train,89,78,139.0,152.70334,13.703339
train,89,79,138.0,159.34218,21.342178
train,89,80,137.0,167.6685,30.668503
train,89,81,136.0,165.58897,29.588974
train,89,82,135.0,165.80888,30.808884
train,89,83,134.0,157.38455,23.384552
train,89,84,133.0,151.00348,18.003479
train,89,85,132.0,151.51648,19.51648
train,89,86,131.0,143.90016,12.900162
train,89,87,130.0,142.4791,12.479095
train,89,88,129.0,139.9617,10.9617
train,89,89,128.0,141.84935,13.84935
train,89,90,127.0,135.81253,8.8125305
train,89,91,126.0,141.23868,15.238678
train,89,92,125.0,145.04706,20.047058
train,89,93,124.0,146.8148,22.814804
train,89,94,123.0,143.6253,20.625305
train,89,95,122.0,142.20935,20.20935
train,89,96,121.0,143.38405,22.384048
train,89,97,120.0,140.80331,20.803314
train,89,98,119.0,140.42853,21.428528
train,89,99,118.0,137.21338,19.213379
train,89,100,117.0,137.5029,20.5029
train,89,101,116.0,140.13646,24.13646
train,89,102,115.0,140.3164,25.316406
train,89,103,114.0,135.21736,21.217361
train,89,104,113.0,136.99017,23.990173
train,89,105,112.0,142.01656,30.016556
train,89,106,111.0,143.68643,32.68643
train,89,107,110.0,147.92096,37.92096
train,89,108,109.0,150.8623,41.862305
train,89,109,108.0,160.08194,52.08194
train,89,110,107.0,161.68912,54.689117
train,89,111,106.0,162.86392,56.863922
train,89,112,105.0,158.02061,53.020615
train,89,113,104.0,151.19629,47.19629
train,89,114,103.0,148.49014,45.490143
train,89,115,102.0,145.67424,43.67424
train,89,116,101.0,139.45287,38.452866
train,89,117,100.0,135.00757,35.00757
train,89,118,99.0,131.63599,32.635986
train,89,119,98.0,127.519035,29.519035
train,89,120,97.0,123.79169,26.791687
train,89,121,96.0,122.52609,26.526093
train,89,122,95.0,120.20167,25.201668
train,89,123,94.0,112.6771,18.677101
train,89,124,93.0,107.55826,14.558258
train,89,125,92.0,106.5879,14.587898
train,89,126,91.0,99.15371,8.153709
train,89,127,90.0,98.1392,8.139198
train,89,128,89.0,98.89475,9.8947525
train,89,129,88.0,99.83491,11.834908
train,89,130,87.0,101.358345,14.358345
train,89,131,86.0,96.82365,10.823647
train,89,132,85.0,96.94874,11.948738
train,89,133,84.0,97.468956,13.468956
train,89,134,83.0,95.195335,12.195335
train,89,135,82.0,96.557816,14.557816
train,89,136,81.0,97.387665,16.387665
train,89,137,80.0,107.32317,27.323174
train,89,138,79.0,109.3285,30.328499
train,89,139,78.0,103.50631,25.50631
train,89,140,77.0,104.96976,27.969757
train,89,141,76.0,105.01067,29.010674
train,89,142,75.0,108.10223,33.102226
train,89,143,74.0,102.15403,28.15403
train,89,144,73.0,103.2724,30.2724
train,89,145,72.0,100.710365,28.710365
train,89,146,71.0,101.36469,30.364693
train,89,147,70.0,97.610855,27.610855
train,89,148,69.0,102.006355,33.006355
train,89,149,68.0,103.80689,35.806892
train,89,150,67.0,103.80282,36.80282
train,89,151,66.0,94.49857,28.498573
train,89,152,65.0,86.958,21.958
train,89,153,64.0,80.34557,16.345573
train,89,154,63.0,72.66434,9.664337
train,89,155,62.0,63.15771,1.157711
train,89,156,61.0,55.772,-5.2280006
train,89,157,60.0,51.994606,-8.005394
train,89,158,59.0,55.923782,-3.0762177
train,89,159,58.0,57.660336,-0.33966446
train,89,160,57.0,57.535397,0.5353966
train,89,161,56.0,62.66072,6.660721
train,89,162,55.0,61.706467,6.7064667
train,89,163,54.0,62.82673,8.826729
train,89,164,53.0,62.1513,9.1512985
train,89,165,52.0,59.576332,7.576332
train,89,166,51.0,58.96735,7.96735
train,89,167,50.0,55.683907,5.6839066
train,89,168,49.0,53.663616,4.663616
train,89,169,48.0,54.792213,6.7922134
train,89,170,47.0,51.357044,4.357044
train,89,171,46.0,50.451317,4.451317
train,89,172,45.0,46.150383,1.150383
train,89,173,44.0,44.74764,0.7476387
train,89,174,43.0,45.937122,2.9371223
train,89,175,42.0,47.021957,5.0219574
train,89,176,41.0,43.72811,2.7281113
train,89,177,40.0,44.69175,4.6917496
train,89,178,39.0,43.888695,4.888695
train,89,179,38.0,43.398304,5.398304
train,89,180,37.0,40.724106,3.7241058
train,89,181,36.0,35.60458,-0.39542007
train,89,182,35.0,28.767525,-6.2324753
train,89,183,34.0,25.016418,-8.983582
train,89,184,33.0,22.807814,-10.192186
train,89,185,32.0,22.303612,-9.696388
train,89,186,31.0,20.033358,-10.966642
train,89,187,30.0,21.511507,-8.488493
train,89,188,29.0,22.366568,-6.6334324
train,89,189,28.0,22.06753,-5.9324703
train,89,190,27.0,21.990522,-5.0094776
train,89,191,26.0,22.477783,-3.5222168
train,89,192,25.0,23.56793,-1.4320698
train,89,193,24.0,22.562225,-1.4377747
train,89,194,23.0,20.904888,-2.0951118
train,89,195,22.0,23.028742,1.0287418
train,89,196,21.0,21.396873,0.39687347
train,89,197,20.0,17.967476,-2.032524
train,89,198,19.0,17.287498,-1.7125015
train,89,199,18.0,16.978228,-1.0217724
train,89,200,17.0,15.531052,-1.4689484
train,89,201,16.0,12.021292,-3.9787083
train,89,202,15.0,10.5560055,-4.4439945
train,89,203,14.0,9.09098,-4.9090204
train,89,204,13.0,8.922909,-4.077091
train,89,205,12.0,6.7586184,-5.2413816
train,89,206,11.0,4.767579,-6.232421
train,89,207,10.0,5.311425,-4.688575
train,89,208,9.0,4.4894824,-4.5105176
train,89,209,8.0,3.3818831,-4.618117
train,89,210,7.0,2.4805841,-4.519416
train,89,211,6.0,3.012611,-2.987389
train,89,212,5.0,0.4968401,-4.50316
train,89,213,4.0,-0.558224,-4.558224
train,89,214,3.0,-1.8672314,-4.8672314
train,89,215,2.0,-3.8104277,-5.8104277
train,89,216,1.0,-4.8117332,-5.8117332
train,89,217,0.0,-2.045177,-2.045177
train,90,30,124.0,163.52594,39.52594
train,90,31,123.0,164.9758,41.9758
train,90,32,122.0,165.15392,43.153915
train,90,33,121.0,163.52988,42.529877
train,90,34,120.0,161.5138,41.513794
train,90,35,119.0,165.0285,46.028503
train,90,36,118.0,169.94487,51.94487
train,90,37,117.0,172.40851,55.40851
train,90,38,116.0,174.40866,58.40866
train,90,39,115.0,173.52342,58.523422
train,90,40,114.0,167.34926,53.34926
train,90,41,113.0,158.34981,45.349808
train,90,42,112.0,154.8346,42.834595
train,90,43,111.0,164.5543,53.554306
train,90,44,110.0,171.07462,61.074615
train,90,45,109.0,175.04987,66.049866
train,90,46,108.0,179.46371,71.463715
train,90,47,107.0,180.30116,73.30116
train,90,48,106.0,179.00378,73.003784
train,90,49,105.0,170.88492,65.88492
train,90,50,104.0,169.09384,65.09384
train,90,51,103.0,168.23914,65.239136
train,90,52,102.0,166.77249,64.77249
train,90,53,101.0,163.44688,62.446884
train,90,54,100.0,169.03079,69.03079
train,90,55,99.0,169.82869,70.82869
train,90,56,98.0,174.5492,76.549194
train,90,57,97.0,161.46463,64.46463
train,90,58,96.0,153.5245,57.524506
train,90,59,95.0,139.21329,44.213287
train,90,60,94.0,130.21063,36.210632
train,90,61,93.0,124.980095,31.980095
train,90,62,92.0,124.71128,32.71128
train,90,63,91.0,131.1582,40.158203
train,90,64,90.0,134.89276,44.89276
train,90,65,89.0,138.36093,49.36093
train,90,66,88.0,130.91222,42.912216
train,90,67,87.0,123.90146,36.90146
train,90,68,86.0,118.88525,32.885246
train,90,69,85.0,119.47326,34.47326
train,90,70,84.0,122.53365,38.533653
train,90,71,83.0,126.11692,43.11692
train,90,72,82.0,130.72076,48.720764
train,90,73,81.0,128.78073,47.78073
train,90,74,80.0,121.40649,41.406487
train,90,75,79.0,121.35618,42.35618
train,90,76,78.0,121.900314,43.900314
train,90,77,77.0,119.44868,42.448677
train,90,78,76.0,113.60376,37.60376
train,90,79,75.0,114.0699,39.0699
train,90,80,74.0,111.55392,37.553917
train,90,81,73.0,114.344666,41.344666
train,90,82,72.0,118.83595,46.835953
train,90,83,71.0,121.37423,50.37423
train,90,84,70.0,117.67055,47.670547
train,90,85,69.0,117.36789,48.36789
train,90,86,68.0,114.59834,46.598343
train,90,87,67.0,111.30019,44.300194
train,90,88,66.0,103.4308,37.4308
train,90,89,65.0,102.20177,37.201767
train,90,90,64.0,101.16857,37.16857
train,90,91,63.0,107.263504,44.263504
train,90,92,62.0,108.28637,46.28637
train,90,93,61.0,104.03774,43.037743
train,90,94,60.0,99.41406,39.414062
train,90,95,59.0,91.61834,32.61834
train,90,96,58.0,86.1441,28.144096
train,90,97,57.0,86.63572,29.63572
train,90,98,56.0,87.3174,31.317398
train,90,99,55.0,96.633675,41.633675
train,90,100,54.0,102.52497,48.52497
train,90,101,53.0,103.147835,50.147835
train,90,102,52.0,103.63005,51.63005
train,90,103,51.0,101.074455,50.074455
train,90,104,50.0,96.30118,46.301178
train,90,105,49.0,90.749886,41.749886
train,90,106,48.0,81.28423,33.284233
train,90,107,47.0,77.504486,30.504486
train,90,108,46.0,76.092865,30.092865
train,90,109,45.0,77.87578,32.87578
train,90,110,44.0,73.0136,29.013603
train,90,111,43.0,76.8347,33.8347
train,90,112,42.0,72.86672,30.866722
train,90,113,41.0,71.001564,30.001564
train,90,114,40.0,63.76028,23.76028
train,90,115,39.0,56.34672,17.346722
train,90,116,38.0,53.554092,15.554092
train,90,117,37.0,55.231544,18.231544
train,90,118,36.0,61.59439,25.59439
train,90,119,35.0,62.09411,27.094109
train,90,120,34.0,61.609222,27.609222
train,90,121,33.0,60.454613,27.454613
train,90,122,32.0,55.31242,23.31242
train,90,123,31.0,54.22912,23.229118
train,90,124,30.0,46.690742,16.690742
train,90,125,29.0,44.55172,15.55172
train,90,126,28.0,48.357513,20.357513
train,90,127,27.0,55.471405,28.471405
train,90,128,26.0,57.844494,31.844494
train,90,129,25.0,61.719658,36.719658
train,90,130,24.0,57.55879,33.55879
train,90,131,23.0,52.460056,29.460056
train,90,132,22.0,47.20913,25.20913
train,90,133,21.0,41.04249,20.042488
train,90,134,20.0,32.54866,12.54866
train,90,135,19.0,24.691156,5.6911564
train,90,136,18.0,21.168295,3.168295
train,90,137,17.0,18.875648,1.8756485
train,90,138,16.0,19.911854,3.9118538
train,90,139,15.0,11.506163,-3.4938374
train,90,140,14.0,10.789442,-3.210558
train,90,141,13.0,7.518075,-5.481925
train,90,142,12.0,5.3744607,-6.6255393
train,90,143,11.0,4.8036675,-6.1963325
train,90,144,10.0,1.6075777,-8.392423
train,90,145,9.0,-0.9779876,-9.977987
train,90,146,8.0,-1.9791439,-9.979144
train,90,147,7.0,-4.0198054,-11.019806
train,90,148,6.0,-6.2431755,-12.2431755
train,90,149,5.0,-5.328706,-10.328706
train,90,150,4.0,-2.7624683,-6.7624683
train,90,151,3.0,-0.9010237,-3.9010236
train,90,152,2.0,-3.001872,-5.001872
train,90,153,1.0,-1.6790329,-2.6790328
train,90,154,0.0,-1.1236678,-1.1236678
train,92,30,311.0,170.81808,-140.18192
train,92,31,310.0,172.54306,-137.45694
train,92,32,309.0,171.83498,-137.16502
train,92,33,308.0,172.13174,-135.86826
train,92,34,307.0,175.2558,-131.7442
train,92,35,306.0,172.72421,-133.27579
train,92,36,305.0,177.35141,-127.64859
train,92,37,304.0,179.47162,-124.52838
train,92,38,303.0,180.47873,-122.52127
train,92,39,302.0,180.21573,-121.78427
train,92,40,301.0,177.94467,-123.05533
train,92,41,300.0,181.87509,-118.12491
train,92,42,299.0,179.03952,-119.96048
train,92,43,298.0,176.03192,-121.96808
train,92,44,297.0,175.47223,-121.52777
train,92,45,296.0,179.76454,-116.23546
train,92,46,295.0,187.26013,-107.73987
train,92,47,294.0,189.77887,-104.22113
train,92,48,293.0,194.58887,-98.41113
train,92,49,292.0,193.84216,-98.15784
train,92,50,291.0,188.26773,-102.73227
train,92,51,290.0,176.85074,-113.14926
train,92,52,289.0,169.5149,-119.48511
train,92,53,288.0,161.89742,-126.102585
train,92,54,287.0,157.0737,-129.9263
train,92,55,286.0,157.18787,-128.81213
train,92,56,285.0,170.41107,-114.58893
train,92,57,284.0,179.90384,-104.09616
train,92,58,283.0,192.78528,-90.21472
train,92,59,282.0,192.31615,-89.68385
train,92,60,281.0,193.39189,-87.60811
train,92,61,280.0,191.01376,-88.98624
train,92,62,279.0,198.52963,-80.47037
train,92,63,278.0,204.99326,-73.006744
train,92,64,277.0,209.34776,-67.65224
train,92,65,276.0,211.48688,-64.51312
train,92,66,275.0,213.0646,-61.935394
train,92,67,274.0,212.69427,-61.305725
train,92,68,273.0,218.77876,-54.221237
train,92,69,272.0,218.57442,-53.425583
train,92,70,271.0,218.54544,-52.45456
train,92,71,270.0,214.69662,-55.303375
train,92,72,269.0,211.23318,-57.766815
train,92,73,268.0,207.50815,-60.49185
train,92,74,267.0,206.6496,-60.350403
train,92,75,266.0,216.84937,-49.150635
train,92,76,265.0,217.34749,-47.65251
train,92,77,264.0,219.66687,-44.33313
train,92,78,263.0,221.85327,-41.14673
train,92,79,262.0,212.73335,-49.266647
train,92,80,261.0,207.8617,-53.138306
train,92,81,260.0,203.08752,-56.912476
train,92,82,259.0,204.2947,-54.705307
train,92,83,258.0,205.75717,-52.24283
train,92,84,257.0,206.16838,-50.83162
train,92,85,256.0,210.54764,-45.452362
train,92,86,255.0,205.04355,-49.95645
train,92,87,254.0,201.12021,-52.87979
train,92,88,253.0,194.05634,-58.943665
train,92,89,252.0,188.28207,-63.717926
train,92,90,251.0,179.88776,-71.11224
train,92,91,250.0,178.70145,-71.29855
train,92,92,249.0,171.69603,-77.30397
train,92,93,248.0,170.28415,-77.71585
train,92,94,247.0,169.65155,-77.34845
train,92,95,246.0,177.8789,-68.12109
train,92,96,245.0,182.5236,-62.476395
train,92,97,244.0,184.22473,-59.77527
train,92,98,243.0,179.57889,-63.421112
train,92,99,242.0,174.88599,-67.11401
train,92,100,241.0,168.56293,-72.43707
train,92,101,240.0,163.89366,-76.10634
train,92,102,239.0,158.77013,-80.22987
train,92,103,238.0,152.01729,-85.98271
train,92,104,237.0,151.35757,-85.642426
train,92,105,236.0,146.69118,-89.30882
train,92,106,235.0,144.64331,-90.35669
train,92,107,234.0,142.74603,-91.25397
train,92,108,233.0,143.69891,-89.30109
train,92,109,232.0,148.52754,-83.47246
train,92,110,231.0,158.2566,-72.74339
train,92,111,230.0,164.21255,-65.787445
train,92,112,229.0,165.13493,-63.865067
train,92,113,228.0,168.8493,-59.150696
train,92,114,227.0,177.09943,-49.900574
train,92,115,226.0,179.39319,-46.60681
train,92,116,225.0,176.23428,-48.765717
train,92,117,224.0,174.82309,-49.17691
train,92,118,223.0,167.2739,-55.726105
train,92,119,222.0,164.70581,-57.29419
train,92,120,221.0,168.13995,-52.860046
train,92,121,220.0,166.18129,-53.81871
train,92,122,219.0,179.41028,-39.58972
train,92,123,218.0,183.05795,-34.942047
train,92,124,217.0,187.85721,-29.142792
train,92,125,216.0,185.0743,-30.925705
train,92,126,215.0,189.57541,-25.424591
train,92,127,214.0,187.83502,-26.164978
train,92,128,213.0,185.99953,-27.000473
train,92,129,212.0,187.58127,-24.418732
train,92,130,211.0,182.91904,-28.080963
train,92,131,210.0,175.58455,-34.41545
train,92,132,209.0,169.82675,-39.17325
train,92,133,208.0,159.05826,-48.941742
train,92,134,207.0,154.04642,-52.953583
train,92,135,206.0,150.6672,-55.332794
train,92,136,205.0,148.08551,-56.91449
train,92,137,204.0,150.74081,-53.259186
train,92,138,203.0,162.9458,-40.0542
train,92,139,202.0,170.3432,-31.6568
train,92,140,201.0,170.18501,-30.814987
train,92,141,200.0,167.85533,-32.14467
train,92,142,199.0,168.13354,-30.866455
train,92,143,198.0,170.74152,-27.258484
train,92,144,197.0,170.95612,-26.043884
train,92,145,196.0,166.97137,-29.028625
train,92,146,195.0,168.63452,-26.365479
train,92,147,194.0,162.91324,-31.086761
train,92,148,193.0,159.58536,-33.414642
train,92,149,192.0,159.5805,-32.419495
train,92,150,191.0,160.1541,-30.845901
train,92,151,190.0,153.64958,-36.350418
train,92,152,189.0,150.67012,-38.32988
train,92,153,188.0,148.0781,-39.921906
train,92,154,187.0,145.341,-41.658997
train,92,155,186.0,148.68887,-37.311127
train,92,156,185.0,151.92986,-33.070145
train,92,157,184.0,157.83109,-26.168915
train,92,158,183.0,166.29791,-16.702087
train,92,159,182.0,165.55429,-16.44571
train,92,160,181.0,156.6327,-24.367294
train,92,161,180.0,149.63417,-30.36583
train,92,162,179.0,142.82605,-36.17395
train,92,163,178.0,133.025,-44.975006
train,92,164,177.0,129.5058,-47.4942
train,92,165,176.0,134.68306,-41.31694
train,92,166,175.0,138.69193,-36.308075
train,92,167,174.0,134.7883,-39.2117
train,92,168,173.0,128.70769,-44.292313
train,92,169,172.0,123.6968,-48.3032
train,92,170,171.0,129.26746,-41.732544
train,92,171,170.0,135.37643,-34.623566
train,92,172,169.0,141.48793,-27.51207
train,92,173,168.0,146.46007,-21.539932
train,92,174,167.0,153.49638,-13.503616
train,92,175,166.0,157.41972,-8.5802765
train,92,176,165.0,157.96313,-7.036865
train,92,177,164.0,159.54958,-4.450424
train,92,178,163.0,156.16525,-6.8347473
train,92,179,162.0,153.1878,-8.812195
train,92,180,161.0,146.08209,-14.917908
train,92,181,160.0,141.54,-18.460007
train,92,182,159.0,140.98074,-18.019257
train,92,183,158.0,137.63234,-20.36766
train,92,184,157.0,136.74055,-20.259445
train,92,185,156.0,137.31792,-18.682083
train,92,186,155.0,139.21869,-15.781311
train,92,187,154.0,149.2435,-4.7565002
train,92,188,153.0,159.079,6.0789948
train,92,189,152.0,156.85703,4.857025
train,92,190,151.0,153.96605,2.9660492
train,92,191,150.0,151.11316,1.1131592
train,92,192,149.0,154.4274,5.4273987
train,92,193,148.0,147.54443,-0.4555664
train,92,194,147.0,145.32751,-1.6724854
train,92,195,146.0,135.81993,-10.180069
train,92,196,145.0,124.783714,-20.216286
train,92,197,144.0,116.788864,-27.211136
train,92,198,143.0,111.697136,-31.302864
train,92,199,142.0,111.493935,-30.506065
train,92,200,141.0,109.23591,-31.764091
train,92,201,140.0,109.05828,-30.94172
train,92,202,139.0,113.85584,-25.144157
train,92,203,138.0,115.61977,-22.380234
train,92,204,137.0,122.95158,-14.048424
train,92,205,136.0,126.299385,-9.700615
train,92,206,135.0,123.88841,-11.111588
train,92,207,134.0,119.39002,-14.609978
train,92,208,133.0,112.96381,-20.036186
train,92,209,132.0,110.82809,-21.171913
train,92,210,131.0,109.74174,-21.258263
train,92,211,130.0,111.329254,-18.670746
train,92,212,129.0,115.17475,-13.825249
train,92,213,128.0,116.44803,-11.551971
train,92,214,127.0,116.97911,-10.020889
train,92,215,126.0,124.61476,-1.3852386
train,92,216,125.0,125.74596,0.7459564
train,92,217,124.0,118.58696,-5.41304
train,92,218,123.0,112.625404,-10.374596
train,92,219,122.0,109.29603,-12.703972
train,92,220,121.0,107.7358,-13.264198
train,92,221,120.0,111.49625,-8.503754
train,92,222,119.0,110.76758,-8.232422
train,92,223,118.0,104.51789,-13.482109
train,92,224,117.0,95.186806,-21.813194
train,92,225,116.0,86.831535,-29.168465
train,92,226,115.0,79.79363,-35.206367
train,92,227,114.0,77.623726,-36.376274
train,92,228,113.0,76.71215,-36.28785
train,92,229,112.0,75.168106,-36.831894
train,92,230,111.0,75.211754,-35.788246
train,92,231,110.0,74.663506,-35.336494
train,92,232,109.0,78.50327,-30.496727
train,92,233,108.0,75.25036,-32.74964
train,92,234,107.0,70.7241,-36.2759
train,92,235,106.0,65.608986,-40.391014
train,92,236,105.0,60.048767,-44.951233
train,92,237,104.0,56.642097,-47.357903
train,92,238,103.0,56.95051,-46.04949
train,92,239,102.0,59.74337,-42.25663
train,92,240,101.0,63.154423,-37.845577
train,92,241,100.0,68.30091,-31.69909
train,92,242,99.0,71.47753,-27.522469
train,92,243,98.0,75.81217,-22.187828
train,92,244,97.0,77.9504,-19.049599
train,92,245,96.0,79.18133,-16.818672
train,92,246,95.0,75.444,-19.556
train,92,247,94.0,75.89477,-18.105232
train,92,248,93.0,73.5213,-19.478699
train,92,249,92.0,70.89567,-21.104332
train,92,250,91.0,71.7427,-19.257301
train,92,251,90.0,76.15336,-13.846642
train,92,252,89.0,83.90159,-5.0984116
train,92,253,88.0,85.26746,-2.7325363
train,92,254,87.0,87.52843,0.5284271
train,92,255,86.0,91.528404,5.528404
train,92,256,85.0,89.70412,4.704117
train,92,257,84.0,90.34756,6.347557
train,92,258,83.0,87.85508,4.8550797
train,92,259,82.0,89.96949,7.96949
train,92,260,81.0,88.79187,7.79187
train,92,261,80.0,86.845795,6.8457947
train,92,262,79.0,84.63919,5.6391907
train,92,263,78.0,82.26127,4.2612686
train,92,264,77.0,83.35371,6.3537064
train,92,265,76.0,78.79237,2.7923737
train,92,266,75.0,71.94246,-3.057541
train,92,267,74.0,68.30796,-5.6920395
train,92,268,73.0,68.64233,-4.3576736
train,92,269,72.0,72.2804,0.28040314
train,92,270,71.0,73.725815,2.7258148
train,92,271,70.0,72.89074,2.8907394
train,92,272,69.0,69.22555,0.22554779
train,92,273,68.0,68.21363,0.21363068
train,92,274,67.0,68.72427,1.7242737
train,92,275,66.0,68.538,2.538002
train,92,276,65.0,68.295296,3.2952957
train,92,277,64.0,68.687004,4.687004
train,92,278,63.0,65.69544,2.6954422
train,92,279,62.0,61.642258,-0.3577423
train,92,280,61.0,60.02813,-0.9718704
train,92,281,60.0,60.93243,0.93243027
train,92,282,59.0,67.60201,8.602013
train,92,283,58.0,72.80192,14.801918
train,92,284,57.0,77.42076,20.420761
train,92,285,56.0,77.96572,21.965721
train,92,286,55.0,74.308784,19.308784
train,92,287,54.0,70.724495,16.724495
train,92,288,53.0,64.13515,11.135147
train,92,289,52.0,62.74652,10.746521
train,92,290,51.0,59.735035,8.735035
train,92,291,50.0,55.37706,5.37706
train,92,292,49.0,51.193443,2.1934433
train,92,293,48.0,49.94066,1.9406586
train,92,294,47.0,48.91851,1.9185104
train,92,295,46.0,49.775055,3.775055
train,92,296,45.0,49.68737,4.6873703
train,92,297,44.0,49.414116,5.414116
train,92,298,43.0,48.067783,5.0677834
train,92,299,42.0,48.479614,6.4796143
train,92,300,41.0,50.141556,9.141556
train,92,301,40.0,50.158813,10.158813
train,92,302,39.0,49.291786,10.291786
train,92,303,38.0,47.160347,9.160347
train,92,304,37.0,43.12597,6.125969
train,92,305,36.0,37.6297,1.6296997
train,92,306,35.0,35.667953,0.6679535
train,92,307,34.0,33.967163,-0.032836914
train,92,308,33.0,33.542404,0.5424042
train,92,309,32.0,30.907875,-1.0921249
train,92,310,31.0,32.084515,1.0845146
train,92,311,30.0,32.21293,2.2129288
train,92,312,29.0,28.88332,-0.116680145
train,92,313,28.0,26.741076,-1.2589245
train,92,314,27.0,25.802689,-1.1973114
train,92,315,26.0,24.933617,-1.0663834
train,92,316,25.0,23.374006,-1.6259937
train,92,317,24.0,20.734222,-3.2657776
train,92,318,23.0,17.836567,-5.163433
train,92,319,22.0,14.263108,-7.7368917
train,92,320,21.0,12.923659,-8.076341
train,92,321,20.0,8.869244,-11.130756
train,92,322,19.0,7.1310835,-11.8689165
train,92,323,18.0,7.304773,-10.695227
train,92,324,17.0,5.559638,-11.440362
train,92,325,16.0,8.056654,-7.943346
train,92,326,15.0,5.5375323,-9.462467
train,92,327,14.0,4.245449,-9.754551
train,92,328,13.0,3.923873,-9.076127
train,92,329,12.0,5.4810286,-6.5189714
train,92,330,11.0,4.03668,-6.96332
train,92,331,10.0,1.4797233,-8.520277
train,92,332,9.0,1.8170074,-7.1829925
train,92,333,8.0,1.2962011,-6.703799
train,92,334,7.0,-0.53319806,-7.533198
train,92,335,6.0,-0.0862085,-6.0862083
train,92,336,5.0,-0.4908873,-5.490887
train,92,337,4.0,-0.8798391,-4.879839
train,92,338,3.0,-3.3283064,-6.328306
train,92,339,2.0,-2.249099,-4.249099
train,92,340,1.0,-2.1105256,-3.1105256
train,92,341,0.0,-3.9356897,-3.9356897
train,93,30,125.0,134.99683,9.996826
train,93,31,124.0,141.62555,17.62555
train,93,32,123.0,144.74075,21.740753
train,93,33,122.0,155.68835,33.688354
train,93,34,121.0,159.35904,38.35904
train,93,35,120.0,162.52588,42.52588
train,93,36,119.0,158.08488,39.084885
train,93,37,118.0,159.56686,41.566864
train,93,38,117.0,148.61978,31.619781
train,93,39,116.0,146.44705,30.447052
train,93,40,115.0,141.18863,26.18863
train,93,41,114.0,145.24649,31.24649
train,93,42,113.0,155.86917,42.86917
train,93,43,112.0,163.81476,51.81476
train,93,44,111.0,168.13597,57.13597
train,93,45,110.0,174.71391,64.71391
train,93,46,109.0,170.76883,61.76883
train,93,47,108.0,169.27881,61.27881
train,93,48,107.0,170.03343,63.033432
train,93,49,106.0,169.40811,63.40811
train,93,50,105.0,164.45117,59.45117
train,93,51,104.0,154.8171,50.817093
train,93,52,103.0,152.70442,49.704422
train,93,53,102.0,151.09595,49.095947
train,93,54,101.0,156.15488,55.154877
train,93,55,100.0,158.37086,58.370865
train,93,56,99.0,163.23117,64.23117
train,93,57,98.0,157.40526,59.40526
train,93,58,97.0,151.92444,54.92444
train,93,59,96.0,141.82022,45.82022
train,93,60,95.0,143.09453,48.09453
train,93,61,94.0,141.8258,47.825806
train,93,62,93.0,143.22708,50.22708
train,93,63,92.0,133.61952,41.619522
train,93,64,91.0,129.89397,38.893967
train,93,65,90.0,130.37714,40.377136
train,93,66,89.0,125.800224,36.800224
train,93,67,88.0,115.966286,27.966286
train,93,68,87.0,114.29566,27.295662
train,93,69,86.0,112.65237,26.652367
train,93,70,85.0,108.60151,23.60151
train,93,71,84.0,103.57636,19.576363
train,93,72,83.0,99.77975,16.779747
train,93,73,82.0,97.84091,15.840912
train,93,74,81.0,96.65556,15.655563
train,93,75,80.0,90.447,10.446999
train,93,76,79.0,90.05554,11.055542
train,93,77,78.0,82.64553,4.6455307
train,93,78,77.0,85.75535,8.755348
train,93,79,76.0,86.397675,10.397675
train,93,80,75.0,89.49263,14.49263
train,93,81,74.0,92.65539,18.655388
train,93,82,73.0,89.97956,16.97956
train,93,83,72.0,85.9632,13.963203
train,93,84,71.0,85.05629,14.05629
train,93,85,70.0,85.11433,15.1143265
train,93,86,69.0,80.86448,11.864479
train,93,87,68.0,70.40479,2.4047928
train,93,88,67.0,69.074394,2.0743942
train,93,89,66.0,69.55263,3.5526276
train,93,90,65.0,68.89835,3.8983536
train,93,91,64.0,75.12023,11.120232
train,93,92,63.0,86.755455,23.755455
train,93,93,62.0,91.88943,29.889427
train,93,94,61.0,95.356094,34.356094
train,93,95,60.0,97.51439,37.51439
train,93,96,59.0,98.94489,39.944893
train,93,97,58.0,106.715,48.714996
train,93,98,57.0,113.3455,56.345497
train,93,99,56.0,118.23726,62.23726
train,93,100,55.0,121.41074,66.41074
train,93,101,54.0,121.74848,67.74848
train,93,102,53.0,116.54299,63.54299
train,93,103,52.0,110.399086,58.399086
train,93,104,51.0,104.20618,53.206177
train,93,105,50.0,98.0622,48.062202
train,93,106,49.0,93.13976,44.139763
train,93,107,48.0,94.24115,46.24115
train,93,108,47.0,95.967125,48.967125
train,93,109,46.0,97.26345,51.26345
train,93,110,45.0,94.34829,49.34829
train,93,111,44.0,84.59078,40.590782
train,93,112,43.0,78.26239,35.26239
train,93,113,42.0,71.791435,29.791435
train,93,114,41.0,59.529106,18.529106
train,93,115,40.0,47.883377,7.883377
train,93,116,39.0,38.53147,-0.46852875
train,93,117,38.0,38.06313,0.063129425
train,93,118,37.0,42.81787,5.817871
train,93,119,36.0,41.578728,5.5787277
train,93,120,35.0,37.971786,2.9717865
train,93,121,34.0,29.815166,-4.1848335
train,93,122,33.0,21.52758,-11.47242
train,93,123,32.0,18.0139,-13.986099
train,93,124,31.0,16.934824,-14.065176
train,93,125,30.0,18.071012,-11.9289875
train,93,126,29.0,21.816774,-7.1832256
train,93,127,28.0,27.687,-0.31299973
train,93,128,27.0,27.40246,0.4024601
train,93,129,26.0,27.993267,1.993267
train,93,130,25.0,23.894009,-1.1059914
train,93,131,24.0,24.081766,0.08176613
train,93,132,23.0,22.761528,-0.23847198
train,93,133,22.0,22.04765,0.047649384
train,93,134,21.0,22.178047,1.1780472
train,93,135,20.0,21.60352,1.6035194
train,93,136,19.0,22.452461,3.4524612
train,93,137,18.0,20.134346,2.134346
train,93,138,17.0,16.134876,-0.86512375
train,93,139,16.0,14.731082,-1.268918
train,93,140,15.0,15.166363,0.16636276
train,93,141,14.0,13.425472,-0.57452774
train,93,142,13.0,13.722043,0.72204304
train,93,143,12.0,13.812872,1.8128719
train,93,144,11.0,14.794916,3.7949162
train,93,145,10.0,12.984646,2.9846458
train,93,146,9.0,9.771298,0.7712984
train,93,147,8.0,10.551473,2.5514727
train,93,148,7.0,8.516271,1.5162706
train,93,149,6.0,8.269666,2.2696657
train,93,150,5.0,4.8379307,-0.16206932
train,93,151,4.0,3.5894976,-0.41050243
train,93,152,3.0,0.5674971,-2.432503
train,93,153,2.0,0.540116,-1.4598839
train,93,154,1.0,-1.5713407,-2.5713406
train,93,155,0.0,-2.31971,-2.31971
train,96,30,306.0,184.33798,-121.66202
train,96,31,305.0,185.63718,-119.36282
train,96,32,304.0,189.95654,-114.04346
train,96,33,303.0,190.6788,-112.3212
train,96,34,302.0,187.68396,-114.31604
train,96,35,301.0,192.58426,-108.41574
train,96,36,300.0,193.10428,-106.89572
train,96,37,299.0,187.73834,-111.26166
train,96,38,298.0,181.03317,-116.96683
train,96,39,297.0,176.34296,-120.65704
train,96,40,296.0,168.2462,-127.7538
train,96,41,295.0,168.21764,-126.782364
train,96,42,294.0,170.1382,-123.8618
train,96,43,293.0,170.39621,-122.60379
train,96,44,292.0,169.3583,-122.64169
train,96,45,291.0,165.43622,-125.56378
train,96,46,290.0,162.53326,-127.466736
train,96,47,289.0,165.44885,-123.55115
train,96,48,288.0,164.54343,-123.45657
train,96,49,287.0,169.33282,-117.667175
train,96,50,286.0,168.69852,-117.30148
train,96,51,285.0,173.31042,-111.689575
train,96,52,284.0,182.86911,-101.13089
train,96,53,283.0,184.8306,-98.1694
train,96,54,282.0,185.92703,-96.07297
train,96,55,281.0,187.04457,-93.95543
train,96,56,280.0,181.99408,-98.00592
train,96,57,279.0,177.56036,-101.43964
train,96,58,278.0,170.91852,-107.08148
train,96,59,277.0,170.7573,-106.24271
train,96,60,276.0,168.88507,-107.11493
train,96,61,275.0,161.63013,-113.36987
train,96,62,274.0,168.46037,-105.53963
train,96,63,273.0,172.0741,-100.9259
train,96,64,272.0,184.80075,-87.19925
train,96,65,271.0,198.7228,-72.27721
train,96,66,270.0,208.56264,-61.437363
train,96,67,269.0,210.13092,-58.86908
train,96,68,268.0,220.10977,-47.89023
train,96,69,267.0,218.65747,-48.34253
train,96,70,266.0,212.32886,-53.671143
train,96,71,265.0,205.00684,-59.993164
train,96,72,264.0,199.6294,-64.370605
train,96,73,263.0,194.10065,-68.89935
train,96,74,262.0,191.95163,-70.04837
train,96,75,261.0,192.8324,-68.1676
train,96,76,260.0,197.71169,-62.288315
train,96,77,259.0,196.28975,-62.71025
train,96,78,258.0,198.6316,-59.368393
train,96,79,257.0,199.19353,-57.806473
train,96,80,256.0,200.81747,-55.182526
train,96,81,255.0,198.27847,-56.721527
train,96,82,254.0,194.60138,-59.39862
train,96,83,253.0,187.66364,-65.336365
train,96,84,252.0,187.87679,-64.123215
train,96,85,251.0,180.1632,-70.83681
train,96,86,250.0,178.37164,-71.62836
train,96,87,249.0,167.6276,-81.372406
train,96,88,248.0,160.30444,-87.69556
train,96,89,247.0,152.95985,-94.040146
train,96,90,246.0,151.36285,-94.637146
train,96,91,245.0,150.52487,-94.47513
train,96,92,244.0,154.04768,-89.95232
train,96,93,243.0,165.191,-77.809006
train,96,94,242.0,173.91074,-68.089264
train,96,95,241.0,184.4046,-56.595398
train,96,96,240.0,195.51001,-44.48999
train,96,97,239.0,195.70354,-43.296463
train,96,98,238.0,194.32498,-43.67502
train,96,99,237.0,193.59976,-43.400238
train,96,100,236.0,194.99174,-41.008255
train,96,101,235.0,192.66402,-42.335983
train,96,102,234.0,185.76746,-48.232544
train,96,103,233.0,184.12238,-48.877625
train,96,104,232.0,178.95274,-53.047256
train,96,105,231.0,180.54149,-50.45851
train,96,106,230.0,176.6619,-53.338104
train,96,107,229.0,176.51303,-52.48697
train,96,108,228.0,169.97588,-58.024124
train,96,109,227.0,168.89505,-58.10495
train,96,110,226.0,157.92474,-68.07526
train,96,111,225.0,157.76149,-67.23851
train,96,112,224.0,165.21774,-58.782257
train,96,113,223.0,165.50986,-57.490143
train,96,114,222.0,163.9209,-58.0791
train,96,115,221.0,160.58578,-60.414215
train,96,116,220.0,156.18848,-63.811523
train,96,117,219.0,153.10481,-65.89519
train,96,118,218.0,148.68756,-69.31244
train,96,119,217.0,138.90149,-78.09851
train,96,120,216.0,139.40749,-76.592514
train,96,121,215.0,135.43297,-79.56703
train,96,122,214.0,129.5675,-84.432495
train,96,123,213.0,136.82904,-76.17096
train,96,124,212.0,148.19077,-63.809235
train,96,125,211.0,161.22719,-49.77281
train,96,126,210.0,164.95613,-45.04387
train,96,127,209.0,179.68475,-29.315247
train,96,128,208.0,186.44055,-21.559448
train,96,129,207.0,197.60477,-9.395233
train,96,130,206.0,203.33905,-2.6609497
train,96,131,205.0,204.71152,-0.28848267
train,96,132,204.0,206.8387,2.8386993
train,96,133,203.0,197.8843,-5.1157074
train,96,134,202.0,196.27109,-5.7289124
train,96,135,201.0,190.25185,-10.748154
train,96,136,200.0,184.83768,-15.162323
train,96,137,199.0,176.48734,-22.512665
train,96,138,198.0,173.0145,-24.985504
train,96,139,197.0,176.4827,-20.517303
train,96,140,196.0,176.54584,-19.454163
train,96,141,195.0,178.76204,-16.23796
train,96,142,194.0,183.71896,-10.281036
train,96,143,193.0,179.53629,-13.463715
train,96,144,192.0,169.63913,-22.36087
train,96,145,191.0,163.19817,-27.801834
train,96,146,190.0,162.66422,-27.335785
train,96,147,189.0,151.73242,-37.26758
train,96,148,188.0,143.53987,-44.46013
train,96,149,187.0,131.8487,-55.151306
train,96,150,186.0,118.29657,-67.70343
train,96,151,185.0,109.41297,-75.58703
train,96,152,184.0,111.506134,-72.493866
train,96,153,183.0,116.67475,-66.32525
train,96,154,182.0,120.23466,-61.765343
train,96,155,181.0,126.393616,-54.606384
train,96,156,180.0,134.30785,-45.692154
train,96,157,179.0,135.76445,-43.23555
train,96,158,178.0,132.19228,-45.807724
train,96,159,177.0,128.34695,-48.653046
train,96,160,176.0,126.9732,-49.026802
train,96,161,175.0,135.81676,-39.183243
train,96,162,174.0,142.212,-31.787994
train,96,163,173.0,145.31354,-27.686462
train,96,164,172.0,158.31082,-13.689178
train,96,165,171.0,163.38272,-7.617279
train,96,166,170.0,164.59322,-5.406784
train,96,167,169.0,161.3884,-7.611603
train,96,168,168.0,157.79868,-10.201324
train,96,169,167.0,152.29962,-14.700378
train,96,170,166.0,150.13013,-15.869873
train,96,171,165.0,143.43082,-21.569183
train,96,172,164.0,145.42662,-18.57338
train,96,173,163.0,149.59782,-13.402176
train,96,174,162.0,149.3716,-12.628403
train,96,175,161.0,145.89288,-15.107117
train,96,176,160.0,142.1287,-17.871307
train,96,177,159.0,134.62923,-24.370773
train,96,178,158.0,127.25899,-30.741013
train,96,179,157.0,129.82468,-27.175323
train,96,180,156.0,128.4346,-27.5654
train,96,181,155.0,127.81808,-27.181923
train,96,182,154.0,132.0505,-21.949493
train,96,183,153.0,135.21477,-17.785233
train,96,184,152.0,135.10608,-16.89392
train,96,185,151.0,129.95387,-21.046127
train,96,186,150.0,119.254776,-30.745224
train,96,187,149.0,112.38976,-36.610237
train,96,188,148.0,108.5261,-39.4739
train,96,189,147.0,115.894226,-31.105774
train,96,190,146.0,120.10669,-25.89331
train,96,191,145.0,122.19097,-22.809029
train,96,192,144.0,124.09455,-19.905449
train,96,193,143.0,132.937,-10.063004
train,96,194,142.0,128.34627,-13.653732
train,96,195,141.0,129.37315,-11.626846
train,96,196,140.0,128.40282,-11.597183
train,96,197,139.0,134.59451,-4.405487
train,96,198,138.0,131.00983,-6.9901733
train,96,199,137.0,126.68395,-10.316048
train,96,200,136.0,126.91914,-9.080856
train,96,201,135.0,129.70734,-5.2926636
train,96,202,134.0,129.8995,-4.1004944
train,96,203,133.0,125.74783,-7.2521667
train,96,204,132.0,119.57504,-12.424957
train,96,205,131.0,111.90334,-19.096657
train,96,206,130.0,109.37174,-20.628258
train,96,207,129.0,108.48276,-20.517242
train,96,208,128.0,110.3102,-17.689796
train,96,209,127.0,116.47059,-10.529411
train,96,210,126.0,117.87557,-8.124428
train,96,211,125.0,117.62194,-7.3780594
train,96,212,124.0,124.30834,0.30834198
train,96,213,123.0,124.90719,1.9071884
train,96,214,122.0,122.26989,0.26988983
train,96,215,121.0,118.17852,-2.8214798
train,96,216,120.0,115.11297,-4.8870316
train,96,217,119.0,110.72425,-8.275749
train,96,218,118.0,108.79116,-9.208839
train,96,219,117.0,105.29216,-11.70784
train,96,220,116.0,102.561104,-13.438896
train,96,221,115.0,101.922585,-13.077415
train,96,222,114.0,104.07309,-9.92691
train,96,223,113.0,103.52708,-9.472923
train,96,224,112.0,105.67605,-6.3239517
train,96,225,111.0,105.44659,-5.5534134
train,96,226,110.0,103.251625,-6.748375
train,96,227,109.0,106.48997,-2.5100327
train,96,228,108.0,105.66944,-2.3305588
train,96,229,107.0,111.46281,4.4628067
train,96,230,106.0,111.02523,5.0252304
train,96,231,105.0,110.10874,5.1087418
train,96,232,104.0,101.829994,-2.1700058
train,96,233,103.0,98.210625,-4.7893753
train,96,234,102.0,92.66184,-9.338158
train,96,235,101.0,89.79485,-11.205147
train,96,236,100.0,92.74641,-7.2535934
train,96,237,99.0,96.66006,-2.339943
train,96,238,98.0,100.41262,2.4126205
train,96,239,97.0,109.21017,12.210167
train,96,240,96.0,111.92072,15.920723
train,96,241,95.0,115.310356,20.310356
train,96,242,94.0,118.13169,24.131691
train,96,243,93.0,114.99909,21.999092
train,96,244,92.0,113.086075,21.086075
train,96,245,91.0,111.43818,20.438179
train,96,246,90.0,108.53669,18.53669
train,96,247,89.0,105.24128,16.24128
train,96,248,88.0,104.60226,16.602257
train,96,249,87.0,104.00107,17.001068
train,96,250,86.0,100.55552,14.555519
train,96,251,85.0,93.76405,8.764053
train,96,252,84.0,87.19233,3.1923294
train,96,253,83.0,86.380264,3.3802643
train,96,254,82.0,83.84904,1.8490372
train,96,255,81.0,83.42629,2.4262924
train,96,256,80.0,78.26316,-1.7368393
train,96,257,79.0,74.70753,-4.292473
train,96,258,78.0,75.21544,-2.7845612
train,96,259,77.0,76.711815,-0.28818512
train,96,260,76.0,75.89216,-0.10784149
train,96,261,75.0,76.894714,1.8947144
train,96,262,74.0,71.827354,-2.1726456
train,96,263,73.0,68.41731,-4.5826874
train,96,264,72.0,70.29923,-1.7007675
train,96,265,71.0,71.168205,0.16820526
train,96,266,70.0,68.251495,-1.7485046
train,96,267,69.0,65.24534,-3.7546616
train,96,268,68.0,65.30779,-2.6922073
train,96,269,67.0,66.01728,-0.9827194
train,96,270,66.0,69.24157,3.2415695
train,96,271,65.0,70.59617,5.5961685
train,96,272,64.0,69.07148,5.07148
train,96,273,63.0,69.11004,6.1100388
train,96,274,62.0,69.45829,7.45829
train,96,275,61.0,68.27929,7.2792892
train,96,276,60.0,63.647346,3.6473465
train,96,277,59.0,60.185875,1.1858749
train,96,278,58.0,57.082905,-0.9170952
train,96,279,57.0,57.735535,0.73553467
train,96,280,56.0,58.797623,2.7976227
train,96,281,55.0,59.157112,4.157112
train,96,282,54.0,55.549873,1.5498734
train,96,283,53.0,54.14703,1.1470299
train,96,284,52.0,52.193565,0.19356537
train,96,285,51.0,50.349808,-0.65019226
train,96,286,50.0,50.014824,0.014823914
train,96,287,49.0,48.22221,-0.77779007
train,96,288,48.0,46.027237,-1.9727631
train,96,289,47.0,41.98669,-5.0133095
train,96,290,46.0,41.13507,-4.864929
train,96,291,45.0,42.314053,-2.6859474
train,96,292,44.0,40.939568,-3.0604324
train,96,293,43.0,38.736504,-4.2634964
train,96,294,42.0,36.46186,-5.5381393
train,96,295,41.0,35.365738,-5.634262
train,96,296,40.0,34.778843,-5.221157
train,96,297,39.0,32.543858,-6.4561424
train,96,298,38.0,32.446484,-5.5535164
train,96,299,37.0,29.274593,-7.7254066
train,96,300,36.0,27.10613,-8.893869
train,96,301,35.0,25.651995,-9.348005
train,96,302,34.0,23.56229,-10.43771
train,96,303,33.0,19.991852,-13.008148
train,96,304,32.0,18.471775,-13.528225
train,96,305,31.0,15.249479,-15.750521
train,96,306,30.0,17.117146,-12.882854
train,96,307,29.0,19.75383,-9.24617
train,96,308,28.0,20.601376,-7.3986244
train,96,309,27.0,21.458235,-5.541765
train,96,310,26.0,18.495064,-7.504936
train,96,311,25.0,17.918142,-7.0818577
train,96,312,24.0,17.860542,-6.1394577
train,96,313,23.0,15.788041,-7.211959
train,96,314,22.0,15.547713,-6.4522867
train,96,315,21.0,11.428711,-9.571289
train,96,316,20.0,12.176824,-7.8231764
train,96,317,19.0,12.175559,-6.824441
train,96,318,18.0,11.547202,-6.452798
train,96,319,17.0,12.399813,-4.6001873
train,96,320,16.0,11.10593,-4.8940697
train,96,321,15.0,9.567383,-5.432617
train,96,322,14.0,8.834202,-5.165798
train,96,323,13.0,7.652349,-5.347651
train,96,324,12.0,8.054278,-3.9457216
train,96,325,11.0,6.650998,-4.349002
train,96,326,10.0,4.433017,-5.566983
train,96,327,9.0,2.1092615,-6.8907385
train,96,328,8.0,0.05641945,-7.9435806
train,96,329,7.0,0.12877019,-6.8712296
train,96,330,6.0,-2.314056,-8.314056
train,96,331,5.0,-5.821042,-10.821042
train,96,332,4.0,-3.6092424,-7.6092424
train,96,333,3.0,-3.893033,-6.893033
train,96,334,2.0,-3.6110454,-5.6110454
train,96,335,1.0,-3.7911441,-4.7911444
train,96,336,0.0,-5.3427086,-5.3427086
train,97,30,172.0,233.80817,61.808167
train,97,31,171.0,238.46518,67.46518
train,97,32,170.0,235.58139,65.58139
train,97,33,169.0,226.83347,57.833466
train,97,34,168.0,223.25012,55.250122
train,97,35,167.0,210.69057,43.690567
train,97,36,166.0,200.31544,34.315445
train,97,37,165.0,192.01212,27.012115
train,97,38,164.0,185.73456,21.734558
train,97,39,163.0,190.55948,27.559479
train,97,40,162.0,185.75052,23.750519
train,97,41,161.0,185.52148,24.521484
train,97,42,160.0,177.42941,17.429413
train,97,43,159.0,169.4581,10.458099
train,97,44,158.0,159.15546,1.1554565
train,97,45,157.0,158.54633,1.5463257
train,97,46,156.0,166.34763,10.347626
train,97,47,155.0,177.79633,22.796326
train,97,48,154.0,187.16289,33.162888
train,97,49,153.0,192.75204,39.752045
train,97,50,152.0,186.47073,34.470734
train,97,51,151.0,179.68927,28.68927
train,97,52,150.0,176.0571,26.057098
train,97,53,149.0,172.01135,23.011353
train,97,54,148.0,171.10385,23.103851
train,97,55,147.0,172.6725,25.6725
train,97,56,146.0,172.76923,26.769226
train,97,57,145.0,176.53177,31.531769
train,97,58,144.0,185.53543,41.53543
train,97,59,143.0,186.48831,43.48831
train,97,60,142.0,189.35052,47.350525
train,97,61,141.0,192.40733,51.407333
train,97,62,140.0,190.92831,50.928314
train,97,63,139.0,195.5386,56.538605
train,97,64,138.0,191.82555,53.825546
train,97,65,137.0,187.90216,50.90216
train,97,66,136.0,187.85385,51.85385
train,97,67,135.0,186.4893,51.489304
train,97,68,134.0,182.75441,48.75441
train,97,69,133.0,172.9101,39.910095
train,97,70,132.0,153.68402,21.684021
train,97,71,131.0,137.47507,6.475067
train,97,72,130.0,129.63806,-0.36193848
train,97,73,129.0,125.898445,-3.1015549
train,97,74,128.0,128.78207,0.782074
train,97,75,127.0,142.64822,15.648224
train,97,76,126.0,148.72513,22.725128
train,97,77,125.0,159.12271,34.12271
train,97,78,124.0,158.69568,34.69568
train,97,79,123.0,156.7991,33.799103
train,97,80,122.0,154.70667,32.706665
train,97,81,121.0,153.43625,32.43625
train,97,82,120.0,148.91989,28.919891
train,97,83,119.0,145.6668,26.666794
train,97,84,118.0,148.33105,30.331055
train,97,85,117.0,153.12796,36.12796
train,97,86,116.0,146.92215,30.92215
train,97,87,115.0,159.81396,44.813965
train,97,88,114.0,168.63928,54.639282
train,97,89,113.0,177.06549,64.06549
train,97,90,112.0,179.94534,67.94534
train,97,91,111.0,179.89124,68.891235
train,97,92,110.0,185.28882,75.28882
train,97,93,109.0,189.98517,80.98517
train,97,94,108.0,192.44391,84.44391
train,97,95,107.0,198.13078,91.13078
train,97,96,106.0,195.41586,89.41586
train,97,97,105.0,184.57738,79.57738
train,97,98,104.0,169.77591,65.77591
train,97,99,103.0,165.62057,62.620575
train,97,100,102.0,158.9455,56.945496
train,97,101,101.0,158.37698,57.376984
train,97,102,100.0,157.02411,57.02411
train,97,103,99.0,152.79309,53.79309
train,97,104,98.0,149.89978,51.89978
train,97,105,97.0,141.49516,44.495163
train,97,106,96.0,135.80353,39.803528
train,97,107,95.0,132.94206,37.942062
train,97,108,94.0,119.75636,25.756363
train,97,109,93.0,116.65291,23.652908
train,97,110,92.0,116.407036,24.407036
train,97,111,91.0,121.98258,30.982582
train,97,112,90.0,125.15087,35.15087
train,97,113,89.0,115.71032,26.71032
train,97,114,88.0,112.524345,24.524345
train,97,115,87.0,114.84136,27.841362
train,97,116,86.0,114.77597,28.77597
train,97,117,85.0,114.84472,29.844719
train,97,118,84.0,112.71108,28.711082
train,97,119,83.0,113.15826,30.158257
train,97,120,82.0,111.76657,29.766571
train,97,121,81.0,110.882706,29.882706
train,97,122,80.0,112.67424,32.67424
train,97,123,79.0,106.354256,27.354256
train,97,124,78.0,106.85742,28.857422
train,97,125,77.0,105.93114,28.931137
train,97,126,76.0,109.29833,33.298332
train,97,127,75.0,113.10266,38.10266
train,97,128,74.0,110.66527,36.665268
train,97,129,73.0,110.70472,37.70472
train,97,130,72.0,106.77384,34.77384
train,97,131,71.0,103.56635,32.566353
train,97,132,70.0,101.408485,31.408485
train,97,133,69.0,101.399956,32.399956
train,97,134,68.0,107.09736,39.09736
train,97,135,67.0,104.687126,37.687126
train,97,136,66.0,104.26689,38.26689
train,97,137,65.0,100.2618,35.261803
train,97,138,64.0,100.62513,36.62513
train,97,139,63.0,103.37291,40.37291
train,97,140,62.0,102.42285,40.42285
train,97,141,61.0,102.95464,41.954643
train,97,142,60.0,109.58111,49.58111
train,97,143,59.0,110.6164,51.6164
train,97,144,58.0,110.03581,52.035812
train,97,145,57.0,102.91989,45.91989
train,97,146,56.0,94.667885,38.667885
train,97,147,55.0,87.26219,32.26219
train,97,148,54.0,77.142456,23.142456
train,97,149,53.0,68.15903,15.159027
train,97,150,52.0,63.239742,11.239742
train,97,151,51.0,63.249046,12.249046
train,97,152,50.0,65.999626,15.999626
train,97,153,49.0,73.03634,24.036339
train,97,154,48.0,74.802574,26.802574
train,97,155,47.0,73.67661,26.676613
train,97,156,46.0,69.27188,23.271881
train,97,157,45.0,60.076603,15.076603
train,97,158,44.0,56.505104,12.505104
train,97,159,43.0,53.141346,10.141346
train,97,160,42.0,51.367287,9.367287
train,97,161,41.0,48.997864,7.997864
train,97,162,40.0,43.713223,3.7132225
train,97,163,39.0,40.66767,1.6676712
train,97,164,38.0,34.822266,-3.1777344
train,97,165,37.0,29.876404,-7.123596
train,97,166,36.0,26.915054,-9.084946
train,97,167,35.0,29.24706,-5.752939
train,97,168,34.0,31.636265,-2.3637352
train,97,169,33.0,37.804226,4.804226
train,97,170,32.0,43.994972,11.994972
train,97,171,31.0,46.895966,15.895966
train,97,172,30.0,46.4803,16.4803
train,97,173,29.0,44.70314,15.70314
train,97,174,28.0,40.304573,12.304573
train,97,175,27.0,35.66685,8.666851
train,97,176,26.0,33.190887,7.1908875
train,97,177,25.0,30.636452,5.6364517
train,97,178,24.0,28.416027,4.416027
train,97,179,23.0,25.326096,2.3260956
train,97,180,22.0,24.614325,2.6143246
train,97,181,21.0,24.521685,3.5216846
train,97,182,20.0,23.738346,3.738346
train,97,183,19.0,25.755264,6.7552643
train,97,184,18.0,25.905485,7.905485
train,97,185,17.0,25.224405,8.224405
train,97,186,16.0,22.55185,6.5518494
train,97,187,15.0,21.953552,6.9535522
train,97,188,14.0,19.398823,5.398823
train,97,189,13.0,14.073408,1.0734081
train,97,190,12.0,8.815918,-3.184082
train,97,191,11.0,6.505676,-4.494324
train,97,192,10.0,2.5946105,-7.40539
train,97,193,9.0,0.53636557,-8.4636345
train,97,194,8.0,-2.2845893,-10.28459
train,97,195,7.0,-2.1980617,-9.198062
train,97,196,6.0,-1.5852557,-7.5852556
train,97,197,5.0,-2.7888012,-7.788801
train,97,198,4.0,-4.2094874,-8.209488
train,97,199,3.0,-2.5758135,-5.5758133
train,97,200,2.0,-5.6983128,-7.6983128
train,97,201,1.0,-5.673322,-6.673322
train,97,202,0.0,-5.6512365,-5.6512365
train,98,30,126.0,152.00488,26.004883
train,98,31,125.0,155.26108,30.261078
train,98,32,124.0,161.06436,37.06436
train,98,33,123.0,164.66417,41.66417
train,98,34,122.0,164.14023,42.14023
train,98,35,121.0,168.52872,47.528717
train,98,36,120.0,167.58054,47.580536
train,98,37,119.0,164.85197,45.851974
train,98,38,118.0,163.42554,45.425537
train,98,39,117.0,160.35748,43.357483
train,98,40,116.0,153.43591,37.435913
train,98,41,115.0,154.48935,39.48935
train,98,42,114.0,151.61449,37.614487
train,98,43,113.0,141.6073,28.6073
train,98,44,112.0,136.1052,24.105194
train,98,45,111.0,132.68027,21.680267
train,98,46,110.0,128.82578,18.825775
train,98,47,109.0,129.10574,20.105743
train,98,48,108.0,130.51402,22.514023
train,98,49,107.0,136.50687,29.506866
train,98,50,106.0,141.26794,35.267944
train,98,51,105.0,127.85964,22.859642
train,98,52,104.0,120.22106,16.221062
train,98,53,103.0,106.32374,3.323738
train,98,54,102.0,97.2027,-4.7973022
train,98,55,101.0,104.90601,3.9060135
train,98,56,100.0,103.73507,3.7350693
train,98,57,99.0,110.63213,11.6321335
train,98,58,98.0,117.49305,19.49305
train,98,59,97.0,129.7367,32.736694
train,98,60,96.0,139.19098,43.19098
train,98,61,95.0,143.49454,48.494537
train,98,62,94.0,142.17542,48.175415
train,98,63,93.0,129.25465,36.254654
train,98,64,92.0,121.074615,29.074615
train,98,65,91.0,114.553314,23.553314
train,98,66,90.0,114.29282,24.292824
train,98,67,89.0,114.28717,25.28717
train,98,68,88.0,127.03384,39.033836
train,98,69,87.0,137.2814,50.281403
train,98,70,86.0,143.61472,57.614716
train,98,71,85.0,144.11624,59.11624
train,98,72,84.0,134.12817,50.128174
train,98,73,83.0,125.48627,42.486267
train,98,74,82.0,115.7501,33.7501
train,98,75,81.0,110.70753,29.707527
train,98,76,80.0,120.44601,40.446007
train,98,77,79.0,126.13036,47.130363
train,98,78,78.0,124.8691,46.869102
train,98,79,77.0,116.660545,39.660545
train,98,80,76.0,109.99418,33.99418
train,98,81,75.0,99.83924,24.839241
train,98,82,74.0,93.38351,19.383507
train,98,83,73.0,84.49259,11.492592
train,98,84,72.0,94.35077,22.350769
train,98,85,71.0,97.013756,26.013756
train,98,86,70.0,103.788155,33.788155
train,98,87,69.0,112.72065,43.72065
train,98,88,68.0,112.79011,44.790108
train,98,89,67.0,108.02605,41.026047
train,98,90,66.0,97.28999,31.289993
train,98,91,65.0,87.94637,22.946373
train,98,92,64.0,76.85709,12.857094
train,98,93,63.0,68.83045,5.830452
train,98,94,62.0,73.13978,11.139778
train,98,95,61.0,71.60508,10.60508
train,98,96,60.0,76.029655,16.029655
train,98,97,59.0,82.31552,23.315521
train,98,98,58.0,79.327,21.327003
train,98,99,57.0,65.69901,8.699013
train,98,100,56.0,64.105865,8.1058655
train,98,101,55.0,58.562233,3.562233
train,98,102,54.0,54.10089,0.10089111
train,98,103,53.0,57.145405,4.145405
train,98,104,52.0,63.98651,11.986511
train,98,105,51.0,67.39167,16.39167
train,98,106,50.0,64.60859,14.608589
train,98,107,49.0,59.684418,10.684418
train,98,108,48.0,55.757706,7.7577057
train,98,109,47.0,50.83773,3.8377304
train,98,110,46.0,46.7115,0.71149826
train,98,111,45.0,50.66748,5.6674805
train,98,112,44.0,51.553238,7.553238
train,98,113,43.0,54.060722,11.060722
train,98,114,42.0,53.29484,11.294842
train,98,115,41.0,48.80097,7.800968
train,98,116,40.0,49.74815,9.74815
train,98,117,39.0,50.317062,11.317062
train,98,118,38.0,49.472084,11.472084
train,98,119,37.0,45.100685,8.100685
train,98,120,36.0,39.20388,3.2038803
train,98,121,35.0,33.368164,-1.6318359
train,98,122,34.0,32.811348,-1.188652
train,98,123,33.0,36.5157,3.5157013
train,98,124,32.0,39.558853,7.558853
train,98,125,31.0,41.35196,10.351959
train,98,126,30.0,38.897903,8.897903
train,98,127,29.0,35.82247,6.8224716
train,98,128,28.0,32.96322,4.9632187
train,98,129,27.0,29.756147,2.7561474
train,98,130,26.0,28.710527,2.7105274
train,98,131,25.0,28.900524,3.9005241
train,98,132,24.0,30.071728,6.0717278
train,98,133,23.0,30.208496,7.208496
train,98,134,22.0,29.220654,7.2206535
train,98,135,21.0,24.831665,3.831665
train,98,136,20.0,22.444107,2.444107
train,98,137,19.0,21.334396,2.3343964
train,98,138,18.0,19.045334,1.0453339
train,98,139,17.0,17.753405,0.7534046
train,98,140,16.0,16.737846,0.7378464
train,98,141,15.0,14.448109,-0.5518913
train,98,142,14.0,13.670797,-0.32920265
train,98,143,13.0,14.562613,1.5626125
train,98,144,12.0,14.927253,2.9272528
train,98,145,11.0,12.913922,1.9139223
train,98,146,10.0,9.554099,-0.44590092
train,98,147,9.0,6.810218,-2.1897821
train,98,148,8.0,6.211173,-1.788827
train,98,149,7.0,6.7202706,-0.27972937
train,98,150,6.0,5.65022,-0.34978008
train,98,151,5.0,5.244274,0.24427414
train,98,152,4.0,9.313976,5.3139763
train,98,153,3.0,5.01657,2.01657
train,98,154,2.0,3.5415647,1.5415647
train,98,155,1.0,3.6970265,2.6970265
train,98,156,0.0,5.647275,5.647275
train,99,30,155.0,183.0561,28.056107
train,99,31,154.0,175.27481,21.27481
train,99,32,153.0,168.78102,15.781021
train,99,33,152.0,169.56638,17.566376
train,99,34,151.0,163.60431,12.604309
train,99,35,150.0,154.24399,4.243988
train,99,36,149.0,154.02626,5.0262604
train,99,37,148.0,157.16515,9.165146
train,99,38,147.0,168.509,21.509003
train,99,39,146.0,180.34874,34.34874
train,99,40,145.0,188.03687,43.036865
train,99,41,144.0,189.53287,45.532867
train,99,42,143.0,182.61908,39.61908
train,99,43,142.0,171.35443,29.354431
train,99,44,141.0,164.6051,23.605103
train,99,45,140.0,155.70232,15.702316
train,99,46,139.0,147.8086,8.808594
train,99,47,138.0,147.83542,9.835419
train,99,48,137.0,144.34258,7.342575
train,99,49,136.0,146.4105,10.410507
train,99,50,135.0,150.69568,15.695679
train,99,51,134.0,151.24109,17.241089
train,99,52,133.0,148.40222,15.402222
train,99,53,132.0,142.16666,10.1666565
train,99,54,131.0,136.54742,5.5474243
train,99,55,130.0,139.4425,9.442505
train,99,56,129.0,144.86398,15.863983
train,99,57,128.0,157.12683,29.126831
train,99,58,127.0,161.77957,34.77957
train,99,59,126.0,152.88275,26.882751
train,99,60,125.0,145.19936,20.199356
train,99,61,124.0,141.85988,17.859879
train,99,62,123.0,139.23688,16.236877
train,99,63,122.0,135.63896,13.638962
train,99,64,121.0,140.68268,19.682678
train,99,65,120.0,157.65417,37.654175
train,99,66,119.0,175.03241,56.03241
train,99,67,118.0,188.77048,70.77048
train,99,68,117.0,199.83401,82.834015
train,99,69,116.0,197.12888,81.128876
train,99,70,115.0,191.94482,76.944824
train,99,71,114.0,192.57928,78.579285
train,99,72,113.0,197.55518,84.555176
train,99,73,112.0,197.057,85.05701
train,99,74,111.0,198.8871,87.8871
train,99,75,110.0,198.29913,88.29913
train,99,76,109.0,202.33646,93.33646
train,99,77,108.0,202.27292,94.27292
train,99,78,107.0,202.1086,95.1086
train,99,79,106.0,194.62697,88.62697
train,99,80,105.0,184.0803,79.08031
train,99,81,104.0,166.47293,62.47293
train,99,82,103.0,155.92068,52.920685
train,99,83,102.0,150.54613,48.546127
train,99,84,101.0,142.55261,41.552612
train,99,85,100.0,121.644615,21.644615
train,99,86,99.0,107.99816,8.998161
train,99,87,98.0,97.23306,-0.76693726
train,99,88,97.0,90.03481,-6.965187
train,99,89,96.0,90.21881,-5.781189
train,99,90,95.0,101.871956,6.871956
train,99,91,94.0,111.87263,17.872627
train,99,92,93.0,116.590614,23.590614
train,99,93,92.0,121.361626,29.361626
train,99,94,91.0,122.677956,31.677956
train,99,95,90.0,124.19174,34.191742
train,99,96,89.0,121.090454,32.090454
train,99,97,88.0,118.86479,30.864792
train,99,98,87.0,117.49668,30.496681
train,99,99,86.0,115.26986,29.26986
train,99,100,85.0,113.886375,28.886375
train,99,101,84.0,106.84618,22.846184
train,99,102,83.0,101.53766,18.537659
train,99,103,82.0,99.01737,17.017372
train,99,104,81.0,102.643,21.642998
train,99,105,80.0,105.33409,25.334091
train,99,106,79.0,100.831535,21.831535
train,99,107,78.0,93.85035,15.850349
train,99,108,77.0,92.138664,15.138664
train,99,109,76.0,90.35646,14.356461
train,99,110,75.0,91.70483,16.704826
train,99,111,74.0,90.37785,16.377853
train,99,112,73.0,81.845985,8.845985
train,99,113,72.0,68.39338,-3.6066208
train,99,114,71.0,51.055992,-19.944008
train,99,115,70.0,45.991978,-24.008022
train,99,116,69.0,46.115868,-22.884132
train,99,117,68.0,53.39582,-14.604179
train,99,118,67.0,67.7311,0.731102
train,99,119,66.0,72.33238,6.332382
train,99,120,65.0,80.590126,15.590126
train,99,121,64.0,83.128395,19.128395
train,99,122,63.0,83.40886,20.40886
train,99,123,62.0,86.53473,24.534729
train,99,124,61.0,94.40129,33.40129
train,99,125,60.0,95.02927,35.029266
train,99,126,59.0,94.0361,35.036102
train,99,127,58.0,93.13564,35.135643
train,99,128,57.0,91.51792,34.51792
train,99,129,56.0,89.49671,33.49671
train,99,130,55.0,86.63812,31.638123
train,99,131,54.0,81.53694,27.536942
train,99,132,53.0,78.2797,25.279701
train,99,133,52.0,71.263794,19.263794
train,99,134,51.0,65.11744,14.117439
train,99,135,50.0,55.208046,5.208046
train,99,136,49.0,50.783955,1.7839546
train,99,137,48.0,50.358986,2.358986
train,99,138,47.0,46.273277,-0.7267227
train,99,139,46.0,43.765804,-2.2341957
train,99,140,45.0,43.15886,-1.8411407
train,99,141,44.0,34.148487,-9.851513
train,99,142,43.0,24.258398,-18.741602
train,99,143,42.0,18.397518,-23.602482
train,99,144,41.0,17.359428,-23.640572
train,99,145,40.0,21.64288,-18.35712
train,99,146,39.0,25.69467,-13.30533
train,99,147,38.0,25.585653,-12.414347
train,99,148,37.0,24.666466,-12.333534
train,99,149,36.0,29.114025,-6.885975
train,99,150,35.0,28.365906,-6.634094
train,99,151,34.0,29.075071,-4.9249287
train,99,152,33.0,28.803308,-4.1966915
train,99,153,32.0,28.19956,-3.8004398
train,99,154,31.0,29.455664,-1.5443363
train,99,155,30.0,32.22055,2.2205505
train,99,156,29.0,35.16255,6.162552
train,99,157,28.0,36.404152,8.404152
train,99,158,27.0,35.48932,8.489319
train,99,159,26.0,32.39113,6.3911285
train,99,160,25.0,30.087112,5.0871124
train,99,161,24.0,29.80882,5.8088207
train,99,162,23.0,25.713308,2.7133083
train,99,163,22.0,26.62843,4.6284294
train,99,164,21.0,21.863993,0.8639927
train,99,165,20.0,21.29014,1.2901402
train,99,166,19.0,19.647354,0.6473541
train,99,167,18.0,20.719814,2.7198143
train,99,168,17.0,20.110374,3.1103745
train,99,169,16.0,15.463934,-0.53606606
train,99,170,15.0,15.2941,0.2940998
train,99,171,14.0,14.29462,0.29461956
train,99,172,13.0,14.616268,1.6162682
train,99,173,12.0,13.582323,1.5823231
train,99,174,11.0,10.95401,-0.04598999
train,99,175,10.0,12.59222,2.5922203
train,99,176,9.0,12.001081,3.0010815
train,99,177,8.0,11.621971,3.6219711
train,99,178,7.0,11.269517,4.269517
train,99,179,6.0,11.357571,5.3575706
train,99,180,5.0,9.923041,4.9230413
train,99,181,4.0,7.0001955,3.0001955
train,99,182,3.0,4.617323,1.6173229
train,99,183,2.0,4.556572,2.556572
train,99,184,1.0,3.6181774,2.6181774
train,99,185,0.0,2.4486256,2.4486256
train,100,30,170.0,127.6417,-42.3583
train,100,31,169.0,122.690346,-46.309654
train,100,32,168.0,124.75451,-43.24549
train,100,33,167.0,130.58337,-36.416626
train,100,34,166.0,137.23615,-28.763855
train,100,35,165.0,142.32254,-22.67746
train,100,36,164.0,143.22923,-20.770767
train,100,37,163.0,146.75188,-16.248123
train,100,38,162.0,152.7252,-9.274796
train,100,39,161.0,152.51529,-8.484711
train,100,40,160.0,154.49739,-5.5026093
train,100,41,159.0,156.62729,-2.3727112
train,100,42,158.0,160.52948,2.52948
train,100,43,157.0,161.12639,4.1263885
train,100,44,156.0,165.4589,9.458893
train,100,45,155.0,165.1044,10.104401
train,100,46,154.0,168.21014,14.210144
train,100,47,153.0,171.21284,18.212845
train,100,48,152.0,175.16148,23.161484
train,100,49,151.0,180.96695,29.96695
train,100,50,150.0,181.98315,31.983154
train,100,51,149.0,183.30243,34.30243
train,100,52,148.0,184.78827,36.78827
train,100,53,147.0,180.62703,33.62703
train,100,54,146.0,176.0961,30.0961
train,100,55,145.0,177.04428,32.04428
train,100,56,144.0,170.00737,26.00737
train,100,57,143.0,162.65778,19.657776
train,100,58,142.0,155.45227,13.4522705
train,100,59,141.0,153.46768,12.467682
train,100,60,140.0,153.50455,13.504547
train,100,61,139.0,149.65288,10.652878
train,100,62,138.0,145.85373,7.8537292
train,100,63,137.0,142.77588,5.775879
train,100,64,136.0,143.34494,7.34494
train,100,65,135.0,139.32922,4.3292236
train,100,66,134.0,136.20465,2.2046509
train,100,67,133.0,130.58511,-2.4148865
train,100,68,132.0,127.63677,-4.363228
train,100,69,131.0,126.09602,-4.9039764
train,100,70,130.0,125.20132,-4.798683
train,100,71,129.0,122.91483,-6.085167
train,100,72,128.0,119.30297,-8.697029
train,100,73,127.0,118.23119,-8.768806
train,100,74,126.0,125.070625,-0.9293747
train,100,75,125.0,134.34682,9.346817
train,100,76,124.0,138.46799,14.467987
train,100,77,123.0,140.28143,17.281433
train,100,78,122.0,142.0975,20.097504
train,100,79,121.0,138.9999,17.999893
train,100,80,120.0,131.40472,11.404724
train,100,81,119.0,128.97577,9.975769
train,100,82,118.0,123.54413,5.5441284
train,100,83,117.0,115.32189,-1.6781082
train,100,84,116.0,109.05607,-6.9439316
train,100,85,115.0,105.34657,-9.653427
train,100,86,114.0,94.445885,-19.554115
train,100,87,113.0,91.970955,-21.029045
train,100,88,112.0,86.77894,-25.221062
train,100,89,111.0,84.39901,-26.60099
train,100,90,110.0,91.73525,-18.264748
train,100,91,109.0,97.21848,-11.781517
train,100,92,108.0,102.154396,-5.845604
train,100,93,107.0,110.54632,3.546318
train,100,94,106.0,114.31457,8.314568
train,100,95,105.0,111.39396,6.393959
train,100,96,104.0,104.19996,0.1999588
train,100,97,103.0,100.36387,-2.6361313
train,100,98,102.0,99.25286,-2.747139
train,100,99,101.0,96.5043,-4.495697
train,100,100,100.0,90.90915,-9.090851
train,100,101,99.0,93.23975,-5.7602463
train,100,102,98.0,96.72117,-1.2788315
train,100,103,97.0,97.11278,0.11277771
train,100,104,96.0,99.04406,3.0440598
train,100,105,95.0,102.1,7.0999985
train,100,106,94.0,114.31009,20.31009
train,100,107,93.0,126.7557,33.7557
train,100,108,92.0,134.92455,42.924545
train,100,109,91.0,144.7092,53.709198
train,100,110,90.0,141.95421,51.95421
train,100,111,89.0,137.2314,48.2314
train,100,112,88.0,136.10023,48.100235
train,100,113,87.0,127.43995,40.43995
train,100,114,86.0,124.803894,38.803894
train,100,115,85.0,122.94814,37.948143
train,100,116,84.0,122.09184,38.091843
train,100,117,83.0,121.03269,38.032692
train,100,118,82.0,123.76309,41.763092
train,100,119,81.0,120.41822,39.41822
train,100,120,80.0,117.6456,37.6456
train,100,121,79.0,109.52885,30.528847
train,100,122,78.0,102.57116,24.57116
train,100,123,77.0,101.47669,24.476692
train,100,124,76.0,97.572044,21.572044
train,100,125,75.0,91.40601,16.406013
train,100,126,74.0,90.11166,16.111656
train,100,127,73.0,82.59653,9.596527
train,100,128,72.0,73.12331,1.1233063
train,100,129,71.0,62.86621,-8.133789
train,100,130,70.0,58.989273,-11.010727
train,100,131,69.0,57.382065,-11.617935
train,100,132,68.0,54.141727,-13.858273
train,100,133,67.0,57.033295,-9.966705
train,100,134,66.0,56.047066,-9.952934
train,100,135,65.0,54.986595,-10.013405
train,100,136,64.0,59.562435,-4.437565
train,100,137,63.0,58.484802,-4.5151978
train,100,138,62.0,58.790676,-3.209324
train,100,139,61.0,59.846676,-1.1533241
train,100,140,60.0,64.38175,4.381752
train,100,141,59.0,73.07166,14.071663
train,100,142,58.0,75.69967,17.699669
train,100,143,57.0,76.76789,19.76789
train,100,144,56.0,81.20452,25.204521
train,100,145,55.0,82.83547,27.835472
train,100,146,54.0,78.37643,24.376427
train,100,147,53.0,75.774376,22.774376
train,100,148,52.0,73.411385,21.411385
train,100,149,51.0,70.0597,19.0597
train,100,150,50.0,69.035416,19.035416
train,100,151,49.0,68.05379,19.053787
train,100,152,48.0,63.27533,15.27533
train,100,153,47.0,62.547943,15.547943
train,100,154,46.0,58.781406,12.781406
train,100,155,45.0,53.147675,8.147675
train,100,156,44.0,52.439087,8.439087
train,100,157,43.0,52.523403,9.523403
train,100,158,42.0,51.358467,9.358467
train,100,159,41.0,52.89173,11.891731
train,100,160,40.0,50.294037,10.294037
train,100,161,39.0,46.0686,7.0685997
train,100,162,38.0,44.033127,6.033127
train,100,163,37.0,38.860046,1.8600464
train,100,164,36.0,38.117233,2.1172333
train,100,165,35.0,35.61415,0.614151
train,100,166,34.0,31.872026,-2.1279736
train,100,167,33.0,30.726126,-2.2738743
train,100,168,32.0,30.4132,-1.5867996
train,100,169,31.0,29.01183,-1.9881706
train,100,170,30.0,28.328564,-1.6714363
train,100,171,29.0,28.01114,-0.9888592
train,100,172,28.0,25.732758,-2.2672424
train,100,173,27.0,23.40672,-3.5932808
train,100,174,26.0,20.656021,-5.343979
train,100,175,25.0,20.370365,-4.629635
train,100,176,24.0,21.94259,-2.0574093
train,100,177,23.0,20.169638,-2.8303623
train,100,178,22.0,19.023369,-2.9766312
train,100,179,21.0,18.197018,-2.8029823
train,100,180,20.0,16.582796,-3.417204
train,100,181,19.0,17.40389,-1.5961094
train,100,182,18.0,15.735338,-2.2646618
train,100,183,17.0,17.196207,0.19620705
train,100,184,16.0,17.406742,1.4067421
train,100,185,15.0,16.144827,1.1448269
train,100,186,14.0,19.13077,5.1307697
train,100,187,13.0,20.046562,7.046562
train,100,188,12.0,20.664875,8.664875
train,100,189,11.0,20.087172,9.087172
train,100,190,10.0,16.656458,6.656458
train,100,191,9.0,15.384178,6.384178
train,100,192,8.0,12.86253,4.8625298
train,100,193,7.0,12.388371,5.3883715
train,100,194,6.0,9.989376,3.989376
train,100,195,5.0,11.393593,6.393593
train,100,196,4.0,9.594278,5.5942783
train,100,197,3.0,8.00256,5.0025597
train,100,198,2.0,5.625601,3.6256008
train,100,199,1.0,3.4549403,2.4549403
train,100,200,0.0,1.7630595,1.7630595
val,6,30,158.0,148.93471,-9.065292
val,6,31,157.0,160.88838,3.888382
val,6,32,156.0,168.4477,12.447693
val,6,33,155.0,175.65607,20.656067
val,6,34,154.0,176.47205,22.472046
val,6,35,153.0,182.2117,29.2117
val,6,36,152.0,182.39748,30.397476
val,6,37,151.0,181.19986,30.19986
val,6,38,150.0,180.2617,30.261703
val,6,39,149.0,183.58418,34.584183
val,6,40,148.0,183.25208,35.252075
val,6,41,147.0,180.15117,33.15117
val,6,42,146.0,182.88475,36.88475
val,6,43,145.0,177.7443,32.744293
val,6,44,144.0,174.11987,30.119873
val,6,45,143.0,165.28625,22.286255
val,6,46,142.0,158.18477,16.184769
val,6,47,141.0,154.03787,13.037872
val,6,48,140.0,155.33562,15.335617
val,6,49,139.0,156.53046,17.530457
val,6,50,138.0,155.42372,17.423721
val,6,51,137.0,149.82713,12.827133
val,6,52,136.0,140.23337,4.233368
val,6,53,135.0,134.4491,-0.5509033
val,6,54,134.0,131.51244,-2.487564
val,6,55,133.0,131.1013,-1.8986969
val,6,56,132.0,135.48293,3.4829254
val,6,57,131.0,140.99316,9.993164
val,6,58,130.0,142.56485,12.56485
val,6,59,129.0,144.45058,15.450577
val,6,60,128.0,144.73315,16.733154
val,6,61,127.0,136.1107,9.1107025
val,6,62,126.0,132.71637,6.7163696
val,6,63,125.0,128.31943,3.3194275
val,6,64,124.0,128.93063,4.9306335
val,6,65,123.0,132.36954,9.369537
val,6,66,122.0,137.70013,15.700134
val,6,67,121.0,143.97044,22.970444
val,6,68,120.0,144.78261,24.782608
val,6,69,119.0,144.84567,25.845673
val,6,70,118.0,136.99268,18.992676
val,6,71,117.0,130.68642,13.686417
val,6,72,116.0,123.24032,7.2403183
val,6,73,115.0,113.48687,-1.5131302
val,6,74,114.0,111.768654,-2.2313461
val,6,75,113.0,106.73209,-6.267906
val,6,76,112.0,108.37758,-3.6224213
val,6,77,111.0,104.30001,-6.6999893
val,6,78,110.0,98.17187,-11.828133
val,6,79,109.0,89.40299,-19.597008
val,6,80,108.0,85.54803,-22.451973
val,6,81,107.0,87.565544,-19.434456
val,6,82,106.0,85.9656,-20.0344
val,6,83,105.0,85.97825,-19.021751
val,6,84,104.0,91.70721,-12.292793
val,6,85,103.0,88.97877,-14.021233
val,6,86,102.0,87.984856,-14.015144
val,6,87,101.0,86.87072,-14.12928
val,6,88,100.0,87.15373,-12.846268
val,6,89,99.0,88.15176,-10.848244
val,6,90,98.0,92.22544,-5.774559
val,6,91,97.0,99.00433,2.0043335
val,6,92,96.0,101.349785,5.349785
val,6,93,95.0,104.240234,9.240234
val,6,94,94.0,105.46041,11.460411
val,6,95,93.0,107.47036,14.47036
val,6,96,92.0,107.3021,15.302101
val,6,97,91.0,109.553535,18.553535
val,6,98,90.0,105.74265,15.742653
val,6,99,89.0,101.347694,12.347694
val,6,100,88.0,102.215675,14.215675
val,6,101,87.0,102.080246,15.080246
val,6,102,86.0,104.76414,18.764137
val,6,103,85.0,109.26547,24.265472
val,6,104,84.0,112.03228,28.03228
val,6,105,83.0,120.35607,37.35607
val,6,106,82.0,127.488914,45.488914
val,6,107,81.0,132.81503,51.815033
val,6,108,80.0,135.68338,55.68338
val,6,109,79.0,137.18576,58.18576
val,6,110,78.0,138.25363,60.25363
val,6,111,77.0,132.60202,55.60202
val,6,112,76.0,132.39023,56.39023
val,6,113,75.0,128.33258,53.33258
val,6,114,74.0,121.88568,47.88568
val,6,115,73.0,123.65844,50.65844
val,6,116,72.0,129.25986,57.259857
val,6,117,71.0,132.89172,61.891724
val,6,118,70.0,130.05972,60.059723
val,6,119,69.0,128.4354,59.435394
val,6,120,68.0,126.36168,58.36168
val,6,121,67.0,123.18037,56.180367
val,6,122,66.0,123.47947,57.47947
val,6,123,65.0,115.60922,50.609222
val,6,124,64.0,105.90806,41.90806
val,6,125,63.0,98.522514,35.522514
val,6,126,62.0,89.037476,27.037476
val,6,127,61.0,79.068016,18.068016
val,6,128,60.0,70.22435,10.22435
val,6,129,59.0,66.29408,7.2940826
val,6,130,58.0,68.659706,10.659706
val,6,131,57.0,69.54369,12.543694
val,6,132,56.0,69.05369,13.053688
val,6,133,55.0,66.46452,11.464523
val,6,134,54.0,67.80556,13.805557
val,6,135,53.0,71.02423,18.024231
val,6,136,52.0,70.48247,18.482468
val,6,137,51.0,71.15145,20.151451
val,6,138,50.0,71.8767,21.876701
val,6,139,49.0,71.091484,22.091484
val,6,140,48.0,68.3156,20.315598
val,6,141,47.0,65.19561,18.19561
val,6,142,46.0,63.42338,17.423382
val,6,143,45.0,60.88647,15.886471
val,6,144,44.0,57.59593,13.595928
val,6,145,43.0,55.202568,12.202568
val,6,146,42.0,52.20504,10.20504
val,6,147,41.0,48.42452,7.4245186
val,6,148,40.0,46.653633,6.653633
val,6,149,39.0,40.773483,1.7734833
val,6,150,38.0,39.005035,1.0050354
val,6,151,37.0,36.24938,-0.7506218
val,6,152,36.0,32.882744,-3.1172562
val,6,153,35.0,31.529839,-3.4701614
val,6,154,34.0,28.922226,-5.077774
val,6,155,33.0,26.620401,-6.3795986
val,6,156,32.0,26.585007,-5.4149933
val,6,157,31.0,23.038853,-7.9611473
val,6,158,30.0,18.472054,-11.527946
val,6,159,29.0,16.241146,-12.758854
val,6,160,28.0,14.672135,-13.327865
val,6,161,27.0,13.395654,-13.604346
val,6,162,26.0,12.677771,-13.322229
val,6,163,25.0,14.210627,-10.789373
val,6,164,24.0,15.483221,-8.516779
val,6,165,23.0,16.430454,-6.5695457
val,6,166,22.0,13.809589,-8.190411
val,6,167,21.0,13.426861,-7.573139
val,6,168,20.0,12.607057,-7.3929434
val,6,169,19.0,12.945366,-6.054634
val,6,170,18.0,13.737564,-4.262436
val,6,171,17.0,14.624737,-2.3752632
val,6,172,16.0,13.854288,-2.145712
val,6,173,15.0,9.294965,-5.705035
val,6,174,14.0,11.417477,-2.5825233
val,6,175,13.0,9.966179,-3.033821
val,6,176,12.0,6.483388,-5.516612
val,6,177,11.0,5.081545,-5.918455
val,6,178,10.0,2.4838712,-7.5161285
val,6,179,9.0,2.5525868,-6.4474134
val,6,180,8.0,4.1494265,-3.8505735
val,6,181,7.0,0.51620513,-6.4837947
val,6,182,6.0,2.0049005,-3.9950995
val,6,183,5.0,0.5028034,-4.4971967
val,6,184,4.0,1.1122776,-2.8877225
val,6,185,3.0,-0.99482673,-3.9948268
val,6,186,2.0,-2.3439558,-4.343956
val,6,187,1.0,-1.3607444,-2.3607445
val,6,188,0.0,-2.8868737,-2.8868737
val,9,30,171.0,196.7502,25.750198
val,9,31,170.0,200.89563,30.89563
val,9,32,169.0,202.54611,33.546112
val,9,33,168.0,201.91107,33.91107
val,9,34,167.0,198.49693,31.496933
val,9,35,166.0,198.98581,32.98581
val,9,36,165.0,198.67294,33.672943
val,9,37,164.0,191.01166,27.011658
val,9,38,163.0,188.03723,25.037231
val,9,39,162.0,178.98889,16.988892
val,9,40,161.0,176.76744,15.767441
val,9,41,160.0,171.08249,11.082489
val,9,42,159.0,161.05183,2.051834
val,9,43,158.0,155.83276,-2.1672363
val,9,44,157.0,156.99194,-0.008056641
val,9,45,156.0,161.79391,5.793915
val,9,46,155.0,164.45831,9.458313
val,9,47,154.0,167.29727,13.297272
val,9,48,153.0,173.4578,20.457794
val,9,49,152.0,173.41977,21.41977
val,9,50,151.0,167.90721,16.907211
val,9,51,150.0,161.8548,11.854797
val,9,52,149.0,157.67871,8.678711
val,9,53,148.0,156.12027,8.12027
val,9,54,147.0,163.3931,16.393097
val,9,55,146.0,168.38983,22.389832
val,9,56,145.0,170.9755,25.975494
val,9,57,144.0,173.73444,29.734436
val,9,58,143.0,166.9441,23.944107
val,9,59,142.0,170.13686,28.136856
val,9,60,141.0,158.80893,17.80893
val,9,61,140.0,150.92517,10.925171
val,9,62,139.0,147.13141,8.131409
val,9,63,138.0,143.0934,5.093399
val,9,64,137.0,145.24179,8.241791
val,9,65,136.0,149.0964,13.096405
val,9,66,135.0,152.59225,17.592255
val,9,67,134.0,153.37233,19.37233
val,9,68,133.0,154.2085,21.208496
val,9,69,132.0,148.09467,16.094666
val,9,70,131.0,141.86618,10.86618
val,9,71,130.0,127.07572,-2.9242783
val,9,72,129.0,120.23095,-8.769051
val,9,73,128.0,114.26093,-13.739067
val,9,74,127.0,119.6951,-7.304901
val,9,75,126.0,126.80482,0.8048172
val,9,76,125.0,129.21725,4.2172546
val,9,77,124.0,134.7294,10.729401
val,9,78,123.0,134.5021,11.502106
val,9,79,122.0,137.2236,15.223602
val,9,80,121.0,137.94911,16.949112
val,9,81,120.0,144.6485,24.648499
val,9,82,119.0,149.61938,30.619385
val,9,83,118.0,154.72664,36.72664
val,9,84,117.0,152.31854,35.318542
val,9,85,116.0,146.40802,30.40802
val,9,86,115.0,147.45299,32.452988
val,9,87,114.0,147.5264,33.526398
val,9,88,113.0,152.25833,39.25833
val,9,89,112.0,153.14117,41.141174
val,9,90,111.0,151.29486,40.29486
val,9,91,110.0,147.63252,37.632523
val,9,92,109.0,149.755,40.755005
val,9,93,108.0,150.03062,42.030624
val,9,94,107.0,152.15155,45.15155
val,9,95,106.0,153.98532,47.98532
val,9,96,105.0,153.14764,48.147644
val,9,97,104.0,155.2337,51.233704
val,9,98,103.0,150.14343,47.143433
val,9,99,102.0,144.62263,42.622635
val,9,100,101.0,137.46326,36.463257
val,9,101,100.0,124.03727,24.03727
val,9,102,99.0,118.23436,19.23436
val,9,103,98.0,109.949165,11.949165
val,9,104,97.0,99.90327,2.903267
val,9,105,96.0,98.46669,2.46669
val,9,106,95.0,103.07426,8.074257
val,9,107,94.0,110.860565,16.860565
val,9,108,93.0,117.396065,24.396065
val,9,109,92.0,118.33691,26.336906
val,9,110,91.0,128.05838,37.05838
val,9,111,90.0,128.26006,38.260056
val,9,112,89.0,120.22094,31.22094
val,9,113,88.0,120.51867,32.51867
val,9,114,87.0,125.51667,38.51667
val,9,115,86.0,129.71793,43.717926
val,9,116,85.0,129.56865,44.56865
val,9,117,84.0,128.95595,44.955948
val,9,118,83.0,126.37676,43.376762
val,9,119,82.0,121.81997,39.81997
val,9,120,81.0,124.39279,43.39279
val,9,121,80.0,124.12677,44.12677
val,9,122,79.0,116.57345,37.57345
val,9,123,78.0,115.98922,37.98922
val,9,124,77.0,110.989204,33.989204
val,9,125,76.0,112.9134,36.9134
val,9,126,75.0,107.38619,32.386192
val,9,127,74.0,112.15675,38.156754
val,9,128,73.0,115.02193,42.021927
val,9,129,72.0,114.63976,42.639763
val,9,130,71.0,111.957275,40.957275
val,9,131,70.0,108.78695,38.78695
val,9,132,69.0,105.3977,36.397697
val,9,133,68.0,106.6406,38.640602
val,9,134,67.0,103.2468,36.246803
val,9,135,66.0,93.809235,27.809235
val,9,136,65.0,81.852844,16.852844
val,9,137,64.0,77.1531,13.153099
val,9,138,63.0,83.998344,20.998344
val,9,139,62.0,81.33348,19.33348
val,9,140,61.0,88.44077,27.440773
val,9,141,60.0,88.677956,28.677956
val,9,142,59.0,88.36732,29.367317
val,9,143,58.0,84.93528,26.93528
val,9,144,57.0,80.93248,23.93248
val,9,145,56.0,81.60783,25.607826
val,9,146,55.0,82.301254,27.301254
val,9,147,54.0,78.95762,24.957619
val,9,148,53.0,72.11388,19.113876
val,9,149,52.0,73.26428,21.264282
val,9,150,51.0,72.87017,21.87017
val,9,151,50.0,69.52769,19.527687
val,9,152,49.0,65.381325,16.381325
val,9,153,48.0,56.932808,8.932808
val,9,154,47.0,50.26618,3.2661781
val,9,155,46.0,46.603947,0.6039467
val,9,156,45.0,39.961,-5.0390015
val,9,157,44.0,36.257782,-7.742218
val,9,158,43.0,38.892357,-4.107643
val,9,159,42.0,38.881943,-3.1180573
val,9,160,41.0,40.942375,-0.057624817
val,9,161,40.0,42.754852,2.7548523
val,9,162,39.0,39.514534,0.514534
val,9,163,38.0,31.911852,-6.088148
val,9,164,37.0,24.939533,-12.060467
val,9,165,36.0,16.685726,-19.314274
val,9,166,35.0,13.470597,-21.529404
val,9,167,34.0,12.529134,-21.470867
val,9,168,33.0,13.574663,-19.425337
val,9,169,32.0,11.264513,-20.735487
val,9,170,31.0,6.055443,-24.944557
val,9,171,30.0,0.38478836,-29.615211
val,9,172,29.0,-4.361685,-33.361687
val,9,173,28.0,-10.4192705,-38.41927
val,9,174,27.0,-13.560708,-40.560707
val,9,175,26.0,-16.20235,-42.20235
val,9,176,25.0,-13.76234,-38.76234
val,9,177,24.0,-12.882998,-36.883
val,9,178,23.0,-6.6073685,-29.607368
val,9,179,22.0,-3.9297118,-25.929712
val,9,180,21.0,-1.1864641,-22.186464
val,9,181,20.0,1.0247276,-18.975273
val,9,182,19.0,-5.01853,-24.01853
val,9,183,18.0,-10.678391,-28.67839
val,9,184,17.0,-12.590521,-29.59052
val,9,185,16.0,-14.056861,-30.056862
val,9,186,15.0,-13.2526045,-28.252605
val,9,187,14.0,-8.09845,-22.09845
val,9,188,13.0,-0.6445131,-13.644513
val,9,189,12.0,2.3005633,-9.699436
val,9,190,11.0,-1.2507035,-12.250704
val,9,191,10.0,1.133375,-8.866625
val,9,192,9.0,0.25366518,-8.746335
val,9,193,8.0,1.1559281,-6.844072
val,9,194,7.0,1.8622297,-5.13777
val,9,195,6.0,0.6186324,-5.3813677
val,9,196,5.0,-0.31621137,-5.316211
val,9,197,4.0,0.4328042,-3.567196
val,9,198,3.0,-0.55376524,-3.5537653
val,9,199,2.0,-3.2438471,-5.243847
val,9,200,1.0,-1.4127438,-2.4127438
val,9,201,0.0,-3.2988734,-3.2988734
val,10,30,192.0,179.65466,-12.345337
val,10,31,191.0,183.58606,-7.4139404
val,10,32,190.0,181.32445,-8.675552
val,10,33,189.0,175.06921,-13.930786
val,10,34,188.0,169.39592,-18.60408
val,10,35,187.0,163.9801,-23.019897
val,10,36,186.0,163.28297,-22.717026
val,10,37,185.0,171.13379,-13.866211
val,10,38,184.0,172.71613,-11.2838745
val,10,39,183.0,179.79265,-3.2073517
val,10,40,182.0,185.60022,3.6002197
val,10,41,181.0,187.36687,6.366867
val,10,42,180.0,196.07053,16.070526
val,10,43,179.0,190.52579,11.525787
val,10,44,178.0,189.4238,11.423798
val,10,45,177.0,194.1937,17.193695
val,10,46,176.0,191.10034,15.100342
val,10,47,175.0,186.68631,11.68631
val,10,48,174.0,189.51102,15.511017
val,10,49,173.0,188.82007,15.820068
val,10,50,172.0,186.30933,14.309326
val,10,51,171.0,186.03288,15.032883
val,10,52,170.0,180.70148,10.701477
val,10,53,169.0,169.75061,0.75061035
val,10,54,168.0,158.5144,-9.485596
val,10,55,167.0,154.4873,-12.512695
val,10,56,166.0,157.67073,-8.329269
val,10,57,165.0,170.75223,5.752228
val,10,58,164.0,182.80008,18.80008
val,10,59,163.0,174.16946,11.169464
val,10,60,162.0,167.42468,5.4246826
val,10,61,161.0,165.09927,4.0992737
val,10,62,160.0,156.23544,-3.764557
val,10,63,159.0,146.71793,-12.282074
val,10,64,158.0,148.41336,-9.586639
val,10,65,157.0,146.0438,-10.956207
val,10,66,156.0,143.88364,-12.116364
val,10,67,155.0,144.56897,-10.43103
val,10,68,154.0,145.03825,-8.961746
val,10,69,153.0,151.04715,-1.9528503
val,10,70,152.0,147.19635,-4.80365
val,10,71,151.0,140.12283,-10.877167
val,10,72,150.0,136.24345,-13.756546
val,10,73,149.0,130.57076,-18.429245
val,10,74,148.0,134.22495,-13.775055
val,10,75,147.0,138.3606,-8.639404
val,10,76,146.0,142.40442,-3.595581
val,10,77,145.0,146.6899,1.6898956
val,10,78,144.0,149.84659,5.846588
val,10,79,143.0,146.69272,3.6927185
val,10,80,142.0,148.19843,6.1984253
val,10,81,141.0,151.83124,10.831238
val,10,82,140.0,155.51619,15.51619
val,10,83,139.0,154.11652,15.116516
val,10,84,138.0,158.79987,20.799866
val,10,85,137.0,160.50613,23.506134
val,10,86,136.0,155.75314,19.753143
val,10,87,135.0,148.85208,13.852081
val,10,88,134.0,135.59369,1.593689
val,10,89,133.0,136.30083,3.300827
val,10,90,132.0,135.84822,3.8482208
val,10,91,131.0,132.89832,1.8983154
val,10,92,130.0,142.55716,12.557159
val,10,93,129.0,146.05305,17.053055
val,10,94,128.0,153.02548,25.025482
val,10,95,127.0,149.72543,22.725433
val,10,96,126.0,147.16017,21.160172
val,10,97,125.0,141.54755,16.547546
val,10,98,124.0,138.06693,14.066925
val,10,99,123.0,141.71812,18.718124
val,10,100,122.0,140.45502,18.455017
val,10,101,121.0,150.54129,29.54129
val,10,102,120.0,158.40904,38.409042
val,10,103,119.0,163.97914,44.97914
val,10,104,118.0,164.27724,46.277237
val,10,105,117.0,161.69608,44.696075
val,10,106,116.0,160.59811,44.598114
val,10,107,115.0,158.42215,43.42215
val,10,108,114.0,162.45294,48.45294
val,10,109,113.0,164.9141,51.914093
val,10,110,112.0,162.3151,50.315094
val,10,111,111.0,161.76373,50.763733
val,10,112,110.0,150.51086,40.510864
val,10,113,109.0,148.15479,39.154785
val,10,114,108.0,145.49855,37.49855
val,10,115,107.0,136.0364,29.036407
val,10,116,106.0,136.00339,30.003387
val,10,117,105.0,133.93486,28.93486
val,10,118,104.0,128.27737,24.277374
val,10,119,103.0,127.12765,24.127647
val,10,120,102.0,122.36849,20.368492
val,10,121,101.0,122.610115,21.610115
val,10,122,100.0,115.11659,15.116592
val,10,123,99.0,112.53007,13.530067
val,10,124,98.0,106.99555,8.995552
val,10,125,97.0,99.453445,2.4534454
val,10,126,96.0,94.1507,-1.8492966
val,10,127,95.0,88.034355,-6.965645
val,10,128,94.0,83.303444,-10.696556
val,10,129,93.0,79.19525,-13.804749
val,10,130,92.0,78.5726,-13.427399
val,10,131,91.0,79.41891,-11.581093
val,10,132,90.0,82.91604,-7.0839615
val,10,133,89.0,88.349724,-0.6502762
val,10,134,88.0,94.63024,6.6302414
val,10,135,87.0,101.23776,14.237762
val,10,136,86.0,104.87891,18.878906
val,10,137,85.0,104.43984,19.439842
val,10,138,84.0,102.53918,18.539177
val,10,139,83.0,101.85376,18.85376
val,10,140,82.0,95.68853,13.68853
val,10,141,81.0,94.0085,13.008499
val,10,142,80.0,93.55104,13.551041
val,10,143,79.0,103.87584,24.87584
val,10,144,78.0,106.44347,28.443466
val,10,145,77.0,111.833626,34.833626
val,10,146,76.0,112.51415,36.514153
val,10,147,75.0,106.013954,31.013954
val,10,148,74.0,101.71789,27.717888
val,10,149,73.0,98.450356,25.450356
val,10,150,72.0,105.43645,33.436447
val,10,151,71.0,109.527916,38.527916
val,10,152,70.0,112.0322,42.032204
val,10,153,69.0,111.25776,42.25776
val,10,154,68.0,115.119286,47.119286
val,10,155,67.0,109.18427,42.184273
val,10,156,66.0,100.44193,34.441933
val,10,157,65.0,87.26226,22.26226
val,10,158,64.0,72.08597,8.085968
val,10,159,63.0,62.00861,-0.9913902
val,10,160,62.0,54.31172,-7.688278
val,10,161,61.0,51.370087,-9.629913
val,10,162,60.0,49.533363,-10.466637
val,10,163,59.0,45.250473,-13.749527
val,10,164,58.0,36.922604,-21.077396
val,10,165,57.0,35.41865,-21.581348
val,10,166,56.0,30.795954,-25.204046
val,10,167,55.0,24.91697,-30.08303
val,10,168,54.0,22.884834,-31.115166
val,10,169,53.0,15.531248,-37.46875
val,10,170,52.0,12.122531,-39.87747
val,10,171,51.0,19.29174,-31.70826
val,10,172,50.0,20.263159,-29.736841
val,10,173,49.0,25.486486,-23.513514
val,10,174,48.0,25.12513,-22.87487
val,10,175,47.0,20.245749,-26.754251
val,10,176,46.0,15.895647,-30.104353
val,10,177,45.0,16.038185,-28.961815
val,10,178,44.0,17.612463,-26.387537
val,10,179,43.0,22.200993,-20.799007
val,10,180,42.0,28.91756,-13.082439
val,10,181,41.0,37.90647,-3.0935287
val,10,182,40.0,44.101517,4.1015167
val,10,183,39.0,49.91269,10.912689
val,10,184,38.0,51.388763,13.388763
val,10,185,37.0,51.969437,14.969437
val,10,186,36.0,49.095848,13.095848
val,10,187,35.0,44.168884,9.168884
val,10,188,34.0,44.469536,10.469536
val,10,189,33.0,45.865807,12.865807
val,10,190,32.0,45.020035,13.020035
val,10,191,31.0,41.59675,10.596748
val,10,192,30.0,41.51899,11.51899
val,10,193,29.0,36.769276,7.7692757
val,10,194,28.0,33.874413,5.8744125
val,10,195,27.0,28.915443,1.9154434
val,10,196,26.0,26.116714,0.11671448
val,10,197,25.0,24.770912,-0.22908783
val,10,198,24.0,25.896,1.8959999
val,10,199,23.0,28.28431,5.2843094
val,10,200,22.0,30.08067,8.080669
val,10,201,21.0,29.529089,8.529089
val,10,202,20.0,27.926865,7.9268646
val,10,203,19.0,24.167261,5.167261
val,10,204,18.0,19.959248,1.9592476
val,10,205,17.0,16.788836,-0.21116447
val,10,206,16.0,14.958335,-1.0416651
val,10,207,15.0,16.000708,1.0007076
val,10,208,14.0,19.985064,5.9850636
val,10,209,13.0,16.636253,3.6362534
val,10,210,12.0,18.083382,6.0833817
val,10,211,11.0,17.483309,6.483309
val,10,212,10.0,17.561409,7.561409
val,10,213,9.0,16.400713,7.400713
val,10,214,8.0,15.238731,7.2387314
val,10,215,7.0,11.713251,4.713251
val,10,216,6.0,10.076903,4.0769033
val,10,217,5.0,10.815685,5.8156853
val,10,218,4.0,9.595278,5.595278
val,10,219,3.0,7.293969,4.293969
val,10,220,2.0,5.465584,3.4655838
val,10,221,1.0,4.7785788,3.7785788
val,10,222,0.0,3.5133293,3.5133293
val,11,30,210.0,153.94087,-56.059128
val,11,31,209.0,163.47116,-45.52884
val,11,32,208.0,166.52441,-41.475586
val,11,33,207.0,172.13937,-34.860626
val,11,34,206.0,171.66527,-34.334732
val,11,35,205.0,176.28784,-28.712158
val,11,36,204.0,172.96878,-31.03122
val,11,37,203.0,175.56345,-27.436554
val,11,38,202.0,182.03735,-19.962646
val,11,39,201.0,193.1508,-7.8491974
val,11,40,200.0,193.20422,-6.7957764
val,11,41,199.0,193.95596,-5.044037
val,11,42,198.0,188.75354,-9.24646
val,11,43,197.0,185.693,-11.307007
val,11,44,196.0,183.2536,-12.746399
val,11,45,195.0,189.60123,-5.398773
val,11,46,194.0,203.13388,9.133881
val,11,47,193.0,206.46521,13.46521
val,11,48,192.0,206.94968,14.9496765
val,11,49,191.0,205.36157,14.361572
val,11,50,190.0,197.99136,7.9913635
val,11,51,189.0,190.59581,1.5958099
val,11,52,188.0,185.26491,-2.7350922
val,11,53,187.0,179.37204,-7.62796
val,11,54,186.0,171.37189,-14.628113
val,11,55,185.0,168.00922,-16.990784
val,11,56,184.0,162.21423,-21.785767
val,11,57,183.0,168.56757,-14.432434
val,11,58,182.0,168.94966,-13.050339
val,11,59,181.0,167.2095,-13.790497
val,11,60,180.0,161.88998,-18.110016
val,11,61,179.0,164.29097,-14.70903
val,11,62,178.0,165.16965,-12.830353
val,11,63,177.0,161.79803,-15.201965
val,11,64,176.0,168.7207,-7.279297
val,11,65,175.0,173.31767,-1.6823273
val,11,66,174.0,171.13678,-2.8632202
val,11,67,173.0,166.9668,-6.033203
val,11,68,172.0,159.98123,-12.018768
val,11,69,171.0,154.91107,-16.088928
val,11,70,170.0,146.31316,-23.686844
val,11,71,169.0,137.05493,-31.945068
val,11,72,168.0,129.78146,-38.218536
val,11,73,167.0,137.17322,-29.826782
val,11,74,166.0,140.16,-25.839996
val,11,75,165.0,143.80646,-21.193542
val,11,76,164.0,140.0276,-23.972397
val,11,77,163.0,140.85329,-22.146713
val,11,78,162.0,144.74643,-17.25357
val,11,79,161.0,143.37411,-17.625885
val,11,80,160.0,147.59549,-12.4045105
val,11,81,159.0,155.18704,-3.8129578
val,11,82,158.0,159.5104,1.5104065
val,11,83,157.0,158.68745,1.6874542
val,11,84,156.0,154.88144,-1.1185608
val,11,85,155.0,151.84662,-3.1533813
val,11,86,154.0,147.26495,-6.7350464
val,11,87,153.0,141.95734,-11.042664
val,11,88,152.0,136.55148,-15.448517
val,11,89,151.0,138.3847,-12.615295
val,11,90,150.0,145.05219,-4.947815
val,11,91,149.0,151.59854,2.5985413
val,11,92,148.0,153.5451,5.545105
val,11,93,147.0,153.5011,6.5010986
val,11,94,146.0,159.09637,13.0963745
val,11,95,145.0,166.3263,21.326294
val,11,96,144.0,171.0338,27.033798
val,11,97,143.0,174.39325,31.39325
val,11,98,142.0,168.37823,26.378235
val,11,99,141.0,162.03073,21.030731
val,11,100,140.0,154.70404,14.704041
val,11,101,139.0,156.15121,17.151215
val,11,102,138.0,162.44008,24.440079
val,11,103,137.0,156.30923,19.309235
val,11,104,136.0,155.9466,19.946594
val,11,105,135.0,154.30722,19.30722
val,11,106,134.0,161.85495,27.85495
val,11,107,133.0,176.2616,43.261597
val,11,108,132.0,185.41391,53.41391
val,11,109,131.0,199.05661,68.05661
val,11,110,130.0,206.45741,76.45741
val,11,111,129.0,213.6616,84.661606
val,11,112,128.0,212.65865,84.658646
val,11,113,127.0,207.8348,80.83479
val,11,114,126.0,201.8039,75.803894
val,11,115,125.0,195.18575,70.185745
val,11,116,124.0,189.62788,65.627884
val,11,117,123.0,179.97058,56.97058
val,11,118,122.0,167.5325,45.5325
val,11,119,121.0,158.62924,37.629242
val,11,120,120.0,154.5693,34.569305
val,11,121,119.0,143.99722,24.997223
val,11,122,118.0,135.88596,17.885956
val,11,123,117.0,127.111824,10.111824
val,11,124,116.0,120.77146,4.7714615
val,11,125,115.0,115.68394,0.6839371
val,11,126,114.0,113.849434,-0.1505661
val,11,127,113.0,114.39759,1.3975906
val,11,128,112.0,110.70285,-1.2971497
val,11,129,111.0,104.35323,-6.6467667
val,11,130,110.0,101.14058,-8.859421
val,11,131,109.0,99.19288,-9.807121
val,11,132,108.0,98.90807,-9.091927
val,11,133,107.0,102.03034,-4.969658
val,11,134,106.0,100.76361,-5.236389
val,11,135,105.0,99.46108,-5.5389175
val,11,136,104.0,104.11733,0.11733246
val,11,137,103.0,105.441505,2.4415054
val,11,138,102.0,110.828064,8.828064
val,11,139,101.0,117.204384,16.204384
val,11,140,100.0,119.606636,19.606636
val,11,141,99.0,117.80221,18.802208
val,11,142,98.0,123.78698,25.78698
val,11,143,97.0,127.20597,30.20597
val,11,144,96.0,129.51065,33.51065
val,11,145,95.0,121.133125,26.133125
val,11,146,94.0,118.67136,24.671356
val,11,147,93.0,111.53889,18.538887
val,11,148,92.0,102.78736,10.787361
val,11,149,91.0,92.18966,1.1896591
val,11,150,90.0,86.41628,-3.5837173
val,11,151,89.0,83.83642,-5.163582
val,11,152,88.0,79.48171,-8.518288
val,11,153,87.0,80.28892,-6.7110825
val,11,154,86.0,83.7401,-2.259903
val,11,155,85.0,80.81824,-4.1817627
val,11,156,84.0,78.87928,-5.12072
val,11,157,83.0,81.44492,-1.5550766
val,11,158,82.0,82.046455,0.046455383
val,11,159,81.0,90.32215,9.322151
val,11,160,80.0,92.64797,12.647972
val,11,161,79.0,92.166275,13.166275
val,11,162,78.0,92.45981,14.459808
val,11,163,77.0,93.60139,16.601387
val,11,164,76.0,93.72497,17.724968
val,11,165,75.0,93.1163,18.116302
val,11,166,74.0,88.96937,14.969368
val,11,167,73.0,84.44718,11.447182
val,11,168,72.0,78.01283,6.0128326
val,11,169,71.0,75.5554,4.555397
val,11,170,70.0,82.55263,12.552628
val,11,171,69.0,88.863304,19.863304
val,11,172,68.0,91.44945,23.449448
val,11,173,67.0,97.93551,30.935509
val,11,174,66.0,98.302895,32.302895
val,11,175,65.0,95.247154,30.247154
val,11,176,64.0,88.10636,24.106361
val,11,177,63.0,82.55597,19.55597
val,11,178,62.0,81.68232,19.68232
val,11,179,61.0,79.791534,18.791534
val,11,180,60.0,74.09047,14.090469
val,11,181,59.0,67.809555,8.809555
val,11,182,58.0,57.5849,-0.4151001
val,11,183,57.0,52.331657,-4.6683426
val,11,184,56.0,50.035812,-5.9641876
val,11,185,55.0,44.43643,-10.563568
val,11,186,54.0,39.229023,-14.770977
val,11,187,53.0,35.112976,-17.887024
val,11,188,52.0,34.671337,-17.328663
val,11,189,51.0,36.919285,-14.080715
val,11,190,50.0,38.442787,-11.557213
val,11,191,49.0,37.000935,-11.999065
val,11,192,48.0,39.763588,-8.236412
val,11,193,47.0,42.193924,-4.806076
val,11,194,46.0,38.88208,-7.11792
val,11,195,45.0,32.91058,-12.08942
val,11,196,44.0,28.047203,-15.952797
val,11,197,43.0,22.054241,-20.945759
val,11,198,42.0,17.796946,-24.203054
val,11,199,41.0,17.317417,-23.682583
val,11,200,40.0,20.329227,-19.670773
val,11,201,39.0,26.345396,-12.654604
val,11,202,38.0,27.323528,-10.676472
val,11,203,37.0,30.215187,-6.784813
val,11,204,36.0,32.64489,-3.3551102
val,11,205,35.0,34.02735,-0.9726486
val,11,206,34.0,35.401054,1.4010544
val,11,207,33.0,33.196106,0.19610596
val,11,208,32.0,31.710384,-0.28961563
val,11,209,31.0,31.380428,0.3804283
val,11,210,30.0,28.936121,-1.063879
val,11,211,29.0,26.990635,-2.009365
val,11,212,28.0,28.70475,0.70475006
val,11,213,27.0,24.489372,-2.5106277
val,11,214,26.0,23.47178,-2.5282192
val,11,215,25.0,18.913258,-6.0867424
val,11,216,24.0,16.139397,-7.8606033
val,11,217,23.0,18.567486,-4.432514
val,11,218,22.0,19.080208,-2.9197922
val,11,219,21.0,17.368933,-3.6310673
val,11,220,20.0,16.40598,-3.5940208
val,11,221,19.0,17.060146,-1.9398537
val,11,222,18.0,16.476412,-1.5235882
val,11,223,17.0,15.840321,-1.1596794
val,11,224,16.0,16.792963,0.792963
val,11,225,15.0,18.465485,3.4654846
val,11,226,14.0,18.907578,4.9075775
val,11,227,13.0,18.992048,5.9920483
val,11,228,12.0,17.338144,5.3381443
val,11,229,11.0,15.771085,4.771085
val,11,230,10.0,14.447917,4.447917
val,11,231,9.0,13.678862,4.6788616
val,11,232,8.0,14.998409,6.9984093
val,11,233,7.0,13.272684,6.272684
val,11,234,6.0,13.436165,7.436165
val,11,235,5.0,14.540773,9.540773
val,11,236,4.0,14.650769,10.650769
val,11,237,3.0,12.802567,9.802567
val,11,238,2.0,9.860693,7.860693
val,11,239,1.0,9.299838,8.299838
val,11,240,0.0,7.799423,7.799423
val,12,30,140.0,163.55203,23.552032
val,12,31,139.0,158.88852,19.88852
val,12,32,138.0,151.53091,13.530914
val,12,33,137.0,147.28465,10.284653
val,12,34,136.0,141.1466,5.1466064
val,12,35,135.0,135.33862,0.33862305
val,12,36,134.0,132.62271,-1.3772888
val,12,37,133.0,131.65085,-1.3491516
val,12,38,132.0,135.50554,3.505539
val,12,39,131.0,132.82974,1.8297424
val,12,40,130.0,124.22861,-5.771393
val,12,41,129.0,120.95946,-8.040543
val,12,42,128.0,119.59355,-8.406448
val,12,43,127.0,119.23147,-7.768532
val,12,44,126.0,123.8884,-2.1116028
val,12,45,125.0,121.31014,-3.6898575
val,12,46,124.0,116.95002,-7.04998
val,12,47,123.0,115.812004,-7.187996
val,12,48,122.0,115.72862,-6.2713776
val,12,49,121.0,121.01499,0.01499176
val,12,50,120.0,137.72797,17.727966
val,12,51,119.0,150.74619,31.746185
val,12,52,118.0,165.52994,47.529938
val,12,53,117.0,167.02307,50.02307
val,12,54,116.0,167.85565,51.85565
val,12,55,115.0,166.18925,51.189255
val,12,56,114.0,165.00653,51.00653
val,12,57,113.0,160.75067,47.75067
val,12,58,112.0,158.08171,46.08171
val,12,59,111.0,155.08846,44.088455
val,12,60,110.0,153.18365,43.183655
val,12,61,109.0,145.384,36.384003
val,12,62,108.0,141.15726,33.157257
val,12,63,107.0,138.82437,31.824371
val,12,64,106.0,141.28142,35.281418
val,12,65,105.0,140.89209,35.89209
val,12,66,104.0,142.95587,38.95587
val,12,67,103.0,138.82079,35.820786
val,12,68,102.0,134.30692,32.306915
val,12,69,101.0,125.26976,24.26976
val,12,70,100.0,122.77874,22.77874
val,12,71,99.0,122.38777,23.387772
val,12,72,98.0,117.58053,19.580528
val,12,73,97.0,112.013405,15.013405
val,12,74,96.0,106.096825,10.096825
val,12,75,95.0,102.18378,7.183777
val,12,76,94.0,101.47383,7.473831
val,12,77,93.0,106.41656,13.416557
val,12,78,92.0,110.11094,18.110939
val,12,79,91.0,115.252495,24.252495
val,12,80,90.0,118.873116,28.873116
val,12,81,89.0,119.7004,30.700401
val,12,82,88.0,116.883675,28.883675
val,12,83,87.0,114.92482,27.92482
val,12,84,86.0,109.50917,23.50917
val,12,85,85.0,104.36709,19.367088
val,12,86,84.0,101.71554,17.715538
val,12,87,83.0,102.20718,19.207176
val,12,88,82.0,101.0093,19.0093
val,12,89,81.0,106.80741,25.807411
val,12,90,80.0,107.99972,27.999718
val,12,91,79.0,113.71888,34.71888
val,12,92,78.0,111.49619,33.496193
val,12,93,77.0,106.892654,29.892654
val,12,94,76.0,100.89358,24.893578
val,12,95,75.0,93.68476,18.684761
val,12,96,74.0,89.79861,15.798607
val,12,97,73.0,86.21762,13.217621
val,12,98,72.0,90.18285,18.182854
val,12,99,71.0,92.34235,21.342346
val,12,100,70.0,96.793976,26.793976
val,12,101,69.0,101.796425,32.796425
val,12,102,68.0,106.350914,38.350914
val,12,103,67.0,106.81069,39.81069
val,12,104,66.0,105.66712,39.66712
val,12,105,65.0,101.843666,36.843666
val,12,106,64.0,100.2073,36.2073
val,12,107,63.0,94.271706,31.271706
val,12,108,62.0,87.438156,25.438156
val,12,109,61.0,83.433105,22.433105
val,12,110,60.0,77.270546,17.270546
val,12,111,59.0,68.855385,9.855385
val,12,112,58.0,66.01025,8.010246
val,12,113,57.0,64.28187,7.281868
val,12,114,56.0,63.726875,7.7268753
val,12,115,55.0,62.960667,7.9606667
val,12,116,54.0,67.15815,13.15815
val,12,117,53.0,68.36406,15.364059
val,12,118,52.0,69.437164,17.437164
val,12,119,51.0,64.55055,13.550552
val,12,120,50.0,57.478405,7.478405
val,12,121,49.0,53.4777,4.4776993
val,12,122,48.0,48.17135,0.17134857
val,12,123,47.0,44.14781,-2.852188
val,12,124,46.0,38.559364,-7.4406357
val,12,125,45.0,33.40252,-11.597481
val,12,126,44.0,32.080444,-11.919556
val,12,127,43.0,34.69724,-8.302761
val,12,128,42.0,36.81968,-5.1803207
val,12,129,41.0,38.23398,-2.7660217
val,12,130,40.0,39.110256,-0.8897438
val,12,131,39.0,37.791386,-1.2086143
val,12,132,38.0,36.071884,-1.9281158
val,12,133,37.0,33.0726,-3.9273987
val,12,134,36.0,33.305588,-2.6944122
val,12,135,35.0,34.645504,-0.354496
val,12,136,34.0,34.970688,0.97068787
val,12,137,33.0,32.661205,-0.3387947
val,12,138,32.0,32.308777,0.30877686
val,12,139,31.0,35.353333,4.3533325
val,12,140,30.0,33.05136,3.051361
val,12,141,29.0,30.213636,1.2136364
val,12,142,28.0,28.934475,0.93447495
val,12,143,27.0,31.762417,4.762417
val,12,144,26.0,29.948944,3.948944
val,12,145,25.0,29.00411,4.0041103
val,12,146,24.0,28.892643,4.892643
val,12,147,23.0,27.430344,4.4303436
val,12,148,22.0,26.432396,4.432396
val,12,149,21.0,25.71836,4.718361
val,12,150,20.0,22.445492,2.4454918
val,12,151,19.0,20.533789,1.5337887
val,12,152,18.0,18.221184,0.22118378
val,12,153,17.0,15.63715,-1.3628502
val,12,154,16.0,14.20924,-1.79076
val,12,155,15.0,13.795702,-1.204298
val,12,156,14.0,13.5151205,-0.4848795
val,12,157,13.0,11.196042,-1.8039579
val,12,158,12.0,8.096587,-3.9034128
val,12,159,11.0,7.5104046,-3.4895954
val,12,160,10.0,6.4241743,-3.5758257
val,12,161,9.0,5.0372877,-3.9627123
val,12,162,8.0,3.2926166,-4.707383
val,12,163,7.0,2.399771,-4.6002293
val,12,164,6.0,1.9161009,-4.083899
val,12,165,5.0,1.6493424,-3.3506575
val,12,166,4.0,1.2519556,-2.7480445
val,12,167,3.0,1.6643065,-1.3356935
val,12,168,2.0,1.0872058,-0.91279423
val,12,169,1.0,-0.33962217,-1.3396221
val,12,170,0.0,-0.7779998,-0.7779998
val,14,30,150.0,147.03046,-2.9695435
val,14,31,149.0,146.66107,-2.3389282
val,14,32,148.0,147.5951,-0.40490723
val,14,33,147.0,144.01315,-2.986847
val,14,34,146.0,142.85326,-3.1467438
val,14,35,145.0,140.12433,-4.8756714
val,14,36,144.0,135.44452,-8.555481
val,14,37,143.0,133.33397,-9.666031
val,14,38,142.0,130.3406,-11.659393
val,14,39,141.0,128.15918,-12.84082
val,14,40,140.0,123.85608,-16.14392
val,14,41,139.0,113.182945,-25.817055
val,14,42,138.0,106.87368,-31.12632
val,14,43,137.0,101.14829,-35.851707
val,14,44,136.0,96.04159,-39.958412
val,14,45,135.0,91.74559,-43.25441
val,14,46,134.0,95.64451,-38.35549
val,14,47,133.0,102.76985,-30.230148
val,14,48,132.0,106.01197,-25.98803
val,14,49,131.0,105.21577,-25.784233
val,14,50,130.0,107.59441,-22.405586
val,14,51,129.0,104.55831,-24.441689
val,14,52,128.0,102.43769,-25.56231
val,14,53,127.0,103.7137,-23.2863
val,14,54,126.0,108.814285,-17.185715
val,14,55,125.0,116.60261,-8.397392
val,14,56,124.0,124.07997,0.07997131
val,14,57,123.0,127.69806,4.698059
val,14,58,122.0,133.58981,11.589813
val,14,59,121.0,136.29736,15.297363
val,14,60,120.0,137.11038,17.110382
val,14,61,119.0,135.74876,16.748764
val,14,62,118.0,137.0261,19.026093
val,14,63,117.0,136.71063,19.710632
val,14,64,116.0,141.4151,25.4151
val,14,65,115.0,143.8712,28.8712
val,14,66,114.0,144.13336,30.133362
val,14,67,113.0,145.87657,32.87657
val,14,68,112.0,151.48291,39.48291
val,14,69,111.0,154.24403,43.244034
val,14,70,110.0,153.63489,43.634888
val,14,71,109.0,148.00537,39.00537
val,14,72,108.0,140.92424,32.92424
val,14,73,107.0,134.03708,27.037079
val,14,74,106.0,128.3055,22.305496
val,14,75,105.0,123.10733,18.10733
val,14,76,104.0,115.18374,11.183739
val,14,77,103.0,104.70825,1.708252
val,14,78,102.0,98.248436,-3.751564
val,14,79,101.0,91.04155,-9.95845
val,14,80,100.0,87.81784,-12.182159
val,14,81,99.0,89.32697,-9.673027
val,14,82,98.0,96.36547,-1.6345291
val,14,83,97.0,98.47793,1.4779282
val,14,84,96.0,102.06035,6.0603485
val,14,85,95.0,100.3985,5.3984985
val,14,86,94.0,98.21285,4.2128525
val,14,87,93.0,90.711815,-2.2881851
val,14,88,92.0,85.06347,-6.936531
val,14,89,91.0,83.79186,-7.2081375
val,14,90,90.0,84.47195,-5.5280533
val,14,91,89.0,81.33251,-7.667488
val,14,92,88.0,77.86855,-10.131447
val,14,93,87.0,75.73944,-11.260559
val,14,94,86.0,74.39263,-11.607368
val,14,95,85.0,78.46825,-6.5317535
val,14,96,84.0,84.73974,0.73973846
val,14,97,83.0,88.41198,5.4119797
val,14,98,82.0,87.938484,5.938484
val,14,99,81.0,86.75075,5.7507477
val,14,100,80.0,85.977196,5.9771957
val,14,101,79.0,87.29952,8.299522
val,14,102,78.0,84.27381,6.2738113
val,14,103,77.0,83.46702,6.467018
val,14,104,76.0,79.6251,3.6250992
val,14,105,75.0,76.67877,1.678772
val,14,106,74.0,74.61502,0.61502075
val,14,107,73.0,74.25595,1.2559509
val,14,108,72.0,72.15101,0.1510086
val,14,109,71.0,71.31141,0.311409
val,14,110,70.0,70.02111,0.021110535
val,14,111,69.0,72.74427,3.7442703
val,14,112,68.0,68.51729,0.5172882
val,14,113,67.0,63.62094,-3.3790588
val,14,114,66.0,60.023243,-5.976757
val,14,115,65.0,60.07406,-4.9259415
val,14,116,64.0,58.585236,-5.4147644
val,14,117,63.0,56.938564,-6.0614357
val,14,118,62.0,57.733917,-4.266083
val,14,119,61.0,58.002304,-2.997696
val,14,120,60.0,54.418785,-5.581215
val,14,121,59.0,51.081795,-7.9182053
val,14,122,58.0,46.735542,-11.264458
val,14,123,57.0,42.746822,-14.253178
val,14,124,56.0,41.42593,-14.57407
val,14,125,55.0,40.895393,-14.104607
val,14,126,54.0,39.354355,-14.645645
val,14,127,53.0,38.281708,-14.718292
val,14,128,52.0,37.48779,-14.512211
val,14,129,51.0,36.635635,-14.364365
val,14,130,50.0,37.717102,-12.282898
val,14,131,49.0,41.157623,-7.8423767
val,14,132,48.0,41.706955,-6.293045
val,14,133,47.0,37.434586,-9.565414
val,14,134,46.0,36.66707,-9.3329315
val,14,135,45.0,35.71193,-9.288071
val,14,136,44.0,36.18283,-7.817169
val,14,137,43.0,33.48964,-9.510361
val,14,138,42.0,31.468906,-10.531094
val,14,139,41.0,32.937195,-8.062805
val,14,140,40.0,33.464317,-6.5356827
val,14,141,39.0,37.363083,-1.6369171
val,14,142,38.0,37.017506,-0.98249435
val,14,143,37.0,36.03749,-0.96250916
val,14,144,36.0,37.17402,1.1740189
val,14,145,35.0,36.218994,1.2189941
val,14,146,34.0,38.408783,4.408783
val,14,147,33.0,40.66502,7.66502
val,14,148,32.0,40.852657,8.852657
val,14,149,31.0,39.27481,8.274811
val,14,150,30.0,39.0456,9.045601
val,14,151,29.0,39.366825,10.366825
val,14,152,28.0,39.457977,11.457977
val,14,153,27.0,38.670364,11.670364
val,14,154,26.0,36.72338,10.723381
val,14,155,25.0,34.169518,9.1695175
val,14,156,24.0,34.43004,10.430038
val,14,157,23.0,32.345222,9.345222
val,14,158,22.0,32.735863,10.735863
val,14,159,21.0,32.702957,11.702957
val,14,160,20.0,30.461872,10.461872
val,14,161,19.0,28.283733,9.283733
val,14,162,18.0,24.851269,6.851269
val,14,163,17.0,19.259274,2.2592735
val,14,164,16.0,17.673334,1.6733341
val,14,165,15.0,16.746721,1.7467213
val,14,166,14.0,15.404493,1.4044933
val,14,167,13.0,12.999684,-0.0003156662
val,14,168,12.0,9.232328,-2.7676716
val,14,169,11.0,6.0559845,-4.9440155
val,14,170,10.0,3.564115,-6.435885
val,14,171,9.0,1.6718417,-7.3281584
val,14,172,8.0,4.2344656,-3.7655344
val,14,173,7.0,1.7958163,-5.2041836
val,14,174,6.0,-1.009036,-7.009036
val,14,175,5.0,-1.036881,-6.036881
val,14,176,4.0,-1.69734,-5.69734
val,14,177,3.0,-0.86869544,-3.8686955
val,14,178,2.0,-1.6141232,-3.6141233
val,14,179,1.0,-2.7885451,-3.7885451
val,14,180,0.0,-3.9222713,-3.9222713
val,17,30,246.0,135.89662,-110.10338
val,17,31,245.0,133.62494,-111.37506
val,17,32,244.0,134.5693,-109.430695
val,17,33,243.0,135.4828,-107.5172
val,17,34,242.0,143.16112,-98.83888
val,17,35,241.0,139.82964,-101.170364
val,17,36,240.0,136.63443,-103.36557
val,17,37,239.0,137.4466,-101.553406
val,17,38,238.0,139.2515,-98.748505
val,17,39,237.0,145.34082,-91.65918
val,17,40,236.0,149.28548,-86.71452
val,17,41,235.0,148.28894,-86.71106
val,17,42,234.0,152.64767,-81.352325
val,17,43,233.0,166.27902,-66.72098
val,17,44,232.0,172.64532,-59.354675
val,17,45,231.0,176.53033,-54.469666
val,17,46,230.0,184.45679,-45.543213
val,17,47,229.0,183.61676,-45.38324
val,17,48,228.0,184.74237,-43.25763
val,17,49,227.0,181.52747,-45.472534
val,17,50,226.0,181.76767,-44.23233
val,17,51,225.0,190.85068,-34.149323
val,17,52,224.0,202.45998,-21.540024
val,17,53,223.0,204.55421,-18.445786
val,17,54,222.0,199.93098,-22.069016
val,17,55,221.0,189.18143,-31.818573
val,17,56,220.0,181.32425,-38.67575
val,17,57,219.0,176.41383,-42.586166
val,17,58,218.0,169.39291,-48.607086
val,17,59,217.0,163.19183,-53.808167
val,17,60,216.0,154.78403,-61.215973
val,17,61,215.0,152.5928,-62.407196
val,17,62,214.0,151.46017,-62.539825
val,17,63,213.0,156.76642,-56.23358
val,17,64,212.0,161.82104,-50.178955
val,17,65,211.0,154.72047,-56.279526
val,17,66,210.0,151.16945,-58.83055
val,17,67,209.0,145.26346,-63.73654
val,17,68,208.0,139.3424,-68.65759
val,17,69,207.0,124.888535,-82.111465
val,17,70,206.0,122.082275,-83.917725
val,17,71,205.0,123.206924,-81.793076
val,17,72,204.0,123.88192,-80.11808
val,17,73,203.0,127.94382,-75.05618
val,17,74,202.0,133.73866,-68.26134
val,17,75,201.0,139.40587,-61.59413
val,17,76,200.0,144.82402,-55.17598
val,17,77,199.0,155.94453,-43.055466
val,17,78,198.0,163.98451,-34.015488
val,17,79,197.0,171.89227,-25.107727
val,17,80,196.0,175.5276,-20.472397
val,17,81,195.0,174.43622,-20.563782
val,17,82,194.0,174.05644,-19.943558
val,17,83,193.0,175.05975,-17.940247
val,17,84,192.0,177.9747,-14.025299
val,17,85,191.0,183.43414,-7.565857
val,17,86,190.0,182.97455,-7.0254517
val,17,87,189.0,184.46341,-4.5365906
val,17,88,188.0,184.43332,-3.566681
val,17,89,187.0,180.4345,-6.565506
val,17,90,186.0,182.78162,-3.2183838
val,17,91,185.0,186.06189,1.0618896
val,17,92,184.0,181.28358,-2.7164154
val,17,93,183.0,177.86374,-5.136261
val,17,94,182.0,172.6027,-9.397293
val,17,95,181.0,177.15782,-3.8421783
val,17,96,180.0,172.66998,-7.330017
val,17,97,179.0,171.98697,-7.013031
val,17,98,178.0,167.4447,-10.555298
val,17,99,177.0,168.3786,-8.621399
val,17,100,176.0,169.87833,-6.1216736
val,17,101,175.0,168.51643,-6.4835663
val,17,102,174.0,174.512,0.5119934
val,17,103,173.0,180.09831,7.0983124
val,17,104,172.0,183.95667,11.956665
val,17,105,171.0,190.10669,19.10669
val,17,106,170.0,187.83707,17.837067
val,17,107,169.0,177.95395,8.953949
val,17,108,168.0,169.35228,1.3522797
val,17,109,167.0,162.90309,-4.0969086
val,17,110,166.0,159.16647,-6.8335266
val,17,111,165.0,159.05434,-5.9456635
val,17,112,164.0,155.82645,-8.173553
val,17,113,163.0,148.71255,-14.287445
val,17,114,162.0,147.37085,-14.62915
val,17,115,161.0,146.70476,-14.295242
val,17,116,160.0,146.45303,-13.546967
val,17,117,159.0,157.0091,-1.9909058
val,17,118,158.0,153.30069,-4.6993103
val,17,119,157.0,151.31686,-5.683136
val,17,120,156.0,149.5992,-6.4008026
val,17,121,155.0,142.07521,-12.924789
val,17,122,154.0,132.62518,-21.374817
val,17,123,153.0,120.25776,-32.74224
val,17,124,152.0,112.258415,-39.741585
val,17,125,151.0,111.21396,-39.78604
val,17,126,150.0,111.23475,-38.76525
val,17,127,149.0,109.51972,-39.480278
val,17,128,148.0,111.531364,-36.468636
val,17,129,147.0,115.10579,-31.89421
val,17,130,146.0,124.21045,-21.78955
val,17,131,145.0,132.38629,-12.6137085
val,17,132,144.0,135.37645,-8.62355
val,17,133,143.0,135.63742,-7.3625793
val,17,134,142.0,138.8895,-3.1105042
val,17,135,141.0,145.72275,4.722748
val,17,136,140.0,150.2624,10.262405
val,17,137,139.0,155.45743,16.457428
val,17,138,138.0,158.45084,20.450836
val,17,139,137.0,153.85712,16.857117
val,17,140,136.0,143.56886,7.568863
val,17,141,135.0,135.60745,0.6074524
val,17,142,134.0,127.806564,-6.1934357
val,17,143,133.0,121.43642,-11.563583
val,17,144,132.0,122.9018,-9.098198
val,17,145,131.0,124.9811,-6.018898
val,17,146,130.0,133.12518,3.125183
val,17,147,129.0,142.32483,13.324829
val,17,148,128.0,140.18698,12.186981
val,17,149,127.0,140.80124,13.801239
val,17,150,126.0,137.9458,11.945801
val,17,151,125.0,129.68335,4.6833496
val,17,152,124.0,124.83755,0.8375473
val,17,153,123.0,123.794304,0.7943039
val,17,154,122.0,127.106316,5.1063156
val,17,155,121.0,130.73996,9.73996
val,17,156,120.0,131.5233,11.5233
val,17,157,119.0,121.713646,2.713646
val,17,158,118.0,122.55738,4.5573807
val,17,159,117.0,118.43016,1.4301605
val,17,160,116.0,119.59047,3.5904694
val,17,161,115.0,116.078026,1.0780258
val,17,162,114.0,121.86171,7.8617096
val,17,163,113.0,127.05719,14.05719
val,17,164,112.0,136.05411,24.054108
val,17,165,111.0,147.91086,36.91086
val,17,166,110.0,157.31174,47.311737
val,17,167,109.0,159.92114,50.921143
val,17,168,108.0,160.78589,52.78589
val,17,169,107.0,153.20898,46.208984
val,17,170,106.0,144.29196,38.29196
val,17,171,105.0,141.1625,36.162506
val,17,172,104.0,141.4866,37.486603
val,17,173,103.0,142.39703,39.397034
val,17,174,102.0,136.46974,34.46974
val,17,175,101.0,127.79923,26.799232
val,17,176,100.0,125.84927,25.849274
val,17,177,99.0,112.32015,13.320152
val,17,178,98.0,103.814674,5.8146744
val,17,179,97.0,99.30918,2.3091812
val,17,180,96.0,95.21168,-0.78832245
val,17,181,95.0,91.79838,-3.201622
val,17,182,94.0,86.42233,-7.577667
val,17,183,93.0,91.52903,-1.4709702
val,17,184,92.0,95.21614,3.2161407
val,17,185,91.0,89.13003,-1.8699722
val,17,186,90.0,79.52132,-10.478683
val,17,187,89.0,74.58451,-14.415489
val,17,188,88.0,73.56487,-14.435127
val,17,189,87.0,69.44822,-17.55178
val,17,190,86.0,64.6394,-21.360603
val,17,191,85.0,67.445564,-17.554436
val,17,192,84.0,68.523964,-15.476036
val,17,193,83.0,70.30868,-12.691322
val,17,194,82.0,76.01276,-5.9872437
val,17,195,81.0,84.81663,3.8166275
val,17,196,80.0,84.47053,4.4705276
val,17,197,79.0,87.133606,8.133606
val,17,198,78.0,87.66293,9.662933
val,17,199,77.0,93.938034,16.938034
val,17,200,76.0,101.280525,25.280525
val,17,201,75.0,96.99694,21.99694
val,17,202,74.0,95.914215,21.914215
val,17,203,73.0,90.89612,17.896118
val,17,204,72.0,81.55595,9.555946
val,17,205,71.0,74.29725,3.2972488
val,17,206,70.0,73.13242,3.1324234
val,17,207,69.0,76.29424,7.294243
val,17,208,68.0,77.994225,9.994225
val,17,209,67.0,81.43078,14.4307785
val,17,210,66.0,83.28991,17.28991
val,17,211,65.0,87.08134,22.081337
val,17,212,64.0,88.11422,24.11422
val,17,213,63.0,91.53152,28.531517
val,17,214,62.0,87.93597,25.935966
val,17,215,61.0,84.70999,23.709991
val,17,216,60.0,79.08883,19.088829
val,17,217,59.0,71.61927,12.61927
val,17,218,58.0,66.050156,8.050156
val,17,219,57.0,64.57465,7.5746536
val,17,220,56.0,65.496475,9.496475
val,17,221,55.0,66.14203,11.142029
val,17,222,54.0,71.03929,17.039291
val,17,223,53.0,69.82824,16.82824
val,17,224,52.0,65.72959,13.729591
val,17,225,51.0,62.182,11.181999
val,17,226,50.0,59.18817,9.188171
val,17,227,49.0,56.36776,7.3677597
val,17,228,48.0,54.2601,6.2601013
val,17,229,47.0,53.097153,6.0971527
val,17,230,46.0,45.198418,-0.80158234
val,17,231,45.0,36.51717,-8.48283
val,17,232,44.0,28.18169,-15.81831
val,17,233,43.0,24.624271,-18.375729
val,17,234,42.0,19.22237,-22.77763
val,17,235,41.0,19.324762,-21.675238
val,17,236,40.0,20.548786,-19.451214
val,17,237,39.0,22.83833,-16.16167
val,17,238,38.0,22.97625,-15.02375
val,17,239,37.0,23.149328,-13.850672
val,17,240,36.0,25.010406,-10.9895935
val,17,241,35.0,22.930939,-12.069061
val,17,242,34.0,20.287569,-13.712431
val,17,243,33.0,15.656387,-17.343613
val,17,244,32.0,13.043959,-18.956041
val,17,245,31.0,9.621197,-21.378803
val,17,246,30.0,10.337647,-19.662354
val,17,247,29.0,15.107328,-13.892672
val,17,248,28.0,14.595653,-13.404347
val,17,249,27.0,14.5337515,-12.4662485
val,17,250,26.0,13.868485,-12.131515
val,17,251,25.0,14.230278,-10.769722
val,17,252,24.0,16.276474,-7.723526
val,17,253,23.0,13.510086,-9.489914
val,17,254,22.0,12.58758,-9.41242
val,17,255,21.0,14.369029,-6.630971
val,17,256,20.0,12.838204,-7.1617956
val,17,257,19.0,11.649385,-7.3506145
val,17,258,18.0,10.745078,-7.254922
val,17,259,17.0,7.6836605,-9.3163395
val,17,260,16.0,8.643496,-7.3565044
val,17,261,15.0,8.749794,-6.250206
val,17,262,14.0,8.408859,-5.5911407
val,17,263,13.0,8.322201,-4.677799
val,17,264,12.0,6.518016,-5.481984
val,17,265,11.0,6.9105587,-4.0894413
val,17,266,10.0,7.785287,-2.214713
val,17,267,9.0,9.280827,0.28082657
val,17,268,8.0,7.2365975,-0.76340246
val,17,269,7.0,5.8597927,-1.1402073
val,17,270,6.0,4.344646,-1.655354
val,17,271,5.0,4.2735224,-0.7264776
val,17,272,4.0,3.6800172,-0.31998277
val,17,273,3.0,4.2779126,1.2779126
val,17,274,2.0,1.350294,-0.649706
val,17,275,1.0,0.41724357,-0.5827564
val,17,276,0.0,-0.42520848,-0.42520848
val,21,30,165.0,159.3075,-5.692505
val,21,31,164.0,156.05829,-7.9417114
val,21,32,163.0,153.31036,-9.689636
val,21,33,162.0,156.62875,-5.3712463
val,21,34,161.0,154.4491,-6.5509033
val,21,35,160.0,151.12454,-8.875458
val,21,36,159.0,142.56543,-16.43457
val,21,37,158.0,127.376724,-30.623276
val,21,38,157.0,125.831474,-31.168526
val,21,39,156.0,127.193184,-28.806816
val,21,40,155.0,129.77437,-25.225632
val,21,41,154.0,140.18277,-13.81723
val,21,42,153.0,143.3962,-9.603806
val,21,43,152.0,144.95114,-7.0488586
val,21,44,151.0,146.38129,-4.6187134
val,21,45,150.0,141.719,-8.281006
val,21,46,149.0,150.52179,1.5217896
val,21,47,148.0,155.30994,7.3099365
val,21,48,147.0,161.49101,14.491013
val,21,49,146.0,172.58618,26.586182
val,21,50,145.0,180.79468,35.794678
val,21,51,144.0,189.12492,45.124924
val,21,52,143.0,186.02744,43.027435
val,21,53,142.0,177.86823,35.868225
val,21,54,141.0,170.27441,29.274414
val,21,55,140.0,173.5149,33.514893
val,21,56,139.0,172.85721,33.85721
val,21,57,138.0,176.12646,38.126465
val,21,58,137.0,178.69678,41.696777
val,21,59,136.0,187.13199,51.13199
val,21,60,135.0,193.54068,58.54068
val,21,61,134.0,197.77551,63.775513
val,21,62,133.0,195.45181,62.451813
val,21,63,132.0,186.00192,54.001923
val,21,64,131.0,176.56381,45.563812
val,21,65,130.0,168.75275,38.752747
val,21,66,129.0,158.85208,29.852081
val,21,67,128.0,158.32318,30.323181
val,21,68,127.0,157.60287,30.602875
val,21,69,126.0,164.15125,38.151245
val,21,70,125.0,164.8442,39.844193
val,21,71,124.0,172.71985,48.71985
val,21,72,123.0,168.02344,45.023438
val,21,73,122.0,165.12158,43.121582
val,21,74,121.0,166.66081,45.660812
val,21,75,120.0,162.76625,42.76625
val,21,76,119.0,157.43286,38.43286
val,21,77,118.0,156.0341,38.034103
val,21,78,117.0,158.9273,41.927307
val,21,79,116.0,160.33876,44.33876
val,21,80,115.0,160.46323,45.463226
val,21,81,114.0,155.53177,41.53177
val,21,82,113.0,158.84875,45.848755
val,21,83,112.0,161.56778,49.56778
val,21,84,111.0,168.58807,57.588074
val,21,85,110.0,166.56752,56.56752
val,21,86,109.0,167.5149,58.514893
val,21,87,108.0,165.28322,57.28322
val,21,88,107.0,161.18082,54.180817
val,21,89,106.0,152.08963,46.08963
val,21,90,105.0,146.6785,41.678497
val,21,91,104.0,139.23276,35.232758
val,21,92,103.0,132.43465,29.434647
val,21,93,102.0,120.62968,18.629677
val,21,94,101.0,109.652145,8.652145
val,21,95,100.0,98.30072,-1.6992798
val,21,96,99.0,87.88621,-11.113792
val,21,97,98.0,83.2564,-14.743599
val,21,98,97.0,92.03857,-4.9614334
val,21,99,96.0,106.21369,10.213692
val,21,100,95.0,111.48653,16.486526
val,21,101,94.0,116.887535,22.887535
val,21,102,93.0,118.85525,25.855247
val,21,103,92.0,120.50347,28.503471
val,21,104,91.0,112.77389,21.773888
val,21,105,90.0,116.94765,26.947647
val,21,106,89.0,117.9701,28.9701
val,21,107,88.0,119.37035,31.370354
val,21,108,87.0,113.28202,26.28202
val,21,109,86.0,106.88629,20.886292
val,21,110,85.0,108.62366,23.623657
val,21,111,84.0,109.67489,25.674889
val,21,112,83.0,105.58445,22.58445
val,21,113,82.0,105.99151,23.991508
val,21,114,81.0,104.22146,23.221458
val,21,115,80.0,105.44771,25.447708
val,21,116,79.0,106.77177,27.771767
val,21,117,78.0,108.213295,30.213295
val,21,118,77.0,106.55848,29.55848
val,21,119,76.0,104.36355,28.363548
val,21,120,75.0,100.702484,25.702484
val,21,121,74.0,100.42842,26.428421
val,21,122,73.0,101.74419,28.744186
val,21,123,72.0,103.36208,31.362083
val,21,124,71.0,108.89961,37.899612
val,21,125,70.0,112.211754,42.211754
val,21,126,69.0,116.631584,47.631584
val,21,127,68.0,120.89889,52.898888
val,21,128,67.0,124.07115,57.07115
val,21,129,66.0,120.45191,54.451912
val,21,130,65.0,114.60475,49.60475
val,21,131,64.0,109.719124,45.719124
val,21,132,63.0,110.77534,47.775337
val,21,133,62.0,122.625465,60.625465
val,21,134,61.0,127.042046,66.042046
val,21,135,60.0,130.7728,70.7728
val,21,136,59.0,127.785774,68.785774
val,21,137,58.0,126.741165,68.741165
val,21,138,57.0,125.386406,68.386406
val,21,139,56.0,122.19879,66.19879
val,21,140,55.0,118.659805,63.659805
val,21,141,54.0,115.037025,61.037025
val,21,142,53.0,111.60796,58.607964
val,21,143,52.0,108.20075,56.200752
val,21,144,51.0,101.57811,50.57811
val,21,145,50.0,87.97841,37.97841
val,21,146,49.0,77.52526,28.52526
val,21,147,48.0,66.20292,18.202919
val,21,148,47.0,60.655624,13.655624
val,21,149,46.0,59.118404,13.118404
val,21,150,45.0,58.18854,13.188541
val,21,151,44.0,66.61077,22.610771
val,21,152,43.0,65.82429,22.824287
val,21,153,42.0,63.08681,21.086811
val,21,154,41.0,62.185455,21.185455
val,21,155,40.0,55.74315,15.743149
val,21,156,39.0,48.930824,9.930824
val,21,157,38.0,42.66198,4.6619797
val,21,158,37.0,37.014812,0.0148124695
val,21,159,36.0,32.975815,-3.0241852
val,21,160,35.0,33.903717,-1.096283
val,21,161,34.0,35.88521,1.8852081
val,21,162,33.0,33.445026,0.4450264
val,21,163,32.0,38.011463,6.011463
val,21,164,31.0,38.496643,7.496643
val,21,165,30.0,34.95562,4.95562
val,21,166,29.0,34.439423,5.4394226
val,21,167,28.0,35.120464,7.1204643
val,21,168,27.0,34.738255,7.7382545
val,21,169,26.0,35.73226,9.732262
val,21,170,25.0,35.6642,10.6642
val,21,171,24.0,33.338203,9.338203
val,21,172,23.0,30.709269,7.7092686
val,21,173,22.0,27.067171,5.067171
val,21,174,21.0,24.856407,3.8564072
val,21,175,20.0,25.021553,5.021553
val,21,176,19.0,21.476097,2.476097
val,21,177,18.0,20.159472,2.1594715
val,21,178,17.0,18.460806,1.4608059
val,21,179,16.0,19.400826,3.4008255
val,21,180,15.0,16.441414,1.4414139
val,21,181,14.0,14.0699415,0.06994152
val,21,182,13.0,12.016669,-0.9833307
val,21,183,12.0,10.619991,-1.3800087
val,21,184,11.0,7.7218904,-3.2781096
val,21,185,10.0,5.311796,-4.688204
val,21,186,9.0,4.7530546,-4.2469454
val,21,187,8.0,3.3854158,-4.614584
val,21,188,7.0,3.0721493,-3.9278507
val,21,189,6.0,3.866025,-2.133975
val,21,190,5.0,2.563847,-2.436153
val,21,191,4.0,3.5571513,-0.44284868
val,21,192,3.0,0.5208896,-2.4791105
val,21,193,2.0,-0.8980016,-2.8980017
val,21,194,1.0,-0.08523885,-1.0852388
val,21,195,0.0,-0.9641525,-0.9641525
val,28,30,135.0,185.23123,50.23123
val,28,31,134.0,176.38004,42.380035
val,28,32,133.0,171.43822,38.438217
val,28,33,132.0,162.62248,30.622482
val,28,34,131.0,159.75671,28.756714
val,28,35,130.0,166.28096,36.28096
val,28,36,129.0,166.8568,37.856796
val,28,37,128.0,169.4972,41.497192
val,28,38,127.0,168.57562,41.575623
val,28,39,126.0,169.07785,43.07785
val,28,40,125.0,166.49571,41.495712
val,28,41,124.0,175.60446,51.60446
val,28,42,123.0,179.82375,56.823746
val,28,43,122.0,180.79922,58.799225
val,28,44,121.0,189.0594,68.0594
val,28,45,120.0,194.25621,74.25621
val,28,46,119.0,194.04182,75.041824
val,28,47,118.0,189.51144,71.511444
val,28,48,117.0,190.94678,73.94678
val,28,49,116.0,187.09518,71.095184
val,28,50,115.0,189.52676,74.526764
val,28,51,114.0,197.78711,83.78711
val,28,52,113.0,200.90955,87.909546
val,28,53,112.0,205.19852,93.19852
val,28,54,111.0,198.67693,87.676926
val,28,55,110.0,192.92111,82.92111
val,28,56,109.0,190.54735,81.54735
val,28,57,108.0,183.93875,75.93875
val,28,58,107.0,178.12148,71.121475
val,28,59,106.0,167.68546,61.685455
val,28,60,105.0,163.823,58.822998
val,28,61,104.0,157.96548,53.965485
val,28,62,103.0,155.88686,52.886856
val,28,63,102.0,154.00174,52.00174
val,28,64,101.0,153.7742,52.7742
val,28,65,100.0,155.82541,55.82541
val,28,66,99.0,158.31656,59.31656
val,28,67,98.0,147.61961,49.619614
val,28,68,97.0,142.39627,45.39627
val,28,69,96.0,140.40503,44.40503
val,28,70,95.0,146.80157,51.801575
val,28,71,94.0,152.05173,58.051727
val,28,72,93.0,164.11674,71.116745
val,28,73,92.0,167.16713,75.16713
val,28,74,91.0,168.2734,77.27341
val,28,75,90.0,167.10266,77.10266
val,28,76,89.0,156.23732,67.23732
val,28,77,88.0,156.91748,68.91748
val,28,78,87.0,156.35538,69.35538
val,28,79,86.0,159.8659,73.865906
val,28,80,85.0,166.21738,81.21738
val,28,81,84.0,169.31944,85.31944
val,28,82,83.0,168.43695,85.43695
val,28,83,82.0,166.23848,84.23848
val,28,84,81.0,157.99907,76.99907
val,28,85,80.0,143.80598,63.805984
val,28,86,79.0,126.4286,47.428596
val,28,87,78.0,114.88418,36.88418
val,28,88,77.0,109.46429,32.464287
val,28,89,76.0,103.71119,27.71119
val,28,90,75.0,100.63239,25.632393
val,28,91,74.0,104.013756,30.013756
val,28,92,73.0,106.605835,33.605835
val,28,93,72.0,107.47431,35.47431
val,28,94,71.0,106.34991,35.349907
val,28,95,70.0,104.98364,34.983643
val,28,96,69.0,102.21029,33.21029
val,28,97,68.0,102.18525,34.18525
val,28,98,67.0,99.65696,32.65696
val,28,99,66.0,99.844,33.844
val,28,100,65.0,102.80724,37.807243
val,28,101,64.0,100.06336,36.063362
val,28,102,63.0,95.42988,32.42988
val,28,103,62.0,91.14428,29.14428
val,28,104,61.0,83.65305,22.653053
val,28,105,60.0,75.38885,15.388847
val,28,106,59.0,70.91226,11.912262
val,28,107,58.0,64.57618,6.5761795
val,28,108,57.0,67.64077,10.64077
val,28,109,56.0,71.82546,15.825462
val,28,110,55.0,69.66317,14.66317
val,28,111,54.0,67.27129,13.271294
val,28,112,53.0,63.914303,10.914303
val,28,113,52.0,60.549606,8.549606
val,28,114,51.0,56.940086,5.9400864
val,28,115,50.0,50.156166,0.15616608
val,28,116,49.0,48.07531,-0.92469025
val,28,117,48.0,49.04134,1.0413399
val,28,118,47.0,49.685112,2.685112
val,28,119,46.0,42.69684,-3.3031616
val,28,120,45.0,40.755383,-4.2446175
val,28,121,44.0,37.021008,-6.9789925
val,28,122,43.0,38.33116,-4.6688385
val,28,123,42.0,42.916847,0.9168472
val,28,124,41.0,45.53502,4.535019
val,28,125,40.0,50.23754,10.237541
val,28,126,39.0,56.258118,17.258118
val,28,127,38.0,59.316486,21.316486
val,28,128,37.0,61.221203,24.221203
val,28,129,36.0,64.9227,28.922699
val,28,130,35.0,62.379093,27.379093
val,28,131,34.0,61.83481,27.834808
val,28,132,33.0,59.881645,26.881645
val,28,133,32.0,57.54486,25.54486
val,28,134,31.0,54.82042,23.82042
val,28,135,30.0,47.198578,17.198578
val,28,136,29.0,38.35968,9.35968
val,28,137,28.0,33.770657,5.7706566
val,28,138,27.0,37.11921,10.119209
val,28,139,26.0,34.16295,8.162949
val,28,140,25.0,28.667976,3.6679764
val,28,141,24.0,24.652739,0.6527386
val,28,142,23.0,19.926844,-3.0731564
val,28,143,22.0,17.69606,-4.30394
val,28,144,21.0,15.774038,-5.2259617
val,28,145,20.0,14.859856,-5.1401443
val,28,146,19.0,13.209423,-5.790577
val,28,147,18.0,12.045897,-5.9541035
val,28,148,17.0,4.007653,-12.992347
val,28,149,16.0,0.3647227,-15.635278
val,28,150,15.0,-2.620676,-17.620676
val,28,151,14.0,-2.106975,-16.106976
val,28,152,13.0,0.72488004,-12.27512
val,28,153,12.0,0.31269905,-11.687301
val,28,154,11.0,1.4772481,-9.522752
val,28,155,10.0,7.28825,-2.71175
val,28,156,9.0,8.365342,-0.63465786
val,28,157,8.0,11.790127,3.7901268
val,28,158,7.0,10.347958,3.3479576
val,28,159,6.0,7.1928897,1.1928897
val,28,160,5.0,3.6585162,-1.3414838
val,28,161,4.0,3.9274673,-0.072532654
val,28,162,3.0,1.8177387,-1.1822613
val,28,163,2.0,-0.2088242,-2.2088242
val,28,164,1.0,-0.49043503,-1.490435
val,28,165,0.0,-1.3189313,-1.3189313
val,37,30,140.0,136.89929,-3.100708
val,37,31,139.0,137.13785,-1.8621521
val,37,32,138.0,134.25577,-3.7442322
val,37,33,137.0,138.41081,1.4108124
val,37,34,136.0,147.87225,11.872253
val,37,35,135.0,152.57428,17.57428
val,37,36,134.0,160.72702,26.72702
val,37,37,133.0,166.7992,33.799194
val,37,38,132.0,165.64508,33.64508
val,37,39,131.0,172.13391,41.13391
val,37,40,130.0,174.54951,44.549515
val,37,41,129.0,175.24884,46.24884
val,37,42,128.0,171.53854,43.538544
val,37,43,127.0,166.66495,39.664948
val,37,44,126.0,158.00865,32.00865
val,37,45,125.0,147.27612,22.276123
val,37,46,124.0,143.33167,19.331665
val,37,47,123.0,146.15695,23.156952
val,37,48,122.0,146.56479,24.564789
val,37,49,121.0,146.66629,25.66629
val,37,50,120.0,152.30276,32.302765
val,37,51,119.0,155.47809,36.47809
val,37,52,118.0,162.95871,44.95871
val,37,53,117.0,160.18689,43.18689
val,37,54,116.0,153.5487,37.548706
val,37,55,115.0,140.80965,25.809647
val,37,56,114.0,129.19446,15.194458
val,37,57,113.0,122.87004,9.870041
val,37,58,112.0,119.02599,7.0259933
val,37,59,111.0,111.749535,0.7495346
val,37,60,110.0,103.79896,-6.201042
val,37,61,109.0,99.39206,-9.607941
val,37,62,108.0,99.88529,-8.114708
val,37,63,107.0,103.037056,-3.962944
val,37,64,106.0,111.844635,5.844635
val,37,65,105.0,113.84226,8.842262
val,37,66,104.0,121.26458,17.26458
val,37,67,103.0,125.64576,22.64576
val,37,68,102.0,128.82715,26.827148
val,37,69,101.0,131.00932,30.009323
val,37,70,100.0,133.82303,33.82303
val,37,71,99.0,125.05474,26.05474
val,37,72,98.0,114.22976,16.22976
val,37,73,97.0,111.58222,14.582222
val,37,74,96.0,115.663124,19.663124
val,37,75,95.0,114.00106,19.00106
val,37,76,94.0,117.66025,23.660248
val,37,77,93.0,126.42607,33.42607
val,37,78,92.0,136.37851,44.37851
val,37,79,91.0,148.59837,57.598373
val,37,80,90.0,160.12901,70.12901
val,37,81,89.0,169.11313,80.11313
val,37,82,88.0,169.3587,81.3587
val,37,83,87.0,158.09073,71.09073
val,37,84,86.0,152.3024,66.3024
val,37,85,85.0,150.82747,65.82747
val,37,86,84.0,146.07986,62.079865
val,37,87,83.0,143.32549,60.325485
val,37,88,82.0,138.51909,56.51909
val,37,89,81.0,132.38387,51.383865
val,37,90,80.0,127.99503,47.995033
val,37,91,79.0,129.86441,50.86441
val,37,92,78.0,131.38777,53.38777
val,37,93,77.0,134.45804,57.45804
val,37,94,76.0,135.1981,59.198105
val,37,95,75.0,132.61844,57.61844
val,37,96,74.0,129.41129,55.411285
val,37,97,73.0,124.85093,51.85093
val,37,98,72.0,121.18945,49.189453
val,37,99,71.0,111.80854,40.80854
val,37,100,70.0,103.29029,33.29029
val,37,101,69.0,98.622795,29.622795
val,37,102,68.0,98.04038,30.040382
val,37,103,67.0,92.99957,25.999573
val,37,104,66.0,94.35214,28.352142
val,37,105,65.0,98.63362,33.63362
val,37,106,64.0,97.682884,33.682884
val,37,107,63.0,99.82361,36.82361
val,37,108,62.0,101.20522,39.205223
val,37,109,61.0,98.61402,37.61402
val,37,110,60.0,97.80848,37.80848
val,37,111,59.0,99.57087,40.57087
val,37,112,58.0,98.08389,40.083893
val,37,113,57.0,95.863235,38.863235
val,37,114,56.0,96.91227,40.91227
val,37,115,55.0,93.62013,38.620132
val,37,116,54.0,90.98434,36.984337
val,37,117,53.0,87.88062,34.880623
val,37,118,52.0,84.24479,32.24479
val,37,119,51.0,83.05581,32.05581
val,37,120,50.0,83.4621,33.462097
val,37,121,49.0,82.843094,33.843094
val,37,122,48.0,78.49381,30.493813
val,37,123,47.0,73.83129,26.831291
val,37,124,46.0,73.43838,27.438377
val,37,125,45.0,69.84113,24.841133
val,37,126,44.0,66.49941,22.499413
val,37,127,43.0,60.67469,17.67469
val,37,128,42.0,57.386955,15.386955
val,37,129,41.0,59.339237,18.339237
val,37,130,40.0,59.005615,19.005615
val,37,131,39.0,59.946205,20.946205
val,37,132,38.0,57.156982,19.156982
val,37,133,37.0,56.98853,19.98853
val,37,134,36.0,53.316395,17.316395
val,37,135,35.0,51.69471,16.69471
val,37,136,34.0,48.91712,14.917122
val,37,137,33.0,48.004234,15.004234
val,37,138,32.0,48.190407,16.190407
val,37,139,31.0,53.01735,22.01735
val,37,140,30.0,52.07619,22.07619
val,37,141,29.0,51.71687,22.71687
val,37,142,28.0,47.8934,19.893398
val,37,143,27.0,43.912918,16.912918
val,37,144,26.0,41.656227,15.656227
val,37,145,25.0,38.263065,13.263065
val,37,146,24.0,34.987846,10.987846
val,37,147,23.0,30.62439,7.6243896
val,37,148,22.0,29.41277,7.4127693
val,37,149,21.0,28.635525,7.6355247
val,37,150,20.0,26.41684,6.4168396
val,37,151,19.0,21.286884,2.2868843
val,37,152,18.0,17.37246,-0.6275406
val,37,153,17.0,12.440453,-4.5595474
val,37,154,16.0,10.451782,-5.548218
val,37,155,15.0,10.973367,-4.0266333
val,37,156,14.0,12.504383,-1.4956169
val,37,157,13.0,13.001205,0.0012054443
val,37,158,12.0,8.682747,-3.317253
val,37,159,11.0,7.840408,-3.1595922
val,37,160,10.0,8.03838,-1.9616203
val,37,161,9.0,6.534971,-2.4650288
val,37,162,8.0,5.269618,-2.730382
val,37,163,7.0,4.363316,-2.636684
val,37,164,6.0,3.976254,-2.023746
val,37,165,5.0,4.3829527,-0.6170473
val,37,166,4.0,4.595704,0.5957041
val,37,167,3.0,4.373134,1.3731341
val,37,168,2.0,4.233283,2.233283
val,37,169,1.0,0.7909029,-0.20909709
val,37,170,0.0,0.95024925,0.95024925
val,38,30,164.0,141.17943,-22.820572
val,38,31,163.0,143.11255,-19.887451
val,38,32,162.0,143.15002,-18.849976
val,38,33,161.0,145.1807,-15.819305
val,38,34,160.0,150.74934,-9.250656
val,38,35,159.0,164.18951,5.189514
val,38,36,158.0,173.38531,15.385315
val,38,37,157.0,179.27731,22.277313
val,38,38,156.0,180.5733,24.573303
val,38,39,155.0,173.82368,18.823685
val,38,40,154.0,164.38469,10.384689
val,38,41,153.0,156.91006,3.9100647
val,38,42,152.0,155.44232,3.4423218
val,38,43,151.0,149.93115,-1.0688477
val,38,44,150.0,157.97267,7.9726715
val,38,45,149.0,160.14368,11.143677
val,38,46,148.0,166.95703,18.957031
val,38,47,147.0,168.57324,21.573242
val,38,48,146.0,169.35104,23.351044
val,38,49,145.0,162.36572,17.365723
val,38,50,144.0,150.5342,6.534195
val,38,51,143.0,139.92209,-3.0779114
val,38,52,142.0,132.12973,-9.87027
val,38,53,141.0,123.3997,-17.600304
val,38,54,140.0,124.708435,-15.291565
val,38,55,139.0,132.63895,-6.3610535
val,38,56,138.0,143.87833,5.8783264
val,38,57,137.0,143.20673,6.206726
val,38,58,136.0,140.74257,4.742569
val,38,59,135.0,137.41054,2.4105377
val,38,60,134.0,132.13928,-1.8607178
val,38,61,133.0,133.72516,0.7251587
val,38,62,132.0,138.1822,6.182205
val,38,63,131.0,148.23747,17.237473
val,38,64,130.0,154.9254,24.9254
val,38,65,129.0,156.63345,27.633453
val,38,66,128.0,154.33386,26.333862
val,38,67,127.0,151.25172,24.251724
val,38,68,126.0,149.4599,23.4599
val,38,69,125.0,145.94563,20.945633
val,38,70,124.0,145.74883,21.748825
val,38,71,123.0,154.95822,31.958221
val,38,72,122.0,159.52722,37.52722
val,38,73,121.0,167.65247,46.652466
val,38,74,120.0,168.12,48.119995
val,38,75,119.0,165.81863,46.818634
val,38,76,118.0,158.31094,40.310944
val,38,77,117.0,142.5922,25.592194
val,38,78,116.0,128.30504,12.305038
val,38,79,115.0,112.26155,-2.738449
val,38,80,114.0,105.88244,-8.117561
val,38,81,113.0,109.43998,-3.5600204
val,38,82,112.0,119.12113,7.121132
val,38,83,111.0,126.49393,15.493927
val,38,84,110.0,125.93798,15.937981
val,38,85,109.0,122.05668,13.056679
val,38,86,108.0,115.764786,7.764786
val,38,87,107.0,113.60166,6.6016617
val,38,88,106.0,115.38589,9.385887
val,38,89,105.0,117.16726,12.167259
val,38,90,104.0,123.94373,19.943733
val,38,91,103.0,130.77734,27.777344
val,38,92,102.0,135.54733,33.547333
val,38,93,101.0,137.61107,36.61107
val,38,94,100.0,134.73248,34.732483
val,38,95,99.0,126.99591,27.99591
val,38,96,98.0,123.985085,25.985085
val,38,97,97.0,117.431725,20.431725
val,38,98,96.0,114.756096,18.756096
val,38,99,95.0,111.24528,16.245277
val,38,100,94.0,114.575356,20.575356
val,38,101,93.0,115.12902,22.12902
val,38,102,92.0,115.9994,23.999397
val,38,103,91.0,111.46589,20.465889
val,38,104,90.0,103.05168,13.0516815
val,38,105,89.0,91.44454,2.444542
val,38,106,88.0,83.27114,-4.728859
val,38,107,87.0,76.2221,-10.777901
val,38,108,86.0,79.26275,-6.7372513
val,38,109,85.0,85.277534,0.27753448
val,38,110,84.0,94.795685,10.795685
val,38,111,83.0,104.30297,21.30297
val,38,112,82.0,105.03263,23.03263
val,38,113,81.0,106.56153,25.561531
val,38,114,80.0,105.34811,25.348106
val,38,115,79.0,103.878784,24.878784
val,38,116,78.0,103.60534,25.60534
val,38,117,77.0,101.44662,24.446617
val,38,118,76.0,105.052315,29.052315
val,38,119,75.0,106.82903,31.829033
val,38,120,74.0,106.1693,32.169296
val,38,121,73.0,104.60012,31.60012
val,38,122,72.0,99.76476,27.764763
val,38,123,71.0,98.897156,27.897156
val,38,124,70.0,99.007744,29.007744
val,38,125,69.0,99.78332,30.783318
val,38,126,68.0,99.3549,31.354897
val,38,127,67.0,96.98766,29.987663
val,38,128,66.0,97.4159,31.415901
val,38,129,65.0,95.5037,30.5037
val,38,130,64.0,93.14727,29.14727
val,38,131,63.0,90.23847,27.238472
val,38,132,62.0,80.105064,18.105064
val,38,133,61.0,69.79209,8.792091
val,38,134,60.0,63.30215,3.3021507
val,38,135,59.0,66.6305,7.630501
val,38,136,58.0,66.85648,8.856483
val,38,137,57.0,66.20673,9.206734
val,38,138,56.0,66.185234,10.185234
val,38,139,55.0,65.32212,10.322121
val,38,140,54.0,66.05313,12.053131
val,38,141,53.0,68.76504,15.765038
val,38,142,52.0,69.04366,17.043663
val,38,143,51.0,67.75434,16.754341
val,38,144,50.0,67.86028,17.860283
val,38,145,49.0,67.376595,18.376595
val,38,146,48.0,62.76234,14.762341
val,38,147,47.0,58.86413,11.864128
val,38,148,46.0,54.373093,8.373093
val,38,149,45.0,53.58833,8.588329
val,38,150,44.0,57.824673,13.824673
val,38,151,43.0,60.03475,17.034752
val,38,152,42.0,59.584206,17.584206
val,38,153,41.0,56.369354,15.369354
val,38,154,40.0,53.6354,13.635399
val,38,155,39.0,50.48632,11.4863205
val,38,156,38.0,50.850773,12.850773
val,38,157,37.0,45.93071,8.93071
val,38,158,36.0,43.31447,7.3144684
val,38,159,35.0,40.45825,5.458248
val,38,160,34.0,39.59783,5.5978317
val,38,161,33.0,42.21197,9.211971
val,38,162,32.0,40.95238,8.952381
val,38,163,31.0,38.979626,7.9796257
val,38,164,30.0,35.43714,5.4371414
val,38,165,29.0,35.87607,6.876068
val,38,166,28.0,34.57897,6.578972
val,38,167,27.0,31.461302,4.461302
val,38,168,26.0,27.534683,1.5346832
val,38,169,25.0,25.222836,0.22283554
val,38,170,24.0,25.014038,1.0140381
val,38,171,23.0,22.681124,-0.31887627
val,38,172,22.0,22.57127,0.57127
val,38,173,21.0,23.89237,2.8923702
val,38,174,20.0,22.060692,2.0606918
val,38,175,19.0,20.80456,1.8045597
val,38,176,18.0,20.280499,2.2804985
val,38,177,17.0,20.202087,3.2020874
val,38,178,16.0,19.219921,3.219921
val,38,179,15.0,18.562239,3.5622387
val,38,180,14.0,16.130224,2.1302242
val,38,181,13.0,14.915195,1.9151955
val,38,182,12.0,15.757599,3.7575989
val,38,183,11.0,15.379127,4.3791265
val,38,184,10.0,15.798378,5.798378
val,38,185,9.0,13.066402,4.0664024
val,38,186,8.0,12.514263,4.514263
val,38,187,7.0,11.489271,4.489271
val,38,188,6.0,9.516922,3.516922
val,38,189,5.0,10.263124,5.2631245
val,38,190,4.0,7.788387,3.7883868
val,38,191,3.0,5.1855555,2.1855555
val,38,192,2.0,4.6004725,2.6004725
val,38,193,1.0,3.5785728,2.5785728
val,38,194,0.0,1.1943637,1.1943637
val,53,30,165.0,131.84122,-33.158783
val,53,31,164.0,137.6507,-26.349304
val,53,32,163.0,143.16678,-19.833221
val,53,33,162.0,146.55847,-15.441528
val,53,34,161.0,143.10063,-17.899368
val,53,35,160.0,139.36465,-20.635345
val,53,36,159.0,140.4709,-18.529099
val,53,37,158.0,139.42963,-18.570374
val,53,38,157.0,145.17963,-11.820374
val,53,39,156.0,146.69385,-9.306152
val,53,40,155.0,151.89056,-3.109436
val,53,41,154.0,161.78738,7.787384
val,53,42,153.0,165.27832,12.27832
val,53,43,152.0,168.53319,16.533188
val,53,44,151.0,167.28262,16.282623
val,53,45,150.0,178.02731,28.027313
val,53,46,149.0,175.80685,26.806854
val,53,47,148.0,176.37006,28.370056
val,53,48,147.0,178.38733,31.38733
val,53,49,146.0,174.25577,28.255768
val,53,50,145.0,179.46844,34.468445
val,53,51,144.0,181.0588,37.058807
val,53,52,143.0,175.85855,32.85855
val,53,53,142.0,170.81274,28.812744
val,53,54,141.0,172.00912,31.009125
val,53,55,140.0,168.29218,28.292175
val,53,56,139.0,169.86899,30.868988
val,53,57,138.0,169.33109,31.331085
val,53,58,137.0,167.60963,30.609634
val,53,59,136.0,168.02792,32.027924
val,53,60,135.0,165.03618,30.036179
val,53,61,134.0,160.59344,26.593445
val,53,62,133.0,159.23349,26.23349
val,53,63,132.0,156.73987,24.739868
val,53,64,131.0,155.77643,24.776428
val,53,65,130.0,161.06674,31.066742
val,53,66,129.0,158.49661,29.496613
val,53,67,128.0,157.60565,29.605652
val,53,68,127.0,162.55487,35.55487
val,53,69,126.0,163.45712,37.457123
val,53,70,125.0,158.82358,33.823578
val,53,71,124.0,151.43127,27.431274
val,53,72,123.0,144.16193,21.161926
val,53,73,122.0,137.87692,15.876923
val,53,74,121.0,132.85312,11.853119
val,53,75,120.0,130.23816,10.238159
val,53,76,119.0,122.8709,3.870903
val,53,77,118.0,118.388725,0.38872528
val,53,78,117.0,120.473816,3.473816
val,53,79,116.0,125.99517,9.995171
val,53,80,115.0,127.4905,12.490501
val,53,81,114.0,130.78572,16.78572
val,53,82,113.0,131.0377,18.037704
val,53,83,112.0,132.31491,20.31491
val,53,84,111.0,133.91266,22.912659
val,53,85,110.0,128.85603,18.856033
val,53,86,109.0,125.84368,16.843681
val,53,87,108.0,118.87037,10.870369
val,53,88,107.0,113.05375,6.053749
val,53,89,106.0,105.14722,-0.8527832
val,53,90,105.0,96.37568,-8.624321
val,53,91,104.0,95.927284,-8.072716
val,53,92,103.0,95.36245,-7.6375504
val,53,93,102.0,95.76671,-6.2332916
val,53,94,101.0,97.7725,-3.227501
val,53,95,100.0,97.86729,-2.1327133
val,53,96,99.0,99.40098,0.4009781
val,53,97,98.0,104.214195,6.2141953
val,53,98,97.0,103.14667,6.1466675
val,53,99,96.0,100.0178,4.0177994
val,53,100,95.0,96.800835,1.8008347
val,53,101,94.0,96.90267,2.9026718
val,53,102,93.0,95.11515,2.1151505
val,53,103,92.0,93.48642,1.4864197
val,53,104,91.0,93.80311,2.8031082
val,53,105,90.0,94.76914,4.769142
val,53,106,89.0,95.168304,6.1683044
val,53,107,88.0,98.02266,10.022659
val,53,108,87.0,98.83528,11.835281
val,53,109,86.0,102.20646,16.206459
val,53,110,85.0,106.422615,21.422615
val,53,111,84.0,109.142136,25.142136
val,53,112,83.0,111.771904,28.771904
val,53,113,82.0,111.579735,29.579735
val,53,114,81.0,106.60045,25.600449
val,53,115,80.0,102.70207,22.702072
val,53,116,79.0,99.112785,20.112785
val,53,117,78.0,94.139305,16.139305
val,53,118,77.0,97.18171,20.18171
val,53,119,76.0,97.796684,21.796684
val,53,120,75.0,98.873634,23.873634
val,53,121,74.0,98.09811,24.098106
val,53,122,73.0,96.28409,23.284088
val,53,123,72.0,89.20359,17.20359
val,53,124,71.0,82.35859,11.358589
val,53,125,70.0,74.703224,4.703224
val,53,126,69.0,70.30344,1.3034363
val,53,127,68.0,65.35653,-2.6434708
val,53,128,67.0,64.1527,-2.8472977
val,53,129,66.0,67.56221,1.5622101
val,53,130,65.0,70.97717,5.977173
val,53,131,64.0,72.99592,8.995918
val,53,132,63.0,72.3989,9.398903
val,53,133,62.0,77.09348,15.093483
val,53,134,61.0,76.71598,15.715981
val,53,135,60.0,76.63395,16.63395
val,53,136,59.0,74.92979,15.929787
val,53,137,58.0,72.61466,14.614662
val,53,138,57.0,76.03187,19.031868
val,53,139,56.0,76.07018,20.070183
val,53,140,55.0,80.32371,25.323708
val,53,141,54.0,80.73214,26.73214
val,53,142,53.0,74.65677,21.656769
val,53,143,52.0,69.24706,17.247063
val,53,144,51.0,66.01244,15.012444
val,53,145,50.0,70.52751,20.527512
val,53,146,49.0,71.77415,22.774147
val,53,147,48.0,76.880974,28.880974
val,53,148,47.0,76.11491,29.114906
val,53,149,46.0,78.426125,32.426125
val,53,150,45.0,73.26382,28.263817
val,53,151,44.0,68.74755,24.747551
val,53,152,43.0,60.024918,17.024918
val,53,153,42.0,55.068314,13.068314
val,53,154,41.0,51.20717,10.207169
val,53,155,40.0,50.755623,10.755623
val,53,156,39.0,50.347958,11.347958
val,53,157,38.0,47.054653,9.054653
val,53,158,37.0,49.601395,12.601395
val,53,159,36.0,49.39791,13.397911
val,53,160,35.0,52.48198,17.48198
val,53,161,34.0,50.242626,16.242626
val,53,162,33.0,46.00072,13.000721
val,53,163,32.0,43.980362,11.980362
val,53,164,31.0,43.046444,12.046444
val,53,165,30.0,40.682915,10.682915
val,53,166,29.0,43.269382,14.269382
val,53,167,28.0,43.98965,15.989651
val,53,168,27.0,44.93182,17.93182
val,53,169,26.0,39.529087,13.529087
val,53,170,25.0,36.566223,11.566223
val,53,171,24.0,35.292812,11.292812
val,53,172,23.0,35.27125,12.271252
val,53,173,22.0,36.642426,14.642426
val,53,174,21.0,36.239777,15.239777
val,53,175,20.0,34.137245,14.137245
val,53,176,19.0,34.33279,15.33279
val,53,177,18.0,33.426605,15.426605
val,53,178,17.0,31.351654,14.351654
val,53,179,16.0,30.930307,14.930307
val,53,180,15.0,27.503498,12.503498
val,53,181,14.0,25.281933,11.281933
val,53,182,13.0,23.274132,10.274132
val,53,183,12.0,19.57713,7.5771294
val,53,184,11.0,17.067722,6.0677223
val,53,185,10.0,15.7537565,5.7537565
val,53,186,9.0,15.51967,6.5196695
val,53,187,8.0,14.301313,6.3013134
val,53,188,7.0,12.582161,5.582161
val,53,189,6.0,12.726646,6.7266464
val,53,190,5.0,9.60756,4.60756
val,53,191,4.0,6.435955,2.435955
val,53,192,3.0,3.3039591,0.30395913
val,53,193,2.0,2.9487274,0.94872737
val,53,194,1.0,2.5212169,1.5212169
val,53,195,0.0,1.3230666,1.3230666
val,73,30,183.0,134.39948,-48.600525
val,73,31,182.0,130.11038,-51.889618
val,73,32,181.0,132.10365,-48.896347
val,73,33,180.0,129.16751,-50.83249
val,73,34,179.0,132.6364,-46.3636
val,73,35,178.0,137.77939,-40.22061
val,73,36,177.0,144.62753,-32.372467
val,73,37,176.0,143.46692,-32.53308
val,73,38,175.0,139.37517,-35.624832
val,73,39,174.0,132.31902,-41.680984
val,73,40,173.0,125.06532,-47.934677
val,73,41,172.0,123.22551,-48.77449
val,73,42,171.0,121.69269,-49.307312
val,73,43,170.0,122.058235,-47.941765
val,73,44,169.0,121.44904,-47.550957
val,73,45,168.0,119.84742,-48.15258
val,73,46,167.0,115.85638,-51.143623
val,73,47,166.0,108.38835,-57.61165
val,73,48,165.0,104.64361,-60.35639
val,73,49,164.0,109.302124,-54.697876
val,73,50,163.0,117.50866,-45.49134
val,73,51,162.0,122.47363,-39.526367
val,73,52,161.0,128.3355,-32.664505
val,73,53,160.0,129.28221,-30.717789
val,73,54,159.0,127.71663,-31.283371
val,73,55,158.0,122.18067,-35.81933
val,73,56,157.0,114.07685,-42.92315
val,73,57,156.0,102.31632,-53.683678
val,73,58,155.0,95.10497,-59.895027
val,73,59,154.0,90.0019,-63.9981
val,73,60,153.0,90.31767,-62.682327
val,73,61,152.0,96.8375,-55.1625
val,73,62,151.0,99.474304,-51.525696
val,73,63,150.0,100.11874,-49.881264
val,73,64,149.0,101.73484,-47.26516
val,73,65,148.0,96.46015,-51.53985
val,73,66,147.0,91.02336,-55.97664
val,73,67,146.0,84.321815,-61.678185
val,73,68,145.0,86.98403,-58.01597
val,73,69,144.0,96.18214,-47.817863
val,73,70,143.0,107.64892,-35.35108
val,73,71,142.0,118.069374,-23.930626
val,73,72,141.0,124.717926,-16.282074
val,73,73,140.0,125.05631,-14.943687
val,73,74,139.0,119.93542,-19.064583
val,73,75,138.0,114.73159,-23.26841
val,73,76,137.0,109.476845,-27.523155
val,73,77,136.0,108.029366,-27.970634
val,73,78,135.0,110.41105,-24.588951
val,73,79,134.0,115.04531,-18.954689
val,73,80,133.0,126.39706,-6.6029434
val,73,81,132.0,130.21758,-1.7824249
val,73,82,131.0,136.9653,5.9653015
val,73,83,130.0,138.77429,8.774292
val,73,84,129.0,135.12033,6.120331
val,73,85,128.0,130.56969,2.569687
val,73,86,127.0,130.07608,3.0760803
val,73,87,126.0,123.80689,-2.1931076
val,73,88,125.0,120.59541,-4.404587
val,73,89,124.0,113.96294,-10.037064
val,73,90,123.0,107.57638,-15.423622
val,73,91,122.0,104.4769,-17.523102
val,73,92,121.0,95.15452,-25.845482
val,73,93,120.0,84.29004,-35.70996
val,73,94,119.0,73.483734,-45.516266
val,73,95,118.0,72.834984,-45.165016
val,73,96,117.0,75.461105,-41.538895
val,73,97,116.0,81.62657,-34.37343
val,73,98,115.0,89.51951,-25.480492
val,73,99,114.0,96.4631,-17.536903
val,73,100,113.0,98.84959,-14.1504135
val,73,101,112.0,95.10902,-16.890984
val,73,102,111.0,89.05886,-21.94114
val,73,103,110.0,83.074196,-26.925804
val,73,104,109.0,81.71141,-27.28859
val,73,105,108.0,76.43959,-31.56041
val,73,106,107.0,74.52651,-32.473488
val,73,107,106.0,78.42783,-27.572166
val,73,108,105.0,84.29622,-20.703781
val,73,109,104.0,92.78597,-11.214027
val,73,110,103.0,96.80012,-6.1998825
val,73,111,102.0,101.70456,-0.29544067
val,73,112,101.0,104.90615,3.9061508
val,73,113,100.0,106.87672,6.8767166
val,73,114,99.0,107.52498,8.524979
val,73,115,98.0,107.04643,9.0464325
val,73,116,97.0,103.69503,6.69503
val,73,117,96.0,98.204445,2.204445
val,73,118,95.0,98.23307,3.2330704
val,73,119,94.0,96.219086,2.2190857
val,73,120,93.0,93.46793,0.46793365
val,73,121,92.0,89.10027,-2.8997269
val,73,122,91.0,85.428764,-5.5712357
val,73,123,90.0,86.8173,-3.182701
val,73,124,89.0,88.23573,-0.76426697
val,73,125,88.0,90.66619,2.666191
val,73,126,87.0,94.85424,7.8542404
val,73,127,86.0,94.61585,8.615852
val,73,128,85.0,92.96508,7.9650803
val,73,129,84.0,89.331924,5.3319244
val,73,130,83.0,85.215355,2.215355
val,73,131,82.0,81.252205,-0.7477951
val,73,132,81.0,75.61254,-5.387459
val,73,133,80.0,69.83261,-10.167389
val,73,134,79.0,64.843315,-14.156685
val,73,135,78.0,59.096985,-18.903015
val,73,136,77.0,62.097664,-14.902336
val,73,137,76.0,59.76626,-16.233742
val,73,138,75.0,60.063156,-14.936844
val,73,139,74.0,59.68309,-14.31691
val,73,140,73.0,59.48224,-13.517761
val,73,141,72.0,65.41392,-6.5860825
val,73,142,71.0,62.75829,-8.241711
val,73,143,70.0,59.947823,-10.052177
val,73,144,69.0,60.042637,-8.957363
val,73,145,68.0,56.906563,-11.093437
val,73,146,67.0,58.306065,-8.693935
val,73,147,66.0,56.704517,-9.295483
val,73,148,65.0,54.705658,-10.294342
val,73,149,64.0,53.41826,-10.581741
val,73,150,63.0,56.542786,-6.4572144
val,73,151,62.0,55.534714,-6.4652863
val,73,152,61.0,54.604332,-6.395668
val,73,153,60.0,56.48274,-3.5172615
val,73,154,59.0,54.031937,-4.9680634
val,73,155,58.0,54.088127,-3.9118729
val,73,156,57.0,50.917206,-6.082794
val,73,157,56.0,48.363876,-7.6361237
val,73,158,55.0,45.481056,-9.518944
val,73,159,54.0,44.70658,-9.293419
val,73,160,53.0,43.153,-9.847
val,73,161,52.0,41.68757,-10.312431
val,73,162,51.0,41.27008,-9.729919
val,73,163,50.0,39.584724,-10.415276
val,73,164,49.0,38.228336,-10.771664
val,73,165,48.0,39.778786,-8.221214
val,73,166,47.0,41.303185,-5.6968155
val,73,167,46.0,42.87018,-3.1298218
val,73,168,45.0,44.265278,-0.73472214
val,73,169,44.0,40.6636,-3.336399
val,73,170,43.0,39.054977,-3.9450226
val,73,171,42.0,36.738937,-5.2610626
val,73,172,41.0,31.551455,-9.448545
val,73,173,40.0,28.29256,-11.707439
val,73,174,39.0,28.756947,-10.243053
val,73,175,38.0,28.129642,-9.8703575
val,73,176,37.0,27.275803,-9.724197
val,73,177,36.0,23.476494,-12.523506
val,73,178,35.0,22.719563,-12.280437
val,73,179,34.0,22.289684,-11.710316
val,73,180,33.0,21.358833,-11.641167
val,73,181,32.0,17.634598,-14.365402
val,73,182,31.0,14.829428,-16.170572
val,73,183,30.0,13.620642,-16.379358
val,73,184,29.0,11.754223,-17.245777
val,73,185,28.0,11.825132,-16.174868
val,73,186,27.0,11.689885,-15.310115
val,73,187,26.0,13.227941,-12.772059
val,73,188,25.0,15.031313,-9.968687
val,73,189,24.0,15.747625,-8.252375
val,73,190,23.0,13.60489,-9.39511
val,73,191,22.0,16.055069,-5.944931
val,73,192,21.0,15.549338,-5.4506617
val,73,193,20.0,15.449734,-4.5502663
val,73,194,19.0,13.660593,-5.339407
val,73,195,18.0,12.694942,-5.3050575
val,73,196,17.0,12.556455,-4.4435453
val,73,197,16.0,12.65751,-3.3424902
val,73,198,15.0,13.11451,-1.8854904
val,73,199,14.0,12.835932,-1.1640682
val,73,200,13.0,11.203849,-1.7961512
val,73,201,12.0,11.092432,-0.907568
val,73,202,11.0,10.554695,-0.44530487
val,73,203,10.0,8.993015,-1.0069847
val,73,204,9.0,9.965502,0.9655018
val,73,205,8.0,8.099102,0.09910202
val,73,206,7.0,7.1775336,0.17753363
val,73,207,6.0,6.182273,0.18227291
val,73,208,5.0,3.6035266,-1.3964734
val,73,209,4.0,0.29571685,-3.7042832
val,73,210,3.0,1.4416419,-1.5583581
val,73,211,2.0,-0.7044658,-2.7044659
val,73,212,1.0,-1.4667768,-2.4667768
val,73,213,0.0,-2.2947454,-2.2947454
val,76,30,180.0,118.25967,-61.740334
val,76,31,179.0,117.78907,-61.21093
val,76,32,178.0,127.420395,-50.579605
val,76,33,177.0,134.47887,-42.521133
val,76,34,176.0,140.75067,-35.24933
val,76,35,175.0,143.31079,-31.689209
val,76,36,174.0,141.91953,-32.080475
val,76,37,173.0,143.74709,-29.252914
val,76,38,172.0,144.06232,-27.937683
val,76,39,171.0,146.20914,-24.790863
val,76,40,170.0,162.13867,-7.861328
val,76,41,169.0,170.57098,1.5709839
val,76,42,168.0,173.21501,5.2150116
val,76,43,167.0,172.64883,5.648834
val,76,44,166.0,174.69383,8.693832
val,76,45,165.0,169.58789,4.5878906
val,76,46,164.0,169.52145,5.521454
val,76,47,163.0,170.47147,7.471466
val,76,48,162.0,175.16185,13.16185
val,76,49,161.0,177.96803,16.968033
val,76,50,160.0,175.22757,15.22757
val,76,51,159.0,171.82326,12.823257
val,76,52,158.0,164.47401,6.4740143
val,76,53,157.0,156.53403,-0.4659729
val,76,54,156.0,146.27364,-9.726364
val,76,55,155.0,137.7044,-17.295593
val,76,56,154.0,129.98618,-24.013824
val,76,57,153.0,126.549355,-26.450645
val,76,58,152.0,124.08957,-27.91043
val,76,59,151.0,124.068535,-26.931465
val,76,60,150.0,120.64233,-29.357674
val,76,61,149.0,126.443886,-22.556114
val,76,62,148.0,129.63864,-18.361359
val,76,63,147.0,125.97588,-21.024117
val,76,64,146.0,120.00083,-25.999168
val,76,65,145.0,121.0921,-23.907898
val,76,66,144.0,121.19233,-22.80767
val,76,67,143.0,121.18781,-21.812187
val,76,68,142.0,122.53429,-19.465714
val,76,69,141.0,120.37597,-20.624031
val,76,70,140.0,119.26566,-20.734337
val,76,71,139.0,118.51825,-20.48175
val,76,72,138.0,115.86515,-22.13485
val,76,73,137.0,111.486015,-25.513985
val,76,74,136.0,105.08401,-30.915993
val,76,75,135.0,102.00793,-32.992073
val,76,76,134.0,104.515625,-29.484375
val,76,77,133.0,112.42301,-20.576988
val,76,78,132.0,120.13186,-11.868141
val,76,79,131.0,121.8393,-9.160698
val,76,80,130.0,123.392914,-6.607086
val,76,81,129.0,124.0626,-4.937401
val,76,82,128.0,127.41567,-0.5843277
val,76,83,127.0,130.21191,3.211914
val,76,84,126.0,134.91786,8.917862
val,76,85,125.0,135.57825,10.578247
val,76,86,124.0,131.44919,7.449188
val,76,87,123.0,131.52742,8.52742
val,76,88,122.0,131.94482,9.944824
val,76,89,121.0,131.95474,10.954742
val,76,90,120.0,128.853,8.852997
val,76,91,119.0,119.327705,0.32770538
val,76,92,118.0,111.90846,-6.0915375
val,76,93,117.0,105.504585,-11.495415
val,76,94,116.0,103.96227,-12.037727
val,76,95,115.0,104.06367,-10.936333
val,76,96,114.0,101.77267,-12.227333
val,76,97,113.0,109.54815,-3.451851
val,76,98,112.0,111.00353,-0.9964676
val,76,99,111.0,107.41329,-3.586708
val,76,100,110.0,100.83013,-9.169868
val,76,101,109.0,92.71998,-16.280022
val,76,102,108.0,85.94627,-22.053726
val,76,103,107.0,85.718834,-21.281166
val,76,104,106.0,84.82597,-21.174026
val,76,105,105.0,87.217476,-17.782524
val,76,106,104.0,84.19099,-19.809013
val,76,107,103.0,85.60305,-17.39695
val,76,108,102.0,88.58542,-13.414581
val,76,109,101.0,93.02775,-7.972252
val,76,110,100.0,95.523094,-4.476906
val,76,111,99.0,102.62399,3.623993
val,76,112,98.0,102.07668,4.076683
val,76,113,97.0,99.812904,2.8129044
val,76,114,96.0,94.307076,-1.6929245
val,76,115,95.0,90.36689,-4.63311
val,76,116,94.0,89.692055,-4.3079453
val,76,117,93.0,88.09216,-4.907837
val,76,118,92.0,85.72425,-6.275749
val,76,119,91.0,81.86883,-9.131172
val,76,120,90.0,78.88533,-11.11467
val,76,121,89.0,79.6006,-9.399399
val,76,122,88.0,77.46717,-10.532829
val,76,123,87.0,78.024956,-8.975044
val,76,124,86.0,77.611855,-8.388145
val,76,125,85.0,74.02434,-10.975662
val,76,126,84.0,71.39381,-12.606194
val,76,127,83.0,69.98217,-13.01783
val,76,128,82.0,71.41575,-10.584251
val,76,129,81.0,71.71439,-9.285606
val,76,130,80.0,75.03711,-4.9628906
val,76,131,79.0,74.383675,-4.6163254
val,76,132,78.0,72.304726,-5.6952744
val,76,133,77.0,67.9325,-9.067497
val,76,134,76.0,64.38088,-11.619118
val,76,135,75.0,63.691437,-11.308563
val,76,136,74.0,65.15858,-8.841423
val,76,137,73.0,69.51886,-3.4811401
val,76,138,72.0,68.80956,-3.1904373
val,76,139,71.0,65.56343,-5.436569
val,76,140,70.0,62.483604,-7.5163956
val,76,141,69.0,59.433716,-9.566284
val,76,142,68.0,59.344727,-8.655273
val,76,143,67.0,59.284218,-7.715782
val,76,144,66.0,60.36986,-5.6301384
val,76,145,65.0,57.642696,-7.3573036
val,76,146,64.0,59.713093,-4.286907
val,76,147,63.0,59.754044,-3.2459564
val,76,148,62.0,62.297813,0.29781342
val,76,149,61.0,66.86422,5.8642197
val,76,150,60.0,66.17983,6.1798325
val,76,151,59.0,65.08816,6.0881577
val,76,152,58.0,64.58157,6.5815735
val,76,153,57.0,63.67415,6.6741486
val,76,154,56.0,62.50412,6.50412
val,76,155,55.0,60.00528,5.0052795
val,76,156,54.0,58.215508,4.2155075
val,76,157,53.0,58.184166,5.184166
val,76,158,52.0,58.8544,6.8544006
val,76,159,51.0,61.351295,10.351295
val,76,160,50.0,60.226032,10.226032
val,76,161,49.0,59.40586,10.405861
val,76,162,48.0,58.916893,10.916893
val,76,163,47.0,58.500587,11.500587
val,76,164,46.0,58.34822,12.348221
val,76,165,45.0,53.32566,8.325661
val,76,166,44.0,49.431038,5.431038
val,76,167,43.0,47.4298,4.429798
val,76,168,42.0,46.456703,4.456703
val,76,169,41.0,43.295624,2.2956238
val,76,170,40.0,41.49345,1.4934502
val,76,171,39.0,39.20395,0.20394897
val,76,172,38.0,38.949852,0.949852
val,76,173,37.0,36.81265,-0.18735123
val,76,174,36.0,37.372074,1.3720741
val,76,175,35.0,34.712337,-0.2876625
val,76,176,34.0,34.194214,0.19421387
val,76,177,33.0,32.847378,-0.15262222
val,76,178,32.0,32.00581,0.005809784
val,76,179,31.0,27.904526,-3.0954742
val,76,180,30.0,27.368412,-2.631588
val,76,181,29.0,23.182991,-5.817009
val,76,182,28.0,20.644619,-7.355381
val,76,183,27.0,16.706001,-10.293999
val,76,184,26.0,14.692543,-11.307457
val,76,185,25.0,14.425585,-10.574415
val,76,186,24.0,14.268444,-9.731556
val,76,187,23.0,11.338079,-11.661921
val,76,188,22.0,7.2447934,-14.755207
val,76,189,21.0,6.588787,-14.411213
val,76,190,20.0,5.6253605,-14.3746395
val,76,191,19.0,5.745825,-13.254175
val,76,192,18.0,4.454173,-13.545827
val,76,193,17.0,3.5084472,-13.491552
val,76,194,16.0,3.761745,-12.238255
val,76,195,15.0,2.7643547,-12.235645
val,76,196,14.0,4.744693,-9.255307
val,76,197,13.0,6.191127,-6.808873
val,76,198,12.0,4.1505265,-7.8494735
val,76,199,11.0,4.5902624,-6.4097376
val,76,200,10.0,4.1907997,-5.8092003
val,76,201,9.0,2.508148,-6.491852
val,76,202,8.0,3.3129086,-4.6870914
val,76,203,7.0,4.330598,-2.6694021
val,76,204,6.0,2.1613927,-3.8386073
val,76,205,5.0,0.40623364,-4.593766
val,76,206,4.0,2.4940975,-1.5059025
val,76,207,3.0,1.281516,-1.718484
val,76,208,2.0,0.07594498,-1.924055
val,76,209,1.0,0.11265143,-0.8873486
val,76,210,0.0,-1.4019729,-1.4019729
val,82,30,184.0,202.77885,18.778854
val,82,31,183.0,203.22292,20.222916
val,82,32,182.0,200.8694,18.8694
val,82,33,181.0,192.21872,11.2187195
val,82,34,180.0,183.79861,3.7986145
val,82,35,179.0,180.71033,1.7103271
val,82,36,178.0,180.23329,2.2332916
val,82,37,177.0,178.51604,1.516037
val,82,38,176.0,177.95007,1.9500732
val,82,39,175.0,176.87193,1.871933
val,82,40,174.0,170.98563,-3.0143738
val,82,41,173.0,166.16864,-6.83136
val,82,42,172.0,160.97595,-11.024048
val,82,43,171.0,156.53943,-14.460571
val,82,44,170.0,157.07483,-12.925171
val,82,45,169.0,151.96709,-17.032913
val,82,46,168.0,153.44896,-14.551041
val,82,47,167.0,149.77338,-17.226624
val,82,48,166.0,145.48163,-20.518372
val,82,49,165.0,144.65164,-20.348358
val,82,50,164.0,137.6938,-26.306198
val,82,51,163.0,131.85985,-31.140152
val,82,52,162.0,120.25053,-41.749474
val,82,53,161.0,121.720604,-39.279396
val,82,54,160.0,126.78656,-33.21344
val,82,55,159.0,139.47495,-19.525055
val,82,56,158.0,153.83301,-4.166992
val,82,57,157.0,163.03186,6.0318604
val,82,58,156.0,168.69518,12.695175
val,82,59,155.0,171.53363,16.53363
val,82,60,154.0,168.40799,14.4079895
val,82,61,153.0,164.71384,11.713837
val,82,62,152.0,171.11876,19.11876
val,82,63,151.0,166.15137,15.151367
val,82,64,150.0,173.37686,23.376862
val,82,65,149.0,182.86192,33.861923
val,82,66,148.0,184.12631,36.126312
val,82,67,147.0,183.15999,36.15999
val,82,68,146.0,180.94162,34.94162
val,82,69,145.0,170.54959,25.549591
val,82,70,144.0,169.74292,25.74292
val,82,71,143.0,170.07056,27.070557
val,82,72,142.0,170.63414,28.63414
val,82,73,141.0,176.92633,35.92633
val,82,74,140.0,179.58069,39.58069
val,82,75,139.0,176.49524,37.49524
val,82,76,138.0,173.73769,35.737686
val,82,77,137.0,162.10037,25.100372
val,82,78,136.0,157.20421,21.204208
val,82,79,135.0,153.0578,18.0578
val,82,80,134.0,145.51562,11.515625
val,82,81,133.0,146.67487,13.674866
val,82,82,132.0,158.00204,26.002045
val,82,83,131.0,160.36357,29.363571
val,82,84,130.0,159.41013,29.410126
val,82,85,129.0,154.32953,25.329529
val,82,86,128.0,141.68974,13.689743
val,82,87,127.0,131.7123,4.7122955
val,82,88,126.0,128.61162,2.611618
val,82,89,125.0,131.74268,6.742676
val,82,90,124.0,135.18793,11.187927
val,82,91,123.0,138.80829,15.808289
val,82,92,122.0,145.79628,23.79628
val,82,93,121.0,152.94196,31.941956
val,82,94,120.0,149.89981,29.89981
val,82,95,119.0,155.72531,36.72531
val,82,96,118.0,152.0115,34.011505
val,82,97,117.0,152.09706,35.09706
val,82,98,116.0,151.34549,35.34549
val,82,99,115.0,152.67569,37.67569
val,82,100,114.0,155.69095,41.69095
val,82,101,113.0,157.89534,44.89534
val,82,102,112.0,159.43378,47.433777
val,82,103,111.0,161.13834,50.138336
val,82,104,110.0,154.61313,44.61313
val,82,105,109.0,156.68153,47.681534
val,82,106,108.0,154.47821,46.47821
val,82,107,107.0,154.44055,47.44055
val,82,108,106.0,154.42966,48.429657
val,82,109,105.0,158.9165,53.916504
val,82,110,104.0,155.58476,51.584763
val,82,111,103.0,155.31575,52.31575
val,82,112,102.0,156.54361,54.54361
val,82,113,101.0,148.1236,47.123596
val,82,114,100.0,141.45749,41.45749
val,82,115,99.0,131.96255,32.962555
val,82,116,98.0,124.61834,26.61834
val,82,117,97.0,118.51699,21.51699
val,82,118,96.0,111.04057,15.040573
val,82,119,95.0,99.71301,4.7130127
val,82,120,94.0,89.51324,-4.486763
val,82,121,93.0,84.36293,-8.63707
val,82,122,92.0,80.462395,-11.537605
val,82,123,91.0,86.67903,-4.3209686
val,82,124,90.0,86.20458,-3.7954178
val,82,125,89.0,95.11622,6.1162186
val,82,126,88.0,99.91233,11.912331
val,82,127,87.0,103.3961,16.396103
val,82,128,86.0,108.91135,22.911346
val,82,129,85.0,112.78225,27.78225
val,82,130,84.0,116.01427,32.014267
val,82,131,83.0,115.16233,32.16233
val,82,132,82.0,112.446495,30.446495
val,82,133,81.0,108.3437,27.343697
val,82,134,80.0,99.286804,19.286804
val,82,135,79.0,101.4289,22.428902
val,82,136,78.0,97.33286,19.332863
val,82,137,77.0,88.941925,11.941925
val,82,138,76.0,95.09598,19.095978
val,82,139,75.0,98.97871,23.978706
val,82,140,74.0,101.37797,27.377968
val,82,141,73.0,101.09382,28.093819
val,82,142,72.0,102.08637,30.086372
val,82,143,71.0,103.51481,32.51481
val,82,144,70.0,103.54485,33.544853
val,82,145,69.0,100.467735,31.467735
val,82,146,68.0,97.99482,29.99482
val,82,147,67.0,96.942726,29.942726
val,82,148,66.0,95.22123,29.22123
val,82,149,65.0,90.41764,25.41764
val,82,150,64.0,81.856544,17.856544
val,82,151,63.0,73.358795,10.358795
val,82,152,62.0,71.04044,9.040443
val,82,153,61.0,73.88589,12.885887
val,82,154,60.0,77.49297,17.492973
val,82,155,59.0,74.02571,15.025711
val,82,156,58.0,69.92475,11.924751
val,82,157,57.0,63.511833,6.511833
val,82,158,56.0,57.469376,1.4693756
val,82,159,55.0,53.120544,-1.8794556
val,82,160,54.0,48.26631,-5.7336884
val,82,161,53.0,39.06818,-13.93182
val,82,162,52.0,36.81668,-15.183319
val,82,163,51.0,31.408764,-19.591236
val,82,164,50.0,31.836113,-18.163887
val,82,165,49.0,31.72438,-17.27562
val,82,166,48.0,31.645956,-16.354044
val,82,167,47.0,28.02053,-18.97947
val,82,168,46.0,23.238907,-22.761093
val,82,169,45.0,18.66586,-26.33414
val,82,170,44.0,16.510569,-27.489431
val,82,171,43.0,14.417369,-28.58263
val,82,172,42.0,10.952118,-31.047882
val,82,173,41.0,13.483577,-27.516422
val,82,174,40.0,13.855482,-26.144518
val,82,175,39.0,14.644562,-24.355438
val,82,176,38.0,12.804529,-25.19547
val,82,177,37.0,8.766898,-28.2331
val,82,178,36.0,8.672923,-27.327076
val,82,179,35.0,12.786098,-22.213902
val,82,180,34.0,17.360104,-16.639896
val,82,181,33.0,23.272316,-9.727684
val,82,182,32.0,24.074003,-7.925997
val,82,183,31.0,23.73301,-7.2669907
val,82,184,30.0,19.749096,-10.250904
val,82,185,29.0,17.278656,-11.721344
val,82,186,28.0,14.878792,-13.121208
val,82,187,27.0,15.119621,-11.880379
val,82,188,26.0,12.340049,-13.659951
val,82,189,25.0,11.21834,-13.78166
val,82,190,24.0,12.012554,-11.987446
val,82,191,23.0,14.300709,-8.699291
val,82,192,22.0,16.12777,-5.8722305
val,82,193,21.0,17.374153,-3.6258469
val,82,194,20.0,13.861039,-6.138961
val,82,195,19.0,11.791201,-7.2087994
val,82,196,18.0,9.88485,-8.11515
val,82,197,17.0,10.826675,-6.1733246
val,82,198,16.0,9.354893,-6.6451073
val,82,199,15.0,6.999449,-8.000551
val,82,200,14.0,6.333557,-7.666443
val,82,201,13.0,6.167348,-6.832652
val,82,202,12.0,7.012554,-4.987446
val,82,203,11.0,3.8483868,-7.151613
val,82,204,10.0,3.811844,-6.188156
val,82,205,9.0,3.5365984,-5.463402
val,82,206,8.0,4.1635756,-3.8364244
val,82,207,7.0,2.4833717,-4.5166283
val,82,208,6.0,0.20287187,-5.797128
val,82,209,5.0,-0.9496122,-5.949612
val,82,210,4.0,-2.293291,-6.293291
val,82,211,3.0,-2.2660036,-5.2660036
val,82,212,2.0,-0.939714,-2.939714
val,82,213,1.0,-2.1985958,-3.1985958
val,82,214,0.0,0.07086953,0.07086953
val,83,30,263.0,182.3346,-80.665405
val,83,31,262.0,181.32684,-80.67316
val,83,32,261.0,178.82898,-82.17102
val,83,33,260.0,177.00565,-82.994354
val,83,34,259.0,179.0251,-79.9749
val,83,35,258.0,183.36047,-74.63953
val,83,36,257.0,179.81812,-77.181885
val,83,37,256.0,177.66106,-78.33894
val,83,38,255.0,174.11346,-80.886536
val,83,39,254.0,175.65422,-78.34578
val,83,40,253.0,183.6708,-69.32919
val,83,41,252.0,187.24452,-64.75548
val,83,42,251.0,196.13666,-54.863342
val,83,43,250.0,199.92542,-50.074585
val,83,44,249.0,206.6065,-42.393494
val,83,45,248.0,204.5894,-43.4106
val,83,46,247.0,203.30164,-43.698364
val,83,47,246.0,201.38217,-44.61783
val,83,48,245.0,197.7247,-47.2753
val,83,49,244.0,201.1275,-42.872498
val,83,50,243.0,213.99252,-29.007477
val,83,51,242.0,211.06924,-30.930756
val,83,52,241.0,212.82703,-28.172974
val,83,53,240.0,220.29474,-19.705261
val,83,54,239.0,228.06937,-10.930634
val,83,55,238.0,223.94104,-14.05896
val,83,56,237.0,222.02075,-14.979248
val,83,57,236.0,212.88358,-23.116425
val,83,58,235.0,203.64487,-31.355133
val,83,59,234.0,198.58455,-35.41545
val,83,60,233.0,195.77493,-37.225067
val,83,61,232.0,194.44502,-37.554977
val,83,62,231.0,193.36989,-37.63011
val,83,63,230.0,190.5234,-39.476593
val,83,64,229.0,183.66048,-45.339523
val,83,65,228.0,172.17929,-55.82071
val,83,66,227.0,172.45605,-54.543945
val,83,67,226.0,166.18343,-59.816574
val,83,68,225.0,159.31726,-65.68274
val,83,69,224.0,156.36533,-67.634674
val,83,70,223.0,156.25723,-66.74277
val,83,71,222.0,162.52985,-59.470154
val,83,72,221.0,162.26837,-58.73163
val,83,73,220.0,162.28148,-57.71852
val,83,74,219.0,153.95482,-65.04518
val,83,75,218.0,140.96051,-77.03949
val,83,76,217.0,133.09396,-83.90604
val,83,77,216.0,136.9779,-79.022095
val,83,78,215.0,135.97409,-79.02591
val,83,79,214.0,146.49387,-67.506134
val,83,80,213.0,154.99695,-58.00305
val,83,81,212.0,165.2685,-46.731506
val,83,82,211.0,169.2952,-41.704803
val,83,83,210.0,170.2027,-39.797302
val,83,84,209.0,168.54529,-40.454712
val,83,85,208.0,167.28369,-40.71631
val,83,86,207.0,165.66327,-41.33673
val,83,87,206.0,166.36829,-39.631714
val,83,88,205.0,173.06471,-31.935287
val,83,89,204.0,175.48941,-28.51059
val,83,90,203.0,175.8745,-27.125504
val,83,91,202.0,177.85677,-24.143234
val,83,92,201.0,175.58563,-25.414368
val,83,93,200.0,185.27615,-14.723846
val,83,94,199.0,183.72778,-15.272217
val,83,95,198.0,182.19028,-15.809723
val,83,96,197.0,176.76749,-20.232513
val,83,97,196.0,174.03676,-21.963242
val,83,98,195.0,172.61243,-22.387573
val,83,99,194.0,182.52727,-11.472733
val,83,100,193.0,194.3958,1.3957977
val,83,101,192.0,199.75398,7.7539825
val,83,102,191.0,196.65596,5.65596
val,83,103,190.0,186.94565,-3.0543518
val,83,104,189.0,178.13776,-10.862244
val,83,105,188.0,170.26913,-17.730865
val,83,106,187.0,176.171,-10.828995
val,83,107,186.0,182.6719,-3.3280945
val,83,108,185.0,185.98294,0.9829407
val,83,109,184.0,188.57489,4.57489
val,83,110,183.0,184.71552,1.7155151
val,83,111,182.0,177.0865,-4.913498
val,83,112,181.0,170.66403,-10.335968
val,83,113,180.0,158.72768,-21.272324
val,83,114,179.0,152.08623,-26.913773
val,83,115,178.0,158.34644,-19.653564
val,83,116,177.0,166.99196,-10.008041
val,83,117,176.0,175.10986,-0.8901367
val,83,118,175.0,173.63757,-1.3624268
val,83,119,174.0,174.2078,0.20779419
val,83,120,173.0,177.08586,4.085861
val,83,121,172.0,172.89632,0.8963165
val,83,122,171.0,171.0443,0.044296265
val,83,123,170.0,169.18806,-0.8119354
val,83,124,169.0,161.408,-7.5919952
val,83,125,168.0,159.28854,-8.711456
val,83,126,167.0,162.81761,-4.1823883
val,83,127,166.0,174.88922,8.889221
val,83,128,165.0,182.26161,17.261612
val,83,129,164.0,184.21402,20.21402
val,83,130,163.0,184.25977,21.259766
val,83,131,162.0,183.65396,21.653961
val,83,132,161.0,179.9602,18.960205
val,83,133,160.0,183.7569,23.756897
val,83,134,159.0,187.1392,28.139206
val,83,135,158.0,185.83951,27.839508
val,83,136,157.0,183.29697,26.296967
val,83,137,156.0,184.71774,28.717743
val,83,138,155.0,180.51155,25.51155
val,83,139,154.0,175.2196,21.219604
val,83,140,153.0,169.33731,16.33731
val,83,141,152.0,167.40672,15.406723
val,83,142,151.0,165.85397,14.853973
val,83,143,150.0,163.4043,13.404297
val,83,144,149.0,162.59189,13.591888
val,83,145,148.0,160.45172,12.451721
val,83,146,147.0,153.9046,6.904602
val,83,147,146.0,142.67834,-3.3216553
val,83,148,145.0,131.55467,-13.445328
val,83,149,144.0,123.34398,-20.656021
val,83,150,143.0,114.2771,-28.7229
val,83,151,142.0,112.04045,-29.959549
val,83,152,141.0,114.820076,-26.179924
val,83,153,140.0,126.40559,-13.594414
val,83,154,139.0,143.30527,4.3052673
val,83,155,138.0,149.80296,11.802963
val,83,156,137.0,155.46309,18.463089
val,83,157,136.0,160.60783,24.607834
val,83,158,135.0,157.0047,22.0047
val,83,159,134.0,158.67102,24.67102
val,83,160,133.0,153.23148,20.231476
val,83,161,132.0,150.31064,18.310638
val,83,162,131.0,139.9685,8.968506
val,83,163,130.0,141.38736,11.38736
val,83,164,129.0,143.04808,14.04808
val,83,165,128.0,148.27885,20.278854
val,83,166,127.0,147.34842,20.34842
val,83,167,126.0,145.36649,19.366486
val,83,168,125.0,147.94104,22.94104
val,83,169,124.0,151.34573,27.345734
val,83,170,123.0,158.77148,35.771484
val,83,171,122.0,155.22662,33.226624
val,83,172,121.0,156.51755,35.517548
val,83,173,120.0,155.9232,35.923203
val,83,174,119.0,143.02368,24.023682
val,83,175,118.0,130.77649,12.776489
val,83,176,117.0,115.67635,-1.3236465
val,83,177,116.0,103.74441,-12.255592
val,83,178,115.0,100.92365,-14.076347
val,83,179,114.0,98.35462,-15.645378
val,83,180,113.0,106.08108,-6.9189224
val,83,181,112.0,116.50549,4.505493
val,83,182,111.0,128.91135,17.911346
val,83,183,110.0,131.91974,21.919739
val,83,184,109.0,132.50201,23.502014
val,83,185,108.0,127.52766,19.527657
val,83,186,107.0,116.772095,9.772095
val,83,187,106.0,107.61051,1.6105118
val,83,188,105.0,106.256454,1.2564545
val,83,189,104.0,106.636604,2.6366043
val,83,190,103.0,108.788734,5.7887344
val,83,191,102.0,106.459206,4.4592056
val,83,192,101.0,113.15022,12.150223
val,83,193,100.0,112.66598,12.6659775
val,83,194,99.0,107.99868,8.99868
val,83,195,98.0,111.88001,13.8800125
val,83,196,97.0,112.10923,15.10923
val,83,197,96.0,120.102745,24.102745
val,83,198,95.0,119.05522,24.055222
val,83,199,94.0,113.21376,19.21376
val,83,200,93.0,113.62589,20.625893
val,83,201,92.0,107.1195,15.119499
val,83,202,91.0,103.10194,12.101936
val,83,203,90.0,93.661995,3.661995
val,83,204,89.0,89.95693,0.95693207
val,83,205,88.0,93.55903,5.5590286
val,83,206,87.0,93.804634,6.804634
val,83,207,86.0,98.32345,12.323448
val,83,208,85.0,110.16126,25.161263
val,83,209,84.0,125.63447,41.634468
val,83,210,83.0,132.99365,49.993652
val,83,211,82.0,132.00565,50.005646
val,83,212,81.0,127.546074,46.546074
val,83,213,80.0,118.42462,38.42462
val,83,214,79.0,107.33892,28.33892
val,83,215,78.0,101.64161,23.64161
val,83,216,77.0,100.651024,23.651024
val,83,217,76.0,102.538315,26.538315
val,83,218,75.0,108.626076,33.626076
val,83,219,74.0,111.88561,37.885612
val,83,220,73.0,113.42127,40.421272
val,83,221,72.0,114.76694,42.766937
val,83,222,71.0,115.24673,44.246727
val,83,223,70.0,113.78898,43.78898
val,83,224,69.0,117.1846,48.1846
val,83,225,68.0,118.56889,50.568893
val,83,226,67.0,122.421196,55.421196
val,83,227,66.0,113.57502,47.57502
val,83,228,65.0,108.79083,43.790833
val,83,229,64.0,107.261856,43.261856
val,83,230,63.0,98.41691,35.41691
val,83,231,62.0,92.74027,30.740273
val,83,232,61.0,86.31564,25.315643
val,83,233,60.0,83.98061,23.980614
val,83,234,59.0,86.31977,27.31977
val,83,235,58.0,90.57125,32.57125
val,83,236,57.0,95.95678,38.95678
val,83,237,56.0,96.187775,40.187775
val,83,238,55.0,91.5431,36.5431
val,83,239,54.0,81.839096,27.839096
val,83,240,53.0,72.86061,19.860611
val,83,241,52.0,63.722137,11.722137
val,83,242,51.0,54.442635,3.4426346
val,83,243,50.0,49.01484,-0.9851608
val,83,244,49.0,46.83602,-2.1639786
val,83,245,48.0,46.449097,-1.5509033
val,83,246,47.0,48.503124,1.5031242
val,83,247,46.0,52.396656,6.396656
val,83,248,45.0,56.166565,11.166565
val,83,249,44.0,55.596214,11.596214
val,83,250,43.0,55.98198,12.981979
val,83,251,42.0,55.955578,13.955578
val,83,252,41.0,53.7792,12.7792015
val,83,253,40.0,55.0808,15.080799
val,83,254,39.0,53.673355,14.673355
val,83,255,38.0,54.132683,16.132683
val,83,256,37.0,57.676483,20.676483
val,83,257,36.0,58.57804,22.578041
val,83,258,35.0,61.467773,26.467773
val,83,259,34.0,61.69533,27.695332
val,83,260,33.0,63.129333,30.129333
val,83,261,32.0,67.87562,35.875618
val,83,262,31.0,67.50784,36.507843
val,83,263,30.0,65.61132,35.61132
val,83,264,29.0,62.031876,33.031876
val,83,265,28.0,59.881454,31.881454
val,83,266,27.0,60.109756,33.109756
val,83,267,26.0,59.463135,33.463135
val,83,268,25.0,56.625214,31.625214
val,83,269,24.0,51.957314,27.957314
val,83,270,23.0,46.936264,23.936264
val,83,271,22.0,46.139343,24.139343
val,83,272,21.0,42.71069,21.71069
val,83,273,20.0,43.27063,23.27063
val,83,274,19.0,40.593445,21.593445
val,83,275,18.0,39.23604,21.236038
val,83,276,17.0,37.95295,20.95295
val,83,277,16.0,35.326668,19.326668
val,83,278,15.0,35.37525,20.375252
val,83,279,14.0,30.999313,16.999313
val,83,280,13.0,25.801888,12.8018875
val,83,281,12.0,20.332106,8.332106
val,83,282,11.0,20.395084,9.395084
val,83,283,10.0,19.298021,9.298021
val,83,284,9.0,14.842546,5.8425465
val,83,285,8.0,13.132668,5.1326675
val,83,286,7.0,10.838625,3.838625
val,83,287,6.0,10.974024,4.974024
val,83,288,5.0,8.161039,3.1610394
val,83,289,4.0,5.3151274,1.3151274
val,83,290,3.0,1.5510355,-1.4489645
val,83,291,2.0,1.1029631,-0.8970369
val,83,292,1.0,1.8157228,0.8157228
val,83,293,0.0,-0.60554355,-0.60554355
val,84,30,237.0,125.04652,-111.95348
val,84,31,236.0,124.11085,-111.88915
val,84,32,235.0,125.10728,-109.89272
val,84,33,234.0,123.02319,-110.97681
val,84,34,233.0,125.0698,-107.9302
val,84,35,232.0,128.01476,-103.985245
val,84,36,231.0,131.80641,-99.19359
val,84,37,230.0,134.14368,-95.85632
val,84,38,229.0,140.40875,-88.59125
val,84,39,228.0,145.63576,-82.36424
val,84,40,227.0,144.26733,-82.732666
val,84,41,226.0,141.54596,-84.45404
val,84,42,225.0,137.79922,-87.200775
val,84,43,224.0,136.49077,-87.50923
val,84,44,223.0,133.6761,-89.3239
val,84,45,222.0,131.83626,-90.16374
val,84,46,221.0,131.2443,-89.75571
val,84,47,220.0,135.9743,-84.025696
val,84,48,219.0,135.75047,-83.24953
val,84,49,218.0,132.81052,-85.18948
val,84,50,217.0,133.23418,-83.76582
val,84,51,216.0,129.5661,-86.4339
val,84,52,215.0,127.795784,-87.204216
val,84,53,214.0,125.04507,-88.95493
val,84,54,213.0,130.37292,-82.627075
val,84,55,212.0,136.42047,-75.57953
val,84,56,211.0,144.26703,-66.73297
val,84,57,210.0,149.41966,-60.580338
val,84,58,209.0,146.93356,-62.066437
val,84,59,208.0,144.48898,-63.511017
val,84,60,207.0,137.6247,-69.375305
val,84,61,206.0,129.24658,-76.75342
val,84,62,205.0,125.143074,-79.856926
val,84,63,204.0,122.4591,-81.5409
val,84,64,203.0,125.50249,-77.49751
val,84,65,202.0,129.88776,-72.11224
val,84,66,201.0,132.54202,-68.45798
val,84,67,200.0,136.77968,-63.22032
val,84,68,199.0,137.56186,-61.43814
val,84,69,198.0,135.49013,-62.509872
val,84,70,197.0,130.45285,-66.54715
val,84,71,196.0,129.04015,-66.959854
val,84,72,195.0,128.63432,-66.36568
val,84,73,194.0,132.59052,-61.409485
val,84,74,193.0,131.37685,-61.623154
val,84,75,192.0,129.7367,-62.263306
val,84,76,191.0,124.10251,-66.89749
val,84,77,190.0,121.59304,-68.40696
val,84,78,189.0,122.71143,-66.28857
val,84,79,188.0,123.953575,-64.046425
val,84,80,187.0,123.14606,-63.853943
val,84,81,186.0,123.92628,-62.073723
val,84,82,185.0,131.00986,-53.990143
val,84,83,184.0,135.93951,-48.060486
val,84,84,183.0,133.82869,-49.17131
val,84,85,182.0,132.26758,-49.73242
val,84,86,181.0,126.98951,-54.01049
val,84,87,180.0,121.33633,-58.663673
val,84,88,179.0,118.56847,-60.431534
val,84,89,178.0,113.65414,-64.34586
val,84,90,177.0,115.016914,-61.983086
val,84,91,176.0,119.46177,-56.53823
val,84,92,175.0,117.05093,-57.949074
val,84,93,174.0,113.286545,-60.713455
val,84,94,173.0,115.05927,-57.940727
val,84,95,172.0,108.38485,-63.61515
val,84,96,171.0,102.674194,-68.325806
val,84,97,170.0,96.357185,-73.642815
val,84,98,169.0,87.28687,-81.71313
val,84,99,168.0,89.7361,-78.2639
val,84,100,167.0,91.143105,-75.856895
val,84,101,166.0,95.36103,-70.63897
val,84,102,165.0,96.45034,-68.54966
val,84,103,164.0,96.01886,-67.98114
val,84,104,163.0,90.656364,-72.343636
val,84,105,162.0,93.598625,-68.401375
val,84,106,161.0,95.431404,-65.568596
val,84,107,160.0,96.275246,-63.724754
val,84,108,159.0,96.18946,-62.81054
val,84,109,158.0,96.490944,-61.509056
val,84,110,157.0,98.19346,-58.80654
val,84,111,156.0,92.087975,-63.912025
val,84,112,155.0,92.55601,-62.443993
val,84,113,154.0,87.928505,-66.071495
val,84,114,153.0,87.01633,-65.98367
val,84,115,152.0,91.63877,-60.36123
val,84,116,151.0,90.70338,-60.296623
val,84,117,150.0,96.728226,-53.271774
val,84,118,149.0,97.32648,-51.673523
val,84,119,148.0,97.13932,-50.86068
val,84,120,147.0,101.80346,-45.19654
val,84,121,146.0,108.03159,-37.968407
val,84,122,145.0,112.252235,-32.747765
val,84,123,144.0,115.0084,-28.9916
val,84,124,143.0,120.91575,-22.084251
val,84,125,142.0,122.96036,-19.039642
val,84,126,141.0,122.11802,-18.88198
val,84,127,140.0,120.54191,-19.458092
val,84,128,139.0,119.880196,-19.119804
val,84,129,138.0,117.16354,-20.836456
val,84,130,137.0,112.63044,-24.36956
val,84,131,136.0,110.77775,-25.222252
val,84,132,135.0,109.71616,-25.283836
val,84,133,134.0,108.9905,-25.009499
val,84,134,133.0,110.11824,-22.88176
val,84,135,132.0,105.37301,-26.626991
val,84,136,131.0,101.77364,-29.226357
val,84,137,130.0,98.231674,-31.768326
val,84,138,129.0,92.95472,-36.04528
val,84,139,128.0,91.89826,-36.101738
val,84,140,127.0,87.66863,-39.331367
val,84,141,126.0,86.81196,-39.18804
val,84,142,125.0,86.37065,-38.62935
val,84,143,124.0,81.60903,-42.39097
val,84,144,123.0,77.76792,-45.23208
val,84,145,122.0,71.96575,-50.03425
val,84,146,121.0,69.04464,-51.95536
val,84,147,120.0,66.44636,-53.553642
val,84,148,119.0,66.27717,-52.72283
val,84,149,118.0,71.11406,-46.88594
val,84,150,117.0,80.26034,-36.739662
val,84,151,116.0,85.62293,-30.377068
val,84,152,115.0,89.02448,-25.975517
val,84,153,114.0,87.02359,-26.97641
val,84,154,113.0,85.45393,-27.546066
val,84,155,112.0,80.18989,-31.810112
val,84,156,111.0,76.7882,-34.2118
val,84,157,110.0,73.185745,-36.814255
val,84,158,109.0,72.70032,-36.299683
val,84,159,108.0,71.09706,-36.90294
val,84,160,107.0,69.71722,-37.282784
val,84,161,106.0,70.71409,-35.28591
val,84,162,105.0,74.347984,-30.652016
val,84,163,104.0,76.069756,-27.930244
val,84,164,103.0,78.26528,-24.734718
val,84,165,102.0,79.573456,-22.426544
val,84,166,101.0,80.34267,-20.657333
val,84,167,100.0,79.486946,-20.513054
val,84,168,99.0,78.616585,-20.383415
val,84,169,98.0,75.513245,-22.486755
val,84,170,97.0,75.28257,-21.71743
val,84,171,96.0,76.16502,-19.834976
val,84,172,95.0,77.08332,-17.91668
val,84,173,94.0,75.84449,-18.15551
val,84,174,93.0,75.27546,-17.72454
val,84,175,92.0,75.39253,-16.607468
val,84,176,91.0,77.61965,-13.380348
val,84,177,90.0,77.3921,-12.607903
val,84,178,89.0,74.33901,-14.660988
val,84,179,88.0,73.648,-14.351997
val,84,180,87.0,71.48847,-15.511528
val,84,181,86.0,70.03972,-15.960281
val,84,182,85.0,67.84554,-17.154457
val,84,183,84.0,63.495575,-20.504425
val,84,184,83.0,62.782764,-20.217236
val,84,185,82.0,63.412308,-18.587692
val,84,186,81.0,65.64384,-15.356163
val,84,187,80.0,65.993385,-14.006615
val,84,188,79.0,66.98824,-12.011757
val,84,189,78.0,67.221855,-10.778145
val,84,190,77.0,67.180305,-9.8196945
val,84,191,76.0,66.60003,-9.399971
val,84,192,75.0,68.59292,-6.4070816
val,84,193,74.0,66.067314,-7.932686
val,84,194,73.0,62.55395,-10.446049
val,84,195,72.0,61.356995,-10.643005
val,84,196,71.0,55.985382,-15.014618
val,84,197,70.0,54.5043,-15.495701
val,84,198,69.0,52.73532,-16.264679
val,84,199,68.0,55.278698,-12.721302
val,84,200,67.0,55.242558,-11.757442
val,84,201,66.0,56.26547,-9.734531
val,84,202,65.0,56.38961,-8.61039
val,84,203,64.0,54.38995,-9.61005
val,84,204,63.0,50.720383,-12.279617
val,84,205,62.0,46.112442,-15.887558
val,84,206,61.0,42.284492,-18.715508
val,84,207,60.0,37.59063,-22.40937
val,84,208,59.0,32.924347,-26.075653
val,84,209,58.0,32.72647,-25.27353
val,84,210,57.0,34.49026,-22.509739
val,84,211,56.0,35.98122,-20.01878
val,84,212,55.0,40.398335,-14.6016655
val,84,213,54.0,42.72702,-11.27298
val,84,214,53.0,43.4477,-9.5522995
val,84,215,52.0,42.893818,-9.106182
val,84,216,51.0,45.540627,-5.4593735
val,84,217,50.0,48.370316,-1.6296844
val,84,218,49.0,54.295845,5.295845
val,84,219,48.0,55.212822,7.212822
val,84,220,47.0,56.531826,9.531826
val,84,221,46.0,55.586266,9.586266
val,84,222,45.0,53.103077,8.103077
val,84,223,44.0,52.626595,8.626595
val,84,224,43.0,50.858612,7.858612
val,84,225,42.0,46.80474,4.804741
val,84,226,41.0,46.59571,5.5957108
val,84,227,40.0,45.571022,5.571022
val,84,228,39.0,42.544083,3.5440826
val,84,229,38.0,40.29283,2.2928314
val,84,230,37.0,38.14309,1.1430893
val,84,231,36.0,35.993057,-0.006942749
val,84,232,35.0,32.228943,-2.7710571
val,84,233,34.0,28.584223,-5.415777
val,84,234,33.0,25.47968,-7.520321
val,84,235,32.0,24.484505,-7.5154953
val,84,236,31.0,21.225136,-9.774864
val,84,237,30.0,17.643274,-12.356726
val,84,238,29.0,15.914156,-13.085844
val,84,239,28.0,11.813929,-16.186071
val,84,240,27.0,12.251474,-14.748526
val,84,241,26.0,12.081787,-13.918213
val,84,242,25.0,11.60464,-13.39536
val,84,243,24.0,9.985336,-14.014664
val,84,244,23.0,8.651859,-14.348141
val,84,245,22.0,9.834532,-12.165468
val,84,246,21.0,9.951277,-11.048723
val,84,247,20.0,11.391668,-8.608332
val,84,248,19.0,15.06232,-3.9376802
val,84,249,18.0,14.550428,-3.4495716
val,84,250,17.0,12.489752,-4.510248
val,84,251,16.0,10.533226,-5.466774
val,84,252,15.0,9.088514,-5.9114857
val,84,253,14.0,9.715008,-4.284992
val,84,254,13.0,10.655972,-2.3440285
val,84,255,12.0,9.652035,-2.3479652
val,84,256,11.0,7.2821445,-3.7178555
val,84,257,10.0,8.844426,-1.1555738
val,84,258,9.0,8.863214,-0.13678646
val,84,259,8.0,7.1089816,-0.8910184
val,84,260,7.0,6.280084,-0.71991587
val,84,261,6.0,3.6198792,-2.3801208
val,84,262,5.0,4.7266455,-0.27335453
val,84,263,4.0,3.545976,-0.45402408
val,84,264,3.0,3.9254355,0.92543554
val,84,265,2.0,3.4004111,1.4004111
val,84,266,1.0,1.253486,0.25348604
val,84,267,0.0,1.5920252,1.5920252
val,91,30,105.0,97.08782,-7.912178
val,91,31,104.0,103.913414,-0.086586
val,91,32,103.0,109.87027,6.87027
val,91,33,102.0,106.73565,4.735649
val,91,34,101.0,106.20103,5.201027
val,91,35,100.0,100.840294,0.8402939
val,91,36,99.0,97.710396,-1.2896042
val,91,37,98.0,94.94889,-3.0511093
val,91,38,97.0,95.81583,-1.1841736
val,91,39,96.0,96.41842,0.41841888
val,91,40,95.0,100.240845,5.2408447
val,91,41,94.0,106.88703,12.887032
val,91,42,93.0,109.29057,16.290573
val,91,43,92.0,110.94387,18.94387
val,91,44,91.0,108.99201,17.992012
val,91,45,90.0,104.73736,14.737358
val,91,46,89.0,104.41043,15.410431
val,91,47,88.0,106.79311,18.793114
val,91,48,87.0,111.45262,24.452621
val,91,49,86.0,116.836174,30.836174
val,91,50,85.0,116.32984,31.329842
val,91,51,84.0,115.05565,31.055649
val,91,52,83.0,114.05887,31.058868
val,91,53,82.0,108.54258,26.54258
val,91,54,81.0,102.23329,21.233292
val,91,55,80.0,95.18726,15.1872635
val,91,56,79.0,93.54897,14.548973
val,91,57,78.0,92.010155,14.010155
val,91,58,77.0,93.145,16.144997
val,91,59,76.0,90.93485,14.934853
val,91,60,75.0,88.859024,13.859024
val,91,61,74.0,84.89394,10.893944
val,91,62,73.0,82.17418,9.174179
val,91,63,72.0,83.165726,11.165726
val,91,64,71.0,82.246864,11.246864
val,91,65,70.0,84.03756,14.0375595
val,91,66,69.0,82.29649,13.296494
val,91,67,68.0,80.25967,12.259666
val,91,68,67.0,80.09423,13.094231
val,91,69,66.0,78.82177,12.82177
val,91,70,65.0,76.15816,11.158157
val,91,71,64.0,72.15905,8.15905
val,91,72,63.0,67.9822,4.9822006
val,91,73,62.0,68.42543,6.4254303
val,91,74,61.0,71.1476,10.147598
val,91,75,60.0,74.96826,14.968262
val,91,76,59.0,75.303246,16.303246
val,91,77,58.0,75.81103,17.811028
val,91,78,57.0,75.628136,18.628136
val,91,79,56.0,74.122826,18.122826
val,91,80,55.0,72.54163,17.541634
val,91,81,54.0,70.06681,16.06681
val,91,82,53.0,72.89394,19.893944
val,91,83,52.0,75.72707,23.727074
val,91,84,51.0,74.187164,23.187164
val,91,85,50.0,72.74967,22.749672
val,91,86,49.0,71.01504,22.015038
val,91,87,48.0,64.78208,16.782082
val,91,88,47.0,61.506382,14.506382
val,91,89,46.0,61.728172,15.728172
val,91,90,45.0,62.146893,17.146893
val,91,91,44.0,64.7011,20.701103
val,91,92,43.0,68.2816,25.2816
val,91,93,42.0,66.74905,24.749046
val,91,94,41.0,64.227066,23.227066
val,91,95,40.0,58.792545,18.792545
val,91,96,39.0,55.003937,16.003937
val,91,97,38.0,55.36297,17.362968
val,91,98,37.0,53.479446,16.479446
val,91,99,36.0,50.77606,14.776058
val,91,100,35.0,51.09111,16.09111
val,91,101,34.0,49.809,15.808998
val,91,102,33.0,47.759933,14.759933
val,91,103,32.0,48.82514,16.825142
val,91,104,31.0,47.778755,16.778755
val,91,105,30.0,43.170044,13.170044
val,91,106,29.0,40.55294,11.55294
val,91,107,28.0,40.604885,12.604885
val,91,108,27.0,42.44593,15.4459305
val,91,109,26.0,42.51294,16.51294
val,91,110,25.0,40.02099,15.020988
val,91,111,24.0,39.7231,15.723099
val,91,112,23.0,35.881363,12.881363
val,91,113,22.0,33.124672,11.124672
val,91,114,21.0,28.46665,7.46665
val,91,115,20.0,27.600163,7.6001625
val,91,116,19.0,25.671116,6.671116
val,91,117,18.0,25.809319,7.8093185
val,91,118,17.0,28.588001,11.588001
val,91,119,16.0,27.92285,11.92285
val,91,120,15.0,25.5066,10.506599
val,91,121,14.0,22.059637,8.059637
val,91,122,13.0,18.712446,5.712446
val,91,123,12.0,19.62366,7.623659
val,91,124,11.0,20.63558,9.63558
val,91,125,10.0,18.8917,8.891701
val,91,126,9.0,16.704498,7.7044983
val,91,127,8.0,14.727814,6.7278137
val,91,128,7.0,12.142981,5.1429806
val,91,129,6.0,10.947376,4.9473763
val,91,130,5.0,8.777609,3.7776089
val,91,131,4.0,6.829328,2.829328
val,91,132,3.0,5.16775,2.16775
val,91,133,2.0,5.3593626,3.3593626
val,91,134,1.0,3.6840212,2.6840212
val,91,135,0.0,0.88005644,0.88005644
val,94,30,228.0,152.66101,-75.33899
val,94,31,227.0,148.65076,-78.34924
val,94,32,226.0,143.90065,-82.09935
val,94,33,225.0,144.31793,-80.68207
val,94,34,224.0,139.04617,-84.95383
val,94,35,223.0,136.27325,-86.726746
val,94,36,222.0,135.61273,-86.38727
val,94,37,221.0,133.71158,-87.28842
val,94,38,220.0,134.92505,-85.07495
val,94,39,219.0,139.8361,-79.163895
val,94,40,218.0,144.47345,-73.52655
val,94,41,217.0,145.34387,-71.65613
val,94,42,216.0,147.68805,-68.31195
val,94,43,215.0,151.453,-63.546997
val,94,44,214.0,156.96487,-57.035126
val,94,45,213.0,155.93616,-57.063843
val,94,46,212.0,152.72876,-59.27124
val,94,47,211.0,148.36948,-62.630524
val,94,48,210.0,147.531,-62.468994
val,94,49,209.0,143.06467,-65.93533
val,94,50,208.0,142.31593,-65.68407
val,94,51,207.0,145.14796,-61.852036
val,94,52,206.0,149.94235,-56.057648
val,94,53,205.0,150.9392,-54.060806
val,94,54,204.0,149.78201,-54.217987
val,94,55,203.0,151.77946,-51.220535
val,94,56,202.0,148.74576,-53.254242
val,94,57,201.0,141.87958,-59.120422
val,94,58,200.0,142.34744,-57.652557
val,94,59,199.0,140.81738,-58.182617
val,94,60,198.0,144.6149,-53.3851
val,94,61,197.0,150.23535,-46.76465
val,94,62,196.0,156.51996,-39.48004
val,94,63,195.0,158.72324,-36.276764
val,94,64,194.0,152.61069,-41.389313
val,94,65,193.0,143.60857,-49.391434
val,94,66,192.0,133.73254,-58.267456
val,94,67,191.0,126.2694,-64.7306
val,94,68,190.0,119.71003,-70.28997
val,94,69,189.0,124.483086,-64.516914
val,94,70,188.0,122.643936,-65.356064
val,94,71,187.0,125.3838,-61.616203
val,94,72,186.0,128.04361,-57.95639
val,94,73,185.0,132.73627,-52.263733
val,94,74,184.0,131.1184,-52.881607
val,94,75,183.0,131.10327,-51.89673
val,94,76,182.0,127.46624,-54.53376
val,94,77,181.0,127.99837,-53.001633
val,94,78,180.0,129.4187,-50.5813
val,94,79,179.0,130.78897,-48.21103
val,94,80,178.0,132.38135,-45.618652
val,94,81,177.0,132.814,-44.186005
val,94,82,176.0,137.14514,-38.85486
val,94,83,175.0,139.46124,-35.538757
val,94,84,174.0,137.91254,-36.087463
val,94,85,173.0,129.84286,-43.157135
val,94,86,172.0,120.81931,-51.180687
val,94,87,171.0,119.7218,-51.2782
val,94,88,170.0,129.34427,-40.65573
val,94,89,169.0,140.05493,-28.945068
val,94,90,168.0,154.64746,-13.352539
val,94,91,167.0,157.44376,-9.556244
val,94,92,166.0,156.31049,-9.689514
val,94,93,165.0,147.61313,-17.386871
val,94,94,164.0,144.66414,-19.335861
val,94,95,163.0,144.7375,-18.262497
val,94,96,162.0,147.59564,-14.404358
val,94,97,161.0,147.68832,-13.311676
val,94,98,160.0,147.73341,-12.266586
val,94,99,159.0,143.10574,-15.894257
val,94,100,158.0,140.60573,-17.394272
val,94,101,157.0,132.53793,-24.462067
val,94,102,156.0,122.18332,-33.81668
val,94,103,155.0,113.40299,-41.597008
val,94,104,154.0,105.68763,-48.31237
val,94,105,153.0,104.480354,-48.519646
val,94,106,152.0,103.09751,-48.90249
val,94,107,151.0,105.32925,-45.670753
val,94,108,150.0,106.02862,-43.971382
val,94,109,149.0,104.99819,-44.00181
val,94,110,148.0,105.36953,-42.63047
val,94,111,147.0,106.55384,-40.44616
val,94,112,146.0,100.26343,-45.736572
val,94,113,145.0,94.84615,-50.153847
val,94,114,144.0,85.94058,-58.059418
val,94,115,143.0,88.6334,-54.3666
val,94,116,142.0,90.87336,-51.12664
val,94,117,141.0,94.321175,-46.678825
val,94,118,140.0,94.38383,-45.616173
val,94,119,139.0,94.393166,-44.606834
val,94,120,138.0,93.39714,-44.60286
val,94,121,137.0,94.09873,-42.901268
val,94,122,136.0,95.355354,-40.644646
val,94,123,135.0,98.16142,-36.838577
val,94,124,134.0,96.752144,-37.247856
val,94,125,133.0,97.844826,-35.155174
val,94,126,132.0,93.82046,-38.179543
val,94,127,131.0,89.27856,-41.721443
val,94,128,130.0,89.440674,-40.559326
val,94,129,129.0,85.691154,-43.308846
val,94,130,128.0,83.70981,-44.29019
val,94,131,127.0,82.6698,-44.3302
val,94,132,126.0,82.57246,-43.427544
val,94,133,125.0,82.22147,-42.778526
val,94,134,124.0,82.62619,-41.37381
val,94,135,123.0,79.55184,-43.44816
val,94,136,122.0,76.990814,-45.009186
val,94,137,121.0,72.37429,-48.62571
val,94,138,120.0,68.28358,-51.716423
val,94,139,119.0,66.342804,-52.657196
val,94,140,118.0,64.93914,-53.06086
val,94,141,117.0,64.63115,-52.36885
val,94,142,116.0,63.89137,-52.10863
val,94,143,115.0,70.022224,-44.977776
val,94,144,114.0,78.20833,-35.79167
val,94,145,113.0,85.587364,-27.412636
val,94,146,112.0,91.14789,-20.852112
val,94,147,111.0,93.295425,-17.704575
val,94,148,110.0,98.23706,-11.762939
val,94,149,109.0,101.05676,-7.9432373
val,94,150,108.0,103.20246,-4.7975388
val,94,151,107.0,101.72659,-5.273407
val,94,152,106.0,97.460365,-8.539635
val,94,153,105.0,95.14675,-9.853249
val,94,154,104.0,91.14782,-12.8521805
val,94,155,103.0,88.37801,-14.621986
val,94,156,102.0,88.31895,-13.681053
val,94,157,101.0,84.35113,-16.648872
val,94,158,100.0,84.65586,-15.344139
val,94,159,99.0,84.388756,-14.611244
val,94,160,98.0,82.22915,-15.770851
val,94,161,97.0,84.512474,-12.487526
val,94,162,96.0,86.83979,-9.16021
val,94,163,95.0,87.395424,-7.604576
val,94,164,94.0,86.6652,-7.3348007
val,94,165,93.0,84.40718,-8.592819
val,94,166,92.0,78.99938,-13.000618
val,94,167,91.0,75.39478,-15.605217
val,94,168,90.0,71.38163,-18.61837
val,94,169,89.0,73.519196,-15.480804
val,94,170,88.0,77.435905,-10.564095
val,94,171,87.0,77.37959,-9.620407
val,94,172,86.0,79.775375,-6.2246246
val,94,173,85.0,77.20513,-7.7948685
val,94,174,84.0,76.52396,-7.4760437
val,94,175,83.0,75.44152,-7.5584793
val,94,176,82.0,71.210655,-10.789345
val,94,177,81.0,71.301094,-9.698906
val,94,178,80.0,70.60421,-9.39579
val,94,179,79.0,72.2878,-6.7121964
val,94,180,78.0,73.34585,-4.654152
val,94,181,77.0,72.113625,-4.8863754
val,94,182,76.0,71.12531,-4.874687
val,94,183,75.0,67.48135,-7.5186462
val,94,184,74.0,62.328266,-11.671734
val,94,185,73.0,59.456596,-13.543404
val,94,186,72.0,56.934975,-15.065025
val,94,187,71.0,54.792618,-16.207382
val,94,188,70.0,53.750114,-16.249886
val,94,189,69.0,52.416008,-16.583992
val,94,190,68.0,52.137596,-15.862404
val,94,191,67.0,48.937965,-18.062035
val,94,192,66.0,46.90279,-19.09721
val,94,193,65.0,43.23922,-21.76078
val,94,194,64.0,40.73687,-23.26313
val,94,195,63.0,39.213078,-23.786922
val,94,196,62.0,37.814972,-24.185028
val,94,197,61.0,37.715637,-23.284363
val,94,198,60.0,37.903084,-22.096916
val,94,199,59.0,40.95184,-18.04816
val,94,200,58.0,39.501324,-18.498676
val,94,201,57.0,39.773857,-17.226143
val,94,202,56.0,38.90119,-17.098808
val,94,203,55.0,37.163025,-17.836975
val,94,204,54.0,35.398903,-18.601097
val,94,205,53.0,34.991367,-18.008633
val,94,206,52.0,36.56066,-15.439339
val,94,207,51.0,38.70565,-12.29435
val,94,208,50.0,37.234806,-12.765194
val,94,209,49.0,36.78067,-12.21933
val,94,210,48.0,37.84915,-10.150848
val,94,211,47.0,40.11678,-6.8832207
val,94,212,46.0,40.630424,-5.3695755
val,94,213,45.0,38.8554,-6.1446
val,94,214,44.0,37.21193,-6.7880707
val,94,215,43.0,36.171364,-6.828636
val,94,216,42.0,34.267776,-7.7322235
val,94,217,41.0,32.388977,-8.611023
val,94,218,40.0,33.514534,-6.485466
val,94,219,39.0,35.52667,-3.4733315
val,94,220,38.0,33.16871,-4.831291
val,94,221,37.0,33.147934,-3.852066
val,94,222,36.0,31.22623,-4.7737694
val,94,223,35.0,29.432638,-5.567362
val,94,224,34.0,31.377384,-2.6226158
val,94,225,33.0,30.017338,-2.9826622
val,94,226,32.0,29.407852,-2.5921478
val,94,227,31.0,30.06173,-0.93827057
val,94,228,30.0,28.824593,-1.1754074
val,94,229,29.0,26.583414,-2.416586
val,94,230,28.0,26.320347,-1.6796532
val,94,231,27.0,26.157623,-0.8423767
val,94,232,26.0,25.438168,-0.5618324
val,94,233,25.0,23.489204,-1.5107956
val,94,234,24.0,20.36441,-3.6355896
val,94,235,23.0,21.0409,-1.9591007
val,94,236,22.0,20.340445,-1.6595554
val,94,237,21.0,18.110525,-2.8894749
val,94,238,20.0,15.38891,-4.6110897
val,94,239,19.0,13.42751,-5.5724897
val,94,240,18.0,13.311014,-4.688986
val,94,241,17.0,10.681238,-6.318762
val,94,242,16.0,8.635699,-7.3643007
val,94,243,15.0,8.089241,-6.910759
val,94,244,14.0,7.4407177,-6.5592823
val,94,245,13.0,5.968667,-7.031333
val,94,246,12.0,3.055176,-8.944824
val,94,247,11.0,1.9182442,-9.081756
val,94,248,10.0,0.78798765,-9.212012
val,94,249,9.0,-0.41064885,-9.410649
val,94,250,8.0,-1.0256684,-9.025668
val,94,251,7.0,-1.3652401,-8.36524
val,94,252,6.0,-4.216849,-10.216848
val,94,253,5.0,-4.369532,-9.369532
val,94,254,4.0,-2.3001614,-6.3001614
val,94,255,3.0,-1.7808594,-4.7808595
val,94,256,2.0,-1.3020025,-3.3020024
val,94,257,1.0,-1.626245,-2.626245
val,94,258,0.0,-2.9869552,-2.9869552
val,95,30,253.0,158.31976,-94.68024
val,95,31,252.0,148.23683,-103.76317
val,95,32,251.0,148.61551,-102.38449
val,95,33,250.0,152.17244,-97.82756
val,95,34,249.0,149.43896,-99.561035
val,95,35,248.0,144.21463,-103.78537
val,95,36,247.0,138.8428,-108.157196
val,95,37,246.0,130.79433,-115.20567
val,95,38,245.0,130.22241,-114.77759
val,95,39,244.0,131.02568,-112.97432
val,95,40,243.0,129.21744,-113.78256
val,95,41,242.0,128.7816,-113.2184
val,95,42,241.0,136.32321,-104.67679
val,95,43,240.0,141.99435,-98.005646
val,95,44,239.0,141.88698,-97.11302
val,95,45,238.0,140.67776,-97.322235
val,95,46,237.0,146.64941,-90.350586
val,95,47,236.0,155.88232,-80.117676
val,95,48,235.0,155.98386,-79.01614
val,95,49,234.0,150.83316,-83.16684
val,95,50,233.0,151.61752,-81.38248
val,95,51,232.0,165.0547,-66.9453
val,95,52,231.0,171.68613,-59.313873
val,95,53,230.0,172.8428,-57.157196
val,95,54,229.0,175.09708,-53.902924
val,95,55,228.0,178.93823,-49.061768
val,95,56,227.0,185.14682,-41.85318
val,95,57,226.0,193.3508,-32.6492
val,95,58,225.0,206.09116,-18.908844
val,95,59,224.0,217.9188,-6.0812073
val,95,60,223.0,225.21799,2.217987
val,95,61,222.0,217.71468,-4.285324
val,95,62,221.0,209.00366,-11.996338
val,95,63,220.0,201.84196,-18.158035
val,95,64,219.0,195.2932,-23.706802
val,95,65,218.0,194.80148,-23.198517
val,95,66,217.0,196.45859,-20.541412
val,95,67,216.0,196.21684,-19.783157
val,95,68,215.0,195.77081,-19.229187
val,95,69,214.0,185.47234,-28.527664
val,95,70,213.0,179.44714,-33.552856
val,95,71,212.0,175.00073,-36.999268
val,95,72,211.0,178.05658,-32.94342
val,95,73,210.0,176.7353,-33.264694
val,95,74,209.0,176.09465,-32.90535
val,95,75,208.0,169.4223,-38.577698
val,95,76,207.0,160.02567,-46.974335
val,95,77,206.0,155.96869,-50.03131
val,95,78,205.0,152.77103,-52.228973
val,95,79,204.0,150.85042,-53.149582
val,95,80,203.0,148.31573,-54.684265
val,95,81,202.0,136.08978,-65.91022
val,95,82,201.0,133.04468,-67.95532
val,95,83,200.0,124.64447,-75.35553
val,95,84,199.0,123.23051,-75.76949
val,95,85,198.0,130.36552,-67.634476
val,95,86,197.0,134.6153,-62.384705
val,95,87,196.0,145.31804,-50.68196
val,95,88,195.0,144.63028,-50.36972
val,95,89,194.0,135.19241,-58.807587
val,95,90,193.0,129.88596,-63.114044
val,95,91,192.0,130.40399,-61.59601
val,95,92,191.0,126.23193,-64.76807
val,95,93,190.0,130.06534,-59.93466
val,95,94,189.0,143.52426,-45.47574
val,95,95,188.0,149.85938,-38.140625
val,95,96,187.0,148.94083,-38.059174
val,95,97,186.0,147.24007,-38.759933
val,95,98,185.0,142.11726,-42.882736
val,95,99,184.0,141.99171,-42.008286
val,95,100,183.0,134.94392,-48.056076
val,95,101,182.0,131.07838,-50.921616
val,95,102,181.0,129.21167,-51.78833
val,95,103,180.0,131.78745,-48.212555
val,95,104,179.0,129.4034,-49.596603
val,95,105,178.0,138.80829,-39.19171
val,95,106,177.0,141.70973,-35.290268
val,95,107,176.0,142.89664,-33.103363
val,95,108,175.0,142.31378,-32.68622
val,95,109,174.0,145.98311,-28.016891
val,95,110,173.0,139.3432,-33.6568
val,95,111,172.0,132.42429,-39.575714
val,95,112,171.0,127.90077,-43.099228
val,95,113,170.0,125.818344,-44.181656
val,95,114,169.0,129.78075,-39.219254
val,95,115,168.0,131.8361,-36.163895
val,95,116,167.0,134.05046,-32.94954
val,95,117,166.0,142.18349,-23.816513
val,95,118,165.0,154.29637,-10.703629
val,95,119,164.0,151.04478,-12.955215
val,95,120,163.0,154.11752,-8.882477
val,95,121,162.0,148.81685,-13.183151
val,95,122,161.0,148.07603,-12.923965
val,95,123,160.0,146.5997,-13.400299
val,95,124,159.0,149.22562,-9.774384
val,95,125,158.0,148.42102,-9.5789795
val,95,126,157.0,152.29715,-4.7028503
val,95,127,156.0,155.70044,-0.29956055
val,95,128,155.0,151.02829,-3.9717102
val,95,129,154.0,140.07867,-13.921326
val,95,130,153.0,142.09038,-10.909622
val,95,131,152.0,135.32098,-16.679016
val,95,132,151.0,134.85562,-16.144379
val,95,133,150.0,134.47014,-15.529861
val,95,134,149.0,130.92506,-18.074936
val,95,135,148.0,128.44586,-19.554138
val,95,136,147.0,118.76618,-28.233818
val,95,137,146.0,113.61407,-32.385933
val,95,138,145.0,99.510895,-45.489105
val,95,139,144.0,88.338585,-55.661415
val,95,140,143.0,79.08278,-63.91722
val,95,141,142.0,75.29946,-66.70054
val,95,142,141.0,73.342,-67.658
val,95,143,140.0,76.997856,-63.002144
val,95,144,139.0,83.21441,-55.78559
val,95,145,138.0,91.53362,-46.466377
val,95,146,137.0,101.87449,-35.12551
val,95,147,136.0,107.43691,-28.563087
val,95,148,135.0,111.695366,-23.304634
val,95,149,134.0,117.48449,-16.51551
val,95,150,133.0,118.72834,-14.27166
val,95,151,132.0,124.2315,-7.7685013
val,95,152,131.0,137.83583,6.8358307
val,95,153,130.0,147.67496,17.674957
val,95,154,129.0,156.71446,27.714462
val,95,155,128.0,165.57237,37.572372
val,95,156,127.0,162.56787,35.56787
val,95,157,126.0,149.15668,23.156677
val,95,158,125.0,135.62451,10.624512
val,95,159,124.0,130.25204,6.2520447
val,95,160,123.0,127.67709,4.6770935
val,95,161,122.0,121.488754,-0.5112457
val,95,162,121.0,120.602974,-0.39702606
val,95,163,120.0,115.54084,-4.45916
val,95,164,119.0,116.63068,-2.3693237
val,95,165,118.0,113.30689,-4.6931076
val,95,166,117.0,119.14444,2.1444397
val,95,167,116.0,112.373856,-3.6261444
val,95,168,115.0,103.724724,-11.275276
val,95,169,114.0,96.900215,-17.099785
val,95,170,113.0,95.85754,-17.142464
val,95,171,112.0,96.859665,-15.140335
val,95,172,111.0,94.760765,-16.239235
val,95,173,110.0,94.24041,-15.75959
val,95,174,109.0,95.713905,-13.286095
val,95,175,108.0,96.38439,-11.615608
val,95,176,107.0,100.630035,-6.3699646
val,95,177,106.0,105.21308,-0.78691864
val,95,178,105.0,105.73283,0.73282623
val,95,179,104.0,103.01137,-0.9886322
val,95,180,103.0,101.09625,-1.9037476
val,95,181,102.0,98.45663,-3.543373
val,95,182,101.0,99.121346,-1.8786545
val,95,183,100.0,101.01898,1.0189819
val,95,184,99.0,96.77668,-2.22332
val,95,185,98.0,89.135864,-8.864136
val,95,186,97.0,76.65565,-20.344353
val,95,187,96.0,65.64917,-30.35083
val,95,188,95.0,54.102962,-40.897038
val,95,189,94.0,44.063835,-49.936165
val,95,190,93.0,35.056187,-57.943813
val,95,191,92.0,31.542297,-60.457703
val,95,192,91.0,38.733067,-52.266933
val,95,193,90.0,45.89706,-44.10294
val,95,194,89.0,56.04583,-32.95417
val,95,195,88.0,56.67879,-31.321209
val,95,196,87.0,60.250877,-26.749123
val,95,197,86.0,55.811634,-30.188366
val,95,198,85.0,53.32833,-31.671669
val,95,199,84.0,52.543755,-31.456245
val,95,200,83.0,51.262245,-31.737755
val,95,201,82.0,49.517128,-32.482872
val,95,202,81.0,47.70424,-33.29576
val,95,203,80.0,54.146507,-25.853493
val,95,204,79.0,61.164917,-17.835083
val,95,205,78.0,66.8412,-11.158798
val,95,206,77.0,70.69323,-6.3067703
val,95,207,76.0,68.551056,-7.448944
val,95,208,75.0,63.813656,-11.186344
val,95,209,74.0,64.560356,-9.439644
val,95,210,73.0,67.86973,-5.130272
val,95,211,72.0,69.750465,-2.2495346
val,95,212,71.0,68.45897,-2.541031
val,95,213,70.0,61.538807,-8.461193
val,95,214,69.0,55.61058,-13.38942
val,95,215,68.0,49.956253,-18.043747
val,95,216,67.0,48.549606,-18.450394
val,95,217,66.0,51.11505,-14.884949
val,95,218,65.0,48.725758,-16.274242
val,95,219,64.0,53.930122,-10.069878
val,95,220,63.0,60.130985,-2.8690147
val,95,221,62.0,69.06164,7.061638
val,95,222,61.0,75.46619,14.466187
val,95,223,60.0,76.992096,16.992096
val,95,224,59.0,75.49351,16.493507
val,95,225,58.0,72.42036,14.420357
val,95,226,57.0,67.90188,10.901878
val,95,227,56.0,66.60171,10.601707
val,95,228,55.0,63.968636,8.968636
val,95,229,54.0,63.843822,9.8438225
val,95,230,53.0,61.24382,8.24382
val,95,231,52.0,58.479668,6.4796677
val,95,232,51.0,56.763607,5.763607
val,95,233,50.0,55.05445,5.054451
val,95,234,49.0,47.711105,-1.2888947
val,95,235,48.0,45.087017,-2.912983
val,95,236,47.0,44.424664,-2.5753365
val,95,237,46.0,42.21518,-3.7848206
val,95,238,45.0,40.760914,-4.239086
val,95,239,44.0,38.256184,-5.7438164
val,95,240,43.0,31.466238,-11.533762
val,95,241,42.0,28.87952,-13.12048
val,95,242,41.0,26.333513,-14.666487
val,95,243,40.0,29.140413,-10.859587
val,95,244,39.0,27.471489,-11.528511
val,95,245,38.0,29.09356,-8.906441
val,95,246,37.0,27.878853,-9.121147
val,95,247,36.0,29.912365,-6.087635
val,95,248,35.0,33.3752,-1.6248016
val,95,249,34.0,35.92266,1.9226608
val,95,250,33.0,34.609924,1.6099243
val,95,251,32.0,33.818108,1.8181076
val,95,252,31.0,34.540016,3.5400162
val,95,253,30.0,33.763454,3.7634544
val,95,254,29.0,37.698277,8.6982765
val,95,255,28.0,35.56467,7.5646706
val,95,256,27.0,32.275047,5.2750473
val,95,257,26.0,29.200527,3.2005272
val,95,258,25.0,30.514172,5.5141716
val,95,259,24.0,27.478504,3.4785042
val,95,260,23.0,26.09922,3.0992203
val,95,261,22.0,25.648037,3.648037
val,95,262,21.0,25.553963,4.5539627
val,95,263,20.0,25.303778,5.3037777
val,95,264,19.0,22.116016,3.1160164
val,95,265,18.0,20.381256,2.381256
val,95,266,17.0,18.45831,1.4583092
val,95,267,16.0,15.751417,-0.24858284
val,95,268,15.0,17.811878,2.8118782
val,95,269,14.0,13.908789,-0.09121132
val,95,270,13.0,10.412163,-2.5878372
val,95,271,12.0,7.9151664,-4.0848336
val,95,272,11.0,7.066644,-3.9333558
val,95,273,10.0,6.927391,-3.072609
val,95,274,9.0,3.5774908,-5.422509
val,95,275,8.0,4.377827,-3.6221728
val,95,276,7.0,3.0441866,-3.9558134
val,95,277,6.0,4.2299123,-1.7700877
val,95,278,5.0,2.9542007,-2.0457993
val,95,279,4.0,3.4846025,-0.51539755
val,95,280,3.0,5.0240145,2.0240145
val,95,281,2.0,2.6863225,0.68632245
val,95,282,1.0,1.8165652,0.81656516
val,95,283,0.0,2.6368966,2.6368966
