split,engine_id,end_cycle,true_rul,pred_rul,error
train,1,30,162.0,145.37024,-16.62976
train,1,31,161.0,145.1947,-15.805298
train,1,32,160.0,144.95427,-15.045731
train,1,33,159.0,144.91212,-14.087875
train,1,34,158.0,144.22609,-13.7739105
train,1,35,157.0,144.48268,-12.517319
train,1,36,156.0,145.22527,-10.7747345
train,1,37,155.0,145.41096,-9.589035
train,1,38,154.0,145.4217,-8.578293
train,1,39,153.0,145.3396,-7.6604004
train,1,40,152.0,145.27344,-6.7265625
train,1,41,151.0,145.29439,-5.705612
train,1,42,150.0,145.07893,-4.9210663
train,1,43,149.0,144.87936,-4.120636
train,1,44,148.0,145.23506,-2.7649384
train,1,45,147.0,144.87387,-2.1261292
train,1,46,146.0,144.8015,-1.1985016
train,1,47,145.0,145.2968,0.2967987
train,1,48,144.0,145.02977,1.0297699
train,1,49,143.0,145.38664,2.3866425
train,1,50,142.0,144.92137,2.9213715
train,1,51,141.0,144.96146,3.9614563
train,1,52,140.0,144.79008,4.790085
train,1,53,139.0,143.96794,4.9679413
train,1,54,138.0,141.74513,3.7451324
train,1,55,137.0,144.38434,7.3843384
train,1,56,136.0,142.86415,6.864151
train,1,57,135.0,130.43956,-4.56044
train,1,58,134.0,131.80867,-2.19133
train,1,59,133.0,130.12654,-2.8734589
train,1,60,132.0,140.01674,8.016739
train,1,61,131.0,140.23415,9.234146
train,1,62,130.0,142.91867,12.918671
train,1,63,129.0,137.86905,8.869049
train,1,64,128.0,132.02861,4.02861
train,1,65,127.0,117.95826,-9.04174
train,1,66,126.0,118.62843,-7.371567
train,1,67,125.0,130.32338,5.3233795
train,1,68,124.0,130.04301,6.0430145
train,1,69,123.0,127.00945,4.009453
train,1,70,122.0,143.70854,21.708542
train,1,71,121.0,138.4463,17.446304
train,1,72,120.0,136.99718,16.997177
train,1,73,119.0,136.005,17.005005
train,1,74,118.0,142.75403,24.754028
train,1,75,117.0,142.5088,25.508804
train,1,76,116.0,144.62437,28.624374
train,1,77,115.0,144.49373,29.493729
train,1,78,114.0,144.16667,30.166672
train,1,79,113.0,143.51274,30.512741
train,1,80,112.0,140.8701,28.870102
train,1,81,111.0,133.28737,22.287369
train,1,82,110.0,129.67729,19.677292
train,1,83,109.0,120.970085,11.970085
train,1,84,108.0,107.734024,-0.26597595
train,1,85,107.0,116.00439,9.004387
train,1,86,106.0,127.79431,21.794312
train,1,87,105.0,117.85788,12.85788
train,1,88,104.0,124.42599,20.425987
train,1,89,103.0,119.413826,16.413826
train,1,90,102.0,119.40097,17.40097
train,1,91,101.0,119.28083,18.28083
train,1,92,100.0,133.86821,33.86821
train,1,93,99.0,108.3371,9.337097
train,1,94,98.0,99.30593,1.3059311
train,1,95,97.0,84.48086,-12.519142
train,1,96,96.0,94.86603,-1.1339722
train,1,97,95.0,98.610916,3.6109161
train,1,98,94.0,103.91682,9.916817
train,1,99,93.0,95.04394,2.0439377
train,1,100,92.0,91.03718,-0.96282196
train,1,101,91.0,85.04075,-5.9592514
train,1,102,90.0,73.1401,-16.859901
train,1,103,89.0,76.09368,-12.906319
train,1,104,88.0,90.62478,2.6247787
train,1,105,87.0,97.85465,10.854652
train,1,106,86.0,116.971855,30.971855
train,1,107,85.0,110.61379,25.613792
train,1,108,84.0,105.920525,21.920525
train,1,109,83.0,104.24315,21.243149
train,1,110,82.0,89.499306,7.4993057
train,1,111,81.0,71.15505,-9.844948
train,1,112,80.0,76.61232,-3.38768
train,1,113,79.0,67.009575,-11.990425
train,1,114,78.0,68.963684,-9.036316
train,1,115,77.0,69.089935,-7.9100647
train,1,116,76.0,87.73608,11.736076
train,1,117,75.0,95.0613,20.061302
train,1,118,74.0,107.44316,33.44316
train,1,119,73.0,97.667114,24.667114
train,1,120,72.0,84.63952,12.639519
train,1,121,71.0,84.953514,13.953514
train,1,122,70.0,70.44787,0.44786835
train,1,123,69.0,62.736546,-6.2634544
train,1,124,68.0,55.67504,-12.324959
train,1,125,67.0,54.749638,-12.250362
train,1,126,66.0,60.934414,-5.065586
train,1,127,65.0,63.879547,-1.1204529
train,1,128,64.0,57.10857,-6.89143
train,1,129,63.0,53.959488,-9.040512
train,1,130,62.0,58.914623,-3.0853767
train,1,131,61.0,60.89659,-0.10340881
train,1,132,60.0,54.810215,-5.189785
train,1,133,59.0,56.35797,-2.6420288
train,1,134,58.0,59.719257,1.7192574
train,1,135,57.0,64.50765,7.5076523
train,1,136,56.0,74.6345,18.634499
train,1,137,55.0,72.350426,17.350426
train,1,138,54.0,75.660225,21.660225
train,1,139,53.0,69.282074,16.282074
train,1,140,52.0,73.01632,21.01632
train,1,141,51.0,71.22621,20.226212
train,1,142,50.0,68.81318,18.813179
train,1,143,49.0,71.63268,22.632683
train,1,144,48.0,68.96059,20.960587
train,1,145,47.0,57.914303,10.914303
train,1,146,46.0,68.67129,22.671288
train,1,147,45.0,66.7711,21.771103
train,1,148,44.0,71.337715,27.337715
train,1,149,43.0,64.76291,21.762909
train,1,150,42.0,59.954098,17.954098
train,1,151,41.0,56.07233,15.07233
train,1,152,40.0,42.180714,2.1807137
train,1,153,39.0,40.22656,1.2265587
train,1,154,38.0,34.700577,-3.2994232
train,1,155,37.0,36.19614,-0.8038597
train,1,156,36.0,35.84898,-0.15102005
train,1,157,35.0,36.87134,1.8713417
train,1,158,34.0,36.331474,2.3314743
train,1,159,33.0,32.851936,-0.14806366
train,1,160,32.0,28.264906,-3.735094
train,1,161,31.0,29.304447,-1.6955528
train,1,162,30.0,27.53233,-2.4676704
train,1,163,29.0,23.982595,-5.0174046
train,1,164,28.0,22.918058,-5.0819416
train,1,165,27.0,23.47215,-3.5278492
train,1,166,26.0,21.051424,-4.948576
train,1,167,25.0,22.878538,-2.1214619
train,1,168,24.0,24.177574,0.17757416
train,1,169,23.0,24.592253,1.5922527
train,1,170,22.0,21.515223,-0.48477745
train,1,171,21.0,22.241285,1.2412853
train,1,172,20.0,23.21504,3.2150402
train,1,173,19.0,23.448965,4.448965
train,1,174,18.0,25.187786,7.187786
train,1,175,17.0,22.715378,5.715378
train,1,176,16.0,24.009832,8.009832
train,1,177,15.0,22.440416,7.4404163
train,1,178,14.0,22.096933,8.096933
train,1,179,13.0,22.053381,9.053381
train,1,180,12.0,22.879827,10.8798275
train,1,181,11.0,22.79049,11.790489
train,1,182,10.0,20.139353,10.139353
train,1,183,9.0,18.862545,9.862545
train,1,184,8.0,14.973322,6.973322
train,1,185,7.0,12.831824,5.8318243
train,1,186,6.0,12.291097,6.2910967
train,1,187,5.0,8.758599,3.7585993
train,1,188,4.0,7.323081,3.323081
train,1,189,3.0,6.95399,3.95399
train,1,190,2.0,4.322719,2.322719
train,1,191,1.0,5.0762835,4.0762835
train,1,192,0.0,4.0158615,4.0158615
train,2,30,257.0,146.0441,-110.9559
train,2,31,256.0,146.0154,-109.984604
train,2,32,255.0,145.94542,-109.05458
train,2,33,254.0,145.74817,-108.25183
train,2,34,253.0,145.80193,-107.198074
train,2,35,252.0,145.76347,-106.23653
train,2,36,251.0,145.77208,-105.22792
train,2,37,250.0,145.46022,-104.53978
train,2,38,249.0,145.51494,-103.48506
train,2,39,248.0,145.88055,-102.119446
train,2,40,247.0,145.70168,-101.298325
train,2,41,246.0,145.03737,-100.96263
train,2,42,245.0,145.1231,-99.87691
train,2,43,244.0,145.24785,-98.75215
train,2,44,243.0,145.46698,-97.53302
train,2,45,242.0,145.16943,-96.83057
train,2,46,241.0,145.35889,-95.64111
train,2,47,240.0,145.43114,-94.56886
train,2,48,239.0,145.14494,-93.85506
train,2,49,238.0,144.76292,-93.237076
train,2,50,237.0,145.05379,-91.94621
train,2,51,236.0,145.4738,-90.5262
train,2,52,235.0,145.65201,-89.34799
train,2,53,234.0,145.06662,-88.93338
train,2,54,233.0,144.83582,-88.164185
train,2,55,232.0,144.30116,-87.69884
train,2,56,231.0,145.3268,-85.6732
train,2,57,230.0,144.4504,-85.54961
train,2,58,229.0,145.24135,-83.75865
train,2,59,228.0,145.6076,-82.392395
train,2,60,227.0,145.44199,-81.558014
train,2,61,226.0,145.31319,-80.68681
train,2,62,225.0,145.5535,-79.4465
train,2,63,224.0,145.4067,-78.59331
train,2,64,223.0,145.74565,-77.25435
train,2,65,222.0,145.69473,-76.30527
train,2,66,221.0,145.81114,-75.18886
train,2,67,220.0,145.82466,-74.17534
train,2,68,219.0,145.67278,-73.327225
train,2,69,218.0,145.6692,-72.330795
train,2,70,217.0,145.619,-71.381
train,2,71,216.0,145.63344,-70.36656
train,2,72,215.0,145.7993,-69.2007
train,2,73,214.0,145.84254,-68.157455
train,2,74,213.0,145.67336,-67.326645
train,2,75,212.0,145.72021,-66.279785
train,2,76,211.0,145.7513,-65.2487
train,2,77,210.0,145.81215,-64.18785
train,2,78,209.0,145.80626,-63.19374
train,2,79,208.0,145.74188,-62.258118
train,2,80,207.0,145.73503,-61.26497
train,2,81,206.0,145.82054,-60.17946
train,2,82,205.0,145.65779,-59.34221
train,2,83,204.0,145.74345,-58.256546
train,2,84,203.0,145.76749,-57.232513
train,2,85,202.0,145.63672,-56.36328
train,2,86,201.0,145.59322,-55.406784
train,2,87,200.0,145.51994,-54.480057
train,2,88,199.0,145.73325,-53.266754
train,2,89,198.0,145.82127,-52.178726
train,2,90,197.0,145.76776,-51.23224
train,2,91,196.0,145.84102,-50.15898
train,2,92,195.0,145.83159,-49.16841
train,2,93,194.0,145.77461,-48.225388
train,2,94,193.0,145.86882,-47.13118
train,2,95,192.0,145.84488,-46.15512
train,2,96,191.0,145.79399,-45.20601
train,2,97,190.0,145.72371,-44.27629
train,2,98,189.0,145.98476,-43.015244
train,2,99,188.0,145.88377,-42.116226
train,2,100,187.0,145.24706,-41.752945
train,2,101,186.0,145.76051,-40.239487
train,2,102,185.0,145.55818,-39.44182
train,2,103,184.0,145.87755,-38.12245
train,2,104,183.0,145.8306,-37.169403
train,2,105,182.0,145.76843,-36.231567
train,2,106,181.0,145.59308,-35.40692
train,2,107,180.0,145.6928,-34.307205
train,2,108,179.0,145.7374,-33.262604
train,2,109,178.0,145.4282,-32.571793
train,2,110,177.0,145.65895,-31.34105
train,2,111,176.0,145.70012,-30.299881
train,2,112,175.0,145.52834,-29.471664
train,2,113,174.0,145.79442,-28.205582
train,2,114,173.0,145.77644,-27.223557
train,2,115,172.0,145.6153,-26.384705
train,2,116,171.0,145.83911,-25.160889
train,2,117,170.0,145.84549,-24.15451
train,2,118,169.0,145.75972,-23.24028
train,2,119,168.0,144.88133,-23.118668
train,2,120,167.0,145.81145,-21.188553
train,2,121,166.0,145.86537,-20.134628
train,2,122,165.0,145.59633,-19.403671
train,2,123,164.0,145.58736,-18.412643
train,2,124,163.0,145.80653,-17.193466
train,2,125,162.0,145.7599,-16.240097
train,2,126,161.0,145.56808,-15.431915
train,2,127,160.0,145.05052,-14.949478
train,2,128,159.0,145.7542,-13.245804
train,2,129,158.0,145.47325,-12.526749
train,2,130,157.0,144.73576,-12.264236
train,2,131,156.0,145.58067,-10.419327
train,2,132,155.0,145.39694,-9.603058
train,2,133,154.0,144.31929,-9.68071
train,2,134,153.0,144.19229,-8.807709
train,2,135,152.0,144.98552,-7.0144806
train,2,136,151.0,145.3473,-5.6526947
train,2,137,150.0,144.64189,-5.3581085
train,2,138,149.0,144.78822,-4.2117767
train,2,139,148.0,144.97914,-3.0208588
train,2,140,147.0,145.15971,-1.8402863
train,2,141,146.0,145.08662,-0.91337585
train,2,142,145.0,145.45274,0.45274353
train,2,143,144.0,144.74721,0.74720764
train,2,144,143.0,145.21907,2.2190704
train,2,145,142.0,144.90785,2.9078522
train,2,146,141.0,144.61806,3.6180573
train,2,147,140.0,144.1781,4.1781006
train,2,148,139.0,144.74156,5.741562
train,2,149,138.0,143.10756,5.107559
train,2,150,137.0,139.77156,2.7715607
train,2,151,136.0,139.05486,3.0548553
train,2,152,135.0,136.59343,1.5934296
train,2,153,134.0,125.856186,-8.143814
train,2,154,133.0,115.61899,-17.381012
train,2,155,132.0,125.46266,-6.5373383
train,2,156,131.0,131.70706,0.70706177
train,2,157,130.0,128.38016,-1.6198425
train,2,158,129.0,126.91481,-2.0851898
train,2,159,128.0,129.36748,1.3674774
train,2,160,127.0,122.39893,-4.6010666
train,2,161,126.0,117.89593,-8.104073
train,2,162,125.0,122.20783,-2.7921677
train,2,163,124.0,121.35876,-2.641243
train,2,164,123.0,122.789085,-0.21091461
train,2,165,122.0,128.13731,6.137314
train,2,166,121.0,140.5211,19.521103
train,2,167,120.0,143.42546,23.42546
train,2,168,119.0,143.78056,24.780563
train,2,169,118.0,142.62291,24.62291
train,2,170,117.0,142.26038,25.260376
train,2,171,116.0,139.05397,23.05397
train,2,172,115.0,139.71588,24.715881
train,2,173,114.0,106.954094,-7.045906
train,2,174,113.0,125.16955,12.169548
train,2,175,112.0,104.868,-7.132004
train,2,176,111.0,102.2848,-8.715202
train,2,177,110.0,102.2181,-7.7818985
train,2,178,109.0,97.048515,-11.951485
train,2,179,108.0,97.115486,-10.884514
train,2,180,107.0,93.798004,-13.201996
train,2,181,106.0,104.850716,-1.1492844
train,2,182,105.0,106.32534,1.3253403
train,2,183,104.0,101.42043,-2.579567
train,2,184,103.0,100.747536,-2.2524643
train,2,185,102.0,104.053764,2.0537643
train,2,186,101.0,99.4656,-1.5344009
train,2,187,100.0,85.31927,-14.680733
train,2,188,99.0,91.2293,-7.7706985
train,2,189,98.0,94.55051,-3.4494934
train,2,190,97.0,95.76084,-1.2391586
train,2,191,96.0,92.09885,-3.9011536
train,2,192,95.0,86.41423,-8.58577
train,2,193,94.0,89.86877,-4.131233
train,2,194,93.0,81.09795,-11.902046
train,2,195,92.0,77.846344,-14.153656
train,2,196,91.0,76.59193,-14.408073
train,2,197,90.0,77.25971,-12.740288
train,2,198,89.0,77.67719,-11.322807
train,2,199,88.0,74.342445,-13.657555
train,2,200,87.0,73.68197,-13.318031
train,2,201,86.0,74.60925,-11.390747
train,2,202,85.0,73.04902,-11.950981
train,2,203,84.0,65.30796,-18.69204
train,2,204,83.0,67.0288,-15.971199
train,2,205,82.0,65.26452,-16.735481
train,2,206,81.0,74.432655,-6.5673447
train,2,207,80.0,80.35567,0.3556671
train,2,208,79.0,68.553696,-10.446304
train,2,209,78.0,66.08492,-11.915077
train,2,210,77.0,68.6563,-8.343697
train,2,211,76.0,66.8271,-9.172897
train,2,212,75.0,61.226765,-13.773235
train,2,213,74.0,65.48649,-8.513512
train,2,214,73.0,72.07786,-0.922142
train,2,215,72.0,64.23579,-7.7642136
train,2,216,71.0,80.095695,9.0956955
train,2,217,70.0,78.067535,8.067535
train,2,218,69.0,77.28306,8.283058
train,2,219,68.0,72.7969,4.796898
train,2,220,67.0,71.093796,4.093796
train,2,221,66.0,66.79336,0.79335785
train,2,222,65.0,64.334274,-0.6657257
train,2,223,64.0,58.01392,-5.98608
train,2,224,63.0,49.224804,-13.775196
train,2,225,62.0,47.052628,-14.947372
train,2,226,61.0,47.855885,-13.144115
train,2,227,60.0,47.658375,-12.341625
train,2,228,59.0,46.77792,-12.22208
train,2,229,58.0,45.007984,-12.992016
train,2,230,57.0,42.984325,-14.015675
train,2,231,56.0,42.764824,-13.235176
train,2,232,55.0,44.079597,-10.920403
train,2,233,54.0,46.94099,-7.0590096
train,2,234,53.0,47.89786,-5.1021385
train,2,235,52.0,41.7421,-10.2579
train,2,236,51.0,42.052055,-8.947945
train,2,237,50.0,40.788414,-9.211586
train,2,238,49.0,42.710236,-6.2897644
train,2,239,48.0,40.65839,-7.34161
train,2,240,47.0,44.151752,-2.8482475
train,2,241,46.0,37.034145,-8.965855
train,2,242,45.0,40.75421,-4.2457886
train,2,243,44.0,42.18939,-1.8106117
train,2,244,43.0,42.51078,-0.48921967
train,2,245,42.0,35.976505,-6.0234947
train,2,246,41.0,35.63477,-5.3652306
train,2,247,40.0,30.250473,-9.749527
train,2,248,39.0,28.128012,-10.871988
train,2,249,38.0,26.429508,-11.570492
train,2,250,37.0,27.599539,-9.400461
train,2,251,36.0,27.535978,-8.464022
train,2,252,35.0,27.18178,-7.81822
train,2,253,34.0,29.161074,-4.8389263
train,2,254,33.0,26.976427,-6.023573
train,2,255,32.0,29.021244,-2.978756
train,2,256,31.0,31.843622,0.8436222
train,2,257,30.0,29.658789,-0.34121132
train,2,258,29.0,29.260748,0.2607479
train,2,259,28.0,23.563124,-4.4368763
train,2,260,27.0,24.662617,-2.3373833
train,2,261,26.0,24.18802,-1.8119793
train,2,262,25.0,27.59152,2.5915203
train,2,263,24.0,34.159275,10.159275
train,2,264,23.0,30.268042,7.2680416
train,2,265,22.0,27.716604,5.716604
train,2,266,21.0,29.474726,8.474726
train,2,267,20.0,32.61885,12.618851
train,2,268,19.0,31.411055,12.411055
train,2,269,18.0,25.40853,7.4085293
train,2,270,17.0,23.56759,6.5675907
train,2,271,16.0,16.76335,0.76334953
train,2,272,15.0,15.747968,0.7479677
train,2,273,14.0,16.2371,2.2371006
train,2,274,13.0,13.066373,0.06637287
train,2,275,12.0,12.51401,0.5140104
train,2,276,11.0,10.671404,-0.32859612
train,2,277,10.0,10.0171,0.017100334
train,2,278,9.0,8.998987,-0.0010128021
train,2,279,8.0,6.1475515,-1.8524485
train,2,280,7.0,6.532808,-0.46719217
train,2,281,6.0,4.9683046,-1.0316954
train,2,282,5.0,5.3119926,0.31199265
train,2,283,4.0,4.271223,0.27122307
train,2,284,3.0,4.339909,1.3399091
train,2,285,2.0,3.1677113,1.1677113
train,2,286,1.0,4.2896647,3.2896647
train,2,287,0.0,2.5838137,2.5838137
train,4,30,159.0,142.69214,-16.307861
train,4,31,158.0,143.88474,-14.115265
train,4,32,157.0,144.27827,-12.721725
train,4,33,156.0,143.97179,-12.0282135
train,4,34,155.0,144.19554,-10.804459
train,4,35,154.0,144.19774,-9.802261
train,4,36,153.0,141.06877,-11.931229
train,4,37,152.0,128.75565,-23.244354
train,4,38,151.0,143.1631,-7.836899
train,4,39,150.0,141.4444,-8.555603
train,4,40,149.0,111.187706,-37.812294
train,4,41,148.0,122.85453,-25.14547
train,4,42,147.0,134.75525,-12.244751
train,4,43,146.0,136.36917,-9.630829
train,4,44,145.0,139.91528,-5.084717
train,4,45,144.0,143.9829,-0.017105103
train,4,46,143.0,140.76874,-2.2312622
train,4,47,142.0,141.24013,-0.75987244
train,4,48,141.0,142.99754,1.9975433
train,4,49,140.0,142.5695,2.5695038
train,4,50,139.0,140.96124,1.9612427
train,4,51,138.0,143.07191,5.0719147
train,4,52,137.0,142.41777,5.4177704
train,4,53,136.0,143.77144,7.7714386
train,4,54,135.0,143.48749,8.487488
train,4,55,134.0,144.08916,10.089157
train,4,56,133.0,144.24718,11.247177
train,4,57,132.0,144.06194,12.061935
train,4,58,131.0,143.19203,12.192032
train,4,59,130.0,144.06773,14.067734
train,4,60,129.0,144.14937,15.149368
train,4,61,128.0,144.09212,16.092117
train,4,62,127.0,144.17514,17.17514
train,4,63,126.0,143.87935,17.879349
train,4,64,125.0,144.06303,19.063034
train,4,65,124.0,144.35085,20.350845
train,4,66,123.0,144.1197,21.119705
train,4,67,122.0,144.17467,22.174667
train,4,68,121.0,144.21503,23.215027
train,4,69,120.0,144.0824,24.082397
train,4,70,119.0,144.17137,25.171371
train,4,71,118.0,143.67555,25.675552
train,4,72,117.0,143.62357,26.623566
train,4,73,116.0,142.88918,26.889175
train,4,74,115.0,140.83015,25.830154
train,4,75,114.0,142.45427,28.45427
train,4,76,113.0,141.93903,28.939026
train,4,77,112.0,141.90694,29.906937
train,4,78,111.0,143.62007,32.62007
train,4,79,110.0,143.20894,33.20894
train,4,80,109.0,130.08548,21.08548
train,4,81,108.0,143.695,35.695007
train,4,82,107.0,137.3031,30.3031
train,4,83,106.0,142.81567,36.815674
train,4,84,105.0,142.71608,37.71608
train,4,85,104.0,143.47458,39.47458
train,4,86,103.0,143.33136,40.33136
train,4,87,102.0,143.1892,41.189194
train,4,88,101.0,142.0181,41.018097
train,4,89,100.0,143.58598,43.585983
train,4,90,99.0,143.08029,44.08029
train,4,91,98.0,143.23155,45.231552
train,4,92,97.0,142.42207,45.422073
train,4,93,96.0,143.41063,47.41063
train,4,94,95.0,143.47057,48.470566
train,4,95,94.0,143.82082,49.820816
train,4,96,93.0,143.82524,50.82524
train,4,97,92.0,141.88017,49.880173
train,4,98,91.0,142.6234,51.623398
train,4,99,90.0,142.8456,52.845596
train,4,100,89.0,143.11957,54.119568
train,4,101,88.0,142.77849,54.77849
train,4,102,87.0,141.94165,54.94165
train,4,103,86.0,143.36122,57.36122
train,4,104,85.0,143.60611,58.60611
train,4,105,84.0,143.35469,59.35469
train,4,106,83.0,142.78099,59.78099
train,4,107,82.0,142.36363,60.363632
train,4,108,81.0,142.61311,61.613113
train,4,109,80.0,139.77443,59.77443
train,4,110,79.0,142.90181,63.90181
train,4,111,78.0,143.14764,65.147644
train,4,112,77.0,142.34956,65.34956
train,4,113,76.0,140.24611,64.24611
train,4,114,75.0,138.46944,63.469437
train,4,115,74.0,137.03233,63.032333
train,4,116,73.0,131.0926,58.092606
train,4,117,72.0,106.16939,34.169388
train,4,118,71.0,81.19317,10.193169
train,4,119,70.0,73.437355,3.437355
train,4,120,69.0,91.41069,22.41069
train,4,121,68.0,84.52615,16.526154
train,4,122,67.0,68.95092,1.9509201
train,4,123,66.0,67.24527,1.2452698
train,4,124,65.0,69.00016,4.00016
train,4,125,64.0,79.17453,15.17453
train,4,126,63.0,79.579636,16.579636
train,4,127,62.0,74.35383,12.353828
train,4,128,61.0,64.36405,3.3640518
train,4,129,60.0,72.22393,12.22393
train,4,130,59.0,80.31271,21.312714
train,4,131,58.0,76.28989,18.289886
train,4,132,57.0,66.4027,9.402702
train,4,133,56.0,58.446327,2.4463272
train,4,134,55.0,55.103832,0.103832245
train,4,135,54.0,50.535862,-3.464138
train,4,136,53.0,46.665813,-6.3341866
train,4,137,52.0,47.73527,-4.2647285
train,4,138,51.0,52.130157,1.1301575
train,4,139,50.0,56.464417,6.4644165
train,4,140,49.0,52.24779,3.2477913
train,4,141,48.0,54.457104,6.4571037
train,4,142,47.0,48.082176,1.0821762
train,4,143,46.0,50.66011,4.6601105
train,4,144,45.0,50.070248,5.0702477
train,4,145,44.0,47.699707,3.699707
train,4,146,43.0,43.479343,0.4793434
train,4,147,42.0,40.644,-1.355999
train,4,148,41.0,42.920242,1.9202423
train,4,149,40.0,38.445667,-1.5543327
train,4,150,39.0,39.17036,0.17036057
train,4,151,38.0,36.607906,-1.3920937
train,4,152,37.0,39.839043,2.8390427
train,4,153,36.0,39.242664,3.2426643
train,4,154,35.0,37.329235,2.329235
train,4,155,34.0,35.150387,1.1503868
train,4,156,33.0,36.026306,3.0263062
train,4,157,32.0,36.873314,4.873314
train,4,158,31.0,34.001453,3.0014534
train,4,159,30.0,33.631603,3.6316032
train,4,160,29.0,35.895813,6.895813
train,4,161,28.0,32.309017,4.309017
train,4,162,27.0,32.06427,5.06427
train,4,163,26.0,26.260319,0.26031876
train,4,164,25.0,25.019783,0.01978302
train,4,165,24.0,25.896421,1.8964214
train,4,166,23.0,23.03698,0.036979675
train,4,167,22.0,20.632708,-1.3672924
train,4,168,21.0,20.002768,-0.99723244
train,4,169,20.0,18.962378,-1.0376225
train,4,170,19.0,17.869617,-1.1303825
train,4,171,18.0,18.328604,0.32860374
train,4,172,17.0,15.96412,-1.0358801
train,4,173,16.0,14.708547,-1.2914534
train,4,174,15.0,14.488251,-0.51174927
train,4,175,14.0,12.111829,-1.8881712
train,4,176,13.0,11.221326,-1.7786741
train,4,177,12.0,9.775547,-2.224453
train,4,178,11.0,8.138091,-2.861909
train,4,179,10.0,6.120386,-3.8796139
train,4,180,9.0,5.7277937,-3.2722063
train,4,181,8.0,6.392699,-1.6073012
train,4,182,7.0,5.2974744,-1.7025256
train,4,183,6.0,3.6409163,-2.3590837
train,4,184,5.0,3.6712584,-1.3287416
train,4,185,4.0,2.348577,-1.651423
train,4,186,3.0,2.8781633,-0.12183666
train,4,187,2.0,1.8612407,-0.13875926
train,4,188,1.0,0.6963972,-0.3036028
train,4,189,0.0,1.1157418,1.1157418
train,6,30,158.0,142.16634,-15.833664
train,6,31,157.0,142.26991,-14.730087
train,6,32,156.0,142.27336,-13.726639
train,6,33,155.0,142.32248,-12.677521
train,6,34,154.0,142.04282,-11.957184
train,6,35,153.0,142.05591,-10.944092
train,6,36,152.0,141.49149,-10.508514
train,6,37,151.0,141.84435,-9.155655
train,6,38,150.0,142.0342,-7.965805
train,6,39,149.0,142.10378,-6.896225
train,6,40,148.0,142.21866,-5.7813416
train,6,41,147.0,138.14911,-8.850891
train,6,42,146.0,141.59071,-4.4092865
train,6,43,145.0,141.56639,-3.433609
train,6,44,144.0,141.07198,-2.9280243
train,6,45,143.0,140.73033,-2.2696686
train,6,46,142.0,139.9157,-2.0843048
train,6,47,141.0,141.90862,0.9086151
train,6,48,140.0,141.9785,1.9785004
train,6,49,139.0,139.39308,0.39308167
train,6,50,138.0,140.64009,2.640091
train,6,51,137.0,140.84593,3.845932
train,6,52,136.0,140.19531,4.1953125
train,6,53,135.0,138.62889,3.628891
train,6,54,134.0,122.437706,-11.562294
train,6,55,133.0,128.89383,-4.1061707
train,6,56,132.0,141.53795,9.537949
train,6,57,131.0,141.72652,10.726517
train,6,58,130.0,138.83598,8.835983
train,6,59,129.0,132.39351,3.393509
train,6,60,128.0,135.5522,7.5522003
train,6,61,127.0,127.18669,0.18669128
train,6,62,126.0,128.89888,2.89888
train,6,63,125.0,130.6317,5.6316986
train,6,64,124.0,130.73885,6.738846
train,6,65,123.0,139.99214,16.992142
train,6,66,122.0,139.06607,17.06607
train,6,67,121.0,139.3243,18.324295
train,6,68,120.0,139.92165,19.921646
train,6,69,119.0,140.08809,21.088089
train,6,70,118.0,135.18623,17.186234
train,6,71,117.0,115.14465,-1.8553467
train,6,72,116.0,124.77474,8.774742
train,6,73,115.0,111.179115,-3.8208847
train,6,74,114.0,116.816284,2.8162842
train,6,75,113.0,100.993706,-12.006294
train,6,76,112.0,103.99842,-8.001579
train,6,77,111.0,103.868416,-7.131584
train,6,78,110.0,104.240234,-5.7597656
train,6,79,109.0,93.13611,-15.863892
train,6,80,108.0,92.79183,-15.208168
train,6,81,107.0,104.26512,-2.7348785
train,6,82,106.0,102.301575,-3.6984253
train,6,83,105.0,99.78246,-5.217537
train,6,84,104.0,104.927025,0.92702484
train,6,85,103.0,97.38047,-5.6195297
train,6,86,102.0,97.43,-4.5699997
train,6,87,101.0,105.79963,4.799629
train,6,88,100.0,110.85165,10.851646
train,6,89,99.0,103.82175,4.821747
train,6,90,98.0,99.31846,1.3184586
train,6,91,97.0,106.124245,9.124245
train,6,92,96.0,100.40103,4.4010315
train,6,93,95.0,96.57631,1.5763092
train,6,94,94.0,97.048355,3.048355
train,6,95,93.0,100.73649,7.7364883
train,6,96,92.0,90.48627,-1.5137329
train,6,97,91.0,86.76612,-4.233879
train,6,98,90.0,83.48051,-6.519493
train,6,99,89.0,80.61422,-8.38578
train,6,100,88.0,80.80163,-7.198372
train,6,101,87.0,73.51263,-13.487373
train,6,102,86.0,73.617134,-12.382866
train,6,103,85.0,76.86875,-8.131248
train,6,104,84.0,84.667854,0.6678543
train,6,105,83.0,86.93177,3.9317703
train,6,106,82.0,86.101105,4.1011047
train,6,107,81.0,93.00991,12.009911
train,6,108,80.0,87.341934,7.341934
train,6,109,79.0,90.33446,11.334457
train,6,110,78.0,95.21861,17.218613
train,6,111,77.0,92.53062,15.530617
train,6,112,76.0,85.59517,9.595169
train,6,113,75.0,81.00637,6.0063705
train,6,114,74.0,82.103966,8.103966
train,6,115,73.0,82.514366,9.514366
train,6,116,72.0,89.25418,17.25418
train,6,117,71.0,89.55297,18.55297
train,6,118,70.0,82.16659,12.166588
train,6,119,69.0,80.51682,11.516823
train,6,120,68.0,77.553,9.553001
train,6,121,67.0,80.110176,13.110176
train,6,122,66.0,75.67597,9.675972
train,6,123,65.0,68.99616,3.9961624
train,6,124,64.0,63.206005,-0.7939949
train,6,125,63.0,66.35525,3.3552475
train,6,126,62.0,53.422832,-8.5771675
train,6,127,61.0,52.449165,-8.550835
train,6,128,60.0,56.238956,-3.7610435
train,6,129,59.0,59.797417,0.7974167
train,6,130,58.0,53.635555,-4.3644447
train,6,131,57.0,50.482388,-6.5176125
train,6,132,56.0,52.582882,-3.417118
train,6,133,55.0,51.79508,-3.2049217
train,6,134,54.0,50.757336,-3.2426643
train,6,135,53.0,50.877716,-2.122284
train,6,136,52.0,55.080994,3.0809937
train,6,137,51.0,52.409977,1.409977
train,6,138,50.0,53.08463,3.084629
train,6,139,49.0,54.016766,5.0167656
train,6,140,48.0,51.832462,3.8324623
train,6,141,47.0,49.655884,2.6558838
train,6,142,46.0,45.487217,-0.51278305
train,6,143,45.0,44.73142,-0.2685814
train,6,144,44.0,43.050617,-0.9493828
train,6,145,43.0,45.041237,2.0412369
train,6,146,42.0,39.66509,-2.3349113
train,6,147,41.0,39.504383,-1.4956169
train,6,148,40.0,35.502052,-4.4979477
train,6,149,39.0,34.285877,-4.714123
train,6,150,38.0,34.49809,-3.5019112
train,6,151,37.0,35.87835,-1.1216507
train,6,152,36.0,37.34447,1.344471
train,6,153,35.0,36.97293,1.9729309
train,6,154,34.0,35.54073,1.5407295
train,6,155,33.0,30.822279,-2.177721
train,6,156,32.0,31.026299,-0.9737015
train,6,157,31.0,30.07116,-0.92884064
train,6,158,30.0,30.15145,0.1514492
train,6,159,29.0,30.977648,1.9776478
train,6,160,28.0,30.06525,2.0652504
train,6,161,27.0,29.231703,2.2317028
train,6,162,26.0,28.877188,2.8771877
train,6,163,25.0,26.57715,1.5771503
train,6,164,24.0,26.196455,2.196455
train,6,165,23.0,24.632935,1.6329346
train,6,166,22.0,22.33454,0.3345394
train,6,167,21.0,21.08278,0.08278084
train,6,168,20.0,18.462221,-1.5377789
train,6,169,19.0,19.272827,0.27282715
train,6,170,18.0,18.12161,0.12161064
train,6,171,17.0,17.46554,0.46553993
train,6,172,16.0,16.484726,0.48472595
train,6,173,15.0,16.440538,1.4405384
train,6,174,14.0,15.455059,1.455059
train,6,175,13.0,13.631524,0.6315241
train,6,176,12.0,13.032897,1.032897
train,6,177,11.0,11.348535,0.34853458
train,6,178,10.0,11.078195,1.0781946
train,6,179,9.0,9.51414,0.5141401
train,6,180,8.0,9.912103,1.9121027
train,6,181,7.0,8.667194,1.6671944
train,6,182,6.0,7.061966,1.061966
train,6,183,5.0,6.3284044,1.3284044
train,6,184,4.0,5.788303,1.7883029
train,6,185,3.0,5.5940228,2.5940228
train,6,186,2.0,2.8890362,0.8890362
train,6,187,1.0,1.4196023,0.41960227
train,6,188,0.0,0.5069152,0.5069152
train,7,30,229.0,139.44135,-89.558655
train,7,31,228.0,140.68535,-87.31465
train,7,32,227.0,143.21477,-83.78523
train,7,33,226.0,142.85738,-83.142624
train,7,34,225.0,141.93495,-83.06505
train,7,35,224.0,142.49883,-81.501175
train,7,36,223.0,141.64044,-81.35956
train,7,37,222.0,144.52641,-77.47359
train,7,38,221.0,143.763,-77.237
train,7,39,220.0,139.06064,-80.93936
train,7,40,219.0,140.21996,-78.780045
train,7,41,218.0,141.85536,-76.14464
train,7,42,217.0,137.79167,-79.20833
train,7,43,216.0,139.04118,-76.95882
train,7,44,215.0,139.51105,-75.48895
train,7,45,214.0,137.44527,-76.55473
train,7,46,213.0,140.50154,-72.49846
train,7,47,212.0,143.64479,-68.35521
train,7,48,211.0,144.70753,-66.292465
train,7,49,210.0,143.80382,-66.19618
train,7,50,209.0,143.04738,-65.95262
train,7,51,208.0,138.0602,-69.939804
train,7,52,207.0,137.05003,-69.94997
train,7,53,206.0,128.8631,-77.1369
train,7,54,205.0,127.30013,-77.69987
train,7,55,204.0,126.724754,-77.275246
train,7,56,203.0,132.47987,-70.52013
train,7,57,202.0,133.08388,-68.91612
train,7,58,201.0,131.45935,-69.54065
train,7,59,200.0,136.4304,-63.569595
train,7,60,199.0,136.72905,-62.27095
train,7,61,198.0,136.02567,-61.974335
train,7,62,197.0,135.9678,-61.032196
train,7,63,196.0,137.7551,-58.244904
train,7,64,195.0,140.88466,-54.11534
train,7,65,194.0,142.16354,-51.836456
train,7,66,193.0,143.21217,-49.787827
train,7,67,192.0,139.50963,-52.49037
train,7,68,191.0,139.51915,-51.48085
train,7,69,190.0,126.47812,-63.52188
train,7,70,189.0,134.73566,-54.264343
train,7,71,188.0,135.09526,-52.90474
train,7,72,187.0,141.39891,-45.60109
train,7,73,186.0,142.14336,-43.856644
train,7,74,185.0,140.17778,-44.82222
train,7,75,184.0,140.08238,-43.917618
train,7,76,183.0,138.6955,-44.304504
train,7,77,182.0,131.1592,-50.840805
train,7,78,181.0,127.520134,-53.479866
train,7,79,180.0,116.05625,-63.94375
train,7,80,179.0,108.19725,-70.80275
train,7,81,178.0,114.23383,-63.766167
train,7,82,177.0,118.09647,-58.903526
train,7,83,176.0,115.86257,-60.13743
train,7,84,175.0,109.90707,-65.09293
train,7,85,174.0,114.94979,-59.05021
train,7,86,173.0,114.89478,-58.105217
train,7,87,172.0,120.91132,-51.088676
train,7,88,171.0,106.96415,-64.03585
train,7,89,170.0,99.79126,-70.20874
train,7,90,169.0,107.43105,-61.568947
train,7,91,168.0,113.76983,-54.23017
train,7,92,167.0,122.36517,-44.634827
train,7,93,166.0,112.862114,-53.137886
train,7,94,165.0,107.370964,-57.629036
train,7,95,164.0,114.88711,-49.112892
train,7,96,163.0,124.80811,-38.191887
train,7,97,162.0,134.43614,-27.563858
train,7,98,161.0,135.92203,-25.077972
train,7,99,160.0,125.22118,-34.778816
train,7,100,159.0,119.956955,-39.043045
train,7,101,158.0,120.59006,-37.409943
train,7,102,157.0,119.14903,-37.850967
train,7,103,156.0,115.53855,-40.46145
train,7,104,155.0,112.027565,-42.972435
train,7,105,154.0,112.75757,-41.24243
train,7,106,153.0,118.58982,-34.41018
train,7,107,152.0,112.947205,-39.052795
train,7,108,151.0,116.46955,-34.53045
train,7,109,150.0,122.75422,-27.24578
train,7,110,149.0,118.12406,-30.875938
train,7,111,148.0,113.645195,-34.354805
train,7,112,147.0,120.416214,-26.583786
train,7,113,146.0,118.36595,-27.634048
train,7,114,145.0,112.151245,-32.848755
train,7,115,144.0,110.069565,-33.930435
train,7,116,143.0,105.86508,-37.13492
train,7,117,142.0,98.09488,-43.90512
train,7,118,141.0,92.50121,-48.498787
train,7,119,140.0,98.51612,-41.48388
train,7,120,139.0,104.14819,-34.851807
train,7,121,138.0,105.26596,-32.73404
train,7,122,137.0,103.40654,-33.59346
train,7,123,136.0,106.427765,-29.572235
train,7,124,135.0,99.8966,-35.1034
train,7,125,134.0,99.787636,-34.212364
train,7,126,133.0,103.095825,-29.904175
train,7,127,132.0,106.05663,-25.943367
train,7,128,131.0,103.92961,-27.070389
train,7,129,130.0,104.45944,-25.540558
train,7,130,129.0,118.73751,-10.262489
train,7,131,128.0,124.27833,-3.721672
train,7,132,127.0,115.205574,-11.794426
train,7,133,126.0,105.292854,-20.707146
train,7,134,125.0,96.945045,-28.054955
train,7,135,124.0,98.39481,-25.605186
train,7,136,123.0,94.71169,-28.288307
train,7,137,122.0,90.65727,-31.342728
train,7,138,121.0,85.0418,-35.9582
train,7,139,120.0,94.01215,-25.987846
train,7,140,119.0,99.338615,-19.661385
train,7,141,118.0,102.20464,-15.795357
train,7,142,117.0,104.966774,-12.033226
train,7,143,116.0,103.62204,-12.37796
train,7,144,115.0,102.27565,-12.72435
train,7,145,114.0,103.543015,-10.456985
train,7,146,113.0,99.70271,-13.297287
train,7,147,112.0,92.26144,-19.738564
train,7,148,111.0,87.44364,-23.556358
train,7,149,110.0,81.524536,-28.475464
train,7,150,109.0,73.83164,-35.168358
train,7,151,108.0,76.67604,-31.32396
train,7,152,107.0,84.57851,-22.421494
train,7,153,106.0,82.43453,-23.565468
train,7,154,105.0,78.95095,-26.04905
train,7,155,104.0,82.480606,-21.519394
train,7,156,103.0,84.141106,-18.858894
train,7,157,102.0,82.32416,-19.675842
train,7,158,101.0,81.01915,-19.98085
train,7,159,100.0,77.88418,-22.115822
train,7,160,99.0,86.55108,-12.448921
train,7,161,98.0,94.1972,-3.802803
train,7,162,97.0,83.45322,-13.546783
train,7,163,96.0,73.90908,-22.09092
train,7,164,95.0,75.44906,-19.550941
train,7,165,94.0,80.25417,-13.745827
train,7,166,93.0,78.70338,-14.296623
train,7,167,92.0,77.07189,-14.928108
train,7,168,91.0,75.81863,-15.181374
train,7,169,90.0,91.76531,1.7653122
train,7,170,89.0,103.528824,14.528824
train,7,171,88.0,97.28377,9.283768
train,7,172,87.0,78.76508,-8.234917
train,7,173,86.0,76.10168,-9.898323
train,7,174,85.0,82.47152,-2.5284805
train,7,175,84.0,73.68394,-10.316063
train,7,176,83.0,66.11078,-16.889221
train,7,177,82.0,68.30481,-13.69519
train,7,178,81.0,69.150764,-11.849236
train,7,179,80.0,62.827423,-17.172577
train,7,180,79.0,61.88126,-17.11874
train,7,181,78.0,60.449245,-17.550755
train,7,182,77.0,66.52468,-10.475319
train,7,183,76.0,67.89109,-8.10891
train,7,184,75.0,68.62348,-6.3765182
train,7,185,74.0,70.380455,-3.619545
train,7,186,73.0,68.141106,-4.8588943
train,7,187,72.0,65.00933,-6.9906693
train,7,188,71.0,56.339085,-14.660915
train,7,189,70.0,53.223236,-16.776764
train,7,190,69.0,54.793217,-14.206783
train,7,191,68.0,50.086063,-17.913937
train,7,192,67.0,53.78442,-13.21558
train,7,193,66.0,55.802715,-10.197285
train,7,194,65.0,56.632267,-8.367733
train,7,195,64.0,53.12251,-10.877491
train,7,196,63.0,45.331394,-17.668606
train,7,197,62.0,48.81142,-13.18858
train,7,198,61.0,52.94734,-8.052662
train,7,199,60.0,55.001377,-4.998623
train,7,200,59.0,57.914288,-1.0857124
train,7,201,58.0,61.35497,3.354969
train,7,202,57.0,56.59105,-0.4089508
train,7,203,56.0,62.518047,6.5180473
train,7,204,55.0,62.74366,7.74366
train,7,205,54.0,59.60503,5.60503
train,7,206,53.0,64.68655,11.686546
train,7,207,52.0,62.334038,10.334038
train,7,208,51.0,63.015633,12.015633
train,7,209,50.0,57.741962,7.7419624
train,7,210,49.0,54.705082,5.705082
train,7,211,48.0,54.19495,6.19495
train,7,212,47.0,57.133812,10.133812
train,7,213,46.0,46.581543,0.58154297
train,7,214,45.0,48.5197,3.519699
train,7,215,44.0,55.772655,11.7726555
train,7,216,43.0,48.300686,5.300686
train,7,217,42.0,38.161625,-3.838375
train,7,218,41.0,31.840128,-9.159872
train,7,219,40.0,32.655563,-7.3444366
train,7,220,39.0,38.688183,-0.31181717
train,7,221,38.0,36.14285,-1.857151
train,7,222,37.0,32.690952,-4.3090477
train,7,223,36.0,36.137524,0.13752365
train,7,224,35.0,32.93568,-2.0643196
train,7,225,34.0,31.6869,-2.3131008
train,7,226,33.0,29.19977,-3.80023
train,7,227,32.0,28.784073,-3.2159271
train,7,228,31.0,29.552113,-1.4478874
train,7,229,30.0,25.447596,-4.5524044
train,7,230,29.0,24.243185,-4.756815
train,7,231,28.0,28.960283,0.9602833
train,7,232,27.0,28.469099,1.469099
train,7,233,26.0,29.415815,3.4158154
train,7,234,25.0,28.326065,3.326065
train,7,235,24.0,28.511204,4.511204
train,7,236,23.0,33.3934,10.393398
train,7,237,22.0,32.643856,10.643856
train,7,238,21.0,34.08827,13.088268
train,7,239,20.0,30.220373,10.220373
train,7,240,19.0,26.494436,7.4944363
train,7,241,18.0,22.782917,4.782917
train,7,242,17.0,23.829111,6.829111
train,7,243,16.0,18.472803,2.472803
train,7,244,15.0,17.122961,2.122961
train,7,245,14.0,17.195986,3.1959858
train,7,246,13.0,16.236666,3.2366657
train,7,247,12.0,12.634993,0.6349926
train,7,248,11.0,11.228129,0.22812939
train,7,249,10.0,11.662993,1.6629934
train,7,250,9.0,11.248565,2.2485647
train,7,251,8.0,9.500273,1.5002728
train,7,252,7.0,5.954892,-1.0451078
train,7,253,6.0,6.0742292,0.07422924
train,7,254,5.0,4.367209,-0.63279104
train,7,255,4.0,5.66204,1.6620402
train,7,256,3.0,5.8201523,2.8201523
train,7,257,2.0,2.5698023,0.5698023
train,7,258,1.0,1.9000257,0.9000257
train,7,259,0.0,3.6323237,3.6323237
train,8,30,120.0,141.28667,21.286667
train,8,31,119.0,141.7002,22.700195
train,8,32,118.0,138.5001,20.500107
train,8,33,117.0,138.79713,21.797134
train,8,34,116.0,136.69196,20.691956
train,8,35,115.0,139.22589,24.225891
train,8,36,114.0,137.63078,23.630783
train,8,37,113.0,140.86601,27.866013
train,8,38,112.0,141.02536,29.02536
train,8,39,111.0,139.02814,28.028137
train,8,40,110.0,128.72295,18.722946
train,8,41,109.0,109.641945,0.6419449
train,8,42,108.0,105.99821,-2.001793
train,8,43,107.0,111.80525,4.805252
train,8,44,106.0,111.763336,5.763336
train,8,45,105.0,124.53994,19.53994
train,8,46,104.0,135.38231,31.382309
train,8,47,103.0,131.63586,28.635864
train,8,48,102.0,130.13435,28.134354
train,8,49,101.0,131.98819,30.98819
train,8,50,100.0,119.80804,19.808037
train,8,51,99.0,107.33398,8.333977
train,8,52,98.0,107.95921,9.959213
train,8,53,97.0,109.43629,12.436287
train,8,54,96.0,113.799095,17.799095
train,8,55,95.0,110.94216,15.942162
train,8,56,94.0,127.00289,33.00289
train,8,57,93.0,124.774796,31.774796
train,8,58,92.0,113.02688,21.026878
train,8,59,91.0,107.68695,16.68695
train,8,60,90.0,98.995,8.995003
train,8,61,89.0,107.42048,18.420479
train,8,62,88.0,98.52157,10.521568
train,8,63,87.0,93.02776,6.0277634
train,8,64,86.0,85.707756,-0.29224396
train,8,65,85.0,80.211426,-4.788574
train,8,66,84.0,72.68127,-11.318733
train,8,67,83.0,70.46593,-12.534073
train,8,68,82.0,78.600006,-3.399994
train,8,69,81.0,80.29765,-0.7023468
train,8,70,80.0,81.720375,1.7203751
train,8,71,79.0,94.64781,15.647812
train,8,72,78.0,97.309555,19.309555
train,8,73,77.0,97.16965,20.169647
train,8,74,76.0,94.807274,18.807274
train,8,75,75.0,105.122116,30.122116
train,8,76,74.0,106.116264,32.116264
train,8,77,73.0,96.7306,23.730598
train,8,78,72.0,91.49195,19.491951
train,8,79,71.0,88.031105,17.031105
train,8,80,70.0,84.20106,14.201057
train,8,81,69.0,77.06298,8.062981
train,8,82,68.0,74.145134,6.145134
train,8,83,67.0,77.08637,10.086372
train,8,84,66.0,76.53564,10.535637
train,8,85,65.0,70.5326,5.5326004
train,8,86,64.0,64.37092,0.37091827
train,8,87,63.0,58.956608,-4.043392
train,8,88,62.0,52.10142,-9.898579
train,8,89,61.0,58.861298,-2.1387024
train,8,90,60.0,52.38068,-7.61932
train,8,91,59.0,59.124615,0.124614716
train,8,92,58.0,62.41344,4.4134407
train,8,93,57.0,70.01278,13.012779
train,8,94,56.0,66.15066,10.150658
train,8,95,55.0,62.332294,7.3322945
train,8,96,54.0,64.10881,10.10881
train,8,97,53.0,66.1595,13.1595
train,8,98,52.0,66.84908,14.849083
train,8,99,51.0,60.97022,9.970219
train,8,100,50.0,54.184395,4.184395
train,8,101,49.0,53.18413,4.1841316
train,8,102,48.0,53.333218,5.3332176
train,8,103,47.0,56.076786,9.076786
train,8,104,46.0,56.767395,10.767395
train,8,105,45.0,59.055157,14.055157
train,8,106,44.0,55.020626,11.020626
train,8,107,43.0,53.119595,10.119595
train,8,108,42.0,52.36993,10.36993
train,8,109,41.0,48.9194,7.9193993
train,8,110,40.0,48.687748,8.687748
train,8,111,39.0,46.689537,7.689537
train,8,112,38.0,44.95913,6.9591293
train,8,113,37.0,42.800114,5.8001137
train,8,114,36.0,45.209167,9.2091675
train,8,115,35.0,48.337124,13.337124
train,8,116,34.0,46.375385,12.375385
train,8,117,33.0,46.784294,13.784294
train,8,118,32.0,46.110607,14.110607
train,8,119,31.0,46.015556,15.015556
train,8,120,30.0,41.07605,11.07605
train,8,121,29.0,39.760593,10.760593
train,8,122,28.0,34.197712,6.197712
train,8,123,27.0,31.05641,4.05641
train,8,124,26.0,25.843824,-0.15617561
train,8,125,25.0,24.174953,-0.82504654
train,8,126,24.0,22.559675,-1.4403248
train,8,127,23.0,24.785933,1.7859325
train,8,128,22.0,23.288054,1.2880535
train,8,129,21.0,19.763618,-1.2363815
train,8,130,20.0,18.546467,-1.4535332
train,8,131,19.0,17.12729,-1.8727093
train,8,132,18.0,19.39269,1.3926907
train,8,133,17.0,17.901768,0.90176773
train,8,134,16.0,17.05757,1.0575695
train,8,135,15.0,15.803422,0.803422
train,8,136,14.0,15.221132,1.2211323
train,8,137,13.0,13.022267,0.022267342
train,8,138,12.0,14.176085,2.1760855
train,8,139,11.0,13.909677,2.9096766
train,8,140,10.0,14.893377,4.8933773
train,8,141,9.0,14.969116,5.969116
train,8,142,8.0,12.129128,4.1291285
train,8,143,7.0,10.069297,3.0692968
train,8,144,6.0,10.854339,4.8543386
train,8,145,5.0,10.06741,5.0674105
train,8,146,4.0,8.492744,4.4927444
train,8,147,3.0,8.013552,5.0135517
train,8,148,2.0,7.618299,5.618299
train,8,149,1.0,5.5845237,4.5845237
train,8,150,0.0,4.244284,4.244284
train,9,30,171.0,144.81184,-26.188156
train,9,31,170.0,145.28441,-24.715591
train,9,32,169.0,145.52242,-23.477585
train,9,33,168.0,145.0927,-22.907303
train,9,34,167.0,144.84998,-22.150024
train,9,35,166.0,145.46587,-20.534134
train,9,36,165.0,145.25429,-19.745712
train,9,37,164.0,144.59077,-19.409225
train,9,38,163.0,145.38264,-17.617355
train,9,39,162.0,144.90938,-17.090622
train,9,40,161.0,145.12175,-15.87825
train,9,41,160.0,145.17766,-14.822342
train,9,42,159.0,144.28221,-14.717789
train,9,43,158.0,145.22993,-12.770065
train,9,44,157.0,145.04817,-11.951828
train,9,45,156.0,145.36546,-10.634537
train,9,46,155.0,145.76164,-9.238358
train,9,47,154.0,145.79573,-8.204269
train,9,48,153.0,145.79054,-7.2094574
train,9,49,152.0,145.77101,-6.2289886
train,9,50,151.0,145.35075,-5.649246
train,9,51,150.0,145.66621,-4.333786
train,9,52,149.0,145.53029,-3.4697113
train,9,53,148.0,145.48872,-2.5112762
train,9,54,147.0,145.5561,-1.4438934
train,9,55,146.0,145.57596,-0.42404175
train,9,56,145.0,145.36067,0.360672
train,9,57,144.0,145.46191,1.4619141
train,9,58,143.0,144.51765,1.5176544
train,9,59,142.0,145.4416,3.4416046
train,9,60,141.0,145.17958,4.1795807
train,9,61,140.0,145.22667,5.2266693
train,9,62,139.0,143.72267,4.7226715
train,9,63,138.0,143.99132,5.9913177
train,9,64,137.0,144.97527,7.9752655
train,9,65,136.0,144.7603,8.7603
train,9,66,135.0,145.11955,10.119553
train,9,67,134.0,145.32793,11.327927
train,9,68,133.0,145.46738,12.467377
train,9,69,132.0,145.68785,13.687851
train,9,70,131.0,145.29417,14.294174
train,9,71,130.0,144.7277,14.727707
train,9,72,129.0,143.17851,14.178513
train,9,73,128.0,138.45311,10.45311
train,9,74,127.0,134.09068,7.090683
train,9,75,126.0,123.99648,-2.0035172
train,9,76,125.0,126.0507,1.0506973
train,9,77,124.0,126.847694,2.8476944
train,9,78,123.0,131.19862,8.198624
train,9,79,122.0,135.47514,13.475143
train,9,80,121.0,136.50566,15.505661
train,9,81,120.0,136.15944,16.15944
train,9,82,119.0,135.70055,16.700546
train,9,83,118.0,137.61613,19.616135
train,9,84,117.0,139.84163,22.841629
train,9,85,116.0,138.4622,22.462204
train,9,86,115.0,138.4554,23.455399
train,9,87,114.0,144.37651,30.37651
train,9,88,113.0,142.57167,29.57167
train,9,89,112.0,142.92511,30.92511
train,9,90,111.0,143.90033,32.90033
train,9,91,110.0,140.78456,30.784561
train,9,92,109.0,137.49342,28.493423
train,9,93,108.0,136.24663,28.246628
train,9,94,107.0,135.26326,28.26326
train,9,95,106.0,134.17894,28.17894
train,9,96,105.0,131.83946,26.839462
train,9,97,104.0,127.21956,23.219559
train,9,98,103.0,120.40186,17.401863
train,9,99,102.0,115.157295,13.157295
train,9,100,101.0,110.18728,9.187279
train,9,101,100.0,99.183914,-0.8160858
train,9,102,99.0,99.83288,0.8328781
train,9,103,98.0,97.96973,-0.030273438
train,9,104,97.0,95.79919,-1.2008133
train,9,105,96.0,95.18859,-0.811409
train,9,106,95.0,94.26829,-0.73171234
train,9,107,94.0,101.512924,7.512924
train,9,108,93.0,101.858154,8.858154
train,9,109,92.0,102.29651,10.296509
train,9,110,91.0,103.631325,12.631325
train,9,111,90.0,100.269226,10.269226
train,9,112,89.0,96.553276,7.553276
train,9,113,88.0,97.9083,9.908302
train,9,114,87.0,96.24668,9.246681
train,9,115,86.0,94.282295,8.282295
train,9,116,85.0,92.853294,7.8532944
train,9,117,84.0,91.90037,7.9003677
train,9,118,83.0,86.045105,3.045105
train,9,119,82.0,86.83776,4.837761
train,9,120,81.0,86.740906,5.740906
train,9,121,80.0,85.65685,5.6568527
train,9,122,79.0,73.65919,-5.3408127
train,9,123,78.0,70.51667,-7.48333
train,9,124,77.0,69.05707,-7.942932
train,9,125,76.0,64.79884,-11.201157
train,9,126,75.0,70.92501,-4.0749893
train,9,127,74.0,71.43372,-2.5662766
train,9,128,73.0,69.195366,-3.804634
train,9,129,72.0,65.365074,-6.634926
train,9,130,71.0,64.56301,-6.436989
train,9,131,70.0,63.338448,-6.6615524
train,9,132,69.0,63.63076,-5.36924
train,9,133,68.0,66.69898,-1.3010178
train,9,134,67.0,65.51898,-1.4810181
train,9,135,66.0,63.12963,-2.870369
train,9,136,65.0,58.956963,-6.0430374
train,9,137,64.0,58.129364,-5.870636
train,9,138,63.0,60.984123,-2.0158768
train,9,139,62.0,59.880924,-2.1190758
train,9,140,61.0,61.804035,0.8040352
train,9,141,60.0,62.188107,2.1881065
train,9,142,59.0,61.928288,2.9282875
train,9,143,58.0,61.501637,3.5016365
train,9,144,57.0,57.948124,0.94812393
train,9,145,56.0,59.868664,3.8686638
train,9,146,55.0,61.23364,6.233639
train,9,147,54.0,62.83107,8.83107
train,9,148,53.0,59.10758,6.1075783
train,9,149,52.0,63.276955,11.276955
train,9,150,51.0,63.936935,12.936935
train,9,151,50.0,63.995728,13.995728
train,9,152,49.0,60.31297,11.312969
train,9,153,48.0,54.666874,6.666874
train,9,154,47.0,47.92342,0.92341995
train,9,155,46.0,49.32777,3.3277702
train,9,156,45.0,48.54909,3.5490913
train,9,157,44.0,47.53113,3.5311317
train,9,158,43.0,44.800907,1.8009071
train,9,159,42.0,45.784405,3.7844048
train,9,160,41.0,46.589596,5.589596
train,9,161,40.0,46.57445,6.5744514
train,9,162,39.0,42.663593,3.6635933
train,9,163,38.0,40.00281,2.0028114
train,9,164,37.0,42.185337,5.185337
train,9,165,36.0,37.861477,1.8614769
train,9,166,35.0,38.34953,3.3495293
train,9,167,34.0,36.98157,2.9815712
train,9,168,33.0,36.074615,3.0746155
train,9,169,32.0,35.82153,3.8215294
train,9,170,31.0,31.407007,0.40700722
train,9,171,30.0,28.337797,-1.6622028
train,9,172,29.0,29.424671,0.42467117
train,9,173,28.0,31.152664,3.1526642
train,9,174,27.0,27.777626,0.77762604
train,9,175,26.0,28.267618,2.2676182
train,9,176,25.0,28.092068,3.0920677
train,9,177,24.0,26.092535,2.092535
train,9,178,23.0,25.143843,2.1438427
train,9,179,22.0,23.757551,1.7575512
train,9,180,21.0,22.837095,1.8370953
train,9,181,20.0,21.986553,1.9865532
train,9,182,19.0,20.358568,1.3585682
train,9,183,18.0,20.273958,2.2739582
train,9,184,17.0,18.361092,1.3610916
train,9,185,16.0,17.425367,1.4253674
train,9,186,15.0,17.400534,2.4005337
train,9,187,14.0,15.279914,1.2799139
train,9,188,13.0,13.000576,0.0005760193
train,9,189,12.0,13.480418,1.4804182
train,9,190,11.0,12.245612,1.2456121
train,9,191,10.0,11.356343,1.3563433
train,9,192,9.0,9.25071,0.25070953
train,9,193,8.0,9.122563,1.1225634
train,9,194,7.0,9.081015,2.0810146
train,9,195,6.0,7.4274483,1.4274483
train,9,196,5.0,8.459068,3.4590683
train,9,197,4.0,7.8310256,3.8310256
train,9,198,3.0,6.9852257,3.9852257
train,9,199,2.0,6.48906,4.48906
train,9,200,1.0,4.7669353,3.7669353
train,9,201,0.0,2.9511905,2.9511905
train,10,30,192.0,145.90326,-46.09674
train,10,31,191.0,145.9166,-45.083405
train,10,32,190.0,145.97879,-44.02121
train,10,33,189.0,145.91951,-43.08049
train,10,34,188.0,145.95879,-42.041214
train,10,35,187.0,145.87735,-41.12265
train,10,36,186.0,145.92961,-40.07039
train,10,37,185.0,145.95515,-39.044846
train,10,38,184.0,145.93883,-38.061172
train,10,39,183.0,146.00304,-36.996964
train,10,40,182.0,145.96683,-36.033173
train,10,41,181.0,146.00566,-34.99434
train,10,42,180.0,146.00444,-33.99556
train,10,43,179.0,146.03984,-32.96016
train,10,44,178.0,146.02455,-31.975449
train,10,45,177.0,145.99608,-31.003922
train,10,46,176.0,145.98575,-30.014252
train,10,47,175.0,145.95242,-29.047577
train,10,48,174.0,145.98064,-28.019363
train,10,49,173.0,145.96577,-27.034225
train,10,50,172.0,145.87047,-26.129532
train,10,51,171.0,145.98488,-25.015121
train,10,52,170.0,145.85657,-24.143433
train,10,53,169.0,145.85884,-23.14116
train,10,54,168.0,145.94527,-22.054733
train,10,55,167.0,145.96773,-21.032272
train,10,56,166.0,145.88844,-20.111557
train,10,57,165.0,145.88882,-19.111176
train,10,58,164.0,145.87369,-18.126312
train,10,59,163.0,145.69176,-17.308243
train,10,60,162.0,145.84715,-16.152847
train,10,61,161.0,145.9384,-15.0616
train,10,62,160.0,145.68779,-14.31221
train,10,63,159.0,145.71104,-13.288956
train,10,64,158.0,145.89345,-12.106552
train,10,65,157.0,145.69556,-11.304443
train,10,66,156.0,145.72209,-10.277908
train,10,67,155.0,145.78078,-9.219223
train,10,68,154.0,145.73796,-8.262039
train,10,69,153.0,145.74748,-7.2525177
train,10,70,152.0,145.78159,-6.2184143
train,10,71,151.0,145.67732,-5.3226776
train,10,72,150.0,145.58887,-4.411133
train,10,73,149.0,145.75449,-3.245514
train,10,74,148.0,145.73758,-2.2624207
train,10,75,147.0,145.85762,-1.1423798
train,10,76,146.0,145.56804,-0.43196106
train,10,77,145.0,145.69154,0.6915436
train,10,78,144.0,145.88573,1.8857269
train,10,79,143.0,145.81656,2.8165588
train,10,80,142.0,145.93227,3.9322662
train,10,81,141.0,145.9583,4.9582977
train,10,82,140.0,145.79436,5.7943573
train,10,83,139.0,144.60805,5.6080475
train,10,84,138.0,144.7301,6.7301025
train,10,85,137.0,145.36333,8.363327
train,10,86,136.0,145.66731,9.667313
train,10,87,135.0,145.48259,10.48259
train,10,88,134.0,144.21935,10.219345
train,10,89,133.0,145.1599,12.159897
train,10,90,132.0,145.62294,13.62294
train,10,91,131.0,145.51648,14.5164795
train,10,92,130.0,145.47844,15.478439
train,10,93,129.0,144.88875,15.888748
train,10,94,128.0,145.5367,17.536697
train,10,95,127.0,145.51277,18.512772
train,10,96,126.0,144.94283,18.942825
train,10,97,125.0,144.98613,19.98613
train,10,98,124.0,144.14742,20.147415
train,10,99,123.0,145.42401,22.424011
train,10,100,122.0,145.6152,23.615204
train,10,101,121.0,145.83134,24.831345
train,10,102,120.0,145.75645,25.756454
train,10,103,119.0,145.66728,26.667282
train,10,104,118.0,144.9579,26.957901
train,10,105,117.0,144.64703,27.647034
train,10,106,116.0,145.29677,29.296768
train,10,107,115.0,145.08229,30.08229
train,10,108,114.0,145.01051,31.010513
train,10,109,113.0,145.38864,32.38864
train,10,110,112.0,145.39969,33.39969
train,10,111,111.0,145.08101,34.08101
train,10,112,110.0,142.54366,32.543655
train,10,113,109.0,143.61925,34.619247
train,10,114,108.0,136.67757,28.677567
train,10,115,107.0,129.40306,22.40306
train,10,116,106.0,128.55666,22.556656
train,10,117,105.0,121.64352,16.643517
train,10,118,104.0,109.7004,5.7004013
train,10,119,103.0,110.295135,7.2951355
train,10,120,102.0,109.08516,7.0851593
train,10,121,101.0,112.895,11.894997
train,10,122,100.0,108.27336,8.273361
train,10,123,99.0,106.03758,7.0375824
train,10,124,98.0,105.946815,7.9468155
train,10,125,97.0,108.672295,11.672295
train,10,126,96.0,100.92541,4.9254074
train,10,127,95.0,93.98029,-1.0197067
train,10,128,94.0,86.34243,-7.65757
train,10,129,93.0,81.73242,-11.267578
train,10,130,92.0,78.19669,-13.803307
train,10,131,91.0,84.68789,-6.312111
train,10,132,90.0,90.60883,0.6088333
train,10,133,89.0,90.71366,1.7136612
train,10,134,88.0,92.81739,4.8173904
train,10,135,87.0,91.1576,4.1576004
train,10,136,86.0,94.42269,8.422691
train,10,137,85.0,94.96261,9.962608
train,10,138,84.0,92.09842,8.098419
train,10,139,83.0,91.68115,8.681152
train,10,140,82.0,88.539795,6.539795
train,10,141,81.0,85.20447,4.204468
train,10,142,80.0,82.097626,2.0976257
train,10,143,79.0,86.30343,7.3034286
train,10,144,78.0,85.8775,7.8775024
train,10,145,77.0,83.82309,6.8230896
train,10,146,76.0,82.64954,6.649544
train,10,147,75.0,82.79612,7.7961197
train,10,148,74.0,82.51054,8.510536
train,10,149,73.0,86.0837,13.083702
train,10,150,72.0,94.07533,22.075333
train,10,151,71.0,97.38736,26.38736
train,10,152,70.0,85.375465,15.375465
train,10,153,69.0,88.499825,19.499825
train,10,154,68.0,98.63202,30.632019
train,10,155,67.0,93.679344,26.679344
train,10,156,66.0,77.81828,11.818283
train,10,157,65.0,69.453865,4.453865
train,10,158,64.0,60.616604,-3.3833961
train,10,159,63.0,56.64538,-6.354622
train,10,160,62.0,54.799145,-7.2008553
train,10,161,61.0,58.06132,-2.9386787
train,10,162,60.0,57.8546,-2.145401
train,10,163,59.0,53.282608,-5.717392
train,10,164,58.0,48.547733,-9.452267
train,10,165,57.0,55.97874,-1.0212593
train,10,166,56.0,51.02015,-4.979851
train,10,167,55.0,49.477615,-5.5223846
train,10,168,54.0,51.33723,-2.6627693
train,10,169,53.0,48.423054,-4.5769463
train,10,170,52.0,48.124783,-3.8752174
train,10,171,51.0,55.805286,4.8052864
train,10,172,50.0,52.273758,2.273758
train,10,173,49.0,51.890736,2.8907356
train,10,174,48.0,51.55972,3.559719
train,10,175,47.0,43.682922,-3.3170776
train,10,176,46.0,43.8437,-2.1562996
train,10,177,45.0,46.909283,1.9092827
train,10,178,44.0,52.128407,8.128407
train,10,179,43.0,51.068172,8.068172
train,10,180,42.0,49.28184,7.2818413
train,10,181,41.0,46.86422,5.8642197
train,10,182,40.0,41.82014,1.8201408
train,10,183,39.0,40.49796,1.4979591
train,10,184,38.0,44.082226,6.082226
train,10,185,37.0,54.27843,17.27843
train,10,186,36.0,48.00767,12.007671
train,10,187,35.0,42.032784,7.0327835
train,10,188,34.0,36.83921,2.8392105
train,10,189,33.0,37.5312,4.5312004
train,10,190,32.0,36.88297,4.882969
train,10,191,31.0,37.381268,6.3812675
train,10,192,30.0,35.222103,5.222103
train,10,193,29.0,29.990374,0.9903736
train,10,194,28.0,23.961096,-4.038904
train,10,195,27.0,24.182596,-2.8174038
train,10,196,26.0,23.528479,-2.4715214
train,10,197,25.0,23.995329,-1.0046711
train,10,198,24.0,20.972864,-3.0271358
train,10,199,23.0,22.473757,-0.5262432
train,10,200,22.0,17.574202,-4.4257984
train,10,201,21.0,21.07477,0.074769974
train,10,202,20.0,19.674883,-0.3251171
train,10,203,19.0,18.715784,-0.28421593
train,10,204,18.0,15.953177,-2.0468225
train,10,205,17.0,15.7516,-1.2483997
train,10,206,16.0,15.243629,-0.75637054
train,10,207,15.0,17.009119,2.009119
train,10,208,14.0,20.054243,6.054243
train,10,209,13.0,22.92631,9.92631
train,10,210,12.0,20.440088,8.440088
train,10,211,11.0,20.109802,9.109802
train,10,212,10.0,17.848497,7.8484974
train,10,213,9.0,14.72585,5.72585
train,10,214,8.0,12.809264,4.809264
train,10,215,7.0,11.086667,4.086667
train,10,216,6.0,10.681561,4.6815615
train,10,217,5.0,10.067674,5.0676737
train,10,218,4.0,8.458688,4.458688
train,10,219,3.0,8.029295,5.029295
train,10,220,2.0,6.5271797,4.5271797
train,10,221,1.0,6.2266927,5.2266927
train,10,222,0.0,5.845707,5.845707
train,11,30,210.0,145.94829,-64.05171
train,11,31,209.0,145.9617,-63.0383
train,11,32,208.0,145.66849,-62.331512
train,11,33,207.0,145.9715,-61.028503
train,11,34,206.0,145.91258,-60.087418
train,11,35,205.0,145.97816,-59.021835
train,11,36,204.0,145.64975,-58.35025
train,11,37,203.0,145.91255,-57.08745
train,11,38,202.0,145.9753,-56.024704
train,11,39,201.0,145.93687,-55.063126
train,11,40,200.0,145.80473,-54.195267
train,11,41,199.0,145.91019,-53.089813
train,11,42,198.0,145.57457,-52.42543
train,11,43,197.0,145.91296,-51.087036
train,11,44,196.0,145.83997,-50.160034
train,11,45,195.0,145.88527,-49.11473
train,11,46,194.0,145.6976,-48.3024
train,11,47,193.0,145.4875,-47.512497
train,11,48,192.0,145.50212,-46.49788
train,11,49,191.0,145.81523,-45.18477
train,11,50,190.0,144.4712,-45.528793
train,11,51,189.0,144.94579,-44.054214
train,11,52,188.0,145.69478,-42.30522
train,11,53,187.0,145.84892,-41.151077
train,11,54,186.0,145.82344,-40.17656
train,11,55,185.0,145.80289,-39.197113
train,11,56,184.0,145.56436,-38.43564
train,11,57,183.0,145.69522,-37.30478
train,11,58,182.0,145.41609,-36.583908
train,11,59,181.0,145.44394,-35.55606
train,11,60,180.0,145.50414,-34.495865
train,11,61,179.0,145.86009,-33.139908
train,11,62,178.0,145.69792,-32.30208
train,11,63,177.0,145.8929,-31.107101
train,11,64,176.0,145.89647,-30.10353
train,11,65,175.0,145.54535,-29.45465
train,11,66,174.0,145.70076,-28.29924
train,11,67,173.0,145.80406,-27.195938
train,11,68,172.0,145.57796,-26.422043
train,11,69,171.0,145.29512,-25.70488
train,11,70,170.0,144.79335,-25.20665
train,11,71,169.0,145.36761,-23.632385
train,11,72,168.0,144.58908,-23.41092
train,11,73,167.0,144.87646,-22.123535
train,11,74,166.0,142.87553,-23.124466
train,11,75,165.0,144.39021,-20.609787
train,11,76,164.0,144.79657,-19.20343
train,11,77,163.0,144.93303,-18.06697
train,11,78,162.0,145.24997,-16.75003
train,11,79,161.0,144.62793,-16.37207
train,11,80,160.0,144.95113,-15.048874
train,11,81,159.0,145.3563,-13.643707
train,11,82,158.0,145.11392,-12.886078
train,11,83,157.0,144.77628,-12.223724
train,11,84,156.0,144.5509,-11.449097
train,11,85,155.0,144.7902,-10.209793
train,11,86,154.0,143.71175,-10.288254
train,11,87,153.0,143.90236,-9.097641
train,11,88,152.0,143.21875,-8.78125
train,11,89,151.0,142.56326,-8.436737
train,11,90,150.0,142.378,-7.621994
train,11,91,149.0,132.11562,-16.884384
train,11,92,148.0,137.95528,-10.0447235
train,11,93,147.0,139.12013,-7.8798676
train,11,94,146.0,138.29153,-7.7084656
train,11,95,145.0,138.9537,-6.046295
train,11,96,144.0,140.68303,-3.3169708
train,11,97,143.0,144.19777,1.1977692
train,11,98,142.0,143.45963,1.4596252
train,11,99,141.0,143.0338,2.0337982
train,11,100,140.0,143.39026,3.3902588
train,11,101,139.0,144.82579,5.8257904
train,11,102,138.0,143.6483,5.6483
train,11,103,137.0,143.01323,6.0132294
train,11,104,136.0,142.43416,6.4341583
train,11,105,135.0,141.75383,6.75383
train,11,106,134.0,137.84186,3.841858
train,11,107,133.0,145.34088,12.340881
train,11,108,132.0,145.07155,13.071548
train,11,109,131.0,145.38725,14.387253
train,11,110,130.0,145.21968,15.219681
train,11,111,129.0,145.55235,16.552353
train,11,112,128.0,145.59868,17.598679
train,11,113,127.0,145.56999,18.569992
train,11,114,126.0,144.98753,18.987534
train,11,115,125.0,145.17032,20.170319
train,11,116,124.0,145.33066,21.330658
train,11,117,123.0,144.2822,21.282196
train,11,118,122.0,143.44072,21.44072
train,11,119,121.0,142.50307,21.503067
train,11,120,120.0,144.10292,24.10292
train,11,121,119.0,143.00587,24.005875
train,11,122,118.0,126.29314,8.293137
train,11,123,117.0,107.93077,-9.069229
train,11,124,116.0,104.224556,-11.775444
train,11,125,115.0,102.45951,-12.540489
train,11,126,114.0,105.64556,-8.354439
train,11,127,113.0,113.570854,0.5708542
train,11,128,112.0,111.864784,-0.13521576
train,11,129,111.0,106.33134,-4.668663
train,11,130,110.0,104.21499,-5.7850113
train,11,131,109.0,110.378944,1.3789444
train,11,132,108.0,115.39872,7.39872
train,11,133,107.0,121.39186,14.391861
train,11,134,106.0,115.81921,9.819206
train,11,135,105.0,99.81231,-5.1876907
train,11,136,104.0,98.81176,-5.18824
train,11,137,103.0,103.22184,0.2218399
train,11,138,102.0,102.58878,0.58878326
train,11,139,101.0,98.89305,-2.1069489
train,11,140,100.0,100.29681,0.29680634
train,11,141,99.0,97.12607,-1.8739319
train,11,142,98.0,107.06875,9.068748
train,11,143,97.0,109.76219,12.762192
train,11,144,96.0,106.79226,10.792259
train,11,145,95.0,96.87974,1.8797379
train,11,146,94.0,97.31744,3.3174362
train,11,147,93.0,89.22642,-3.7735825
train,11,148,92.0,81.9259,-10.074097
train,11,149,91.0,71.77411,-19.225891
train,11,150,90.0,74.86013,-15.13987
train,11,151,89.0,78.93799,-10.062012
train,11,152,88.0,75.28838,-12.7116165
train,11,153,87.0,69.91472,-17.085281
train,11,154,86.0,71.90972,-14.090279
train,11,155,85.0,74.59865,-10.401352
train,11,156,84.0,76.79392,-7.2060776
train,11,157,83.0,80.33751,-2.6624908
train,11,158,82.0,77.755104,-4.244896
train,11,159,81.0,78.06976,-2.9302368
train,11,160,80.0,73.3384,-6.661598
train,11,161,79.0,75.056114,-3.9438858
train,11,162,78.0,72.605545,-5.394455
train,11,163,77.0,75.34364,-1.6563568
train,11,164,76.0,76.03777,0.037773132
train,11,165,75.0,67.39707,-7.602928
train,11,166,74.0,68.14294,-5.8570633
train,11,167,73.0,66.978836,-6.021164
train,11,168,72.0,66.41338,-5.5866165
train,11,169,71.0,69.63851,-1.3614883
train,11,170,70.0,73.42187,3.4218674
train,11,171,69.0,70.447,1.4469986
train,11,172,68.0,71.24169,3.2416916
train,11,173,67.0,73.01277,6.0127716
train,11,174,66.0,71.19976,5.1997604
train,11,175,65.0,70.17905,5.1790466
train,11,176,64.0,75.42245,11.422447
train,11,177,63.0,73.25959,10.25959
train,11,178,62.0,70.34076,8.340759
train,11,179,61.0,60.632137,-0.3678627
train,11,180,60.0,59.589264,-0.41073608
train,11,181,59.0,57.450222,-1.549778
train,11,182,58.0,58.907085,0.9070854
train,11,183,57.0,60.31419,3.31419
train,11,184,56.0,53.90952,-2.0904808
train,11,185,55.0,52.59334,-2.4066582
train,11,186,54.0,51.44735,-2.5526505
train,11,187,53.0,53.029705,0.029705048
train,11,188,52.0,49.074657,-2.9253426
train,11,189,51.0,46.0734,-4.9266014
train,11,190,50.0,45.1188,-4.881199
train,11,191,49.0,48.05535,-0.94464874
train,11,192,48.0,50.15154,2.1515388
train,11,193,47.0,49.57403,2.5740318
train,11,194,46.0,47.27545,1.2754517
train,11,195,45.0,38.539062,-6.4609375
train,11,196,44.0,36.212734,-7.787266
train,11,197,43.0,38.450554,-4.549446
train,11,198,42.0,35.781845,-6.218155
train,11,199,41.0,34.46735,-6.53265
train,11,200,40.0,32.873604,-7.126396
train,11,201,39.0,34.19284,-4.8071594
train,11,202,38.0,30.799093,-7.2009068
train,11,203,37.0,32.883663,-4.116337
train,11,204,36.0,30.322466,-5.677534
train,11,205,35.0,29.759205,-5.240795
train,11,206,34.0,31.401636,-2.5983639
train,11,207,33.0,31.47599,-1.5240097
train,11,208,32.0,32.849976,0.8499756
train,11,209,31.0,31.826372,0.82637215
train,11,210,30.0,29.583416,-0.416584
train,11,211,29.0,30.089537,1.0895367
train,11,212,28.0,29.137035,1.1370354
train,11,213,27.0,25.874575,-1.1254253
train,11,214,26.0,23.556143,-2.4438572
train,11,215,25.0,24.701193,-0.29880714
train,11,216,24.0,23.582283,-0.41771698
train,11,217,23.0,27.215137,4.2151375
train,11,218,22.0,24.239176,2.2391758
train,11,219,21.0,20.83786,-0.1621399
train,11,220,20.0,18.738707,-1.2612934
train,11,221,19.0,20.139135,1.1391354
train,11,222,18.0,19.550127,1.550127
train,11,223,17.0,17.918167,0.9181671
train,11,224,16.0,19.579851,3.5798512
train,11,225,15.0,17.75197,2.7519703
train,11,226,14.0,14.793107,0.79310703
train,11,227,13.0,14.394259,1.3942595
train,11,228,12.0,12.137126,0.13712597
train,11,229,11.0,11.626056,0.6260557
train,11,230,10.0,11.001069,1.0010691
train,11,231,9.0,9.640139,0.6401386
train,11,232,8.0,8.291857,0.29185677
train,11,233,7.0,9.950698,2.950698
train,11,234,6.0,8.10993,2.10993
train,11,235,5.0,7.9344516,2.9344516
train,11,236,4.0,6.7994494,2.7994494
train,11,237,3.0,6.302668,3.302668
train,11,238,2.0,4.36237,2.36237
train,11,239,1.0,4.5516834,3.5516834
train,11,240,0.0,3.2967095,3.2967095
train,12,30,140.0,142.1176,2.1175995
train,12,31,139.0,142.58788,3.5878754
train,12,32,138.0,141.16911,3.1691132
train,12,33,137.0,142.59412,5.594116
train,12,34,136.0,141.71217,5.7121735
train,12,35,135.0,141.5176,6.5175934
train,12,36,134.0,140.80348,6.803482
train,12,37,133.0,139.50215,6.5021515
train,12,38,132.0,140.34874,8.34874
train,12,39,131.0,141.118,10.117996
train,12,40,130.0,132.96944,2.9694366
train,12,41,129.0,112.59174,-16.408257
train,12,42,128.0,105.087006,-22.912994
train,12,43,127.0,106.025246,-20.974754
train,12,44,126.0,115.643776,-10.356224
train,12,45,125.0,106.14882,-18.851181
train,12,46,124.0,107.11194,-16.888062
train,12,47,123.0,117.871185,-5.1288147
train,12,48,122.0,125.38619,3.3861923
train,12,49,121.0,125.702934,4.7029343
train,12,50,120.0,135.3262,15.326202
train,12,51,119.0,137.21725,18.217255
train,12,52,118.0,141.44406,23.444061
train,12,53,117.0,140.59428,23.594284
train,12,54,116.0,141.46207,25.462067
train,12,55,115.0,139.46648,24.466476
train,12,56,114.0,140.23726,26.237259
train,12,57,113.0,136.34306,23.343063
train,12,58,112.0,141.12004,29.12004
train,12,59,111.0,141.64629,30.646286
train,12,60,110.0,141.48686,31.486862
train,12,61,109.0,141.42534,32.42534
train,12,62,108.0,141.47566,33.475662
train,12,63,107.0,141.59355,34.59355
train,12,64,106.0,141.49094,35.490936
train,12,65,105.0,141.24414,36.24414
train,12,66,104.0,130.78499,26.784988
train,12,67,103.0,122.07837,19.07837
train,12,68,102.0,132.53777,30.537766
train,12,69,101.0,113.5256,12.525597
train,12,70,100.0,109.4331,9.433098
train,12,71,99.0,121.59107,22.591072
train,12,72,98.0,108.84635,10.846352
train,12,73,97.0,106.954445,9.954445
train,12,74,96.0,113.55082,17.55082
train,12,75,95.0,109.316185,14.316185
train,12,76,94.0,104.02929,10.029289
train,12,77,93.0,113.80087,20.800873
train,12,78,92.0,115.06762,23.06762
train,12,79,91.0,116.217476,25.217476
train,12,80,90.0,139.6351,49.6351
train,12,81,89.0,136.22397,47.22397
train,12,82,88.0,133.1013,45.101303
train,12,83,87.0,128.10341,41.10341
train,12,84,86.0,129.22829,43.228287
train,12,85,85.0,122.4448,37.4448
train,12,86,84.0,104.70971,20.70971
train,12,87,83.0,103.073616,20.073616
train,12,88,82.0,104.36082,22.360817
train,12,89,81.0,105.57292,24.572922
train,12,90,80.0,96.65591,16.655907
train,12,91,79.0,90.67393,11.673927
train,12,92,78.0,74.77729,-3.2227097
train,12,93,77.0,71.72383,-5.276169
train,12,94,76.0,70.35595,-5.6440506
train,12,95,75.0,68.10816,-6.891838
train,12,96,74.0,67.50526,-6.4947433
train,12,97,73.0,64.13149,-8.868507
train,12,98,72.0,73.052055,1.0520554
train,12,99,71.0,75.825294,4.8252945
train,12,100,70.0,84.776955,14.776955
train,12,101,69.0,100.664474,31.664474
train,12,102,68.0,101.0647,33.064697
train,12,103,67.0,95.649635,28.649635
train,12,104,66.0,93.51633,27.516327
train,12,105,65.0,81.68011,16.680107
train,12,106,64.0,85.780464,21.780464
train,12,107,63.0,83.230415,20.230415
train,12,108,62.0,80.648155,18.648155
train,12,109,61.0,71.90339,10.903389
train,12,110,60.0,73.19291,13.192909
train,12,111,59.0,70.26429,11.26429
train,12,112,58.0,76.49964,18.499641
train,12,113,57.0,69.96316,12.963158
train,12,114,56.0,67.7739,11.773903
train,12,115,55.0,67.524635,12.524635
train,12,116,54.0,66.102715,12.102715
train,12,117,53.0,61.004368,8.004368
train,12,118,52.0,53.7749,1.7748985
train,12,119,51.0,50.963345,-0.036655426
train,12,120,50.0,46.016865,-3.9831352
train,12,121,49.0,48.55437,-0.44562912
train,12,122,48.0,40.86028,-7.139721
train,12,123,47.0,39.618835,-7.3811646
train,12,124,46.0,40.49815,-5.50185
train,12,125,45.0,36.231476,-8.768524
train,12,126,44.0,37.441395,-6.558605
train,12,127,43.0,35.623356,-7.376644
train,12,128,42.0,34.589825,-7.4101753
train,12,129,41.0,32.11572,-8.884281
train,12,130,40.0,32.385174,-7.614826
train,12,131,39.0,30.245274,-8.754726
train,12,132,38.0,29.687063,-8.312937
train,12,133,37.0,29.948523,-7.0514774
train,12,134,36.0,28.631254,-7.368746
train,12,135,35.0,26.956478,-8.043522
train,12,136,34.0,31.920092,-2.0799084
train,12,137,33.0,32.827175,-0.17282486
train,12,138,32.0,30.784618,-1.2153816
train,12,139,31.0,28.527561,-2.4724388
train,12,140,30.0,29.589254,-0.41074562
train,12,141,29.0,28.49446,-0.50554085
train,12,142,28.0,30.5108,2.5107994
train,12,143,27.0,30.714193,3.7141933
train,12,144,26.0,33.2316,7.2316017
train,12,145,25.0,31.816963,6.816963
train,12,146,24.0,35.014126,11.014126
train,12,147,23.0,30.41917,7.4191704
train,12,148,22.0,31.837612,9.837612
train,12,149,21.0,28.61602,7.61602
train,12,150,20.0,26.113688,6.1136875
train,12,151,19.0,21.726706,2.7267056
train,12,152,18.0,18.768805,0.76880455
train,12,153,17.0,18.766241,1.7662411
train,12,154,16.0,18.14946,2.1494598
train,12,155,15.0,17.253424,2.2534237
train,12,156,14.0,16.495834,2.4958344
train,12,157,13.0,16.345003,3.3450031
train,12,158,12.0,15.260073,3.2600727
train,12,159,11.0,13.524758,2.5247583
train,12,160,10.0,9.974122,-0.025877953
train,12,161,9.0,9.884012,0.8840122
train,12,162,8.0,9.707603,1.7076035
train,12,163,7.0,6.768611,-0.23138905
train,12,164,6.0,6.5537043,0.55370426
train,12,165,5.0,6.776277,1.7762771
train,12,166,4.0,6.5769176,2.5769176
train,12,167,3.0,4.6020026,1.6020026
train,12,168,2.0,3.9214716,1.9214716
train,12,169,1.0,3.0208364,2.0208364
train,12,170,0.0,1.8531312,1.8531312
train,13,30,133.0,142.27025,9.270248
train,13,31,132.0,142.6259,10.6259
train,13,32,131.0,142.72795,11.727951
train,13,33,130.0,142.33287,12.3328705
train,13,34,129.0,142.6533,13.653305
train,13,35,128.0,142.7848,14.784805
train,13,36,127.0,142.78502,15.785019
train,13,37,126.0,142.69392,16.693924
train,13,38,125.0,142.09251,17.092514
train,13,39,124.0,142.67726,18.677261
train,13,40,123.0,141.98524,18.985245
train,13,41,122.0,142.47523,20.475235
train,13,42,121.0,142.20848,21.20848
train,13,43,120.0,142.44377,22.443771
train,13,44,119.0,142.64153,23.641525
train,13,45,118.0,142.54564,24.545639
train,13,46,117.0,142.39876,25.398758
train,13,47,116.0,142.78319,26.783188
train,13,48,115.0,142.24033,27.240326
train,13,49,114.0,138.55959,24.559586
train,13,50,113.0,133.43062,20.430618
train,13,51,112.0,139.65028,27.650284
train,13,52,111.0,135.95131,24.95131
train,13,53,110.0,138.83711,28.837112
train,13,54,109.0,140.88109,31.881088
train,13,55,108.0,141.97017,33.97017
train,13,56,107.0,142.61626,35.616257
train,13,57,106.0,142.54277,36.54277
train,13,58,105.0,141.60727,36.60727
train,13,59,104.0,137.24426,33.244263
train,13,60,103.0,133.91463,30.914627
train,13,61,102.0,138.60553,36.60553
train,13,62,101.0,139.73064,38.730637
train,13,63,100.0,142.47679,42.47679
train,13,64,99.0,142.0938,43.093796
train,13,65,98.0,139.83406,41.83406
train,13,66,97.0,137.77724,40.777237
train,13,67,96.0,133.08063,37.080627
train,13,68,95.0,120.62627,25.626266
train,13,69,94.0,115.89579,21.89579
train,13,70,93.0,109.603836,16.603836
train,13,71,92.0,94.20001,2.2000122
train,13,72,91.0,86.065956,-4.934044
train,13,73,90.0,80.48327,-9.516731
train,13,74,89.0,96.32351,7.323509
train,13,75,88.0,90.18181,2.1818085
train,13,76,87.0,83.55308,-3.4469223
train,13,77,86.0,94.78578,8.785782
train,13,78,85.0,86.07249,1.0724869
train,13,79,84.0,86.63329,2.6332932
train,13,80,83.0,73.653366,-9.346634
train,13,81,82.0,74.19445,-7.8055496
train,13,82,81.0,75.2936,-5.706398
train,13,83,80.0,69.001564,-10.998436
train,13,84,79.0,74.50967,-4.4903336
train,13,85,78.0,67.17589,-10.824112
train,13,86,77.0,75.36945,-1.6305466
train,13,87,76.0,65.574196,-10.425804
train,13,88,75.0,72.291855,-2.7081451
train,13,89,74.0,76.195625,2.1956253
train,13,90,73.0,77.056526,4.056526
train,13,91,72.0,87.0267,15.026703
train,13,92,71.0,85.52396,14.523956
train,13,93,70.0,80.86382,10.863823
train,13,94,69.0,75.201675,6.2016754
train,13,95,68.0,67.497856,-0.50214386
train,13,96,67.0,70.56661,3.5666122
train,13,97,66.0,68.99089,2.9908905
train,13,98,65.0,65.20471,0.20471191
train,13,99,64.0,73.5736,9.573601
train,13,100,63.0,71.66589,8.665894
train,13,101,62.0,57.73383,-4.2661705
train,13,102,61.0,60.368565,-0.6314354
train,13,103,60.0,60.37141,0.37141037
train,13,104,59.0,66.89622,7.8962173
train,13,105,58.0,59.690918,1.690918
train,13,106,57.0,49.653316,-7.3466835
train,13,107,56.0,52.54089,-3.4591103
train,13,108,55.0,48.83879,-6.161209
train,13,109,54.0,45.56113,-8.438869
train,13,110,53.0,45.21197,-7.7880287
train,13,111,52.0,43.374256,-8.625744
train,13,112,51.0,38.95377,-12.04623
train,13,113,50.0,38.33373,-11.666271
train,13,114,49.0,38.560963,-10.439037
train,13,115,48.0,38.145966,-9.854034
train,13,116,47.0,43.7556,-3.2444
train,13,117,46.0,36.289234,-9.710766
train,13,118,45.0,40.518,-4.4819984
train,13,119,44.0,41.493595,-2.5064049
train,13,120,43.0,41.570015,-1.429985
train,13,121,42.0,43.475063,1.4750633
train,13,122,41.0,48.83418,7.834179
train,13,123,40.0,44.351673,4.351673
train,13,124,39.0,45.05617,6.0561714
train,13,125,38.0,45.90156,7.9015617
train,13,126,37.0,43.559452,6.559452
train,13,127,36.0,41.659016,5.6590157
train,13,128,35.0,38.11376,3.113762
train,13,129,34.0,48.68147,14.681469
train,13,130,33.0,52.04754,19.047539
train,13,131,32.0,47.993893,15.993893
train,13,132,31.0,47.903473,16.903473
train,13,133,30.0,45.16934,15.169338
train,13,134,29.0,41.06925,12.069248
train,13,135,28.0,36.973423,8.973423
train,13,136,27.0,34.142643,7.142643
train,13,137,26.0,37.62431,11.62431
train,13,138,25.0,34.462334,9.462334
train,13,139,24.0,32.738846,8.738846
train,13,140,23.0,29.297112,6.2971115
train,13,141,22.0,28.696924,6.696924
train,13,142,21.0,26.400743,5.4007435
train,13,143,20.0,23.150862,3.1508617
train,13,144,19.0,21.720015,2.7200146
train,13,145,18.0,21.940329,3.9403286
train,13,146,17.0,20.50934,3.5093403
train,13,147,16.0,17.958849,1.958849
train,13,148,15.0,16.39203,1.3920307
train,13,149,14.0,13.576641,-0.42335892
train,13,150,13.0,14.061087,1.0610867
train,13,151,12.0,12.239154,0.23915386
train,13,152,11.0,11.637793,0.6377926
train,13,153,10.0,10.712569,0.71256924
train,13,154,9.0,9.408788,0.40878773
train,13,155,8.0,8.357393,0.35739326
train,13,156,7.0,9.851277,2.8512774
train,13,157,6.0,7.893817,1.893817
train,13,158,5.0,6.129309,1.1293092
train,13,159,4.0,5.315196,1.315196
train,13,160,3.0,5.2177114,2.2177114
train,13,161,2.0,4.2034483,2.2034483
train,13,162,1.0,2.7815406,1.7815406
train,13,163,0.0,2.0961633,2.0961633
train,14,30,150.0,141.9219,-8.0780945
train,14,31,149.0,142.50703,-6.4929657
train,14,32,148.0,141.5644,-6.4355927
train,14,33,147.0,141.80873,-5.191269
train,14,34,146.0,142.20407,-3.795929
train,14,35,145.0,140.54958,-4.450424
train,14,36,144.0,141.00377,-2.996231
train,14,37,143.0,141.12018,-1.8798218
train,14,38,142.0,140.01744,-1.9825592
train,14,39,141.0,128.47252,-12.527481
train,14,40,140.0,139.53157,-0.46842957
train,14,41,139.0,134.46135,-4.5386505
train,14,42,138.0,128.9599,-9.0401
train,14,43,137.0,101.44355,-35.55645
train,14,44,136.0,105.73002,-30.269981
train,14,45,135.0,104.590164,-30.409836
train,14,46,134.0,125.45806,-8.541939
train,14,47,133.0,120.76776,-12.232239
train,14,48,132.0,138.48503,6.485031
train,14,49,131.0,118.23737,-12.762627
train,14,50,130.0,125.84055,-4.1594467
train,14,51,129.0,128.33202,-0.667984
train,14,52,128.0,127.70962,-0.2903824
train,14,53,127.0,125.942474,-1.0575256
train,14,54,126.0,132.47406,6.47406
train,14,55,125.0,140.58003,15.580032
train,14,56,124.0,141.5468,17.546799
train,14,57,123.0,140.20308,17.20308
train,14,58,122.0,140.83199,18.831985
train,14,59,121.0,139.82515,18.82515
train,14,60,120.0,139.07396,19.07396
train,14,61,119.0,140.07454,21.07454
train,14,62,118.0,140.32372,22.323715
train,14,63,117.0,139.41881,22.418808
train,14,64,116.0,139.23567,23.235672
train,14,65,115.0,139.55597,24.55597
train,14,66,114.0,138.47299,24.472992
train,14,67,113.0,140.43115,27.431152
train,14,68,112.0,141.49263,29.49263
train,14,69,111.0,141.412,30.412003
train,14,70,110.0,140.2289,30.228897
train,14,71,109.0,140.12718,31.127182
train,14,72,108.0,137.47914,29.479141
train,14,73,107.0,131.1357,24.135696
train,14,74,106.0,132.72563,26.725632
train,14,75,105.0,129.2744,24.274399
train,14,76,104.0,130.26967,26.269669
train,14,77,103.0,102.911766,-0.08823395
train,14,78,102.0,94.87694,-7.123062
train,14,79,101.0,79.857506,-21.142494
train,14,80,100.0,84.13297,-15.867027
train,14,81,99.0,85.69901,-13.300987
train,14,82,98.0,88.52233,-9.477669
train,14,83,97.0,103.402794,6.402794
train,14,84,96.0,105.587845,9.587845
train,14,85,95.0,122.37257,27.372566
train,14,86,94.0,131.8769,37.876907
train,14,87,93.0,110.9723,17.972298
train,14,88,92.0,119.205925,27.205925
train,14,89,91.0,114.89762,23.897621
train,14,90,90.0,100.66871,10.668709
train,14,91,89.0,90.24952,1.2495193
train,14,92,88.0,82.39706,-5.6029434
train,14,93,87.0,70.0016,-16.998398
train,14,94,86.0,64.20666,-21.793343
train,14,95,85.0,59.98683,-25.013168
train,14,96,84.0,63.71799,-20.28201
train,14,97,83.0,62.865665,-20.134335
train,14,98,82.0,65.09015,-16.909851
train,14,99,81.0,74.175835,-6.8241653
train,14,100,80.0,72.63899,-7.3610077
train,14,101,79.0,63.232647,-15.767353
train,14,102,78.0,68.752846,-9.247154
train,14,103,77.0,67.269646,-9.730354
train,14,104,76.0,74.56202,-1.4379807
train,14,105,75.0,75.53699,0.5369873
train,14,106,74.0,65.764,-8.236
train,14,107,73.0,59.680748,-13.319252
train,14,108,72.0,59.806217,-12.193783
train,14,109,71.0,61.85747,-9.142529
train,14,110,70.0,60.10027,-9.899731
train,14,111,69.0,71.33242,2.3324203
train,14,112,68.0,69.38405,1.3840485
train,14,113,67.0,61.98568,-5.0143204
train,14,114,66.0,61.738174,-4.2618256
train,14,115,65.0,59.629845,-5.3701553
train,14,116,64.0,65.74258,1.7425766
train,14,117,63.0,64.26282,1.2628174
train,14,118,62.0,78.6513,16.651299
train,14,119,61.0,77.06305,16.06305
train,14,120,60.0,75.603386,15.603386
train,14,121,59.0,64.49625,5.4962463
train,14,122,58.0,61.49081,3.4908104
train,14,123,57.0,64.263245,7.2632446
train,14,124,56.0,67.743645,11.743645
train,14,125,55.0,63.244213,8.244213
train,14,126,54.0,63.113834,9.113834
train,14,127,53.0,63.68066,10.68066
train,14,128,52.0,61.02111,9.021111
train,14,129,51.0,65.43574,14.435738
train,14,130,50.0,60.296165,10.296165
train,14,131,49.0,60.739437,11.739437
train,14,132,48.0,55.928303,7.928303
train,14,133,47.0,60.039806,13.039806
train,14,134,46.0,57.409992,11.409992
train,14,135,45.0,53.3426,8.342602
train,14,136,44.0,50.45994,6.459942
train,14,137,43.0,48.424076,5.424076
train,14,138,42.0,51.460754,9.460754
train,14,139,41.0,53.078182,12.078182
train,14,140,40.0,51.46742,11.467419
train,14,141,39.0,56.497135,17.497135
train,14,142,38.0,51.263306,13.263306
train,14,143,37.0,45.398815,8.398815
train,14,144,36.0,46.08519,10.08519
train,14,145,35.0,47.236248,12.236248
train,14,146,34.0,46.0893,12.089298
train,14,147,33.0,43.459858,10.459858
train,14,148,32.0,43.129658,11.129658
train,14,149,31.0,42.1562,11.1562
train,14,150,30.0,40.106316,10.106316
train,14,151,29.0,37.473015,8.473015
train,14,152,28.0,33.44591,5.4459114
train,14,153,27.0,33.195286,6.195286
train,14,154,26.0,31.657999,5.657999
train,14,155,25.0,25.670273,0.6702728
train,14,156,24.0,25.054039,1.054039
train,14,157,23.0,23.01691,0.016910553
train,14,158,22.0,28.105612,6.105612
train,14,159,21.0,25.48121,4.4812107
train,14,160,20.0,23.547125,3.5471249
train,14,161,19.0,22.913109,3.9131088
train,14,162,18.0,22.51885,4.5188503
train,14,163,17.0,22.733038,5.733038
train,14,164,16.0,22.116007,6.116007
train,14,165,15.0,22.981356,7.9813557
train,14,166,14.0,21.153086,7.1530857
train,14,167,13.0,18.283373,5.283373
train,14,168,12.0,16.726925,4.726925
train,14,169,11.0,13.479826,2.479826
train,14,170,10.0,11.619201,1.6192007
train,14,171,9.0,11.893273,2.8932734
train,14,172,8.0,11.100866,3.1008663
train,14,173,7.0,8.165092,1.1650925
train,14,174,6.0,6.738879,0.7388792
train,14,175,5.0,6.2586727,1.2586727
train,14,176,4.0,5.765265,1.765265
train,14,177,3.0,4.977544,1.9775438
train,14,178,2.0,4.379347,2.3793468
train,14,179,1.0,2.5742874,1.5742874
train,14,180,0.0,2.304215,2.304215
train,15,30,177.0,145.98125,-31.018753
train,15,31,176.0,145.78386,-30.21614
train,15,32,175.0,145.83067,-29.169327
train,15,33,174.0,145.83968,-28.160324
train,15,34,173.0,145.77296,-27.227036
train,15,35,172.0,145.8361,-26.163895
train,15,36,171.0,145.92516,-25.074844
train,15,37,170.0,145.87083,-24.129166
train,15,38,169.0,145.97612,-23.02388
train,15,39,168.0,145.80687,-22.19313
train,15,40,167.0,145.73497,-21.26503
train,15,41,166.0,145.99724,-20.002762
train,15,42,165.0,145.90701,-19.092987
train,15,43,164.0,145.6736,-18.3264
train,15,44,163.0,145.82513,-17.174866
train,15,45,162.0,145.57896,-16.421036
train,15,46,161.0,145.5488,-15.451202
train,15,47,160.0,145.50687,-14.493134
train,15,48,159.0,145.78072,-13.219284
train,15,49,158.0,145.34319,-12.656815
train,15,50,157.0,145.7063,-11.293701
train,15,51,156.0,145.66353,-10.336472
train,15,52,155.0,145.5673,-9.4326935
train,15,53,154.0,145.76448,-8.235519
train,15,54,153.0,145.81096,-7.189041
train,15,55,152.0,145.6745,-6.3255005
train,15,56,151.0,145.86594,-5.1340637
train,15,57,150.0,145.77023,-4.229767
train,15,58,149.0,145.76485,-3.2351532
train,15,59,148.0,145.57042,-2.4295807
train,15,60,147.0,145.7577,-1.2422943
train,15,61,146.0,145.87303,-0.12696838
train,15,62,145.0,145.93825,0.9382477
train,15,63,144.0,145.67194,1.671936
train,15,64,143.0,145.40315,2.4031525
train,15,65,142.0,145.5241,3.5240936
train,15,66,141.0,145.36552,4.3655243
train,15,67,140.0,145.32439,5.3243866
train,15,68,139.0,145.60066,6.600662
train,15,69,138.0,145.7311,7.7310944
train,15,70,137.0,145.66524,8.665237
train,15,71,136.0,145.44463,9.444626
train,15,72,135.0,145.60164,10.601639
train,15,73,134.0,145.90688,11.906876
train,15,74,133.0,145.78984,12.789841
train,15,75,132.0,145.84883,13.848831
train,15,76,131.0,145.56207,14.562073
train,15,77,130.0,145.12923,15.129227
train,15,78,129.0,145.87546,16.875458
train,15,79,128.0,145.31764,17.317642
train,15,80,127.0,145.75539,18.755386
train,15,81,126.0,145.74272,19.742722
train,15,82,125.0,145.6414,20.641403
train,15,83,124.0,145.32237,21.322372
train,15,84,123.0,145.22292,22.222916
train,15,85,122.0,145.097,23.097
train,15,86,121.0,145.19682,24.196823
train,15,87,120.0,145.03665,25.036652
train,15,88,119.0,144.80716,25.80716
train,15,89,118.0,145.24226,27.242264
train,15,90,117.0,144.94702,27.947021
train,15,91,116.0,144.10228,28.10228
train,15,92,115.0,142.09923,27.099228
train,15,93,114.0,142.88171,28.881714
train,15,94,113.0,142.53462,29.534622
train,15,95,112.0,143.11177,31.11177
train,15,96,111.0,145.2998,34.299805
train,15,97,110.0,143.61137,33.611374
train,15,98,109.0,142.4051,33.405106
train,15,99,108.0,142.8465,34.846497
train,15,100,107.0,140.7051,33.705093
train,15,101,106.0,142.92775,36.92775
train,15,102,105.0,142.99721,37.997208
train,15,103,104.0,138.14674,34.146744
train,15,104,103.0,136.37953,33.37953
train,15,105,102.0,136.61299,34.61299
train,15,106,101.0,133.66913,32.66913
train,15,107,100.0,131.8694,31.8694
train,15,108,99.0,135.70737,36.707367
train,15,109,98.0,125.90706,27.907059
train,15,110,97.0,124.02645,27.026451
train,15,111,96.0,122.57514,26.575142
train,15,112,95.0,124.3139,29.313904
train,15,113,94.0,121.59647,27.596474
train,15,114,93.0,115.32545,22.325447
train,15,115,92.0,110.68058,18.68058
train,15,116,91.0,113.16268,22.162682
train,15,117,90.0,108.70336,18.703362
train,15,118,89.0,112.01258,23.01258
train,15,119,88.0,119.400955,31.400955
train,15,120,87.0,132.58725,45.58725
train,15,121,86.0,134.12547,48.125473
train,15,122,85.0,136.82323,51.823227
train,15,123,84.0,132.61015,48.610153
train,15,124,83.0,113.52455,30.524551
train,15,125,82.0,108.310524,26.310524
train,15,126,81.0,106.331856,25.331856
train,15,127,80.0,96.237404,16.237404
train,15,128,79.0,87.16004,8.160042
train,15,129,78.0,80.168434,2.1684341
train,15,130,77.0,79.90507,2.9050674
train,15,131,76.0,78.29236,2.2923584
train,15,132,75.0,74.792145,-0.20785522
train,15,133,74.0,76.68978,2.6897812
train,15,134,73.0,68.12339,-4.87661
train,15,135,72.0,72.5424,0.54239655
train,15,136,71.0,76.93814,5.938141
train,15,137,70.0,77.718025,7.718025
train,15,138,69.0,73.40813,4.408127
train,15,139,68.0,67.53,-0.47000122
train,15,140,67.0,63.87246,-3.1275406
train,15,141,66.0,62.4739,-3.5261002
train,15,142,65.0,67.35213,2.352127
train,15,143,64.0,68.757645,4.7576447
train,15,144,63.0,62.065628,-0.93437195
train,15,145,62.0,63.307674,1.3076744
train,15,146,61.0,61.872402,0.8724022
train,15,147,60.0,57.60603,-2.3939705
train,15,148,59.0,58.756954,-0.2430458
train,15,149,58.0,67.876236,9.876236
train,15,150,57.0,61.01871,4.018711
train,15,151,56.0,61.679436,5.6794357
train,15,152,55.0,66.40623,11.406227
train,15,153,54.0,64.91427,10.9142685
train,15,154,53.0,65.07819,12.078194
train,15,155,52.0,59.19545,7.19545
train,15,156,51.0,57.56773,6.56773
train,15,157,50.0,56.43205,6.432049
train,15,158,49.0,53.755833,4.7558327
train,15,159,48.0,47.85251,-0.14749146
train,15,160,47.0,55.190052,8.190052
train,15,161,46.0,50.355145,4.3551445
train,15,162,45.0,52.5109,7.5108986
train,15,163,44.0,50.61189,6.611889
train,15,164,43.0,45.86316,2.8631592
train,15,165,42.0,40.136677,-1.8633232
train,15,166,41.0,36.033703,-4.966297
train,15,167,40.0,39.209995,-0.79000473
train,15,168,39.0,39.850967,0.8509674
train,15,169,38.0,39.072517,1.0725174
train,15,170,37.0,32.546993,-4.4530067
train,15,171,36.0,36.132877,0.13287735
train,15,172,35.0,32.61955,-2.3804512
train,15,173,34.0,32.74143,-1.2585716
train,15,174,33.0,34.095524,1.0955238
train,15,175,32.0,26.597097,-5.4029026
train,15,176,31.0,28.167759,-2.832241
train,15,177,30.0,28.262434,-1.737566
train,15,178,29.0,26.963474,-2.0365257
train,15,179,28.0,28.305473,0.30547333
train,15,180,27.0,26.78194,-0.21805954
train,15,181,26.0,25.47965,-0.5203495
train,15,182,25.0,23.420439,-1.5795612
train,15,183,24.0,22.81901,-1.1809902
train,15,184,23.0,23.704596,0.70459557
train,15,185,22.0,20.581749,-1.418251
train,15,186,21.0,20.881887,-0.118112564
train,15,187,20.0,19.72471,-0.27528954
train,15,188,19.0,21.059189,2.0591888
train,15,189,18.0,19.99876,1.9987602
train,15,190,17.0,18.514921,1.5149212
train,15,191,16.0,15.841827,-0.1581726
train,15,192,15.0,15.21258,0.21257973
train,15,193,14.0,13.123757,-0.87624264
train,15,194,13.0,11.910221,-1.0897789
train,15,195,12.0,11.039102,-0.9608984
train,15,196,11.0,9.781341,-1.2186594
train,15,197,10.0,8.245962,-1.7540379
train,15,198,9.0,7.7576566,-1.2423434
train,15,199,8.0,6.907574,-1.0924258
train,15,200,7.0,7.4187617,0.41876173
train,15,201,6.0,9.220276,3.2202759
train,15,202,5.0,8.717919,3.7179193
train,15,203,4.0,8.782067,4.7820673
train,15,204,3.0,8.977742,5.977742
train,15,205,2.0,6.0039206,4.0039206
train,15,206,1.0,4.718074,3.7180738
train,15,207,0.0,2.753203,2.753203
train,16,30,179.0,132.68892,-46.31108
train,16,31,178.0,128.21112,-49.78888
train,16,32,177.0,127.750755,-49.249245
train,16,33,176.0,126.1493,-49.8507
train,16,34,175.0,129.40144,-45.598557
train,16,35,174.0,129.16344,-44.836563
train,16,36,173.0,138.85423,-34.145767
train,16,37,172.0,139.80362,-32.19638
train,16,38,171.0,139.86302,-31.136978
train,16,39,170.0,138.39946,-31.60054
train,16,40,169.0,134.45412,-34.545883
train,16,41,168.0,131.79001,-36.20999
train,16,42,167.0,126.69982,-40.30018
train,16,43,166.0,121.613045,-44.386955
train,16,44,165.0,118.172966,-46.827034
train,16,45,164.0,119.91554,-44.084457
train,16,46,163.0,123.75355,-39.246452
train,16,47,162.0,118.759544,-43.240456
train,16,48,161.0,120.00536,-40.994637
train,16,49,160.0,109.87356,-50.126442
train,16,50,159.0,104.725716,-54.274284
train,16,51,158.0,105.15444,-52.84556
train,16,52,157.0,109.61285,-47.387154
train,16,53,156.0,113.56634,-42.433662
train,16,54,155.0,119.848885,-35.151115
train,16,55,154.0,129.24294,-24.757065
train,16,56,153.0,116.98168,-36.01832
train,16,57,152.0,120.33966,-31.66034
train,16,58,151.0,116.346306,-34.653694
train,16,59,150.0,115.88005,-34.11995
train,16,60,149.0,128.9894,-20.010605
train,16,61,148.0,135.59013,-12.409866
train,16,62,147.0,137.40123,-9.59877
train,16,63,146.0,128.00963,-17.990372
train,16,64,145.0,129.5649,-15.435104
train,16,65,144.0,133.71013,-10.289871
train,16,66,143.0,137.26198,-5.738022
train,16,67,142.0,135.95943,-6.040573
train,16,68,141.0,137.30872,-3.6912842
train,16,69,140.0,137.59789,-2.4021149
train,16,70,139.0,134.07661,-4.9233856
train,16,71,138.0,123.0717,-14.928299
train,16,72,137.0,119.28677,-17.713226
train,16,73,136.0,108.60627,-27.39373
train,16,74,135.0,115.29305,-19.706947
train,16,75,134.0,116.20185,-17.79815
train,16,76,133.0,125.86913,-7.130867
train,16,77,132.0,122.331276,-9.668724
train,16,78,131.0,114.06238,-16.937622
train,16,79,130.0,110.09335,-19.906647
train,16,80,129.0,104.54404,-24.455963
train,16,81,128.0,106.27842,-21.72158
train,16,82,127.0,111.32871,-15.671288
train,16,83,126.0,104.41132,-21.588676
train,16,84,125.0,109.33466,-15.665337
train,16,85,124.0,112.49346,-11.506538
train,16,86,123.0,125.8039,2.8039017
train,16,87,122.0,125.81367,3.8136673
train,16,88,121.0,113.3941,-7.6059036
train,16,89,120.0,117.31894,-2.6810608
train,16,90,119.0,119.936165,0.93616486
train,16,91,118.0,105.812614,-12.187386
train,16,92,117.0,105.14954,-11.850456
train,16,93,116.0,103.568985,-12.431015
train,16,94,115.0,99.709274,-15.290726
train,16,95,114.0,96.73892,-17.261078
train,16,96,113.0,102.60074,-10.399261
train,16,97,112.0,91.663185,-20.336815
train,16,98,111.0,89.10571,-21.894287
train,16,99,110.0,87.39425,-22.605751
train,16,100,109.0,82.48519,-26.514809
train,16,101,108.0,78.46772,-29.53228
train,16,102,107.0,83.4537,-23.546303
train,16,103,106.0,82.88891,-23.111092
train,16,104,105.0,83.52682,-21.473183
train,16,105,104.0,80.7933,-23.206703
train,16,106,103.0,83.43095,-19.569054
train,16,107,102.0,90.4416,-11.558403
train,16,108,101.0,92.26643,-8.733566
train,16,109,100.0,92.25996,-7.7400436
train,16,110,99.0,86.40525,-12.594749
train,16,111,98.0,84.84784,-13.152161
train,16,112,97.0,77.6676,-19.332397
train,16,113,96.0,84.40688,-11.593117
train,16,114,95.0,91.11694,-3.8830566
train,16,115,94.0,99.64067,5.640671
train,16,116,93.0,102.900375,9.900375
train,16,117,92.0,91.7385,-0.2614975
train,16,118,91.0,91.264755,0.26475525
train,16,119,90.0,95.50005,5.5000534
train,16,120,89.0,89.49862,0.49861908
train,16,121,88.0,77.76362,-10.236382
train,16,122,87.0,75.398346,-11.601654
train,16,123,86.0,81.18123,-4.8187714
train,16,124,85.0,79.33178,-5.6682205
train,16,125,84.0,75.25226,-8.747742
train,16,126,83.0,81.69608,-1.3039169
train,16,127,82.0,87.007866,5.007866
train,16,128,81.0,83.36938,2.3693771
train,16,129,80.0,78.67248,-1.3275223
train,16,130,79.0,73.11356,-5.8864365
train,16,131,78.0,65.84628,-12.153717
train,16,132,77.0,66.189,-10.810997
train,16,133,76.0,60.46344,-15.53656
train,16,134,75.0,62.708584,-12.291416
train,16,135,74.0,68.910675,-5.089325
train,16,136,73.0,67.22321,-5.776787
train,16,137,72.0,62.393787,-9.606213
train,16,138,71.0,55.246563,-15.753437
train,16,139,70.0,57.333027,-12.666973
train,16,140,69.0,58.06758,-10.932419
train,16,141,68.0,53.53311,-14.466888
train,16,142,67.0,47.983585,-19.016415
train,16,143,66.0,49.74049,-16.25951
train,16,144,65.0,59.016727,-5.9832726
train,16,145,64.0,58.731937,-5.2680626
train,16,146,63.0,57.26306,-5.7369385
train,16,147,62.0,52.681812,-9.318188
train,16,148,61.0,55.800415,-5.199585
train,16,149,60.0,59.274906,-0.72509384
train,16,150,59.0,53.12546,-5.8745384
train,16,151,58.0,47.147663,-10.852337
train,16,152,57.0,50.93742,-6.06258
train,16,153,56.0,59.667427,3.667427
train,16,154,55.0,56.462734,1.4627342
train,16,155,54.0,60.46284,6.462841
train,16,156,53.0,59.87945,6.8794518
train,16,157,52.0,55.980576,3.9805756
train,16,158,51.0,57.130016,6.1300163
train,16,159,50.0,58.161755,8.161755
train,16,160,49.0,52.02579,3.0257912
train,16,161,48.0,44.535942,-3.464058
train,16,162,47.0,49.855785,2.8557854
train,16,163,46.0,45.40991,-0.5900917
train,16,164,45.0,47.936443,2.9364433
train,16,165,44.0,46.590126,2.590126
train,16,166,43.0,41.905754,-1.0942459
train,16,167,42.0,39.99767,-2.0023308
train,16,168,41.0,37.98849,-3.011509
train,16,169,40.0,35.57377,-4.4262314
train,16,170,39.0,31.536917,-7.4630833
train,16,171,38.0,32.657707,-5.342293
train,16,172,37.0,33.95767,-3.0423317
train,16,173,36.0,33.76502,-2.2349815
train,16,174,35.0,36.197803,1.1978035
train,16,175,34.0,34.68056,0.68056107
train,16,176,33.0,35.212883,2.212883
train,16,177,32.0,32.455727,0.45572662
train,16,178,31.0,30.952652,-0.047348022
train,16,179,30.0,29.61379,-0.3862095
train,16,180,29.0,30.103651,1.103651
train,16,181,28.0,28.567652,0.56765175
train,16,182,27.0,29.518873,2.5188732
train,16,183,26.0,27.562918,1.5629177
train,16,184,25.0,27.489212,2.489212
train,16,185,24.0,24.794737,0.79473686
train,16,186,23.0,22.545292,-0.4547081
train,16,187,22.0,24.86073,2.8607292
train,16,188,21.0,22.683298,1.6832981
train,16,189,20.0,20.522306,0.52230644
train,16,190,19.0,20.230886,1.2308865
train,16,191,18.0,17.797983,-0.20201683
train,16,192,17.0,14.464712,-2.5352879
train,16,193,16.0,11.610804,-4.3891964
train,16,194,15.0,10.016997,-4.9830027
train,16,195,14.0,8.835367,-5.164633
train,16,196,13.0,9.367514,-3.6324863
train,16,197,12.0,9.189502,-2.8104982
train,16,198,11.0,6.5218105,-4.4781895
train,16,199,10.0,6.6816263,-3.3183737
train,16,200,9.0,5.2523994,-3.7476006
train,16,201,8.0,6.1894684,-1.8105316
train,16,202,7.0,5.0598946,-1.9401054
train,16,203,6.0,5.566059,-0.4339409
train,16,204,5.0,4.7423396,-0.2576604
train,16,205,4.0,5.166888,1.1668882
train,16,206,3.0,4.5265594,1.5265594
train,16,207,2.0,1.6781476,-0.32185245
train,16,208,1.0,1.5975075,0.5975075
train,16,209,0.0,1.8033489,1.8033489
train,17,30,246.0,145.87895,-100.12105
train,17,31,245.0,145.86493,-99.13507
train,17,32,244.0,145.62108,-98.37892
train,17,33,243.0,145.72253,-97.277466
train,17,34,242.0,145.70168,-96.298325
train,17,35,241.0,145.69104,-95.30896
train,17,36,240.0,145.5431,-94.456894
train,17,37,239.0,145.705,-93.295
train,17,38,238.0,145.39296,-92.60704
train,17,39,237.0,145.63081,-91.36919
train,17,40,236.0,145.84528,-90.154724
train,17,41,235.0,145.86052,-89.13948
train,17,42,234.0,145.28194,-88.71806
train,17,43,233.0,145.50822,-87.491776
train,17,44,232.0,145.8602,-86.1398
train,17,45,231.0,145.63582,-85.36418
train,17,46,230.0,145.73035,-84.26965
train,17,47,229.0,145.12663,-83.87337
train,17,48,228.0,145.75543,-82.24457
train,17,49,227.0,145.76039,-81.23961
train,17,50,226.0,145.52303,-80.476974
train,17,51,225.0,145.70735,-79.29265
train,17,52,224.0,145.7108,-78.2892
train,17,53,223.0,145.54921,-77.45079
train,17,54,222.0,145.61917,-76.38083
train,17,55,221.0,144.93456,-76.065445
train,17,56,220.0,145.55669,-74.44331
train,17,57,219.0,145.57658,-73.423416
train,17,58,218.0,144.43239,-73.56761
train,17,59,217.0,144.17116,-72.82884
train,17,60,216.0,141.9695,-74.0305
train,17,61,215.0,143.61595,-71.38405
train,17,62,214.0,145.2256,-68.7744
train,17,63,213.0,145.56728,-67.432724
train,17,64,212.0,145.36552,-66.634476
train,17,65,211.0,142.63428,-68.36572
train,17,66,210.0,143.95146,-66.04854
train,17,67,209.0,144.49962,-64.50038
train,17,68,208.0,144.37798,-63.622025
train,17,69,207.0,142.13548,-64.86452
train,17,70,206.0,138.56145,-67.43855
train,17,71,205.0,127.273865,-77.726135
train,17,72,204.0,131.959,-72.041
train,17,73,203.0,136.63588,-66.36412
train,17,74,202.0,139.93437,-62.065628
train,17,75,201.0,140.73918,-60.26082
train,17,76,200.0,144.105,-55.895004
train,17,77,199.0,145.35886,-53.641144
train,17,78,198.0,145.53673,-52.463272
train,17,79,197.0,145.22623,-51.773773
train,17,80,196.0,144.60306,-51.396942
train,17,81,195.0,145.28148,-49.71852
train,17,82,194.0,145.38667,-48.613327
train,17,83,193.0,144.9605,-48.039505
train,17,84,192.0,145.03511,-46.96489
train,17,85,191.0,143.77429,-47.225708
train,17,86,190.0,141.65819,-48.341812
train,17,87,189.0,143.29689,-45.70311
train,17,88,188.0,145.4712,-42.528793
train,17,89,187.0,143.48506,-43.51494
train,17,90,186.0,142.12917,-43.870834
train,17,91,185.0,141.44002,-43.559982
train,17,92,184.0,139.59319,-44.406815
train,17,93,183.0,139.96068,-43.03932
train,17,94,182.0,129.95918,-52.040817
train,17,95,181.0,125.03828,-55.961723
train,17,96,180.0,121.96755,-58.032448
train,17,97,179.0,125.037315,-53.962685
train,17,98,178.0,130.91974,-47.08026
train,17,99,177.0,137.05751,-39.94249
train,17,100,176.0,140.99065,-35.009354
train,17,101,175.0,137.80698,-37.193024
train,17,102,174.0,138.14043,-35.859573
train,17,103,173.0,140.92917,-32.07083
train,17,104,172.0,141.96889,-30.031113
train,17,105,171.0,141.0453,-29.954697
train,17,106,170.0,140.94728,-29.05272
train,17,107,169.0,131.88069,-37.11931
train,17,108,168.0,130.87352,-37.12648
train,17,109,167.0,133.78413,-33.215866
train,17,110,166.0,135.90193,-30.098068
train,17,111,165.0,136.48082,-28.51918
train,17,112,164.0,130.36493,-33.63507
train,17,113,163.0,122.51441,-40.485588
train,17,114,162.0,120.10507,-41.894928
train,17,115,161.0,124.20177,-36.798233
train,17,116,160.0,122.10763,-37.892372
train,17,117,159.0,131.86963,-27.130371
train,17,118,158.0,131.62392,-26.376083
train,17,119,157.0,125.57098,-31.429024
train,17,120,156.0,124.89975,-31.10025
train,17,121,155.0,116.0489,-38.951103
train,17,122,154.0,105.6938,-48.3062
train,17,123,153.0,96.44185,-56.55815
train,17,124,152.0,90.70496,-61.295036
train,17,125,151.0,102.42286,-48.57714
train,17,126,150.0,104.573845,-45.426155
train,17,127,149.0,104.63057,-44.36943
train,17,128,148.0,103.90288,-44.097122
train,17,129,147.0,104.59621,-42.403793
train,17,130,146.0,100.087296,-45.912704
train,17,131,145.0,97.648735,-47.351265
train,17,132,144.0,99.38595,-44.61405
train,17,133,143.0,103.0113,-39.9887
train,17,134,142.0,123.69853,-18.301468
train,17,135,141.0,128.03119,-12.968811
train,17,136,140.0,127.68034,-12.319656
train,17,137,139.0,124.011986,-14.988014
train,17,138,138.0,126.32317,-11.6768265
train,17,139,137.0,123.323296,-13.676704
train,17,140,136.0,115.707954,-20.292046
train,17,141,135.0,113.34761,-21.65239
train,17,142,134.0,107.25567,-26.744331
train,17,143,133.0,101.34063,-31.65937
train,17,144,132.0,103.8297,-28.170303
train,17,145,131.0,107.11518,-23.884819
train,17,146,130.0,102.534935,-27.465065
train,17,147,129.0,111.79876,-17.20124
train,17,148,128.0,102.0872,-25.912804
train,17,149,127.0,96.466896,-30.533104
train,17,150,126.0,97.250496,-28.749504
train,17,151,125.0,101.83477,-23.16523
train,17,152,124.0,105.8532,-18.146797
train,17,153,123.0,103.01014,-19.98986
train,17,154,122.0,104.85645,-17.143547
train,17,155,121.0,114.43609,-6.5639114
train,17,156,120.0,118.38822,-1.6117783
train,17,157,119.0,108.6704,-10.329597
train,17,158,118.0,99.37881,-18.621193
train,17,159,117.0,99.11928,-17.880722
train,17,160,116.0,93.63125,-22.368752
train,17,161,115.0,83.27778,-31.722221
train,17,162,114.0,87.65421,-26.345787
train,17,163,113.0,89.1202,-23.879799
train,17,164,112.0,99.08428,-12.915718
train,17,165,111.0,116.020966,5.0209656
train,17,166,110.0,129.11331,19.113312
train,17,167,109.0,127.809616,18.809616
train,17,168,108.0,141.02408,33.02408
train,17,169,107.0,137.94894,30.948944
train,17,170,106.0,115.94648,9.94648
train,17,171,105.0,112.40499,7.404991
train,17,172,104.0,105.08856,1.088562
train,17,173,103.0,99.33718,-3.662819
train,17,174,102.0,98.75014,-3.2498627
train,17,175,101.0,93.130226,-7.869774
train,17,176,100.0,92.22686,-7.77314
train,17,177,99.0,89.989525,-9.010475
train,17,178,98.0,80.64492,-17.35508
train,17,179,97.0,76.60864,-20.391357
train,17,180,96.0,78.00349,-17.996513
train,17,181,95.0,83.153076,-11.846924
train,17,182,94.0,86.224686,-7.7753143
train,17,183,93.0,83.12226,-9.877739
train,17,184,92.0,89.7125,-2.2874985
train,17,185,91.0,90.810555,-0.1894455
train,17,186,90.0,81.03851,-8.961487
train,17,187,89.0,66.95211,-22.04789
train,17,188,88.0,64.35031,-23.649689
train,17,189,87.0,61.9768,-25.023201
train,17,190,86.0,58.248013,-27.751987
train,17,191,85.0,59.63972,-25.36028
train,17,192,84.0,55.369328,-28.630672
train,17,193,83.0,55.92392,-27.07608
train,17,194,82.0,54.49445,-27.50555
train,17,195,81.0,63.317562,-17.682438
train,17,196,80.0,62.106613,-17.893387
train,17,197,79.0,62.7474,-16.252602
train,17,198,78.0,61.400402,-16.599598
train,17,199,77.0,66.06002,-10.93998
train,17,200,76.0,72.73262,-3.2673798
train,17,201,75.0,60.40237,-14.59763
train,17,202,74.0,60.138355,-13.861645
train,17,203,73.0,58.51398,-14.486019
train,17,204,72.0,56.439365,-15.560635
train,17,205,71.0,59.642223,-11.357777
train,17,206,70.0,63.89412,-6.1058807
train,17,207,69.0,60.28897,-8.711029
train,17,208,68.0,60.26428,-7.7357216
train,17,209,67.0,59.48908,-7.5109215
train,17,210,66.0,55.845703,-10.154297
train,17,211,65.0,56.887836,-8.112164
train,17,212,64.0,55.99892,-8.00108
train,17,213,63.0,57.701664,-5.298336
train,17,214,62.0,52.85314,-9.146858
train,17,215,61.0,53.53446,-7.465542
train,17,216,60.0,46.647717,-13.3522835
train,17,217,59.0,43.916996,-15.083004
train,17,218,58.0,45.81935,-12.180649
train,17,219,57.0,47.07889,-9.921108
train,17,220,56.0,45.40163,-10.59837
train,17,221,55.0,45.244526,-9.755474
train,17,222,54.0,39.9362,-14.063801
train,17,223,53.0,45.570896,-7.429104
train,17,224,52.0,37.00426,-14.995739
train,17,225,51.0,38.823483,-12.1765175
train,17,226,50.0,39.088566,-10.911434
train,17,227,49.0,39.65937,-9.34063
train,17,228,48.0,40.03556,-7.9644394
train,17,229,47.0,39.62926,-7.370739
train,17,230,46.0,39.847004,-6.152996
train,17,231,45.0,35.91463,-9.085369
train,17,232,44.0,36.098454,-7.9015465
train,17,233,43.0,34.57743,-8.422569
train,17,234,42.0,33.0878,-8.912201
train,17,235,41.0,30.505613,-10.494387
train,17,236,40.0,28.487638,-11.512362
train,17,237,39.0,31.198877,-7.8011227
train,17,238,38.0,28.805033,-9.194967
train,17,239,37.0,25.363573,-11.636427
train,17,240,36.0,27.05761,-8.94239
train,17,241,35.0,27.965984,-7.0340157
train,17,242,34.0,27.389963,-6.610037
train,17,243,33.0,25.846704,-7.1532955
train,17,244,32.0,25.076788,-6.923212
train,17,245,31.0,25.776651,-5.2233486
train,17,246,30.0,24.354813,-5.6451874
train,17,247,29.0,22.554125,-6.445875
train,17,248,28.0,21.573606,-6.4263935
train,17,249,27.0,21.817266,-5.1827335
train,17,250,26.0,20.911064,-5.088936
train,17,251,25.0,18.853209,-6.1467915
train,17,252,24.0,20.162958,-3.8370419
train,17,253,23.0,19.855957,-3.144043
train,17,254,22.0,18.6628,-3.3372002
train,17,255,21.0,17.564465,-3.4355354
train,17,256,20.0,15.289414,-4.7105856
train,17,257,19.0,14.792302,-4.207698
train,17,258,18.0,14.164977,-3.835023
train,17,259,17.0,12.91256,-4.0874395
train,17,260,16.0,10.43307,-5.56693
train,17,261,15.0,11.065512,-3.9344883
train,17,262,14.0,11.350595,-2.6494045
train,17,263,13.0,9.73244,-3.26756
train,17,264,12.0,10.228649,-1.7713509
train,17,265,11.0,9.865659,-1.1343412
train,17,266,10.0,7.5682774,-2.4317226
train,17,267,9.0,7.826623,-1.173377
train,17,268,8.0,5.743616,-2.256384
train,17,269,7.0,5.4452825,-1.5547175
train,17,270,6.0,5.7074738,-0.29252625
train,17,271,5.0,4.5040708,-0.49592924
train,17,272,4.0,3.9972897,-0.0027103424
train,17,273,3.0,2.7784724,-0.22152758
train,17,274,2.0,3.1026726,1.1026726
train,17,275,1.0,1.8107408,0.8107408
train,17,276,0.0,3.4309297,3.4309297
train,18,30,165.0,145.91148,-19.088516
train,18,31,164.0,145.78896,-18.211044
train,18,32,163.0,145.75716,-17.242844
train,18,33,162.0,145.63727,-16.362732
train,18,34,161.0,145.70123,-15.298767
train,18,35,160.0,145.74362,-14.256378
train,18,36,159.0,145.4308,-13.569199
train,18,37,158.0,145.70781,-12.292191
train,18,38,157.0,145.617,-11.382996
train,18,39,156.0,144.43956,-11.56044
train,18,40,155.0,145.298,-9.701996
train,18,41,154.0,144.61423,-9.385773
train,18,42,153.0,145.04134,-7.958664
train,18,43,152.0,145.43088,-6.5691223
train,18,44,151.0,145.23563,-5.764374
train,18,45,150.0,145.01021,-4.989792
train,18,46,149.0,144.7661,-4.233902
train,18,47,148.0,145.29982,-2.70018
train,18,48,147.0,145.5053,-1.4947052
train,18,49,146.0,145.3737,-0.626297
train,18,50,145.0,145.7508,0.75079346
train,18,51,144.0,145.73187,1.7318726
train,18,52,143.0,145.80055,2.8005524
train,18,53,142.0,145.65361,3.6536102
train,18,54,141.0,145.74162,4.741623
train,18,55,140.0,145.23584,5.23584
train,18,56,139.0,145.36174,6.36174
train,18,57,138.0,145.07668,7.0766754
train,18,58,137.0,145.58598,8.585983
train,18,59,136.0,144.91914,8.919144
train,18,60,135.0,144.79265,9.792648
train,18,61,134.0,144.30783,10.307831
train,18,62,133.0,144.48457,11.484573
train,18,63,132.0,145.28566,13.28566
train,18,64,131.0,144.31622,13.316223
train,18,65,130.0,145.50716,15.507156
train,18,66,129.0,145.23643,16.236435
train,18,67,128.0,141.59673,13.596725
train,18,68,127.0,140.1319,13.131897
train,18,69,126.0,140.30336,14.30336
train,18,70,125.0,136.1605,11.160507
train,18,71,124.0,137.08446,13.084457
train,18,72,123.0,143.83861,20.838608
train,18,73,122.0,145.48811,23.488113
train,18,74,121.0,145.5703,24.570297
train,18,75,120.0,145.23436,25.23436
train,18,76,119.0,144.3022,25.3022
train,18,77,118.0,145.02455,27.024551
train,18,78,117.0,144.10258,27.102585
train,18,79,116.0,143.07779,27.07779
train,18,80,115.0,136.53156,21.531555
train,18,81,114.0,131.17383,17.173828
train,18,82,113.0,115.686455,2.6864548
train,18,83,112.0,107.05154,-4.9484634
train,18,84,111.0,108.53669,-2.4633102
train,18,85,110.0,107.049355,-2.9506454
train,18,86,109.0,108.081924,-0.91807556
train,18,87,108.0,115.22664,7.226639
train,18,88,107.0,116.82029,9.82029
train,18,89,106.0,118.51773,12.517731
train,18,90,105.0,108.87162,3.8716202
train,18,91,104.0,106.99951,2.9995117
train,18,92,103.0,105.934204,2.934204
train,18,93,102.0,105.64026,3.6402588
train,18,94,101.0,121.27281,20.272812
train,18,95,100.0,135.77345,35.773453
train,18,96,99.0,142.53523,43.535233
train,18,97,98.0,143.87068,45.87068
train,18,98,97.0,143.39604,46.39604
train,18,99,96.0,143.52254,47.522537
train,18,100,95.0,139.29341,44.29341
train,18,101,94.0,111.44005,17.440048
train,18,102,93.0,103.956635,10.9566345
train,18,103,92.0,106.29279,14.292793
train,18,104,91.0,98.51923,7.5192337
train,18,105,90.0,94.08209,4.0820923
train,18,106,89.0,92.00733,3.0073318
train,18,107,88.0,91.49507,3.4950714
train,18,108,87.0,86.40395,-0.59604645
train,18,109,86.0,97.98743,11.987427
train,18,110,85.0,92.26416,7.26416
train,18,111,84.0,94.52587,10.525871
train,18,112,83.0,96.676544,13.676544
train,18,113,82.0,92.1052,10.105202
train,18,114,81.0,89.87566,8.875664
train,18,115,80.0,85.19009,5.1900864
train,18,116,79.0,86.11303,7.1130295
train,18,117,78.0,86.91669,8.916687
train,18,118,77.0,80.22268,3.2226791
train,18,119,76.0,80.637,4.637001
train,18,120,75.0,86.86953,11.86953
train,18,121,74.0,87.10017,13.100166
train,18,122,73.0,90.194244,17.194244
train,18,123,72.0,98.176445,26.176445
train,18,124,71.0,103.046776,32.046776
train,18,125,70.0,110.26543,40.265427
train,18,126,69.0,112.7909,43.7909
train,18,127,68.0,107.616234,39.616234
train,18,128,67.0,94.324776,27.324776
train,18,129,66.0,88.554634,22.554634
train,18,130,65.0,78.353096,13.353096
train,18,131,64.0,68.874504,4.874504
train,18,132,63.0,67.93235,4.93235
train,18,133,62.0,65.02897,3.0289688
train,18,134,61.0,64.44933,3.4493332
train,18,135,60.0,62.559875,2.5598755
train,18,136,59.0,58.64239,-0.3576088
train,18,137,58.0,56.859318,-1.1406822
train,18,138,57.0,58.37526,1.3752594
train,18,139,56.0,58.31044,2.31044
train,18,140,55.0,55.978935,0.97893524
train,18,141,54.0,58.69932,4.6993217
train,18,142,53.0,58.60624,5.6062393
train,18,143,52.0,53.999027,1.9990273
train,18,144,51.0,52.93037,1.9303703
train,18,145,50.0,49.61391,-0.38608932
train,18,146,49.0,47.72054,-1.2794609
train,18,147,48.0,46.890217,-1.1097832
train,18,148,47.0,46.035664,-0.9643364
train,18,149,46.0,47.981743,1.9817429
train,18,150,45.0,46.671177,1.6711769
train,18,151,44.0,45.28221,1.2822113
train,18,152,43.0,48.16589,5.1658897
train,18,153,42.0,47.30376,5.3037605
train,18,154,41.0,48.539387,7.5393867
train,18,155,40.0,45.23882,5.238819
train,18,156,39.0,42.652336,3.6523361
train,18,157,38.0,43.552967,5.552967
train,18,158,37.0,43.76784,6.7678413
train,18,159,36.0,43.53451,7.5345116
train,18,160,35.0,38.309715,3.3097153
train,18,161,34.0,36.71956,2.7195587
train,18,162,33.0,36.529255,3.529255
train,18,163,32.0,35.957623,3.9576225
train,18,164,31.0,36.027924,5.0279236
train,18,165,30.0,30.91994,0.91994095
train,18,166,29.0,29.116274,0.11627388
train,18,167,28.0,29.302916,1.3029156
train,18,168,27.0,29.582876,2.5828762
train,18,169,26.0,27.166946,1.1669464
train,18,170,25.0,27.893076,2.893076
train,18,171,24.0,26.29611,2.2961102
train,18,172,23.0,26.055668,3.0556679
train,18,173,22.0,23.458467,1.4584675
train,18,174,21.0,21.689241,0.6892414
train,18,175,20.0,20.957933,0.9579334
train,18,176,19.0,20.559101,1.5591011
train,18,177,18.0,19.431042,1.4310417
train,18,178,17.0,16.790327,-0.20967293
train,18,179,16.0,15.895261,-0.10473919
train,18,180,15.0,14.901963,-0.098036766
train,18,181,14.0,13.208645,-0.79135513
train,18,182,13.0,12.700923,-0.29907703
train,18,183,12.0,11.944198,-0.055802345
train,18,184,11.0,10.597583,-0.40241718
train,18,185,10.0,10.653936,0.6539364
train,18,186,9.0,9.053868,0.053868294
train,18,187,8.0,8.308215,0.30821514
train,18,188,7.0,7.356216,0.35621595
train,18,189,6.0,7.5850806,1.5850806
train,18,190,5.0,6.762226,1.7622261
train,18,191,4.0,6.3597174,2.3597174
train,18,192,3.0,5.785859,2.785859
train,18,193,2.0,4.5613947,2.5613947
train,18,194,1.0,3.7900248,2.7900248
train,18,195,0.0,1.9880393,1.9880393
train,20,30,204.0,132.03099,-71.96901
train,20,31,203.0,131.41154,-71.588455
train,20,32,202.0,137.61797,-64.382034
train,20,33,201.0,136.60973,-64.390274
train,20,34,200.0,138.51933,-61.480667
train,20,35,199.0,138.26372,-60.736282
train,20,36,198.0,139.28969,-58.71031
train,20,37,197.0,141.01991,-55.980087
train,20,38,196.0,141.57681,-54.423187
train,20,39,195.0,142.68254,-52.31746
train,20,40,194.0,141.66826,-52.33174
train,20,41,193.0,142.54643,-50.453568
train,20,42,192.0,141.81079,-50.18921
train,20,43,191.0,142.19377,-48.80623
train,20,44,190.0,142.17198,-47.82802
train,20,45,189.0,141.17244,-47.82756
train,20,46,188.0,141.50087,-46.49913
train,20,47,187.0,141.93327,-45.066727
train,20,48,186.0,140.23396,-45.766037
train,20,49,185.0,139.01631,-45.98369
train,20,50,184.0,140.95703,-43.04297
train,20,51,183.0,139.29257,-43.707428
train,20,52,182.0,140.5088,-41.491196
train,20,53,181.0,139.4722,-41.5278
train,20,54,180.0,140.84308,-39.15692
train,20,55,179.0,141.39796,-37.602036
train,20,56,178.0,140.01112,-37.988876
train,20,57,177.0,142.2578,-34.742203
train,20,58,176.0,140.88747,-35.112534
train,20,59,175.0,138.72359,-36.276413
train,20,60,174.0,135.07372,-38.926285
train,20,61,173.0,138.09352,-34.90648
train,20,62,172.0,141.45937,-30.540634
train,20,63,171.0,141.00766,-29.99234
train,20,64,170.0,138.6184,-31.381607
train,20,65,169.0,141.37273,-27.627274
train,20,66,168.0,140.19185,-27.808151
train,20,67,167.0,139.37361,-27.626389
train,20,68,166.0,139.44797,-26.552032
train,20,69,165.0,141.95561,-23.044388
train,20,70,164.0,142.0395,-21.960495
train,20,71,163.0,141.98836,-21.011642
train,20,72,162.0,142.18762,-19.812378
train,20,73,161.0,142.17906,-18.820938
train,20,74,160.0,141.91603,-18.08397
train,20,75,159.0,141.4748,-17.525208
train,20,76,158.0,142.1815,-15.818497
train,20,77,157.0,142.12276,-14.877243
train,20,78,156.0,142.1264,-13.873596
train,20,79,155.0,141.22011,-13.779892
train,20,80,154.0,140.93007,-13.069931
train,20,81,153.0,138.68213,-14.317871
train,20,82,152.0,137.50954,-14.490463
train,20,83,151.0,121.747215,-29.252785
train,20,84,150.0,127.35134,-22.648659
train,20,85,149.0,126.47083,-22.529167
train,20,86,148.0,128.51527,-19.484726
train,20,87,147.0,140.69096,-6.3090363
train,20,88,146.0,138.95476,-7.0452423
train,20,89,145.0,135.97176,-9.028244
train,20,90,144.0,128.59222,-15.407776
train,20,91,143.0,137.46938,-5.5306244
train,20,92,142.0,137.31805,-4.681946
train,20,93,141.0,132.65575,-8.344254
train,20,94,140.0,128.14394,-11.856064
train,20,95,139.0,128.0339,-10.966095
train,20,96,138.0,103.66551,-34.334488
train,20,97,137.0,94.71645,-42.283546
train,20,98,136.0,89.15098,-46.849022
train,20,99,135.0,91.57218,-43.42782
train,20,100,134.0,96.83382,-37.166183
train,20,101,133.0,105.175575,-27.824425
train,20,102,132.0,107.57644,-24.423561
train,20,103,131.0,107.57986,-23.420143
train,20,104,130.0,121.71457,-8.285431
train,20,105,129.0,113.04212,-15.957878
train,20,106,128.0,128.74359,0.7435913
train,20,107,127.0,115.83576,-11.164238
train,20,108,126.0,119.43157,-6.568428
train,20,109,125.0,118.451775,-6.5482254
train,20,110,124.0,124.03625,0.036247253
train,20,111,123.0,137.40358,14.40358
train,20,112,122.0,135.73213,13.732132
train,20,113,121.0,122.49189,1.49189
train,20,114,120.0,127.847046,7.847046
train,20,115,119.0,126.72339,7.7233887
train,20,116,118.0,111.17162,-6.828377
train,20,117,117.0,114.473274,-2.5267258
train,20,118,116.0,104.33645,-11.663551
train,20,119,115.0,108.949165,-6.0508347
train,20,120,114.0,116.88749,2.8874893
train,20,121,113.0,114.85879,1.8587875
train,20,122,112.0,111.85429,-0.1457138
train,20,123,111.0,97.11292,-13.887077
train,20,124,110.0,104.144615,-5.855385
train,20,125,109.0,103.444115,-5.5558853
train,20,126,108.0,98.17777,-9.8222275
train,20,127,107.0,103.3344,-3.6656036
train,20,128,106.0,108.631386,2.6313858
train,20,129,105.0,115.974174,10.9741745
train,20,130,104.0,111.475746,7.475746
train,20,131,103.0,112.28395,9.283951
train,20,132,102.0,104.06533,2.0653305
train,20,133,101.0,103.92833,2.9283295
train,20,134,100.0,113.15975,13.159752
train,20,135,99.0,115.61807,16.618073
train,20,136,98.0,120.84618,22.846184
train,20,137,97.0,112.12299,15.122993
train,20,138,96.0,111.154305,15.1543045
train,20,139,95.0,107.57912,12.579117
train,20,140,94.0,105.05874,11.058739
train,20,141,93.0,99.451546,6.4515457
train,20,142,92.0,100.83817,8.838173
train,20,143,91.0,95.88828,4.888283
train,20,144,90.0,96.72295,6.722954
train,20,145,89.0,97.29899,8.298988
train,20,146,88.0,94.11584,6.115837
train,20,147,87.0,102.98383,15.983833
train,20,148,86.0,104.39795,18.39795
train,20,149,85.0,106.74897,21.74897
train,20,150,84.0,96.19755,12.197548
train,20,151,83.0,94.76801,11.768013
train,20,152,82.0,96.74915,14.749153
train,20,153,81.0,96.41625,15.416252
train,20,154,80.0,102.558556,22.558556
train,20,155,79.0,95.12235,16.122353
train,20,156,78.0,86.6963,8.696297
train,20,157,77.0,88.00565,11.005653
train,20,158,76.0,87.47861,11.478607
train,20,159,75.0,92.216,17.216003
train,20,160,74.0,80.593895,6.593895
train,20,161,73.0,73.49529,0.49529266
train,20,162,72.0,68.84037,-3.1596298
train,20,163,71.0,62.98319,-8.016811
train,20,164,70.0,58.931877,-11.068123
train,20,165,69.0,55.92514,-13.07486
train,20,166,68.0,68.94582,0.94582367
train,20,167,67.0,77.25341,10.25341
train,20,168,66.0,72.01151,6.0115128
train,20,169,65.0,67.802246,2.802246
train,20,170,64.0,70.316124,6.316124
train,20,171,63.0,65.434364,2.4343643
train,20,172,62.0,65.29607,3.2960663
train,20,173,61.0,62.582157,1.5821571
train,20,174,60.0,62.153294,2.1532936
train,20,175,59.0,60.434025,1.4340248
train,20,176,58.0,59.04813,1.04813
train,20,177,57.0,59.222115,2.2221146
train,20,178,56.0,63.9157,7.915699
train,20,179,55.0,59.96976,4.969761
train,20,180,54.0,54.769413,0.769413
train,20,181,53.0,57.371372,4.371372
train,20,182,52.0,51.539536,-0.46046448
train,20,183,51.0,56.933582,5.9335823
train,20,184,50.0,57.638454,7.6384544
train,20,185,49.0,54.529373,5.529373
train,20,186,48.0,52.877014,4.877014
train,20,187,47.0,57.41939,10.419392
train,20,188,46.0,48.807407,2.8074074
train,20,189,45.0,49.915817,4.9158173
train,20,190,44.0,49.3511,5.351101
train,20,191,43.0,46.143982,3.143982
train,20,192,42.0,41.78624,-0.21376038
train,20,193,41.0,41.348213,0.3482132
train,20,194,40.0,41.8716,1.8716011
train,20,195,39.0,42.446514,3.4465141
train,20,196,38.0,39.418594,1.4185944
train,20,197,37.0,38.94653,1.9465294
train,20,198,36.0,42.42129,6.4212914
train,20,199,35.0,40.083088,5.083088
train,20,200,34.0,41.874798,7.874798
train,20,201,33.0,38.37118,5.3711815
train,20,202,32.0,38.274075,6.2740746
train,20,203,31.0,36.374786,5.3747864
train,20,204,30.0,29.945635,-0.054365158
train,20,205,29.0,30.16721,1.1672096
train,20,206,28.0,33.331646,5.331646
train,20,207,27.0,29.616962,2.6169624
train,20,208,26.0,26.758337,0.758337
train,20,209,25.0,27.177626,2.1776257
train,20,210,24.0,28.460287,4.460287
train,20,211,23.0,24.2986,1.2985992
train,20,212,22.0,24.129913,2.1299133
train,20,213,21.0,22.779755,1.7797546
train,20,214,20.0,19.007492,-0.99250793
train,20,215,19.0,16.535498,-2.4645023
train,20,216,18.0,13.713532,-4.2864676
train,20,217,17.0,13.325274,-3.6747255
train,20,218,16.0,12.310365,-3.6896353
train,20,219,15.0,13.675628,-1.3243723
train,20,220,14.0,11.492311,-2.5076895
train,20,221,13.0,13.136743,0.13674259
train,20,222,12.0,14.5149975,2.5149975
train,20,223,11.0,15.96023,4.96023
train,20,224,10.0,16.209372,6.2093716
train,20,225,9.0,14.492095,5.492095
train,20,226,8.0,12.123273,4.123273
train,20,227,7.0,12.380841,5.3808413
train,20,228,6.0,8.871534,2.8715343
train,20,229,5.0,8.560754,3.5607538
train,20,230,4.0,8.180266,4.1802664
train,20,231,3.0,5.2874155,2.2874155
train,20,232,2.0,4.3643894,2.3643894
train,20,233,1.0,2.6320767,1.6320767
train,20,234,0.0,2.2895813,2.2895813
train,21,30,165.0,142.95923,-22.040771
train,21,31,164.0,141.11124,-22.888763
train,21,32,163.0,143.74692,-19.253082
train,21,33,162.0,142.55145,-19.448547
train,21,34,161.0,143.28233,-17.717667
train,21,35,160.0,133.56236,-26.437637
train,21,36,159.0,141.06256,-17.937439
train,21,37,158.0,130.27094,-27.729065
train,21,38,157.0,137.37596,-19.624039
train,21,39,156.0,138.99568,-17.004318
train,21,40,155.0,126.16827,-28.831734
train,21,41,154.0,138.42348,-15.576523
train,21,42,153.0,133.02167,-19.978333
train,21,43,152.0,135.28374,-16.716263
train,21,44,151.0,140.5547,-10.445297
train,21,45,150.0,140.51353,-9.486465
train,21,46,149.0,141.31042,-7.689575
train,21,47,148.0,143.08069,-4.9193115
train,21,48,147.0,143.47272,-3.5272827
train,21,49,146.0,143.57845,-2.4215546
train,21,50,145.0,143.62137,-1.3786316
train,21,51,144.0,143.72498,-0.2750244
train,21,52,143.0,143.43442,0.43441772
train,21,53,142.0,143.34288,1.3428802
train,21,54,141.0,143.12228,2.122284
train,21,55,140.0,143.69273,3.6927338
train,21,56,139.0,143.12807,4.128067
train,21,57,138.0,143.45265,5.452652
train,21,58,137.0,143.45845,6.4584503
train,21,59,136.0,143.59438,7.5943756
train,21,60,135.0,143.58165,8.58165
train,21,61,134.0,143.30884,9.308838
train,21,62,133.0,143.04768,10.047684
train,21,63,132.0,143.22072,11.220718
train,21,64,131.0,143.35045,12.350449
train,21,65,130.0,143.24434,13.244339
train,21,66,129.0,143.23405,14.234055
train,21,67,128.0,142.6425,14.642502
train,21,68,127.0,142.217,15.216995
train,21,69,126.0,143.17235,17.172348
train,21,70,125.0,129.11995,4.1199493
train,21,71,124.0,143.17319,19.173187
train,21,72,123.0,139.28798,16.28798
train,21,73,122.0,140.58763,18.587631
train,21,74,121.0,141.4106,20.410599
train,21,75,120.0,140.80069,20.80069
train,21,76,119.0,140.76257,21.762573
train,21,77,118.0,142.59511,24.595108
train,21,78,117.0,143.18312,26.18312
train,21,79,116.0,143.15431,27.154312
train,21,80,115.0,143.19588,28.195877
train,21,81,114.0,142.601,28.600998
train,21,82,113.0,143.33656,30.336563
train,21,83,112.0,143.42021,31.420212
train,21,84,111.0,143.44118,32.441177
train,21,85,110.0,143.14072,33.140717
train,21,86,109.0,143.16988,34.169876
train,21,87,108.0,142.89436,34.894363
train,21,88,107.0,143.24614,36.24614
train,21,89,106.0,142.21971,36.21971
train,21,90,105.0,142.95549,37.95549
train,21,91,104.0,143.2036,39.203598
train,21,92,103.0,142.40782,39.40782
train,21,93,102.0,138.05357,36.053574
train,21,94,101.0,133.76064,32.760635
train,21,95,100.0,119.42678,19.42678
train,21,96,99.0,103.10859,4.108589
train,21,97,98.0,86.94309,-11.056908
train,21,98,97.0,87.49412,-9.505882
train,21,99,96.0,106.43794,10.4379425
train,21,100,95.0,87.98597,-7.0140305
train,21,101,94.0,94.45895,0.45894623
train,21,102,93.0,83.26479,-9.735207
train,21,103,92.0,87.39883,-4.6011734
train,21,104,91.0,82.990944,-8.009056
train,21,105,90.0,86.718346,-3.2816544
train,21,106,89.0,90.126114,1.1261139
train,21,107,88.0,97.09176,9.091759
train,21,108,87.0,99.45391,12.453911
train,21,109,86.0,90.823296,4.8232956
train,21,110,85.0,97.65162,12.651619
train,21,111,84.0,97.27114,13.271141
train,21,112,83.0,93.0241,10.024101
train,21,113,82.0,109.2526,27.252602
train,21,114,81.0,98.293846,17.293846
train,21,115,80.0,90.76896,10.768959
train,21,116,79.0,91.40557,12.405571
train,21,117,78.0,80.01853,2.0185318
train,21,118,77.0,67.31118,-9.68882
train,21,119,76.0,67.88969,-8.110313
train,21,120,75.0,77.06583,2.0658264
train,21,121,74.0,78.300545,4.3005447
train,21,122,73.0,80.53996,7.539963
train,21,123,72.0,76.22831,4.2283096
train,21,124,71.0,76.224815,5.2248154
train,21,125,70.0,78.55015,8.550148
train,21,126,69.0,81.731926,12.731926
train,21,127,68.0,89.32902,21.329018
train,21,128,67.0,75.94198,8.941978
train,21,129,66.0,72.58791,6.5879135
train,21,130,65.0,72.40052,7.4005203
train,21,131,64.0,66.652725,2.6527252
train,21,132,63.0,68.724884,5.724884
train,21,133,62.0,75.39924,13.399239
train,21,134,61.0,70.980965,9.980965
train,21,135,60.0,70.51175,10.511749
train,21,136,59.0,64.71179,5.711792
train,21,137,58.0,62.80878,4.8087807
train,21,138,57.0,64.26454,7.2645416
train,21,139,56.0,53.67856,-2.3214417
train,21,140,55.0,57.749195,2.749195
train,21,141,54.0,56.38252,2.3825188
train,21,142,53.0,54.775375,1.7753754
train,21,143,52.0,46.663715,-5.3362846
train,21,144,51.0,42.87538,-8.124619
train,21,145,50.0,39.91763,-10.082371
train,21,146,49.0,45.53362,-3.466381
train,21,147,48.0,41.33495,-6.6650505
train,21,148,47.0,44.303753,-2.696247
train,21,149,46.0,42.764412,-3.235588
train,21,150,45.0,43.34123,-1.6587715
train,21,151,44.0,43.582745,-0.4172554
train,21,152,43.0,43.60216,0.6021614
train,21,153,42.0,39.84622,-2.153782
train,21,154,41.0,40.4291,-0.57089996
train,21,155,40.0,40.408623,0.40862274
train,21,156,39.0,41.610073,2.610073
train,21,157,38.0,38.477238,0.4772377
train,21,158,37.0,36.111263,-0.8887367
train,21,159,36.0,36.46743,0.4674301
train,21,160,35.0,33.834713,-1.165287
train,21,161,34.0,31.734898,-2.2651024
train,21,162,33.0,30.932238,-2.0677624
train,21,163,32.0,37.412815,5.412815
train,21,164,31.0,31.848234,0.8482342
train,21,165,30.0,26.403635,-3.596365
train,21,166,29.0,25.191465,-3.8085346
train,21,167,28.0,26.885984,-1.1140156
train,21,168,27.0,25.588305,-1.4116955
train,21,169,26.0,26.951056,0.9510555
train,21,170,25.0,23.15832,-1.8416805
train,21,171,24.0,24.154358,0.15435791
train,21,172,23.0,22.789732,-0.21026802
train,21,173,22.0,25.412378,3.4123783
train,21,174,21.0,23.921368,2.9213676
train,21,175,20.0,19.741854,-0.2581463
train,21,176,19.0,22.219244,3.219244
train,21,177,18.0,20.721725,2.7217255
train,21,178,17.0,18.733,1.7329998
train,21,179,16.0,20.240835,4.240835
train,21,180,15.0,17.131292,2.1312923
train,21,181,14.0,16.319632,2.3196316
train,21,182,13.0,12.3891115,-0.6108885
train,21,183,12.0,13.086726,1.0867262
train,21,184,11.0,10.240993,-0.75900745
train,21,185,10.0,9.94209,-0.057909966
train,21,186,9.0,9.543672,0.5436716
train,21,187,8.0,7.2422523,-0.75774765
train,21,188,7.0,7.9686346,0.9686346
train,21,189,6.0,9.61242,3.61242
train,21,190,5.0,9.013708,4.013708
train,21,191,4.0,8.080454,4.080454
train,21,192,3.0,6.5754194,3.5754194
train,21,193,2.0,5.2704573,3.2704573
train,21,194,1.0,4.151867,3.151867
train,21,195,0.0,2.7041287,2.7041287
train,23,30,138.0,143.11806,5.1180573
train,23,31,137.0,143.13835,6.1383514
train,23,32,136.0,143.1429,7.1428986
train,23,33,135.0,142.9044,7.9044037
train,23,34,134.0,143.18703,9.187027
train,23,35,133.0,142.85043,9.850433
train,23,36,132.0,142.54076,10.540756
train,23,37,131.0,142.62595,11.625946
train,23,38,130.0,143.01146,13.011459
train,23,39,129.0,141.56255,12.562546
train,23,40,128.0,141.71036,13.710358
train,23,41,127.0,141.58,14.580002
train,23,42,126.0,142.61682,16.616821
train,23,43,125.0,142.1428,17.142807
train,23,44,124.0,140.89815,16.898148
train,23,45,123.0,142.83769,19.837692
train,23,46,122.0,143.01106,21.011063
train,23,47,121.0,142.47438,21.47438
train,23,48,120.0,142.50627,22.506271
train,23,49,119.0,142.77098,23.77098
train,23,50,118.0,140.72557,22.72557
train,23,51,117.0,103.91692,-13.0830765
train,23,52,116.0,112.28985,-3.7101517
train,23,53,115.0,111.570366,-3.429634
train,23,54,114.0,118.51946,4.5194626
train,23,55,113.0,75.64695,-37.35305
train,23,56,112.0,67.54278,-44.457222
train,23,57,111.0,71.59171,-39.408287
train,23,58,110.0,73.5846,-36.415398
train,23,59,109.0,96.6309,-12.3691025
train,23,60,108.0,104.2292,-3.7707977
train,23,61,107.0,120.31605,13.316048
train,23,62,106.0,127.52946,21.529457
train,23,63,105.0,121.77337,16.773369
train,23,64,104.0,110.475136,6.475136
train,23,65,103.0,95.79714,-7.202858
train,23,66,102.0,93.76501,-8.234993
train,23,67,101.0,83.78913,-17.210869
train,23,68,100.0,80.94019,-19.059807
train,23,69,99.0,78.17045,-20.829552
train,23,70,98.0,79.84622,-18.153778
train,23,71,97.0,85.678825,-11.321175
train,23,72,96.0,88.25855,-7.7414474
train,23,73,95.0,85.52398,-9.476021
train,23,74,94.0,88.17187,-5.8281326
train,23,75,93.0,87.93177,-5.0682297
train,23,76,92.0,88.79531,-3.204689
train,23,77,91.0,78.98649,-12.013512
train,23,78,90.0,77.661354,-12.338646
train,23,79,89.0,91.528656,2.528656
train,23,80,88.0,99.5882,11.588203
train,23,81,87.0,102.146545,15.146545
train,23,82,86.0,98.978065,12.9780655
train,23,83,85.0,101.34107,16.341072
train,23,84,84.0,110.94204,26.94204
train,23,85,83.0,110.54778,27.547783
train,23,86,82.0,103.38007,21.380074
train,23,87,81.0,101.486916,20.486916
train,23,88,80.0,95.86176,15.861763
train,23,89,79.0,99.00842,20.008423
train,23,90,78.0,85.27953,7.2795334
train,23,91,77.0,80.63422,3.6342163
train,23,92,76.0,78.79148,2.791481
train,23,93,75.0,87.89639,12.896393
train,23,94,74.0,93.480385,19.480385
train,23,95,73.0,92.82574,19.825737
train,23,96,72.0,92.76235,20.762352
train,23,97,71.0,103.36092,32.360924
train,23,98,70.0,93.05896,23.05896
train,23,99,69.0,91.18277,22.18277
train,23,100,68.0,75.56105,7.5610504
train,23,101,67.0,76.19451,9.194511
train,23,102,66.0,60.52373,-5.476269
train,23,103,65.0,54.851437,-10.148563
train,23,104,64.0,55.927597,-8.072403
train,23,105,63.0,59.935585,-3.064415
train,23,106,62.0,55.95418,-6.0458183
train,23,107,61.0,47.478764,-13.521236
train,23,108,60.0,51.770412,-8.229588
train,23,109,59.0,56.226658,-2.7733421
train,23,110,58.0,55.151432,-2.848568
train,23,111,57.0,58.251125,1.2511253
train,23,112,56.0,54.159626,-1.840374
train,23,113,55.0,56.02229,1.0222893
train,23,114,54.0,57.846104,3.8461037
train,23,115,53.0,53.92249,0.92248917
train,23,116,52.0,47.23698,-4.7630196
train,23,117,51.0,41.472057,-9.527943
train,23,118,50.0,41.41395,-8.586048
train,23,119,49.0,42.007732,-6.9922676
train,23,120,48.0,39.943645,-8.0563545
train,23,121,47.0,40.929234,-6.0707664
train,23,122,46.0,42.148846,-3.8511543
train,23,123,45.0,39.99213,-5.0078697
train,23,124,44.0,42.935844,-1.0641556
train,23,125,43.0,44.004734,1.004734
train,23,126,42.0,44.89982,2.8998184
train,23,127,41.0,55.018,14.018002
train,23,128,40.0,55.299107,15.299107
train,23,129,39.0,50.44444,11.444439
train,23,130,38.0,42.739437,4.739437
train,23,131,37.0,34.846016,-2.153984
train,23,132,36.0,32.885914,-3.1140862
train,23,133,35.0,32.784023,-2.2159767
train,23,134,34.0,36.15821,2.1582108
train,23,135,33.0,32.24753,-0.7524681
train,23,136,32.0,30.143616,-1.8563843
train,23,137,31.0,29.3393,-1.6606998
train,23,138,30.0,29.23015,-0.7698498
train,23,139,29.0,25.977552,-3.0224476
train,23,140,28.0,33.163395,5.163395
train,23,141,27.0,34.67272,7.672722
train,23,142,26.0,33.28651,7.2865105
train,23,143,25.0,30.815542,5.815542
train,23,144,24.0,31.246367,7.2463665
train,23,145,23.0,30.411024,7.411024
train,23,146,22.0,26.47006,4.4700603
train,23,147,21.0,24.924881,3.924881
train,23,148,20.0,22.060581,2.0605812
train,23,149,19.0,20.322552,1.3225517
train,23,150,18.0,18.977839,0.9778385
train,23,151,17.0,18.256351,1.2563515
train,23,152,16.0,17.204634,1.2046337
train,23,153,15.0,16.8094,1.8094006
train,23,154,14.0,15.746477,1.7464771
train,23,155,13.0,17.934645,4.9346447
train,23,156,12.0,18.5429,6.5429
train,23,157,11.0,15.402741,4.4027414
train,23,158,10.0,12.189511,2.1895113
train,23,159,9.0,12.068179,3.0681791
train,23,160,8.0,11.841069,3.8410692
train,23,161,7.0,11.099673,4.0996733
train,23,162,6.0,9.194837,3.1948366
train,23,163,5.0,9.078162,4.078162
train,23,164,4.0,8.687031,4.687031
train,23,165,3.0,7.3608294,4.3608294
train,23,166,2.0,6.4764647,4.4764647
train,23,167,1.0,6.565613,5.565613
train,23,168,0.0,3.0914388,3.0914388
train,24,30,117.0,128.11465,11.114655
train,24,31,116.0,123.61184,7.6118393
train,24,32,115.0,135.59706,20.597061
train,24,33,114.0,123.46806,9.468063
train,24,34,113.0,121.243965,8.243965
train,24,35,112.0,116.74003,4.7400284
train,24,36,111.0,113.44666,2.446663
train,24,37,110.0,127.24841,17.248413
train,24,38,109.0,122.91467,13.914673
train,24,39,108.0,117.63352,9.633522
train,24,40,107.0,116.58918,9.58918
train,24,41,106.0,119.721855,13.721855
train,24,42,105.0,116.712006,11.712006
train,24,43,104.0,116.57473,12.57473
train,24,44,103.0,128.2748,25.274796
train,24,45,102.0,131.81697,29.81697
train,24,46,101.0,128.46954,27.469543
train,24,47,100.0,120.36547,20.36547
train,24,48,99.0,115.91174,16.911743
train,24,49,98.0,108.30866,10.308662
train,24,50,97.0,107.11172,10.111717
train,24,51,96.0,110.191635,14.191635
train,24,52,95.0,112.412384,17.412384
train,24,53,94.0,108.41279,14.412788
train,24,54,93.0,112.26951,19.269508
train,24,55,92.0,113.827446,21.827446
train,24,56,91.0,111.91947,20.919472
train,24,57,90.0,106.029106,16.029106
train,24,58,89.0,99.72178,10.721779
train,24,59,88.0,100.05831,12.058311
train,24,60,87.0,101.77082,14.770821
train,24,61,86.0,94.10898,8.108978
train,24,62,85.0,95.655235,10.655235
train,24,63,84.0,95.22421,11.224213
train,24,64,83.0,95.92118,12.921181
train,24,65,82.0,86.177155,4.1771545
train,24,66,81.0,89.659004,8.659004
train,24,67,80.0,91.717,11.717003
train,24,68,79.0,97.20673,18.206734
train,24,69,78.0,97.279045,19.279045
train,24,70,77.0,91.89307,14.893066
train,24,71,76.0,83.18739,7.187393
train,24,72,75.0,87.78889,12.788887
train,24,73,74.0,91.28839,17.288391
train,24,74,73.0,81.01156,8.011559
train,24,75,72.0,83.31812,11.318123
train,24,76,71.0,81.526085,10.526085
train,24,77,70.0,72.745,2.7450027
train,24,78,69.0,75.46196,6.46196
train,24,79,68.0,86.10524,18.10524
train,24,80,67.0,86.49393,19.493927
train,24,81,66.0,88.529366,22.529366
train,24,82,65.0,86.255196,21.255196
train,24,83,64.0,80.20272,16.20272
train,24,84,63.0,80.415,17.415
train,24,85,62.0,80.62849,18.628487
train,24,86,61.0,78.64999,17.649986
train,24,87,60.0,68.51687,8.516869
train,24,88,59.0,63.74993,4.7499313
train,24,89,58.0,71.59204,13.592041
train,24,90,57.0,65.95941,8.959412
train,24,91,56.0,59.880596,3.8805962
train,24,92,55.0,60.53429,5.5342903
train,24,93,54.0,63.19048,9.190479
train,24,94,53.0,71.14178,18.141777
train,24,95,52.0,74.34339,22.343391
train,24,96,51.0,70.573135,19.573135
train,24,97,50.0,68.2414,18.241402
train,24,98,49.0,64.38674,15.386742
train,24,99,48.0,53.688877,5.688877
train,24,100,47.0,54.089146,7.0891457
train,24,101,46.0,50.28786,4.287861
train,24,102,45.0,53.813274,8.813274
train,24,103,44.0,51.922062,7.922062
train,24,104,43.0,47.469856,4.4698563
train,24,105,42.0,47.871006,5.871006
train,24,106,41.0,49.869545,8.869545
train,24,107,40.0,52.440876,12.440876
train,24,108,39.0,57.329044,18.329044
train,24,109,38.0,54.713154,16.713154
train,24,110,37.0,52.09802,15.098019
train,24,111,36.0,48.25533,12.255329
train,24,112,35.0,47.03651,12.03651
train,24,113,34.0,45.076412,11.076412
train,24,114,33.0,48.59444,15.59444
train,24,115,32.0,54.944687,22.944687
train,24,116,31.0,51.46374,20.463741
train,24,117,30.0,48.282875,18.282875
train,24,118,29.0,41.194347,12.194347
train,24,119,28.0,44.575542,16.575542
train,24,120,27.0,40.22524,13.225239
train,24,121,26.0,41.12756,15.12756
train,24,122,25.0,34.84568,9.84568
train,24,123,24.0,29.269014,5.2690144
train,24,124,23.0,30.795465,7.7954655
train,24,125,22.0,29.069525,7.069525
train,24,126,21.0,26.35172,5.351721
train,24,127,20.0,24.259668,4.2596684
train,24,128,19.0,24.66675,5.66675
train,24,129,18.0,23.737652,5.737652
train,24,130,17.0,22.35931,5.35931
train,24,131,16.0,20.122292,4.1222916
train,24,132,15.0,20.84221,5.842211
train,24,133,14.0,16.21678,2.2167797
train,24,134,13.0,12.911255,-0.08874512
train,24,135,12.0,12.605527,0.6055269
train,24,136,11.0,10.959995,-0.04000473
train,24,137,10.0,9.577113,-0.42288685
train,24,138,9.0,11.885867,2.885867
train,24,139,8.0,10.268112,2.2681122
train,24,140,7.0,10.808634,3.8086338
train,24,141,6.0,9.468126,3.4681263
train,24,142,5.0,8.579265,3.5792646
train,24,143,4.0,7.5249786,3.5249786
train,24,144,3.0,4.3644433,1.3644433
train,24,145,2.0,3.1893473,1.1893473
train,24,146,1.0,1.5677382,0.5677382
train,24,147,0.0,0.4536072,0.4536072
train,27,30,126.0,143.34824,17.348236
train,27,31,125.0,143.36278,18.362778
train,27,32,124.0,143.21342,19.213425
train,27,33,123.0,142.97995,19.97995
train,27,34,122.0,143.27394,21.273941
train,27,35,121.0,143.16463,22.164627
train,27,36,120.0,143.10486,23.104858
train,27,37,119.0,143.25562,24.255615
train,27,38,118.0,143.13316,25.133163
train,27,39,117.0,143.13564,26.135635
train,27,40,116.0,142.09007,26.090073
train,27,41,115.0,142.68285,27.682846
train,27,42,114.0,140.13802,26.138016
train,27,43,113.0,131.13855,18.13855
train,27,44,112.0,128.98409,16.984085
train,27,45,111.0,125.665184,14.665184
train,27,46,110.0,122.92494,12.924942
train,27,47,109.0,135.06972,26.069717
train,27,48,108.0,124.52552,16.52552
train,27,49,107.0,126.045204,19.045204
train,27,50,106.0,102.507866,-3.492134
train,27,51,105.0,91.80515,-13.194847
train,27,52,104.0,75.57076,-28.429237
train,27,53,103.0,80.82467,-22.175331
train,27,54,102.0,75.79362,-26.206383
train,27,55,101.0,89.96603,-11.033974
train,27,56,100.0,94.036095,-5.9639053
train,27,57,99.0,95.86704,-3.1329575
train,27,58,98.0,112.34142,14.341423
train,27,59,97.0,114.14151,17.14151
train,27,60,96.0,99.248764,3.248764
train,27,61,95.0,86.284355,-8.715645
train,27,62,94.0,83.487816,-10.512184
train,27,63,93.0,75.84674,-17.15326
train,27,64,92.0,86.930405,-5.0695953
train,27,65,91.0,86.506966,-4.4930344
train,27,66,90.0,95.28025,5.2802505
train,27,67,89.0,99.0026,10.002602
train,27,68,88.0,97.69915,9.69915
train,27,69,87.0,95.785194,8.785194
train,27,70,86.0,92.09413,6.0941315
train,27,71,85.0,85.52594,0.52593994
train,27,72,84.0,85.09499,1.0949936
train,27,73,83.0,82.35427,-0.64572906
train,27,74,82.0,104.78449,22.784492
train,27,75,81.0,119.0055,38.0055
train,27,76,80.0,138.51663,58.516632
train,27,77,79.0,136.47954,57.479538
train,27,78,78.0,127.40519,49.40519
train,27,79,77.0,113.08251,36.08251
train,27,80,76.0,103.88557,27.885567
train,27,81,75.0,100.54914,25.54914
train,27,82,74.0,102.13725,28.137253
train,27,83,73.0,98.66491,25.66491
train,27,84,72.0,78.343895,6.343895
train,27,85,71.0,89.595375,18.595375
train,27,86,70.0,86.880394,16.880394
train,27,87,69.0,79.020775,10.020775
train,27,88,68.0,82.087425,14.087425
train,27,89,67.0,75.82733,8.827332
train,27,90,66.0,67.60649,1.6064911
train,27,91,65.0,67.21125,2.2112503
train,27,92,64.0,61.463253,-2.536747
train,27,93,63.0,57.141903,-5.858097
train,27,94,62.0,55.896183,-6.103817
train,27,95,61.0,53.336613,-7.6633873
train,27,96,60.0,48.61144,-11.388561
train,27,97,59.0,50.17261,-8.827389
train,27,98,58.0,45.55747,-12.442532
train,27,99,57.0,49.54239,-7.457611
train,27,100,56.0,51.221004,-4.7789955
train,27,101,55.0,53.2933,-1.7066994
train,27,102,54.0,46.628193,-7.371807
train,27,103,53.0,43.136333,-9.863667
train,27,104,52.0,44.001385,-7.9986153
train,27,105,51.0,47.19649,-3.8035088
train,27,106,50.0,45.282482,-4.717518
train,27,107,49.0,45.024857,-3.9751434
train,27,108,48.0,50.042843,2.0428429
train,27,109,47.0,44.855408,-2.1445923
train,27,110,46.0,43.944733,-2.0552673
train,27,111,45.0,45.263866,0.26386642
train,27,112,44.0,40.279346,-3.7206535
train,27,113,43.0,39.27724,-3.7227592
train,27,114,42.0,41.457935,-0.54206467
train,27,115,41.0,45.802177,4.8021774
train,27,116,40.0,45.977757,5.9777565
train,27,117,39.0,40.858585,1.8585854
train,27,118,38.0,44.19757,6.197571
train,27,119,37.0,42.1311,5.1310997
train,27,120,36.0,39.380974,3.3809738
train,27,121,35.0,42.760807,7.760807
train,27,122,34.0,40.416256,6.416256
train,27,123,33.0,36.257298,3.2572975
train,27,124,32.0,37.568943,5.568943
train,27,125,31.0,38.70772,7.7077217
train,27,126,30.0,36.11578,6.11578
train,27,127,29.0,35.770584,6.770584
train,27,128,28.0,33.18998,5.1899796
train,27,129,27.0,33.75218,6.752178
train,27,130,26.0,32.190857,6.190857
train,27,131,25.0,30.33571,5.3357105
train,27,132,24.0,30.122911,6.1229115
train,27,133,23.0,29.049597,6.049597
train,27,134,22.0,25.084028,3.0840282
train,27,135,21.0,26.592546,5.5925465
train,27,136,20.0,23.625584,3.6255836
train,27,137,19.0,23.21179,4.21179
train,27,138,18.0,20.226324,2.226324
train,27,139,17.0,19.95994,2.95994
train,27,140,16.0,19.49314,3.4931393
train,27,141,15.0,18.60523,3.6052303
train,27,142,14.0,17.378298,3.3782978
train,27,143,13.0,14.944045,1.9440451
train,27,144,12.0,12.248619,0.24861908
train,27,145,11.0,10.341587,-0.65841293
train,27,146,10.0,9.413162,-0.58683777
train,27,147,9.0,7.653823,-1.3461771
train,27,148,8.0,8.956918,0.95691776
train,27,149,7.0,8.614471,1.6144714
train,27,150,6.0,6.5525556,0.55255556
train,27,151,5.0,4.9495015,-0.050498486
train,27,152,4.0,5.364228,1.3642278
train,27,153,3.0,6.07931,3.07931
train,27,154,2.0,4.0589514,2.0589514
train,27,155,1.0,2.5946434,1.5946434
train,27,156,0.0,0.7530749,0.7530749
train,29,30,133.0,142.84248,9.8424835
train,29,31,132.0,142.84732,10.847321
train,29,32,131.0,113.28118,-17.718819
train,29,33,130.0,105.68263,-24.317368
train,29,34,129.0,119.664375,-9.335625
train,29,35,128.0,128.00589,0.0058898926
train,29,36,127.0,132.46529,5.4652863
train,29,37,126.0,137.13347,11.133469
train,29,38,125.0,132.33757,7.33757
train,29,39,124.0,128.95763,4.9576263
train,29,40,123.0,126.34801,3.3480072
train,29,41,122.0,123.45585,1.4558487
train,29,42,121.0,120.78577,-0.2142334
train,29,43,120.0,121.38999,1.3899918
train,29,44,119.0,120.70752,1.7075195
train,29,45,118.0,117.253105,-0.74689484
train,29,46,117.0,142.3419,25.341904
train,29,47,116.0,127.11746,11.117462
train,29,48,115.0,140.26784,25.267838
train,29,49,114.0,142.09547,28.095474
train,29,50,113.0,110.9982,-2.0018005
train,29,51,112.0,108.43172,-3.568283
train,29,52,111.0,125.41058,14.4105835
train,29,53,110.0,102.06675,-7.9332504
train,29,54,109.0,88.786255,-20.213745
train,29,55,108.0,86.43125,-21.568748
train,29,56,107.0,78.88102,-28.11898
train,29,57,106.0,81.712296,-24.287704
train,29,58,105.0,84.07232,-20.927681
train,29,59,104.0,88.576996,-15.423004
train,29,60,103.0,87.78639,-15.213608
train,29,61,102.0,86.56466,-15.435341
train,29,62,101.0,83.778564,-17.221436
train,29,63,100.0,74.30292,-25.697083
train,29,64,99.0,81.26588,-17.734123
train,29,65,98.0,91.238014,-6.761986
train,29,66,97.0,102.373146,5.373146
train,29,67,96.0,114.16436,18.16436
train,29,68,95.0,102.403984,7.403984
train,29,69,94.0,121.47207,27.472069
train,29,70,93.0,125.66215,32.662148
train,29,71,92.0,102.43151,10.431511
train,29,72,91.0,99.61773,8.617729
train,29,73,90.0,95.87796,5.87796
train,29,74,89.0,97.382195,8.3821945
train,29,75,88.0,94.14829,6.1482925
train,29,76,87.0,96.71766,9.717659
train,29,77,86.0,90.99119,4.991188
train,29,78,85.0,85.15235,0.15235138
train,29,79,84.0,76.896286,-7.103714
train,29,80,83.0,87.943054,4.943054
train,29,81,82.0,100.602104,18.602104
train,29,82,81.0,94.191154,13.1911545
train,29,83,80.0,97.51252,17.51252
train,29,84,79.0,95.80187,16.801872
train,29,85,78.0,85.99488,7.9948807
train,29,86,77.0,71.31313,-5.6868668
train,29,87,76.0,72.96876,-3.0312424
train,29,88,75.0,71.1385,-3.8615036
train,29,89,74.0,78.51879,4.518791
train,29,90,73.0,77.655235,4.6552353
train,29,91,72.0,74.56098,2.5609818
train,29,92,71.0,81.52085,10.520851
train,29,93,70.0,70.5154,0.51540375
train,29,94,69.0,72.40241,3.4024124
train,29,95,68.0,84.41479,16.414787
train,29,96,67.0,89.542656,22.542656
train,29,97,66.0,76.17739,10.177391
train,29,98,65.0,59.738476,-5.261524
train,29,99,64.0,62.380966,-1.6190338
train,29,100,63.0,70.34373,7.343727
train,29,101,62.0,56.841568,-5.158432
train,29,102,61.0,49.144222,-11.855778
train,29,103,60.0,59.324703,-0.6752968
train,29,104,59.0,59.35609,0.35609055
train,29,105,58.0,60.246418,2.246418
train,29,106,57.0,61.135445,4.1354446
train,29,107,56.0,59.364002,3.3640022
train,29,108,55.0,63.566147,8.566147
train,29,109,54.0,66.467384,12.467384
train,29,110,53.0,84.383675,31.383675
train,29,111,52.0,75.109406,23.109406
train,29,112,51.0,73.78383,22.783829
train,29,113,50.0,74.58008,24.580078
train,29,114,49.0,75.182076,26.182076
train,29,115,48.0,70.91328,22.913277
train,29,116,47.0,59.989082,12.989082
train,29,117,46.0,62.027016,16.027016
train,29,118,45.0,61.336636,16.336636
train,29,119,44.0,56.57771,12.577709
train,29,120,43.0,43.424885,0.4248848
train,29,121,42.0,42.205254,0.2052536
train,29,122,41.0,47.333714,6.3337135
train,29,123,40.0,42.489964,2.4899635
train,29,124,39.0,38.62969,-0.37031174
train,29,125,38.0,46.80427,8.804272
train,29,126,37.0,47.87199,10.87199
train,29,127,36.0,41.746895,5.746895
train,29,128,35.0,40.810608,5.810608
train,29,129,34.0,41.834007,7.8340073
train,29,130,33.0,42.20586,9.20586
train,29,131,32.0,36.634697,4.634697
train,29,132,31.0,29.714998,-1.2850018
train,29,133,30.0,29.751633,-0.24836731
train,29,134,29.0,28.474398,-0.52560234
train,29,135,28.0,27.32379,-0.6762104
train,29,136,27.0,30.053669,3.053669
train,29,137,26.0,28.612877,2.612877
train,29,138,25.0,23.070265,-1.9297352
train,29,139,24.0,21.111185,-2.888815
train,29,140,23.0,21.147184,-1.8528156
train,29,141,22.0,18.76327,-3.2367306
train,29,142,21.0,18.20627,-2.7937298
train,29,143,20.0,20.437708,0.4377079
train,29,144,19.0,18.856121,-0.14387894
train,29,145,18.0,17.051,-0.9489994
train,29,146,17.0,18.457571,1.457571
train,29,147,16.0,16.53436,0.5343609
train,29,148,15.0,17.583593,2.5835934
train,29,149,14.0,15.354328,1.3543282
train,29,150,13.0,11.044251,-1.9557486
train,29,151,12.0,11.574433,-0.42556667
train,29,152,11.0,11.336161,0.33616066
train,29,153,10.0,11.318762,1.3187618
train,29,154,9.0,9.686397,0.6863966
train,29,155,8.0,9.820555,1.8205547
train,29,156,7.0,8.82574,1.8257399
train,29,157,6.0,7.512905,1.5129051
train,29,158,5.0,4.5102973,-0.4897027
train,29,159,4.0,3.5159512,-0.48404884
train,29,160,3.0,2.6241894,-0.37581062
train,29,161,2.0,2.203546,0.20354605
train,29,162,1.0,2.2876496,1.2876496
train,29,163,0.0,2.2295313,2.2295313
train,30,30,164.0,145.89125,-18.10875
train,30,31,163.0,145.91034,-17.08966
train,30,32,162.0,145.89641,-16.103592
train,30,33,161.0,145.90009,-15.099915
train,30,34,160.0,145.61574,-14.384262
train,30,35,159.0,145.80368,-13.19632
train,30,36,158.0,145.74706,-12.252945
train,30,37,157.0,145.85442,-11.145584
train,30,38,156.0,145.6524,-10.347595
train,30,39,155.0,145.63597,-9.364029
train,30,40,154.0,145.57655,-8.423447
train,30,41,153.0,145.96672,-7.0332794
train,30,42,152.0,145.77913,-6.220871
train,30,43,151.0,145.72292,-5.2770844
train,30,44,150.0,145.59178,-4.4082184
train,30,45,149.0,145.5424,-3.4575958
train,30,46,148.0,145.58443,-2.4155731
train,30,47,147.0,145.63063,-1.3693695
train,30,48,146.0,145.75047,-0.24952698
train,30,49,145.0,145.49437,0.4943695
train,30,50,144.0,144.82109,0.8210907
train,30,51,143.0,145.29851,2.2985077
train,30,52,142.0,145.36244,3.362442
train,30,53,141.0,145.32681,4.3268127
train,30,54,140.0,145.32506,5.325058
train,30,55,139.0,145.13152,6.1315155
train,30,56,138.0,145.27763,7.2776337
train,30,57,137.0,145.75351,8.7535095
train,30,58,136.0,145.53278,9.532776
train,30,59,135.0,145.67061,10.6706085
train,30,60,134.0,145.63838,11.638382
train,30,61,133.0,145.60979,12.609787
train,30,62,132.0,145.82437,13.824371
train,30,63,131.0,145.49974,14.499741
train,30,64,130.0,145.80202,15.802017
train,30,65,129.0,145.13664,16.136642
train,30,66,128.0,145.35738,17.357376
train,30,67,127.0,145.68083,18.680832
train,30,68,126.0,145.67809,19.678085
train,30,69,125.0,145.63647,20.636475
train,30,70,124.0,145.35968,21.35968
train,30,71,123.0,145.70822,22.708221
train,30,72,122.0,145.38872,23.388718
train,30,73,121.0,145.68092,24.680923
train,30,74,120.0,145.713,25.712997
train,30,75,119.0,145.57796,26.577957
train,30,76,118.0,145.81349,27.813492
train,30,77,117.0,145.74284,28.742844
train,30,78,116.0,145.67566,29.67566
train,30,79,115.0,145.56995,30.569946
train,30,80,114.0,145.65442,31.654419
train,30,81,113.0,145.3938,32.3938
train,30,82,112.0,145.5631,33.563095
train,30,83,111.0,145.37428,34.374283
train,30,84,110.0,145.14594,35.145935
train,30,85,109.0,145.45256,36.45256
train,30,86,108.0,145.61064,37.61064
train,30,87,107.0,145.77266,38.77266
train,30,88,106.0,145.92064,39.92064
train,30,89,105.0,145.30873,40.30873
train,30,90,104.0,145.3325,41.332504
train,30,91,103.0,145.10576,42.10576
train,30,92,102.0,144.47409,42.47409
train,30,93,101.0,145.08554,44.08554
train,30,94,100.0,144.56505,44.56505
train,30,95,99.0,145.38956,46.389557
train,30,96,98.0,145.10233,47.102325
train,30,97,97.0,144.24751,47.247513
train,30,98,96.0,141.96568,45.965683
train,30,99,95.0,136.49712,41.497116
train,30,100,94.0,130.1949,36.1949
train,30,101,93.0,125.62479,32.624786
train,30,102,92.0,132.8202,40.820206
train,30,103,91.0,136.36952,45.369522
train,30,104,90.0,136.43443,46.434433
train,30,105,89.0,133.5455,44.5455
train,30,106,88.0,120.36778,32.367783
train,30,107,87.0,109.929054,22.929054
train,30,108,86.0,111.70713,25.70713
train,30,109,85.0,104.458664,19.458664
train,30,110,84.0,99.57255,15.572548
train,30,111,83.0,94.18873,11.188728
train,30,112,82.0,98.04412,16.04412
train,30,113,81.0,107.14913,26.149132
train,30,114,80.0,112.3269,32.326897
train,30,115,79.0,113.04234,34.042343
train,30,116,78.0,112.95276,34.95276
train,30,117,77.0,110.896286,33.896286
train,30,118,76.0,117.25569,41.25569
train,30,119,75.0,129.6602,54.660202
train,30,120,74.0,130.41608,56.416077
train,30,121,73.0,137.45695,64.456955
train,30,122,72.0,128.7172,56.717194
train,30,123,71.0,116.926476,45.926476
train,30,124,70.0,105.990204,35.990204
train,30,125,69.0,110.46142,41.46142
train,30,126,68.0,107.60734,39.607338
train,30,127,67.0,98.80647,31.806473
train,30,128,66.0,92.04148,26.041481
train,30,129,65.0,89.27607,24.27607
train,30,130,64.0,86.06127,22.061272
train,30,131,63.0,81.88356,18.88356
train,30,132,62.0,84.83848,22.838478
train,30,133,61.0,83.89583,22.895828
train,30,134,60.0,83.98355,23.983551
train,30,135,59.0,87.68685,28.686852
train,30,136,58.0,78.76832,20.768318
train,30,137,57.0,73.12443,16.124428
train,30,138,56.0,67.12206,11.122063
train,30,139,55.0,62.651394,7.651394
train,30,140,54.0,69.40099,15.400993
train,30,141,53.0,67.58584,14.585838
train,30,142,52.0,58.105953,6.105953
train,30,143,51.0,62.153103,11.153103
train,30,144,50.0,58.371048,8.371048
train,30,145,49.0,54.57038,5.570381
train,30,146,48.0,54.77892,6.778919
train,30,147,47.0,57.29337,10.293369
train,30,148,46.0,51.45428,5.454281
train,30,149,45.0,55.933147,10.933147
train,30,150,44.0,47.626377,3.626377
train,30,151,43.0,47.902935,4.902935
train,30,152,42.0,46.715076,4.7150764
train,30,153,41.0,44.349064,3.3490639
train,30,154,40.0,46.55505,6.55505
train,30,155,39.0,45.76408,6.76408
train,30,156,38.0,45.891438,7.8914375
train,30,157,37.0,41.034454,4.0344543
train,30,158,36.0,39.033066,3.0330658
train,30,159,35.0,37.16721,2.1672096
train,30,160,34.0,35.540985,1.5409851
train,30,161,33.0,34.519512,1.5195122
train,30,162,32.0,34.471893,2.4718933
train,30,163,31.0,32.312336,1.312336
train,30,164,30.0,30.309069,0.30906868
train,30,165,29.0,32.537582,3.5375824
train,30,166,28.0,34.137016,6.1370163
train,30,167,27.0,34.037586,7.037586
train,30,168,26.0,31.231749,5.2317486
train,30,169,25.0,28.964243,3.964243
train,30,170,24.0,28.338615,4.3386154
train,30,171,23.0,28.311344,5.311344
train,30,172,22.0,28.282068,6.2820683
train,30,173,21.0,24.579893,3.579893
train,30,174,20.0,23.91153,3.9115295
train,30,175,19.0,21.639881,2.6398811
train,30,176,18.0,19.625946,1.625946
train,30,177,17.0,19.364552,2.3645515
train,30,178,16.0,20.058805,4.0588055
train,30,179,15.0,21.986378,6.9863777
train,30,180,14.0,18.274937,4.2749367
train,30,181,13.0,17.905458,4.9054585
train,30,182,12.0,14.954502,2.954502
train,30,183,11.0,13.444083,2.4440832
train,30,184,10.0,11.106616,1.106616
train,30,185,9.0,8.890475,-0.10952473
train,30,186,8.0,9.599954,1.5999537
train,30,187,7.0,7.265308,0.2653079
train,30,188,6.0,7.297519,1.2975192
train,30,189,5.0,6.904063,1.9040632
train,30,190,4.0,7.099374,3.0993738
train,30,191,3.0,4.5505395,1.5505395
train,30,192,2.0,4.2020955,2.2020955
train,30,193,1.0,4.261559,3.261559
train,30,194,0.0,2.844213,2.844213
train,31,30,204.0,144.83028,-59.169724
train,31,31,203.0,145.41826,-57.58174
train,31,32,202.0,145.33162,-56.66838
train,31,33,201.0,145.43962,-55.56038
train,31,34,200.0,145.62764,-54.37236
train,31,35,199.0,145.56328,-53.43672
train,31,36,198.0,145.665,-52.335007
train,31,37,197.0,145.58261,-51.41739
train,31,38,196.0,145.70383,-50.296173
train,31,39,195.0,145.77208,-49.22792
train,31,40,194.0,145.69124,-48.30876
train,31,41,193.0,145.57219,-47.42781
train,31,42,192.0,145.69844,-46.30156
train,31,43,191.0,145.72879,-45.27121
train,31,44,190.0,145.8868,-44.113205
train,31,45,189.0,145.94588,-43.054123
train,31,46,188.0,145.98601,-42.013992
train,31,47,187.0,145.98625,-41.01375
train,31,48,186.0,145.95691,-40.04309
train,31,49,185.0,145.9911,-39.008896
train,31,50,184.0,145.98903,-38.01097
train,31,51,183.0,145.74947,-37.250534
train,31,52,182.0,145.97496,-36.02504
train,31,53,181.0,145.58058,-35.41942
train,31,54,180.0,145.97737,-34.02263
train,31,55,179.0,145.95232,-33.047684
train,31,56,178.0,145.98137,-32.01863
train,31,57,177.0,146.0435,-30.956497
train,31,58,176.0,145.95515,-30.044846
train,31,59,175.0,145.90897,-29.091034
train,31,60,174.0,145.88911,-28.110886
train,31,61,173.0,146.0189,-26.981094
train,31,62,172.0,145.85329,-26.146713
train,31,63,171.0,145.58177,-25.418228
train,31,64,170.0,145.83781,-24.162186
train,31,65,169.0,145.90569,-23.094315
train,31,66,168.0,145.15504,-22.844955
train,31,67,167.0,145.33438,-21.665619
train,31,68,166.0,145.67012,-20.32988
train,31,69,165.0,145.84938,-19.15062
train,31,70,164.0,145.94676,-18.053238
train,31,71,163.0,145.88176,-17.11824
train,31,72,162.0,145.88423,-16.115768
train,31,73,161.0,145.85716,-15.142838
train,31,74,160.0,145.63182,-14.368179
train,31,75,159.0,145.25966,-13.740341
train,31,76,158.0,145.14352,-12.856476
train,31,77,157.0,145.38087,-11.619125
train,31,78,156.0,144.9553,-11.044693
train,31,79,155.0,145.5988,-9.401199
train,31,80,154.0,145.14758,-8.852417
train,31,81,153.0,144.74413,-8.255875
train,31,82,152.0,144.4915,-7.508499
train,31,83,151.0,145.11295,-5.8870544
train,31,84,150.0,144.82823,-5.171768
train,31,85,149.0,145.4522,-3.5478058
train,31,86,148.0,145.46213,-2.5378723
train,31,87,147.0,145.62276,-1.377243
train,31,88,146.0,145.53369,-0.4663086
train,31,89,145.0,145.62434,0.6243439
train,31,90,144.0,145.4489,1.4488983
train,31,91,143.0,145.31076,2.3107605
train,31,92,142.0,145.48122,3.4812164
train,31,93,141.0,145.82616,4.8261566
train,31,94,140.0,143.91447,3.9144745
train,31,95,139.0,144.247,5.246994
train,31,96,138.0,143.8472,5.8471985
train,31,97,137.0,141.00719,4.007187
train,31,98,136.0,143.72118,7.721176
train,31,99,135.0,137.52702,2.5270233
train,31,100,134.0,139.73946,5.739456
train,31,101,133.0,142.32875,9.328751
train,31,102,132.0,143.99174,11.991745
train,31,103,131.0,144.99916,13.999161
train,31,104,130.0,145.43672,15.436722
train,31,105,129.0,145.46823,16.468231
train,31,106,128.0,145.61357,17.613571
train,31,107,127.0,145.39873,18.398727
train,31,108,126.0,145.56052,19.560516
train,31,109,125.0,145.72826,20.728256
train,31,110,124.0,145.4304,21.430405
train,31,111,123.0,143.3326,20.332596
train,31,112,122.0,144.12021,22.120209
train,31,113,121.0,144.20052,23.200516
train,31,114,120.0,143.24742,23.247421
train,31,115,119.0,143.96658,24.966583
train,31,116,118.0,144.38918,26.389175
train,31,117,117.0,144.38301,27.38301
train,31,118,116.0,144.01784,28.017838
train,31,119,115.0,144.32535,29.325348
train,31,120,114.0,144.55777,30.55777
train,31,121,113.0,142.59804,29.598038
train,31,122,112.0,128.09167,16.091675
train,31,123,111.0,133.97015,22.970154
train,31,124,110.0,130.8929,20.892899
train,31,125,109.0,127.77192,18.77192
train,31,126,108.0,120.3583,12.358299
train,31,127,107.0,107.64614,0.64614105
train,31,128,106.0,102.591644,-3.4083557
train,31,129,105.0,103.97234,-1.0276566
train,31,130,104.0,107.44509,3.4450912
train,31,131,103.0,114.293495,11.293495
train,31,132,102.0,115.96814,13.96814
train,31,133,101.0,117.415276,16.415276
train,31,134,100.0,113.805244,13.805244
train,31,135,99.0,108.63952,9.639519
train,31,136,98.0,102.401596,4.401596
train,31,137,97.0,96.71143,-0.2885666
train,31,138,96.0,92.9119,-3.0880966
train,31,139,95.0,87.59083,-7.409172
train,31,140,94.0,83.34436,-10.65564
train,31,141,93.0,80.853905,-12.146095
train,31,142,92.0,86.20123,-5.798767
train,31,143,91.0,88.79283,-2.2071686
train,31,144,90.0,91.07701,1.0770111
train,31,145,89.0,87.31031,-1.6896896
train,31,146,88.0,89.235466,1.235466
train,31,147,87.0,83.72314,-3.276863
train,31,148,86.0,78.65681,-7.343193
train,31,149,85.0,82.476814,-2.5231857
train,31,150,84.0,88.430275,4.430275
train,31,151,83.0,89.58583,6.5858307
train,31,152,82.0,92.89175,10.8917465
train,31,153,81.0,92.78945,11.789452
train,31,154,80.0,90.285904,10.285904
train,31,155,79.0,82.93618,3.93618
train,31,156,78.0,80.58311,2.583107
train,31,157,77.0,72.05882,-4.9411774
train,31,158,76.0,67.46163,-8.538368
train,31,159,75.0,66.83254,-8.167458
train,31,160,74.0,71.24732,-2.752678
train,31,161,73.0,69.145805,-3.8541946
train,31,162,72.0,69.21731,-2.782692
train,31,163,71.0,71.90961,0.90960693
train,31,164,70.0,78.46661,8.466614
train,31,165,69.0,83.737495,14.737495
train,31,166,68.0,81.47852,13.478523
train,31,167,67.0,66.70774,-0.29225922
train,31,168,66.0,68.86531,2.8653107
train,31,169,65.0,71.65781,6.6578064
train,31,170,64.0,64.90754,0.90753937
train,31,171,63.0,63.34712,0.34711838
train,31,172,62.0,61.625225,-0.37477493
train,31,173,61.0,62.9277,1.9277
train,31,174,60.0,65.32983,5.3298264
train,31,175,59.0,59.95645,0.9564514
train,31,176,58.0,58.2738,0.2737999
train,31,177,57.0,54.15788,-2.8421211
train,31,178,56.0,54.410923,-1.589077
train,31,179,55.0,49.176266,-5.8237343
train,31,180,54.0,53.918972,-0.081027985
train,31,181,53.0,51.40897,-1.5910301
train,31,182,52.0,49.439304,-2.5606956
train,31,183,51.0,55.34111,4.34111
train,31,184,50.0,54.792778,4.792778
train,31,185,49.0,50.09599,1.0959892
train,31,186,48.0,47.688797,-0.311203
train,31,187,47.0,46.580013,-0.41998672
train,31,188,46.0,42.913662,-3.086338
train,31,189,45.0,39.31906,-5.6809387
train,31,190,44.0,36.951935,-7.048065
train,31,191,43.0,36.36295,-6.6370506
train,31,192,42.0,41.351776,-0.6482239
train,31,193,41.0,43.33433,2.3343315
train,31,194,40.0,44.404697,4.4046974
train,31,195,39.0,42.87736,3.8773613
train,31,196,38.0,45.44764,7.4476395
train,31,197,37.0,35.490196,-1.5098038
train,31,198,36.0,33.903366,-2.096634
train,31,199,35.0,34.63869,-0.36130905
train,31,200,34.0,30.45844,-3.5415592
train,31,201,33.0,26.108019,-6.891981
train,31,202,32.0,26.394842,-5.605158
train,31,203,31.0,24.351254,-6.6487465
train,31,204,30.0,25.854813,-4.1451874
train,31,205,29.0,22.635847,-6.364153
train,31,206,28.0,19.510645,-8.489355
train,31,207,27.0,18.060104,-8.939896
train,31,208,26.0,19.082155,-6.917845
train,31,209,25.0,18.939781,-6.060219
train,31,210,24.0,17.137377,-6.862623
train,31,211,23.0,15.542452,-7.457548
train,31,212,22.0,15.396543,-6.6034575
train,31,213,21.0,18.845446,-2.1545544
train,31,214,20.0,16.124245,-3.8757553
train,31,215,19.0,15.094148,-3.9058523
train,31,216,18.0,15.184882,-2.8151178
train,31,217,17.0,17.51033,0.5103302
train,31,218,16.0,18.1297,2.1296997
train,31,219,15.0,15.504348,0.5043478
train,31,220,14.0,16.284601,2.2846012
train,31,221,13.0,14.021678,1.021678
train,31,222,12.0,15.121043,3.1210432
train,31,223,11.0,13.882237,2.8822374
train,31,224,10.0,11.941778,1.9417782
train,31,225,9.0,10.68448,1.6844797
train,31,226,8.0,10.689893,2.6898928
train,31,227,7.0,9.759395,2.7593946
train,31,228,6.0,7.995927,1.9959269
train,31,229,5.0,5.819461,0.81946087
train,31,230,4.0,5.7401924,1.7401924
train,31,231,3.0,5.041951,2.0419512
train,31,232,2.0,4.14397,2.14397
train,31,233,1.0,4.226567,3.2265668
train,31,234,0.0,2.5418253,2.5418253
train,32,30,161.0,141.0345,-19.9655
train,32,31,160.0,141.38951,-18.610489
train,32,32,159.0,139.33539,-19.664612
train,32,33,158.0,141.33183,-16.668167
train,32,34,157.0,141.45525,-15.544754
train,32,35,156.0,141.37788,-14.622116
train,32,36,155.0,141.49916,-13.500839
train,32,37,154.0,141.0979,-12.9021
train,32,38,153.0,141.1975,-11.8025055
train,32,39,152.0,141.32814,-10.67186
train,32,40,151.0,141.7549,-9.245102
train,32,41,150.0,141.78368,-8.216324
train,32,42,149.0,141.0028,-7.9971924
train,32,43,148.0,141.08821,-6.911789
train,32,44,147.0,140.27148,-6.7285156
train,32,45,146.0,141.21149,-4.788513
train,32,46,145.0,141.3232,-3.6768036
train,32,47,144.0,141.57039,-2.4296112
train,32,48,143.0,141.75745,-1.2425537
train,32,49,142.0,138.541,-3.4589996
train,32,50,141.0,140.1449,-0.85510254
train,32,51,140.0,141.45091,1.4509125
train,32,52,139.0,140.32257,1.3225708
train,32,53,138.0,137.6691,-0.3309021
train,32,54,137.0,140.4944,3.4944
train,32,55,136.0,140.90944,4.909439
train,32,56,135.0,140.42203,5.4220276
train,32,57,134.0,140.54707,6.5470734
train,32,58,133.0,139.09093,6.090927
train,32,59,132.0,134.4526,2.4526062
train,32,60,131.0,134.93584,3.9358368
train,32,61,130.0,138.45966,8.459656
train,32,62,129.0,138.23044,9.230438
train,32,63,128.0,140.07396,12.073959
train,32,64,127.0,136.08107,9.08107
train,32,65,126.0,132.31425,6.3142548
train,32,66,125.0,118.60774,-6.3922577
train,32,67,124.0,106.936134,-17.063866
train,32,68,123.0,101.287186,-21.712814
train,32,69,122.0,107.379616,-14.620384
train,32,70,121.0,123.0537,2.0537033
train,32,71,120.0,130.84824,10.848236
train,32,72,119.0,127.6188,8.618797
train,32,73,118.0,119.01795,1.017952
train,32,74,117.0,122.374214,5.374214
train,32,75,116.0,121.40734,5.407341
train,32,76,115.0,122.09052,7.090523
train,32,77,114.0,136.62154,22.621536
train,32,78,113.0,139.60033,26.600327
train,32,79,112.0,137.46077,25.46077
train,32,80,111.0,136.05112,25.051117
train,32,81,110.0,139.04695,29.046951
train,32,82,109.0,139.18877,30.188766
train,32,83,108.0,138.61101,30.611008
train,32,84,107.0,138.13292,31.13292
train,32,85,106.0,135.92052,29.920517
train,32,86,105.0,129.26239,24.26239
train,32,87,104.0,125.36741,21.367409
train,32,88,103.0,106.662926,3.6629257
train,32,89,102.0,98.98815,-3.0118484
train,32,90,101.0,114.175865,13.175865
train,32,91,100.0,107.65081,7.6508102
train,32,92,99.0,100.99326,1.9932632
train,32,93,98.0,97.96554,-0.034461975
train,32,94,97.0,99.14765,2.1476517
train,32,95,96.0,87.536316,-8.463684
train,32,96,95.0,73.65595,-21.344048
train,32,97,94.0,72.922676,-21.077324
train,32,98,93.0,74.935265,-18.064735
train,32,99,92.0,89.429665,-2.5703354
train,32,100,91.0,89.74107,-1.2589264
train,32,101,90.0,92.28145,2.2814484
train,32,102,89.0,89.82492,0.82492065
train,32,103,88.0,81.20475,-6.79525
train,32,104,87.0,77.89238,-9.10762
train,32,105,86.0,73.423256,-12.576744
train,32,106,85.0,73.016975,-11.983025
train,32,107,84.0,67.42391,-16.576088
train,32,108,83.0,69.54682,-13.453178
train,32,109,82.0,78.85644,-3.1435623
train,32,110,81.0,77.13736,-3.8626404
train,32,111,80.0,79.39776,-0.6022415
train,32,112,79.0,89.64117,10.641167
train,32,113,78.0,85.65033,7.6503296
train,32,114,77.0,95.451324,18.451324
train,32,115,76.0,87.0233,11.0233
train,32,116,75.0,85.58666,10.586662
train,32,117,74.0,85.32747,11.327469
train,32,118,73.0,75.85012,2.8501205
train,32,119,72.0,77.856895,5.8568954
train,32,120,71.0,82.20014,11.200142
train,32,121,70.0,83.082794,13.082794
train,32,122,69.0,85.54354,16.543541
train,32,123,68.0,78.74126,10.741257
train,32,124,67.0,76.5034,9.503403
train,32,125,66.0,75.48763,9.487633
train,32,126,65.0,75.8913,10.891296
train,32,127,64.0,78.33427,14.334267
train,32,128,63.0,76.44289,13.442886
train,32,129,62.0,79.22004,17.22004
train,32,130,61.0,83.86292,22.862923
train,32,131,60.0,83.02233,23.022331
train,32,132,59.0,77.98522,18.985222
train,32,133,58.0,74.65568,16.655678
train,32,134,57.0,70.51588,13.515877
train,32,135,56.0,62.552734,6.5527344
train,32,136,55.0,52.58809,-2.411911
train,32,137,54.0,52.39253,-1.6074715
train,32,138,53.0,55.609,2.6090012
train,32,139,52.0,58.440815,6.440815
train,32,140,51.0,51.52924,0.52923965
train,32,141,50.0,48.159603,-1.8403969
train,32,142,49.0,41.500362,-7.4996376
train,32,143,48.0,37.694523,-10.305477
train,32,144,47.0,42.309982,-4.6900177
train,32,145,46.0,40.271175,-5.7288246
train,32,146,45.0,40.856815,-4.1431847
train,32,147,44.0,44.686962,0.6869621
train,32,148,43.0,48.350178,5.350178
train,32,149,42.0,51.577557,9.577557
train,32,150,41.0,52.66688,11.666882
train,32,151,40.0,53.464863,13.464863
train,32,152,39.0,49.514317,10.514317
train,32,153,38.0,45.690067,7.6900673
train,32,154,37.0,41.40032,4.400318
train,32,155,36.0,43.751637,7.7516365
train,32,156,35.0,47.468998,12.468998
train,32,157,34.0,50.706455,16.706455
train,32,158,33.0,42.232567,9.232567
train,32,159,32.0,36.20818,4.2081795
train,32,160,31.0,35.49196,4.4919586
train,32,161,30.0,29.80784,-0.19215965
train,32,162,29.0,31.453314,2.4533138
train,32,163,28.0,29.023998,1.0239983
train,32,164,27.0,29.450752,2.4507523
train,32,165,26.0,28.860083,2.8600826
train,32,166,25.0,24.95585,-0.0441494
train,32,167,24.0,22.676493,-1.3235073
train,32,168,23.0,18.740664,-4.2593365
train,32,169,22.0,16.834023,-5.1659775
train,32,170,21.0,17.526217,-3.4737835
train,32,171,20.0,19.368177,-0.6318226
train,32,172,19.0,17.238958,-1.7610416
train,32,173,18.0,13.628405,-4.3715954
train,32,174,17.0,13.621482,-3.378518
train,32,175,16.0,13.692613,-2.3073874
train,32,176,15.0,16.64988,1.6498795
train,32,177,14.0,15.392937,1.3929367
train,32,178,13.0,12.980192,-0.019807816
train,32,179,12.0,11.270244,-0.72975636
train,32,180,11.0,10.909757,-0.09024334
train,32,181,10.0,9.817439,-0.18256092
train,32,182,9.0,11.847753,2.8477526
train,32,183,8.0,11.819937,3.8199368
train,32,184,7.0,13.446828,6.446828
train,32,185,6.0,12.031895,6.0318947
train,32,186,5.0,7.666616,2.666616
train,32,187,4.0,7.1804957,3.1804957
train,32,188,3.0,5.105006,2.1050062
train,32,189,2.0,5.602898,3.6028981
train,32,190,1.0,3.238793,2.238793
train,32,191,0.0,2.44731,2.44731
train,33,30,170.0,145.86804,-24.131958
train,33,31,169.0,145.86491,-23.135086
train,33,32,168.0,145.8062,-22.193802
train,33,33,167.0,145.76476,-21.235245
train,33,34,166.0,145.80226,-20.197739
train,33,35,165.0,145.91214,-19.08786
train,33,36,164.0,146.00493,-17.995071
train,33,37,163.0,145.95949,-17.040512
train,33,38,162.0,145.96584,-16.034164
train,33,39,161.0,145.97112,-15.028885
train,33,40,160.0,146.00667,-13.993332
train,33,41,159.0,145.90205,-13.097946
train,33,42,158.0,145.97087,-12.029129
train,33,43,157.0,145.98662,-11.013382
train,33,44,156.0,145.91722,-10.082779
train,33,45,155.0,145.66908,-9.330917
train,33,46,154.0,145.73976,-8.260239
train,33,47,153.0,145.95937,-7.040634
train,33,48,152.0,145.90433,-6.0956726
train,33,49,151.0,145.71779,-5.2822113
train,33,50,150.0,145.84465,-4.1553497
train,33,51,149.0,145.83551,-3.1644897
train,33,52,148.0,145.6895,-2.310501
train,33,53,147.0,145.87685,-1.1231537
train,33,54,146.0,145.91063,-0.08937073
train,33,55,145.0,145.79012,0.79011536
train,33,56,144.0,145.77063,1.7706299
train,33,57,143.0,145.49333,2.493332
train,33,58,142.0,145.6037,3.6036987
train,33,59,141.0,145.39609,4.3960876
train,33,60,140.0,145.44356,5.4435577
train,33,61,139.0,145.33173,6.331726
train,33,62,138.0,145.69499,7.694992
train,33,63,137.0,145.51636,8.516357
train,33,64,136.0,145.67485,9.67485
train,33,65,135.0,145.55333,10.553329
train,33,66,134.0,145.16226,11.162262
train,33,67,133.0,144.40282,11.402817
train,33,68,132.0,145.42647,13.426468
train,33,69,131.0,144.98799,13.987991
train,33,70,130.0,145.20241,15.202408
train,33,71,129.0,145.24321,16.24321
train,33,72,128.0,145.68092,17.680923
train,33,73,127.0,145.56789,18.567886
train,33,74,126.0,145.79158,19.79158
train,33,75,125.0,145.96193,20.96193
train,33,76,124.0,145.79652,21.796524
train,33,77,123.0,145.90086,22.900864
train,33,78,122.0,145.9014,23.901398
train,33,79,121.0,145.55043,24.55043
train,33,80,120.0,145.86311,25.863113
train,33,81,119.0,145.90242,26.90242
train,33,82,118.0,145.90724,27.907242
train,33,83,117.0,145.95149,28.951492
train,33,84,116.0,145.8672,29.867203
train,33,85,115.0,144.28653,29.28653
train,33,86,114.0,145.63176,31.63176
train,33,87,113.0,145.80492,32.804916
train,33,88,112.0,145.56987,33.56987
train,33,89,111.0,145.51303,34.51303
train,33,90,110.0,144.62251,34.622513
train,33,91,109.0,142.6637,33.663696
train,33,92,108.0,143.81044,35.81044
train,33,93,107.0,143.1139,36.113907
train,33,94,106.0,138.75783,32.757828
train,33,95,105.0,138.6368,33.636795
train,33,96,104.0,123.31335,19.313347
train,33,97,103.0,133.89726,30.897263
train,33,98,102.0,140.4306,38.430603
train,33,99,101.0,138.2148,37.214798
train,33,100,100.0,134.83777,34.83777
train,33,101,99.0,121.04787,22.047867
train,33,102,98.0,121.12769,23.127693
train,33,103,97.0,129.25148,32.25148
train,33,104,96.0,129.51524,33.515244
train,33,105,95.0,131.67352,36.673523
train,33,106,94.0,128.5393,34.539307
train,33,107,93.0,127.42451,34.424507
train,33,108,92.0,131.36247,39.362473
train,33,109,91.0,133.35469,42.35469
train,33,110,90.0,130.99942,40.99942
train,33,111,89.0,123.94309,34.943092
train,33,112,88.0,116.75637,28.75637
train,33,113,87.0,122.45201,35.45201
train,33,114,86.0,127.914986,41.914986
train,33,115,85.0,119.117256,34.117256
train,33,116,84.0,111.24437,27.24437
train,33,117,83.0,106.470985,23.470985
train,33,118,82.0,102.44909,20.44909
train,33,119,81.0,95.242836,14.242836
train,33,120,80.0,91.331795,11.331795
train,33,121,79.0,94.4092,15.409203
train,33,122,78.0,96.95173,18.951729
train,33,123,77.0,88.355545,11.355545
train,33,124,76.0,85.223114,9.223114
train,33,125,75.0,86.09101,11.091011
train,33,126,74.0,91.637535,17.637535
train,33,127,73.0,90.55904,17.559036
train,33,128,72.0,90.13731,18.137306
train,33,129,71.0,82.08274,11.082741
train,33,130,70.0,85.156425,15.156425
train,33,131,69.0,85.15399,16.153992
train,33,132,68.0,82.11721,14.11721
train,33,133,67.0,75.2748,8.274803
train,33,134,66.0,73.47233,7.472328
train,33,135,65.0,71.17752,6.1775208
train,33,136,64.0,74.57821,10.578209
train,33,137,63.0,77.626305,14.626305
train,33,138,62.0,77.08651,15.08651
train,33,139,61.0,78.20054,17.200539
train,33,140,60.0,74.797005,14.797005
train,33,141,59.0,72.8177,13.817703
train,33,142,58.0,74.14006,16.14006
train,33,143,57.0,74.595795,17.595795
train,33,144,56.0,64.11561,8.115608
train,33,145,55.0,62.92914,7.929138
train,33,146,54.0,64.224625,10.224625
train,33,147,53.0,59.590603,6.590603
train,33,148,52.0,57.031742,5.031742
train,33,149,51.0,51.008965,0.008964539
train,33,150,50.0,52.123127,2.123127
train,33,151,49.0,53.51173,4.51173
train,33,152,48.0,49.70955,1.709549
train,33,153,47.0,53.911533,6.9115334
train,33,154,46.0,54.399857,8.399857
train,33,155,45.0,48.94421,3.94421
train,33,156,44.0,49.120388,5.120388
train,33,157,43.0,50.711098,7.7110977
train,33,158,42.0,43.218807,1.2188072
train,33,159,41.0,41.847355,0.8473549
train,33,160,40.0,41.811375,1.8113747
train,33,161,39.0,46.275547,7.275547
train,33,162,38.0,43.668163,5.6681633
train,33,163,37.0,41.228573,4.228573
train,33,164,36.0,43.997303,7.997303
train,33,165,35.0,37.981567,2.9815674
train,33,166,34.0,41.43243,7.4324303
train,33,167,33.0,37.858913,4.8589134
train,33,168,32.0,39.070965,7.070965
train,33,169,31.0,38.259495,7.259495
train,33,170,30.0,35.61369,5.6136894
train,33,171,29.0,32.305347,3.3053474
train,33,172,28.0,33.23822,5.23822
train,33,173,27.0,35.068836,8.068836
train,33,174,26.0,31.05027,5.05027
train,33,175,25.0,28.738153,3.7381535
train,33,176,24.0,29.632292,5.632292
train,33,177,23.0,25.614058,2.6140575
train,33,178,22.0,26.132689,4.1326885
train,33,179,21.0,25.430565,4.430565
train,33,180,20.0,25.684906,5.684906
train,33,181,19.0,22.108076,3.108076
train,33,182,18.0,21.747726,3.7477264
train,33,183,17.0,19.75428,2.75428
train,33,184,16.0,19.810747,3.8107471
train,33,185,15.0,19.149607,4.1496067
train,33,186,14.0,17.467024,3.4670238
train,33,187,13.0,14.522547,1.5225468
train,33,188,12.0,15.235799,3.2357988
train,33,189,11.0,12.909133,1.909133
train,33,190,10.0,11.682205,1.6822052
train,33,191,9.0,11.361682,2.361682
train,33,192,8.0,11.043286,3.0432863
train,33,193,7.0,9.710656,2.7106562
train,33,194,6.0,8.896356,2.8963556
train,33,195,5.0,8.941143,3.941143
train,33,196,4.0,7.4622507,3.4622507
train,33,197,3.0,4.7975154,1.7975154
train,33,198,2.0,4.4726334,2.4726334
train,33,199,1.0,3.2437916,2.2437916
train,33,200,0.0,2.7450542,2.7450542
train,35,30,151.0,143.72977,-7.270233
train,35,31,150.0,113.65702,-36.34298
train,35,32,149.0,108.32575,-40.674248
train,35,33,148.0,103.67274,-44.327263
train,35,34,147.0,113.21917,-33.78083
train,35,35,146.0,132.57167,-13.428329
train,35,36,145.0,138.03839,-6.961609
train,35,37,144.0,138.92584,-5.0741577
train,35,38,143.0,142.26332,-0.7366791
train,35,39,142.0,138.45894,-3.5410614
train,35,40,141.0,143.19243,2.1924286
train,35,41,140.0,143.45366,3.453659
train,35,42,139.0,138.99107,-0.008926392
train,35,43,138.0,140.89703,2.8970337
train,35,44,137.0,135.65706,-1.3429413
train,35,45,136.0,134.56206,-1.4379425
train,35,46,135.0,135.1098,0.109802246
train,35,47,134.0,138.19997,4.1999664
train,35,48,133.0,140.16724,7.1672363
train,35,49,132.0,137.664,5.6640015
train,35,50,131.0,114.239006,-16.760994
train,35,51,130.0,128.99654,-1.0034637
train,35,52,129.0,141.67766,12.677658
train,35,53,128.0,138.23521,10.235214
train,35,54,127.0,142.24194,15.241943
train,35,55,126.0,136.61772,10.617722
train,35,56,125.0,140.38492,15.384918
train,35,57,124.0,143.30353,19.303528
train,35,58,123.0,137.49724,14.497238
train,35,59,122.0,125.59092,3.5909195
train,35,60,121.0,121.87587,0.87586975
train,35,61,120.0,110.36295,-9.637047
train,35,62,119.0,88.826836,-30.173164
train,35,63,118.0,86.39219,-31.607811
train,35,64,117.0,87.31061,-29.689392
train,35,65,116.0,93.66015,-22.339851
train,35,66,115.0,95.151665,-19.848335
train,35,67,114.0,92.31429,-21.685707
train,35,68,113.0,136.36284,23.362839
train,35,69,112.0,142.18535,30.185349
train,35,70,111.0,111.24763,0.24762726
train,35,71,110.0,109.24865,-0.7513504
train,35,72,109.0,95.801674,-13.198326
train,35,73,108.0,96.6807,-11.319298
train,35,74,107.0,94.34292,-12.657082
train,35,75,106.0,97.46877,-8.531227
train,35,76,105.0,97.020515,-7.9794846
train,35,77,104.0,106.63288,2.6328812
train,35,78,103.0,119.05123,16.051231
train,35,79,102.0,142.6757,40.675705
train,35,80,101.0,143.25365,42.253647
train,35,81,100.0,140.1051,40.105103
train,35,82,99.0,136.3373,37.337296
train,35,83,98.0,125.88296,27.882957
train,35,84,97.0,109.01103,12.011032
train,35,85,96.0,105.28848,9.288483
train,35,86,95.0,120.63212,25.632118
train,35,87,94.0,125.424706,31.424706
train,35,88,93.0,123.65412,30.654121
train,35,89,92.0,112.75918,20.759178
train,35,90,91.0,109.898285,18.898285
train,35,91,90.0,103.60224,13.6022415
train,35,92,89.0,92.681526,3.6815262
train,35,93,88.0,87.96697,-0.03302765
train,35,94,87.0,94.52901,7.529007
train,35,95,86.0,93.90309,7.9030914
train,35,96,85.0,104.01075,19.01075
train,35,97,84.0,85.90508,1.9050827
train,35,98,83.0,92.18619,9.186188
train,35,99,82.0,105.402565,23.402565
train,35,100,81.0,142.45677,61.45677
train,35,101,80.0,113.59092,33.59092
train,35,102,79.0,83.17988,4.179878
train,35,103,78.0,80.913475,2.913475
train,35,104,77.0,88.39222,11.39222
train,35,105,76.0,99.62455,23.62455
train,35,106,75.0,80.977715,5.9777145
train,35,107,74.0,74.8615,0.8615036
train,35,108,73.0,74.387054,1.3870544
train,35,109,72.0,74.30758,2.307579
train,35,110,71.0,82.24618,11.246178
train,35,111,70.0,72.657646,2.6576462
train,35,112,69.0,68.58318,-0.4168167
train,35,113,68.0,60.838478,-7.161522
train,35,114,67.0,65.617775,-1.382225
train,35,115,66.0,65.17254,-0.82746124
train,35,116,65.0,69.36513,4.3651276
train,35,117,64.0,65.035866,1.0358658
train,35,118,63.0,73.021576,10.021576
train,35,119,62.0,71.445984,9.445984
train,35,120,61.0,67.86602,6.86602
train,35,121,60.0,68.32825,8.328247
train,35,122,59.0,66.75884,7.7588425
train,35,123,58.0,71.498085,13.498085
train,35,124,57.0,67.77617,10.776169
train,35,125,56.0,71.98138,15.981377
train,35,126,55.0,72.00325,17.00325
train,35,127,54.0,72.30774,18.30774
train,35,128,53.0,65.74689,12.746887
train,35,129,52.0,59.85021,7.8502083
train,35,130,51.0,63.17397,12.173969
train,35,131,50.0,49.366085,-0.63391495
train,35,132,49.0,41.807034,-7.1929665
train,35,133,48.0,42.941868,-5.058132
train,35,134,47.0,38.62854,-8.37146
train,35,135,46.0,39.013035,-6.986965
train,35,136,45.0,37.72849,-7.271511
train,35,137,44.0,39.241657,-4.7583427
train,35,138,43.0,42.570843,-0.42915726
train,35,139,42.0,40.589573,-1.4104271
train,35,140,41.0,38.838535,-2.1614647
train,35,141,40.0,35.27281,-4.727188
train,35,142,39.0,33.557163,-5.4428368
train,35,143,38.0,32.05155,-5.948448
train,35,144,37.0,32.868435,-4.131565
train,35,145,36.0,32.6454,-3.354599
train,35,146,35.0,30.204157,-4.795843
train,35,147,34.0,29.410585,-4.5894146
train,35,148,33.0,32.65631,-0.34368896
train,35,149,32.0,39.95632,7.9563217
train,35,150,31.0,41.320675,10.320675
train,35,151,30.0,38.56672,8.566719
train,35,152,29.0,36.677452,7.677452
train,35,153,28.0,36.731853,8.7318535
train,35,154,27.0,33.40716,6.4071617
train,35,155,26.0,27.995996,1.9959965
train,35,156,25.0,28.008596,3.0085964
train,35,157,24.0,25.534172,1.534172
train,35,158,23.0,22.888334,-0.111665726
train,35,159,22.0,18.774115,-3.2258854
train,35,160,21.0,22.8745,1.8745003
train,35,161,20.0,23.595892,3.595892
train,35,162,19.0,24.366331,5.366331
train,35,163,18.0,21.095383,3.0953827
train,35,164,17.0,20.14374,3.1437397
train,35,165,16.0,16.505146,0.505146
train,35,166,15.0,15.641633,0.64163303
train,35,167,14.0,12.344131,-1.6558685
train,35,168,13.0,15.415333,2.4153328
train,35,169,12.0,17.444609,5.4446087
train,35,170,11.0,18.298956,7.298956
train,35,171,10.0,17.175667,7.175667
train,35,172,9.0,13.607336,4.607336
train,35,173,8.0,12.90543,4.90543
train,35,174,7.0,11.602023,4.602023
train,35,175,6.0,11.973354,5.9733543
train,35,176,5.0,9.288648,4.2886477
train,35,177,4.0,7.990736,3.990736
train,35,178,3.0,5.958336,2.9583359
train,35,179,2.0,5.0867467,3.0867467
train,35,180,1.0,5.075211,4.075211
train,35,181,0.0,4.108248,4.108248
train,36,30,128.0,142.9611,14.961105
train,36,31,127.0,141.92264,14.922638
train,36,32,126.0,142.49728,16.497284
train,36,33,125.0,142.31474,17.314743
train,36,34,124.0,141.0703,17.070297
train,36,35,123.0,142.33368,19.33368
train,36,36,122.0,141.52061,19.520615
train,36,37,121.0,139.10793,18.107925
train,36,38,120.0,141.81828,21.818283
train,36,39,119.0,141.38033,22.380325
train,36,40,118.0,135.87276,17.872757
train,36,41,117.0,125.35915,8.359154
train,36,42,116.0,112.23409,-3.7659073
train,36,43,115.0,107.55685,-7.4431534
train,36,44,114.0,92.76411,-21.235893
train,36,45,113.0,81.18546,-31.814537
train,36,46,112.0,80.08641,-31.91359
train,36,47,111.0,84.40328,-26.596718
train,36,48,110.0,82.44396,-27.556038
train,36,49,109.0,97.1688,-11.8312
train,36,50,108.0,100.218704,-7.781296
train,36,51,107.0,102.173515,-4.8264847
train,36,52,106.0,102.38732,-3.6126785
train,36,53,105.0,104.46599,-0.53401184
train,36,54,104.0,141.51149,37.51149
train,36,55,103.0,141.32616,38.326157
train,36,56,102.0,139.7923,37.792297
train,36,57,101.0,139.73997,38.739975
train,36,58,100.0,139.41524,39.415237
train,36,59,99.0,137.24648,38.246475
train,36,60,98.0,138.61763,40.61763
train,36,61,97.0,130.5555,33.555496
train,36,62,96.0,126.58254,30.582542
train,36,63,95.0,132.48032,37.480316
train,36,64,94.0,135.54225,41.54225
train,36,65,93.0,140.88506,47.885056
train,36,66,92.0,140.9832,48.9832
train,36,67,91.0,136.14613,45.146133
train,36,68,90.0,140.47931,50.47931
train,36,69,89.0,139.57863,50.57863
train,36,70,88.0,103.8184,15.8183975
train,36,71,87.0,96.51219,9.512192
train,36,72,86.0,77.915054,-8.084946
train,36,73,85.0,77.69514,-7.304863
train,36,74,84.0,80.789505,-3.210495
train,36,75,83.0,96.81748,13.817482
train,36,76,82.0,101.71685,19.71685
train,36,77,81.0,99.03322,18.033218
train,36,78,80.0,93.34048,13.340477
train,36,79,79.0,101.80268,22.802681
train,36,80,78.0,85.12988,7.129883
train,36,81,77.0,81.62316,4.6231613
train,36,82,76.0,74.80964,-1.190361
train,36,83,75.0,69.91591,-5.084091
train,36,84,74.0,70.12605,-3.8739471
train,36,85,73.0,67.428894,-5.571106
train,36,86,72.0,61.886524,-10.113476
train,36,87,71.0,60.21898,-10.781021
train,36,88,70.0,66.15795,-3.8420486
train,36,89,69.0,64.14836,-4.851639
train,36,90,68.0,68.15505,0.15505219
train,36,91,67.0,61.483387,-5.516613
train,36,92,66.0,59.84393,-6.1560707
train,36,93,65.0,64.2987,-0.7013016
train,36,94,64.0,59.945637,-4.0543633
train,36,95,63.0,61.06533,-1.9346695
train,36,96,62.0,59.621334,-2.378666
train,36,97,61.0,55.297848,-5.7021523
train,36,98,60.0,64.885445,4.8854446
train,36,99,59.0,72.215004,13.215004
train,36,100,58.0,74.36628,16.36628
train,36,101,57.0,76.301765,19.301765
train,36,102,56.0,61.02857,5.0285683
train,36,103,55.0,60.627953,5.6279526
train,36,104,54.0,51.776405,-2.2235947
train,36,105,53.0,64.14657,11.146568
train,36,106,52.0,60.282238,8.282238
train,36,107,51.0,60.190117,9.190117
train,36,108,50.0,68.84988,18.849876
train,36,109,49.0,78.949776,29.949776
train,36,110,48.0,70.393,22.392998
train,36,111,47.0,66.66288,19.66288
train,36,112,46.0,50.91112,4.9111214
train,36,113,45.0,48.82107,3.8210716
train,36,114,44.0,49.636314,5.6363144
train,36,115,43.0,49.373806,6.373806
train,36,116,42.0,42.325108,0.32510757
train,36,117,41.0,41.464653,0.46465302
train,36,118,40.0,38.82222,-1.1777802
train,36,119,39.0,38.50737,-0.49263
train,36,120,38.0,39.051117,1.051117
train,36,121,37.0,37.07211,0.07210922
train,36,122,36.0,39.596603,3.5966034
train,36,123,35.0,34.40656,-0.593441
train,36,124,34.0,39.682354,5.682354
train,36,125,33.0,40.574352,7.5743523
train,36,126,32.0,37.180256,5.180256
train,36,127,31.0,37.156612,6.1566124
train,36,128,30.0,36.375202,6.375202
train,36,129,29.0,32.394947,3.394947
train,36,130,28.0,32.019688,4.0196877
train,36,131,27.0,32.97478,5.974781
train,36,132,26.0,30.793087,4.793087
train,36,133,25.0,26.900492,1.9004917
train,36,134,24.0,22.488531,-1.5114689
train,36,135,23.0,20.490126,-2.5098743
train,36,136,22.0,24.891497,2.8914967
train,36,137,21.0,24.640429,3.6404285
train,36,138,20.0,22.713247,2.7132473
train,36,139,19.0,25.46406,6.46406
train,36,140,18.0,21.327375,3.3273754
train,36,141,17.0,23.665754,6.6657543
train,36,142,16.0,26.58498,10.58498
train,36,143,15.0,26.481504,11.481504
train,36,144,14.0,22.198172,8.198172
train,36,145,13.0,21.299814,8.299814
train,36,146,12.0,19.559782,7.559782
train,36,147,11.0,17.477932,6.477932
train,36,148,10.0,14.36755,4.36755
train,36,149,9.0,11.484368,2.4843683
train,36,150,8.0,12.739634,4.7396336
train,36,151,7.0,10.693726,3.6937256
train,36,152,6.0,9.491542,3.4915419
train,36,153,5.0,7.7168813,2.7168813
train,36,154,4.0,6.9374094,2.9374094
train,36,155,3.0,5.9965878,2.9965878
train,36,156,2.0,4.292551,2.292551
train,36,157,1.0,4.262438,3.2624378
train,36,158,0.0,2.16429,2.16429
train,37,30,140.0,141.1028,1.1027985
train,37,31,139.0,138.851,-0.14900208
train,37,32,138.0,137.47475,-0.5252533
train,37,33,137.0,136.14258,-0.8574219
train,37,34,136.0,142.29492,6.294922
train,37,35,135.0,142.48756,7.487564
train,37,36,134.0,143.08522,9.08522
train,37,37,133.0,143.2719,10.271896
train,37,38,132.0,142.5989,10.598907
train,37,39,131.0,143.45375,12.453751
train,37,40,130.0,143.64943,13.649429
train,37,41,129.0,143.52422,14.524216
train,37,42,128.0,143.58388,15.583878
train,37,43,127.0,143.49017,16.490173
train,37,44,126.0,142.3208,16.3208
train,37,45,125.0,142.18007,17.180069
train,37,46,124.0,143.0627,19.062698
train,37,47,123.0,143.35687,20.356873
train,37,48,122.0,143.468,21.468002
train,37,49,121.0,143.55005,22.550049
train,37,50,120.0,143.66405,23.664047
train,37,51,119.0,143.48988,24.489883
train,37,52,118.0,143.66774,25.66774
train,37,53,117.0,143.57562,26.575623
train,37,54,116.0,143.1384,27.138397
train,37,55,115.0,139.6733,24.673294
train,37,56,114.0,137.95259,23.95259
train,37,57,113.0,131.72125,18.721252
train,37,58,112.0,140.09657,28.096573
train,37,59,111.0,114.8542,3.8542023
train,37,60,110.0,114.93038,4.930382
train,37,61,109.0,87.50605,-21.49395
train,37,62,108.0,88.34292,-19.657082
train,37,63,107.0,91.90914,-15.090858
train,37,64,106.0,110.46948,4.4694824
train,37,65,105.0,119.3826,14.382599
train,37,66,104.0,129.59752,25.597519
train,37,67,103.0,130.23517,27.235168
train,37,68,102.0,118.9051,16.905098
train,37,69,101.0,105.208084,4.208084
train,37,70,100.0,105.06408,5.0640793
train,37,71,99.0,97.103745,-1.8962555
train,37,72,98.0,94.00402,-3.9959793
train,37,73,97.0,107.050766,10.050766
train,37,74,96.0,113.99116,17.991158
train,37,75,95.0,108.24459,13.244591
train,37,76,94.0,110.20554,16.205544
train,37,77,93.0,110.95954,17.959541
train,37,78,92.0,119.10018,27.100182
train,37,79,91.0,124.71227,33.712273
train,37,80,90.0,134.5618,44.5618
train,37,81,89.0,139.12804,50.128036
train,37,82,88.0,141.90665,53.906647
train,37,83,87.0,135.95155,48.951553
train,37,84,86.0,140.74672,54.74672
train,37,85,85.0,137.53749,52.53749
train,37,86,84.0,133.92201,49.922012
train,37,87,83.0,121.29088,38.29088
train,37,88,82.0,134.59293,52.592926
train,37,89,81.0,119.25382,38.253822
train,37,90,80.0,121.021416,41.021416
train,37,91,79.0,105.9512,26.951202
train,37,92,78.0,108.71349,30.713493
train,37,93,77.0,104.578285,27.578285
train,37,94,76.0,93.7915,17.791496
train,37,95,75.0,87.74392,12.743919
train,37,96,74.0,90.11697,16.116966
train,37,97,73.0,87.88256,14.882561
train,37,98,72.0,90.45269,18.45269
train,37,99,71.0,83.980606,12.980606
train,37,100,70.0,86.94425,16.944252
train,37,101,69.0,94.669304,25.669304
train,37,102,68.0,88.57726,20.577263
train,37,103,67.0,75.86327,8.863274
train,37,104,66.0,84.022514,18.022514
train,37,105,65.0,82.73527,17.735268
train,37,106,64.0,71.74383,7.743828
train,37,107,63.0,78.24221,15.24221
train,37,108,62.0,89.61133,27.611328
train,37,109,61.0,89.82291,28.822906
train,37,110,60.0,83.65456,23.654556
train,37,111,59.0,86.95873,27.958733
train,37,112,58.0,86.05067,28.050667
train,37,113,57.0,82.55182,25.551819
train,37,114,56.0,87.17711,31.177109
train,37,115,55.0,82.94511,27.945107
train,37,116,54.0,81.96198,27.961983
train,37,117,53.0,82.038704,29.038704
train,37,118,52.0,70.68836,18.688362
train,37,119,51.0,73.19454,22.194542
train,37,120,50.0,67.772575,17.772575
train,37,121,49.0,69.17794,20.17794
train,37,122,48.0,66.69042,18.690422
train,37,123,47.0,64.99802,17.998016
train,37,124,46.0,63.314087,17.314087
train,37,125,45.0,53.72064,8.720638
train,37,126,44.0,45.9465,1.9464989
train,37,127,43.0,51.278378,8.278378
train,37,128,42.0,52.230724,10.230724
train,37,129,41.0,52.986126,11.986126
train,37,130,40.0,59.42506,19.42506
train,37,131,39.0,57.88372,18.88372
train,37,132,38.0,53.988647,15.988647
train,37,133,37.0,48.640816,11.640816
train,37,134,36.0,47.79556,11.795559
train,37,135,35.0,40.09676,5.09676
train,37,136,34.0,43.23557,9.235569
train,37,137,33.0,43.092167,10.092167
train,37,138,32.0,44.06164,12.061642
train,37,139,31.0,40.824688,9.824688
train,37,140,30.0,35.94436,5.944359
train,37,141,29.0,37.03122,8.0312195
train,37,142,28.0,34.113632,6.113632
train,37,143,27.0,30.854088,3.8540878
train,37,144,26.0,30.801462,4.801462
train,37,145,25.0,29.525934,4.525934
train,37,146,24.0,26.34792,2.3479195
train,37,147,23.0,27.874886,4.8748856
train,37,148,22.0,27.498678,5.498678
train,37,149,21.0,27.480309,6.4803085
train,37,150,20.0,25.691072,5.6910725
train,37,151,19.0,25.514523,6.5145226
train,37,152,18.0,21.494638,3.4946384
train,37,153,17.0,21.785986,4.785986
train,37,154,16.0,21.868925,5.868925
train,37,155,15.0,20.128176,5.1281757
train,37,156,14.0,19.837603,5.8376026
train,37,157,13.0,17.552378,4.5523777
train,37,158,12.0,18.134188,6.1341877
train,37,159,11.0,15.551555,4.5515547
train,37,160,10.0,16.11828,6.1182804
train,37,161,9.0,13.839032,4.839032
train,37,162,8.0,13.25446,5.2544603
train,37,163,7.0,11.427399,4.4273987
train,37,164,6.0,10.490663,4.4906626
train,37,165,5.0,9.11827,4.11827
train,37,166,4.0,8.931489,4.931489
train,37,167,3.0,6.6577497,3.6577497
train,37,168,2.0,7.0188684,5.0188684
train,37,169,1.0,6.007798,5.007798
train,37,170,0.0,5.143358,5.143358
train,38,30,164.0,142.31761,-21.682388
train,38,31,163.0,141.88826,-21.11174
train,38,32,162.0,142.50679,-19.49321
train,38,33,161.0,142.72942,-18.270584
train,38,34,160.0,142.87115,-17.128845
train,38,35,159.0,142.99443,-16.00557
train,38,36,158.0,142.93344,-15.066559
train,38,37,157.0,142.84438,-14.155624
train,38,38,156.0,141.85844,-14.141556
train,38,39,155.0,142.45845,-12.54155
train,38,40,154.0,142.61931,-11.380692
train,38,41,153.0,142.44722,-10.55278
train,38,42,152.0,142.52965,-9.470352
train,38,43,151.0,142.12125,-8.878754
train,38,44,150.0,142.72917,-7.2708282
train,38,45,149.0,142.41203,-6.587967
train,38,46,148.0,142.41844,-5.581558
train,38,47,147.0,142.03941,-4.9605865
train,38,48,146.0,142.47775,-3.5222473
train,38,49,145.0,136.86461,-8.135391
train,38,50,144.0,133.35841,-10.641586
train,38,51,143.0,134.48918,-8.5108185
train,38,52,142.0,129.36812,-12.631882
train,38,53,141.0,132.11043,-8.889572
train,38,54,140.0,137.36229,-2.6377106
train,38,55,139.0,139.27942,0.27941895
train,38,56,138.0,123.52392,-14.476082
train,38,57,137.0,123.64264,-13.357361
train,38,58,136.0,117.23138,-18.768623
train,38,59,135.0,136.42784,1.4278412
train,38,60,134.0,139.28984,5.2898407
train,38,61,133.0,141.61479,8.614792
train,38,62,132.0,141.58575,9.585754
train,38,63,131.0,142.39687,11.396866
train,38,64,130.0,142.62611,12.626114
train,38,65,129.0,142.49973,13.499725
train,38,66,128.0,142.38048,14.380478
train,38,67,127.0,142.77425,15.774246
train,38,68,126.0,142.34433,16.34433
train,38,69,125.0,141.68294,16.682938
train,38,70,124.0,142.23055,18.230545
train,38,71,123.0,142.6208,19.620804
train,38,72,122.0,142.2025,20.2025
train,38,73,121.0,142.58487,21.58487
train,38,74,120.0,141.01451,21.014511
train,38,75,119.0,141.72748,22.727478
train,38,76,118.0,139.70267,21.702667
train,38,77,117.0,134.94048,17.940475
train,38,78,116.0,131.832,15.832001
train,38,79,115.0,123.103325,8.103325
train,38,80,114.0,107.018166,-6.9818344
train,38,81,113.0,101.22936,-11.7706375
train,38,82,112.0,117.83627,5.836273
train,38,83,111.0,125.35795,14.357948
train,38,84,110.0,113.22715,3.22715
train,38,85,109.0,115.1952,6.195198
train,38,86,108.0,138.01195,30.011948
train,38,87,107.0,101.778244,-5.221756
train,38,88,106.0,98.31886,-7.681137
train,38,89,105.0,138.34671,33.34671
train,38,90,104.0,120.822334,16.822334
train,38,91,103.0,134.20918,31.209183
train,38,92,102.0,139.13719,37.13719
train,38,93,101.0,141.44661,40.44661
train,38,94,100.0,140.4923,40.492294
train,38,95,99.0,137.44658,38.44658
train,38,96,98.0,139.45967,41.45967
train,38,97,97.0,140.51085,43.51085
train,38,98,96.0,136.835,40.835007
train,38,99,95.0,129.78189,34.78189
train,38,100,94.0,117.67788,23.67788
train,38,101,93.0,113.42467,20.424667
train,38,102,92.0,103.31147,11.31147
train,38,103,91.0,89.258316,-1.741684
train,38,104,90.0,81.59371,-8.406288
train,38,105,89.0,77.84919,-11.15081
train,38,106,88.0,83.99293,-4.0070724
train,38,107,87.0,81.93378,-5.066223
train,38,108,86.0,78.51746,-7.4825363
train,38,109,85.0,70.652084,-14.347916
train,38,110,84.0,72.74742,-11.252579
train,38,111,83.0,72.926506,-10.073494
train,38,112,82.0,76.84542,-5.154579
train,38,113,81.0,81.4329,0.43289948
train,38,114,80.0,85.55381,5.55381
train,38,115,79.0,91.19686,12.196861
train,38,116,78.0,94.62136,16.62136
train,38,117,77.0,97.48826,20.488258
train,38,118,76.0,99.988,23.987999
train,38,119,75.0,88.04816,13.048157
train,38,120,74.0,85.53668,11.536682
train,38,121,73.0,84.595474,11.595474
train,38,122,72.0,86.71496,14.714958
train,38,123,71.0,96.627914,25.627914
train,38,124,70.0,91.03235,21.032349
train,38,125,69.0,79.36871,10.368713
train,38,126,68.0,83.18616,15.186157
train,38,127,67.0,79.18212,12.182121
train,38,128,66.0,68.1027,2.1026993
train,38,129,65.0,60.413578,-4.586422
train,38,130,64.0,61.627537,-2.3724632
train,38,131,63.0,62.524826,-0.47517395
train,38,132,62.0,64.33845,2.3384476
train,38,133,61.0,54.320274,-6.6797256
train,38,134,60.0,57.24805,-2.7519493
train,38,135,59.0,49.266636,-9.733364
train,38,136,58.0,44.566746,-13.433254
train,38,137,57.0,44.33597,-12.664028
train,38,138,56.0,42.921856,-13.078144
train,38,139,55.0,38.804993,-16.195007
train,38,140,54.0,43.0098,-10.9902
train,38,141,53.0,50.45202,-2.5479813
train,38,142,52.0,48.226093,-3.7739067
train,38,143,51.0,48.832447,-2.167553
train,38,144,50.0,58.89604,8.896042
train,38,145,49.0,51.363792,2.3637924
train,38,146,48.0,44.800503,-3.1994972
train,38,147,47.0,39.796886,-7.2031136
train,38,148,46.0,38.22314,-7.7768593
train,38,149,45.0,37.334187,-7.6658134
train,38,150,44.0,35.654827,-8.345173
train,38,151,43.0,34.377903,-8.622097
train,38,152,42.0,30.275858,-11.724142
train,38,153,41.0,28.563038,-12.436962
train,38,154,40.0,28.488031,-11.511969
train,38,155,39.0,25.185652,-13.814348
train,38,156,38.0,25.719059,-12.280941
train,38,157,37.0,25.743547,-11.256453
train,38,158,36.0,28.234,-7.7660007
train,38,159,35.0,31.894129,-3.1058712
train,38,160,34.0,29.718653,-4.2813473
train,38,161,33.0,34.970264,1.9702644
train,38,162,32.0,33.4659,1.4659004
train,38,163,31.0,35.22848,4.2284813
train,38,164,30.0,36.694046,6.694046
train,38,165,29.0,34.84923,5.8492317
train,38,166,28.0,32.20608,4.2060814
train,38,167,27.0,31.504932,4.5049324
train,38,168,26.0,29.595701,3.5957012
train,38,169,25.0,26.791464,1.7914639
train,38,170,24.0,24.464432,0.46443176
train,38,171,23.0,27.002497,4.0024967
train,38,172,22.0,26.016758,4.016758
train,38,173,21.0,22.269491,1.2694912
train,38,174,20.0,20.418993,0.418993
train,38,175,19.0,20.351591,1.3515911
train,38,176,18.0,16.713795,-1.2862053
train,38,177,17.0,16.338978,-0.6610222
train,38,178,16.0,14.476564,-1.5234356
train,38,179,15.0,13.837609,-1.1623907
train,38,180,14.0,13.839719,-0.16028118
train,38,181,13.0,14.323813,1.3238134
train,38,182,12.0,12.734155,0.7341547
train,38,183,11.0,11.824899,0.8248987
train,38,184,10.0,11.298272,1.2982721
train,38,185,9.0,8.498087,-0.5019131
train,38,186,8.0,9.624034,1.6240339
train,38,187,7.0,7.24568,0.24567986
train,38,188,6.0,6.4832945,0.4832945
train,38,189,5.0,5.5343914,0.5343914
train,38,190,4.0,4.3755383,0.37553835
train,38,191,3.0,5.601966,2.601966
train,38,192,2.0,3.2484984,1.2484984
train,38,193,1.0,2.8212109,1.8212109
train,38,194,0.0,0.9952518,0.9952518
train,39,30,98.0,141.22908,43.22908
train,39,31,97.0,140.81413,43.814133
train,39,32,96.0,141.74126,45.741257
train,39,33,95.0,140.60591,45.60591
train,39,34,94.0,139.1989,45.1989
train,39,35,93.0,140.58556,47.585556
train,39,36,92.0,139.30061,47.300613
train,39,37,91.0,126.30804,35.308037
train,39,38,90.0,101.72917,11.729172
train,39,39,89.0,101.21666,12.21666
train,39,40,88.0,97.392525,9.392525
train,39,41,87.0,101.176,14.1760025
train,39,42,86.0,100.40078,14.40078
train,39,43,85.0,93.29063,8.290627
train,39,44,84.0,86.49048,2.4904785
train,39,45,83.0,85.0372,2.037201
train,39,46,82.0,87.42712,5.4271164
train,39,47,81.0,79.95463,-1.045372
train,39,48,80.0,86.68815,6.6881485
train,39,49,79.0,96.70985,17.709846
train,39,50,78.0,101.90661,23.906609
train,39,51,77.0,101.703224,24.703224
train,39,52,76.0,110.76801,34.768013
train,39,53,75.0,120.02443,45.02443
train,39,54,74.0,123.812996,49.812996
train,39,55,73.0,120.88018,47.88018
train,39,56,72.0,101.1849,29.184898
train,39,57,71.0,95.29965,24.299652
train,39,58,70.0,95.96867,25.968674
train,39,59,69.0,98.2049,29.204903
train,39,60,68.0,96.40331,28.403313
train,39,61,67.0,89.39721,22.39721
train,39,62,66.0,96.79325,30.793251
train,39,63,65.0,95.3623,30.362297
train,39,64,64.0,94.710884,30.710884
train,39,65,63.0,94.78003,31.78003
train,39,66,62.0,89.01656,27.016563
train,39,67,61.0,85.23148,24.231483
train,39,68,60.0,72.955536,12.955536
train,39,69,59.0,63.779224,4.7792244
train,39,70,58.0,60.483196,2.4831963
train,39,71,57.0,67.85905,10.859047
train,39,72,56.0,71.100815,15.100815
train,39,73,55.0,68.636345,13.636345
train,39,74,54.0,74.64686,20.646858
train,39,75,53.0,76.28062,23.280617
train,39,76,52.0,70.64001,18.640007
train,39,77,51.0,68.73232,17.732323
train,39,78,50.0,66.8916,16.891602
train,39,79,49.0,70.596725,21.596725
train,39,80,48.0,65.21245,17.212448
train,39,81,47.0,60.01029,13.010288
train,39,82,46.0,55.278294,9.278294
train,39,83,45.0,52.850704,7.850704
train,39,84,44.0,49.46716,5.4671593
train,39,85,43.0,50.229702,7.229702
train,39,86,42.0,48.07828,6.0782814
train,39,87,41.0,43.45698,2.4569817
train,39,88,40.0,52.47346,12.473461
train,39,89,39.0,54.8472,15.8471985
train,39,90,38.0,51.048443,13.048443
train,39,91,37.0,51.69252,14.69252
train,39,92,36.0,51.005306,15.005306
train,39,93,35.0,51.050667,16.050667
train,39,94,34.0,49.922565,15.922565
train,39,95,33.0,53.347744,20.347744
train,39,96,32.0,44.65377,12.65377
train,39,97,31.0,43.86535,12.865349
train,39,98,30.0,43.40209,13.402088
train,39,99,29.0,45.23647,16.23647
train,39,100,28.0,46.457745,18.457745
train,39,101,27.0,44.551704,17.551704
train,39,102,26.0,39.124477,13.124477
train,39,103,25.0,34.981415,9.981415
train,39,104,24.0,34.42857,10.42857
train,39,105,23.0,35.484737,12.484737
train,39,106,22.0,30.675245,8.675245
train,39,107,21.0,33.41848,12.41848
train,39,108,20.0,35.23454,15.234539
train,39,109,19.0,31.277338,12.277338
train,39,110,18.0,29.108004,11.108004
train,39,111,17.0,27.93076,10.930759
train,39,112,16.0,22.75995,6.7599506
train,39,113,15.0,21.399227,6.399227
train,39,114,14.0,18.293268,4.293268
train,39,115,13.0,16.73534,3.73534
train,39,116,12.0,15.792663,3.7926626
train,39,117,11.0,14.337735,3.3377352
train,39,118,10.0,12.474394,2.4743938
train,39,119,9.0,11.681348,2.6813478
train,39,120,8.0,9.489332,1.4893322
train,39,121,7.0,8.444693,1.4446926
train,39,122,6.0,8.750646,2.7506456
train,39,123,5.0,8.121844,3.1218443
train,39,124,4.0,6.634152,2.634152
train,39,125,3.0,6.7913218,3.7913218
train,39,126,2.0,7.3893037,5.3893037
train,39,127,1.0,5.3383274,4.3383274
train,39,128,0.0,2.6621943,2.6621943
train,40,30,158.0,140.40508,-17.594925
train,40,31,157.0,139.67249,-17.327515
train,40,32,156.0,138.88191,-17.118088
train,40,33,155.0,139.53476,-15.4652405
train,40,34,154.0,136.87862,-17.121384
train,40,35,153.0,138.0337,-14.966293
train,40,36,152.0,125.591194,-26.408806
train,40,37,151.0,131.0641,-19.935898
train,40,38,150.0,130.92122,-19.078781
train,40,39,149.0,115.237686,-33.762314
train,40,40,148.0,110.20269,-37.79731
train,40,41,147.0,108.99462,-38.00538
train,40,42,146.0,114.50599,-31.49401
train,40,43,145.0,116.36709,-28.632912
train,40,44,144.0,127.995384,-16.004616
train,40,45,143.0,132.8399,-10.160095
train,40,46,142.0,134.59775,-7.402252
train,40,47,141.0,132.18214,-8.817856
train,40,48,140.0,121.702614,-18.297386
train,40,49,139.0,129.43153,-9.568466
train,40,50,138.0,125.07543,-12.924568
train,40,51,137.0,132.14641,-4.853592
train,40,52,136.0,115.79945,-20.200546
train,40,53,135.0,113.52003,-21.479973
train,40,54,134.0,112.098465,-21.901535
train,40,55,133.0,121.957405,-11.042595
train,40,56,132.0,126.994026,-5.005974
train,40,57,131.0,134.27415,3.2741547
train,40,58,130.0,137.82948,7.829483
train,40,59,129.0,133.21057,4.2105713
train,40,60,128.0,135.63072,7.630722
train,40,61,127.0,130.25993,3.2599335
train,40,62,126.0,129.93881,3.9388123
train,40,63,125.0,132.68434,7.6843414
train,40,64,124.0,133.03136,9.031357
train,40,65,123.0,135.18803,12.188034
train,40,66,122.0,136.24599,14.245987
train,40,67,121.0,138.68745,17.687454
train,40,68,120.0,134.71796,14.717957
train,40,69,119.0,136.34029,17.340286
train,40,70,118.0,137.8589,19.858902
train,40,71,117.0,135.9207,18.9207
train,40,72,116.0,136.71811,20.71811
train,40,73,115.0,136.48979,21.489792
train,40,74,114.0,133.01692,19.016922
train,40,75,113.0,133.62721,20.627213
train,40,76,112.0,121.337975,9.337975
train,40,77,111.0,109.18305,-1.8169479
train,40,78,110.0,108.035805,-1.9641953
train,40,79,109.0,125.66987,16.669868
train,40,80,108.0,129.70418,21.704178
train,40,81,107.0,112.90052,5.9005203
train,40,82,106.0,101.96975,-4.0302505
train,40,83,105.0,95.28193,-9.718071
train,40,84,104.0,96.312126,-7.687874
train,40,85,103.0,98.52036,-4.479637
train,40,86,102.0,101.968155,-0.031845093
train,40,87,101.0,92.88113,-8.118874
train,40,88,100.0,101.71409,1.7140884
train,40,89,99.0,97.00035,-1.999649
train,40,90,98.0,96.64732,-1.3526764
train,40,91,97.0,87.459694,-9.540306
train,40,92,96.0,79.80105,-16.198952
train,40,93,95.0,74.184395,-20.815605
train,40,94,94.0,78.98652,-15.013481
train,40,95,93.0,67.49937,-25.500633
train,40,96,92.0,60.49318,-31.50682
train,40,97,91.0,82.263374,-8.736626
train,40,98,90.0,83.51065,-6.4893494
train,40,99,89.0,86.858604,-2.1413956
train,40,100,88.0,92.33425,4.3342514
train,40,101,87.0,93.86974,6.8697433
train,40,102,86.0,89.0707,3.0707016
train,40,103,85.0,87.39565,2.3956528
train,40,104,84.0,94.451965,10.451965
train,40,105,83.0,95.296196,12.296196
train,40,106,82.0,87.00245,5.002449
train,40,107,81.0,83.41636,2.416359
train,40,108,80.0,77.22135,-2.7786484
train,40,109,79.0,83.189735,4.1897354
train,40,110,78.0,84.73159,6.7315903
train,40,111,77.0,85.695305,8.695305
train,40,112,76.0,89.196625,13.196625
train,40,113,75.0,94.37299,19.372993
train,40,114,74.0,87.1099,13.109901
train,40,115,73.0,90.54816,17.548157
train,40,116,72.0,81.0646,9.064598
train,40,117,71.0,72.997795,1.9977951
train,40,118,70.0,71.79743,1.797432
train,40,119,69.0,67.15487,-1.8451309
train,40,120,68.0,64.13182,-3.8681793
train,40,121,67.0,67.05066,0.05065918
train,40,122,66.0,64.80346,-1.1965408
train,40,123,65.0,65.74047,0.7404709
train,40,124,64.0,64.55022,0.5502167
train,40,125,63.0,65.02239,2.0223923
train,40,126,62.0,61.790108,-0.20989227
train,40,127,61.0,68.09093,7.090927
train,40,128,60.0,63.288265,3.2882652
train,40,129,59.0,57.252712,-1.7472878
train,40,130,58.0,52.61835,-5.381649
train,40,131,57.0,48.456295,-8.543705
train,40,132,56.0,51.104862,-4.895138
train,40,133,55.0,48.886017,-6.113983
train,40,134,54.0,58.20634,4.206341
train,40,135,53.0,55.091457,2.0914574
train,40,136,52.0,56.05505,4.05505
train,40,137,51.0,60.895576,9.8955765
train,40,138,50.0,56.686317,6.6863174
train,40,139,49.0,63.438793,14.438793
train,40,140,48.0,58.422287,10.422287
train,40,141,47.0,52.767735,5.7677345
train,40,142,46.0,51.488674,5.488674
train,40,143,45.0,51.06442,6.064419
train,40,144,44.0,46.40344,2.4034386
train,40,145,43.0,44.53217,1.5321693
train,40,146,42.0,44.561386,2.561386
train,40,147,41.0,47.89887,6.8988686
train,40,148,40.0,43.23581,3.2358093
train,40,149,39.0,44.16045,5.16045
train,40,150,38.0,42.896305,4.896305
train,40,151,37.0,42.99492,5.994919
train,40,152,36.0,42.025387,6.025387
train,40,153,35.0,40.99279,5.99279
train,40,154,34.0,36.264874,2.2648735
train,40,155,33.0,33.540684,0.54068375
train,40,156,32.0,29.645725,-2.3542747
train,40,157,31.0,30.41216,-0.5878391
train,40,158,30.0,28.476097,-1.5239029
train,40,159,29.0,27.003956,-1.9960442
train,40,160,28.0,25.41741,-2.58259
train,40,161,27.0,25.4899,-1.5100994
train,40,162,26.0,24.45447,-1.5455303
train,40,163,25.0,28.20501,3.2050095
train,40,164,24.0,28.073858,4.0738583
train,40,165,23.0,28.463892,5.463892
train,40,166,22.0,24.6368,2.6368008
train,40,167,21.0,24.213116,3.2131157
train,40,168,20.0,21.411407,1.4114075
train,40,169,19.0,20.648119,1.648119
train,40,170,18.0,20.849606,2.8496056
train,40,171,17.0,18.591732,1.591732
train,40,172,16.0,17.456148,1.4561481
train,40,173,15.0,16.06276,1.0627594
train,40,174,14.0,14.167747,0.16774654
train,40,175,13.0,13.626495,0.62649536
train,40,176,12.0,10.843213,-1.1567869
train,40,177,11.0,10.560111,-0.43988895
train,40,178,10.0,9.938775,-0.061224937
train,40,179,9.0,6.848365,-2.1516352
train,40,180,8.0,5.8266926,-2.1733074
train,40,181,7.0,6.349025,-0.6509752
train,40,182,6.0,4.772962,-1.2270379
train,40,183,5.0,3.75389,-1.24611
train,40,184,4.0,4.2363343,0.23633432
train,40,185,3.0,3.2295256,0.22952557
train,40,186,2.0,2.87754,0.8775401
train,40,187,1.0,2.7199297,1.7199297
train,40,188,0.0,1.8612155,1.8612155
train,41,30,186.0,141.02861,-44.97139
train,41,31,185.0,139.41911,-45.580887
train,41,32,184.0,134.06151,-49.93849
train,41,33,183.0,128.03949,-54.96051
train,41,34,182.0,128.24396,-53.756042
train,41,35,181.0,124.27854,-56.72146
train,41,36,180.0,126.034676,-53.965324
train,41,37,179.0,137.07211,-41.927887
train,41,38,178.0,140.82144,-37.17856
train,41,39,177.0,143.40266,-33.597336
train,41,40,176.0,143.75842,-32.241577
train,41,41,175.0,145.62865,-29.371353
train,41,42,174.0,145.71109,-28.28891
train,41,43,173.0,145.7657,-27.234299
train,41,44,172.0,145.87764,-26.12236
train,41,45,171.0,145.81163,-25.18837
train,41,46,170.0,145.74147,-24.25853
train,41,47,169.0,145.76192,-23.238083
train,41,48,168.0,145.28639,-22.713608
train,41,49,167.0,143.65103,-23.348969
train,41,50,166.0,141.43509,-24.56491
train,41,51,165.0,139.17567,-25.824326
train,41,52,164.0,141.20999,-22.790009
train,41,53,163.0,140.55678,-22.443222
train,41,54,162.0,141.25627,-20.743729
train,41,55,161.0,131.13535,-29.864655
train,41,56,160.0,133.19789,-26.802109
train,41,57,159.0,132.19519,-26.80481
train,41,58,158.0,125.67921,-32.320793
train,41,59,157.0,123.62326,-33.37674
train,41,60,156.0,123.653854,-32.346146
train,41,61,155.0,125.48199,-29.518013
train,41,62,154.0,125.92428,-28.075722
train,41,63,153.0,126.232475,-26.767525
train,41,64,152.0,119.178925,-32.821075
train,41,65,151.0,118.424,-32.575996
train,41,66,150.0,117.74952,-32.25048
train,41,67,149.0,118.11907,-30.880928
train,41,68,148.0,109.951225,-38.048775
train,41,69,147.0,109.711586,-37.288414
train,41,70,146.0,106.35923,-39.64077
train,41,71,145.0,112.37439,-32.62561
train,41,72,144.0,123.082695,-20.917305
train,41,73,143.0,128.53362,-14.466385
train,41,74,142.0,128.55731,-13.442688
train,41,75,141.0,124.01008,-16.989922
train,41,76,140.0,116.682945,-23.317055
train,41,77,139.0,116.231926,-22.768074
train,41,78,138.0,123.333565,-14.666435
train,41,79,137.0,118.75751,-18.242493
train,41,80,136.0,118.54882,-17.45118
train,41,81,135.0,124.55346,-10.446541
train,41,82,134.0,131.33241,-2.6675873
train,41,83,133.0,122.65278,-10.347221
train,41,84,132.0,120.35187,-11.648132
train,41,85,131.0,115.53516,-15.464844
train,41,86,130.0,125.0536,-4.9464035
train,41,87,129.0,123.8976,-5.1024017
train,41,88,128.0,132.13135,4.1313477
train,41,89,127.0,138.17055,11.1705475
train,41,90,126.0,135.7216,9.721603
train,41,91,125.0,137.52827,12.528275
train,41,92,124.0,138.43655,14.436554
train,41,93,123.0,129.0522,6.0522003
train,41,94,122.0,128.66628,6.666275
train,41,95,121.0,131.77959,10.779587
train,41,96,120.0,126.98029,6.9802933
train,41,97,119.0,117.67997,-1.3200302
train,41,98,118.0,111.4641,-6.5358963
train,41,99,117.0,113.281624,-3.7183762
train,41,100,116.0,97.47889,-18.52111
train,41,101,115.0,95.336525,-19.663475
train,41,102,114.0,95.8597,-18.140297
train,41,103,113.0,93.192085,-19.807915
train,41,104,112.0,98.8003,-13.199699
train,41,105,111.0,96.96969,-14.030312
train,41,106,110.0,95.653496,-14.346504
train,41,107,109.0,94.03628,-14.963722
train,41,108,108.0,94.08251,-13.917488
train,41,109,107.0,90.28723,-16.712769
train,41,110,106.0,88.43568,-17.564323
train,41,111,105.0,93.05416,-11.945839
train,41,112,104.0,93.09786,-10.902138
train,41,113,103.0,91.54052,-11.45948
train,41,114,102.0,90.541145,-11.458855
train,41,115,101.0,96.658165,-4.341835
train,41,116,100.0,102.681366,2.681366
train,41,117,99.0,110.851944,11.851944
train,41,118,98.0,110.31797,12.31797
train,41,119,97.0,105.7402,8.740196
train,41,120,96.0,105.63034,9.630341
train,41,121,95.0,108.25288,13.252876
train,41,122,94.0,105.20083,11.200829
train,41,123,93.0,97.62202,4.622017
train,41,124,92.0,92.33674,0.3367386
train,41,125,91.0,93.159966,2.1599655
train,41,126,90.0,88.414894,-1.5851059
train,41,127,89.0,83.19595,-5.8040466
train,41,128,88.0,77.04278,-10.957222
train,41,129,87.0,80.83926,-6.1607437
train,41,130,86.0,79.6986,-6.301399
train,41,131,85.0,80.47904,-4.520958
train,41,132,84.0,72.78978,-11.21022
train,41,133,83.0,76.65116,-6.348839
train,41,134,82.0,86.22319,4.2231903
train,41,135,81.0,81.68882,0.6888199
train,41,136,80.0,81.4207,1.4207001
train,41,137,79.0,82.93827,3.9382706
train,41,138,78.0,83.79384,5.7938385
train,41,139,77.0,81.51798,4.5179825
train,41,140,76.0,74.906746,-1.0932541
train,41,141,75.0,77.235565,2.2355652
train,41,142,74.0,79.02865,5.0286484
train,41,143,73.0,77.987236,4.987236
train,41,144,72.0,82.16446,10.164459
train,41,145,71.0,74.303795,3.3037949
train,41,146,70.0,74.275,4.2750015
train,41,147,69.0,74.90029,5.9002914
train,41,148,68.0,74.12996,6.129959
train,41,149,67.0,69.534966,2.5349655
train,41,150,66.0,58.28603,-7.71397
train,41,151,65.0,61.336563,-3.663437
train,41,152,64.0,59.702965,-4.297035
train,41,153,63.0,55.59187,-7.4081306
train,41,154,62.0,56.40838,-5.5916214
train,41,155,61.0,57.229866,-3.770134
train,41,156,60.0,54.74724,-5.252762
train,41,157,59.0,54.488705,-4.5112953
train,41,158,58.0,51.512573,-6.4874268
train,41,159,57.0,49.791584,-7.208416
train,41,160,56.0,47.230854,-8.769146
train,41,161,55.0,46.6406,-8.359402
train,41,162,54.0,45.637577,-8.362423
train,41,163,53.0,45.800987,-7.1990128
train,41,164,52.0,45.412548,-6.587452
train,41,165,51.0,49.150303,-1.8496971
train,41,166,50.0,48.408726,-1.5912743
train,41,167,49.0,49.682217,0.68221664
train,41,168,48.0,43.82249,-4.1775093
train,41,169,47.0,41.219715,-5.780285
train,41,170,46.0,42.5265,-3.4734993
train,41,171,45.0,45.305958,0.3059578
train,41,172,44.0,40.359825,-3.6401749
train,41,173,43.0,46.485096,3.485096
train,41,174,42.0,44.258488,2.2584877
train,41,175,41.0,40.859352,-0.14064789
train,41,176,40.0,41.343376,1.3433762
train,41,177,39.0,39.52911,0.52910995
train,41,178,38.0,41.28271,3.282711
train,41,179,37.0,42.649323,5.6493225
train,41,180,36.0,37.935253,1.9352531
train,41,181,35.0,37.688625,2.6886253
train,41,182,34.0,35.040398,1.0403976
train,41,183,33.0,34.65839,1.65839
train,41,184,32.0,30.247707,-1.7522926
train,41,185,31.0,30.60599,-0.39401054
train,41,186,30.0,31.618042,1.618042
train,41,187,29.0,29.303732,0.30373192
train,41,188,28.0,26.188818,-1.811182
train,41,189,27.0,22.86922,-4.1307793
train,41,190,26.0,25.026506,-0.9734936
train,41,191,25.0,21.796217,-3.203783
train,41,192,24.0,20.73009,-3.2699108
train,41,193,23.0,21.899967,-1.1000328
train,41,194,22.0,19.86415,-2.135851
train,41,195,21.0,19.23562,-1.7643795
train,41,196,20.0,18.387846,-1.612154
train,41,197,19.0,18.768225,-0.23177528
train,41,198,18.0,18.210064,0.21006393
train,41,199,17.0,16.528864,-0.4711361
train,41,200,16.0,17.325495,1.3254948
train,41,201,15.0,15.565087,0.5650873
train,41,202,14.0,13.771786,-0.22821426
train,41,203,13.0,15.707689,2.7076893
train,41,204,12.0,13.670636,1.6706362
train,41,205,11.0,11.629935,0.62993526
train,41,206,10.0,11.65892,1.6589203
train,41,207,9.0,10.264995,1.2649946
train,41,208,8.0,8.747781,0.7477808
train,41,209,7.0,7.231261,0.23126078
train,41,210,6.0,5.780173,-0.21982718
train,41,211,5.0,4.658314,-0.34168577
train,41,212,4.0,2.783862,-1.2161379
train,41,213,3.0,2.5007887,-0.4992113
train,41,214,2.0,1.3372109,-0.6627891
train,41,215,1.0,1.3739088,0.37390876
train,41,216,0.0,1.964277,1.964277
train,42,30,166.0,143.86475,-22.135254
train,42,31,165.0,144.74896,-20.251038
train,42,32,164.0,143.77328,-20.226715
train,42,33,163.0,143.234,-19.766006
train,42,34,162.0,142.9589,-19.041107
train,42,35,161.0,137.34142,-23.658585
train,42,36,160.0,134.53154,-25.46846
train,42,37,159.0,144.2395,-14.760498
train,42,38,158.0,144.85136,-13.148636
train,42,39,157.0,137.83711,-19.162888
train,42,40,156.0,113.325806,-42.674194
train,42,41,155.0,118.07084,-36.92916
train,42,42,154.0,126.61238,-27.387619
train,42,43,153.0,138.04236,-14.957642
train,42,44,152.0,143.80498,-8.195023
train,42,45,151.0,143.66869,-7.331314
train,42,46,150.0,144.25832,-5.741684
train,42,47,149.0,142.85938,-6.140625
train,42,48,148.0,143.50533,-4.4946747
train,42,49,147.0,144.09084,-2.9091644
train,42,50,146.0,140.3492,-5.6508026
train,42,51,145.0,142.8114,-2.1885986
train,42,52,144.0,143.53535,-0.4646454
train,42,53,143.0,142.80183,-0.1981659
train,42,54,142.0,127.437164,-14.562836
train,42,55,141.0,130.43378,-10.566223
train,42,56,140.0,137.48734,-2.5126648
train,42,57,139.0,132.13747,-6.8625336
train,42,58,138.0,129.82108,-8.178925
train,42,59,137.0,123.8226,-13.177399
train,42,60,136.0,126.26862,-9.731377
train,42,61,135.0,129.3714,-5.628601
train,42,62,134.0,128.16756,-5.832443
train,42,63,133.0,112.670334,-20.329666
train,42,64,132.0,106.7202,-25.2798
train,42,65,131.0,124.21884,-6.7811584
train,42,66,130.0,109.00383,-20.99617
train,42,67,129.0,109.36062,-19.639381
train,42,68,128.0,117.26148,-10.738518
train,42,69,127.0,126.51168,-0.4883194
train,42,70,126.0,124.17124,-1.8287582
train,42,71,125.0,126.05082,1.0508194
train,42,72,124.0,131.51463,7.514633
train,42,73,123.0,124.8083,1.8082962
train,42,74,122.0,116.68525,-5.3147507
train,42,75,121.0,94.156,-26.844002
train,42,76,120.0,91.53393,-28.466072
train,42,77,119.0,98.617195,-20.382805
train,42,78,118.0,106.33805,-11.661949
train,42,79,117.0,98.649254,-18.350746
train,42,80,116.0,94.09507,-21.90493
train,42,81,115.0,95.1592,-19.840797
train,42,82,114.0,93.50785,-20.49215
train,42,83,113.0,88.4731,-24.526901
train,42,84,112.0,91.48794,-20.512062
train,42,85,111.0,97.84638,-13.153618
train,42,86,110.0,96.68466,-13.315338
train,42,87,109.0,96.94453,-12.055473
train,42,88,108.0,95.80472,-12.195282
train,42,89,107.0,93.5599,-13.440102
train,42,90,106.0,99.41982,-6.5801773
train,42,91,105.0,100.396866,-4.603134
train,42,92,104.0,112.93871,8.938713
train,42,93,103.0,114.87939,11.879387
train,42,94,102.0,106.20455,4.2045517
train,42,95,101.0,106.225746,5.225746
train,42,96,100.0,107.327614,7.327614
train,42,97,99.0,112.54131,13.541313
train,42,98,98.0,112.94251,14.9425125
train,42,99,97.0,132.39507,35.395065
train,42,100,96.0,118.93879,22.93879
train,42,101,95.0,123.35667,28.356667
train,42,102,94.0,127.31558,33.315582
train,42,103,93.0,120.17167,27.171669
train,42,104,92.0,99.48765,7.487648
train,42,105,91.0,98.661476,7.661476
train,42,106,90.0,99.46554,9.465538
train,42,107,89.0,132.36206,43.36206
train,42,108,88.0,135.18095,47.180954
train,42,109,87.0,123.64439,36.644386
train,42,110,86.0,88.32755,2.3275528
train,42,111,85.0,80.05163,-4.948372
train,42,112,84.0,73.51791,-10.482094
train,42,113,83.0,69.47567,-13.52433
train,42,114,82.0,75.660866,-6.339134
train,42,115,81.0,75.05115,-5.9488525
train,42,116,80.0,65.43017,-14.569832
train,42,117,79.0,59.804234,-19.195766
train,42,118,78.0,66.46492,-11.53508
train,42,119,77.0,71.01441,-5.985588
train,42,120,76.0,74.4788,-1.5212021
train,42,121,75.0,74.81757,-0.18242645
train,42,122,74.0,75.187965,1.1879654
train,42,123,73.0,61.97489,-11.025108
train,42,124,72.0,63.24097,-8.759029
train,42,125,71.0,62.39537,-8.6046295
train,42,126,70.0,72.35796,2.3579636
train,42,127,69.0,78.801025,9.801025
train,42,128,68.0,72.75146,4.751457
train,42,129,67.0,71.45005,4.4500504
train,42,130,66.0,68.89496,2.8949585
train,42,131,65.0,84.74889,19.748894
train,42,132,64.0,74.91978,10.919777
train,42,133,63.0,64.30372,1.3037186
train,42,134,62.0,62.111458,0.111457825
train,42,135,61.0,69.31506,8.315063
train,42,136,60.0,63.98,3.9799995
train,42,137,59.0,60.747818,1.747818
train,42,138,58.0,58.557407,0.5574074
train,42,139,57.0,58.99277,1.9927711
train,42,140,56.0,57.935143,1.9351425
train,42,141,55.0,55.477394,0.4773941
train,42,142,54.0,52.762943,-1.2370567
train,42,143,53.0,46.208622,-6.791378
train,42,144,52.0,46.35239,-5.6476097
train,42,145,51.0,48.58312,-2.4168816
train,42,146,50.0,43.685596,-6.3144035
train,42,147,49.0,44.425655,-4.5743446
train,42,148,48.0,45.788067,-2.2119331
train,42,149,47.0,49.20582,2.2058182
train,42,150,46.0,41.930424,-4.0695763
train,42,151,45.0,39.391544,-5.6084557
train,42,152,44.0,43.3679,-0.63209915
train,42,153,43.0,37.240826,-5.7591743
train,42,154,42.0,40.956295,-1.043705
train,42,155,41.0,37.962193,-3.0378075
train,42,156,40.0,39.268112,-0.7318878
train,42,157,39.0,46.156506,7.1565056
train,42,158,38.0,40.205517,2.2055168
train,42,159,37.0,54.30206,17.30206
train,42,160,36.0,59.5416,23.5416
train,42,161,35.0,62.87741,27.87741
train,42,162,34.0,49.09231,15.092312
train,42,163,33.0,46.411938,13.411938
train,42,164,32.0,38.362247,6.3622475
train,42,165,31.0,36.467297,5.4672966
train,42,166,30.0,32.83182,2.8318214
train,42,167,29.0,36.24957,7.249569
train,42,168,28.0,33.246025,5.246025
train,42,169,27.0,33.88477,6.8847694
train,42,170,26.0,33.483486,7.483486
train,42,171,25.0,35.19504,10.195042
train,42,172,24.0,32.575302,8.575302
train,42,173,23.0,31.144598,8.144598
train,42,174,22.0,31.134367,9.134367
train,42,175,21.0,29.855307,8.855307
train,42,176,20.0,27.202929,7.2029285
train,42,177,19.0,27.449936,8.449936
train,42,178,18.0,25.524134,7.5241337
train,42,179,17.0,23.776258,6.7762585
train,42,180,16.0,22.55119,6.5511894
train,42,181,15.0,16.660704,1.6607037
train,42,182,14.0,15.3138075,1.3138075
train,42,183,13.0,14.946162,1.9461622
train,42,184,12.0,16.14798,4.1479797
train,42,185,11.0,17.111078,6.1110783
train,42,186,10.0,14.848157,4.848157
train,42,187,9.0,15.762513,6.762513
train,42,188,8.0,14.440111,6.440111
train,42,189,7.0,13.787242,6.787242
train,42,190,6.0,11.431463,5.4314632
train,42,191,5.0,9.056277,4.0562773
train,42,192,4.0,10.960023,6.960023
train,42,193,3.0,8.428928,5.4289284
train,42,194,2.0,6.9252105,4.9252105
train,42,195,1.0,5.687786,4.687786
train,42,196,0.0,3.3039947,3.3039947
train,44,30,162.0,131.29631,-30.70369
train,44,31,161.0,135.72714,-25.272858
train,44,32,160.0,137.50179,-22.498215
train,44,33,159.0,136.09926,-22.900742
train,44,34,158.0,135.99869,-22.001312
train,44,35,157.0,138.32979,-18.670212
train,44,36,156.0,135.18245,-20.81755
train,44,37,155.0,131.41734,-23.582657
train,44,38,154.0,128.37283,-25.627167
train,44,39,153.0,127.31469,-25.68531
train,44,40,152.0,129.02695,-22.973053
train,44,41,151.0,132.82117,-18.178833
train,44,42,150.0,137.6967,-12.303299
train,44,43,149.0,134.64305,-14.356949
train,44,44,148.0,131.90321,-16.096786
train,44,45,147.0,131.03978,-15.96022
train,44,46,146.0,125.79927,-20.20073
train,44,47,145.0,122.68916,-22.310837
train,44,48,144.0,121.643166,-22.356834
train,44,49,143.0,123.86458,-19.135422
train,44,50,142.0,132.48938,-9.51062
train,44,51,141.0,132.5661,-8.433899
train,44,52,140.0,133.08476,-6.9152374
train,44,53,139.0,136.5385,-2.461502
train,44,54,138.0,134.55276,-3.447235
train,44,55,137.0,128.07126,-8.928741
train,44,56,136.0,123.60276,-12.39724
train,44,57,135.0,132.0013,-2.998703
train,44,58,134.0,125.82891,-8.171089
train,44,59,133.0,127.63117,-5.368828
train,44,60,132.0,132.29239,0.29238892
train,44,61,131.0,138.43771,7.4377136
train,44,62,130.0,136.09703,6.0970306
train,44,63,129.0,134.02388,5.02388
train,44,64,128.0,132.50601,4.506012
train,44,65,127.0,138.77869,11.778687
train,44,66,126.0,132.3821,6.3820953
train,44,67,125.0,127.602715,2.6027145
train,44,68,124.0,122.981224,-1.0187759
train,44,69,123.0,120.20589,-2.7941132
train,44,70,122.0,135.94281,13.94281
train,44,71,121.0,135.17632,14.176315
train,44,72,120.0,131.4207,11.4207
train,44,73,119.0,121.63224,2.6322403
train,44,74,118.0,123.443016,5.443016
train,44,75,117.0,127.12119,10.121193
train,44,76,116.0,128.09584,12.09584
train,44,77,115.0,121.451385,6.4513855
train,44,78,114.0,117.577095,3.577095
train,44,79,113.0,112.00637,-0.99362946
train,44,80,112.0,107.11117,-4.888832
train,44,81,111.0,99.80501,-11.194992
train,44,82,110.0,93.483574,-16.516426
train,44,83,109.0,98.16552,-10.83448
train,44,84,108.0,100.38421,-7.6157913
train,44,85,107.0,96.82829,-10.171707
train,44,86,106.0,89.09826,-16.901741
train,44,87,105.0,88.34568,-16.65432
train,44,88,104.0,87.370636,-16.629364
train,44,89,103.0,85.18249,-17.817513
train,44,90,102.0,84.93519,-17.064812
train,44,91,101.0,84.73494,-16.26506
train,44,92,100.0,81.007225,-18.992775
train,44,93,99.0,85.9062,-13.093803
train,44,94,98.0,86.329704,-11.670296
train,44,95,97.0,81.6903,-15.3097
train,44,96,96.0,86.66448,-9.335518
train,44,97,95.0,90.0153,-4.984703
train,44,98,94.0,78.47515,-15.524849
train,44,99,93.0,78.475136,-14.524864
train,44,100,92.0,89.307594,-2.6924057
train,44,101,91.0,100.4845,9.484497
train,44,102,90.0,101.54299,11.542992
train,44,103,89.0,101.09015,12.090149
train,44,104,88.0,98.40003,10.400032
train,44,105,87.0,95.921326,8.921326
train,44,106,86.0,87.73372,1.7337189
train,44,107,85.0,85.713326,0.7133255
train,44,108,84.0,80.61831,-3.381691
train,44,109,83.0,81.18564,-1.8143616
train,44,110,82.0,88.337494,6.337494
train,44,111,81.0,85.96596,4.9659576
train,44,112,80.0,85.004585,5.0045853
train,44,113,79.0,84.48437,5.4843674
train,44,114,78.0,84.80157,6.801567
train,44,115,77.0,83.11532,6.1153183
train,44,116,76.0,80.447464,4.447464
train,44,117,75.0,77.6379,2.6379013
train,44,118,74.0,73.1442,-0.8557968
train,44,119,73.0,76.57035,3.5703506
train,44,120,72.0,82.86709,10.867088
train,44,121,71.0,83.5549,12.554901
train,44,122,70.0,82.99082,12.990822
train,44,123,69.0,90.50528,21.50528
train,44,124,68.0,83.67334,15.67334
train,44,125,67.0,87.90547,20.905472
train,44,126,66.0,91.611565,25.611565
train,44,127,65.0,80.47106,15.471062
train,44,128,64.0,77.11336,13.113358
train,44,129,63.0,87.713036,24.713036
train,44,130,62.0,88.24449,26.244492
train,44,131,61.0,91.24164,30.241638
train,44,132,60.0,96.1827,36.1827
train,44,133,59.0,97.83404,38.834038
train,44,134,58.0,99.37415,41.374153
train,44,135,57.0,90.89884,33.89884
train,44,136,56.0,84.33043,28.33043
train,44,137,55.0,78.46026,23.460258
train,44,138,54.0,72.41865,18.418648
train,44,139,53.0,57.276424,4.2764244
train,44,140,52.0,61.724827,9.724827
train,44,141,51.0,60.933136,9.933136
train,44,142,50.0,53.0481,3.0480995
train,44,143,49.0,47.940014,-1.0599861
train,44,144,48.0,43.689365,-4.3106346
train,44,145,47.0,43.602165,-3.3978348
train,44,146,46.0,40.66298,-5.337021
train,44,147,45.0,44.860588,-0.13941193
train,44,148,44.0,47.205257,3.2052574
train,44,149,43.0,44.920452,1.9204521
train,44,150,42.0,44.82795,2.8279495
train,44,151,41.0,44.478035,3.478035
train,44,152,40.0,36.180424,-3.8195763
train,44,153,39.0,38.930553,-0.06944656
train,44,154,38.0,38.76308,0.7630806
train,44,155,37.0,44.61897,7.618969
train,44,156,36.0,40.647232,4.647232
train,44,157,35.0,34.95792,-0.042079926
train,44,158,34.0,41.060658,7.0606575
train,44,159,33.0,40.83701,7.8370094
train,44,160,32.0,48.711193,16.711193
train,44,161,31.0,44.049404,13.049404
train,44,162,30.0,44.52631,14.52631
train,44,163,29.0,43.202503,14.202503
train,44,164,28.0,40.46972,12.469719
train,44,165,27.0,35.450817,8.450817
train,44,166,26.0,29.428843,3.4288425
train,44,167,25.0,26.673018,1.6730175
train,44,168,24.0,30.005507,6.0055065
train,44,169,23.0,28.535303,5.535303
train,44,170,22.0,27.64276,5.6427593
train,44,171,21.0,26.915543,5.9155426
train,44,172,20.0,23.074366,3.0743656
train,44,173,19.0,18.20175,-0.7982502
train,44,174,18.0,17.078432,-0.9215679
train,44,175,17.0,17.098787,0.09878731
train,44,176,16.0,14.131736,-1.8682642
train,44,177,15.0,13.451163,-1.5488367
train,44,178,14.0,13.957687,-0.042312622
train,44,179,13.0,13.293138,0.29313755
train,44,180,12.0,10.623359,-1.3766413
train,44,181,11.0,11.504571,0.50457096
train,44,182,10.0,10.170428,0.17042828
train,44,183,9.0,11.637634,2.6376343
train,44,184,8.0,10.205685,2.2056847
train,44,185,7.0,10.350535,3.3505354
train,44,186,6.0,9.7696085,3.7696085
train,44,187,5.0,7.2335625,2.2335625
train,44,188,4.0,6.4577613,2.4577613
train,44,189,3.0,5.993477,2.9934769
train,44,190,2.0,5.678048,3.6780481
train,44,191,1.0,5.46089,4.46089
train,44,192,0.0,5.2851505,5.2851505
train,45,30,128.0,145.1008,17.1008
train,45,31,127.0,141.81688,14.816879
train,45,32,126.0,139.42421,13.42421
train,45,33,125.0,143.18582,18.185822
train,45,34,124.0,144.1326,20.132599
train,45,35,123.0,144.12653,21.126526
train,45,36,122.0,144.97545,22.975449
train,45,37,121.0,145.10246,24.102463
train,45,38,120.0,145.66527,25.665268
train,45,39,119.0,145.6595,26.6595
train,45,40,118.0,145.47005,27.470047
train,45,41,117.0,144.87569,27.875687
train,45,42,116.0,144.71161,28.711609
train,45,43,115.0,145.91393,30.913925
train,45,44,114.0,145.51895,31.518951
train,45,45,113.0,142.73308,29.733078
train,45,46,112.0,137.283,25.283005
train,45,47,111.0,133.13121,22.13121
train,45,48,110.0,135.97203,25.97203
train,45,49,109.0,136.92918,27.929184
train,45,50,108.0,131.71431,23.71431
train,45,51,107.0,124.54252,17.542519
train,45,52,106.0,127.23052,21.230522
train,45,53,105.0,118.560295,13.560295
train,45,54,104.0,112.99546,8.9954605
train,45,55,103.0,115.95893,12.958931
train,45,56,102.0,119.640724,17.640724
train,45,57,101.0,112.14896,11.148956
train,45,58,100.0,113.74622,13.746223
train,45,59,99.0,115.80886,16.80886
train,45,60,98.0,112.71349,14.713493
train,45,61,97.0,120.639755,23.639755
train,45,62,96.0,111.5547,15.554703
train,45,63,95.0,121.80689,26.806892
train,45,64,94.0,127.093315,33.093315
train,45,65,93.0,118.91028,25.910278
train,45,66,92.0,114.49503,22.495033
train,45,67,91.0,114.934875,23.934875
train,45,68,90.0,115.8832,25.883202
train,45,69,89.0,120.2859,31.285896
train,45,70,88.0,121.703285,33.703285
train,45,71,87.0,120.86002,33.860023
train,45,72,86.0,109.90069,23.900688
train,45,73,85.0,114.71435,29.714348
train,45,74,84.0,123.212814,39.212814
train,45,75,83.0,122.83225,39.832253
train,45,76,82.0,114.096985,32.096985
train,45,77,81.0,111.019325,30.019325
train,45,78,80.0,118.68644,38.68644
train,45,79,79.0,111.10891,32.10891
train,45,80,78.0,105.43993,27.439934
train,45,81,77.0,105.76017,28.76017
train,45,82,76.0,95.75984,19.759842
train,45,83,75.0,92.73138,17.731377
train,45,84,74.0,91.371315,17.371315
train,45,85,73.0,96.4705,23.470497
train,45,86,72.0,92.40886,20.40886
train,45,87,71.0,88.05771,17.057709
train,45,88,70.0,85.03606,15.0360565
train,45,89,69.0,87.13713,18.13713
train,45,90,68.0,83.25736,15.257362
train,45,91,67.0,75.16224,8.162239
train,45,92,66.0,76.358635,10.358635
train,45,93,65.0,78.37217,13.3721695
train,45,94,64.0,83.268135,19.268135
train,45,95,63.0,83.87725,20.87725
train,45,96,62.0,87.00089,25.000893
train,45,97,61.0,80.22781,19.227814
train,45,98,60.0,73.15893,13.158928
train,45,99,59.0,70.539795,11.539795
train,45,100,58.0,66.01521,8.015213
train,45,101,57.0,62.395077,5.3950768
train,45,102,56.0,63.983955,7.9839554
train,45,103,55.0,68.25738,13.257378
train,45,104,54.0,69.067535,15.067535
train,45,105,53.0,64.422356,11.422356
train,45,106,52.0,57.607414,5.6074142
train,45,107,51.0,61.809216,10.809216
train,45,108,50.0,60.15601,10.15601
train,45,109,49.0,62.54118,13.54118
train,45,110,48.0,61.908207,13.908207
train,45,111,47.0,64.98813,17.988129
train,45,112,46.0,67.86434,21.864342
train,45,113,45.0,67.84493,22.844933
train,45,114,44.0,62.484016,18.484016
train,45,115,43.0,63.682026,20.682026
train,45,116,42.0,57.96661,15.96661
train,45,117,41.0,53.877914,12.877914
train,45,118,40.0,47.601124,7.601124
train,45,119,39.0,51.456455,12.456455
train,45,120,38.0,50.560604,12.560604
train,45,121,37.0,49.796444,12.796444
train,45,122,36.0,49.895267,13.8952675
train,45,123,35.0,45.79692,10.796921
train,45,124,34.0,46.34132,12.34132
train,45,125,33.0,46.216404,13.216404
train,45,126,32.0,44.989002,12.989002
train,45,127,31.0,44.68368,13.6836815
train,45,128,30.0,40.054287,10.054287
train,45,129,29.0,38.53453,9.534531
train,45,130,28.0,38.344574,10.344574
train,45,131,27.0,35.70486,8.704861
train,45,132,26.0,35.69972,9.699718
train,45,133,25.0,32.993046,7.993046
train,45,134,24.0,32.36502,8.365021
train,45,135,23.0,29.238287,6.238287
train,45,136,22.0,28.93072,6.9307194
train,45,137,21.0,28.678389,7.6783886
train,45,138,20.0,27.337626,7.3376255
train,45,139,19.0,21.041636,2.0416355
train,45,140,18.0,17.541338,-0.45866203
train,45,141,17.0,16.67314,-0.32686043
train,45,142,16.0,14.584502,-1.4154978
train,45,143,15.0,17.021734,2.0217342
train,45,144,14.0,15.817689,1.817689
train,45,145,13.0,13.30668,0.30667973
train,45,146,12.0,11.52999,-0.4700098
train,45,147,11.0,10.886792,-0.11320782
train,45,148,10.0,9.48243,-0.51756954
train,45,149,9.0,9.371055,0.37105465
train,45,150,8.0,7.272973,-0.72702694
train,45,151,7.0,7.604348,0.6043482
train,45,152,6.0,7.925526,1.9255261
train,45,153,5.0,7.067816,2.0678158
train,45,154,4.0,5.254016,1.2540159
train,45,155,3.0,3.49548,0.49548006
train,45,156,2.0,3.2941089,1.2941089
train,45,157,1.0,2.739574,1.739574
train,45,158,0.0,2.018154,2.018154
train,46,30,226.0,145.70656,-80.29344
train,46,31,225.0,145.50598,-79.49402
train,46,32,224.0,145.33664,-78.66336
train,46,33,223.0,145.5298,-77.4702
train,46,34,222.0,145.75154,-76.24846
train,46,35,221.0,145.85564,-75.14436
train,46,36,220.0,145.65096,-74.349045
train,46,37,219.0,145.82239,-73.17761
train,46,38,218.0,145.56537,-72.43463
train,46,39,217.0,145.78825,-71.21175
train,46,40,216.0,145.85777,-70.14223
train,46,41,215.0,145.74736,-69.25264
train,46,42,214.0,145.84615,-68.153854
train,46,43,213.0,145.93741,-67.06259
train,46,44,212.0,145.643,-66.356995
train,46,45,211.0,145.83842,-65.161575
train,46,46,210.0,145.79546,-64.204544
train,46,47,209.0,145.85135,-63.14865
train,46,48,208.0,145.93475,-62.065247
train,46,49,207.0,145.5236,-61.476395
train,46,50,206.0,145.62831,-60.37169
train,46,51,205.0,145.68054,-59.319458
train,46,52,204.0,145.47757,-58.52243
train,46,53,203.0,145.6899,-57.310104
train,46,54,202.0,144.92976,-57.070236
train,46,55,201.0,145.53497,-55.465027
train,46,56,200.0,145.22882,-54.77118
train,46,57,199.0,145.56671,-53.43329
train,46,58,198.0,145.29903,-52.700974
train,46,59,197.0,145.06474,-51.935257
train,46,60,196.0,145.51192,-50.488083
train,46,61,195.0,145.16695,-49.833054
train,46,62,194.0,144.88245,-49.117554
train,46,63,193.0,145.11732,-47.882675
train,46,64,192.0,145.46176,-46.53824
train,46,65,191.0,145.04521,-45.95479
train,46,66,190.0,145.00655,-44.993454
train,46,67,189.0,143.91577,-45.08423
train,46,68,188.0,144.80775,-43.192245
train,46,69,187.0,145.21803,-41.781967
train,46,70,186.0,145.51616,-40.48384
train,46,71,185.0,144.85437,-40.14563
train,46,72,184.0,144.85954,-39.140457
train,46,73,183.0,144.78189,-38.21811
train,46,74,182.0,144.69255,-37.30745
train,46,75,181.0,145.51291,-35.48709
train,46,76,180.0,145.73926,-34.260742
train,46,77,179.0,145.58423,-33.41577
train,46,78,178.0,145.63687,-32.36313
train,46,79,177.0,145.11984,-31.880157
train,46,80,176.0,145.49379,-30.50621
train,46,81,175.0,144.9002,-30.099792
train,46,82,174.0,145.33174,-28.668259
train,46,83,173.0,144.88518,-28.114822
train,46,84,172.0,144.13864,-27.861359
train,46,85,171.0,144.91325,-26.086746
train,46,86,170.0,145.10233,-24.897675
train,46,87,169.0,145.10252,-23.897476
train,46,88,168.0,145.65533,-22.344666
train,46,89,167.0,145.52487,-21.475128
train,46,90,166.0,145.451,-20.548996
train,46,91,165.0,145.37831,-19.621689
train,46,92,164.0,145.63155,-18.368454
train,46,93,163.0,145.74986,-17.250137
train,46,94,162.0,145.34308,-16.656921
train,46,95,161.0,145.82625,-15.173752
train,46,96,160.0,145.73373,-14.266266
train,46,97,159.0,145.65872,-13.341278
train,46,98,158.0,145.58452,-12.415482
train,46,99,157.0,145.73967,-11.26033
train,46,100,156.0,145.87303,-10.126968
train,46,101,155.0,145.81966,-9.180344
train,46,102,154.0,145.97148,-8.028519
train,46,103,153.0,145.83315,-7.166855
train,46,104,152.0,145.88016,-6.1198425
train,46,105,151.0,145.50725,-5.492752
train,46,106,150.0,143.8702,-6.1298065
train,46,107,149.0,143.74855,-5.2514496
train,46,108,148.0,143.88554,-4.114456
train,46,109,147.0,143.14601,-3.8539886
train,46,110,146.0,139.26762,-6.732376
train,46,111,145.0,130.71788,-14.28212
train,46,112,144.0,125.55454,-18.445457
train,46,113,143.0,122.669945,-20.330055
train,46,114,142.0,122.473785,-19.526215
train,46,115,141.0,125.1059,-15.894096
train,46,116,140.0,125.70705,-14.2929535
train,46,117,139.0,126.76002,-12.239983
train,46,118,138.0,118.31214,-19.687859
train,46,119,137.0,113.685394,-23.314606
train,46,120,136.0,107.946815,-28.053185
train,46,121,135.0,100.344025,-34.655975
train,46,122,134.0,99.460396,-34.539604
train,46,123,133.0,98.3018,-34.698196
train,46,124,132.0,97.39388,-34.606117
train,46,125,131.0,98.72684,-32.273163
train,46,126,130.0,104.19828,-25.80172
train,46,127,129.0,115.38082,-13.619179
train,46,128,128.0,124.18324,-3.8167572
train,46,129,127.0,124.076866,-2.9231339
train,46,130,126.0,123.78306,-2.2169418
train,46,131,125.0,125.68302,0.68302155
train,46,132,124.0,126.99,2.9899979
train,46,133,123.0,127.17404,4.1740417
train,46,134,122.0,133.1633,11.1633
train,46,135,121.0,137.35924,16.359238
train,46,136,120.0,139.87135,19.871353
train,46,137,119.0,144.36125,25.361252
train,46,138,118.0,144.63606,26.636063
train,46,139,117.0,144.47433,27.474335
train,46,140,116.0,144.40334,28.403336
train,46,141,115.0,144.38853,29.388535
train,46,142,114.0,140.45465,26.45465
train,46,143,113.0,144.15784,31.157837
train,46,144,112.0,144.35368,32.353683
train,46,145,111.0,143.66145,32.661453
train,46,146,110.0,143.45027,33.45027
train,46,147,109.0,136.37502,27.375015
train,46,148,108.0,109.26375,1.2637482
train,46,149,107.0,93.68433,-13.315666
train,46,150,106.0,93.69154,-12.308456
train,46,151,105.0,93.02676,-11.973244
train,46,152,104.0,84.943115,-19.056885
train,46,153,103.0,84.88215,-18.117851
train,46,154,102.0,82.55303,-19.446968
train,46,155,101.0,72.382835,-28.617165
train,46,156,100.0,72.25296,-27.74704
train,46,157,99.0,75.626,-23.374
train,46,158,98.0,74.84026,-23.159737
train,46,159,97.0,80.85467,-16.145332
train,46,160,96.0,82.85647,-13.143532
train,46,161,95.0,83.70168,-11.298317
train,46,162,94.0,84.307076,-9.6929245
train,46,163,93.0,81.74604,-11.25396
train,46,164,92.0,80.92718,-11.072823
train,46,165,91.0,78.73463,-12.265373
train,46,166,90.0,76.19073,-13.809273
train,46,167,89.0,73.43093,-15.569069
train,46,168,88.0,83.1382,-4.861801
train,46,169,87.0,75.13714,-11.862862
train,46,170,86.0,82.81373,-3.1862717
train,46,171,85.0,97.74229,12.742287
train,46,172,84.0,98.741516,14.741516
train,46,173,83.0,99.30188,16.30188
train,46,174,82.0,86.14358,4.1435776
train,46,175,81.0,79.78175,-1.2182465
train,46,176,80.0,78.0225,-1.9775009
train,46,177,79.0,78.365524,-0.6344757
train,46,178,78.0,81.75423,3.7542267
train,46,179,77.0,75.35113,-1.6488724
train,46,180,76.0,69.18126,-6.818741
train,46,181,75.0,70.60583,-4.3941727
train,46,182,74.0,67.254555,-6.7454453
train,46,183,73.0,60.970325,-12.029675
train,46,184,72.0,60.05075,-11.949249
train,46,185,71.0,58.448917,-12.551083
train,46,186,70.0,60.323624,-9.676376
train,46,187,69.0,54.758488,-14.241512
train,46,188,68.0,54.153072,-13.846928
train,46,189,67.0,46.74899,-20.25101
train,46,190,66.0,51.981937,-14.018063
train,46,191,65.0,52.420834,-12.579166
train,46,192,64.0,49.251854,-14.748146
train,46,193,63.0,47.56397,-15.436031
train,46,194,62.0,52.555622,-9.444378
train,46,195,61.0,47.20577,-13.794231
train,46,196,60.0,51.630726,-8.369274
train,46,197,59.0,47.139114,-11.860886
train,46,198,58.0,46.13171,-11.86829
train,46,199,57.0,49.288273,-7.711727
train,46,200,56.0,44.142475,-11.857525
train,46,201,55.0,50.700073,-4.2999268
train,46,202,54.0,52.57145,-1.4285507
train,46,203,53.0,47.25893,-5.74107
train,46,204,52.0,50.2677,-1.7322998
train,46,205,51.0,51.099697,0.09969711
train,46,206,50.0,50.709133,0.70913315
train,46,207,49.0,53.62717,4.6271706
train,46,208,48.0,51.73411,3.7341118
train,46,209,47.0,50.48752,3.4875183
train,46,210,46.0,38.016792,-7.9832077
train,46,211,45.0,40.008068,-4.991932
train,46,212,44.0,41.807095,-2.1929054
train,46,213,43.0,39.0391,-3.9608994
train,46,214,42.0,41.835827,-0.16417313
train,46,215,41.0,42.007404,1.0074043
train,46,216,40.0,43.44394,3.4439392
train,46,217,39.0,34.849277,-4.1507225
train,46,218,38.0,29.954567,-8.045433
train,46,219,37.0,27.029535,-9.970465
train,46,220,36.0,26.868097,-9.131903
train,46,221,35.0,24.687998,-10.312002
train,46,222,34.0,25.430319,-8.569681
train,46,223,33.0,26.045557,-6.954443
train,46,224,32.0,26.733797,-5.266203
train,46,225,31.0,22.538301,-8.461699
train,46,226,30.0,26.335733,-3.6642666
train,46,227,29.0,23.134336,-5.8656635
train,46,228,28.0,23.90674,-4.09326
train,46,229,27.0,26.265102,-0.7348976
train,46,230,26.0,27.397104,1.3971043
train,46,231,25.0,26.418962,1.4189625
train,46,232,24.0,26.513285,2.5132847
train,46,233,23.0,25.818632,2.8186321
train,46,234,22.0,23.791533,1.7915325
train,46,235,21.0,22.8566,1.8565998
train,46,236,20.0,22.428072,2.428072
train,46,237,19.0,22.738125,3.7381248
train,46,238,18.0,20.684877,2.6848774
train,46,239,17.0,23.42682,6.4268208
train,46,240,16.0,18.138563,2.1385632
train,46,241,15.0,17.774603,2.774603
train,46,242,14.0,15.740981,1.7409811
train,46,243,13.0,14.357702,1.3577023
train,46,244,12.0,15.116227,3.1162271
train,46,245,11.0,12.950465,1.9504652
train,46,246,10.0,11.268833,1.2688332
train,46,247,9.0,10.128554,1.1285543
train,46,248,8.0,8.661863,0.6618633
train,46,249,7.0,9.033513,2.033513
train,46,250,6.0,9.053277,3.053277
train,46,251,5.0,5.4724407,0.47244072
train,46,252,4.0,3.4014306,-0.5985694
train,46,253,3.0,1.9989725,-1.0010275
train,46,254,2.0,1.9161354,-0.08386457
train,46,255,1.0,2.936243,1.936243
train,46,256,0.0,1.7337459,1.7337459
train,47,30,184.0,145.60295,-38.39705
train,47,31,183.0,145.0873,-37.912704
train,47,32,182.0,145.05962,-36.940384
train,47,33,181.0,144.56244,-36.43756
train,47,34,180.0,145.53163,-34.46837
train,47,35,179.0,145.49428,-33.505722
train,47,36,178.0,145.66643,-32.333572
train,47,37,177.0,145.63918,-31.360825
train,47,38,176.0,145.85509,-30.144913
train,47,39,175.0,145.40053,-29.599472
train,47,40,174.0,145.67822,-28.321777
train,47,41,173.0,145.7126,-27.2874
train,47,42,172.0,145.41107,-26.588928
train,47,43,171.0,145.32785,-25.67215
train,47,44,170.0,145.72571,-24.274292
train,47,45,169.0,145.87782,-23.122177
train,47,46,168.0,144.78679,-23.213211
train,47,47,167.0,145.14525,-21.854752
train,47,48,166.0,145.28093,-20.71907
train,47,49,165.0,145.403,-19.597
train,47,50,164.0,145.32407,-18.675934
train,47,51,163.0,145.4397,-17.560303
train,47,52,162.0,145.18501,-16.814987
train,47,53,161.0,144.56703,-16.432968
train,47,54,160.0,143.75865,-16.241348
train,47,55,159.0,144.87465,-14.125351
train,47,56,158.0,145.29645,-12.703552
train,47,57,157.0,143.77911,-13.220886
train,47,58,156.0,142.55405,-13.445953
train,47,59,155.0,145.28972,-9.710281
train,47,60,154.0,145.8535,-8.1465
train,47,61,153.0,144.61388,-8.386124
train,47,62,152.0,142.54787,-9.452133
train,47,63,151.0,135.88219,-15.117813
train,47,64,150.0,140.03664,-9.963364
train,47,65,149.0,145.4567,-3.5433044
train,47,66,148.0,144.84514,-3.1548615
train,47,67,147.0,145.50562,-1.4943848
train,47,68,146.0,145.72496,-0.27503967
train,47,69,145.0,145.63869,0.63868713
train,47,70,144.0,145.33626,1.3362579
train,47,71,143.0,145.76094,2.7609406
train,47,72,142.0,143.7972,1.7971954
train,47,73,141.0,144.65802,3.65802
train,47,74,140.0,145.78398,5.7839813
train,47,75,139.0,144.13148,5.131485
train,47,76,138.0,144.72375,6.723755
train,47,77,137.0,144.17131,7.1713104
train,47,78,136.0,143.32681,7.3268127
train,47,79,135.0,143.81377,8.8137665
train,47,80,134.0,144.28734,10.287338
train,47,81,133.0,143.31071,10.310715
train,47,82,132.0,143.17937,11.179367
train,47,83,131.0,144.5909,13.590897
train,47,84,130.0,141.37407,11.374069
train,47,85,129.0,140.34023,11.340225
train,47,86,128.0,134.12526,6.1252594
train,47,87,127.0,136.77028,9.770279
train,47,88,126.0,130.50479,4.5047913
train,47,89,125.0,129.10706,4.1070557
train,47,90,124.0,132.36473,8.364731
train,47,91,123.0,123.366646,0.3666458
train,47,92,122.0,124.54405,2.5440521
train,47,93,121.0,126.87903,5.8790283
train,47,94,120.0,123.14088,3.1408768
train,47,95,119.0,119.22722,0.22721863
train,47,96,118.0,124.76181,6.7618103
train,47,97,117.0,127.918495,10.918495
train,47,98,116.0,125.65626,9.656258
train,47,99,115.0,114.49544,-0.5045624
train,47,100,114.0,109.24202,-4.7579803
train,47,101,113.0,111.37008,-1.629921
train,47,102,112.0,114.95335,2.9533463
train,47,103,111.0,107.72407,-3.2759323
train,47,104,110.0,103.39038,-6.609619
train,47,105,109.0,95.36402,-13.635979
train,47,106,108.0,99.2934,-8.706596
train,47,107,107.0,101.21691,-5.7830887
train,47,108,106.0,100.28426,-5.7157364
train,47,109,105.0,91.35802,-13.641983
train,47,110,104.0,95.54269,-8.457314
train,47,111,103.0,88.542915,-14.457085
train,47,112,102.0,89.966576,-12.033424
train,47,113,101.0,92.69076,-8.309242
train,47,114,100.0,87.36968,-12.630318
train,47,115,99.0,84.247,-14.752998
train,47,116,98.0,84.65255,-13.34745
train,47,117,97.0,85.30611,-11.693893
train,47,118,96.0,88.85902,-7.1409836
train,47,119,95.0,89.43815,-5.5618515
train,47,120,94.0,86.34672,-7.653282
train,47,121,93.0,89.84551,-3.1544876
train,47,122,92.0,97.97773,5.97773
train,47,123,91.0,105.89439,14.894386
train,47,124,90.0,98.42819,8.428192
train,47,125,89.0,91.18366,2.1836624
train,47,126,88.0,90.7636,2.7636032
train,47,127,87.0,96.633026,9.633026
train,47,128,86.0,95.309105,9.309105
train,47,129,85.0,91.05358,6.053581
train,47,130,84.0,89.13683,5.136833
train,47,131,83.0,86.20135,3.2013474
train,47,132,82.0,86.23867,4.2386703
train,47,133,81.0,84.65844,3.6584396
train,47,134,80.0,90.542595,10.542595
train,47,135,79.0,82.783226,3.783226
train,47,136,78.0,81.03055,3.030548
train,47,137,77.0,74.29218,-2.707817
train,47,138,76.0,71.97657,-4.02343
train,47,139,75.0,75.48396,0.483963
train,47,140,74.0,80.34135,6.3413467
train,47,141,73.0,84.568855,11.568855
train,47,142,72.0,85.76154,13.761543
train,47,143,71.0,84.28013,13.2801285
train,47,144,70.0,79.97725,9.977249
train,47,145,69.0,77.78875,8.78875
train,47,146,68.0,76.80094,8.800941
train,47,147,67.0,69.846794,2.8467941
train,47,148,66.0,71.4742,5.4741974
train,47,149,65.0,75.12975,10.129753
train,47,150,64.0,75.309685,11.309685
train,47,151,63.0,69.25836,6.258362
train,47,152,62.0,65.615486,3.6154861
train,47,153,61.0,58.25058,-2.7494202
train,47,154,60.0,52.88753,-7.1124687
train,47,155,59.0,53.696304,-5.3036957
train,47,156,58.0,55.116467,-2.8835335
train,47,157,57.0,58.046947,1.0469475
train,47,158,56.0,48.173233,-7.826767
train,47,159,55.0,45.923664,-9.076336
train,47,160,54.0,51.988148,-2.0118523
train,47,161,53.0,54.23856,1.2385597
train,47,162,52.0,54.632217,2.6322174
train,47,163,51.0,52.09308,1.0930786
train,47,164,50.0,48.606495,-1.3935051
train,47,165,49.0,47.31837,-1.6816292
train,47,166,48.0,47.89096,-0.10903931
train,47,167,47.0,47.99071,0.9907112
train,47,168,46.0,49.0386,3.038601
train,47,169,45.0,43.038967,-1.9610329
train,47,170,44.0,40.9987,-3.0013008
train,47,171,43.0,39.08663,-3.9133682
train,47,172,42.0,40.163677,-1.8363228
train,47,173,41.0,40.00158,-0.9984207
train,47,174,40.0,35.19041,-4.8095894
train,47,175,39.0,36.557537,-2.442463
train,47,176,38.0,37.926952,-0.07304764
train,47,177,37.0,41.26741,4.2674103
train,47,178,36.0,39.000782,3.000782
train,47,179,35.0,36.649837,1.6498375
train,47,180,34.0,34.004982,0.0049819946
train,47,181,33.0,32.127693,-0.8723068
train,47,182,32.0,34.697918,2.697918
train,47,183,31.0,31.69288,0.69288063
train,47,184,30.0,28.56573,-1.4342709
train,47,185,29.0,25.54154,-3.4584599
train,47,186,28.0,25.400755,-2.599245
train,47,187,27.0,27.469923,0.46992302
train,47,188,26.0,26.902788,0.90278816
train,47,189,25.0,25.98588,0.9858799
train,47,190,24.0,26.430178,2.4301777
train,47,191,23.0,24.927778,1.9277782
train,47,192,22.0,24.592962,2.5929623
train,47,193,21.0,22.744894,1.744894
train,47,194,20.0,20.758543,0.758543
train,47,195,19.0,22.792372,3.7923717
train,47,196,18.0,21.707396,3.7073956
train,47,197,17.0,20.088278,3.0882778
train,47,198,16.0,19.145365,3.1453648
train,47,199,15.0,19.676329,4.6763287
train,47,200,14.0,15.281365,1.2813654
train,47,201,13.0,16.957329,3.9573288
train,47,202,12.0,13.79651,1.7965097
train,47,203,11.0,13.383094,2.3830938
train,47,204,10.0,11.544644,1.5446444
train,47,205,9.0,10.116799,1.1167994
train,47,206,8.0,10.677428,2.6774282
train,47,207,7.0,8.300054,1.3000536
train,47,208,6.0,8.0587,2.0586996
train,47,209,5.0,7.7834053,2.7834053
train,47,210,4.0,6.4101267,2.4101267
train,47,211,3.0,6.4112244,3.4112244
train,47,212,2.0,5.3436527,3.3436527
train,47,213,1.0,3.3516655,2.3516655
train,47,214,0.0,4.01026,4.01026
train,48,30,201.0,145.86667,-55.13333
train,48,31,200.0,145.59209,-54.407913
train,48,32,199.0,145.55675,-53.443253
train,48,33,198.0,145.62257,-52.377426
train,48,34,197.0,145.69112,-51.308884
train,48,35,196.0,145.19002,-50.809982
train,48,36,195.0,145.57326,-49.426743
train,48,37,194.0,145.77303,-48.226974
train,48,38,193.0,144.86996,-48.130035
train,48,39,192.0,144.83076,-47.169235
train,48,40,191.0,145.09373,-45.906265
train,48,41,190.0,143.42934,-46.570663
train,48,42,189.0,143.91414,-45.08586
train,48,43,188.0,138.39671,-49.603287
train,48,44,187.0,142.09895,-44.901047
train,48,45,186.0,141.16298,-44.83702
train,48,46,185.0,143.32462,-41.675385
train,48,47,184.0,142.55045,-41.449554
train,48,48,183.0,143.25903,-39.740967
train,48,49,182.0,144.66327,-37.33673
train,48,50,181.0,145.64021,-35.359787
train,48,51,180.0,145.34523,-34.65477
train,48,52,179.0,145.70047,-33.29953
train,48,53,178.0,144.55644,-33.443558
train,48,54,177.0,145.37062,-31.62938
train,48,55,176.0,145.4376,-30.562393
train,48,56,175.0,145.74655,-29.253448
train,48,57,174.0,145.33159,-28.668411
train,48,58,173.0,145.64186,-27.358139
train,48,59,172.0,144.73398,-27.266022
train,48,60,171.0,145.54245,-25.45755
train,48,61,170.0,145.06819,-24.931808
train,48,62,169.0,145.49649,-23.50351
train,48,63,168.0,144.72237,-23.277634
train,48,64,167.0,142.78746,-24.21254
train,48,65,166.0,144.89522,-21.104782
train,48,66,165.0,145.3345,-19.665497
train,48,67,164.0,144.85736,-19.14264
train,48,68,163.0,145.85909,-17.140915
train,48,69,162.0,145.88887,-16.11113
train,48,70,161.0,145.5999,-15.400101
train,48,71,160.0,144.20573,-15.794266
train,48,72,159.0,144.52078,-14.479218
train,48,73,158.0,145.53069,-12.469315
train,48,74,157.0,144.35866,-12.641342
train,48,75,156.0,144.13693,-11.863068
train,48,76,155.0,141.37401,-13.625992
train,48,77,154.0,128.03021,-25.969788
train,48,78,153.0,124.40533,-28.594673
train,48,79,152.0,123.16858,-28.83142
train,48,80,151.0,126.7866,-24.213402
train,48,81,150.0,138.95721,-11.042786
train,48,82,149.0,140.54488,-8.455124
train,48,83,148.0,138.74202,-9.25798
train,48,84,147.0,138.32655,-8.673447
train,48,85,146.0,134.67104,-11.328964
train,48,86,145.0,132.40656,-12.593445
train,48,87,144.0,131.33589,-12.664108
train,48,88,143.0,126.83575,-16.164253
train,48,89,142.0,128.95145,-13.048553
train,48,90,141.0,134.25465,-6.745346
train,48,91,140.0,126.399925,-13.600075
train,48,92,139.0,125.464516,-13.535484
train,48,93,138.0,128.9375,-9.0625
train,48,94,137.0,124.69164,-12.308357
train,48,95,136.0,122.479866,-13.520134
train,48,96,135.0,117.59771,-17.40229
train,48,97,134.0,116.34406,-17.655937
train,48,98,133.0,114.641846,-18.358154
train,48,99,132.0,104.28933,-27.71067
train,48,100,131.0,103.78101,-27.218987
train,48,101,130.0,103.95637,-26.043633
train,48,102,129.0,109.03792,-19.962082
train,48,103,128.0,109.91217,-18.08783
train,48,104,127.0,109.81092,-17.18908
train,48,105,126.0,105.38723,-20.61277
train,48,106,125.0,104.33167,-20.668327
train,48,107,124.0,105.29986,-18.700142
train,48,108,123.0,98.5201,-24.479897
train,48,109,122.0,99.85615,-22.143852
train,48,110,121.0,94.9736,-26.026398
train,48,111,120.0,99.94521,-20.054787
train,48,112,119.0,102.73185,-16.26815
train,48,113,118.0,103.26928,-14.7307205
train,48,114,117.0,106.18337,-10.8166275
train,48,115,116.0,112.64408,-3.355919
train,48,116,115.0,115.460625,0.4606247
train,48,117,114.0,113.0302,-0.96980286
train,48,118,113.0,110.43949,-2.5605087
train,48,119,112.0,120.07729,8.077293
train,48,120,111.0,126.15037,15.150368
train,48,121,110.0,122.60466,12.60466
train,48,122,109.0,121.9208,12.920799
train,48,123,108.0,123.33157,15.3315735
train,48,124,107.0,120.224304,13.224304
train,48,125,106.0,122.20577,16.205772
train,48,126,105.0,124.47816,19.478157
train,48,127,104.0,123.93018,19.930183
train,48,128,103.0,115.83741,12.83741
train,48,129,102.0,110.941795,8.941795
train,48,130,101.0,108.73374,7.7337418
train,48,131,100.0,106.37138,6.3713837
train,48,132,99.0,106.46742,7.4674225
train,48,133,98.0,97.20181,-0.79818726
train,48,134,97.0,91.56826,-5.43174
train,48,135,96.0,86.01507,-9.984932
train,48,136,95.0,86.07257,-8.927429
train,48,137,94.0,85.748344,-8.251656
train,48,138,93.0,80.83242,-12.16758
train,48,139,92.0,80.89198,-11.108017
train,48,140,91.0,78.25326,-12.746742
train,48,141,90.0,78.908516,-11.091484
train,48,142,89.0,82.23618,-6.763817
train,48,143,88.0,80.50951,-7.490494
train,48,144,87.0,77.25312,-9.74688
train,48,145,86.0,77.639435,-8.360565
train,48,146,85.0,73.444275,-11.555725
train,48,147,84.0,68.30321,-15.696793
train,48,148,83.0,68.59379,-14.406212
train,48,149,82.0,70.17749,-11.82251
train,48,150,81.0,68.85203,-12.147972
train,48,151,80.0,61.662144,-18.337856
train,48,152,79.0,60.494556,-18.505444
train,48,153,78.0,62.15208,-15.847919
train,48,154,77.0,63.814686,-13.185314
train,48,155,76.0,59.944054,-16.055946
train,48,156,75.0,58.29356,-16.70644
train,48,157,74.0,56.85719,-17.14281
train,48,158,73.0,56.57554,-16.424461
train,48,159,72.0,58.64387,-13.356129
train,48,160,71.0,57.109863,-13.890137
train,48,161,70.0,60.143913,-9.856087
train,48,162,69.0,57.269726,-11.730274
train,48,163,68.0,55.109936,-12.890064
train,48,164,67.0,55.386757,-11.613243
train,48,165,66.0,52.513874,-13.486126
train,48,166,65.0,49.81664,-15.183361
train,48,167,64.0,52.204815,-11.795185
train,48,168,63.0,56.066128,-6.933872
train,48,169,62.0,52.784206,-9.215794
train,48,170,61.0,51.236347,-9.763653
train,48,171,60.0,46.310276,-13.689724
train,48,172,59.0,49.147976,-9.852024
train,48,173,58.0,48.548878,-9.451122
train,48,174,57.0,50.830593,-6.169407
train,48,175,56.0,48.276775,-7.7232246
train,48,176,55.0,48.564697,-6.4353027
train,48,177,54.0,44.544132,-9.455868
train,48,178,53.0,45.028133,-7.9718666
train,48,179,52.0,47.941128,-4.058872
train,48,180,51.0,47.626488,-3.3735123
train,48,181,50.0,42.88368,-7.1163216
train,48,182,49.0,46.992687,-2.0073128
train,48,183,48.0,43.38053,-4.6194687
train,48,184,47.0,40.729332,-6.270668
train,48,185,46.0,40.958202,-5.0417976
train,48,186,45.0,43.701687,-1.2983131
train,48,187,44.0,40.645176,-3.354824
train,48,188,43.0,38.519497,-4.480503
train,48,189,42.0,38.381954,-3.6180458
train,48,190,41.0,39.54794,-1.4520607
train,48,191,40.0,38.212963,-1.7870369
train,48,192,39.0,35.07304,-3.92696
train,48,193,38.0,34.705513,-3.294487
train,48,194,37.0,33.492588,-3.507412
train,48,195,36.0,34.67853,-1.3214684
train,48,196,35.0,31.553041,-3.4469585
train,48,197,34.0,29.16693,-4.8330708
train,48,198,33.0,29.915174,-3.0848255
train,48,199,32.0,28.755735,-3.2442646
train,48,200,31.0,28.386103,-2.6138973
train,48,201,30.0,26.31941,-3.6805897
train,48,202,29.0,25.110777,-3.889223
train,48,203,28.0,25.184504,-2.8154964
train,48,204,27.0,23.78523,-3.2147694
train,48,205,26.0,23.413969,-2.586031
train,48,206,25.0,22.119799,-2.8802013
train,48,207,24.0,20.579197,-3.420803
train,48,208,23.0,20.928892,-2.0711079
train,48,209,22.0,18.365858,-3.634142
train,48,210,21.0,18.443563,-2.5564365
train,48,211,20.0,16.854338,-3.1456623
train,48,212,19.0,16.609734,-2.3902664
train,48,213,18.0,16.82019,-1.1798096
train,48,214,17.0,14.772799,-2.2272015
train,48,215,16.0,12.764145,-3.235855
train,48,216,15.0,13.026141,-1.9738588
train,48,217,14.0,11.595031,-2.4049692
train,48,218,13.0,12.051312,-0.94868755
train,48,219,12.0,11.506803,-0.49319744
train,48,220,11.0,11.731487,0.7314873
train,48,221,10.0,9.842378,-0.15762234
train,48,222,9.0,9.51004,0.5100403
train,48,223,8.0,8.836471,0.8364706
train,48,224,7.0,7.9103217,0.9103217
train,48,225,6.0,8.021671,2.0216713
train,48,226,5.0,8.084863,3.0848627
train,48,227,4.0,7.679594,3.679594
train,48,228,3.0,7.625831,4.625831
train,48,229,2.0,6.4311895,4.4311895
train,48,230,1.0,3.8500485,2.8500485
train,48,231,0.0,3.0187874,3.0187874
train,49,30,185.0,143.05983,-41.94017
train,49,31,184.0,143.16113,-40.838867
train,49,32,183.0,141.6098,-41.390198
train,49,33,182.0,139.67772,-42.32228
train,49,34,181.0,141.45204,-39.54796
train,49,35,180.0,141.95747,-38.042526
train,49,36,179.0,141.8747,-37.125305
train,49,37,178.0,142.35681,-35.64319
train,49,38,177.0,142.52434,-34.475662
train,49,39,176.0,142.50487,-33.495132
train,49,40,175.0,142.13606,-32.863937
train,49,41,174.0,142.6114,-31.388596
train,49,42,173.0,142.74731,-30.252686
train,49,43,172.0,142.886,-29.113998
train,49,44,171.0,142.60306,-28.396942
train,49,45,170.0,141.8684,-28.131607
train,49,46,169.0,140.41745,-28.58255
train,49,47,168.0,129.1744,-38.825607
train,49,48,167.0,117.63856,-49.361443
train,49,49,166.0,126.28569,-39.71431
train,49,50,165.0,120.0584,-44.941597
train,49,51,164.0,124.365654,-39.634346
train,49,52,163.0,134.66765,-28.332352
train,49,53,162.0,139.77612,-22.223877
train,49,54,161.0,141.62834,-19.371658
train,49,55,160.0,142.27322,-17.726776
train,49,56,159.0,141.85628,-17.143723
train,49,57,158.0,142.02452,-15.975479
train,49,58,157.0,142.54648,-14.453522
train,49,59,156.0,142.64656,-13.353439
train,49,60,155.0,142.7051,-12.294907
train,49,61,154.0,141.60614,-12.39386
train,49,62,153.0,139.4509,-13.549103
train,49,63,152.0,133.76756,-18.232437
train,49,64,151.0,136.00438,-14.995621
train,49,65,150.0,141.4358,-8.564194
train,49,66,149.0,136.78896,-12.211044
train,49,67,148.0,141.15266,-6.847336
train,49,68,147.0,140.75285,-6.2471466
train,49,69,146.0,141.22849,-4.771515
train,49,70,145.0,138.48917,-6.5108337
train,49,71,144.0,135.56094,-8.439056
train,49,72,143.0,136.6345,-6.365494
train,49,73,142.0,141.57155,-0.42845154
train,49,74,141.0,140.56082,-0.43917847
train,49,75,140.0,141.8679,1.8679047
train,49,76,139.0,142.06213,3.0621338
train,49,77,138.0,142.24362,4.243622
train,49,78,137.0,141.75822,4.7582245
train,49,79,136.0,141.21309,5.213089
train,49,80,135.0,140.29579,5.2957916
train,49,81,134.0,137.59627,3.5962677
train,49,82,133.0,138.19753,5.197525
train,49,83,132.0,131.44196,-0.55804443
train,49,84,131.0,124.91865,-6.081352
train,49,85,130.0,139.02284,9.022842
train,49,86,129.0,139.48746,10.487457
train,49,87,128.0,135.51701,7.5170135
train,49,88,127.0,133.24413,6.2441254
train,49,89,126.0,142.0771,16.077103
train,49,90,125.0,142.27477,17.274765
train,49,91,124.0,141.98503,17.985031
train,49,92,123.0,140.374,17.373993
train,49,93,122.0,140.70326,18.703262
train,49,94,121.0,138.0532,17.053207
train,49,95,120.0,140.917,20.917007
train,49,96,119.0,140.76176,21.761765
train,49,97,118.0,137.4944,19.4944
train,49,98,117.0,123.37931,6.3793106
train,49,99,116.0,110.9266,-5.0734024
train,49,100,115.0,118.30354,3.303543
train,49,101,114.0,110.09224,-3.9077606
train,49,102,113.0,101.50265,-11.497353
train,49,103,112.0,100.730736,-11.269264
train,49,104,111.0,106.43908,-4.5609207
train,49,105,110.0,104.27421,-5.725792
train,49,106,109.0,103.64209,-5.35791
train,49,107,108.0,111.702255,3.7022552
train,49,108,107.0,110.611275,3.6112747
train,49,109,106.0,106.02717,0.027168274
train,49,110,105.0,94.539604,-10.460396
train,49,111,104.0,96.29489,-7.7051086
train,49,112,103.0,104.66033,1.6603317
train,49,113,102.0,98.07136,-3.9286423
train,49,114,101.0,98.101585,-2.8984146
train,49,115,100.0,92.84914,-7.1508636
train,49,116,99.0,99.15501,0.15500641
train,49,117,98.0,100.75869,2.7586899
train,49,118,97.0,91.756355,-5.2436447
train,49,119,96.0,101.27732,5.277321
train,49,120,95.0,108.169685,13.169685
train,49,121,94.0,120.505066,26.505066
train,49,122,93.0,122.25997,29.259972
train,49,123,92.0,123.75556,31.755562
train,49,124,91.0,121.28553,30.28553
train,49,125,90.0,120.33399,30.333992
train,49,126,89.0,125.17575,36.17575
train,49,127,88.0,135.0088,47.008804
train,49,128,87.0,120.87484,33.87484
train,49,129,86.0,121.24166,35.24166
train,49,130,85.0,123.16976,38.16976
train,49,131,84.0,111.87478,27.874779
train,49,132,83.0,95.19843,12.198433
train,49,133,82.0,87.97274,5.97274
train,49,134,81.0,89.71305,8.713051
train,49,135,80.0,73.97845,-6.021553
train,49,136,79.0,69.19949,-9.800507
train,49,137,78.0,71.66654,-6.333458
train,49,138,77.0,75.08578,-1.9142227
train,49,139,76.0,83.87784,7.877838
train,49,140,75.0,78.52993,3.52993
train,49,141,74.0,86.92571,12.925713
train,49,142,73.0,86.03016,13.030159
train,49,143,72.0,81.23791,9.237907
train,49,144,71.0,78.162056,7.162056
train,49,145,70.0,65.65556,-4.3444366
train,49,146,69.0,62.074585,-6.925415
train,49,147,68.0,69.80901,1.8090134
train,49,148,67.0,55.522377,-11.477623
train,49,149,66.0,52.02855,-13.971451
train,49,150,65.0,55.993427,-9.006573
train,49,151,64.0,51.577526,-12.422474
train,49,152,63.0,52.134655,-10.865345
train,49,153,62.0,48.977444,-13.022556
train,49,154,61.0,54.81506,-6.1849403
train,49,155,60.0,50.105602,-9.894398
train,49,156,59.0,51.49964,-7.5003586
train,49,157,58.0,50.548435,-7.451565
train,49,158,57.0,45.40988,-11.590118
train,49,159,56.0,48.412937,-7.587063
train,49,160,55.0,45.196415,-9.803585
train,49,161,54.0,49.008984,-4.9910164
train,49,162,53.0,41.45468,-11.545319
train,49,163,52.0,35.83707,-16.16293
train,49,164,51.0,38.065678,-12.934322
train,49,165,50.0,36.334923,-13.665077
train,49,166,49.0,34.648827,-14.351173
train,49,167,48.0,35.282032,-12.717968
train,49,168,47.0,34.494434,-12.505566
train,49,169,46.0,33.202595,-12.797405
train,49,170,45.0,36.487827,-8.512173
train,49,171,44.0,37.035995,-6.9640045
train,49,172,43.0,37.943356,-5.0566444
train,49,173,42.0,37.470287,-4.5297127
train,49,174,41.0,43.139233,2.1392326
train,49,175,40.0,38.49246,-1.5075417
train,49,176,39.0,31.843126,-7.1568737
train,49,177,38.0,34.019108,-3.9808922
train,49,178,37.0,31.368933,-5.6310673
train,49,179,36.0,30.122066,-5.8779335
train,49,180,35.0,33.161976,-1.8380241
train,49,181,34.0,34.852047,0.85204697
train,49,182,33.0,32.859936,-0.14006424
train,49,183,32.0,31.77452,-0.22547913
train,49,184,31.0,34.883915,3.883915
train,49,185,30.0,33.10069,3.100689
train,49,186,29.0,32.336517,3.3365173
train,49,187,28.0,34.21805,6.218048
train,49,188,27.0,32.995335,5.9953346
train,49,189,26.0,32.459827,6.4598274
train,49,190,25.0,33.721386,8.721386
train,49,191,24.0,33.918797,9.918797
train,49,192,23.0,32.26678,9.266781
train,49,193,22.0,31.079008,9.079008
train,49,194,21.0,26.406643,5.406643
train,49,195,20.0,21.674486,1.6744862
train,49,196,19.0,21.58744,2.5874405
train,49,197,18.0,18.495462,0.49546242
train,49,198,17.0,15.461589,-1.5384111
train,49,199,16.0,16.732927,0.7329273
train,49,200,15.0,14.298394,-0.7016058
train,49,201,14.0,15.92115,1.9211502
train,49,202,13.0,13.124768,0.12476826
train,49,203,12.0,11.971293,-0.02870655
train,49,204,11.0,10.184154,-0.81584644
train,49,205,10.0,8.980636,-1.0193644
train,49,206,9.0,6.663328,-2.3366718
train,49,207,8.0,6.344938,-1.6550622
train,49,208,7.0,7.8609905,0.8609905
train,49,209,6.0,8.246366,2.2463655
train,49,210,5.0,7.8507814,2.8507814
train,49,211,4.0,4.935219,0.9352188
train,49,212,3.0,4.884497,1.8844972
train,49,213,2.0,3.1783175,1.1783175
train,49,214,1.0,2.2009625,1.2009625
train,49,215,0.0,2.1607373,2.1607373
train,50,30,168.0,113.01292,-54.987083
train,50,31,167.0,115.25082,-51.749184
train,50,32,166.0,120.657005,-45.342995
train,50,33,165.0,117.79482,-47.205177
train,50,34,164.0,108.38012,-55.61988
train,50,35,163.0,112.17706,-50.822937
train,50,36,162.0,120.14064,-41.85936
train,50,37,161.0,115.42577,-45.574226
train,50,38,160.0,111.28944,-48.710564
train,50,39,159.0,111.2609,-47.739098
train,50,40,158.0,110.53631,-47.46369
train,50,41,157.0,110.00848,-46.991524
train,50,42,156.0,122.91269,-33.08731
train,50,43,155.0,124.29262,-30.707382
train,50,44,154.0,119.98537,-34.014633
train,50,45,153.0,131.74162,-21.258377
train,50,46,152.0,134.84605,-17.153946
train,50,47,151.0,132.50157,-18.498428
train,50,48,150.0,135.57545,-14.424545
train,50,49,149.0,134.0515,-14.948502
train,50,50,148.0,134.24602,-13.753983
train,50,51,147.0,143.10478,-3.895218
train,50,52,146.0,142.62856,-3.3714447
train,50,53,145.0,136.98662,-8.013382
train,50,54,144.0,139.91655,-4.0834503
train,50,55,143.0,118.44694,-24.553062
train,50,56,142.0,126.77853,-15.221474
train,50,57,141.0,112.073814,-28.926186
train,50,58,140.0,117.78681,-22.213188
train,50,59,139.0,126.453835,-12.546165
train,50,60,138.0,128.84448,-9.155518
train,50,61,137.0,137.99129,0.99128723
train,50,62,136.0,127.725685,-8.274315
train,50,63,135.0,104.078094,-30.921906
train,50,64,134.0,94.92237,-39.07763
train,50,65,133.0,90.87629,-42.12371
train,50,66,132.0,91.344536,-40.655464
train,50,67,131.0,79.518456,-51.481544
train,50,68,130.0,80.22477,-49.77523
train,50,69,129.0,89.494354,-39.505646
train,50,70,128.0,88.05417,-39.94583
train,50,71,127.0,93.113014,-33.886986
train,50,72,126.0,106.40774,-19.592262
train,50,73,125.0,109.9258,-15.0742035
train,50,74,124.0,115.878334,-8.121666
train,50,75,123.0,132.37068,9.370682
train,50,76,122.0,128.14236,6.1423645
train,50,77,121.0,116.771675,-4.228325
train,50,78,120.0,111.646515,-8.353485
train,50,79,119.0,110.9285,-8.071503
train,50,80,118.0,108.1332,-9.866798
train,50,81,117.0,108.21027,-8.789726
train,50,82,116.0,110.5568,-5.443199
train,50,83,115.0,97.82559,-17.174408
train,50,84,114.0,88.96849,-25.03151
train,50,85,113.0,87.084724,-25.915276
train,50,86,112.0,87.41604,-24.583961
train,50,87,111.0,83.06977,-27.93023
train,50,88,110.0,86.42758,-23.572418
train,50,89,109.0,111.705986,2.705986
train,50,90,108.0,98.588104,-9.411896
train,50,91,107.0,91.225426,-15.774574
train,50,92,106.0,79.42748,-26.572517
train,50,93,105.0,80.93788,-24.062119
train,50,94,104.0,76.68783,-27.312172
train,50,95,103.0,72.785484,-30.214516
train,50,96,102.0,65.471855,-36.528145
train,50,97,101.0,62.677425,-38.322575
train,50,98,100.0,60.676365,-39.323635
train,50,99,99.0,63.81748,-35.18252
train,50,100,98.0,60.950718,-37.049282
train,50,101,97.0,58.723637,-38.276363
train,50,102,96.0,59.461166,-36.538834
train,50,103,95.0,54.676075,-40.323925
train,50,104,94.0,59.495937,-34.504063
train,50,105,93.0,67.770706,-25.229294
train,50,106,92.0,67.79778,-24.202217
train,50,107,91.0,67.02434,-23.975662
train,50,108,90.0,80.76694,-9.233063
train,50,109,89.0,81.115845,-7.8841553
train,50,110,88.0,92.17729,4.177292
train,50,111,87.0,91.52038,4.520378
train,50,112,86.0,91.56576,5.5657578
train,50,113,85.0,86.32786,1.327858
train,50,114,84.0,87.87167,3.8716736
train,50,115,83.0,101.0929,18.092903
train,50,116,82.0,96.21595,14.21595
train,50,117,81.0,81.808395,0.8083954
train,50,118,80.0,89.58272,9.582718
train,50,119,79.0,93.72422,14.72422
train,50,120,78.0,94.372505,16.372505
train,50,121,77.0,91.311775,14.311775
train,50,122,76.0,93.456795,17.456795
train,50,123,75.0,104.00547,29.00547
train,50,124,74.0,88.214714,14.214714
train,50,125,73.0,86.871735,13.871735
train,50,126,72.0,88.296486,16.296486
train,50,127,71.0,84.21453,13.214531
train,50,128,70.0,75.92225,5.922249
train,50,129,69.0,63.151512,-5.848488
train,50,130,68.0,54.674137,-13.325863
train,50,131,67.0,52.322395,-14.677605
train,50,132,66.0,50.349834,-15.650166
train,50,133,65.0,52.24557,-12.754429
train,50,134,64.0,51.304554,-12.695446
train,50,135,63.0,49.76909,-13.230911
train,50,136,62.0,47.492985,-14.507015
train,50,137,61.0,48.243515,-12.756485
train,50,138,60.0,41.71926,-18.280739
train,50,139,59.0,41.16259,-17.83741
train,50,140,58.0,44.49827,-13.501732
train,50,141,57.0,50.549175,-6.4508247
train,50,142,56.0,43.484776,-12.515224
train,50,143,55.0,45.592945,-9.407055
train,50,144,54.0,43.384846,-10.615154
train,50,145,53.0,49.44173,-3.5582695
train,50,146,52.0,51.952614,-0.04738617
train,50,147,51.0,50.046818,-0.9531822
train,50,148,50.0,55.136,5.1360016
train,50,149,49.0,59.067722,10.067722
train,50,150,48.0,55.251423,7.251423
train,50,151,47.0,56.017254,9.017254
train,50,152,46.0,54.668648,8.668648
train,50,153,45.0,58.344006,13.344006
train,50,154,44.0,51.143604,7.1436043
train,50,155,43.0,49.17336,6.173359
train,50,156,42.0,52.180653,10.180653
train,50,157,41.0,47.472424,6.4724236
train,50,158,40.0,43.91155,3.9115486
train,50,159,39.0,38.27687,-0.7231293
train,50,160,38.0,35.86055,-2.13945
train,50,161,37.0,35.686306,-1.313694
train,50,162,36.0,30.490915,-5.5090847
train,50,163,35.0,34.740078,-0.25992203
train,50,164,34.0,35.43881,1.4388084
train,50,165,33.0,31.348774,-1.651226
train,50,166,32.0,30.086939,-1.9130611
train,50,167,31.0,30.196356,-0.8036442
train,50,168,30.0,29.383963,-0.61603737
train,50,169,29.0,28.038864,-0.96113586
train,50,170,28.0,24.32353,-3.6764698
train,50,171,27.0,25.986673,-1.0133266
train,50,172,26.0,29.964722,3.9647217
train,50,173,25.0,29.506111,4.506111
train,50,174,24.0,26.47934,2.4793396
train,50,175,23.0,28.23781,5.23781
train,50,176,22.0,27.403923,5.403923
train,50,177,21.0,28.891026,7.8910255
train,50,178,20.0,26.964182,6.964182
train,50,179,19.0,23.689817,4.6898174
train,50,180,18.0,19.528048,1.5280476
train,50,181,17.0,16.98371,-0.016290665
train,50,182,16.0,16.084398,0.08439827
train,50,183,15.0,13.412225,-1.5877752
train,50,184,14.0,12.609981,-1.3900194
train,50,185,13.0,13.008199,0.008198738
train,50,186,12.0,11.56924,-0.43076038
train,50,187,11.0,12.3216715,1.3216715
train,50,188,10.0,10.91377,0.9137697
train,50,189,9.0,9.82264,0.8226404
train,50,190,8.0,7.1177993,-0.8822007
train,50,191,7.0,5.881489,-1.1185112
train,50,192,6.0,7.1860514,1.1860514
train,50,193,5.0,6.097107,1.0971069
train,50,194,4.0,4.9069147,0.9069147
train,50,195,3.0,4.3456044,1.3456044
train,50,196,2.0,4.258075,2.2580752
train,50,197,1.0,3.0115714,2.0115714
train,50,198,0.0,3.3142467,3.3142467
train,54,30,227.0,145.14491,-81.85509
train,54,31,226.0,145.05968,-80.94032
train,54,32,225.0,145.4098,-79.590195
train,54,33,224.0,145.47433,-78.525665
train,54,34,223.0,145.53392,-77.46608
train,54,35,222.0,145.70805,-76.29195
train,54,36,221.0,145.35635,-75.64365
train,54,37,220.0,145.51321,-74.486786
train,54,38,219.0,145.4195,-73.580505
train,54,39,218.0,145.72821,-72.27179
train,54,40,217.0,145.88087,-71.119125
train,54,41,216.0,145.75209,-70.24791
train,54,42,215.0,145.75209,-69.24791
train,54,43,214.0,145.53374,-68.46626
train,54,44,213.0,145.62079,-67.37921
train,54,45,212.0,145.72144,-66.278564
train,54,46,211.0,145.43605,-65.56395
train,54,47,210.0,145.87529,-64.12471
train,54,48,209.0,145.46085,-63.539154
train,54,49,208.0,145.59792,-62.402084
train,54,50,207.0,145.76772,-61.232285
train,54,51,206.0,145.83745,-60.16255
train,54,52,205.0,145.56343,-59.43657
train,54,53,204.0,145.49724,-58.50276
train,54,54,203.0,145.61946,-57.38054
train,54,55,202.0,145.2867,-56.713303
train,54,56,201.0,145.0764,-55.9236
train,54,57,200.0,145.18567,-54.81433
train,54,58,199.0,145.52286,-53.477142
train,54,59,198.0,145.1942,-52.8058
train,54,60,197.0,145.61613,-51.383865
train,54,61,196.0,144.97931,-51.02069
train,54,62,195.0,144.34827,-50.651733
train,54,63,194.0,144.89574,-49.104263
train,54,64,193.0,145.32841,-47.671585
train,54,65,192.0,145.36327,-46.636734
train,54,66,191.0,145.30911,-45.690887
train,54,67,190.0,145.01625,-44.98375
train,54,68,189.0,144.27989,-44.720108
train,54,69,188.0,144.557,-43.442993
train,54,70,187.0,142.3951,-44.604904
train,54,71,186.0,140.39177,-45.60823
train,54,72,185.0,143.14937,-41.85063
train,54,73,184.0,137.03114,-46.968857
train,54,74,183.0,138.09422,-44.905777
train,54,75,182.0,141.36122,-40.63878
train,54,76,181.0,140.78444,-40.21556
train,54,77,180.0,144.12361,-35.87639
train,54,78,179.0,142.58757,-36.41243
train,54,79,178.0,142.63867,-35.36133
train,54,80,177.0,143.38025,-33.61975
train,54,81,176.0,145.24481,-30.755188
train,54,82,175.0,145.30385,-29.696152
train,54,83,174.0,145.38557,-28.614426
train,54,84,173.0,145.24313,-27.756866
train,54,85,172.0,144.6941,-27.305893
train,54,86,171.0,145.63156,-25.368439
train,54,87,170.0,145.9125,-24.087494
train,54,88,169.0,143.11745,-25.882553
train,54,89,168.0,144.09254,-23.907455
train,54,90,167.0,144.53859,-22.46141
train,54,91,166.0,144.58585,-21.414154
train,54,92,165.0,145.47295,-19.527054
train,54,93,164.0,144.77892,-19.221085
train,54,94,163.0,145.33604,-17.663956
train,54,95,162.0,145.75877,-16.241226
train,54,96,161.0,145.16716,-15.83284
train,54,97,160.0,144.69588,-15.304123
train,54,98,159.0,143.7444,-15.2556
train,54,99,158.0,143.23352,-14.7664795
train,54,100,157.0,142.25159,-14.748413
train,54,101,156.0,139.64969,-16.350311
train,54,102,155.0,125.96807,-29.031929
train,54,103,154.0,127.03919,-26.960808
train,54,104,153.0,126.99822,-26.001778
train,54,105,152.0,128.89668,-23.103317
train,54,106,151.0,132.32841,-18.671585
train,54,107,150.0,134.24214,-15.757858
train,54,108,149.0,130.97815,-18.02185
train,54,109,148.0,126.52063,-21.47937
train,54,110,147.0,120.34751,-26.652489
train,54,111,146.0,123.185394,-22.814606
train,54,112,145.0,112.3118,-32.6882
train,54,113,144.0,112.699356,-31.300644
train,54,114,143.0,121.42612,-21.573883
train,54,115,142.0,122.98499,-19.015007
train,54,116,141.0,130.74318,-10.256821
train,54,117,140.0,138.7025,-1.2975006
train,54,118,139.0,134.8074,-4.1925964
train,54,119,138.0,133.67769,-4.3223114
train,54,120,137.0,134.02888,-2.971115
train,54,121,136.0,126.687355,-9.312645
train,54,122,135.0,124.30279,-10.697212
train,54,123,134.0,129.56656,-4.433441
train,54,124,133.0,130.0681,-2.9319
train,54,125,132.0,130.84593,-1.154068
train,54,126,131.0,130.73087,-0.26913452
train,54,127,130.0,124.87258,-5.1274185
train,54,128,129.0,122.73279,-6.267212
train,54,129,128.0,114.20762,-13.792381
train,54,130,127.0,113.41807,-13.581932
train,54,131,126.0,101.72864,-24.271362
train,54,132,125.0,101.719345,-23.280655
train,54,133,124.0,101.74377,-22.256233
train,54,134,123.0,102.50057,-20.499428
train,54,135,122.0,100.78151,-21.21849
train,54,136,121.0,98.85969,-22.140312
train,54,137,120.0,89.21442,-30.785583
train,54,138,119.0,86.41853,-32.581467
train,54,139,118.0,88.935394,-29.064606
train,54,140,117.0,92.90833,-24.091667
train,54,141,116.0,97.172646,-18.827354
train,54,142,115.0,95.78922,-19.210777
train,54,143,114.0,97.50918,-16.490822
train,54,144,113.0,93.72574,-19.274261
train,54,145,112.0,86.84807,-25.151932
train,54,146,111.0,86.06409,-24.935913
train,54,147,110.0,90.29673,-19.70327
train,54,148,109.0,94.64866,-14.351341
train,54,149,108.0,98.69915,-9.30085
train,54,150,107.0,94.680916,-12.319084
train,54,151,106.0,98.18336,-7.8166428
train,54,152,105.0,97.96559,-7.0344086
train,54,153,104.0,100.5328,-3.4672012
train,54,154,103.0,100.81025,-2.1897507
train,54,155,102.0,99.008934,-2.991066
train,54,156,101.0,99.82041,-1.1795883
train,54,157,100.0,89.36947,-10.630531
train,54,158,99.0,86.13857,-12.861427
train,54,159,98.0,87.49671,-10.503288
train,54,160,97.0,84.775215,-12.224785
train,54,161,96.0,78.18963,-17.810371
train,54,162,95.0,80.67505,-14.324951
train,54,163,94.0,84.757385,-9.242615
train,54,164,93.0,85.12587,-7.8741302
train,54,165,92.0,86.6868,-5.313202
train,54,166,91.0,82.86954,-8.130463
train,54,167,90.0,85.129906,-4.8700943
train,54,168,89.0,80.54296,-8.457039
train,54,169,88.0,79.81083,-8.189171
train,54,170,87.0,75.2611,-11.738899
train,54,171,86.0,77.6845,-8.315498
train,54,172,85.0,79.21702,-5.782982
train,54,173,84.0,75.37205,-8.627953
train,54,174,83.0,72.61485,-10.385147
train,54,175,82.0,61.241566,-20.758434
train,54,176,81.0,66.19625,-14.803749
train,54,177,80.0,69.689125,-10.310875
train,54,178,79.0,67.1764,-11.823601
train,54,179,78.0,67.53228,-10.46772
train,54,180,77.0,65.11452,-11.885483
train,54,181,76.0,65.03471,-10.965286
train,54,182,75.0,62.40527,-12.59473
train,54,183,74.0,56.835365,-17.164635
train,54,184,73.0,59.545635,-13.454365
train,54,185,72.0,63.19189,-8.808109
train,54,186,71.0,55.047848,-15.952152
train,54,187,70.0,56.21654,-13.783459
train,54,188,69.0,61.081215,-7.918785
train,54,189,68.0,67.33184,-0.6681595
train,54,190,67.0,58.532112,-8.467888
train,54,191,66.0,58.107258,-7.892742
train,54,192,65.0,55.887188,-9.112812
train,54,193,64.0,55.438175,-8.561825
train,54,194,63.0,55.259045,-7.7409554
train,54,195,62.0,53.723057,-8.276943
train,54,196,61.0,56.31471,-4.6852913
train,54,197,60.0,55.145737,-4.8542633
train,54,198,59.0,53.748196,-5.2518044
train,54,199,58.0,53.931805,-4.0681953
train,54,200,57.0,52.98785,-4.01215
train,54,201,56.0,46.710423,-9.2895775
train,54,202,55.0,47.396557,-7.603443
train,54,203,54.0,47.275158,-6.724842
train,54,204,53.0,50.75308,-2.2469215
train,54,205,52.0,48.52032,-3.479679
train,54,206,51.0,47.61262,-3.3873787
train,54,207,50.0,47.36336,-2.6366386
train,54,208,49.0,44.308353,-4.6916466
train,54,209,48.0,42.22728,-5.7727203
train,54,210,47.0,41.120155,-5.8798447
train,54,211,46.0,40.264828,-5.7351723
train,54,212,45.0,37.876373,-7.1236267
train,54,213,44.0,37.202026,-6.7979736
train,54,214,43.0,35.021095,-7.9789047
train,54,215,42.0,37.13686,-4.86314
train,54,216,41.0,34.170128,-6.829872
train,54,217,40.0,30.952742,-9.047258
train,54,218,39.0,30.80882,-8.191179
train,54,219,38.0,31.399979,-6.6000214
train,54,220,37.0,28.862497,-8.137503
train,54,221,36.0,29.145287,-6.8547134
train,54,222,35.0,27.17938,-7.8206196
train,54,223,34.0,26.755655,-7.2443447
train,54,224,33.0,28.01565,-4.98435
train,54,225,32.0,27.436182,-4.563818
train,54,226,31.0,24.643457,-6.3565426
train,54,227,30.0,24.027708,-5.972292
train,54,228,29.0,27.314054,-1.6859455
train,54,229,28.0,26.575426,-1.4245739
train,54,230,27.0,26.261457,-0.73854256
train,54,231,26.0,25.552464,-0.44753647
train,54,232,25.0,23.254488,-1.745512
train,54,233,24.0,22.754068,-1.2459316
train,54,234,23.0,19.907686,-3.0923138
train,54,235,22.0,20.61109,-1.3889103
train,54,236,21.0,20.34596,-0.6540394
train,54,237,20.0,18.616104,-1.3838959
train,54,238,19.0,18.14885,-0.8511505
train,54,239,18.0,17.388899,-0.61110115
train,54,240,17.0,16.262243,-0.7377567
train,54,241,16.0,15.95396,-0.04603958
train,54,242,15.0,14.519456,-0.4805441
train,54,243,14.0,14.874785,0.8747854
train,54,244,13.0,13.018204,0.018203735
train,54,245,12.0,11.781106,-0.218894
train,54,246,11.0,10.382979,-0.6170206
train,54,247,10.0,10.064532,0.06453228
train,54,248,9.0,9.708587,0.7085867
train,54,249,8.0,7.375194,-0.6248059
train,54,250,7.0,7.176587,0.1765871
train,54,251,6.0,6.1585965,0.15859652
train,54,252,5.0,3.970726,-1.029274
train,54,253,4.0,3.622445,-0.3775549
train,54,254,3.0,3.3827481,0.38274813
train,54,255,2.0,3.2841625,1.2841625
train,54,256,1.0,2.4174857,1.4174857
train,54,257,0.0,2.9421186,2.9421186
train,55,30,163.0,143.32318,-19.676819
train,55,31,162.0,143.43742,-18.562576
train,55,32,161.0,143.56462,-17.435379
train,55,33,160.0,143.25838,-16.741623
train,55,34,159.0,143.34166,-15.65834
train,55,35,158.0,143.39923,-14.600769
train,55,36,157.0,143.35213,-13.647873
train,55,37,156.0,143.44391,-12.556091
train,55,38,155.0,143.19594,-11.804062
train,55,39,154.0,143.36766,-10.6323395
train,55,40,153.0,143.47534,-9.524658
train,55,41,152.0,141.19525,-10.804749
train,55,42,151.0,142.4716,-8.528397
train,55,43,150.0,143.20428,-6.7957153
train,55,44,149.0,143.55238,-5.4476166
train,55,45,148.0,143.47278,-4.5272217
train,55,46,147.0,143.48642,-3.5135803
train,55,47,146.0,143.56303,-2.436966
train,55,48,145.0,143.57806,-1.421936
train,55,49,144.0,143.55797,-0.44203186
train,55,50,143.0,142.9673,-0.032699585
train,55,51,142.0,143.28621,1.2862091
train,55,52,141.0,143.49008,2.4900818
train,55,53,140.0,143.53093,3.5309296
train,55,54,139.0,142.85756,3.8575592
train,55,55,138.0,143.06296,5.062958
train,55,56,137.0,142.4435,5.4434967
train,55,57,136.0,143.41466,7.4146576
train,55,58,135.0,143.49663,8.496628
train,55,59,134.0,143.2502,9.250198
train,55,60,133.0,143.35104,10.351044
train,55,61,132.0,143.46725,11.467255
train,55,62,131.0,142.84372,11.8437195
train,55,63,130.0,142.48744,12.487442
train,55,64,129.0,142.15776,13.157761
train,55,65,128.0,126.53649,-1.4635086
train,55,66,127.0,106.677895,-20.322105
train,55,67,126.0,110.94094,-15.059059
train,55,68,125.0,125.04442,0.044418335
train,55,69,124.0,133.47006,9.470062
train,55,70,123.0,141.90675,18.906754
train,55,71,122.0,132.39032,10.39032
train,55,72,121.0,126.20132,5.201317
train,55,73,120.0,110.41531,-9.584686
train,55,74,119.0,100.49064,-18.509361
train,55,75,118.0,103.19707,-14.802933
train,55,76,117.0,117.946556,0.9465561
train,55,77,116.0,126.140816,10.140816
train,55,78,115.0,143.00713,28.007126
train,55,79,114.0,143.24565,29.245651
train,55,80,113.0,143.18391,30.183914
train,55,81,112.0,143.2118,31.211807
train,55,82,111.0,143.23294,32.23294
train,55,83,110.0,141.11818,31.11818
train,55,84,109.0,141.18262,32.182617
train,55,85,108.0,142.61478,34.614777
train,55,86,107.0,141.17177,34.17177
train,55,87,106.0,140.08305,34.083054
train,55,88,105.0,137.8756,32.875595
train,55,89,104.0,142.85262,38.852615
train,55,90,103.0,140.06598,37.06598
train,55,91,102.0,142.97299,40.972992
train,55,92,101.0,143.04156,42.041565
train,55,93,100.0,142.89449,42.894485
train,55,94,99.0,143.00401,44.004013
train,55,95,98.0,142.61983,44.619827
train,55,96,97.0,142.48973,45.48973
train,55,97,96.0,141.5176,45.517593
train,55,98,95.0,140.12434,45.124344
train,55,99,94.0,139.19803,45.19803
train,55,100,93.0,140.65605,47.65605
train,55,101,92.0,133.99083,41.99083
train,55,102,91.0,137.74663,46.746628
train,55,103,90.0,142.23409,52.234085
train,55,104,89.0,142.64558,53.645584
train,55,105,88.0,142.6367,54.636703
train,55,106,87.0,135.70586,48.705856
train,55,107,86.0,132.99055,46.990555
train,55,108,85.0,121.53095,36.530952
train,55,109,84.0,113.59792,29.597923
train,55,110,83.0,92.16662,9.166618
train,55,111,82.0,88.79775,6.7977524
train,55,112,81.0,87.43214,6.4321365
train,55,113,80.0,80.77195,0.77194977
train,55,114,79.0,75.344376,-3.6556244
train,55,115,78.0,83.784584,5.784584
train,55,116,77.0,78.40247,1.4024734
train,55,117,76.0,83.64183,7.6418304
train,55,118,75.0,95.69178,20.69178
train,55,119,74.0,105.463005,31.463005
train,55,120,73.0,99.30002,26.300018
train,55,121,72.0,101.765205,29.765205
train,55,122,71.0,86.16839,15.168388
train,55,123,70.0,91.57128,21.571281
train,55,124,69.0,101.00156,32.001556
train,55,125,68.0,84.53083,16.53083
train,55,126,67.0,89.656425,22.656425
train,55,127,66.0,85.19599,19.195992
train,55,128,65.0,89.78269,24.782692
train,55,129,64.0,79.427376,15.427376
train,55,130,63.0,79.15815,16.15815
train,55,131,62.0,78.6856,16.6856
train,55,132,61.0,75.25885,14.25885
train,55,133,60.0,66.16975,6.1697464
train,55,134,59.0,64.199974,5.199974
train,55,135,58.0,64.18962,6.189621
train,55,136,57.0,57.32506,0.3250618
train,55,137,56.0,59.141407,3.141407
train,55,138,55.0,56.232517,1.2325172
train,55,139,54.0,58.365063,4.3650627
train,55,140,53.0,54.35824,1.3582382
train,55,141,52.0,58.98395,6.9839516
train,55,142,51.0,61.721104,10.721104
train,55,143,50.0,56.73556,6.7355614
train,55,144,49.0,55.93439,6.934391
train,55,145,48.0,54.46899,6.4689903
train,55,146,47.0,49.0908,2.0908012
train,55,147,46.0,50.819126,4.819126
train,55,148,45.0,47.273388,2.273388
train,55,149,44.0,46.497913,2.4979134
train,55,150,43.0,47.09678,4.096779
train,55,151,42.0,46.68105,4.6810493
train,55,152,41.0,46.14683,5.1468315
train,55,153,40.0,44.882263,4.882263
train,55,154,39.0,43.977356,4.977356
train,55,155,38.0,42.766552,4.766552
train,55,156,37.0,38.089912,1.0899124
train,55,157,36.0,34.063145,-1.9368553
train,55,158,35.0,36.229534,1.2295341
train,55,159,34.0,35.55582,1.5558205
train,55,160,33.0,35.279198,2.2791977
train,55,161,32.0,34.98398,2.9839783
train,55,162,31.0,35.148697,4.148697
train,55,163,30.0,31.064182,1.0641823
train,55,164,29.0,30.930082,1.9300823
train,55,165,28.0,30.781233,2.7812328
train,55,166,27.0,26.416866,-0.5831337
train,55,167,26.0,27.238333,1.2383327
train,55,168,25.0,25.853277,0.8532772
train,55,169,24.0,25.0257,1.0256996
train,55,170,23.0,23.272886,0.27288628
train,55,171,22.0,21.607664,-0.3923359
train,55,172,21.0,20.497068,-0.5029316
train,55,173,20.0,19.09947,-0.90052986
train,55,174,19.0,19.302742,0.302742
train,55,175,18.0,18.907267,0.9072666
train,55,176,17.0,16.61293,-0.3870697
train,55,177,16.0,15.586209,-0.4137907
train,55,178,15.0,14.998324,-0.0016756058
train,55,179,14.0,13.572343,-0.42765713
train,55,180,13.0,9.979636,-3.0203638
train,55,181,12.0,9.25476,-2.7452402
train,55,182,11.0,9.834958,-1.1650419
train,55,183,10.0,9.288271,-0.71172905
train,55,184,9.0,7.306119,-1.693881
train,55,185,8.0,6.689405,-1.310595
train,55,186,7.0,6.271181,-0.7288189
train,55,187,6.0,5.2318273,-0.76817274
train,55,188,5.0,4.8740473,-0.12595272
train,55,189,4.0,4.0393667,0.039366722
train,55,190,3.0,2.6311684,-0.36883163
train,55,191,2.0,3.7198682,1.7198682
train,55,192,1.0,2.958932,1.9589319
train,55,193,0.0,2.4763594,2.4763594
train,56,30,245.0,142.02382,-102.97618
train,56,31,244.0,139.27052,-104.72948
train,56,32,243.0,139.62224,-103.37776
train,56,33,242.0,139.69112,-102.30888
train,56,34,241.0,140.57162,-100.428375
train,56,35,240.0,141.72139,-98.27861
train,56,36,239.0,141.72798,-97.27202
train,56,37,238.0,141.31584,-96.68416
train,56,38,237.0,140.45851,-96.54149
train,56,39,236.0,141.51616,-94.48384
train,56,40,235.0,141.29333,-93.706665
train,56,41,234.0,141.8684,-92.13161
train,56,42,233.0,141.83144,-91.168564
train,56,43,232.0,142.00073,-89.99927
train,56,44,231.0,141.94296,-89.05704
train,56,45,230.0,141.76118,-88.238815
train,56,46,229.0,142.04247,-86.957535
train,56,47,228.0,141.3264,-86.6736
train,56,48,227.0,141.77501,-85.22499
train,56,49,226.0,138.9742,-87.0258
train,56,50,225.0,135.043,-89.957
train,56,51,224.0,137.90215,-86.097855
train,56,52,223.0,139.44995,-83.55005
train,56,53,222.0,141.47157,-80.52843
train,56,54,221.0,141.43242,-79.56758
train,56,55,220.0,140.88116,-79.118835
train,56,56,219.0,140.94347,-78.05653
train,56,57,218.0,141.96208,-76.03792
train,56,58,217.0,140.24763,-76.752365
train,56,59,216.0,141.68938,-74.31062
train,56,60,215.0,141.47545,-73.52455
train,56,61,214.0,140.98512,-73.01488
train,56,62,213.0,140.58327,-72.41673
train,56,63,212.0,136.0124,-75.987595
train,56,64,211.0,131.93858,-79.06142
train,56,65,210.0,140.30482,-69.695175
train,56,66,209.0,137.3148,-71.685196
train,56,67,208.0,132.01752,-75.98248
train,56,68,207.0,138.9709,-68.0291
train,56,69,206.0,141.57587,-64.42413
train,56,70,205.0,142.00424,-62.995758
train,56,71,204.0,141.63597,-62.36403
train,56,72,203.0,141.39668,-61.603317
train,56,73,202.0,140.62206,-61.377945
train,56,74,201.0,138.49715,-62.502853
train,56,75,200.0,138.57637,-61.42363
train,56,76,199.0,140.6479,-58.352097
train,56,77,198.0,139.97118,-58.028824
train,56,78,197.0,141.06111,-55.93889
train,56,79,196.0,138.9785,-57.0215
train,56,80,195.0,137.14314,-57.856857
train,56,81,194.0,136.11073,-57.889267
train,56,82,193.0,136.10545,-56.894547
train,56,83,192.0,132.90965,-59.090347
train,56,84,191.0,135.80075,-55.19925
train,56,85,190.0,138.74208,-51.25792
train,56,86,189.0,135.83684,-53.163162
train,56,87,188.0,140.8123,-47.1877
train,56,88,187.0,138.20229,-48.797714
train,56,89,186.0,140.3057,-45.694305
train,56,90,185.0,139.43245,-45.56755
train,56,91,184.0,136.40108,-47.598923
train,56,92,183.0,125.15624,-57.843758
train,56,93,182.0,129.50005,-52.499954
train,56,94,181.0,139.86285,-41.137146
train,56,95,180.0,138.52486,-41.475143
train,56,96,179.0,132.28523,-46.714767
train,56,97,178.0,134.93704,-43.062958
train,56,98,177.0,136.8167,-40.183304
train,56,99,176.0,132.43744,-43.56256
train,56,100,175.0,137.36981,-37.630188
train,56,101,174.0,139.64809,-34.351913
train,56,102,173.0,140.60878,-32.39122
train,56,103,172.0,140.57492,-31.42508
train,56,104,171.0,129.01785,-41.982147
train,56,105,170.0,134.58342,-35.41658
train,56,106,169.0,138.71007,-30.289932
train,56,107,168.0,136.1931,-31.8069
train,56,108,167.0,138.69618,-28.303818
train,56,109,166.0,132.5555,-33.444504
train,56,110,165.0,133.2474,-31.752594
train,56,111,164.0,133.17912,-30.820877
train,56,112,163.0,133.1931,-29.8069
train,56,113,162.0,125.6623,-36.3377
train,56,114,161.0,133.63753,-27.362473
train,56,115,160.0,133.8284,-26.1716
train,56,116,159.0,127.901474,-31.098526
train,56,117,158.0,122.654526,-35.345474
train,56,118,157.0,116.68822,-40.311783
train,56,119,156.0,133.47032,-22.529678
train,56,120,155.0,127.28382,-27.716179
train,56,121,154.0,118.54864,-35.451363
train,56,122,153.0,129.05809,-23.94191
train,56,123,152.0,130.82564,-21.174362
train,56,124,151.0,138.80962,-12.190384
train,56,125,150.0,139.17232,-10.8276825
train,56,126,149.0,125.57639,-23.423607
train,56,127,148.0,128.48045,-19.519547
train,56,128,147.0,136.55774,-10.442261
train,56,129,146.0,135.27867,-10.721329
train,56,130,145.0,132.30072,-12.69928
train,56,131,144.0,125.57204,-18.427963
train,56,132,143.0,128.69453,-14.305466
train,56,133,142.0,125.922905,-16.077095
train,56,134,141.0,114.07969,-26.920311
train,56,135,140.0,129.1942,-10.805801
train,56,136,139.0,138.39783,-0.60217285
train,56,137,138.0,138.04457,0.044570923
train,56,138,137.0,131.37975,-5.6202545
train,56,139,136.0,135.26976,-0.73023987
train,56,140,135.0,130.93242,-4.067581
train,56,141,134.0,131.33258,-2.6674194
train,56,142,133.0,129.79381,-3.206192
train,56,143,132.0,130.11946,-1.880539
train,56,144,131.0,124.22317,-6.7768326
train,56,145,130.0,119.665565,-10.3344345
train,56,146,129.0,112.87803,-16.121971
train,56,147,128.0,114.1932,-13.806801
train,56,148,127.0,105.428215,-21.571785
train,56,149,126.0,104.68929,-21.310707
train,56,150,125.0,105.764824,-19.235176
train,56,151,124.0,97.31414,-26.68586
train,56,152,123.0,110.60999,-12.390007
train,56,153,122.0,96.39901,-25.60099
train,56,154,121.0,96.582726,-24.417274
train,56,155,120.0,88.034584,-31.965416
train,56,156,119.0,87.00848,-31.991524
train,56,157,118.0,86.36847,-31.63153
train,56,158,117.0,93.026794,-23.973206
train,56,159,116.0,96.63434,-19.365662
train,56,160,115.0,102.72402,-12.275978
train,56,161,114.0,97.048546,-16.951454
train,56,162,113.0,97.49384,-15.506157
train,56,163,112.0,93.43962,-18.560379
train,56,164,111.0,103.796326,-7.2036743
train,56,165,110.0,108.87848,-1.121521
train,56,166,109.0,106.14805,-2.8519516
train,56,167,108.0,98.26882,-9.731178
train,56,168,107.0,93.75541,-13.244591
train,56,169,106.0,89.18287,-16.817131
train,56,170,105.0,93.225136,-11.774864
train,56,171,104.0,91.37486,-12.625137
train,56,172,103.0,93.65746,-9.342537
train,56,173,102.0,91.40116,-10.598839
train,56,174,101.0,92.52227,-8.47773
train,56,175,100.0,91.93423,-8.065773
train,56,176,99.0,83.356834,-15.643166
train,56,177,98.0,84.2002,-13.799797
train,56,178,97.0,78.36729,-18.632713
train,56,179,96.0,78.76943,-17.230568
train,56,180,95.0,78.04164,-16.958359
train,56,181,94.0,83.39039,-10.6096115
train,56,182,93.0,79.21951,-13.780487
train,56,183,92.0,73.20753,-18.792473
train,56,184,91.0,74.11422,-16.88578
train,56,185,90.0,74.53603,-15.463966
train,56,186,89.0,77.4775,-11.522499
train,56,187,88.0,75.18299,-12.817009
train,56,188,87.0,79.053055,-7.946945
train,56,189,86.0,75.1863,-10.813698
train,56,190,85.0,74.29354,-10.706459
train,56,191,84.0,72.997765,-11.002235
train,56,192,83.0,63.663845,-19.336155
train,56,193,82.0,66.032776,-15.967224
train,56,194,81.0,66.28216,-14.717842
train,56,195,80.0,66.214264,-13.785736
train,56,196,79.0,71.77756,-7.2224426
train,56,197,78.0,73.86856,-4.131439
train,56,198,77.0,68.961525,-8.038475
train,56,199,76.0,68.27172,-7.728279
train,56,200,75.0,72.448235,-2.5517654
train,56,201,74.0,72.76478,-1.2352219
train,56,202,73.0,72.89572,-0.104278564
train,56,203,72.0,67.349556,-4.650444
train,56,204,71.0,60.431156,-10.568844
train,56,205,70.0,59.902424,-10.097576
train,56,206,69.0,59.683704,-9.316296
train,56,207,68.0,56.07072,-11.929279
train,56,208,67.0,61.07161,-5.9283905
train,56,209,66.0,64.10925,-1.8907471
train,56,210,65.0,68.35606,3.3560562
train,56,211,64.0,64.808136,0.808136
train,56,212,63.0,61.52513,-1.4748688
train,56,213,62.0,58.5734,-3.4266014
train,56,214,61.0,52.81666,-8.183338
train,56,215,60.0,52.68159,-7.318409
train,56,216,59.0,50.718372,-8.281628
train,56,217,58.0,48.688457,-9.3115425
train,56,218,57.0,48.705563,-8.294437
train,56,219,56.0,42.680683,-13.319317
train,56,220,55.0,42.937355,-12.062645
train,56,221,54.0,41.88911,-12.110889
train,56,222,53.0,39.28954,-13.710461
train,56,223,52.0,40.685825,-11.314175
train,56,224,51.0,43.262863,-7.737137
train,56,225,50.0,40.263027,-9.736973
train,56,226,49.0,39.4217,-9.5783
train,56,227,48.0,36.18922,-11.81078
train,56,228,47.0,34.43652,-12.56348
train,56,229,46.0,33.400463,-12.599537
train,56,230,45.0,31.543844,-13.456156
train,56,231,44.0,30.661703,-13.338297
train,56,232,43.0,26.84159,-16.15841
train,56,233,42.0,26.885967,-15.114033
train,56,234,41.0,25.830488,-15.169512
train,56,235,40.0,29.10987,-10.890129
train,56,236,39.0,28.493967,-10.506033
train,56,237,38.0,27.944925,-10.055075
train,56,238,37.0,28.087458,-8.912542
train,56,239,36.0,28.410635,-7.589365
train,56,240,35.0,26.603304,-8.396696
train,56,241,34.0,27.030684,-6.9693165
train,56,242,33.0,25.194593,-7.8054066
train,56,243,32.0,22.937403,-9.062597
train,56,244,31.0,24.785612,-6.214388
train,56,245,30.0,23.553955,-6.446045
train,56,246,29.0,26.238234,-2.7617664
train,56,247,28.0,27.664663,-0.3353367
train,56,248,27.0,25.059456,-1.9405441
train,56,249,26.0,21.667494,-4.332506
train,56,250,25.0,20.333567,-4.6664333
train,56,251,24.0,19.390867,-4.609133
train,56,252,23.0,18.600447,-4.3995533
train,56,253,22.0,19.962084,-2.0379162
train,56,254,21.0,16.686531,-4.313469
train,56,255,20.0,15.366141,-4.6338587
train,56,256,19.0,13.837572,-5.162428
train,56,257,18.0,10.067613,-7.9323874
train,56,258,17.0,10.746516,-6.253484
train,56,259,16.0,11.709771,-4.290229
train,56,260,15.0,10.2946825,-4.7053175
train,56,261,14.0,8.319962,-5.6800385
train,56,262,13.0,7.201,-5.799
train,56,263,12.0,7.070666,-4.929334
train,56,264,11.0,7.033643,-3.9663572
train,56,265,10.0,6.979105,-3.020895
train,56,266,9.0,6.0755315,-2.9244685
train,56,267,8.0,5.356213,-2.643787
train,56,268,7.0,5.429138,-1.5708618
train,56,269,6.0,4.622486,-1.3775139
train,56,270,5.0,4.115996,-0.8840041
train,56,271,4.0,3.166422,-0.8335781
train,56,272,3.0,3.1387763,0.1387763
train,56,273,2.0,2.8950915,0.89509153
train,56,274,1.0,2.9495482,1.9495482
train,56,275,0.0,2.65709,2.65709
train,58,30,117.0,105.42846,-11.571541
train,58,31,116.0,101.82799,-14.172012
train,58,32,115.0,113.17868,-1.8213196
train,58,33,114.0,122.59988,8.599876
train,58,34,113.0,130.95488,17.95488
train,58,35,112.0,133.93663,21.93663
train,58,36,111.0,141.46596,30.465958
train,58,37,110.0,139.36021,29.360214
train,58,38,109.0,137.63116,28.631165
train,58,39,108.0,137.70732,29.707321
train,58,40,107.0,135.28938,28.289383
train,58,41,106.0,122.14966,16.149658
train,58,42,105.0,117.30462,12.304619
train,58,43,104.0,110.683914,6.683914
train,58,44,103.0,105.58109,2.5810928
train,58,45,102.0,116.678,14.678001
train,58,46,101.0,119.367424,18.367424
train,58,47,100.0,121.883415,21.883415
train,58,48,99.0,125.11564,26.115639
train,58,49,98.0,139.54945,41.549454
train,58,50,97.0,133.58415,36.584152
train,58,51,96.0,130.774,34.774002
train,58,52,95.0,130.06296,35.062958
train,58,53,94.0,131.16014,37.16014
train,58,54,93.0,130.8234,37.823395
train,58,55,92.0,130.2839,38.283905
train,58,56,91.0,130.96617,39.96617
train,58,57,90.0,139.43184,49.43184
train,58,58,89.0,141.35559,52.35559
train,58,59,88.0,128.11076,40.110764
train,58,60,87.0,138.53246,51.532455
train,58,61,86.0,141.40202,55.402023
train,58,62,85.0,142.97914,57.97914
train,58,63,84.0,140.48524,56.485245
train,58,64,83.0,142.70406,59.704056
train,58,65,82.0,143.33199,61.331985
train,58,66,81.0,113.619934,32.619934
train,58,67,80.0,108.536,28.536003
train,58,68,79.0,104.51697,25.516968
train,58,69,78.0,104.014244,26.014244
train,58,70,77.0,101.195015,24.195015
train,58,71,76.0,99.91103,23.911034
train,58,72,75.0,96.68146,21.681458
train,58,73,74.0,97.185295,23.185295
train,58,74,73.0,97.066536,24.066536
train,58,75,72.0,96.041756,24.041756
train,58,76,71.0,88.71616,17.716164
train,58,77,70.0,93.315346,23.315346
train,58,78,69.0,90.864555,21.864555
train,58,79,68.0,91.44216,23.442162
train,58,80,67.0,80.67758,13.677582
train,58,81,66.0,81.62208,15.622078
train,58,82,65.0,74.57397,9.573967
train,58,83,64.0,75.96613,11.966133
train,58,84,63.0,72.88183,9.881828
train,58,85,62.0,71.09092,9.0909195
train,58,86,61.0,64.105545,3.105545
train,58,87,60.0,60.526722,0.52672195
train,58,88,59.0,62.788242,3.7882423
train,58,89,58.0,70.90199,12.901993
train,58,90,57.0,66.27027,9.270271
train,58,91,56.0,63.216778,7.216778
train,58,92,55.0,60.647984,5.6479836
train,58,93,54.0,62.11378,8.113781
train,58,94,53.0,59.31986,6.3198586
train,58,95,52.0,55.79604,3.7960396
train,58,96,51.0,58.805622,7.805622
train,58,97,50.0,62.05808,12.058079
train,58,98,49.0,54.40402,5.4040184
train,58,99,48.0,52.465702,4.465702
train,58,100,47.0,54.81756,7.8175583
train,58,101,46.0,54.220116,8.220116
train,58,102,45.0,54.76567,9.765671
train,58,103,44.0,51.6277,7.627701
train,58,104,43.0,55.85188,12.851879
train,58,105,42.0,58.903816,16.903816
train,58,106,41.0,53.925247,12.925247
train,58,107,40.0,49.032948,9.032948
train,58,108,39.0,49.03506,10.035061
train,58,109,38.0,48.89256,10.892559
train,58,110,37.0,42.058735,5.058735
train,58,111,36.0,41.004795,5.004795
train,58,112,35.0,33.946266,-1.0537338
train,58,113,34.0,33.72894,-0.27106094
train,58,114,33.0,33.949936,0.9499359
train,58,115,32.0,33.74555,1.7455482
train,58,116,31.0,33.665997,2.6659966
train,58,117,30.0,29.207693,-0.7923069
train,58,118,29.0,28.42941,-0.57058907
train,58,119,28.0,28.227755,0.2277546
train,58,120,27.0,26.950552,-0.049448013
train,58,121,26.0,30.219057,4.219057
train,58,122,25.0,29.911455,4.911455
train,58,123,24.0,28.94594,4.94594
train,58,124,23.0,27.523703,4.5237026
train,58,125,22.0,25.721575,3.7215748
train,58,126,21.0,25.355967,4.3559666
train,58,127,20.0,24.655853,4.6558533
train,58,128,19.0,21.364407,2.3644066
train,58,129,18.0,22.28382,4.283819
train,58,130,17.0,18.924944,1.9249439
train,58,131,16.0,19.642534,3.6425343
train,58,132,15.0,17.53752,2.5375195
train,58,133,14.0,17.359953,3.359953
train,58,134,13.0,17.355186,4.3551865
train,58,135,12.0,15.301284,3.3012838
train,58,136,11.0,14.63716,3.6371603
train,58,137,10.0,12.527817,2.5278168
train,58,138,9.0,12.209686,3.2096863
train,58,139,8.0,10.136139,2.136139
train,58,140,7.0,9.65277,2.65277
train,58,141,6.0,11.960745,5.960745
train,58,142,5.0,8.590635,3.5906353
train,58,143,4.0,7.9051313,3.9051313
train,58,144,3.0,5.092187,2.092187
train,58,145,2.0,4.948004,2.9480038
train,58,146,1.0,5.6699405,4.6699405
train,58,147,0.0,3.8033547,3.8033547
train,59,30,201.0,145.74739,-55.25261
train,59,31,200.0,145.84077,-54.159225
train,59,32,199.0,145.9749,-53.0251
train,59,33,198.0,145.92413,-52.075867
train,59,34,197.0,145.87172,-51.12828
train,59,35,196.0,145.8622,-50.137802
train,59,36,195.0,145.91179,-49.08821
train,59,37,194.0,145.68794,-48.312057
train,59,38,193.0,145.83089,-47.169113
train,59,39,192.0,145.84929,-46.15071
train,59,40,191.0,145.8829,-45.117096
train,59,41,190.0,145.85149,-44.148514
train,59,42,189.0,145.86626,-43.133743
train,59,43,188.0,145.85922,-42.140778
train,59,44,187.0,145.90622,-41.09378
train,59,45,186.0,146.01604,-39.983963
train,59,46,185.0,145.8323,-39.167694
train,59,47,184.0,145.83727,-38.162735
train,59,48,183.0,145.77887,-37.22113
train,59,49,182.0,145.87498,-36.125015
train,59,50,181.0,145.70721,-35.292786
train,59,51,180.0,145.76811,-34.231888
train,59,52,179.0,145.77827,-33.221725
train,59,53,178.0,145.7281,-32.271896
train,59,54,177.0,145.7969,-31.203094
train,59,55,176.0,145.9216,-30.0784
train,59,56,175.0,145.89345,-29.106552
train,59,57,174.0,145.94026,-28.059738
train,59,58,173.0,145.96356,-27.036438
train,59,59,172.0,145.7917,-26.208298
train,59,60,171.0,145.85738,-25.142624
train,59,61,170.0,145.73592,-24.264084
train,59,62,169.0,145.6214,-23.378601
train,59,63,168.0,145.77861,-22.22139
train,59,64,167.0,145.65468,-21.345322
train,59,65,166.0,145.78304,-20.216965
train,59,66,165.0,145.7383,-19.261703
train,59,67,164.0,145.76547,-18.234528
train,59,68,163.0,145.60744,-17.392563
train,59,69,162.0,145.38135,-16.618652
train,59,70,161.0,145.56268,-15.437317
train,59,71,160.0,145.25388,-14.746124
train,59,72,159.0,145.02106,-13.978943
train,59,73,158.0,145.38286,-12.617142
train,59,74,157.0,145.06363,-11.936371
train,59,75,156.0,145.39775,-10.602249
train,59,76,155.0,145.42781,-9.572189
train,59,77,154.0,144.96078,-9.039215
train,59,78,153.0,144.82422,-8.175781
train,59,79,152.0,145.38048,-6.619522
train,59,80,151.0,145.37372,-5.6262817
train,59,81,150.0,145.08812,-4.9118805
train,59,82,149.0,145.06316,-3.9368439
train,59,83,148.0,145.5896,-2.4104004
train,59,84,147.0,145.23207,-1.7679291
train,59,85,146.0,145.37608,-0.6239166
train,59,86,145.0,145.3318,0.33180237
train,59,87,144.0,145.34181,1.3418121
train,59,88,143.0,145.25104,2.2510376
train,59,89,142.0,145.06369,3.0636902
train,59,90,141.0,145.46022,4.4602203
train,59,91,140.0,144.69684,4.6968384
train,59,92,139.0,145.55542,6.55542
train,59,93,138.0,145.86073,7.860733
train,59,94,137.0,145.48701,8.487015
train,59,95,136.0,145.80052,9.800522
train,59,96,135.0,145.74281,10.742813
train,59,97,134.0,145.9174,11.917404
train,59,98,133.0,145.7061,12.7061
train,59,99,132.0,145.18625,13.186249
train,59,100,131.0,145.18983,14.189835
train,59,101,130.0,145.37282,15.372818
train,59,102,129.0,145.0956,16.095596
train,59,103,128.0,145.16367,17.163666
train,59,104,127.0,144.72917,17.729172
train,59,105,126.0,145.62178,19.62178
train,59,106,125.0,145.4257,20.425705
train,59,107,124.0,145.00847,21.008469
train,59,108,123.0,138.10811,15.1081085
train,59,109,122.0,143.06673,21.066727
train,59,110,121.0,141.9593,20.959305
train,59,111,120.0,140.36736,20.367355
train,59,112,119.0,141.90729,22.907288
train,59,113,118.0,145.16393,27.163925
train,59,114,117.0,145.45445,28.454453
train,59,115,116.0,145.715,29.714996
train,59,116,115.0,145.7568,30.756805
train,59,117,114.0,145.53485,31.534851
train,59,118,113.0,145.27776,32.277756
train,59,119,112.0,145.08583,33.08583
train,59,120,111.0,144.88673,33.886734
train,59,121,110.0,145.77443,35.77443
train,59,122,109.0,144.89914,35.89914
train,59,123,108.0,144.92632,36.926315
train,59,124,107.0,144.44008,37.44008
train,59,125,106.0,142.41507,36.41507
train,59,126,105.0,140.03969,35.03969
train,59,127,104.0,142.9395,38.9395
train,59,128,103.0,144.86496,41.86496
train,59,129,102.0,140.78525,38.785248
train,59,130,101.0,132.83318,31.833176
train,59,131,100.0,107.11022,7.110222
train,59,132,99.0,107.46702,8.467018
train,59,133,98.0,114.858025,16.858025
train,59,134,97.0,110.920204,13.920204
train,59,135,96.0,111.08871,15.088707
train,59,136,95.0,103.654144,8.654144
train,59,137,94.0,107.2819,13.2818985
train,59,138,93.0,102.1186,9.118599
train,59,139,92.0,110.25351,18.25351
train,59,140,91.0,109.367485,18.367485
train,59,141,90.0,102.82892,12.828918
train,59,142,89.0,87.809814,-1.1901855
train,59,143,88.0,91.77657,3.7765732
train,59,144,87.0,89.183716,2.1837158
train,59,145,86.0,91.690926,5.6909256
train,59,146,85.0,91.353325,6.353325
train,59,147,84.0,87.40487,3.404869
train,59,148,83.0,89.30756,6.307564
train,59,149,82.0,94.047585,12.047585
train,59,150,81.0,93.39243,12.392433
train,59,151,80.0,97.31324,17.31324
train,59,152,79.0,96.44709,17.44709
train,59,153,78.0,92.13569,14.135689
train,59,154,77.0,94.0787,17.078697
train,59,155,76.0,83.56347,7.563469
train,59,156,75.0,75.90876,0.9087601
train,59,157,74.0,76.035965,2.035965
train,59,158,73.0,74.45808,1.4580765
train,59,159,72.0,64.14773,-7.852272
train,59,160,71.0,66.67835,-4.3216476
train,59,161,70.0,68.1525,-1.8475037
train,59,162,69.0,74.0745,5.074501
train,59,163,68.0,68.0955,0.09549713
train,59,164,67.0,66.511314,-0.4886856
train,59,165,66.0,68.329834,2.329834
train,59,166,65.0,62.869755,-2.1302452
train,59,167,64.0,58.99242,-5.00758
train,59,168,63.0,61.374134,-1.6258659
train,59,169,62.0,58.65359,-3.3464088
train,59,170,61.0,53.9447,-7.0553017
train,59,171,60.0,49.349277,-10.6507225
train,59,172,59.0,46.559135,-12.440865
train,59,173,58.0,54.208263,-3.7917366
train,59,174,57.0,53.69367,-3.3063316
train,59,175,56.0,49.53915,-6.46085
train,59,176,55.0,52.851925,-2.148075
train,59,177,54.0,56.89625,2.8962517
train,59,178,53.0,51.36898,-1.6310196
train,59,179,52.0,51.668636,-0.33136368
train,59,180,51.0,48.980305,-2.0196953
train,59,181,50.0,52.071095,2.0710945
train,59,182,49.0,51.642292,2.642292
train,59,183,48.0,55.314594,7.3145943
train,59,184,47.0,47.213455,0.2134552
train,59,185,46.0,49.81755,3.8175507
train,59,186,45.0,52.60932,7.6093216
train,59,187,44.0,49.015324,5.0153236
train,59,188,43.0,48.242855,5.242855
train,59,189,42.0,45.553722,3.5537224
train,59,190,41.0,40.85382,-0.1461792
train,59,191,40.0,40.26115,0.26115036
train,59,192,39.0,43.20679,4.206791
train,59,193,38.0,38.797974,0.79797363
train,59,194,37.0,40.408108,3.4081078
train,59,195,36.0,38.867046,2.8670464
train,59,196,35.0,35.90353,0.9035301
train,59,197,34.0,32.66718,-1.3328209
train,59,198,33.0,38.48878,5.488781
train,59,199,32.0,37.59832,5.59832
train,59,200,31.0,32.725346,1.7253456
train,59,201,30.0,31.155342,1.1553421
train,59,202,29.0,27.62605,-1.373949
train,59,203,28.0,25.920858,-2.0791416
train,59,204,27.0,26.644484,-0.35551643
train,59,205,26.0,25.466463,-0.5335369
train,59,206,25.0,25.737852,0.7378521
train,59,207,24.0,23.270966,-0.7290344
train,59,208,23.0,21.758396,-1.2416039
train,59,209,22.0,24.26122,2.261221
train,59,210,21.0,21.234488,0.23448753
train,59,211,20.0,20.708225,0.70822525
train,59,212,19.0,23.569386,4.5693855
train,59,213,18.0,22.583288,4.583288
train,59,214,17.0,19.472385,2.4723854
train,59,215,16.0,16.905201,0.90520096
train,59,216,15.0,16.221565,1.2215652
train,59,217,14.0,14.464171,0.4641714
train,59,218,13.0,13.477832,0.47783184
train,59,219,12.0,12.03085,0.03085041
train,59,220,11.0,11.3702345,0.3702345
train,59,221,10.0,11.602014,1.6020136
train,59,222,9.0,11.163272,2.163272
train,59,223,8.0,10.291094,2.2910938
train,59,224,7.0,9.785384,2.7853842
train,59,225,6.0,8.679363,2.6793633
train,59,226,5.0,6.9932704,1.9932704
train,59,227,4.0,6.300168,2.300168
train,59,228,3.0,4.8081417,1.8081417
train,59,229,2.0,3.617453,1.6174531
train,59,230,1.0,2.306021,1.306021
train,59,231,0.0,2.3398957,2.3398957
train,61,30,155.0,145.55078,-9.449219
train,61,31,154.0,145.37778,-8.622223
train,61,32,153.0,145.62114,-7.3788605
train,61,33,152.0,145.68027,-6.3197327
train,61,34,151.0,145.55269,-5.4473114
train,61,35,150.0,145.23463,-4.7653656
train,61,36,149.0,145.44524,-3.5547638
train,61,37,148.0,145.35756,-2.6424408
train,61,38,147.0,145.01985,-1.9801483
train,61,39,146.0,145.12486,-0.8751373
train,61,40,145.0,145.83183,0.8318329
train,61,41,144.0,145.67162,1.6716156
train,61,42,143.0,145.74771,2.7477112
train,61,43,142.0,145.76714,3.7671356
train,61,44,141.0,145.77022,4.770218
train,61,45,140.0,145.53395,5.533951
train,61,46,139.0,145.5212,6.5211945
train,61,47,138.0,145.22807,7.228073
train,61,48,137.0,145.77612,8.776123
train,61,49,136.0,145.92725,9.927246
train,61,50,135.0,145.75084,10.750839
train,61,51,134.0,145.53035,11.53035
train,61,52,133.0,145.57463,12.574631
train,61,53,132.0,145.80608,13.806076
train,61,54,131.0,145.93007,14.930069
train,61,55,130.0,145.96033,15.960327
train,61,56,129.0,145.48207,16.48207
train,61,57,128.0,145.57253,17.572525
train,61,58,127.0,145.53255,18.532547
train,61,59,126.0,145.75764,19.757645
train,61,60,125.0,145.5912,20.591202
train,61,61,124.0,145.54178,21.541779
train,61,62,123.0,145.41707,22.417068
train,61,63,122.0,145.8174,23.817398
train,61,64,121.0,145.43378,24.433777
train,61,65,120.0,144.89224,24.892242
train,61,66,119.0,145.24252,26.242523
train,61,67,118.0,145.23438,27.234375
train,61,68,117.0,145.35915,28.359146
train,61,69,116.0,144.17096,28.17096
train,61,70,115.0,145.28651,30.286514
train,61,71,114.0,145.28313,31.283127
train,61,72,113.0,145.06216,32.062164
train,61,73,112.0,145.20451,33.204514
train,61,74,111.0,145.78972,34.78972
train,61,75,110.0,145.68314,35.683136
train,61,76,109.0,145.17987,36.17987
train,61,77,108.0,145.45103,37.451035
train,61,78,107.0,145.4622,38.462204
train,61,79,106.0,145.84743,39.847427
train,61,80,105.0,145.41795,40.417953
train,61,81,104.0,145.53084,41.530838
train,61,82,103.0,145.50778,42.507782
train,61,83,102.0,145.67796,43.677963
train,61,84,101.0,144.07307,43.073074
train,61,85,100.0,144.2993,44.2993
train,61,86,99.0,144.15897,45.158966
train,61,87,98.0,143.96654,45.966537
train,61,88,97.0,144.51694,47.516937
train,61,89,96.0,142.27687,46.27687
train,61,90,95.0,143.30513,48.30513
train,61,91,94.0,141.36969,47.36969
train,61,92,93.0,139.01463,46.014633
train,61,93,92.0,139.54831,47.54831
train,61,94,91.0,144.04411,53.044113
train,61,95,90.0,143.70497,53.70497
train,61,96,89.0,143.04303,54.04303
train,61,97,88.0,140.10359,52.103592
train,61,98,87.0,140.21361,53.213608
train,61,99,86.0,142.80692,56.806915
train,61,100,85.0,145.23311,60.23311
train,61,101,84.0,141.95937,57.959366
train,61,102,83.0,142.2854,59.2854
train,61,103,82.0,140.90727,58.907272
train,61,104,81.0,140.98375,59.98375
train,61,105,80.0,139.26129,59.26129
train,61,106,79.0,133.99538,54.995377
train,61,107,78.0,117.84171,39.841713
train,61,108,77.0,122.12172,45.12172
train,61,109,76.0,126.49601,50.49601
train,61,110,75.0,129.747,54.746994
train,61,111,74.0,122.791534,48.791534
train,61,112,73.0,119.513054,46.513054
train,61,113,72.0,117.64421,45.64421
train,61,114,71.0,110.694176,39.694176
train,61,115,70.0,111.07383,41.07383
train,61,116,69.0,112.498856,43.498856
train,61,117,68.0,104.92893,36.928932
train,61,118,67.0,95.64162,28.641617
train,61,119,66.0,87.30807,21.308067
train,61,120,65.0,86.128716,21.128716
train,61,121,64.0,87.397545,23.397545
train,61,122,63.0,85.41961,22.41961
train,61,123,62.0,83.38831,21.388313
train,61,124,61.0,91.68255,30.682549
train,61,125,60.0,91.34486,31.344856
train,61,126,59.0,82.06612,23.066116
train,61,127,58.0,75.801125,17.801125
train,61,128,57.0,76.12293,19.122932
train,61,129,56.0,69.307106,13.307106
train,61,130,55.0,70.85778,15.85778
train,61,131,54.0,62.443943,8.443943
train,61,132,53.0,67.1829,14.182899
train,61,133,52.0,71.88666,19.886658
train,61,134,51.0,75.83732,24.837318
train,61,135,50.0,61.16957,11.169571
train,61,136,49.0,55.8859,6.8858986
train,61,137,48.0,53.135303,5.1353035
train,61,138,47.0,45.664005,-1.3359947
train,61,139,46.0,44.836445,-1.1635551
train,61,140,45.0,45.369114,0.36911392
train,61,141,44.0,47.636684,3.6366844
train,61,142,43.0,50.948444,7.9484444
train,61,143,42.0,47.463528,5.4635277
train,61,144,41.0,53.80455,12.80455
train,61,145,40.0,50.870144,10.870144
train,61,146,39.0,57.0592,18.0592
train,61,147,38.0,56.30334,18.30334
train,61,148,37.0,47.192295,10.192295
train,61,149,36.0,48.337162,12.337162
train,61,150,35.0,40.276047,5.2760468
train,61,151,34.0,44.97356,10.97356
train,61,152,33.0,39.546425,6.546425
train,61,153,32.0,40.730923,8.730923
train,61,154,31.0,39.65343,8.653431
train,61,155,30.0,36.048267,6.0482674
train,61,156,29.0,34.52347,5.523472
train,61,157,28.0,28.668596,0.66859627
train,61,158,27.0,33.255417,6.255417
train,61,159,26.0,28.229902,2.2299023
train,61,160,25.0,26.820238,1.8202381
train,61,161,24.0,25.93979,1.9397907
train,61,162,23.0,29.196455,6.196455
train,61,163,22.0,27.509983,5.509983
train,61,164,21.0,24.589159,3.589159
train,61,165,20.0,23.276726,3.2767258
train,61,166,19.0,23.741838,4.7418385
train,61,167,18.0,22.23502,4.2350197
train,61,168,17.0,22.358923,5.358923
train,61,169,16.0,19.970686,3.970686
train,61,170,15.0,20.000364,5.0003643
train,61,171,14.0,18.491217,4.4912167
train,61,172,13.0,17.457815,4.457815
train,61,173,12.0,16.163317,4.1633167
train,61,174,11.0,12.615283,1.615283
train,61,175,10.0,11.144415,1.1444149
train,61,176,9.0,8.990148,-0.009852409
train,61,177,8.0,9.913064,1.913064
train,61,178,7.0,9.57771,2.5777102
train,61,179,6.0,7.4743414,1.4743414
train,61,180,5.0,7.5482936,2.5482936
train,61,181,4.0,8.904461,4.904461
train,61,182,3.0,6.5446105,3.5446105
train,61,183,2.0,5.509638,3.5096378
train,61,184,1.0,5.694113,4.694113
train,61,185,0.0,3.7861552,3.7861552
train,63,30,144.0,143.21538,-0.7846222
train,63,31,143.0,143.09178,0.091781616
train,63,32,142.0,143.15392,1.1539154
train,63,33,141.0,143.41841,2.4184113
train,63,34,140.0,141.95305,1.9530487
train,63,35,139.0,142.87129,3.871292
train,63,36,138.0,139.81229,1.8122864
train,63,37,137.0,141.97202,4.9720154
train,63,38,136.0,109.54122,-26.458778
train,63,39,135.0,110.00708,-24.99292
train,63,40,134.0,115.162254,-18.837746
train,63,41,133.0,141.32976,8.329758
train,63,42,132.0,114.56693,-17.433067
train,63,43,131.0,131.4708,0.47079468
train,63,44,130.0,133.28874,3.288742
train,63,45,129.0,142.21857,13.218567
train,63,46,128.0,140.16954,12.16954
train,63,47,127.0,142.6877,15.687698
train,63,48,126.0,142.93507,16.935074
train,63,49,125.0,143.03566,18.03566
train,63,50,124.0,141.51073,17.510727
train,63,51,123.0,142.30524,19.305237
train,63,52,122.0,143.17079,21.170792
train,63,53,121.0,142.6988,21.698807
train,63,54,120.0,143.14238,23.14238
train,63,55,119.0,143.28343,24.283432
train,63,56,118.0,142.3661,24.366104
train,63,57,117.0,142.5901,25.590103
train,63,58,116.0,141.64925,25.649246
train,63,59,115.0,142.89412,27.89412
train,63,60,114.0,141.11438,27.11438
train,63,61,113.0,141.24922,28.249222
train,63,62,112.0,140.19539,28.195389
train,63,63,111.0,138.03835,27.038345
train,63,64,110.0,135.33745,25.337448
train,63,65,109.0,132.42802,23.428024
train,63,66,108.0,122.055046,14.055046
train,63,67,107.0,124.21419,17.214188
train,63,68,106.0,139.43538,33.43538
train,63,69,105.0,141.80017,36.80017
train,63,70,104.0,139.34569,35.345688
train,63,71,103.0,140.2044,37.204407
train,63,72,102.0,129.80296,27.802963
train,63,73,101.0,139.33765,38.337646
train,63,74,100.0,141.69846,41.698456
train,63,75,99.0,142.28105,43.28105
train,63,76,98.0,141.09622,43.096222
train,63,77,97.0,142.40407,45.404068
train,63,78,96.0,142.62285,46.62285
train,63,79,95.0,142.6554,47.655396
train,63,80,94.0,142.58595,48.585953
train,63,81,93.0,136.21364,43.21364
train,63,82,92.0,123.365,31.364998
train,63,83,91.0,119.58976,28.58976
train,63,84,90.0,112.97229,22.97229
train,63,85,89.0,111.36283,22.362831
train,63,86,88.0,110.46906,22.469063
train,63,87,87.0,97.38619,10.386192
train,63,88,86.0,92.976974,6.9769745
train,63,89,85.0,95.83941,10.839409
train,63,90,84.0,97.58085,13.580849
train,63,91,83.0,92.534134,9.534134
train,63,92,82.0,89.670105,7.670105
train,63,93,81.0,100.07766,19.07766
train,63,94,80.0,109.58816,29.588158
train,63,95,79.0,105.58026,26.580261
train,63,96,78.0,120.58784,42.587837
train,63,97,77.0,113.472305,36.472305
train,63,98,76.0,102.2827,26.2827
train,63,99,75.0,89.11764,14.117638
train,63,100,74.0,74.40683,0.40682983
train,63,101,73.0,75.96595,2.96595
train,63,102,72.0,83.57682,11.57682
train,63,103,71.0,73.30944,2.3094406
train,63,104,70.0,69.32809,-0.67191315
train,63,105,69.0,64.811325,-4.188675
train,63,106,68.0,57.946583,-10.053417
train,63,107,67.0,57.727814,-9.272186
train,63,108,66.0,54.626156,-11.373844
train,63,109,65.0,65.43405,0.4340515
train,63,110,64.0,60.388504,-3.611496
train,63,111,63.0,49.03583,-13.964169
train,63,112,62.0,41.488415,-20.511585
train,63,113,61.0,43.941254,-17.058746
train,63,114,60.0,47.96768,-12.032318
train,63,115,59.0,42.34067,-16.659328
train,63,116,58.0,42.08099,-15.91901
train,63,117,57.0,41.866016,-15.133984
train,63,118,56.0,42.69369,-13.306309
train,63,119,55.0,41.358547,-13.641453
train,63,120,54.0,47.487995,-6.512005
train,63,121,53.0,42.630486,-10.369514
train,63,122,52.0,41.84676,-10.15324
train,63,123,51.0,44.619198,-6.380802
train,63,124,50.0,57.24114,7.2411385
train,63,125,49.0,55.61678,6.6167793
train,63,126,48.0,61.507973,13.507973
train,63,127,47.0,57.237377,10.237377
train,63,128,46.0,51.027317,5.027317
train,63,129,45.0,52.125256,7.1252556
train,63,130,44.0,50.391537,6.3915367
train,63,131,43.0,57.50936,14.509361
train,63,132,42.0,60.245487,18.245487
train,63,133,41.0,62.55662,21.556622
train,63,134,40.0,55.669758,15.669758
train,63,135,39.0,51.668118,12.668118
train,63,136,38.0,47.12872,9.128719
train,63,137,37.0,46.672237,9.672237
train,63,138,36.0,42.017612,6.0176125
train,63,139,35.0,39.167282,4.167282
train,63,140,34.0,38.919903,4.919903
train,63,141,33.0,36.24556,3.2455597
train,63,142,32.0,33.07503,1.0750313
train,63,143,31.0,31.102747,0.10274696
train,63,144,30.0,28.475088,-1.5249119
train,63,145,29.0,27.482403,-1.5175972
train,63,146,28.0,26.136654,-1.8633461
train,63,147,27.0,24.869123,-2.1308765
train,63,148,26.0,25.105518,-0.89448166
train,63,149,25.0,23.009264,-1.990736
train,63,150,24.0,22.70785,-1.2921505
train,63,151,23.0,21.81436,-1.1856403
train,63,152,22.0,20.503744,-1.4962559
train,63,153,21.0,22.592318,1.5923176
train,63,154,20.0,21.033693,1.0336933
train,63,155,19.0,21.14453,2.1445293
train,63,156,18.0,19.275892,1.2758923
train,63,157,17.0,16.350655,-0.6493454
train,63,158,16.0,16.018373,0.01837349
train,63,159,15.0,14.604398,-0.39560223
train,63,160,14.0,15.003839,1.0038385
train,63,161,13.0,14.915503,1.9155025
train,63,162,12.0,12.948139,0.9481392
train,63,163,11.0,11.370704,0.3707037
train,63,164,10.0,12.295652,2.2956524
train,63,165,9.0,9.33158,0.33158016
train,63,166,8.0,8.07714,0.077139854
train,63,167,7.0,8.19522,1.19522
train,63,168,6.0,8.017525,2.0175247
train,63,169,5.0,5.388242,0.38824177
train,63,170,4.0,4.876446,0.8764458
train,63,171,3.0,4.7106104,1.7106104
train,63,172,2.0,3.8684688,1.8684688
train,63,173,1.0,3.037447,2.037447
train,63,174,0.0,3.3924508,3.3924508
train,64,30,253.0,141.36812,-111.63188
train,64,31,252.0,143.10913,-108.89087
train,64,32,251.0,143.22237,-107.77763
train,64,33,250.0,143.45993,-106.54007
train,64,34,249.0,143.68633,-105.313675
train,64,35,248.0,143.1977,-104.80231
train,64,36,247.0,143.06917,-103.93083
train,64,37,246.0,143.54839,-102.451614
train,64,38,245.0,142.39922,-102.600784
train,64,39,244.0,142.13524,-101.86476
train,64,40,243.0,143.02989,-99.97011
train,64,41,242.0,143.35835,-98.64165
train,64,42,241.0,143.49843,-97.50157
train,64,43,240.0,143.64705,-96.35295
train,64,44,239.0,143.30504,-95.69496
train,64,45,238.0,143.16731,-94.83269
train,64,46,237.0,143.65982,-93.34018
train,64,47,236.0,143.62074,-92.37926
train,64,48,235.0,143.49586,-91.504135
train,64,49,234.0,143.19981,-90.800186
train,64,50,233.0,143.7179,-89.282104
train,64,51,232.0,143.66432,-88.33568
train,64,52,231.0,143.6701,-87.329895
train,64,53,230.0,143.14928,-86.85072
train,64,54,229.0,142.80496,-86.19504
train,64,55,228.0,143.60504,-84.39496
train,64,56,227.0,143.6354,-83.36459
train,64,57,226.0,143.2795,-82.720505
train,64,58,225.0,141.76454,-83.23546
train,64,59,224.0,142.80368,-81.19632
train,64,60,223.0,143.1721,-79.827896
train,64,61,222.0,142.80725,-79.19275
train,64,62,221.0,143.83675,-77.16325
train,64,63,220.0,143.68034,-76.31966
train,64,64,219.0,143.64769,-75.35231
train,64,65,218.0,143.46951,-74.53049
train,64,66,217.0,142.69383,-74.30617
train,64,67,216.0,143.64374,-72.35626
train,64,68,215.0,143.74718,-71.25282
train,64,69,214.0,143.65999,-70.34001
train,64,70,213.0,142.64598,-70.35402
train,64,71,212.0,143.17683,-68.823166
train,64,72,211.0,143.23186,-67.76814
train,64,73,210.0,143.54494,-66.45506
train,64,74,209.0,143.44453,-65.555466
train,64,75,208.0,143.55763,-64.44237
train,64,76,207.0,142.92159,-64.078415
train,64,77,206.0,141.32622,-64.67378
train,64,78,205.0,140.60928,-64.39072
train,64,79,204.0,142.62276,-61.377243
train,64,80,203.0,143.35208,-59.64792
train,64,81,202.0,126.12923,-75.87077
train,64,82,201.0,132.8585,-68.141495
train,64,83,200.0,138.74852,-61.25148
train,64,84,199.0,141.95723,-57.04277
train,64,85,198.0,142.24873,-55.751266
train,64,86,197.0,142.92473,-54.07527
train,64,87,196.0,142.80327,-53.19673
train,64,88,195.0,143.03194,-51.968063
train,64,89,194.0,143.18059,-50.819412
train,64,90,193.0,141.25577,-51.744232
train,64,91,192.0,142.55487,-49.44513
train,64,92,191.0,141.30656,-49.693436
train,64,93,190.0,142.14964,-47.850357
train,64,94,189.0,142.82925,-46.170746
train,64,95,188.0,140.71709,-47.282913
train,64,96,187.0,134.66402,-52.335983
train,64,97,186.0,140.93686,-45.06314
train,64,98,185.0,141.90923,-43.090775
train,64,99,184.0,142.85678,-41.14322
train,64,100,183.0,134.31837,-48.681625
train,64,101,182.0,122.26225,-59.737747
train,64,102,181.0,127.113594,-53.886406
train,64,103,180.0,132.28352,-47.716476
train,64,104,179.0,133.7571,-45.242905
train,64,105,178.0,139.63878,-38.36122
train,64,106,177.0,136.80714,-40.192856
train,64,107,176.0,135.66048,-40.339523
train,64,108,175.0,127.75811,-47.24189
train,64,109,174.0,126.95138,-47.048622
train,64,110,173.0,132.52211,-40.47789
train,64,111,172.0,128.84233,-43.15767
train,64,112,171.0,134.46681,-36.533188
train,64,113,170.0,141.50174,-28.49826
train,64,114,169.0,142.62901,-26.370987
train,64,115,168.0,142.86635,-25.133652
train,64,116,167.0,141.58951,-25.410492
train,64,117,166.0,141.12955,-24.870453
train,64,118,165.0,140.68922,-24.310776
train,64,119,164.0,141.56175,-22.438248
train,64,120,163.0,142.47557,-20.52443
train,64,121,162.0,143.02057,-18.979431
train,64,122,161.0,135.33386,-25.666138
train,64,123,160.0,131.2502,-28.749802
train,64,124,159.0,135.7657,-23.234299
train,64,125,158.0,139.72012,-18.279877
train,64,126,157.0,132.53648,-24.463516
train,64,127,156.0,122.434364,-33.565636
train,64,128,155.0,115.19284,-39.80716
train,64,129,154.0,116.15918,-37.84082
train,64,130,153.0,129.90218,-23.097824
train,64,131,152.0,138.77528,-13.224716
train,64,132,151.0,140.97801,-10.021988
train,64,133,150.0,142.42747,-7.572525
train,64,134,149.0,142.35548,-6.644516
train,64,135,148.0,142.03352,-5.9664764
train,64,136,147.0,138.62419,-8.375809
train,64,137,146.0,123.505714,-22.494286
train,64,138,145.0,139.81213,-5.187866
train,64,139,144.0,135.28899,-8.711014
train,64,140,143.0,127.17019,-15.829811
train,64,141,142.0,116.15655,-25.843452
train,64,142,141.0,115.54102,-25.458977
train,64,143,140.0,114.00018,-25.999817
train,64,144,139.0,128.00175,-10.998245
train,64,145,138.0,138.58386,0.5838623
train,64,146,137.0,139.1599,2.1598969
train,64,147,136.0,140.5276,4.527603
train,64,148,135.0,133.73235,-1.2676544
train,64,149,134.0,136.83649,2.8364868
train,64,150,133.0,138.02371,5.023712
train,64,151,132.0,140.80324,8.803238
train,64,152,131.0,140.83154,9.831543
train,64,153,130.0,138.00934,8.009338
train,64,154,129.0,135.2283,6.228302
train,64,155,128.0,133.66035,5.6603546
train,64,156,127.0,110.02114,-16.978859
train,64,157,126.0,93.08538,-32.91462
train,64,158,125.0,89.135445,-35.864555
train,64,159,124.0,92.0693,-31.930702
train,64,160,123.0,91.884415,-31.115585
train,64,161,122.0,84.3536,-37.6464
train,64,162,121.0,72.63928,-48.360718
train,64,163,120.0,79.153305,-40.846695
train,64,164,119.0,74.275185,-44.724815
train,64,165,118.0,72.527,-45.473
train,64,166,117.0,68.74287,-48.257133
train,64,167,116.0,77.97467,-38.02533
train,64,168,115.0,83.073814,-31.926186
train,64,169,114.0,85.0666,-28.933403
train,64,170,113.0,81.090576,-31.909424
train,64,171,112.0,74.358986,-37.641014
train,64,172,111.0,78.347626,-32.652374
train,64,173,110.0,88.55044,-21.449562
train,64,174,109.0,81.57162,-27.428383
train,64,175,108.0,81.7703,-26.229698
train,64,176,107.0,88.67363,-18.32637
train,64,177,106.0,85.92303,-20.076973
train,64,178,105.0,77.94251,-27.057487
train,64,179,104.0,88.96917,-15.03083
train,64,180,103.0,86.49683,-16.503166
train,64,181,102.0,83.11808,-18.88192
train,64,182,101.0,82.5423,-18.457703
train,64,183,100.0,86.800026,-13.199974
train,64,184,99.0,96.10649,-2.893509
train,64,185,98.0,94.83944,-3.1605606
train,64,186,97.0,95.070656,-1.9293442
train,64,187,96.0,101.0682,5.068199
train,64,188,95.0,109.82409,14.824089
train,64,189,94.0,103.73365,9.73365
train,64,190,93.0,107.58956,14.589561
train,64,191,92.0,109.614784,17.614784
train,64,192,91.0,94.96548,3.965477
train,64,193,90.0,94.14042,4.140419
train,64,194,89.0,95.58113,6.581131
train,64,195,88.0,83.11684,-4.8831635
train,64,196,87.0,90.48332,3.4833221
train,64,197,86.0,96.747406,10.747406
train,64,198,85.0,99.52553,14.525528
train,64,199,84.0,92.69409,8.694092
train,64,200,83.0,92.59935,9.59935
train,64,201,82.0,92.408005,10.408005
train,64,202,81.0,89.11798,8.117981
train,64,203,80.0,95.80261,15.802612
train,64,204,79.0,91.520195,12.520195
train,64,205,78.0,93.80313,15.803131
train,64,206,77.0,84.56545,7.5654526
train,64,207,76.0,81.27415,5.274147
train,64,208,75.0,80.46089,5.4608917
train,64,209,74.0,68.082375,-5.9176254
train,64,210,73.0,64.18754,-8.812462
train,64,211,72.0,64.244125,-7.7558746
train,64,212,71.0,64.73556,-6.2644424
train,64,213,70.0,65.111534,-4.888466
train,64,214,69.0,72.02273,3.022728
train,64,215,68.0,64.17156,-3.8284378
train,64,216,67.0,56.986977,-10.013023
train,64,217,66.0,49.900955,-16.099045
train,64,218,65.0,55.038,-9.962002
train,64,219,64.0,50.06223,-13.937771
train,64,220,63.0,45.844868,-17.155132
train,64,221,62.0,47.2443,-14.755699
train,64,222,61.0,42.83997,-18.16003
train,64,223,60.0,46.88936,-13.1106415
train,64,224,59.0,52.95605,-6.043949
train,64,225,58.0,45.23331,-12.766689
train,64,226,57.0,43.440247,-13.559753
train,64,227,56.0,45.65104,-10.348961
train,64,228,55.0,47.965282,-7.0347176
train,64,229,54.0,46.879734,-7.120266
train,64,230,53.0,44.405132,-8.594868
train,64,231,52.0,44.01942,-7.9805794
train,64,232,51.0,47.00494,-3.99506
train,64,233,50.0,42.805138,-7.1948624
train,64,234,49.0,41.863773,-7.1362267
train,64,235,48.0,42.947548,-5.052452
train,64,236,47.0,45.61993,-1.3800697
train,64,237,46.0,41.82079,-4.1792107
train,64,238,45.0,41.438942,-3.561058
train,64,239,44.0,45.372997,1.3729973
train,64,240,43.0,38.135025,-4.864975
train,64,241,42.0,38.050816,-3.9491844
train,64,242,41.0,38.014217,-2.9857826
train,64,243,40.0,44.931202,4.931202
train,64,244,39.0,45.563297,6.5632973
train,64,245,38.0,43.906452,5.906452
train,64,246,37.0,39.884296,2.8842964
train,64,247,36.0,40.408092,4.4080925
train,64,248,35.0,38.23426,3.2342606
train,64,249,34.0,38.168423,4.1684227
train,64,250,33.0,39.669827,6.6698265
train,64,251,32.0,36.87077,4.8707695
train,64,252,31.0,31.760881,0.7608814
train,64,253,30.0,30.00249,0.00248909
train,64,254,29.0,28.227922,-0.77207756
train,64,255,28.0,26.221941,-1.778059
train,64,256,27.0,26.267002,-0.7329979
train,64,257,26.0,23.902689,-2.097311
train,64,258,25.0,22.287916,-2.7120838
train,64,259,24.0,23.516926,-0.4830742
train,64,260,23.0,21.397402,-1.6025982
train,64,261,22.0,19.249249,-2.7507515
train,64,262,21.0,19.744596,-1.2554035
train,64,263,20.0,18.694597,-1.3054028
train,64,264,19.0,19.590181,0.59018135
train,64,265,18.0,18.522865,0.5228653
train,64,266,17.0,15.999484,-1.0005159
train,64,267,16.0,14.659652,-1.3403482
train,64,268,15.0,13.966039,-1.0339613
train,64,269,14.0,9.4778,-4.5221996
train,64,270,13.0,11.245032,-1.7549677
train,64,271,12.0,8.666364,-3.3336363
train,64,272,11.0,8.699093,-2.3009071
train,64,273,10.0,7.1529155,-2.8470845
train,64,274,9.0,8.633971,-0.3660288
train,64,275,8.0,6.7740097,-1.2259903
train,64,276,7.0,6.0266867,-0.97331333
train,64,277,6.0,4.6035995,-1.3964005
train,64,278,5.0,3.5901766,-1.4098234
train,64,279,4.0,3.5908294,-0.40917063
train,64,280,3.0,3.0233045,0.023304462
train,64,281,2.0,2.6053934,0.6053934
train,64,282,1.0,1.7867062,0.7867062
train,64,283,0.0,1.4206922,1.4206922
train,65,30,123.0,145.65346,22.653458
train,65,31,122.0,145.39058,23.39058
train,65,32,121.0,145.37106,24.371063
train,65,33,120.0,145.75764,25.757645
train,65,34,119.0,145.34846,26.348465
train,65,35,118.0,145.7988,27.798798
train,65,36,117.0,145.45079,28.45079
train,65,37,116.0,145.81328,29.813278
train,65,38,115.0,144.33571,29.335709
train,65,39,114.0,145.75514,31.755142
train,65,40,113.0,145.8593,32.8593
train,65,41,112.0,145.76387,33.76387
train,65,42,111.0,145.38042,34.380417
train,65,43,110.0,143.65883,33.65883
train,65,44,109.0,144.71904,35.71904
train,65,45,108.0,145.69246,37.69246
train,65,46,107.0,144.81685,37.81685
train,65,47,106.0,145.80592,39.805923
train,65,48,105.0,145.36116,40.36116
train,65,49,104.0,145.59618,41.596176
train,65,50,103.0,145.76791,42.767914
train,65,51,102.0,145.60628,43.606277
train,65,52,101.0,145.82803,44.828033
train,65,53,100.0,145.46724,45.46724
train,65,54,99.0,145.00691,46.006912
train,65,55,98.0,144.17854,46.178543
train,65,56,97.0,145.29826,48.298264
train,65,57,96.0,145.02873,49.028732
train,65,58,95.0,145.27162,50.27162
train,65,59,94.0,145.23204,51.23204
train,65,60,93.0,145.13683,52.136826
train,65,61,92.0,143.01225,51.012253
train,65,62,91.0,137.63452,46.63452
train,65,63,90.0,139.49638,49.496384
train,65,64,89.0,140.95023,51.950226
train,65,65,88.0,142.19225,54.192245
train,65,66,87.0,139.33809,52.33809
train,65,67,86.0,143.46431,57.46431
train,65,68,85.0,144.09969,59.099686
train,65,69,84.0,142.62097,58.62097
train,65,70,83.0,144.72661,61.72661
train,65,71,82.0,138.56258,56.562576
train,65,72,81.0,117.433495,36.433495
train,65,73,80.0,120.64274,40.64274
train,65,74,79.0,122.87116,43.871162
train,65,75,78.0,122.568504,44.568504
train,65,76,77.0,126.041115,49.041115
train,65,77,76.0,124.804955,48.804955
train,65,78,75.0,122.50311,47.503113
train,65,79,74.0,111.7713,37.7713
train,65,80,73.0,112.99875,39.99875
train,65,81,72.0,113.09934,41.099342
train,65,82,71.0,103.05285,32.05285
train,65,83,70.0,98.88611,28.886108
train,65,84,69.0,105.82606,36.826057
train,65,85,68.0,110.01298,42.012978
train,65,86,67.0,112.91758,45.91758
train,65,87,66.0,105.38512,39.385117
train,65,88,65.0,104.068565,39.068565
train,65,89,64.0,102.98644,38.986443
train,65,90,63.0,106.66961,43.66961
train,65,91,62.0,110.4811,48.481102
train,65,92,61.0,101.32839,40.328392
train,65,93,60.0,100.27819,40.27819
train,65,94,59.0,101.21795,42.21795
train,65,95,58.0,98.03892,40.038918
train,65,96,57.0,96.66352,39.66352
train,65,97,56.0,90.264404,34.264404
train,65,98,55.0,89.838295,34.838295
train,65,99,54.0,76.8377,22.8377
train,65,100,53.0,78.55494,25.55494
train,65,101,52.0,77.43903,25.439034
train,65,102,51.0,68.91687,17.91687
train,65,103,50.0,71.85398,21.853981
train,65,104,49.0,70.14122,21.14122
train,65,105,48.0,67.4715,19.471497
train,65,106,47.0,60.219387,13.219387
train,65,107,46.0,54.642887,8.642887
train,65,108,45.0,55.94572,10.945721
train,65,109,44.0,47.083065,3.083065
train,65,110,43.0,55.273014,12.273014
train,65,111,42.0,58.514877,16.514877
train,65,112,41.0,59.172276,18.172276
train,65,113,40.0,52.37772,12.37772
train,65,114,39.0,50.621677,11.621677
train,65,115,38.0,48.7133,10.713299
train,65,116,37.0,48.124348,11.124348
train,65,117,36.0,45.75724,9.75724
train,65,118,35.0,42.758427,7.7584267
train,65,119,34.0,44.885357,10.885357
train,65,120,33.0,46.013878,13.013878
train,65,121,32.0,42.89078,10.890781
train,65,122,31.0,44.51489,13.514889
train,65,123,30.0,38.32032,8.32032
train,65,124,29.0,36.86771,7.86771
train,65,125,28.0,38.58968,10.58968
train,65,126,27.0,38.179058,11.179058
train,65,127,26.0,34.571865,8.571865
train,65,128,25.0,37.60788,12.60788
train,65,129,24.0,36.513874,12.513874
train,65,130,23.0,32.449516,9.449516
train,65,131,22.0,29.460009,7.4600086
train,65,132,21.0,26.79976,5.799761
train,65,133,20.0,27.957376,7.9573765
train,65,134,19.0,23.2009,4.200899
train,65,135,18.0,22.242197,4.242197
train,65,136,17.0,21.730883,4.7308826
train,65,137,16.0,21.870483,5.8704834
train,65,138,15.0,19.96899,4.9689903
train,65,139,14.0,16.269022,2.269022
train,65,140,13.0,14.234657,1.2346573
train,65,141,12.0,15.53355,3.5335503
train,65,142,11.0,14.866106,3.866106
train,65,143,10.0,12.590098,2.5900984
train,65,144,9.0,12.5763645,3.5763645
train,65,145,8.0,10.242999,2.242999
train,65,146,7.0,9.096299,2.0962992
train,65,147,6.0,8.470331,2.4703312
train,65,148,5.0,8.579317,3.579317
train,65,149,4.0,6.99056,2.99056
train,65,150,3.0,6.451834,3.4518342
train,65,151,2.0,4.131352,2.131352
train,65,152,1.0,3.8594952,2.8594952
train,65,153,0.0,3.739192,3.739192
train,66,30,172.0,138.7021,-33.297897
train,66,31,171.0,139.0277,-31.972305
train,66,32,170.0,139.2275,-30.772507
train,66,33,169.0,139.39497,-29.605026
train,66,34,168.0,138.41533,-29.584671
train,66,35,167.0,137.88402,-29.115982
train,66,36,166.0,139.2137,-26.7863
train,66,37,165.0,139.51283,-25.487167
train,66,38,164.0,138.42313,-25.576874
train,66,39,163.0,138.50258,-24.497421
train,66,40,162.0,135.16277,-26.837234
train,66,41,161.0,137.62694,-23.373062
train,66,42,160.0,139.45761,-20.542389
train,66,43,159.0,139.31453,-19.68547
train,66,44,158.0,139.07733,-18.922668
train,66,45,157.0,134.25722,-22.742783
train,66,46,156.0,131.60646,-24.39354
train,66,47,155.0,132.22588,-22.774124
train,66,48,154.0,132.87285,-21.127151
train,66,49,153.0,131.57167,-21.42833
train,66,50,152.0,137.54613,-14.453873
train,66,51,151.0,135.28221,-15.717789
train,66,52,150.0,138.13531,-11.864685
train,66,53,149.0,131.75323,-17.246765
train,66,54,148.0,133.23067,-14.769333
train,66,55,147.0,129.1913,-17.8087
train,66,56,146.0,125.9499,-20.050102
train,66,57,145.0,119.03168,-25.968323
train,66,58,144.0,126.982414,-17.017586
train,66,59,143.0,134.6596,-8.340393
train,66,60,142.0,137.46506,-4.5349426
train,66,61,141.0,127.65925,-13.340752
train,66,62,140.0,135.17918,-4.820816
train,66,63,139.0,135.30357,-3.6964264
train,66,64,138.0,134.34932,-3.6506805
train,66,65,137.0,129.10316,-7.8968353
train,66,66,136.0,135.22864,-0.7713623
train,66,67,135.0,137.68286,2.6828613
train,66,68,134.0,135.37755,1.3775482
train,66,69,133.0,122.93833,-10.061668
train,66,70,132.0,109.166046,-22.833954
train,66,71,131.0,102.42491,-28.575089
train,66,72,130.0,106.20472,-23.79528
train,66,73,129.0,110.252525,-18.747475
train,66,74,128.0,116.58589,-11.414108
train,66,75,127.0,112.48527,-14.514732
train,66,76,126.0,109.23362,-16.76638
train,66,77,125.0,102.24443,-22.75557
train,66,78,124.0,111.519295,-12.480705
train,66,79,123.0,104.641205,-18.358795
train,66,80,122.0,106.71641,-15.283592
train,66,81,121.0,110.291084,-10.708916
train,66,82,120.0,118.91889,-1.0811081
train,66,83,119.0,105.41593,-13.584068
train,66,84,118.0,112.931725,-5.0682755
train,66,85,117.0,121.609245,4.6092453
train,66,86,116.0,113.61147,-2.388527
train,66,87,115.0,105.37684,-9.623161
train,66,88,114.0,106.40907,-7.590927
train,66,89,113.0,102.958305,-10.041695
train,66,90,112.0,104.44623,-7.553772
train,66,91,111.0,102.654976,-8.345024
train,66,92,110.0,102.7071,-7.2929
train,66,93,109.0,101.057365,-7.9426346
train,66,94,108.0,107.46841,-0.5315933
train,66,95,107.0,108.55132,1.5513229
train,66,96,106.0,103.97418,-2.0258179
train,66,97,105.0,98.844925,-6.155075
train,66,98,104.0,93.46845,-10.531548
train,66,99,103.0,84.164055,-18.835945
train,66,100,102.0,88.78254,-13.217461
train,66,101,101.0,92.62797,-8.372032
train,66,102,100.0,91.01844,-8.98156
train,66,103,99.0,95.857834,-3.1421661
train,66,104,98.0,97.71289,-0.28710938
train,66,105,97.0,98.63055,1.6305466
train,66,106,96.0,95.53263,-0.46736908
train,66,107,95.0,99.27487,4.274872
train,66,108,94.0,86.32241,-7.6775894
train,66,109,93.0,88.36231,-4.6376877
train,66,110,92.0,88.5255,-3.4745026
train,66,111,91.0,88.13614,-2.863861
train,66,112,90.0,87.28916,-2.7108383
train,66,113,89.0,86.94262,-2.0573807
train,66,114,88.0,91.7567,3.7566986
train,66,115,87.0,84.06653,-2.9334717
train,66,116,86.0,78.66962,-7.3303833
train,66,117,85.0,85.313416,0.31341553
train,66,118,84.0,80.5915,-3.4085007
train,66,119,83.0,74.05579,-8.944206
train,66,120,82.0,69.183876,-12.816124
train,66,121,81.0,69.98591,-11.0140915
train,66,122,80.0,77.47966,-2.52034
train,66,123,79.0,77.348076,-1.6519241
train,66,124,78.0,69.94276,-8.057243
train,66,125,77.0,71.0033,-5.9966965
train,66,126,76.0,67.161575,-8.838425
train,66,127,75.0,63.076294,-11.923706
train,66,128,74.0,59.48116,-14.518841
train,66,129,73.0,59.99644,-13.003559
train,66,130,72.0,66.952675,-5.047325
train,66,131,71.0,73.2482,2.2481995
train,66,132,70.0,69.42625,-0.57375336
train,66,133,69.0,61.367332,-7.6326675
train,66,134,68.0,60.75359,-7.2464104
train,66,135,67.0,62.785503,-4.2144966
train,66,136,66.0,64.940544,-1.0594559
train,66,137,65.0,65.81748,0.817482
train,66,138,64.0,69.87432,5.874321
train,66,139,63.0,68.011696,5.011696
train,66,140,62.0,69.09051,7.0905075
train,66,141,61.0,65.920235,4.9202347
train,66,142,60.0,67.44818,7.448181
train,66,143,59.0,63.527973,4.527973
train,66,144,58.0,57.557064,-0.44293594
train,66,145,57.0,64.1932,7.193199
train,66,146,56.0,56.22733,0.22732925
train,66,147,55.0,53.779186,-1.2208138
train,66,148,54.0,56.058033,2.058033
train,66,149,53.0,56.48827,3.4882698
train,66,150,52.0,54.059803,2.059803
train,66,151,51.0,52.06762,1.0676193
train,66,152,50.0,50.158268,0.15826797
train,66,153,49.0,48.116886,-0.88311386
train,66,154,48.0,47.08408,-0.91592026
train,66,155,47.0,46.20905,-0.7909508
train,66,156,46.0,44.797104,-1.2028961
train,66,157,45.0,43.058968,-1.9410324
train,66,158,44.0,40.84703,-3.1529694
train,66,159,43.0,40.87674,-2.1232605
train,66,160,42.0,39.889305,-2.110695
train,66,161,41.0,39.93832,-1.0616798
train,66,162,40.0,38.433037,-1.5669632
train,66,163,39.0,37.90876,-1.0912399
train,66,164,38.0,33.68211,-4.31789
train,66,165,37.0,30.80482,-6.195181
train,66,166,36.0,31.863382,-4.1366177
train,66,167,35.0,30.039898,-4.960102
train,66,168,34.0,28.356958,-5.6430416
train,66,169,33.0,28.805244,-4.1947556
train,66,170,32.0,29.274683,-2.725317
train,66,171,31.0,27.812086,-3.187914
train,66,172,30.0,27.497614,-2.502386
train,66,173,29.0,28.00725,-0.99275017
train,66,174,28.0,29.950037,1.950037
train,66,175,27.0,29.15212,2.1521206
train,66,176,26.0,30.323782,4.323782
train,66,177,25.0,26.09223,1.0922298
train,66,178,24.0,25.338953,1.338953
train,66,179,23.0,28.154907,5.154907
train,66,180,22.0,25.172066,3.1720657
train,66,181,21.0,22.923561,1.9235611
train,66,182,20.0,23.067205,3.0672054
train,66,183,19.0,20.098822,1.0988216
train,66,184,18.0,19.780115,1.7801151
train,66,185,17.0,20.363703,3.3637028
train,66,186,16.0,19.933245,3.9332447
train,66,187,15.0,19.267435,4.267435
train,66,188,14.0,17.63231,3.6323109
train,66,189,13.0,15.510591,2.5105906
train,66,190,12.0,14.255582,2.2555819
train,66,191,11.0,10.825094,-0.17490578
train,66,192,10.0,8.155472,-1.8445282
train,66,193,9.0,8.628215,-0.37178516
train,66,194,8.0,7.3099976,-0.69000244
train,66,195,7.0,7.3662777,0.3662777
train,66,196,6.0,6.4118295,0.41182947
train,66,197,5.0,4.8093495,-0.19065046
train,66,198,4.0,4.458329,0.4583292
train,66,199,3.0,3.157402,0.15740204
train,66,200,2.0,3.1601791,1.1601791
train,66,201,1.0,0.8048903,-0.19510972
train,66,202,0.0,1.0072201,1.0072201
train,67,30,283.0,142.06548,-140.93452
train,67,31,282.0,143.22069,-138.77931
train,67,32,281.0,141.60657,-139.39343
train,67,33,280.0,138.98938,-141.01062
train,67,34,279.0,137.68146,-141.31854
train,67,35,278.0,142.87907,-135.12093
train,67,36,277.0,129.73296,-147.26704
train,67,37,276.0,142.11578,-133.88422
train,67,38,275.0,143.1748,-131.8252
train,67,39,274.0,143.50902,-130.49098
train,67,40,273.0,142.45265,-130.54735
train,67,41,272.0,143.93364,-128.06636
train,67,42,271.0,143.98068,-127.01932
train,67,43,270.0,143.93333,-126.066666
train,67,44,269.0,143.97285,-125.027145
train,67,45,268.0,143.80562,-124.19438
train,67,46,267.0,143.56226,-123.437744
train,67,47,266.0,143.17278,-122.827225
train,67,48,265.0,141.8947,-123.1053
train,67,49,264.0,143.49236,-120.507645
train,67,50,263.0,142.5269,-120.4731
train,67,51,262.0,143.606,-118.394
train,67,52,261.0,143.37143,-117.62857
train,67,53,260.0,141.01991,-118.98009
train,67,54,259.0,140.54172,-118.45828
train,67,55,258.0,142.49007,-115.50993
train,67,56,257.0,142.235,-114.765
train,67,57,256.0,142.9217,-113.07829
train,67,58,255.0,142.73933,-112.260666
train,67,59,254.0,143.09087,-110.909134
train,67,60,253.0,142.71855,-110.28145
train,67,61,252.0,142.70673,-109.293274
train,67,62,251.0,95.52133,-155.47867
train,67,63,250.0,106.77241,-143.2276
train,67,64,249.0,119.07676,-129.92325
train,67,65,248.0,122.1233,-125.8767
train,67,66,247.0,127.90925,-119.09075
train,67,67,246.0,131.82713,-114.17287
train,67,68,245.0,142.25708,-102.74292
train,67,69,244.0,143.63448,-100.365524
train,67,70,243.0,142.8095,-100.190506
train,67,71,242.0,142.97029,-99.02971
train,67,72,241.0,143.46323,-97.53677
train,67,73,240.0,143.25648,-96.743515
train,67,74,239.0,142.72774,-96.27226
train,67,75,238.0,143.0786,-94.9214
train,67,76,237.0,143.09038,-93.90962
train,67,77,236.0,143.15915,-92.84085
train,67,78,235.0,143.09203,-91.907974
train,67,79,234.0,142.8022,-91.1978
train,67,80,233.0,142.9536,-90.0464
train,67,81,232.0,143.37764,-88.62236
train,67,82,231.0,142.4796,-88.5204
train,67,83,230.0,143.07748,-86.922516
train,67,84,229.0,143.22803,-85.77197
train,67,85,228.0,141.80931,-86.19069
train,67,86,227.0,143.31244,-83.68756
train,67,87,226.0,143.40863,-82.59137
train,67,88,225.0,143.43587,-81.56413
train,67,89,224.0,143.1172,-80.8828
train,67,90,223.0,143.36438,-79.63562
train,67,91,222.0,143.65025,-78.34975
train,67,92,221.0,143.24165,-77.75835
train,67,93,220.0,142.89761,-77.10239
train,67,94,219.0,143.73856,-75.261444
train,67,95,218.0,142.94815,-75.05185
train,67,96,217.0,142.9416,-74.058395
train,67,97,216.0,143.39276,-72.60724
train,67,98,215.0,143.6348,-71.365204
train,67,99,214.0,143.10004,-70.89996
train,67,100,213.0,143.27678,-69.72322
train,67,101,212.0,143.08403,-68.91597
train,67,102,211.0,142.45424,-68.54576
train,67,103,210.0,142.73174,-67.268265
train,67,104,209.0,143.22067,-65.77933
train,67,105,208.0,143.00154,-64.99846
train,67,106,207.0,143.40343,-63.596573
train,67,107,206.0,142.6522,-63.347794
train,67,108,205.0,141.67422,-63.325775
train,67,109,204.0,138.40334,-65.596664
train,67,110,203.0,135.77998,-67.22002
train,67,111,202.0,141.56543,-60.43457
train,67,112,201.0,141.58044,-59.419556
train,67,113,200.0,141.93985,-58.06015
train,67,114,199.0,143.06764,-55.932358
train,67,115,198.0,139.21788,-58.78212
train,67,116,197.0,142.81438,-54.185623
train,67,117,196.0,139.37184,-56.62816
train,67,118,195.0,137.52846,-57.471542
train,67,119,194.0,136.45866,-57.541336
train,67,120,193.0,129.9887,-63.011307
train,67,121,192.0,128.47783,-63.52217
train,67,122,191.0,114.798485,-76.201515
train,67,123,190.0,118.11036,-71.88964
train,67,124,189.0,122.798515,-66.201485
train,67,125,188.0,112.73283,-75.26717
train,67,126,187.0,117.99152,-69.00848
train,67,127,186.0,120.16022,-65.83978
train,67,128,185.0,133.41026,-51.589737
train,67,129,184.0,101.16037,-82.83963
train,67,130,183.0,118.890465,-64.109535
train,67,131,182.0,130.29037,-51.709625
train,67,132,181.0,91.9188,-89.0812
train,67,133,180.0,116.51282,-63.487183
train,67,134,179.0,128.28047,-50.71953
train,67,135,178.0,132.90747,-45.09253
train,67,136,177.0,137.10625,-39.893753
train,67,137,176.0,142.32259,-33.677414
train,67,138,175.0,140.98016,-34.019836
train,67,139,174.0,142.22974,-31.770264
train,67,140,173.0,142.02565,-30.97435
train,67,141,172.0,141.4843,-30.515701
train,67,142,171.0,139.92787,-31.072128
train,67,143,170.0,141.235,-28.765
train,67,144,169.0,142.04723,-26.952774
train,67,145,168.0,142.2937,-25.706299
train,67,146,167.0,138.7366,-28.263397
train,67,147,166.0,136.10873,-29.891266
train,67,148,165.0,135.83012,-29.169876
train,67,149,164.0,130.70805,-33.291946
train,67,150,163.0,132.41669,-30.583313
train,67,151,162.0,138.48463,-23.515366
train,67,152,161.0,139.48479,-21.515213
train,67,153,160.0,140.86703,-19.132965
train,67,154,159.0,140.72548,-18.27452
train,67,155,158.0,140.87923,-17.120773
train,67,156,157.0,140.93028,-16.069717
train,67,157,156.0,140.66466,-15.335342
train,67,158,155.0,139.74788,-15.252121
train,67,159,154.0,140.58505,-13.4149475
train,67,160,153.0,140.57985,-12.420151
train,67,161,152.0,141.56866,-10.431335
train,67,162,151.0,141.90288,-9.097122
train,67,163,150.0,141.78761,-8.212387
train,67,164,149.0,141.76991,-7.2300873
train,67,165,148.0,142.04854,-5.951462
train,67,166,147.0,139.91832,-7.0816803
train,67,167,146.0,137.92166,-8.078339
train,67,168,145.0,137.79152,-7.208481
train,67,169,144.0,136.99811,-7.001892
train,67,170,143.0,124.25155,-18.748451
train,67,171,142.0,130.29503,-11.704971
train,67,172,141.0,129.85008,-11.149918
train,67,173,140.0,120.1092,-19.8908
train,67,174,139.0,116.09104,-22.908958
train,67,175,138.0,123.13737,-14.862633
train,67,176,137.0,116.61955,-20.380447
train,67,177,136.0,132.22234,-3.7776642
train,67,178,135.0,134.14372,-0.85627747
train,67,179,134.0,118.541794,-15.458206
train,67,180,133.0,136.09955,3.0995483
train,67,181,132.0,134.34673,2.3467255
train,67,182,131.0,132.47215,1.4721527
train,67,183,130.0,127.51125,-2.4887466
train,67,184,129.0,130.10188,1.1018829
train,67,185,128.0,121.408165,-6.591835
train,67,186,127.0,110.97081,-16.02919
train,67,187,126.0,113.65978,-12.340218
train,67,188,125.0,120.131905,-4.8680954
train,67,189,124.0,108.42988,-15.570122
train,67,190,123.0,102.02371,-20.976288
train,67,191,122.0,98.30236,-23.69764
train,67,192,121.0,94.66856,-26.331444
train,67,193,120.0,102.82615,-17.173851
train,67,194,119.0,101.684395,-17.315605
train,67,195,118.0,107.31861,-10.681389
train,67,196,117.0,103.81459,-13.18541
train,67,197,116.0,96.409935,-19.590065
train,67,198,115.0,90.91333,-24.08667
train,67,199,114.0,93.23299,-20.767014
train,67,200,113.0,95.29464,-17.70536
train,67,201,112.0,102.48534,-9.514664
train,67,202,111.0,106.66269,-4.337311
train,67,203,110.0,115.19828,5.1982803
train,67,204,109.0,105.53073,-3.4692688
train,67,205,108.0,102.892265,-5.1077347
train,67,206,107.0,94.238594,-12.761406
train,67,207,106.0,94.87969,-11.120308
train,67,208,105.0,100.12986,-4.87014
train,67,209,104.0,92.26326,-11.73674
train,67,210,103.0,95.56646,-7.4335403
train,67,211,102.0,95.75303,-6.246971
train,67,212,101.0,99.72353,-1.2764664
train,67,213,100.0,102.21979,2.2197876
train,67,214,99.0,102.14184,3.141838
train,67,215,98.0,91.88955,-6.1104507
train,67,216,97.0,95.59516,-1.4048386
train,67,217,96.0,96.369965,0.3699646
train,67,218,95.0,96.53394,1.5339432
train,67,219,94.0,86.36924,-7.63076
train,67,220,93.0,90.07096,-2.929039
train,67,221,92.0,83.71001,-8.289993
train,67,222,91.0,90.77934,-0.22065735
train,67,223,90.0,95.47314,5.473137
train,67,224,89.0,81.18411,-7.8158875
train,67,225,88.0,84.32104,-3.6789627
train,67,226,87.0,91.25401,4.254013
train,67,227,86.0,88.12266,2.1226578
train,67,228,85.0,91.81419,6.8141937
train,67,229,84.0,84.36237,0.36237335
train,67,230,83.0,81.14722,-1.8527832
train,67,231,82.0,81.792755,-0.20724487
train,67,232,81.0,74.857735,-6.1422653
train,67,233,80.0,77.78129,-2.2187119
train,67,234,79.0,77.57486,-1.4251404
train,67,235,78.0,77.52535,-0.47464752
train,67,236,77.0,79.341484,2.341484
train,67,237,76.0,80.75879,4.758789
train,67,238,75.0,80.44161,5.4416122
train,67,239,74.0,73.6984,-0.3015976
train,67,240,73.0,76.881676,3.8816757
train,67,241,72.0,65.0422,-6.957802
train,67,242,71.0,55.645752,-15.354248
train,67,243,70.0,55.304783,-14.695217
train,67,244,69.0,64.80421,-4.195793
train,67,245,68.0,61.38751,-6.6124916
train,67,246,67.0,69.83307,2.8330688
train,67,247,66.0,66.35225,0.35224915
train,67,248,65.0,70.51478,5.514778
train,67,249,64.0,67.82136,3.8213577
train,67,250,63.0,68.696846,5.696846
train,67,251,62.0,64.441986,2.441986
train,67,252,61.0,71.7852,10.785202
train,67,253,60.0,71.025,11.025002
train,67,254,59.0,67.01381,8.013809
train,67,255,58.0,67.93485,9.934853
train,67,256,57.0,64.19179,7.1917877
train,67,257,56.0,66.34899,10.348991
train,67,258,55.0,57.6964,2.6963997
train,67,259,54.0,55.613506,1.6135063
train,67,260,53.0,53.466373,0.46637344
train,67,261,52.0,50.52106,-1.478939
train,67,262,51.0,44.6861,-6.3139
train,67,263,50.0,42.870045,-7.1299553
train,67,264,49.0,39.235744,-9.764256
train,67,265,48.0,43.311375,-4.6886253
train,67,266,47.0,44.88105,-2.11895
train,67,267,46.0,39.653133,-6.3468666
train,67,268,45.0,37.020832,-7.979168
train,67,269,44.0,41.831806,-2.1681938
train,67,270,43.0,42.603157,-0.39684296
train,67,271,42.0,40.698215,-1.3017845
train,67,272,41.0,42.09746,1.0974617
train,67,273,40.0,41.133404,1.1334038
train,67,274,39.0,39.360615,0.36061478
train,67,275,38.0,38.78193,0.781929
train,67,276,37.0,36.82205,-0.17795181
train,67,277,36.0,35.848377,-0.15162277
train,67,278,35.0,32.938923,-2.061077
train,67,279,34.0,32.894096,-1.1059036
train,67,280,33.0,27.246773,-5.753227
train,67,281,32.0,27.915655,-4.084345
train,67,282,31.0,27.946447,-3.0535526
train,67,283,30.0,24.423553,-5.5764465
train,67,284,29.0,22.479366,-6.5206337
train,67,285,28.0,23.323263,-4.676737
train,67,286,27.0,22.975874,-4.024126
train,67,287,26.0,22.54315,-3.45685
train,67,288,25.0,22.124668,-2.8753319
train,67,289,24.0,23.989222,-0.010778427
train,67,290,23.0,26.091166,3.0911655
train,67,291,22.0,24.349192,2.3491917
train,67,292,21.0,24.572294,3.5722942
train,67,293,20.0,22.99011,2.9901104
train,67,294,19.0,19.360102,0.3601017
train,67,295,18.0,20.508886,2.5088863
train,67,296,17.0,18.949352,1.9493523
train,67,297,16.0,17.19958,1.1995792
train,67,298,15.0,16.593273,1.5932732
train,67,299,14.0,15.946797,1.9467974
train,67,300,13.0,13.471501,0.47150135
train,67,301,12.0,10.694474,-1.3055258
train,67,302,11.0,11.931447,0.931447
train,67,303,10.0,11.181184,1.1811838
train,67,304,9.0,10.897294,1.897294
train,67,305,8.0,9.112066,1.1120663
train,67,306,7.0,7.1980443,0.1980443
train,67,307,6.0,7.3154664,1.3154664
train,67,308,5.0,3.8576527,-1.1423473
train,67,309,4.0,2.8158298,-1.1841702
train,67,310,3.0,3.0222316,0.022231579
train,67,311,2.0,3.509799,1.509799
train,67,312,1.0,2.9997344,1.9997344
train,67,313,0.0,2.0404048,2.0404048
train,68,30,169.0,143.03273,-25.96727
train,68,31,168.0,142.99231,-25.00769
train,68,32,167.0,143.12227,-23.877731
train,68,33,166.0,143.16832,-22.83168
train,68,34,165.0,142.38405,-22.615952
train,68,35,164.0,142.8159,-21.184097
train,68,36,163.0,142.64012,-20.359879
train,68,37,162.0,142.48402,-19.515976
train,68,38,161.0,142.371,-18.628998
train,68,39,160.0,143.15779,-16.842209
train,68,40,159.0,142.41771,-16.58229
train,68,41,158.0,142.54622,-15.453781
train,68,42,157.0,143.12135,-13.878647
train,68,43,156.0,143.18968,-12.810318
train,68,44,155.0,141.08055,-13.919449
train,68,45,154.0,140.34917,-13.650833
train,68,46,153.0,137.24406,-15.755936
train,68,47,152.0,137.35558,-14.644424
train,68,48,151.0,142.54085,-8.459152
train,68,49,150.0,142.63405,-7.3659515
train,68,50,149.0,142.94424,-6.0557556
train,68,51,148.0,142.63979,-5.360214
train,68,52,147.0,141.59866,-5.4013367
train,68,53,146.0,141.9423,-4.0576935
train,68,54,145.0,137.33934,-7.66066
train,68,55,144.0,137.83069,-6.1693115
train,68,56,143.0,133.96121,-9.038788
train,68,57,142.0,133.2063,-8.793701
train,68,58,141.0,139.45665,-1.5433502
train,68,59,140.0,140.1373,0.13729858
train,68,60,139.0,139.76456,0.7645569
train,68,61,138.0,142.11131,4.111313
train,68,62,137.0,139.9448,2.9447937
train,68,63,136.0,133.22908,-2.7709198
train,68,64,135.0,127.79991,-7.2000885
train,68,65,134.0,122.26955,-11.7304535
train,68,66,133.0,120.595436,-12.404564
train,68,67,132.0,113.55831,-18.441689
train,68,68,131.0,105.621605,-25.378395
train,68,69,130.0,93.65383,-36.34617
train,68,70,129.0,86.56542,-42.434578
train,68,71,128.0,78.90305,-49.096947
train,68,72,127.0,90.27717,-36.72283
train,68,73,126.0,101.84293,-24.157066
train,68,74,125.0,101.88561,-23.114388
train,68,75,124.0,79.13473,-44.865273
train,68,76,123.0,81.42233,-41.577667
train,68,77,122.0,84.45762,-37.54238
train,68,78,121.0,100.30543,-20.694572
train,68,79,120.0,114.26551,-5.7344894
train,68,80,119.0,118.79709,-0.20291138
train,68,81,118.0,107.04318,-10.956818
train,68,82,117.0,123.34661,6.346611
train,68,83,116.0,133.03622,17.036224
train,68,84,115.0,109.4067,-5.5933
train,68,85,114.0,119.41739,5.417389
train,68,86,113.0,108.635826,-4.364174
train,68,87,112.0,101.44346,-10.556541
train,68,88,111.0,102.32665,-8.673347
train,68,89,110.0,94.65779,-15.342209
train,68,90,109.0,88.7199,-20.280098
train,68,91,108.0,94.68342,-13.316582
train,68,92,107.0,79.06277,-27.937233
train,68,93,106.0,90.414665,-15.585335
train,68,94,105.0,100.126884,-4.8731155
train,68,95,104.0,110.10748,6.107483
train,68,96,103.0,117.73621,14.736214
train,68,97,102.0,109.94607,7.946068
train,68,98,101.0,104.59475,3.5947495
train,68,99,100.0,108.82522,8.825218
train,68,100,99.0,134.30528,35.305283
train,68,101,98.0,135.47908,37.47908
train,68,102,97.0,136.55382,39.553818
train,68,103,96.0,136.81573,40.815735
train,68,104,95.0,133.28574,38.285736
train,68,105,94.0,125.38172,31.381721
train,68,106,93.0,115.19085,22.19085
train,68,107,92.0,112.29427,20.294273
train,68,108,91.0,99.939095,8.939095
train,68,109,90.0,99.53209,9.532089
train,68,110,89.0,96.80215,7.802147
train,68,111,88.0,87.644966,-0.35503387
train,68,112,87.0,84.45568,-2.5443192
train,68,113,86.0,92.80482,6.804817
train,68,114,85.0,83.38955,-1.6104507
train,68,115,84.0,83.99854,-0.0014572144
train,68,116,83.0,78.60994,-4.3900604
train,68,117,82.0,80.45704,-1.5429611
train,68,118,81.0,73.36915,-7.6308517
train,68,119,80.0,73.01954,-6.980461
train,68,120,79.0,67.135704,-11.864296
train,68,121,78.0,75.52975,-2.470253
train,68,122,77.0,65.59764,-11.402359
train,68,123,76.0,85.631676,9.631676
train,68,124,75.0,79.96747,4.9674683
train,68,125,74.0,73.79372,-0.20628357
train,68,126,73.0,80.27836,7.2783585
train,68,127,72.0,77.04958,5.0495834
train,68,128,71.0,78.71656,7.7165604
train,68,129,70.0,72.689674,2.6896744
train,68,130,69.0,79.45632,10.456322
train,68,131,68.0,75.60661,7.606613
train,68,132,67.0,78.16498,11.164978
train,68,133,66.0,76.13926,10.139259
train,68,134,65.0,78.40202,13.402023
train,68,135,64.0,74.76142,10.761421
train,68,136,63.0,68.31595,5.3159485
train,68,137,62.0,63.870083,1.8700829
train,68,138,61.0,56.313023,-4.6869774
train,68,139,60.0,55.715668,-4.2843323
train,68,140,59.0,54.515907,-4.4840927
train,68,141,58.0,56.304115,-1.6958847
train,68,142,57.0,61.03939,4.0393906
train,68,143,56.0,55.281155,-0.71884537
train,68,144,55.0,49.625782,-5.374218
train,68,145,54.0,49.207188,-4.7928123
train,68,146,53.0,40.81058,-12.189419
train,68,147,52.0,52.64365,0.64365005
train,68,148,51.0,49.74181,-1.2581902
train,68,149,50.0,48.866314,-1.1336861
train,68,150,49.0,45.714962,-3.285038
train,68,151,48.0,40.888027,-7.111973
train,68,152,47.0,39.8588,-7.141201
train,68,153,46.0,44.96973,-1.0302696
train,68,154,45.0,39.763844,-5.2361565
train,68,155,44.0,39.96078,-4.039219
train,68,156,43.0,37.16275,-5.8372498
train,68,157,42.0,37.588665,-4.411335
train,68,158,41.0,34.178577,-6.8214226
train,68,159,40.0,35.838123,-4.1618767
train,68,160,39.0,32.216793,-6.783207
train,68,161,38.0,31.219225,-6.780775
train,68,162,37.0,29.168089,-7.831911
train,68,163,36.0,29.511831,-6.4881687
train,68,164,35.0,30.629366,-4.370634
train,68,165,34.0,29.641382,-4.358618
train,68,166,33.0,28.62764,-4.37236
train,68,167,32.0,26.54497,-5.4550304
train,68,168,31.0,24.457842,-6.542158
train,68,169,30.0,25.339096,-4.660904
train,68,170,29.0,24.609867,-4.390133
train,68,171,28.0,24.25574,-3.7442608
train,68,172,27.0,26.723154,-0.27684593
train,68,173,26.0,26.114672,0.11467171
train,68,174,25.0,23.52091,-1.4790897
train,68,175,24.0,24.211245,0.21124458
train,68,176,23.0,21.972057,-1.0279427
train,68,177,22.0,23.905628,1.9056282
train,68,178,21.0,20.924868,-0.07513237
train,68,179,20.0,19.13215,-0.86784935
train,68,180,19.0,18.90639,-0.09361076
train,68,181,18.0,16.329704,-1.6702957
train,68,182,17.0,15.315794,-1.684206
train,68,183,16.0,13.303356,-2.6966438
train,68,184,15.0,11.208762,-3.7912378
train,68,185,14.0,10.729827,-3.270173
train,68,186,13.0,10.164678,-2.8353224
train,68,187,12.0,10.299815,-1.7001848
train,68,188,11.0,7.6345863,-3.3654137
train,68,189,10.0,8.887061,-1.1129389
train,68,190,9.0,7.760171,-1.2398291
train,68,191,8.0,6.397583,-1.602417
train,68,192,7.0,8.471758,1.4717579
train,68,193,6.0,7.1665425,1.1665425
train,68,194,5.0,5.8080964,0.8080964
train,68,195,4.0,5.32052,1.3205199
train,68,196,3.0,5.331457,2.3314571
train,68,197,2.0,4.9780607,2.9780607
train,68,198,1.0,3.3755279,2.3755279
train,68,199,0.0,3.803019,3.803019
train,69,30,332.0,144.65459,-187.34541
train,69,31,331.0,144.90805,-186.09195
train,69,32,330.0,144.65584,-185.34416
train,69,33,329.0,145.03331,-183.96669
train,69,34,328.0,143.83517,-184.16483
train,69,35,327.0,144.40793,-182.59207
train,69,36,326.0,144.8395,-181.1605
train,69,37,325.0,144.89796,-180.10204
train,69,38,324.0,144.9112,-179.0888
train,69,39,323.0,144.39273,-178.60727
train,69,40,322.0,144.8351,-177.1649
train,69,41,321.0,144.86902,-176.13098
train,69,42,320.0,144.87627,-175.12373
train,69,43,319.0,143.70168,-175.29832
train,69,44,318.0,143.92654,-174.07346
train,69,45,317.0,142.26207,-174.73793
train,69,46,316.0,144.66539,-171.33461
train,69,47,315.0,145.01674,-169.98326
train,69,48,314.0,145.06094,-168.93906
train,69,49,313.0,145.12022,-167.87978
train,69,50,312.0,144.66248,-167.33752
train,69,51,311.0,143.43373,-167.56627
train,69,52,310.0,143.3874,-166.6126
train,69,53,309.0,143.885,-165.115
train,69,54,308.0,143.32779,-164.67221
train,69,55,307.0,142.0898,-164.9102
train,69,56,306.0,116.88892,-189.11108
train,69,57,305.0,102.77057,-202.22943
train,69,58,304.0,118.213066,-185.78693
train,69,59,303.0,143.36809,-159.63191
train,69,60,302.0,99.66452,-202.33548
train,69,61,301.0,96.21744,-204.78256
train,69,62,300.0,97.58933,-202.41068
train,69,63,299.0,105.64527,-193.35474
train,69,64,298.0,113.51585,-184.48416
train,69,65,297.0,121.2062,-175.7938
train,69,66,296.0,128.49619,-167.50381
train,69,67,295.0,135.22081,-159.77919
train,69,68,294.0,138.72435,-155.27565
train,69,69,293.0,140.46486,-152.53514
train,69,70,292.0,142.67564,-149.32436
train,69,71,291.0,143.6798,-147.3202
train,69,72,290.0,144.75632,-145.24368
train,69,73,289.0,144.61507,-144.38493
train,69,74,288.0,144.18059,-143.81941
train,69,75,287.0,144.79228,-142.20772
train,69,76,286.0,144.80083,-141.19917
train,69,77,285.0,144.77766,-140.22234
train,69,78,284.0,144.62932,-139.37068
train,69,79,283.0,144.65161,-138.34839
train,69,80,282.0,144.54628,-137.45372
train,69,81,281.0,144.44048,-136.55952
train,69,82,280.0,144.46361,-135.53639
train,69,83,279.0,144.47444,-134.52556
train,69,84,278.0,144.22968,-133.77032
train,69,85,277.0,143.78488,-133.21512
train,69,86,276.0,144.23064,-131.76936
train,69,87,275.0,143.83908,-131.16092
train,69,88,274.0,144.80345,-129.19655
train,69,89,273.0,144.02705,-128.97295
train,69,90,272.0,144.34361,-127.65639
train,69,91,271.0,142.7473,-128.2527
train,69,92,270.0,142.6156,-127.3844
train,69,93,269.0,113.31896,-155.68103
train,69,94,268.0,109.94611,-158.0539
train,69,95,267.0,104.70961,-162.29039
train,69,96,266.0,105.65999,-160.34001
train,69,97,265.0,124.029045,-140.97095
train,69,98,264.0,120.821724,-143.17828
train,69,99,263.0,130.17592,-132.82408
train,69,100,262.0,131.4852,-130.5148
train,69,101,261.0,136.4208,-124.57919
train,69,102,260.0,140.40843,-119.59157
train,69,103,259.0,139.96602,-119.03398
train,69,104,258.0,138.77675,-119.22325
train,69,105,257.0,136.09993,-120.90007
train,69,106,256.0,138.32185,-117.67815
train,69,107,255.0,143.81395,-111.18605
train,69,108,254.0,144.04842,-109.951584
train,69,109,253.0,144.29012,-108.709885
train,69,110,252.0,144.3213,-107.678696
train,69,111,251.0,144.44302,-106.55698
train,69,112,250.0,143.26575,-106.73425
train,69,113,249.0,142.08524,-106.914764
train,69,114,248.0,142.04662,-105.953384
train,69,115,247.0,138.18248,-108.81752
train,69,116,246.0,139.82558,-106.17442
train,69,117,245.0,140.63753,-104.36247
train,69,118,244.0,143.8082,-100.1918
train,69,119,243.0,142.98064,-100.01936
train,69,120,242.0,143.8661,-98.133896
train,69,121,241.0,143.8087,-97.1913
train,69,122,240.0,144.28668,-95.71332
train,69,123,239.0,144.32088,-94.67912
train,69,124,238.0,143.9645,-94.03551
train,69,125,237.0,143.50905,-93.49095
train,69,126,236.0,143.58531,-92.41469
train,69,127,235.0,143.98476,-91.01524
train,69,128,234.0,144.1356,-89.864395
train,69,129,233.0,143.88165,-89.11835
train,69,130,232.0,143.632,-88.368
train,69,131,231.0,142.3142,-88.68581
train,69,132,230.0,143.57811,-86.42189
train,69,133,229.0,142.86809,-86.13191
train,69,134,228.0,143.92915,-84.07085
train,69,135,227.0,144.10449,-82.89551
train,69,136,226.0,143.66954,-82.33046
train,69,137,225.0,143.99872,-81.00128
train,69,138,224.0,144.06544,-79.934555
train,69,139,223.0,144.14305,-78.85695
train,69,140,222.0,140.35329,-81.64671
train,69,141,221.0,135.87935,-85.12065
train,69,142,220.0,133.35774,-86.64226
train,69,143,219.0,138.30675,-80.69325
train,69,144,218.0,134.37325,-83.626755
train,69,145,217.0,137.22589,-79.77411
train,69,146,216.0,141.1406,-74.859406
train,69,147,215.0,143.43025,-71.56975
train,69,148,214.0,143.82431,-70.17569
train,69,149,213.0,141.55615,-71.44385
train,69,150,212.0,138.51021,-73.48979
train,69,151,211.0,121.86618,-89.13382
train,69,152,210.0,139.11772,-70.88228
train,69,153,209.0,138.86742,-70.13258
train,69,154,208.0,143.46843,-64.53157
train,69,155,207.0,142.91252,-64.08748
train,69,156,206.0,141.95457,-64.045425
train,69,157,205.0,143.12012,-61.879883
train,69,158,204.0,143.62155,-60.37845
train,69,159,203.0,143.20174,-59.798264
train,69,160,202.0,143.51427,-58.485733
train,69,161,201.0,142.60622,-58.393784
train,69,162,200.0,143.06297,-56.937027
train,69,163,199.0,140.35364,-58.646362
train,69,164,198.0,140.94252,-57.05748
train,69,165,197.0,141.36104,-55.63896
train,69,166,196.0,138.12111,-57.87889
train,69,167,195.0,119.12501,-75.87499
train,69,168,194.0,124.33457,-69.66543
train,69,169,193.0,126.0575,-66.9425
train,69,170,192.0,119.288246,-72.711754
train,69,171,191.0,140.55705,-50.442947
train,69,172,190.0,129.28003,-60.71997
train,69,173,189.0,141.32541,-47.67459
train,69,174,188.0,142.71132,-45.28868
train,69,175,187.0,143.36186,-43.638138
train,69,176,186.0,142.67506,-43.324936
train,69,177,185.0,142.52727,-42.472733
train,69,178,184.0,142.60748,-41.392517
train,69,179,183.0,142.34209,-40.657913
train,69,180,182.0,142.41202,-39.587982
train,69,181,181.0,142.74461,-38.255386
train,69,182,180.0,143.14684,-36.853165
train,69,183,179.0,143.02007,-35.979935
train,69,184,178.0,143.2343,-34.7657
train,69,185,177.0,142.56337,-34.43663
train,69,186,176.0,143.06535,-32.934647
train,69,187,175.0,141.73106,-33.268936
train,69,188,174.0,141.08247,-32.917526
train,69,189,173.0,141.42235,-31.577652
train,69,190,172.0,142.10237,-29.897629
train,69,191,171.0,137.7814,-33.218597
train,69,192,170.0,128.03691,-41.96309
train,69,193,169.0,111.49856,-57.501442
train,69,194,168.0,116.43336,-51.566643
train,69,195,167.0,108.43067,-58.56933
train,69,196,166.0,118.03773,-47.962273
train,69,197,165.0,113.43336,-51.566643
train,69,198,164.0,107.57498,-56.42502
train,69,199,163.0,97.63819,-65.36181
train,69,200,162.0,114.83256,-47.167442
train,69,201,161.0,118.22698,-42.773018
train,69,202,160.0,120.71908,-39.280922
train,69,203,159.0,123.637726,-35.362274
train,69,204,158.0,124.35882,-33.641182
train,69,205,157.0,138.61638,-18.383621
train,69,206,156.0,142.20406,-13.795944
train,69,207,155.0,141.56877,-13.431229
train,69,208,154.0,139.21562,-14.784378
train,69,209,153.0,136.50822,-16.491776
train,69,210,152.0,134.44762,-17.552383
train,69,211,151.0,136.74341,-14.256592
train,69,212,150.0,137.69092,-12.309082
train,69,213,149.0,139.5958,-9.404205
train,69,214,148.0,137.8365,-10.163498
train,69,215,147.0,132.80803,-14.191971
train,69,216,146.0,134.19661,-11.8033905
train,69,217,145.0,120.459526,-24.540474
train,69,218,144.0,110.49894,-33.50106
train,69,219,143.0,122.1259,-20.8741
train,69,220,142.0,140.56775,-1.432251
train,69,221,141.0,110.60699,-30.393013
train,69,222,140.0,111.70632,-28.293678
train,69,223,139.0,121.77358,-17.226418
train,69,224,138.0,137.5642,-0.43580627
train,69,225,137.0,142.11653,5.1165314
train,69,226,136.0,141.71913,5.7191315
train,69,227,135.0,142.02031,7.0203094
train,69,228,134.0,142.15205,8.152054
train,69,229,133.0,139.98178,6.981781
train,69,230,132.0,141.72987,9.729874
train,69,231,131.0,138.33595,7.3359528
train,69,232,130.0,139.4167,9.416702
train,69,233,129.0,138.762,9.761993
train,69,234,128.0,137.87593,9.875931
train,69,235,127.0,131.74403,4.744034
train,69,236,126.0,136.65016,10.650162
train,69,237,125.0,138.14868,13.148682
train,69,238,124.0,134.74217,10.742172
train,69,239,123.0,129.43044,6.430435
train,69,240,122.0,106.32866,-15.671341
train,69,241,121.0,103.72033,-17.27967
train,69,242,120.0,89.7689,-30.231102
train,69,243,119.0,88.633095,-30.366905
train,69,244,118.0,95.93854,-22.061462
train,69,245,117.0,102.895744,-14.104256
train,69,246,116.0,102.447205,-13.552795
train,69,247,115.0,103.64488,-11.355118
train,69,248,114.0,112.902534,-1.0974655
train,69,249,113.0,117.93568,4.9356766
train,69,250,112.0,106.67792,-5.3220825
train,69,251,111.0,92.65604,-18.343964
train,69,252,110.0,89.41421,-20.585793
train,69,253,109.0,93.86944,-15.130562
train,69,254,108.0,98.218666,-9.781334
train,69,255,107.0,102.19082,-4.809181
train,69,256,106.0,95.318634,-10.681366
train,69,257,105.0,84.83869,-20.161308
train,69,258,104.0,89.98922,-14.01078
train,69,259,103.0,79.283,-23.717003
train,69,260,102.0,87.78791,-14.21209
train,69,261,101.0,95.60896,-5.391037
train,69,262,100.0,98.7179,-1.2820969
train,69,263,99.0,98.65157,-0.34842682
train,69,264,98.0,95.45699,-2.543007
train,69,265,97.0,91.50427,-5.4957275
train,69,266,96.0,95.42549,-0.57450867
train,69,267,95.0,89.02187,-5.9781265
train,69,268,94.0,96.22477,2.2247696
train,69,269,93.0,96.03828,3.0382767
train,69,270,92.0,79.148705,-12.851295
train,69,271,91.0,85.85444,-5.145561
train,69,272,90.0,80.16096,-9.839043
train,69,273,89.0,81.55234,-7.4476624
train,69,274,88.0,82.13548,-5.864517
train,69,275,87.0,84.32465,-2.6753464
train,69,276,86.0,76.21024,-9.789757
train,69,277,85.0,70.72723,-14.272774
train,69,278,84.0,71.50829,-12.491707
train,69,279,83.0,71.71,-11.290001
train,69,280,82.0,78.24708,-3.752922
train,69,281,81.0,82.00797,1.0079727
train,69,282,80.0,87.198586,7.1985855
train,69,283,79.0,84.28741,5.287407
train,69,284,78.0,81.996506,3.9965057
train,69,285,77.0,79.975174,2.975174
train,69,286,76.0,75.363655,-0.6363449
train,69,287,75.0,68.60551,-6.394493
train,69,288,74.0,60.443848,-13.556152
train,69,289,73.0,64.52397,-8.476028
train,69,290,72.0,76.95118,4.9511795
train,69,291,71.0,73.322105,2.3221054
train,69,292,70.0,68.45745,-1.5425491
train,69,293,69.0,65.592064,-3.407936
train,69,294,68.0,56.149612,-11.850388
train,69,295,67.0,53.94428,-13.055721
train,69,296,66.0,54.258392,-11.741608
train,69,297,65.0,54.28068,-10.719318
train,69,298,64.0,53.89366,-10.1063385
train,69,299,63.0,49.991455,-13.008545
train,69,300,62.0,48.010647,-13.989353
train,69,301,61.0,51.77689,-9.22311
train,69,302,60.0,52.772404,-7.2275963
train,69,303,59.0,52.73461,-6.2653885
train,69,304,58.0,50.98679,-7.0132103
train,69,305,57.0,54.862236,-2.137764
train,69,306,56.0,53.828697,-2.1713028
train,69,307,55.0,59.786503,4.786503
train,69,308,54.0,56.68284,2.6828384
train,69,309,53.0,54.180992,1.1809921
train,69,310,52.0,53.72028,1.7202797
train,69,311,51.0,50.982452,-0.017547607
train,69,312,50.0,43.029472,-6.9705276
train,69,313,49.0,38.727577,-10.272423
train,69,314,48.0,39.63191,-8.368092
train,69,315,47.0,34.203953,-12.796047
train,69,316,46.0,32.38958,-13.61042
train,69,317,45.0,32.136307,-12.863693
train,69,318,44.0,36.673237,-7.326763
train,69,319,43.0,35.83447,-7.165531
train,69,320,42.0,33.92507,-8.074928
train,69,321,41.0,32.284218,-8.715782
train,69,322,40.0,30.47341,-9.52659
train,69,323,39.0,28.659811,-10.340189
train,69,324,38.0,24.85443,-13.145571
train,69,325,37.0,28.594345,-8.405655
train,69,326,36.0,27.3528,-8.6472
train,69,327,35.0,28.281776,-6.7182236
train,69,328,34.0,29.852358,-4.147642
train,69,329,33.0,30.131601,-2.8683987
train,69,330,32.0,27.850763,-4.1492367
train,69,331,31.0,27.97644,-3.0235596
train,69,332,30.0,24.676653,-5.323347
train,69,333,29.0,23.983469,-5.016531
train,69,334,28.0,22.356333,-5.643667
train,69,335,27.0,23.389584,-3.6104164
train,69,336,26.0,21.956423,-4.043577
train,69,337,25.0,23.442179,-1.5578213
train,69,338,24.0,22.461557,-1.5384426
train,69,339,23.0,22.890268,-0.109731674
train,69,340,22.0,17.408432,-4.591568
train,69,341,21.0,16.923267,-4.0767326
train,69,342,20.0,16.087992,-3.9120083
train,69,343,19.0,14.108825,-4.8911753
train,69,344,18.0,11.996394,-6.003606
train,69,345,17.0,10.848841,-6.1511593
train,69,346,16.0,12.902063,-3.0979366
train,69,347,15.0,10.873769,-4.126231
train,69,348,14.0,8.699586,-5.300414
train,69,349,13.0,8.641932,-4.3580685
train,69,350,12.0,7.3955503,-4.6044497
train,69,351,11.0,5.408375,-5.591625
train,69,352,10.0,5.530072,-4.469928
train,69,353,9.0,6.303071,-2.696929
train,69,354,8.0,5.7428217,-2.2571783
train,69,355,7.0,4.109927,-2.8900728
train,69,356,6.0,3.369639,-2.630361
train,69,357,5.0,1.8822557,-3.1177444
train,69,358,4.0,2.237677,-1.7623229
train,69,359,3.0,1.6918399,-1.3081601
train,69,360,2.0,0.73977613,-1.2602239
train,69,361,1.0,1.3035984,0.3035984
train,69,362,0.0,0.036059022,0.036059022
train,70,30,107.0,141.28777,34.287766
train,70,31,106.0,123.539635,17.539635
train,70,32,105.0,124.51791,19.517906
train,70,33,104.0,122.45106,18.451057
train,70,34,103.0,119.46093,16.46093
train,70,35,102.0,124.245056,22.245056
train,70,36,101.0,137.56932,36.56932
train,70,37,100.0,143.10216,43.102158
train,70,38,99.0,141.8502,42.850204
train,70,39,98.0,140.44203,42.44203
train,70,40,97.0,143.0197,46.0197
train,70,41,96.0,143.19191,47.19191
train,70,42,95.0,143.45232,48.452316
train,70,43,94.0,137.00124,43.001236
train,70,44,93.0,142.20805,49.208054
train,70,45,92.0,142.185,50.184998
train,70,46,91.0,141.98627,50.986267
train,70,47,90.0,116.3581,26.3581
train,70,48,89.0,119.78379,30.78379
train,70,49,88.0,104.43961,16.439613
train,70,50,87.0,142.90056,55.90056
train,70,51,86.0,142.09244,56.092438
train,70,52,85.0,102.80932,17.809319
train,70,53,84.0,84.45325,0.45324707
train,70,54,83.0,82.36265,-0.637352
train,70,55,82.0,86.02533,4.0253296
train,70,56,81.0,79.97816,-1.021843
train,70,57,80.0,78.394035,-1.6059647
train,70,58,79.0,63.02953,-15.97047
train,70,59,78.0,70.48469,-7.515312
train,70,60,77.0,74.55412,-2.445877
train,70,61,76.0,85.742165,9.742165
train,70,62,75.0,85.69671,10.696709
train,70,63,74.0,86.568855,12.568855
train,70,64,73.0,80.16279,7.1627884
train,70,65,72.0,86.112,14.1119995
train,70,66,71.0,84.11852,13.118523
train,70,67,70.0,82.52188,12.521881
train,70,68,69.0,77.44084,8.440842
train,70,69,68.0,79.180046,11.180046
train,70,70,67.0,70.66265,3.662651
train,70,71,66.0,70.75826,4.7582626
train,70,72,65.0,65.39547,0.39546967
train,70,73,64.0,66.09184,2.0918427
train,70,74,63.0,68.29672,5.2967224
train,70,75,62.0,68.73257,6.732567
train,70,76,61.0,69.73536,8.735359
train,70,77,60.0,66.05266,6.052658
train,70,78,59.0,67.12104,8.12104
train,70,79,58.0,69.452,11.4520035
train,70,80,57.0,70.86944,13.869438
train,70,81,56.0,64.6415,8.641502
train,70,82,55.0,58.99364,3.993641
train,70,83,54.0,61.99361,7.9936104
train,70,84,53.0,60.036385,7.0363846
train,70,85,52.0,65.03399,13.033989
train,70,86,51.0,75.2205,24.220497
train,70,87,50.0,74.66792,24.667923
train,70,88,49.0,64.4257,15.425697
train,70,89,48.0,70.1861,22.186096
train,70,90,47.0,61.949554,14.949554
train,70,91,46.0,58.776833,12.776833
train,70,92,45.0,52.80382,7.8038216
train,70,93,44.0,47.549183,3.549183
train,70,94,43.0,46.3549,3.3549004
train,70,95,42.0,51.42302,9.423019
train,70,96,41.0,46.884865,5.884865
train,70,97,40.0,42.749474,2.7494736
train,70,98,39.0,39.29521,0.2952118
train,70,99,38.0,41.59683,3.5968285
train,70,100,37.0,36.942062,-0.057937622
train,70,101,36.0,35.357513,-0.6424866
train,70,102,35.0,34.92102,-0.07897949
train,70,103,34.0,31.98755,-2.0124493
train,70,104,33.0,32.35956,-0.6404419
train,70,105,32.0,32.662598,0.66259766
train,70,106,31.0,35.602333,4.602333
train,70,107,30.0,32.092754,2.0927544
train,70,108,29.0,30.273054,1.2730541
train,70,109,28.0,28.464096,0.46409607
train,70,110,27.0,25.469938,-1.5300617
train,70,111,26.0,26.613916,0.6139164
train,70,112,25.0,23.698587,-1.3014126
train,70,113,24.0,20.92455,-3.075451
train,70,114,23.0,19.366354,-3.633646
train,70,115,22.0,18.566643,-3.4333572
train,70,116,21.0,20.36278,-0.6372204
train,70,117,20.0,18.229307,-1.7706928
train,70,118,19.0,20.389524,1.3895245
train,70,119,18.0,20.526327,2.5263271
train,70,120,17.0,18.345442,1.3454418
train,70,121,16.0,15.973063,-0.026936531
train,70,122,15.0,17.400993,2.4009933
train,70,123,14.0,15.377061,1.3770609
train,70,124,13.0,13.754199,0.754199
train,70,125,12.0,12.435416,0.43541622
train,70,126,11.0,12.567742,1.5677423
train,70,127,10.0,12.78596,2.7859602
train,70,128,9.0,13.144399,4.1443987
train,70,129,8.0,11.733806,3.7338057
train,70,130,7.0,8.943879,1.9438791
train,70,131,6.0,6.724587,0.72458696
train,70,132,5.0,6.773075,1.7730751
train,70,133,4.0,7.129913,3.1299129
train,70,134,3.0,5.7019043,2.7019043
train,70,135,2.0,4.672361,2.672361
train,70,136,1.0,2.3417854,1.3417854
train,70,137,0.0,2.8951998,2.8951998
train,71,30,178.0,143.34727,-34.652725
train,71,31,177.0,143.13326,-33.866745
train,71,32,176.0,143.07906,-32.920944
train,71,33,175.0,143.17,-31.830002
train,71,34,174.0,143.25514,-30.744858
train,71,35,173.0,143.39589,-29.60411
train,71,36,172.0,143.20323,-28.796768
train,71,37,171.0,143.16531,-27.834686
train,71,38,170.0,142.39674,-27.603256
train,71,39,169.0,143.24506,-25.754944
train,71,40,168.0,142.83607,-25.163925
train,71,41,167.0,141.52133,-25.478668
train,71,42,166.0,140.28282,-25.717178
train,71,43,165.0,140.35814,-24.641861
train,71,44,164.0,141.91432,-22.085678
train,71,45,163.0,140.55733,-22.442673
train,71,46,162.0,142.71747,-19.282532
train,71,47,161.0,141.73367,-19.266327
train,71,48,160.0,141.63478,-18.36522
train,71,49,159.0,142.94542,-16.05458
train,71,50,158.0,143.03883,-14.961166
train,71,51,157.0,142.77592,-14.224075
train,71,52,156.0,142.24388,-13.756119
train,71,53,155.0,142.62187,-12.378128
train,71,54,154.0,142.99062,-11.009384
train,71,55,153.0,142.89626,-10.1037445
train,71,56,152.0,142.8816,-9.118393
train,71,57,151.0,142.70082,-8.299179
train,71,58,150.0,142.79338,-7.2066193
train,71,59,149.0,142.56284,-6.4371643
train,71,60,148.0,142.8672,-5.1327972
train,71,61,147.0,143.11201,-3.8879852
train,71,62,146.0,142.85336,-3.146637
train,71,63,145.0,142.718,-2.2819977
train,71,64,144.0,143.30104,-0.69895935
train,71,65,143.0,143.12578,0.1257782
train,71,66,142.0,142.98384,0.98384094
train,71,67,141.0,143.1123,2.1123047
train,71,68,140.0,143.16469,3.164688
train,71,69,139.0,142.76625,3.7662506
train,71,70,138.0,143.23636,5.2363586
train,71,71,137.0,143.05644,6.0564423
train,71,72,136.0,142.5157,6.5157013
train,71,73,135.0,142.5178,7.517807
train,71,74,134.0,142.58855,8.588547
train,71,75,133.0,141.56621,8.566208
train,71,76,132.0,139.4208,7.420807
train,71,77,131.0,141.16347,10.163467
train,71,78,130.0,140.9303,10.930298
train,71,79,129.0,141.48772,12.487717
train,71,80,128.0,141.05766,13.057663
train,71,81,127.0,139.22755,12.227554
train,71,82,126.0,135.18286,9.182861
train,71,83,125.0,128.23898,3.2389832
train,71,84,124.0,113.43051,-10.569489
train,71,85,123.0,83.29539,-39.704613
train,71,86,122.0,71.08141,-50.918587
train,71,87,121.0,72.43369,-48.566307
train,71,88,120.0,78.24772,-41.75228
train,71,89,119.0,98.772285,-20.227715
train,71,90,118.0,119.56588,1.5658798
train,71,91,117.0,130.65936,13.659363
train,71,92,116.0,134.32185,18.321854
train,71,93,115.0,118.10563,3.105629
train,71,94,114.0,116.10954,2.1095428
train,71,95,113.0,116.7653,3.765297
train,71,96,112.0,115.18748,3.187477
train,71,97,111.0,115.772484,4.772484
train,71,98,110.0,113.47051,3.4705124
train,71,99,109.0,114.12132,5.1213226
train,71,100,108.0,134.85515,26.855148
train,71,101,107.0,139.91862,32.918625
train,71,102,106.0,141.78777,35.787766
train,71,103,105.0,141.87872,36.878723
train,71,104,104.0,141.67671,37.676712
train,71,105,103.0,141.17123,38.171234
train,71,106,102.0,142.03223,40.032227
train,71,107,101.0,140.56728,39.567276
train,71,108,100.0,141.69893,41.69893
train,71,109,99.0,141.54752,42.547516
train,71,110,98.0,141.29245,43.29245
train,71,111,97.0,141.81313,44.813126
train,71,112,96.0,141.95786,45.957855
train,71,113,95.0,140.80077,45.800766
train,71,114,94.0,139.79012,45.790115
train,71,115,93.0,134.91917,41.919174
train,71,116,92.0,127.320015,35.320015
train,71,117,91.0,125.52856,34.528557
train,71,118,90.0,119.87432,29.874321
train,71,119,89.0,108.21197,19.211967
train,71,120,88.0,104.465294,16.465294
train,71,121,87.0,87.31718,0.31717682
train,71,122,86.0,96.116356,10.116356
train,71,123,85.0,78.53074,-6.469261
train,71,124,84.0,80.480415,-3.5195847
train,71,125,83.0,83.49684,0.49684143
train,71,126,82.0,78.36189,-3.6381073
train,71,127,81.0,71.38892,-9.611076
train,71,128,80.0,62.32886,-17.671139
train,71,129,79.0,62.49452,-16.505482
train,71,130,78.0,71.37381,-6.62619
train,71,131,77.0,78.222786,1.222786
train,71,132,76.0,83.07441,7.0744095
train,71,133,75.0,70.03683,-4.963173
train,71,134,74.0,75.69871,1.6987076
train,71,135,73.0,79.66836,6.668358
train,71,136,72.0,85.58883,13.588829
train,71,137,71.0,69.8915,-1.1084976
train,71,138,70.0,65.149574,-4.8504257
train,71,139,69.0,69.590645,0.59064484
train,71,140,68.0,76.59462,8.59462
train,71,141,67.0,69.522804,2.5228043
train,71,142,66.0,81.20249,15.202492
train,71,143,65.0,70.3371,5.337097
train,71,144,64.0,78.49439,14.494392
train,71,145,63.0,81.3167,18.316704
train,71,146,62.0,82.37354,20.373543
train,71,147,61.0,71.667336,10.6673355
train,71,148,60.0,67.80401,7.8040085
train,71,149,59.0,65.80073,6.800728
train,71,150,58.0,69.53753,11.537529
train,71,151,57.0,67.64037,10.640373
train,71,152,56.0,64.72636,8.7263565
train,71,153,55.0,57.473034,2.473034
train,71,154,54.0,50.175755,-3.8242455
train,71,155,53.0,41.797817,-11.202183
train,71,156,52.0,43.146626,-8.8533745
train,71,157,51.0,42.82434,-8.175659
train,71,158,50.0,39.229515,-10.770485
train,71,159,49.0,39.354595,-9.645405
train,71,160,48.0,39.675663,-8.324337
train,71,161,47.0,47.67342,0.67341995
train,71,162,46.0,51.516438,5.5164375
train,71,163,45.0,45.637012,0.6370125
train,71,164,44.0,51.805252,7.805252
train,71,165,43.0,44.373165,1.3731651
train,71,166,42.0,42.123898,0.12389755
train,71,167,41.0,37.66674,-3.3332596
train,71,168,40.0,35.134686,-4.8653145
train,71,169,39.0,36.04335,-2.9566498
train,71,170,38.0,40.607082,2.6070824
train,71,171,37.0,35.52943,-1.4705696
train,71,172,36.0,39.780663,3.7806625
train,71,173,35.0,33.38429,-1.6157112
train,71,174,34.0,34.23375,0.23374939
train,71,175,33.0,31.631275,-1.3687248
train,71,176,32.0,31.467505,-0.5324955
train,71,177,31.0,30.46905,-0.53095055
train,71,178,30.0,30.512732,0.51273155
train,71,179,29.0,28.120619,-0.8793812
train,71,180,28.0,22.998095,-5.0019054
train,71,181,27.0,25.315493,-1.6845074
train,71,182,26.0,20.91266,-5.0873394
train,71,183,25.0,20.581076,-4.4189243
train,71,184,24.0,22.965078,-1.0349216
train,71,185,23.0,21.723768,-1.2762318
train,71,186,22.0,23.909262,1.9092617
train,71,187,21.0,24.89195,3.8919506
train,71,188,20.0,22.066492,2.066492
train,71,189,19.0,22.558027,3.5580273
train,71,190,18.0,19.852764,1.8527641
train,71,191,17.0,15.96789,-1.0321102
train,71,192,16.0,15.648311,-0.35168934
train,71,193,15.0,16.018543,1.0185432
train,71,194,14.0,15.597225,1.5972252
train,71,195,13.0,15.412052,2.4120522
train,71,196,12.0,14.041794,2.0417938
train,71,197,11.0,13.455556,2.455556
train,71,198,10.0,12.9471035,2.9471035
train,71,199,9.0,11.486251,2.4862509
train,71,200,8.0,10.123972,2.123972
train,71,201,7.0,7.4885664,0.4885664
train,71,202,6.0,6.349948,0.34994793
train,71,203,5.0,5.20533,0.2053299
train,71,204,4.0,4.742258,0.7422581
train,71,205,3.0,5.000369,2.000369
train,71,206,2.0,3.6441545,1.6441545
train,71,207,1.0,3.5573068,2.5573068
train,71,208,0.0,3.343268,3.343268
train,73,30,183.0,139.92677,-43.073227
train,73,31,182.0,140.79683,-41.20317
train,73,32,181.0,141.32764,-39.672363
train,73,33,180.0,141.82886,-38.171143
train,73,34,179.0,142.10463,-36.89537
train,73,35,178.0,142.17738,-35.822617
train,73,36,177.0,142.09918,-34.900818
train,73,37,176.0,141.21677,-34.783234
train,73,38,175.0,140.4845,-34.515503
train,73,39,174.0,141.24672,-32.75328
train,73,40,173.0,141.59961,-31.40039
train,73,41,172.0,140.98338,-31.016617
train,73,42,171.0,141.48639,-29.51361
train,73,43,170.0,141.30519,-28.694809
train,73,44,169.0,141.50179,-27.498215
train,73,45,168.0,140.29012,-27.709885
train,73,46,167.0,141.1343,-25.865707
train,73,47,166.0,141.46669,-24.53331
train,73,48,165.0,140.66017,-24.339828
train,73,49,164.0,141.7704,-22.229599
train,73,50,163.0,141.46527,-21.534729
train,73,51,162.0,141.41525,-20.584747
train,73,52,161.0,141.87286,-19.127136
train,73,53,160.0,138.76547,-21.234528
train,73,54,159.0,129.14789,-29.852112
train,73,55,158.0,110.76824,-47.23176
train,73,56,157.0,105.48644,-51.513557
train,73,57,156.0,97.947426,-58.052574
train,73,58,155.0,99.38921,-55.610786
train,73,59,154.0,100.93966,-53.06034
train,73,60,153.0,102.85372,-50.14628
train,73,61,152.0,112.603195,-39.396805
train,73,62,151.0,110.41144,-40.588562
train,73,63,150.0,109.100624,-40.899376
train,73,64,149.0,112.472786,-36.527214
train,73,65,148.0,103.4504,-44.5496
train,73,66,147.0,100.35223,-46.647774
train,73,67,146.0,103.92151,-42.07849
train,73,68,145.0,107.452896,-37.547104
train,73,69,144.0,121.00469,-22.995308
train,73,70,143.0,125.74383,-17.256172
train,73,71,142.0,129.0157,-12.984299
train,73,72,141.0,133.51765,-7.4823456
train,73,73,140.0,131.44829,-8.551712
train,73,74,139.0,119.29824,-19.70176
train,73,75,138.0,114.89564,-23.104362
train,73,76,137.0,115.510796,-21.489204
train,73,77,136.0,101.8453,-34.1547
train,73,78,135.0,101.943756,-33.056244
train,73,79,134.0,112.17321,-21.82679
train,73,80,133.0,126.09629,-6.9037094
train,73,81,132.0,129.26532,-2.7346802
train,73,82,131.0,127.090034,-3.9099655
train,73,83,130.0,124.350235,-5.649765
train,73,84,129.0,126.21812,-2.7818832
train,73,85,128.0,111.86659,-16.133408
train,73,86,127.0,125.17987,-1.8201294
train,73,87,126.0,121.1374,-4.862602
train,73,88,125.0,112.57542,-12.424583
train,73,89,124.0,104.805504,-19.194496
train,73,90,123.0,104.01416,-18.98584
train,73,91,122.0,104.5356,-17.464401
train,73,92,121.0,96.679016,-24.320984
train,73,93,120.0,101.77438,-18.225616
train,73,94,119.0,93.31614,-25.68386
train,73,95,118.0,94.07047,-23.929527
train,73,96,117.0,93.60557,-23.394432
train,73,97,116.0,96.39147,-19.608528
train,73,98,115.0,97.64064,-17.35936
train,73,99,114.0,97.20765,-16.79235
train,73,100,113.0,92.38506,-20.614937
train,73,101,112.0,84.310844,-27.689156
train,73,102,111.0,91.37188,-19.62812
train,73,103,110.0,85.15651,-24.84349
train,73,104,109.0,87.40405,-21.595947
train,73,105,108.0,86.61451,-21.38549
train,73,106,107.0,80.860565,-26.139435
train,73,107,106.0,81.98223,-24.017769
train,73,108,105.0,88.74627,-16.25373
train,73,109,104.0,91.39238,-12.60762
train,73,110,103.0,91.82261,-11.177391
train,73,111,102.0,92.03503,-9.964973
train,73,112,101.0,95.18496,-5.8150406
train,73,113,100.0,91.15995,-8.84005
train,73,114,99.0,84.026535,-14.973465
train,73,115,98.0,75.7183,-22.2817
train,73,116,97.0,76.79006,-20.209938
train,73,117,96.0,70.388115,-25.611885
train,73,118,95.0,76.34094,-18.659058
train,73,119,94.0,72.47012,-21.529877
train,73,120,93.0,64.982475,-28.017525
train,73,121,92.0,65.17057,-26.82943
train,73,122,91.0,70.45233,-20.547668
train,73,123,90.0,69.97657,-20.02343
train,73,124,89.0,75.69859,-13.301407
train,73,125,88.0,82.0538,-5.9461975
train,73,126,87.0,87.53806,0.53806305
train,73,127,86.0,84.30001,-1.6999893
train,73,128,85.0,82.928055,-2.0719452
train,73,129,84.0,74.08431,-9.915688
train,73,130,83.0,74.092415,-8.907585
train,73,131,82.0,68.137794,-13.8622055
train,73,132,81.0,63.328983,-17.671017
train,73,133,80.0,61.783817,-18.216183
train,73,134,79.0,66.097664,-12.902336
train,73,135,78.0,66.39219,-11.607811
train,73,136,77.0,67.8751,-9.124901
train,73,137,76.0,63.676426,-12.323574
train,73,138,75.0,70.294014,-4.705986
train,73,139,74.0,71.21091,-2.789093
train,73,140,73.0,65.29063,-7.7093735
train,73,141,72.0,71.097885,-0.90211487
train,73,142,71.0,63.694447,-7.3055534
train,73,143,70.0,66.58499,-3.4150085
train,73,144,69.0,60.59566,-8.404339
train,73,145,68.0,59.90778,-8.09222
train,73,146,67.0,58.70049,-8.299511
train,73,147,66.0,55.917366,-10.082634
train,73,148,65.0,55.870487,-9.129513
train,73,149,64.0,57.330524,-6.6694756
train,73,150,63.0,57.034725,-5.965275
train,73,151,62.0,57.289005,-4.7109947
train,73,152,61.0,56.6494,-4.350601
train,73,153,60.0,52.49081,-7.5091896
train,73,154,59.0,59.277485,0.2774849
train,73,155,58.0,56.157536,-1.8424644
train,73,156,57.0,50.623226,-6.376774
train,73,157,56.0,51.1054,-4.8946
train,73,158,55.0,48.06719,-6.9328117
train,73,159,54.0,49.012074,-4.9879265
train,73,160,53.0,49.65513,-3.3448715
train,73,161,52.0,45.39824,-6.601761
train,73,162,51.0,47.06543,-3.9345703
train,73,163,50.0,44.297657,-5.702343
train,73,164,49.0,42.207386,-6.792614
train,73,165,48.0,44.453995,-3.5460052
train,73,166,47.0,41.664974,-5.335026
train,73,167,46.0,38.34933,-7.650669
train,73,168,45.0,36.859337,-8.140663
train,73,169,44.0,31.708868,-12.291132
train,73,170,43.0,31.965517,-11.034483
train,73,171,42.0,29.863348,-12.136652
train,73,172,41.0,25.4947,-15.5053005
train,73,173,40.0,28.948437,-11.051563
train,73,174,39.0,29.245806,-9.754194
train,73,175,38.0,27.83867,-10.161329
train,73,176,37.0,27.979256,-9.020744
train,73,177,36.0,28.22761,-7.7723904
train,73,178,35.0,26.732544,-8.267456
train,73,179,34.0,23.96899,-10.03101
train,73,180,33.0,23.515152,-9.484848
train,73,181,32.0,23.489243,-8.510757
train,73,182,31.0,24.108545,-6.8914547
train,73,183,30.0,23.378756,-6.6212444
train,73,184,29.0,22.433374,-6.5666256
train,73,185,28.0,24.038073,-3.9619274
train,73,186,27.0,26.246752,-0.7532482
train,73,187,26.0,25.299915,-0.7000847
train,73,188,25.0,26.620737,1.6207371
train,73,189,24.0,25.702707,1.7027073
train,73,190,23.0,26.223825,3.2238255
train,73,191,22.0,24.51017,2.51017
train,73,192,21.0,25.257269,4.257269
train,73,193,20.0,20.466242,0.46624184
train,73,194,19.0,18.061754,-0.9382458
train,73,195,18.0,17.406834,-0.59316635
train,73,196,17.0,16.49878,-0.5012207
train,73,197,16.0,14.499737,-1.5002632
train,73,198,15.0,15.953338,0.95333767
train,73,199,14.0,13.70454,-0.29545975
train,73,200,13.0,11.708318,-1.2916822
train,73,201,12.0,12.097176,0.0971756
train,73,202,11.0,9.802923,-1.1970768
train,73,203,10.0,8.2551775,-1.7448225
train,73,204,9.0,6.60099,-2.3990102
train,73,205,8.0,6.5438366,-1.4561634
train,73,206,7.0,5.627638,-1.3723621
train,73,207,6.0,5.0728903,-0.9271097
train,73,208,5.0,2.7598572,-2.2401428
train,73,209,4.0,1.9883355,-2.0116644
train,73,210,3.0,2.7753353,-0.22466469
train,73,211,2.0,1.5087575,-0.49124253
train,73,212,1.0,0.51043403,-0.48956597
train,73,213,0.0,0.4780923,0.4780923
train,74,30,136.0,142.47217,6.472168
train,74,31,135.0,145.11223,10.112228
train,74,32,134.0,144.03082,10.030823
train,74,33,133.0,144.24713,11.247131
train,74,34,132.0,143.95879,11.958786
train,74,35,131.0,143.35266,12.352661
train,74,36,130.0,144.0378,14.037796
train,74,37,129.0,142.88791,13.887909
train,74,38,128.0,132.39482,4.394821
train,74,39,127.0,118.19343,-8.806572
train,74,40,126.0,112.603386,-13.396614
train,74,41,125.0,107.54341,-17.456589
train,74,42,124.0,113.53191,-10.468086
train,74,43,123.0,114.43811,-8.56189
train,74,44,122.0,106.54213,-15.4578705
train,74,45,121.0,109.8422,-11.157799
train,74,46,120.0,123.56808,3.568077
train,74,47,119.0,123.791084,4.7910843
train,74,48,118.0,124.14085,6.1408463
train,74,49,117.0,122.385056,5.3850555
train,74,50,116.0,118.767975,2.7679749
train,74,51,115.0,107.83234,-7.1676636
train,74,52,114.0,107.728584,-6.2714157
train,74,53,113.0,99.442276,-13.557724
train,74,54,112.0,103.225174,-8.774826
train,74,55,111.0,113.09037,2.0903702
train,74,56,110.0,116.94688,6.9468765
train,74,57,109.0,109.22135,0.22135162
train,74,58,108.0,107.169624,-0.8303757
train,74,59,107.0,113.495094,6.4950943
train,74,60,106.0,121.641594,15.641594
train,74,61,105.0,128.53984,23.53984
train,74,62,104.0,127.21012,23.210121
train,74,63,103.0,130.34787,27.34787
train,74,64,102.0,120.494774,18.494774
train,74,65,101.0,109.259155,8.259155
train,74,66,100.0,109.093376,9.093376
train,74,67,99.0,99.03627,0.03627014
train,74,68,98.0,91.59385,-6.406151
train,74,69,97.0,93.46659,-3.533409
train,74,70,96.0,91.782684,-4.2173157
train,74,71,95.0,97.19654,2.1965408
train,74,72,94.0,98.06109,4.0610886
train,74,73,93.0,95.114006,2.114006
train,74,74,92.0,99.65771,7.657707
train,74,75,91.0,110.94851,19.94851
train,74,76,90.0,122.21281,32.212807
train,74,77,89.0,125.251976,36.251976
train,74,78,88.0,114.53907,26.53907
train,74,79,87.0,106.99697,19.996971
train,74,80,86.0,104.65144,18.651443
train,74,81,85.0,96.70339,11.703392
train,74,82,84.0,89.16295,5.1629486
train,74,83,83.0,89.05175,6.05175
train,74,84,82.0,94.093346,12.093346
train,74,85,81.0,90.92431,9.924309
train,74,86,80.0,92.913185,12.913185
train,74,87,79.0,83.75382,4.7538223
train,74,88,78.0,84.24383,6.243828
train,74,89,77.0,83.60229,6.6022873
train,74,90,76.0,81.755806,5.755806
train,74,91,75.0,85.17664,10.176643
train,74,92,74.0,93.924286,19.924286
train,74,93,73.0,97.21849,24.21849
train,74,94,72.0,96.316124,24.316124
train,74,95,71.0,88.39695,17.39695
train,74,96,70.0,89.36158,19.36158
train,74,97,69.0,80.55436,11.554359
train,74,98,68.0,76.43499,8.43499
train,74,99,67.0,72.056526,5.056526
train,74,100,66.0,71.25765,5.2576523
train,74,101,65.0,74.40533,9.405327
train,74,102,64.0,71.83141,7.8314133
train,74,103,63.0,69.7735,6.7734985
train,74,104,62.0,81.74378,19.743782
train,74,105,61.0,86.11887,25.118874
train,74,106,60.0,91.73159,31.73159
train,74,107,59.0,91.092964,32.092964
train,74,108,58.0,87.43872,29.43872
train,74,109,57.0,78.858955,21.858955
train,74,110,56.0,69.36025,13.360252
train,74,111,55.0,61.72979,6.7297897
train,74,112,54.0,71.513214,17.513214
train,74,113,53.0,66.98793,13.98793
train,74,114,52.0,64.595406,12.595406
train,74,115,51.0,63.88631,12.886311
train,74,116,50.0,70.345314,20.345314
train,74,117,49.0,56.98521,7.9852104
train,74,118,48.0,61.558136,13.558136
train,74,119,47.0,53.67758,6.677582
train,74,120,46.0,56.149677,10.149677
train,74,121,45.0,55.284523,10.284523
train,74,122,44.0,52.820423,8.820423
train,74,123,43.0,49.10666,6.106659
train,74,124,42.0,52.84994,10.849941
train,74,125,41.0,52.490177,11.490177
train,74,126,40.0,53.542942,13.542942
train,74,127,39.0,56.028233,17.028233
train,74,128,38.0,50.29411,12.294109
train,74,129,37.0,53.843266,16.843266
train,74,130,36.0,49.108624,13.1086235
train,74,131,35.0,47.861996,12.861996
train,74,132,34.0,42.668064,8.668064
train,74,133,33.0,44.382694,11.382694
train,74,134,32.0,47.341022,15.3410225
train,74,135,31.0,44.680275,13.680275
train,74,136,30.0,38.820564,8.820564
train,74,137,29.0,39.96492,10.96492
train,74,138,28.0,42.780743,14.780743
train,74,139,27.0,39.945583,12.945583
train,74,140,26.0,35.24377,9.243771
train,74,141,25.0,29.626871,4.626871
train,74,142,24.0,30.606073,6.6060734
train,74,143,23.0,25.919916,2.9199162
train,74,144,22.0,27.766462,5.7664623
train,74,145,21.0,26.041811,5.041811
train,74,146,20.0,22.992277,2.9922771
train,74,147,19.0,21.65738,2.6573792
train,74,148,18.0,20.824076,2.8240757
train,74,149,17.0,17.636738,0.6367378
train,74,150,16.0,14.81625,-1.1837502
train,74,151,15.0,14.285084,-0.7149162
train,74,152,14.0,13.763196,-0.23680401
train,74,153,13.0,11.969759,-1.030241
train,74,154,12.0,12.101811,0.10181141
train,74,155,11.0,11.873555,0.8735552
train,74,156,10.0,10.598588,0.598588
train,74,157,9.0,10.834979,1.834979
train,74,158,8.0,10.665652,2.6656523
train,74,159,7.0,10.373235,3.3732347
train,74,160,6.0,8.95809,2.9580898
train,74,161,5.0,9.090062,4.090062
train,74,162,4.0,7.8503494,3.8503494
train,74,163,3.0,6.756296,3.7562962
train,74,164,2.0,3.1574507,1.1574507
train,74,165,1.0,3.2388763,2.2388763
train,74,166,0.0,1.9568783,1.9568783
train,75,30,199.0,142.86076,-56.139236
train,75,31,198.0,142.70749,-55.29251
train,75,32,197.0,142.09846,-54.901535
train,75,33,196.0,142.23619,-53.76381
train,75,34,195.0,141.9775,-53.022507
train,75,35,194.0,141.14206,-52.85794
train,75,36,193.0,142.25108,-50.748917
train,75,37,192.0,142.78203,-49.21797
train,75,38,191.0,142.53209,-48.46791
train,75,39,190.0,142.96042,-47.03958
train,75,40,189.0,142.74945,-46.25055
train,75,41,188.0,143.05457,-44.945435
train,75,42,187.0,142.72836,-44.271637
train,75,43,186.0,142.7035,-43.296494
train,75,44,185.0,142.12706,-42.87294
train,75,45,184.0,139.92332,-44.076675
train,75,46,183.0,139.55275,-43.44725
train,75,47,182.0,141.65242,-40.34758
train,75,48,181.0,142.04056,-38.959442
train,75,49,180.0,142.2458,-37.754196
train,75,50,179.0,141.37376,-37.626236
train,75,51,178.0,140.07349,-37.926514
train,75,52,177.0,140.4861,-36.5139
train,75,53,176.0,142.85542,-33.144577
train,75,54,175.0,142.41238,-32.587616
train,75,55,174.0,142.61613,-31.383865
train,75,56,173.0,142.34113,-30.658875
train,75,57,172.0,142.44258,-29.557419
train,75,58,171.0,141.52402,-29.475983
train,75,59,170.0,142.45403,-27.545975
train,75,60,169.0,141.8489,-27.151093
train,75,61,168.0,141.67047,-26.329529
train,75,62,167.0,140.7368,-26.263199
train,75,63,166.0,140.41577,-25.584229
train,75,64,165.0,137.1381,-27.861893
train,75,65,164.0,141.5262,-22.4738
train,75,66,163.0,142.6986,-20.301407
train,75,67,162.0,142.69057,-19.309433
train,75,68,161.0,142.2158,-18.784195
train,75,69,160.0,142.29292,-17.707077
train,75,70,159.0,142.34773,-16.652267
train,75,71,158.0,142.2725,-15.727493
train,75,72,157.0,142.40201,-14.597992
train,75,73,156.0,142.13261,-13.867386
train,75,74,155.0,142.54446,-12.455536
train,75,75,154.0,142.53905,-11.460953
train,75,76,153.0,142.22838,-10.771622
train,75,77,152.0,141.82515,-10.17485
train,75,78,151.0,141.84555,-9.154449
train,75,79,150.0,141.21608,-8.78392
train,75,80,149.0,142.20348,-6.796524
train,75,81,148.0,139.75136,-8.248642
train,75,82,147.0,134.05312,-12.946884
train,75,83,146.0,129.39607,-16.603928
train,75,84,145.0,133.00905,-11.990952
train,75,85,144.0,135.26875,-8.731247
train,75,86,143.0,130.59502,-12.4049835
train,75,87,142.0,119.765274,-22.234726
train,75,88,141.0,127.989494,-13.010506
train,75,89,140.0,127.437035,-12.562965
train,75,90,139.0,131.46736,-7.5326385
train,75,91,138.0,130.4859,-7.514099
train,75,92,137.0,127.365906,-9.634094
train,75,93,136.0,125.81626,-10.183739
train,75,94,135.0,116.28877,-18.711227
train,75,95,134.0,107.242134,-26.757866
train,75,96,133.0,122.56649,-10.43351
train,75,97,132.0,140.5391,8.539093
train,75,98,131.0,141.66756,10.667557
train,75,99,130.0,141.93553,11.935532
train,75,100,129.0,141.98404,12.984039
train,75,101,128.0,142.13776,14.137756
train,75,102,127.0,141.6858,14.685806
train,75,103,126.0,141.79659,15.796585
train,75,104,125.0,141.07991,16.07991
train,75,105,124.0,136.58138,12.581375
train,75,106,123.0,133.99474,10.994736
train,75,107,122.0,131.36516,9.365158
train,75,108,121.0,137.56361,16.563614
train,75,109,120.0,139.52693,19.526932
train,75,110,119.0,139.82823,20.828232
train,75,111,118.0,140.40025,22.400253
train,75,112,117.0,139.16406,22.164062
train,75,113,116.0,132.19688,16.196884
train,75,114,115.0,129.91382,14.913818
train,75,115,114.0,127.11265,13.112648
train,75,116,113.0,116.93392,3.9339218
train,75,117,112.0,102.7878,-9.212196
train,75,118,111.0,102.77395,-8.226051
train,75,119,110.0,100.952934,-9.047066
train,75,120,109.0,101.455956,-7.5440445
train,75,121,108.0,103.322685,-4.6773148
train,75,122,107.0,98.522766,-8.477234
train,75,123,106.0,90.76446,-15.235542
train,75,124,105.0,88.50442,-16.495583
train,75,125,104.0,94.18261,-9.81739
train,75,126,103.0,103.584755,0.58475494
train,75,127,102.0,105.245995,3.2459946
train,75,128,101.0,95.94831,-5.051689
train,75,129,100.0,97.7239,-2.2761002
train,75,130,99.0,85.134285,-13.865715
train,75,131,98.0,85.91577,-12.0842285
train,75,132,97.0,94.055176,-2.9448242
train,75,133,96.0,101.208855,5.2088547
train,75,134,95.0,98.49022,3.490219
train,75,135,94.0,95.59195,1.5919495
train,75,136,93.0,93.73972,0.7397232
train,75,137,92.0,89.65594,-2.3440628
train,75,138,91.0,82.77568,-8.224319
train,75,139,90.0,77.308235,-12.691765
train,75,140,89.0,77.13857,-11.861427
train,75,141,88.0,70.35944,-17.640556
train,75,142,87.0,71.63698,-15.363022
train,75,143,86.0,73.00888,-12.991119
train,75,144,85.0,79.193535,-5.806465
train,75,145,84.0,81.252556,-2.7474442
train,75,146,83.0,81.29176,-1.7082367
train,75,147,82.0,78.38537,-3.6146317
train,75,148,81.0,86.99932,5.999321
train,75,149,80.0,77.819214,-2.1807861
train,75,150,79.0,69.47524,-9.524757
train,75,151,78.0,72.433685,-5.5663147
train,75,152,77.0,71.95417,-5.04583
train,75,153,76.0,70.370834,-5.6291656
train,75,154,75.0,75.12975,0.12975311
train,75,155,74.0,73.337776,-0.6622238
train,75,156,73.0,82.18607,9.186073
train,75,157,72.0,81.14454,9.144539
train,75,158,71.0,86.884285,15.884285
train,75,159,70.0,89.71108,19.711082
train,75,160,69.0,81.254845,12.254845
train,75,161,68.0,77.73504,9.735039
train,75,162,67.0,76.44404,9.444038
train,75,163,66.0,80.1779,14.177902
train,75,164,65.0,67.053246,2.0532455
train,75,165,64.0,64.129555,0.12955475
train,75,166,63.0,66.05867,3.05867
train,75,167,62.0,64.25317,2.2531662
train,75,168,61.0,58.349125,-2.650875
train,75,169,60.0,59.286896,-0.71310425
train,75,170,59.0,63.273586,4.2735863
train,75,171,58.0,52.81595,-5.1840515
train,75,172,57.0,50.996346,-6.0036545
train,75,173,56.0,48.97196,-7.028042
train,75,174,55.0,47.609856,-7.3901443
train,75,175,54.0,45.2193,-8.780701
train,75,176,53.0,42.963814,-10.036186
train,75,177,52.0,40.3842,-11.615799
train,75,178,51.0,41.710125,-9.289875
train,75,179,50.0,42.390106,-7.609894
train,75,180,49.0,43.680206,-5.3197937
train,75,181,48.0,44.755466,-3.2445335
train,75,182,47.0,38.18614,-8.813862
train,75,183,46.0,38.468975,-7.531025
train,75,184,45.0,39.660343,-5.339657
train,75,185,44.0,34.572212,-9.427788
train,75,186,43.0,34.600094,-8.399906
train,75,187,42.0,35.763714,-6.236286
train,75,188,41.0,35.27932,-5.72068
train,75,189,40.0,36.38917,-3.6108284
train,75,190,39.0,38.727154,-0.27284622
train,75,191,38.0,35.641155,-2.3588448
train,75,192,37.0,31.84378,-5.1562195
train,75,193,36.0,30.668633,-5.3313675
train,75,194,35.0,32.452045,-2.5479546
train,75,195,34.0,33.841076,-0.1589241
train,75,196,33.0,29.93756,-3.0624409
train,75,197,32.0,28.905523,-3.0944767
train,75,198,31.0,28.52654,-2.4734592
train,75,199,30.0,28.649797,-1.3502026
train,75,200,29.0,28.40003,-0.59996986
train,75,201,28.0,27.040274,-0.95972633
train,75,202,27.0,23.569532,-3.4304676
train,75,203,26.0,24.217102,-1.782898
train,75,204,25.0,21.832159,-3.167841
train,75,205,24.0,20.786016,-3.2139835
train,75,206,23.0,19.48299,-3.5170097
train,75,207,22.0,21.142662,-0.85733795
train,75,208,21.0,19.375195,-1.6248055
train,75,209,20.0,16.904907,-3.0950928
train,75,210,19.0,16.256714,-2.7432861
train,75,211,18.0,13.813641,-4.1863594
train,75,212,17.0,14.500028,-2.4999723
train,75,213,16.0,13.869916,-2.130084
train,75,214,15.0,12.549146,-2.4508543
train,75,215,14.0,12.275468,-1.7245321
train,75,216,13.0,11.903625,-1.0963755
train,75,217,12.0,12.141725,0.14172459
train,75,218,11.0,13.278957,2.2789574
train,75,219,10.0,10.50998,0.5099802
train,75,220,9.0,9.727619,0.7276192
train,75,221,8.0,8.482775,0.48277473
train,75,222,7.0,9.525233,2.5252333
train,75,223,6.0,7.7773275,1.7773275
train,75,224,5.0,6.666524,1.6665239
train,75,225,4.0,5.702612,1.7026119
train,75,226,3.0,4.6648946,1.6648946
train,75,227,2.0,4.3423867,2.3423867
train,75,228,1.0,2.854877,1.854877
train,75,229,0.0,2.3556018,2.3556018
train,76,30,180.0,127.06071,-52.939293
train,76,31,179.0,127.68814,-51.31186
train,76,32,178.0,129.8669,-48.133102
train,76,33,177.0,129.07365,-47.926346
train,76,34,176.0,139.45927,-36.540726
train,76,35,175.0,141.02184,-33.978165
train,76,36,174.0,140.98657,-33.013428
train,76,37,173.0,141.76558,-31.23442
train,76,38,172.0,142.26775,-29.732254
train,76,39,171.0,142.33774,-28.662262
train,76,40,170.0,142.56389,-27.436111
train,76,41,169.0,142.1559,-26.8441
train,76,42,168.0,141.33287,-26.66713
train,76,43,167.0,140.06425,-26.935745
train,76,44,166.0,141.76086,-24.239136
train,76,45,165.0,142.19597,-22.804031
train,76,46,164.0,142.02896,-21.971039
train,76,47,163.0,142.05594,-20.944061
train,76,48,162.0,141.72005,-20.279953
train,76,49,161.0,142.10529,-18.894714
train,76,50,160.0,139.28543,-20.71457
train,76,51,159.0,141.59708,-17.402924
train,76,52,158.0,141.41513,-16.58487
train,76,53,157.0,141.41895,-15.581055
train,76,54,156.0,140.546,-15.453995
train,76,55,155.0,141.32397,-13.676025
train,76,56,154.0,141.46379,-12.536209
train,76,57,153.0,138.90894,-14.091064
train,76,58,152.0,132.77472,-19.22528
train,76,59,151.0,118.64912,-32.350883
train,76,60,150.0,119.3549,-30.645103
train,76,61,149.0,110.80305,-38.196953
train,76,62,148.0,123.30883,-24.69117
train,76,63,147.0,115.07371,-31.926292
train,76,64,146.0,105.61195,-40.388046
train,76,65,145.0,116.88653,-28.113472
train,76,66,144.0,128.5782,-15.421799
train,76,67,143.0,114.97979,-28.02021
train,76,68,142.0,114.61959,-27.38041
train,76,69,141.0,129.95992,-11.040085
train,76,70,140.0,141.53447,1.5344696
train,76,71,139.0,140.55252,1.5525208
train,76,72,138.0,138.67989,0.67988586
train,76,73,137.0,134.31523,-2.6847687
train,76,74,136.0,132.96803,-3.0319672
train,76,75,135.0,131.93437,-3.065628
train,76,76,134.0,138.22136,4.2213593
train,76,77,133.0,141.0482,8.0482025
train,76,78,132.0,140.91138,8.911377
train,76,79,131.0,137.5179,6.5178986
train,76,80,130.0,138.17555,8.175552
train,76,81,129.0,136.07784,7.077835
train,76,82,128.0,140.55801,12.558014
train,76,83,127.0,139.96106,12.96106
train,76,84,126.0,138.82643,12.826431
train,76,85,125.0,138.69914,13.699142
train,76,86,124.0,136.70842,12.70842
train,76,87,123.0,140.33879,17.33879
train,76,88,122.0,138.859,16.858994
train,76,89,121.0,136.00667,15.006668
train,76,90,120.0,139.23677,19.23677
train,76,91,119.0,132.60896,13.608963
train,76,92,118.0,128.97032,10.970322
train,76,93,117.0,115.76648,-1.2335205
train,76,94,116.0,105.617386,-10.382614
train,76,95,115.0,110.76121,-4.2387924
train,76,96,114.0,106.27544,-7.7245636
train,76,97,113.0,103.011345,-9.988655
train,76,98,112.0,101.63212,-10.367882
train,76,99,111.0,119.253426,8.253426
train,76,100,110.0,132.7693,22.769302
train,76,101,109.0,106.52804,-2.471962
train,76,102,108.0,89.975365,-18.024635
train,76,103,107.0,75.91142,-31.088577
train,76,104,106.0,65.86183,-40.13817
train,76,105,105.0,65.48493,-39.515068
train,76,106,104.0,79.566185,-24.433815
train,76,107,103.0,81.19546,-21.804543
train,76,108,102.0,85.70773,-16.292267
train,76,109,101.0,83.965675,-17.034325
train,76,110,100.0,81.138725,-18.861275
train,76,111,99.0,86.55065,-12.449348
train,76,112,98.0,89.56092,-8.439079
train,76,113,97.0,110.3984,13.398399
train,76,114,96.0,111.89207,15.892067
train,76,115,95.0,111.650696,16.650696
train,76,116,94.0,100.08083,6.0808334
train,76,117,93.0,99.67607,6.676071
train,76,118,92.0,102.9503,10.950302
train,76,119,91.0,97.929146,6.929146
train,76,120,90.0,99.335396,9.335396
train,76,121,89.0,93.62281,4.6228104
train,76,122,88.0,93.34292,5.3429184
train,76,123,87.0,90.67193,3.6719284
train,76,124,86.0,88.68711,2.687111
train,76,125,85.0,81.8296,-3.1704025
train,76,126,84.0,85.61907,1.619072
train,76,127,83.0,100.32573,17.32573
train,76,128,82.0,104.51699,22.51699
train,76,129,81.0,108.51816,27.518158
train,76,130,80.0,103.32897,23.328972
train,76,131,79.0,92.13117,13.131172
train,76,132,78.0,80.66033,2.6603317
train,76,133,77.0,66.9507,-10.049301
train,76,134,76.0,65.80488,-10.195122
train,76,135,75.0,73.01002,-1.9899826
train,76,136,74.0,73.853325,-0.14667511
train,76,137,73.0,67.22279,-5.7772064
train,76,138,72.0,62.005856,-9.994144
train,76,139,71.0,53.23012,-17.769878
train,76,140,70.0,52.913795,-17.086205
train,76,141,69.0,58.3093,-10.690701
train,76,142,68.0,49.080357,-18.919643
train,76,143,67.0,52.04211,-14.95789
train,76,144,66.0,44.85776,-21.142239
train,76,145,65.0,53.32165,-11.678349
train,76,146,64.0,58.99278,-5.007221
train,76,147,63.0,62.29722,-0.7027817
train,76,148,62.0,67.48983,5.48983
train,76,149,61.0,65.57527,4.5752716
train,76,150,60.0,65.59349,5.5934906
train,76,151,59.0,65.85873,6.8587265
train,76,152,58.0,62.81995,4.81995
train,76,153,57.0,59.32047,2.320469
train,76,154,56.0,48.770504,-7.229496
train,76,155,55.0,47.517056,-7.4829445
train,76,156,54.0,45.38293,-8.617069
train,76,157,53.0,41.108154,-11.891846
train,76,158,52.0,46.03925,-5.9607506
train,76,159,51.0,49.739056,-1.2609444
train,76,160,50.0,48.94257,-1.0574303
train,76,161,49.0,58.419994,9.419994
train,76,162,48.0,54.966366,6.966366
train,76,163,47.0,53.235195,6.235195
train,76,164,46.0,54.436726,8.436726
train,76,165,45.0,53.739933,8.739933
train,76,166,44.0,48.07437,4.0743713
train,76,167,43.0,43.235065,0.23506546
train,76,168,42.0,40.22652,-1.7734795
train,76,169,41.0,43.856995,2.8569946
train,76,170,40.0,49.52875,9.528751
train,76,171,39.0,51.50897,12.508968
train,76,172,38.0,43.18069,5.180691
train,76,173,37.0,37.487297,0.48729706
train,76,174,36.0,36.97044,0.9704399
train,76,175,35.0,39.39507,4.395069
train,76,176,34.0,36.170715,2.1707153
train,76,177,33.0,34.370106,1.3701057
train,76,178,32.0,32.577843,0.5778427
train,76,179,31.0,31.386446,0.386446
train,76,180,30.0,34.08128,4.0812798
train,76,181,29.0,32.307323,3.3073235
train,76,182,28.0,26.199057,-1.8009434
train,76,183,27.0,27.691172,0.69117165
train,76,184,26.0,26.856573,0.8565731
train,76,185,25.0,25.134804,0.13480377
train,76,186,24.0,24.117062,0.117061615
train,76,187,23.0,21.343315,-1.6566849
train,76,188,22.0,19.750296,-2.2497044
train,76,189,21.0,17.24296,-3.75704
train,76,190,20.0,19.15309,-0.8469105
train,76,191,19.0,18.254889,-0.74511147
train,76,192,18.0,18.470499,0.47049904
train,76,193,17.0,18.523813,1.5238132
train,76,194,16.0,18.23019,2.2301903
train,76,195,15.0,15.8928995,0.8928995
train,76,196,14.0,18.397821,4.3978214
train,76,197,13.0,16.792015,3.792015
train,76,198,12.0,13.83357,1.8335695
train,76,199,11.0,10.670192,-0.32980824
train,76,200,10.0,10.377393,0.37739277
train,76,201,9.0,9.617629,0.61762905
train,76,202,8.0,7.2737036,-0.7262964
train,76,203,7.0,6.886705,-0.11329508
train,76,204,6.0,6.5181103,0.5181103
train,76,205,5.0,5.384905,0.38490486
train,76,206,4.0,3.128099,-0.87190104
train,76,207,3.0,3.5868478,0.5868478
train,76,208,2.0,2.69712,0.69711995
train,76,209,1.0,2.470408,1.470408
train,76,210,0.0,0.76358306,0.76358306
train,77,30,124.0,140.83186,16.831863
train,77,31,123.0,141.45972,18.459717
train,77,32,122.0,140.19005,18.190048
train,77,33,121.0,120.49758,-0.5024185
train,77,34,120.0,100.46319,-19.536812
train,77,35,119.0,95.5353,-23.464699
train,77,36,118.0,81.48935,-36.51065
train,77,37,117.0,85.16601,-31.833992
train,77,38,116.0,78.207375,-37.792625
train,77,39,115.0,74.16865,-40.831352
train,77,40,114.0,84.15197,-29.84803
train,77,41,113.0,90.09903,-22.90097
train,77,42,112.0,106.69953,-5.3004684
train,77,43,111.0,128.68959,17.68959
train,77,44,110.0,137.92241,27.92241
train,77,45,109.0,138.52681,29.52681
train,77,46,108.0,141.3357,33.335693
train,77,47,107.0,142.24466,35.24466
train,77,48,106.0,141.40698,35.406982
train,77,49,105.0,142.19054,37.190536
train,77,50,104.0,142.67177,38.67177
train,77,51,103.0,142.93039,39.93039
train,77,52,102.0,142.50722,40.507217
train,77,53,101.0,142.16183,41.161835
train,77,54,100.0,141.83018,41.830185
train,77,55,99.0,142.21516,43.215164
train,77,56,98.0,142.83943,44.83943
train,77,57,97.0,142.92445,45.924454
train,77,58,96.0,142.3951,46.395096
train,77,59,95.0,142.13194,47.131943
train,77,60,94.0,141.20888,47.208878
train,77,61,93.0,140.70662,47.70662
train,77,62,92.0,141.87553,49.875534
train,77,63,91.0,141.1419,50.141907
train,77,64,90.0,138.54962,48.54962
train,77,65,89.0,135.70244,46.70244
train,77,66,88.0,120.59821,32.598213
train,77,67,87.0,134.03731,47.037308
train,77,68,86.0,118.74931,32.749313
train,77,69,85.0,87.296425,2.2964249
train,77,70,84.0,88.5214,4.5214005
train,77,71,83.0,98.01681,15.016808
train,77,72,82.0,90.110756,8.110756
train,77,73,81.0,100.6189,19.618896
train,77,74,80.0,105.45402,25.454018
train,77,75,79.0,94.852,15.851997
train,77,76,78.0,93.13589,15.135887
train,77,77,77.0,85.692055,8.692055
train,77,78,76.0,75.179665,-0.8203354
train,77,79,75.0,69.00484,-5.995163
train,77,80,74.0,65.283264,-8.716736
train,77,81,73.0,73.284004,0.2840042
train,77,82,72.0,70.58023,-1.4197693
train,77,83,71.0,76.45689,5.4568863
train,77,84,70.0,81.613945,11.613945
train,77,85,69.0,82.880264,13.880264
train,77,86,68.0,85.24257,17.242569
train,77,87,67.0,90.715675,23.715675
train,77,88,66.0,93.48847,27.488472
train,77,89,65.0,87.33475,22.334747
train,77,90,64.0,92.06817,28.068169
train,77,91,63.0,86.06414,23.06414
train,77,92,62.0,86.28727,24.28727
train,77,93,61.0,80.10488,19.104881
train,77,94,60.0,65.79818,5.7981796
train,77,95,59.0,60.140537,1.1405373
train,77,96,58.0,56.44105,-1.5589485
train,77,97,57.0,55.663105,-1.336895
train,77,98,56.0,50.353012,-5.646988
train,77,99,55.0,45.69696,-9.30304
train,77,100,54.0,43.098206,-10.901794
train,77,101,53.0,52.52631,-0.47369003
train,77,102,52.0,47.545967,-4.454033
train,77,103,51.0,60.60437,9.60437
train,77,104,50.0,63.78159,13.7815895
train,77,105,49.0,50.68305,1.6830482
train,77,106,48.0,47.97488,-0.025119781
train,77,107,47.0,45.413445,-1.5865555
train,77,108,46.0,47.37969,1.3796883
train,77,109,45.0,44.42562,-0.57437897
train,77,110,44.0,53.279896,9.279896
train,77,111,43.0,55.31583,12.31583
train,77,112,42.0,57.427048,15.427048
train,77,113,41.0,51.66348,10.663479
train,77,114,40.0,55.33704,15.33704
train,77,115,39.0,54.5492,15.549198
train,77,116,38.0,50.758434,12.758434
train,77,117,37.0,46.808357,9.808357
train,77,118,36.0,43.3733,7.3732986
train,77,119,35.0,44.812817,9.812817
train,77,120,34.0,50.676136,16.676136
train,77,121,33.0,48.69293,15.692928
train,77,122,32.0,50.425232,18.425232
train,77,123,31.0,50.22311,19.22311
train,77,124,30.0,41.29439,11.294392
train,77,125,29.0,33.083305,4.0833054
train,77,126,28.0,32.355003,4.3550034
train,77,127,27.0,31.372679,4.3726788
train,77,128,26.0,30.38486,4.384859
train,77,129,25.0,28.605516,3.6055164
train,77,130,24.0,27.273512,3.273512
train,77,131,23.0,28.334578,5.3345776
train,77,132,22.0,25.795126,3.795126
train,77,133,21.0,26.027523,5.027523
train,77,134,20.0,27.938444,7.938444
train,77,135,19.0,24.427328,5.427328
train,77,136,18.0,23.984426,5.9844265
train,77,137,17.0,24.931353,7.9313526
train,77,138,16.0,24.71742,8.717421
train,77,139,15.0,23.34075,8.34075
train,77,140,14.0,20.74531,6.74531
train,77,141,13.0,20.333185,7.333185
train,77,142,12.0,19.758291,7.7582912
train,77,143,11.0,17.938515,6.9385147
train,77,144,10.0,15.397193,5.397193
train,77,145,9.0,14.961473,5.9614735
train,77,146,8.0,13.660887,5.660887
train,77,147,7.0,14.204816,7.204816
train,77,148,6.0,14.191943,8.191943
train,77,149,5.0,10.432523,5.432523
train,77,150,4.0,7.6135545,3.6135545
train,77,151,3.0,8.243144,5.243144
train,77,152,2.0,6.668708,4.668708
train,77,153,1.0,4.7246304,3.7246304
train,77,154,0.0,4.1452575,4.1452575
train,78,30,201.0,145.79135,-55.20865
train,78,31,200.0,145.84412,-54.155884
train,78,32,199.0,145.76073,-53.239273
train,78,33,198.0,145.76154,-52.238464
train,78,34,197.0,145.86461,-51.13539
train,78,35,196.0,145.85988,-50.14012
train,78,36,195.0,145.93631,-49.06369
train,78,37,194.0,145.72447,-48.275528
train,78,38,193.0,145.91125,-47.088745
train,78,39,192.0,145.96095,-46.039047
train,78,40,191.0,145.97614,-45.023865
train,78,41,190.0,145.96597,-44.034027
train,78,42,189.0,145.96683,-43.033173
train,78,43,188.0,146.00522,-41.99478
train,78,44,187.0,146.02449,-40.97551
train,78,45,186.0,146.00117,-39.998825
train,78,46,185.0,145.9484,-39.051605
train,78,47,184.0,145.85838,-38.141617
train,78,48,183.0,146.01285,-36.987152
train,78,49,182.0,145.6388,-36.361206
train,78,50,181.0,146.02293,-34.977066
train,78,51,180.0,145.7112,-34.288803
train,78,52,179.0,145.85043,-33.149567
train,78,53,178.0,145.8002,-32.1998
train,78,54,177.0,145.9015,-31.098495
train,78,55,176.0,145.9886,-30.011398
train,78,56,175.0,145.90158,-29.09842
train,78,57,174.0,145.821,-28.179
train,78,58,173.0,145.84447,-27.155533
train,78,59,172.0,145.89427,-26.105728
train,78,60,171.0,145.94012,-25.059875
train,78,61,170.0,145.69745,-24.302551
train,78,62,169.0,145.89668,-23.103317
train,78,63,168.0,145.90764,-22.092361
train,78,64,167.0,145.9045,-21.095505
train,78,65,166.0,145.9749,-20.0251
train,78,66,165.0,145.9296,-19.070404
train,78,67,164.0,145.80171,-18.198288
train,78,68,163.0,145.8831,-17.116898
train,78,69,162.0,145.96935,-16.030655
train,78,70,161.0,146.04991,-14.9500885
train,78,71,160.0,145.96045,-14.039551
train,78,72,159.0,145.98982,-13.010178
train,78,73,158.0,145.93456,-12.065445
train,78,74,157.0,145.90007,-11.09993
train,78,75,156.0,145.99095,-10.009048
train,78,76,155.0,145.98872,-9.011276
train,78,77,154.0,145.88643,-8.113571
train,78,78,153.0,145.89192,-7.108078
train,78,79,152.0,145.95583,-6.044174
train,78,80,151.0,145.89485,-5.1051483
train,78,81,150.0,145.79784,-4.2021637
train,78,82,149.0,145.78844,-3.211563
train,78,83,148.0,145.46089,-2.5391083
train,78,84,147.0,145.41426,-1.5857391
train,78,85,146.0,145.52208,-0.47792053
train,78,86,145.0,145.7365,0.736496
train,78,87,144.0,145.7695,1.7695007
train,78,88,143.0,145.6024,2.6024017
train,78,89,142.0,145.5184,3.518402
train,78,90,141.0,145.46948,4.4694824
train,78,91,140.0,145.69063,5.690628
train,78,92,139.0,145.70885,6.708847
train,78,93,138.0,145.585,7.5850067
train,78,94,137.0,145.67516,8.675156
train,78,95,136.0,145.80678,9.806778
train,78,96,135.0,145.22144,10.221436
train,78,97,134.0,144.69382,10.693817
train,78,98,133.0,145.04103,12.041031
train,78,99,132.0,145.53093,13.53093
train,78,100,131.0,145.0566,14.056595
train,78,101,130.0,145.67241,15.672409
train,78,102,129.0,145.63206,16.632065
train,78,103,128.0,144.57137,16.571365
train,78,104,127.0,145.14455,18.144547
train,78,105,126.0,145.02345,19.023453
train,78,106,125.0,145.08264,20.082642
train,78,107,124.0,145.41223,21.412231
train,78,108,123.0,145.7294,22.7294
train,78,109,122.0,145.53545,23.535446
train,78,110,121.0,145.37514,24.375137
train,78,111,120.0,144.80562,24.805618
train,78,112,119.0,144.4742,25.474197
train,78,113,118.0,145.52834,27.528336
train,78,114,117.0,144.44061,27.440613
train,78,115,116.0,144.28429,28.284286
train,78,116,115.0,145.02629,30.02629
train,78,117,114.0,145.76118,31.761185
train,78,118,113.0,144.97209,31.972092
train,78,119,112.0,144.28542,32.285416
train,78,120,111.0,143.33554,32.33554
train,78,121,110.0,141.52322,31.523224
train,78,122,109.0,137.72098,28.720978
train,78,123,108.0,125.34069,17.34069
train,78,124,107.0,119.81129,12.811287
train,78,125,106.0,113.18917,7.189171
train,78,126,105.0,108.609474,3.6094742
train,78,127,104.0,113.40146,9.401459
train,78,128,103.0,109.26046,6.26046
train,78,129,102.0,108.18441,6.18441
train,78,130,101.0,106.44571,5.445709
train,78,131,100.0,115.33134,15.331337
train,78,132,99.0,118.4732,19.473198
train,78,133,98.0,120.69227,22.692268
train,78,134,97.0,124.62963,27.629631
train,78,135,96.0,126.83755,30.837547
train,78,136,95.0,125.42611,30.42611
train,78,137,94.0,120.68337,26.683372
train,78,138,93.0,112.71644,19.716438
train,78,139,92.0,114.93772,22.937721
train,78,140,91.0,99.82308,8.823082
train,78,141,90.0,97.35218,7.3521805
train,78,142,89.0,100.41675,11.416748
train,78,143,88.0,99.49926,11.49926
train,78,144,87.0,94.484825,7.484825
train,78,145,86.0,86.22915,0.22914886
train,78,146,85.0,90.59641,5.5964127
train,78,147,84.0,96.415474,12.415474
train,78,148,83.0,97.06931,14.069313
train,78,149,82.0,101.536896,19.536896
train,78,150,81.0,101.33231,20.332314
train,78,151,80.0,100.41959,20.419594
train,78,152,79.0,103.56506,24.565063
train,78,153,78.0,93.38454,15.384537
train,78,154,77.0,95.07287,18.072868
train,78,155,76.0,82.4047,6.404701
train,78,156,75.0,85.9582,10.958199
train,78,157,74.0,87.859825,13.859825
train,78,158,73.0,88.855965,15.855965
train,78,159,72.0,80.463326,8.4633255
train,78,160,71.0,67.38155,-3.6184464
train,78,161,70.0,69.05634,-0.9436569
train,78,162,69.0,73.28335,4.283348
train,78,163,68.0,69.71224,1.7122421
train,78,164,67.0,71.56684,4.566841
train,78,165,66.0,71.66465,5.66465
train,78,166,65.0,65.57748,0.5774765
train,78,167,64.0,65.87271,1.8727112
train,78,168,63.0,63.36383,0.36383057
train,78,169,62.0,62.52453,0.5245285
train,78,170,61.0,56.084225,-4.9157753
train,78,171,60.0,59.621033,-0.3789673
train,78,172,59.0,58.155422,-0.8445778
train,78,173,58.0,57.491642,-0.508358
train,78,174,57.0,59.971394,2.9713936
train,78,175,56.0,53.637875,-2.3621254
train,78,176,55.0,54.79067,-0.20933151
train,78,177,54.0,55.791904,1.7919044
train,78,178,53.0,58.583595,5.5835953
train,78,179,52.0,57.081745,5.081745
train,78,180,51.0,45.347076,-5.6529236
train,78,181,50.0,43.70944,-6.2905617
train,78,182,49.0,44.633007,-4.366993
train,78,183,48.0,42.703117,-5.2968826
train,78,184,47.0,40.146706,-6.8532944
train,78,185,46.0,45.323864,-0.676136
train,78,186,45.0,37.90721,-7.0927887
train,78,187,44.0,36.360844,-7.6391563
train,78,188,43.0,35.091686,-7.9083138
train,78,189,42.0,37.146534,-4.853466
train,78,190,41.0,37.606743,-3.3932571
train,78,191,40.0,35.811245,-4.188755
train,78,192,39.0,38.28522,-0.7147789
train,78,193,38.0,38.306652,0.30665207
train,78,194,37.0,39.46097,2.4609718
train,78,195,36.0,39.83862,3.8386192
train,78,196,35.0,37.89007,2.8900719
train,78,197,34.0,34.927906,0.92790604
train,78,198,33.0,33.909046,0.9090462
train,78,199,32.0,33.93131,1.9313087
train,78,200,31.0,32.906853,1.9068527
train,78,201,30.0,36.082264,6.082264
train,78,202,29.0,33.577175,4.577175
train,78,203,28.0,38.15958,10.15958
train,78,204,27.0,37.041203,10.041203
train,78,205,26.0,31.622778,5.622778
train,78,206,25.0,29.750616,4.750616
train,78,207,24.0,26.768803,2.7688026
train,78,208,23.0,26.166225,3.1662254
train,78,209,22.0,24.816652,2.8166523
train,78,210,21.0,21.152437,0.15243721
train,78,211,20.0,16.966467,-3.033533
train,78,212,19.0,17.681286,-1.3187141
train,78,213,18.0,15.613317,-2.3866835
train,78,214,17.0,15.48567,-1.5143299
train,78,215,16.0,17.231392,1.2313919
train,78,216,15.0,17.295784,2.295784
train,78,217,14.0,15.28978,1.2897797
train,78,218,13.0,13.84658,0.84657955
train,78,219,12.0,13.204051,1.204051
train,78,220,11.0,14.003848,3.003848
train,78,221,10.0,11.6363535,1.6363535
train,78,222,9.0,10.197865,1.1978645
train,78,223,8.0,9.301598,1.3015976
train,78,224,7.0,9.831567,2.8315668
train,78,225,6.0,7.79525,1.7952499
train,78,226,5.0,5.5772557,0.5772557
train,78,227,4.0,5.601398,1.601398
train,78,228,3.0,5.930895,2.9308949
train,78,229,2.0,5.765346,3.765346
train,78,230,1.0,4.89246,3.8924599
train,78,231,0.0,4.374959,4.374959
train,79,30,169.0,145.85631,-23.143692
train,79,31,168.0,145.87215,-22.127853
train,79,32,167.0,145.55757,-21.442429
train,79,33,166.0,145.9052,-20.094803
train,79,34,165.0,145.92094,-19.079056
train,79,35,164.0,145.87732,-18.12268
train,79,36,163.0,145.76505,-17.234955
train,79,37,162.0,145.91197,-16.088028
train,79,38,161.0,145.85106,-15.148941
train,79,39,160.0,145.93831,-14.061691
train,79,40,159.0,145.88144,-13.118561
train,79,41,158.0,145.9286,-12.071396
train,79,42,157.0,145.74747,-11.252533
train,79,43,156.0,145.64986,-10.350143
train,79,44,155.0,145.83012,-9.169876
train,79,45,154.0,144.9966,-9.003403
train,79,46,153.0,145.15668,-7.8433228
train,79,47,152.0,145.12837,-6.871628
train,79,48,151.0,145.35147,-5.648529
train,79,49,150.0,145.39113,-4.6088715
train,79,50,149.0,145.64125,-3.3587494
train,79,51,148.0,145.54279,-2.4572144
train,79,52,147.0,145.44998,-1.5500183
train,79,53,146.0,145.39317,-0.6068268
train,79,54,145.0,145.47194,0.4719391
train,79,55,144.0,145.5389,1.5388947
train,79,56,143.0,145.67332,2.6733246
train,79,57,142.0,145.39265,3.3926544
train,79,58,141.0,144.81233,3.8123322
train,79,59,140.0,145.2206,5.2205963
train,79,60,139.0,145.5632,6.563202
train,79,61,138.0,145.47862,7.4786224
train,79,62,137.0,144.93596,7.935959
train,79,63,136.0,144.8483,8.848297
train,79,64,135.0,144.75294,9.752945
train,79,65,134.0,145.07932,11.079315
train,79,66,133.0,145.07637,12.07637
train,79,67,132.0,145.1567,13.1566925
train,79,68,131.0,145.22746,14.227463
train,79,69,130.0,144.8858,14.885803
train,79,70,129.0,145.01544,16.015442
train,79,71,128.0,145.4217,17.421707
train,79,72,127.0,144.65001,17.65001
train,79,73,126.0,145.33086,19.330856
train,79,74,125.0,145.64703,20.647034
train,79,75,124.0,145.60326,21.603256
train,79,76,123.0,145.54121,22.541214
train,79,77,122.0,144.8297,22.829697
train,79,78,121.0,145.41168,24.411682
train,79,79,120.0,145.56734,25.567337
train,79,80,119.0,145.5352,26.535202
train,79,81,118.0,145.80952,27.809525
train,79,82,117.0,145.52742,28.52742
train,79,83,116.0,145.7025,29.7025
train,79,84,115.0,144.95601,29.956009
train,79,85,114.0,144.97597,30.975967
train,79,86,113.0,145.65253,32.652527
train,79,87,112.0,145.09389,33.093887
train,79,88,111.0,145.54437,34.544373
train,79,89,110.0,144.4619,34.4619
train,79,90,109.0,143.8998,34.899796
train,79,91,108.0,145.40103,37.40103
train,79,92,107.0,144.59761,37.59761
train,79,93,106.0,140.29509,34.29509
train,79,94,105.0,140.08174,35.08174
train,79,95,104.0,136.00546,32.005463
train,79,96,103.0,135.5789,32.578903
train,79,97,102.0,134.50578,32.505783
train,79,98,101.0,137.4008,36.400803
train,79,99,100.0,139.6024,39.6024
train,79,100,99.0,142.10544,43.10544
train,79,101,98.0,134.45238,36.452377
train,79,102,97.0,130.63698,33.63698
train,79,103,96.0,121.15127,25.151268
train,79,104,95.0,114.062904,19.062904
train,79,105,94.0,109.031494,15.031494
train,79,106,93.0,111.99825,18.998253
train,79,107,92.0,108.75657,16.756569
train,79,108,91.0,105.032005,14.032005
train,79,109,90.0,98.13819,8.138191
train,79,110,89.0,94.8848,5.884804
train,79,111,88.0,102.31412,14.314117
train,79,112,87.0,109.315056,22.315056
train,79,113,86.0,104.887794,18.887794
train,79,114,85.0,100.32603,15.326027
train,79,115,84.0,100.771,16.771004
train,79,116,83.0,108.35493,25.354927
train,79,117,82.0,113.84874,31.84874
train,79,118,81.0,113.395164,32.395164
train,79,119,80.0,104.08277,24.082771
train,79,120,79.0,89.322784,10.322784
train,79,121,78.0,90.26584,12.265839
train,79,122,77.0,88.34443,11.344429
train,79,123,76.0,88.41364,12.413643
train,79,124,75.0,89.21896,14.218964
train,79,125,74.0,90.097374,16.097374
train,79,126,73.0,97.048,24.047997
train,79,127,72.0,97.283806,25.283806
train,79,128,71.0,92.9533,21.9533
train,79,129,70.0,97.19439,27.19439
train,79,130,69.0,94.200554,25.200554
train,79,131,68.0,89.00919,21.009193
train,79,132,67.0,81.40504,14.405037
train,79,133,66.0,71.90614,5.906143
train,79,134,65.0,75.28701,10.28701
train,79,135,64.0,71.30735,7.30735
train,79,136,63.0,68.85179,5.8517914
train,79,137,62.0,62.303844,0.30384445
train,79,138,61.0,66.577255,5.5772552
train,79,139,60.0,63.142223,3.1422234
train,79,140,59.0,60.727077,1.7270775
train,79,141,58.0,57.002987,-0.9970131
train,79,142,57.0,57.29649,0.29648972
train,79,143,56.0,59.384544,3.3845444
train,79,144,55.0,71.4688,16.468803
train,79,145,54.0,65.80724,11.807243
train,79,146,53.0,71.578964,18.578964
train,79,147,52.0,69.76652,17.766518
train,79,148,51.0,60.98644,9.986439
train,79,149,50.0,60.04031,10.04031
train,79,150,49.0,58.46255,9.462551
train,79,151,48.0,58.184616,10.184616
train,79,152,47.0,50.43585,3.4358482
train,79,153,46.0,51.844715,5.844715
train,79,154,45.0,52.277832,7.277832
train,79,155,44.0,54.309986,10.309986
train,79,156,43.0,56.301014,13.301014
train,79,157,42.0,46.939095,4.9390945
train,79,158,41.0,48.36372,7.36372
train,79,159,40.0,52.59849,12.598492
train,79,160,39.0,54.20175,15.201752
train,79,161,38.0,50.170628,12.170628
train,79,162,37.0,45.409794,8.409794
train,79,163,36.0,41.687046,5.687046
train,79,164,35.0,40.722454,5.722454
train,79,165,34.0,39.70802,5.7080193
train,79,166,33.0,36.01299,3.012989
train,79,167,32.0,32.42409,0.42409134
train,79,168,31.0,32.092133,1.0921326
train,79,169,30.0,33.362087,3.3620872
train,79,170,29.0,30.008175,1.0081749
train,79,171,28.0,29.975985,1.9759846
train,79,172,27.0,27.391972,0.3919716
train,79,173,26.0,26.73097,0.7309704
train,79,174,25.0,25.148085,0.14808464
train,79,175,24.0,24.643019,0.6430187
train,79,176,23.0,25.357363,2.3573627
train,79,177,22.0,22.111467,0.11146736
train,79,178,21.0,22.426939,1.426939
train,79,179,20.0,21.406206,1.4062061
train,79,180,19.0,20.309229,1.3092289
train,79,181,18.0,19.43391,1.4339104
train,79,182,17.0,16.285973,-0.7140274
train,79,183,16.0,13.741951,-2.258049
train,79,184,15.0,12.475692,-2.5243082
train,79,185,14.0,11.737451,-2.2625494
train,79,186,13.0,10.597739,-2.4022608
train,79,187,12.0,11.136844,-0.8631563
train,79,188,11.0,12.622483,1.6224833
train,79,189,10.0,11.585201,1.5852013
train,79,190,9.0,10.153512,1.153512
train,79,191,8.0,10.315321,2.315321
train,79,192,7.0,9.621013,2.6210127
train,79,193,6.0,9.05767,3.0576696
train,79,194,5.0,6.930021,1.9300208
train,79,195,4.0,7.6265244,3.6265244
train,79,196,3.0,6.915658,3.915658
train,79,197,2.0,5.3289905,3.3289905
train,79,198,1.0,4.731432,3.731432
train,79,199,0.0,3.4297218,3.4297218
train,80,30,155.0,141.46474,-13.535263
train,80,31,154.0,141.62556,-12.374435
train,80,32,153.0,142.38008,-10.619919
train,80,33,152.0,140.93645,-11.063553
train,80,34,151.0,140.80194,-10.198059
train,80,35,150.0,139.48662,-10.513382
train,80,36,149.0,136.97527,-12.0247345
train,80,37,148.0,132.77605,-15.223953
train,80,38,147.0,140.00618,-6.99382
train,80,39,146.0,141.59557,-4.404434
train,80,40,145.0,141.82062,-3.1793823
train,80,41,144.0,141.74553,-2.2544708
train,80,42,143.0,141.53105,-1.4689484
train,80,43,142.0,140.92525,-1.0747528
train,80,44,141.0,140.67657,-0.3234253
train,80,45,140.0,140.93874,0.93873596
train,80,46,139.0,139.76117,0.76116943
train,80,47,138.0,142.11603,4.116028
train,80,48,137.0,141.84462,4.8446198
train,80,49,136.0,141.3508,5.3507996
train,80,50,135.0,141.86601,6.8660126
train,80,51,134.0,141.2438,7.243805
train,80,52,133.0,139.81091,6.810913
train,80,53,132.0,138.10448,6.104477
train,80,54,131.0,135.98111,4.9811096
train,80,55,130.0,141.49965,11.499649
train,80,56,129.0,141.04935,12.049347
train,80,57,128.0,128.27385,0.2738495
train,80,58,127.0,139.08961,12.089615
train,80,59,126.0,141.0754,15.075394
train,80,60,125.0,140.95421,15.954208
train,80,61,124.0,128.8179,4.8179016
train,80,62,123.0,136.44218,13.442184
train,80,63,122.0,137.85487,15.854874
train,80,64,121.0,136.36734,15.36734
train,80,65,120.0,136.41762,16.417618
train,80,66,119.0,127.03305,8.033051
train,80,67,118.0,135.11758,17.117584
train,80,68,117.0,137.39648,20.396484
train,80,69,116.0,137.22346,21.223465
train,80,70,115.0,136.13893,21.138931
train,80,71,114.0,140.08072,26.080719
train,80,72,113.0,140.35013,27.350128
train,80,73,112.0,140.10217,28.102173
train,80,74,111.0,126.93665,15.936653
train,80,75,110.0,113.597855,3.5978546
train,80,76,109.0,101.936226,-7.063774
train,80,77,108.0,107.9338,-0.06620026
train,80,78,107.0,118.007866,11.007866
train,80,79,106.0,131.18434,25.184341
train,80,80,105.0,121.516335,16.516335
train,80,81,104.0,118.44656,14.446564
train,80,82,103.0,95.847786,-7.152214
train,80,83,102.0,89.95159,-12.0484085
train,80,84,101.0,91.56111,-9.438889
train,80,85,100.0,95.39083,-4.609169
train,80,86,99.0,102.59126,3.5912628
train,80,87,98.0,106.60797,8.607971
train,80,88,97.0,107.37968,10.379677
train,80,89,96.0,116.54023,20.54023
train,80,90,95.0,118.68084,23.68084
train,80,91,94.0,125.21801,31.21801
train,80,92,93.0,117.13769,24.137688
train,80,93,92.0,108.708405,16.708405
train,80,94,91.0,118.61287,27.61287
train,80,95,90.0,124.51659,34.516586
train,80,96,89.0,126.203224,37.203224
train,80,97,88.0,131.25194,43.251938
train,80,98,87.0,126.98148,39.981483
train,80,99,86.0,113.58225,27.582253
train,80,100,85.0,105.449875,20.449875
train,80,101,84.0,105.89741,21.897408
train,80,102,83.0,103.67744,20.677437
train,80,103,82.0,100.213615,18.213615
train,80,104,81.0,87.04774,6.047737
train,80,105,80.0,101.49114,21.491142
train,80,106,79.0,95.58864,16.588638
train,80,107,78.0,99.04125,21.041252
train,80,108,77.0,102.42522,25.425217
train,80,109,76.0,114.29545,38.29545
train,80,110,75.0,108.04326,33.04326
train,80,111,74.0,101.11031,27.110313
train,80,112,73.0,80.20277,7.2027664
train,80,113,72.0,92.17713,20.177132
train,80,114,71.0,93.8218,22.8218
train,80,115,70.0,85.27166,15.27166
train,80,116,69.0,83.16947,14.169472
train,80,117,68.0,71.639824,3.639824
train,80,118,67.0,72.57794,5.577942
train,80,119,66.0,64.173195,-1.8268051
train,80,120,65.0,60.77862,-4.2213783
train,80,121,64.0,60.583553,-3.4164467
train,80,122,63.0,61.511204,-1.4887962
train,80,123,62.0,56.13484,-5.865162
train,80,124,61.0,59.71128,-1.2887192
train,80,125,60.0,51.25243,-8.74757
train,80,126,59.0,50.434734,-8.565266
train,80,127,58.0,60.010815,2.0108147
train,80,128,57.0,61.61867,4.6186714
train,80,129,56.0,58.92516,2.9251595
train,80,130,55.0,60.928677,5.9286766
train,80,131,54.0,65.68447,11.684471
train,80,132,53.0,67.49474,14.494743
train,80,133,52.0,59.276455,7.276455
train,80,134,51.0,55.619274,4.619274
train,80,135,50.0,60.238174,10.238174
train,80,136,49.0,51.639973,2.6399727
train,80,137,48.0,60.210934,12.210934
train,80,138,47.0,67.60047,20.600471
train,80,139,46.0,61.78568,15.785679
train,80,140,45.0,63.174904,18.174904
train,80,141,44.0,58.097958,14.097958
train,80,142,43.0,58.9365,15.936501
train,80,143,42.0,55.108486,13.108486
train,80,144,41.0,50.163647,9.163647
train,80,145,40.0,48.722668,8.722668
train,80,146,39.0,44.485252,5.4852524
train,80,147,38.0,42.238235,4.2382355
train,80,148,37.0,43.232967,6.2329674
train,80,149,36.0,37.535854,1.5358543
train,80,150,35.0,36.629833,1.6298332
train,80,151,34.0,36.759357,2.7593575
train,80,152,33.0,34.452038,1.4520378
train,80,153,32.0,32.932827,0.932827
train,80,154,31.0,28.817383,-2.1826172
train,80,155,30.0,27.853106,-2.1468945
train,80,156,29.0,26.36711,-2.6328907
train,80,157,28.0,26.69275,-1.3072491
train,80,158,27.0,25.80388,-1.1961193
train,80,159,26.0,25.77191,-0.22809029
train,80,160,25.0,27.99492,2.9949207
train,80,161,24.0,25.077368,1.0773678
train,80,162,23.0,27.600897,4.600897
train,80,163,22.0,25.542086,3.5420856
train,80,164,21.0,24.64685,3.6468506
train,80,165,20.0,21.065536,1.0655365
train,80,166,19.0,18.263117,-0.73688316
train,80,167,18.0,16.485653,-1.5143471
train,80,168,17.0,19.36227,2.3622704
train,80,169,16.0,18.566738,2.5667381
train,80,170,15.0,15.566009,0.56600857
train,80,171,14.0,15.071383,1.0713835
train,80,172,13.0,14.722888,1.722888
train,80,173,12.0,13.57972,1.5797195
train,80,174,11.0,12.575016,1.575016
train,80,175,10.0,10.055633,0.05563259
train,80,176,9.0,10.922025,1.9220247
train,80,177,8.0,7.83314,-0.1668601
train,80,178,7.0,7.6204605,0.6204605
train,80,179,6.0,7.504842,1.5048418
train,80,180,5.0,6.498809,1.4988089
train,80,181,4.0,6.0779634,2.0779634
train,80,182,3.0,3.5500922,0.5500922
train,80,183,2.0,3.5105872,1.5105872
train,80,184,1.0,2.5232277,1.5232277
train,80,185,0.0,2.3532257,2.3532257
train,81,30,210.0,143.3556,-66.644394
train,81,31,209.0,143.35863,-65.64137
train,81,32,208.0,142.61043,-65.38957
train,81,33,207.0,135.37852,-71.621475
train,81,34,206.0,130.33473,-75.66527
train,81,35,205.0,135.65955,-69.340454
train,81,36,204.0,142.5279,-61.472107
train,81,37,203.0,134.6429,-68.3571
train,81,38,202.0,143.57877,-58.421234
train,81,39,201.0,143.43698,-57.56302
train,81,40,200.0,143.72678,-56.273224
train,81,41,199.0,143.56175,-55.438248
train,81,42,198.0,143.46123,-54.538773
train,81,43,197.0,143.36568,-53.634323
train,81,44,196.0,142.62346,-53.37654
train,81,45,195.0,143.18636,-51.813644
train,81,46,194.0,143.21967,-50.780334
train,81,47,193.0,142.71234,-50.28766
train,81,48,192.0,143.31757,-48.682434
train,81,49,191.0,143.50832,-47.491684
train,81,50,190.0,143.74385,-46.25615
train,81,51,189.0,143.83012,-45.169876
train,81,52,188.0,143.75743,-44.24257
train,81,53,187.0,142.89278,-44.107224
train,81,54,186.0,143.54167,-42.45833
train,81,55,185.0,142.65892,-42.34108
train,81,56,184.0,141.91711,-42.082886
train,81,57,183.0,143.10886,-39.891144
train,81,58,182.0,143.38795,-38.612045
train,81,59,181.0,143.45958,-37.54042
train,81,60,180.0,143.16132,-36.838684
train,81,61,179.0,143.49117,-35.508835
train,81,62,178.0,141.87709,-36.12291
train,81,63,177.0,142.22061,-34.77939
train,81,64,176.0,141.81934,-34.180664
train,81,65,175.0,142.6991,-32.300903
train,81,66,174.0,143.46251,-30.53749
train,81,67,173.0,142.20921,-30.790787
train,81,68,172.0,142.9959,-29.004105
train,81,69,171.0,143.29279,-27.707214
train,81,70,170.0,143.51,-26.490005
train,81,71,169.0,143.56068,-25.439316
train,81,72,168.0,142.6017,-25.3983
train,81,73,167.0,142.50652,-24.493484
train,81,74,166.0,142.89984,-23.100159
train,81,75,165.0,143.39757,-21.602432
train,81,76,164.0,142.76897,-21.231033
train,81,77,163.0,142.55867,-20.44133
train,81,78,162.0,141.2617,-20.738297
train,81,79,161.0,140.33278,-20.667221
train,81,80,160.0,138.30751,-21.69249
train,81,81,159.0,136.6804,-22.319595
train,81,82,158.0,141.1075,-16.892502
train,81,83,157.0,141.51857,-15.48143
train,81,84,156.0,140.45738,-15.542618
train,81,85,155.0,140.66252,-14.337479
train,81,86,154.0,142.74126,-11.258743
train,81,87,153.0,142.17447,-10.825531
train,81,88,152.0,141.68704,-10.312958
train,81,89,151.0,137.88596,-13.114044
train,81,90,150.0,135.64801,-14.35199
train,81,91,149.0,136.92075,-12.079254
train,81,92,148.0,139.62569,-8.374313
train,81,93,147.0,139.76332,-7.236679
train,81,94,146.0,142.64845,-3.3515472
train,81,95,145.0,142.85048,-2.1495209
train,81,96,144.0,141.50967,-2.490326
train,81,97,143.0,141.63742,-1.3625793
train,81,98,142.0,135.4279,-6.572098
train,81,99,141.0,124.608086,-16.391914
train,81,100,140.0,123.69555,-16.304451
train,81,101,139.0,121.2517,-17.748299
train,81,102,138.0,126.6079,-11.392097
train,81,103,137.0,135.477,-1.522995
train,81,104,136.0,138.9712,2.9712067
train,81,105,135.0,142.73381,7.7338104
train,81,106,134.0,142.14134,8.141342
train,81,107,133.0,140.08566,7.085663
train,81,108,132.0,141.08081,9.080811
train,81,109,131.0,140.9354,9.935394
train,81,110,130.0,140.84073,10.840729
train,81,111,129.0,140.52205,11.522049
train,81,112,128.0,135.7521,7.7521057
train,81,113,127.0,135.81625,8.816254
train,81,114,126.0,116.90482,-9.095177
train,81,115,125.0,95.16728,-29.832718
train,81,116,124.0,109.86906,-14.130943
train,81,117,123.0,111.9921,-11.007896
train,81,118,122.0,110.67851,-11.321487
train,81,119,121.0,96.96095,-24.039047
train,81,120,120.0,99.338974,-20.661026
train,81,121,119.0,96.78988,-22.210121
train,81,122,118.0,96.06847,-21.931534
train,81,123,117.0,102.3912,-14.608803
train,81,124,116.0,114.53483,-1.4651718
train,81,125,115.0,124.148605,9.148605
train,81,126,114.0,120.56884,6.56884
train,81,127,113.0,111.48408,-1.5159225
train,81,128,112.0,108.569664,-3.430336
train,81,129,111.0,100.9296,-10.070396
train,81,130,110.0,107.89564,-2.1043625
train,81,131,109.0,93.048874,-15.951126
train,81,132,108.0,95.17954,-12.820457
train,81,133,107.0,99.49604,-7.5039597
train,81,134,106.0,106.19928,0.19927979
train,81,135,105.0,134.73598,29.735977
train,81,136,104.0,137.4767,33.4767
train,81,137,103.0,129.0251,26.0251
train,81,138,102.0,139.20464,37.204636
train,81,139,101.0,138.59087,37.590866
train,81,140,100.0,136.39,36.39
train,81,141,99.0,136.59319,37.593185
train,81,142,98.0,123.51154,25.511543
train,81,143,97.0,120.19089,23.190887
train,81,144,96.0,111.266945,15.266945
train,81,145,95.0,95.65275,0.6527481
train,81,146,94.0,95.387856,1.3878555
train,81,147,93.0,109.06553,16.065529
train,81,148,92.0,109.34586,17.345863
train,81,149,91.0,95.54512,4.5451202
train,81,150,90.0,94.28458,4.2845764
train,81,151,89.0,93.62351,4.6235123
train,81,152,88.0,90.20077,2.2007675
train,81,153,87.0,101.41146,14.411461
train,81,154,86.0,108.2732,22.273201
train,81,155,85.0,115.88563,30.885628
train,81,156,84.0,127.26081,43.26081
train,81,157,83.0,124.279396,41.279396
train,81,158,82.0,114.31946,32.319458
train,81,159,81.0,105.67945,24.679451
train,81,160,80.0,101.59904,21.599037
train,81,161,79.0,89.677536,10.677536
train,81,162,78.0,87.69308,9.693077
train,81,163,77.0,75.26286,-1.7371368
train,81,164,76.0,85.58374,9.58374
train,81,165,75.0,85.434555,10.434555
train,81,166,74.0,90.70306,16.703056
train,81,167,73.0,89.39228,16.39228
train,81,168,72.0,96.93389,24.933891
train,81,169,71.0,89.273605,18.273605
train,81,170,70.0,80.04711,10.0471115
train,81,171,69.0,90.23173,21.231728
train,81,172,68.0,80.58638,12.58638
train,81,173,67.0,79.85179,12.851791
train,81,174,66.0,84.24727,18.247269
train,81,175,65.0,82.00956,17.00956
train,81,176,64.0,73.36672,9.366722
train,81,177,63.0,75.14539,12.145393
train,81,178,62.0,76.003624,14.003624
train,81,179,61.0,69.32592,8.32592
train,81,180,60.0,65.572235,5.572235
train,81,181,59.0,63.111923,4.111923
train,81,182,58.0,48.42424,-9.57576
train,81,183,57.0,53.69126,-3.3087387
train,81,184,56.0,53.023445,-2.9765549
train,81,185,55.0,49.643417,-5.3565826
train,81,186,54.0,53.660236,-0.33976364
train,81,187,53.0,55.16476,2.1647606
train,81,188,52.0,55.014057,3.0140572
train,81,189,51.0,53.024662,2.024662
train,81,190,50.0,52.60418,2.6041794
train,81,191,49.0,45.31723,-3.6827698
train,81,192,48.0,46.847103,-1.1528969
train,81,193,47.0,48.35817,1.3581696
train,81,194,46.0,51.39596,5.3959618
train,81,195,45.0,49.247494,4.2474937
train,81,196,44.0,49.299625,5.2996254
train,81,197,43.0,44.05315,1.0531502
train,81,198,42.0,39.665073,-2.3349266
train,81,199,41.0,39.281536,-1.7184639
train,81,200,40.0,41.286777,1.2867775
train,81,201,39.0,43.408154,4.4081535
train,81,202,38.0,47.603664,9.603664
train,81,203,37.0,41.8801,4.8801003
train,81,204,36.0,41.36944,5.369438
train,81,205,35.0,39.67766,4.677662
train,81,206,34.0,40.88862,6.8886185
train,81,207,33.0,33.83054,0.8305397
train,81,208,32.0,35.15639,3.1563911
train,81,209,31.0,33.517742,2.5177422
train,81,210,30.0,31.629618,1.6296177
train,81,211,29.0,30.30828,1.308281
train,81,212,28.0,31.00949,3.009489
train,81,213,27.0,28.321508,1.3215084
train,81,214,26.0,25.83873,-0.16127014
train,81,215,25.0,22.981794,-2.0182056
train,81,216,24.0,19.21191,-4.7880898
train,81,217,23.0,17.980242,-5.019758
train,81,218,22.0,17.651888,-4.348112
train,81,219,21.0,18.139591,-2.8604088
train,81,220,20.0,21.534008,1.534008
train,81,221,19.0,22.128084,3.1280842
train,81,222,18.0,21.783476,3.7834759
train,81,223,17.0,17.564665,0.56466484
train,81,224,16.0,16.620226,0.6202259
train,81,225,15.0,15.409062,0.4090624
train,81,226,14.0,15.306865,1.3068647
train,81,227,13.0,14.753361,1.7533607
train,81,228,12.0,13.990773,1.9907732
train,81,229,11.0,14.9370165,3.9370165
train,81,230,10.0,13.608396,3.6083956
train,81,231,9.0,12.263995,3.2639952
train,81,232,8.0,11.810217,3.810217
train,81,233,7.0,9.358287,2.3582869
train,81,234,6.0,8.537195,2.5371952
train,81,235,5.0,9.645789,4.645789
train,81,236,4.0,5.2401724,1.2401724
train,81,237,3.0,3.5102415,0.5102415
train,81,238,2.0,3.6045275,1.6045275
train,81,239,1.0,3.3924708,2.3924708
train,81,240,0.0,2.3637934,2.3637934
train,83,30,263.0,145.87453,-117.12547
train,83,31,262.0,145.86543,-116.13457
train,83,32,261.0,145.9129,-115.0871
train,83,33,260.0,145.96025,-114.03975
train,83,34,259.0,145.87038,-113.12962
train,83,35,258.0,145.96075,-112.039246
train,83,36,257.0,145.75438,-111.24562
train,83,37,256.0,145.98544,-110.01456
train,83,38,255.0,145.80324,-109.19676
train,83,39,254.0,145.79091,-108.20909
train,83,40,253.0,145.79987,-107.200134
train,83,41,252.0,145.76659,-106.23341
train,83,42,251.0,145.43098,-105.569016
train,83,43,250.0,145.6085,-104.391495
train,83,44,249.0,145.32372,-103.676285
train,83,45,248.0,145.44174,-102.55826
train,83,46,247.0,145.3923,-101.6077
train,83,47,246.0,145.34389,-100.65611
train,83,48,245.0,145.34096,-99.65904
train,83,49,244.0,145.45471,-98.54529
train,83,50,243.0,145.51402,-97.48598
train,83,51,242.0,145.48463,-96.515366
train,83,52,241.0,145.67047,-95.32953
train,83,53,240.0,145.70116,-94.29884
train,83,54,239.0,145.43037,-93.569626
train,83,55,238.0,145.69258,-92.30742
train,83,56,237.0,145.6871,-91.3129
train,83,57,236.0,145.6789,-90.321106
train,83,58,235.0,145.86623,-89.13377
train,83,59,234.0,145.7436,-88.25639
train,83,60,233.0,145.92487,-87.075134
train,83,61,232.0,145.80283,-86.197174
train,83,62,231.0,145.85869,-85.14131
train,83,63,230.0,145.7765,-84.223495
train,83,64,229.0,145.83556,-83.164444
train,83,65,228.0,145.87984,-82.12016
train,83,66,227.0,145.89095,-81.109055
train,83,67,226.0,145.49416,-80.505844
train,83,68,225.0,145.80643,-79.19357
train,83,69,224.0,145.80559,-78.19441
train,83,70,223.0,145.77061,-77.229385
train,83,71,222.0,145.55376,-76.44624
train,83,72,221.0,145.65166,-75.34834
train,83,73,220.0,145.29198,-74.70802
train,83,74,219.0,145.73325,-73.266754
train,83,75,218.0,145.12138,-72.87862
train,83,76,217.0,145.46309,-71.53691
train,83,77,216.0,144.71553,-71.28447
train,83,78,215.0,144.49474,-70.505264
train,83,79,214.0,144.61566,-69.38434
train,83,80,213.0,145.5944,-67.405594
train,83,81,212.0,144.94931,-67.05069
train,83,82,211.0,145.1242,-65.87579
train,83,83,210.0,145.64491,-64.35509
train,83,84,209.0,145.45308,-63.54692
train,83,85,208.0,145.65388,-62.346115
train,83,86,207.0,145.2056,-61.794403
train,83,87,206.0,145.50734,-60.49266
train,83,88,205.0,145.6342,-59.3658
train,83,89,204.0,145.54924,-58.45076
train,83,90,203.0,145.54028,-57.459717
train,83,91,202.0,145.36462,-56.635376
train,83,92,201.0,145.55197,-55.44803
train,83,93,200.0,145.40758,-54.592422
train,83,94,199.0,145.1846,-53.8154
train,83,95,198.0,145.00458,-52.995422
train,83,96,197.0,145.49803,-51.50197
train,83,97,196.0,145.70436,-50.29564
train,83,98,195.0,145.68666,-49.31334
train,83,99,194.0,145.56236,-48.437637
train,83,100,193.0,145.59644,-47.403564
train,83,101,192.0,145.70747,-46.292526
train,83,102,191.0,145.43968,-45.560318
train,83,103,190.0,145.6834,-44.316605
train,83,104,189.0,145.79,-43.210007
train,83,105,188.0,145.85869,-42.14131
train,83,106,187.0,145.94576,-41.054245
train,83,107,186.0,145.89919,-40.100815
train,83,108,185.0,145.84138,-39.158615
train,83,109,184.0,145.62956,-38.370438
train,83,110,183.0,145.78864,-37.211365
train,83,111,182.0,145.95139,-36.048615
train,83,112,181.0,145.98753,-35.012466
train,83,113,180.0,145.52715,-34.472855
train,83,114,179.0,145.71495,-33.28505
train,83,115,178.0,145.82625,-32.17375
train,83,116,177.0,145.93822,-31.061783
train,83,117,176.0,145.98357,-30.016434
train,83,118,175.0,145.55785,-29.442154
train,83,119,174.0,145.67409,-28.325912
train,83,120,173.0,145.83327,-27.166733
train,83,121,172.0,145.97682,-26.023178
train,83,122,171.0,145.80725,-25.192749
train,83,123,170.0,145.81586,-24.184143
train,83,124,169.0,144.52986,-24.470139
train,83,125,168.0,145.32286,-22.67714
train,83,126,167.0,145.68442,-21.315582
train,83,127,166.0,144.91762,-21.082382
train,83,128,165.0,144.13904,-20.860962
train,83,129,164.0,145.1685,-18.831497
train,83,130,163.0,145.37993,-17.620071
train,83,131,162.0,145.82298,-16.177017
train,83,132,161.0,145.56497,-15.435028
train,83,133,160.0,145.36278,-14.637222
train,83,134,159.0,145.61055,-13.38945
train,83,135,158.0,145.57555,-12.424454
train,83,136,157.0,145.60965,-11.39035
train,83,137,156.0,145.85667,-10.143326
train,83,138,155.0,145.77452,-9.225479
train,83,139,154.0,145.72319,-8.27681
train,83,140,153.0,145.79921,-7.2007904
train,83,141,152.0,145.65373,-6.3462677
train,83,142,151.0,145.7144,-5.2855988
train,83,143,150.0,145.49132,-4.5086823
train,83,144,149.0,145.20258,-3.7974243
train,83,145,148.0,145.20073,-2.7992706
train,83,146,147.0,144.39857,-2.6014252
train,83,147,146.0,142.67435,-3.325653
train,83,148,145.0,136.0606,-8.939407
train,83,149,144.0,129.5988,-14.401199
train,83,150,143.0,125.801285,-17.198715
train,83,151,142.0,123.82676,-18.17324
train,83,152,141.0,126.0412,-14.958801
train,83,153,140.0,134.44557,-5.554428
train,83,154,139.0,141.40282,2.4028168
train,83,155,138.0,143.96436,5.9643555
train,83,156,137.0,145.24254,8.242538
train,83,157,136.0,145.65318,9.653183
train,83,158,135.0,143.61133,8.611328
train,83,159,134.0,144.29219,10.292191
train,83,160,133.0,144.29268,11.292679
train,83,161,132.0,143.90443,11.904434
train,83,162,131.0,140.07448,9.074478
train,83,163,130.0,134.9009,4.900894
train,83,164,129.0,129.38995,0.3899536
train,83,165,128.0,129.25423,1.2542267
train,83,166,127.0,120.66673,-6.333267
train,83,167,126.0,111.40051,-14.599487
train,83,168,125.0,113.01516,-11.98484
train,83,169,124.0,118.402565,-5.597435
train,83,170,123.0,119.43958,-3.5604172
train,83,171,122.0,123.91413,1.9141312
train,83,172,121.0,126.426674,5.426674
train,83,173,120.0,145.02322,25.023224
train,83,174,119.0,122.67004,3.6700363
train,83,175,118.0,108.72034,-9.279663
train,83,176,117.0,103.231926,-13.768074
train,83,177,116.0,98.31902,-17.680977
train,83,178,115.0,102.77844,-12.221558
train,83,179,114.0,97.78124,-16.218758
train,83,180,113.0,100.37265,-12.62735
train,83,181,112.0,109.73408,-2.2659225
train,83,182,111.0,118.685616,7.6856155
train,83,183,110.0,124.28435,14.284348
train,83,184,109.0,118.70251,9.702507
train,83,185,108.0,105.32613,-2.6738663
train,83,186,107.0,85.424835,-21.575165
train,83,187,106.0,83.34611,-22.653893
train,83,188,105.0,79.28169,-25.718307
train,83,189,104.0,86.50248,-17.49752
train,83,190,103.0,91.23138,-11.768623
train,83,191,102.0,85.21192,-16.788078
train,83,192,101.0,79.888435,-21.111565
train,83,193,100.0,74.032326,-25.967674
train,83,194,99.0,72.24675,-26.75325
train,83,195,98.0,77.04781,-20.952187
train,83,196,97.0,75.5691,-21.4309
train,83,197,96.0,84.31956,-11.680443
train,83,198,95.0,85.00852,-9.991478
train,83,199,94.0,74.11727,-19.882729
train,83,200,93.0,71.91065,-21.089348
train,83,201,92.0,70.97302,-21.026978
train,83,202,91.0,75.486855,-15.513145
train,83,203,90.0,71.09664,-18.903358
train,83,204,89.0,74.98358,-14.016418
train,83,205,88.0,81.2485,-6.751503
train,83,206,87.0,78.72219,-8.277809
train,83,207,86.0,77.5863,-8.413696
train,83,208,85.0,81.21662,-3.7833786
train,83,209,84.0,86.95906,2.9590607
train,83,210,83.0,81.34055,-1.6594467
train,83,211,82.0,79.0644,-2.9356003
train,83,212,81.0,72.58611,-8.413887
train,83,213,80.0,71.00648,-8.993523
train,83,214,79.0,66.85787,-12.142128
train,83,215,78.0,71.07255,-6.927452
train,83,216,77.0,72.95581,-4.0441895
train,83,217,76.0,73.30657,-2.693428
train,83,218,75.0,72.932365,-2.0676346
train,83,219,74.0,69.408714,-4.5912857
train,83,220,73.0,68.73502,-4.2649765
train,83,221,72.0,72.7779,0.7779007
train,83,222,71.0,75.61734,4.61734
train,83,223,70.0,77.764885,7.764885
train,83,224,69.0,72.25582,3.2558212
train,83,225,68.0,76.28189,8.281891
train,83,226,67.0,85.43336,18.433357
train,83,227,66.0,72.92263,6.9226303
train,83,228,65.0,64.86629,-0.13371277
train,83,229,64.0,63.495384,-0.5046158
train,83,230,63.0,51.47778,-11.522221
train,83,231,62.0,51.355556,-10.6444435
train,83,232,61.0,50.533253,-10.466747
train,83,233,60.0,53.021423,-6.9785767
train,83,234,59.0,53.610554,-5.3894463
train,83,235,58.0,52.205204,-5.794796
train,83,236,57.0,50.71301,-6.286991
train,83,237,56.0,46.52281,-9.477188
train,83,238,55.0,43.525658,-11.474342
train,83,239,54.0,44.697933,-9.302067
train,83,240,53.0,41.810646,-11.189354
train,83,241,52.0,36.417965,-15.582035
train,83,242,51.0,34.032906,-16.967094
train,83,243,50.0,34.89738,-15.102619
train,83,244,49.0,36.07545,-12.924549
train,83,245,48.0,35.814663,-12.185337
train,83,246,47.0,36.952286,-10.047714
train,83,247,46.0,36.703506,-9.296494
train,83,248,45.0,34.43691,-10.563091
train,83,249,44.0,35.602535,-8.397465
train,83,250,43.0,31.897326,-11.1026745
train,83,251,42.0,31.160318,-10.839682
train,83,252,41.0,28.863283,-12.136717
train,83,253,40.0,30.587992,-9.412008
train,83,254,39.0,31.886099,-7.113901
train,83,255,38.0,35.791164,-2.2088356
train,83,256,37.0,37.632572,0.6325722
train,83,257,36.0,36.655445,0.6554451
train,83,258,35.0,38.897152,3.897152
train,83,259,34.0,46.373066,12.373066
train,83,260,33.0,37.056225,4.056225
train,83,261,32.0,40.953495,8.953495
train,83,262,31.0,35.082245,4.082245
train,83,263,30.0,32.597546,2.5975456
train,83,264,29.0,30.410791,1.4107914
train,83,265,28.0,27.649462,-0.35053825
train,83,266,27.0,27.480177,0.48017693
train,83,267,26.0,25.920595,-0.07940483
train,83,268,25.0,23.809536,-1.190464
train,83,269,24.0,24.023237,0.023237228
train,83,270,23.0,24.86075,1.8607502
train,83,271,22.0,21.883514,-0.116485596
train,83,272,21.0,20.233507,-0.76649284
train,83,273,20.0,19.595888,-0.40411186
train,83,274,19.0,16.262732,-2.7372684
train,83,275,18.0,14.464014,-3.535986
train,83,276,17.0,14.841844,-2.1581564
train,83,277,16.0,15.577785,-0.42221546
train,83,278,15.0,14.023965,-0.9760351
train,83,279,14.0,11.104255,-2.8957453
train,83,280,13.0,13.020303,0.020302773
train,83,281,12.0,14.119733,2.1197329
train,83,282,11.0,13.339841,2.339841
train,83,283,10.0,12.663104,2.663104
train,83,284,9.0,11.808761,2.8087606
train,83,285,8.0,11.631333,3.6313334
train,83,286,7.0,10.89199,3.8919897
train,83,287,6.0,8.16758,2.1675797
train,83,288,5.0,6.6136093,1.6136093
train,83,289,4.0,6.761444,2.761444
train,83,290,3.0,3.7643204,0.7643204
train,83,291,2.0,2.9996824,0.9996824
train,83,292,1.0,2.9115496,1.9115496
train,83,293,0.0,3.4487658,3.4487658
train,84,30,237.0,140.73512,-96.26488
train,84,31,236.0,141.33751,-94.66249
train,84,32,235.0,141.34067,-93.65933
train,84,33,234.0,140.39552,-93.60448
train,84,34,233.0,140.9066,-92.0934
train,84,35,232.0,139.84679,-92.15321
train,84,36,231.0,141.73064,-89.26936
train,84,37,230.0,141.79903,-88.20097
train,84,38,229.0,141.98204,-87.01796
train,84,39,228.0,141.97896,-86.02104
train,84,40,227.0,141.76045,-85.23955
train,84,41,226.0,141.75832,-84.241684
train,84,42,225.0,141.63097,-83.36903
train,84,43,224.0,140.07912,-83.92088
train,84,44,223.0,140.71849,-82.28151
train,84,45,222.0,141.11317,-80.886826
train,84,46,221.0,141.11964,-79.880356
train,84,47,220.0,141.46245,-78.53755
train,84,48,219.0,138.8263,-80.173706
train,84,49,218.0,133.16457,-84.835434
train,84,50,217.0,134.62056,-82.37944
train,84,51,216.0,137.46445,-78.53555
train,84,52,215.0,133.7944,-81.2056
train,84,53,214.0,133.83846,-80.161545
train,84,54,213.0,136.63846,-76.36154
train,84,55,212.0,136.10994,-75.89006
train,84,56,211.0,140.716,-70.284
train,84,57,210.0,140.98958,-69.01042
train,84,58,209.0,138.95998,-70.04002
train,84,59,208.0,139.81071,-68.189285
train,84,60,207.0,140.42708,-66.57292
train,84,61,206.0,138.18277,-67.81723
train,84,62,205.0,139.4129,-65.5871
train,84,63,204.0,140.06549,-63.93451
train,84,64,203.0,141.14705,-61.85295
train,84,65,202.0,140.59782,-61.402176
train,84,66,201.0,140.57625,-60.42375
train,84,67,200.0,141.27171,-58.728287
train,84,68,199.0,140.45502,-58.544983
train,84,69,198.0,139.91948,-58.08052
train,84,70,197.0,139.93288,-57.067123
train,84,71,196.0,140.66603,-55.33397
train,84,72,195.0,141.04417,-53.955826
train,84,73,194.0,140.9319,-53.0681
train,84,74,193.0,138.86772,-54.13228
train,84,75,192.0,140.46098,-51.539017
train,84,76,191.0,139.09662,-51.90338
train,84,77,190.0,139.25652,-50.743484
train,84,78,189.0,140.60106,-48.39894
train,84,79,188.0,139.23476,-48.765244
train,84,80,187.0,139.7928,-47.2072
train,84,81,186.0,135.88345,-50.116547
train,84,82,185.0,139.67714,-45.32286
train,84,83,184.0,135.41501,-48.58499
train,84,84,183.0,133.26816,-49.731842
train,84,85,182.0,133.71826,-48.28174
train,84,86,181.0,135.64166,-45.358337
train,84,87,180.0,134.29622,-45.70378
train,84,88,179.0,136.77652,-42.22348
train,84,89,178.0,134.65114,-43.34886
train,84,90,177.0,134.04884,-42.951157
train,84,91,176.0,133.60103,-42.39897
train,84,92,175.0,131.24483,-43.755173
train,84,93,174.0,127.30167,-46.698334
train,84,94,173.0,140.1255,-32.874496
train,84,95,172.0,136.03685,-35.96315
train,84,96,171.0,136.41997,-34.580032
train,84,97,170.0,138.12428,-31.875717
train,84,98,169.0,132.12794,-36.872055
train,84,99,168.0,135.23843,-32.761566
train,84,100,167.0,139.72238,-27.277618
train,84,101,166.0,139.47934,-26.52066
train,84,102,165.0,139.41228,-25.587723
train,84,103,164.0,139.07964,-24.920364
train,84,104,163.0,137.84547,-25.154526
train,84,105,162.0,139.78679,-22.213211
train,84,106,161.0,140.63753,-20.362473
train,84,107,160.0,140.25037,-19.749634
train,84,108,159.0,139.645,-19.354996
train,84,109,158.0,139.87788,-18.122116
train,84,110,157.0,139.88057,-17.11943
train,84,111,156.0,133.63791,-22.362091
train,84,112,155.0,136.56068,-18.439316
train,84,113,154.0,133.60341,-20.396591
train,84,114,153.0,136.42741,-16.572586
train,84,115,152.0,136.92992,-15.070084
train,84,116,151.0,124.22506,-26.77494
train,84,117,150.0,124.59294,-25.407059
train,84,118,149.0,126.51544,-22.484558
train,84,119,148.0,115.100426,-32.899574
train,84,120,147.0,124.53414,-22.465858
train,84,121,146.0,138.18625,-7.813751
train,84,122,145.0,139.54881,-5.451187
train,84,123,144.0,134.83159,-9.168411
train,84,124,143.0,138.21994,-4.78006
train,84,125,142.0,137.76375,-4.236252
train,84,126,141.0,131.86223,-9.137772
train,84,127,140.0,126.7751,-13.224899
train,84,128,139.0,107.11985,-31.88015
train,84,129,138.0,122.300255,-15.699745
train,84,130,137.0,123.67135,-13.328651
train,84,131,136.0,128.98515,-7.014847
train,84,132,135.0,127.054436,-7.9455643
train,84,133,134.0,127.99676,-6.0032425
train,84,134,133.0,131.81766,-1.1823425
train,84,135,132.0,125.94903,-6.050972
train,84,136,131.0,118.26197,-12.7380295
train,84,137,130.0,103.90901,-26.090988
train,84,138,129.0,112.14199,-16.85801
train,84,139,128.0,103.49511,-24.50489
train,84,140,127.0,116.44302,-10.556976
train,84,141,126.0,101.34112,-24.658882
train,84,142,125.0,105.07873,-19.921272
train,84,143,124.0,103.8657,-20.1343
train,84,144,123.0,102.09873,-20.901268
train,84,145,122.0,88.738495,-33.261505
train,84,146,121.0,82.576965,-38.423035
train,84,147,120.0,102.69405,-17.305946
train,84,148,119.0,97.09106,-21.908943
train,84,149,118.0,91.8046,-26.195396
train,84,150,117.0,100.722786,-16.277214
train,84,151,116.0,108.76972,-7.230278
train,84,152,115.0,122.05285,7.052849
train,84,153,114.0,112.77741,-1.2225876
train,84,154,113.0,119.75848,6.7584763
train,84,155,112.0,105.496994,-6.503006
train,84,156,111.0,96.27309,-14.726913
train,84,157,110.0,87.47377,-22.52623
train,84,158,109.0,77.90676,-31.093239
train,84,159,108.0,75.26158,-32.73842
train,84,160,107.0,74.91517,-32.08483
train,84,161,106.0,72.80106,-33.198936
train,84,162,105.0,79.67315,-25.32685
train,84,163,104.0,82.83861,-21.161392
train,84,164,103.0,86.56129,-16.438713
train,84,165,102.0,82.39489,-19.60511
train,84,166,101.0,86.837776,-14.162224
train,84,167,100.0,79.895546,-20.104454
train,84,168,99.0,82.81631,-16.183693
train,84,169,98.0,84.91732,-13.08268
train,84,170,97.0,83.47477,-13.52523
train,84,171,96.0,80.03991,-15.960091
train,84,172,95.0,75.787415,-19.212585
train,84,173,94.0,82.218895,-11.781105
train,84,174,93.0,85.58044,-7.4195633
train,84,175,92.0,85.06713,-6.932869
train,84,176,91.0,79.73693,-11.263069
train,84,177,90.0,77.32729,-12.672707
train,84,178,89.0,81.09806,-7.9019394
train,84,179,88.0,80.99561,-7.004387
train,84,180,87.0,86.08434,-0.91565704
train,84,181,86.0,77.03213,-8.967873
train,84,182,85.0,71.54188,-13.458122
train,84,183,84.0,75.5563,-8.443703
train,84,184,83.0,85.88384,2.8838425
train,84,185,82.0,84.4952,2.495201
train,84,186,81.0,85.049965,4.049965
train,84,187,80.0,82.44233,2.4423294
train,84,188,79.0,74.04293,-4.9570694
train,84,189,78.0,82.63338,4.633377
train,84,190,77.0,82.76125,5.7612534
train,84,191,76.0,82.44482,6.4448166
train,84,192,75.0,84.473526,9.473526
train,84,193,74.0,76.58749,2.5874863
train,84,194,73.0,73.23696,0.23696136
train,84,195,72.0,66.38126,-5.6187363
train,84,196,71.0,63.09936,-7.9006386
train,84,197,70.0,63.52327,-6.4767303
train,84,198,69.0,62.667583,-6.3324165
train,84,199,68.0,64.43959,-3.5604095
train,84,200,67.0,71.056816,4.056816
train,84,201,66.0,68.47922,2.4792175
train,84,202,65.0,64.15406,-0.84593964
train,84,203,64.0,63.385326,-0.6146736
train,84,204,63.0,57.851074,-5.148926
train,84,205,62.0,48.297314,-13.702686
train,84,206,61.0,46.722443,-14.277557
train,84,207,60.0,46.57633,-13.423672
train,84,208,59.0,42.149204,-16.850796
train,84,209,58.0,43.488888,-14.511112
train,84,210,57.0,42.076733,-14.923267
train,84,211,56.0,42.58932,-13.410679
train,84,212,55.0,44.52717,-10.472832
train,84,213,54.0,46.390247,-7.6097527
train,84,214,53.0,44.861,-8.139
train,84,215,52.0,44.633076,-7.3669243
train,84,216,51.0,42.362583,-8.637417
train,84,217,50.0,44.003582,-5.996418
train,84,218,49.0,50.17411,1.1741104
train,84,219,48.0,50.781677,2.7816772
train,84,220,47.0,48.721043,1.7210426
train,84,221,46.0,45.334713,-0.665287
train,84,222,45.0,44.040504,-0.95949554
train,84,223,44.0,42.860165,-1.1398354
train,84,224,43.0,45.85481,2.8548088
train,84,225,42.0,43.17374,1.1737404
train,84,226,41.0,42.055607,1.0556068
train,84,227,40.0,39.27763,-0.72237015
train,84,228,39.0,38.13652,-0.8634796
train,84,229,38.0,40.751534,2.7515335
train,84,230,37.0,36.726944,-0.27305603
train,84,231,36.0,35.76092,-0.23907852
train,84,232,35.0,32.927563,-2.0724373
train,84,233,34.0,36.55678,2.5567818
train,84,234,33.0,33.927837,0.9278374
train,84,235,32.0,35.93437,3.9343681
train,84,236,31.0,33.08564,2.08564
train,84,237,30.0,29.845785,-0.15421486
train,84,238,29.0,29.115934,0.11593437
train,84,239,28.0,30.89832,2.8983192
train,84,240,27.0,31.562523,4.562523
train,84,241,26.0,26.564018,0.56401825
train,84,242,25.0,25.446991,0.44699097
train,84,243,24.0,21.873468,-2.1265316
train,84,244,23.0,20.173037,-2.8269634
train,84,245,22.0,19.400127,-2.5998726
train,84,246,21.0,20.643301,-0.356699
train,84,247,20.0,21.481192,1.4811916
train,84,248,19.0,21.206182,2.2061825
train,84,249,18.0,18.833324,0.83332443
train,84,250,17.0,18.54571,1.5457096
train,84,251,16.0,17.691837,1.6918373
train,84,252,15.0,16.611212,1.6112118
train,84,253,14.0,15.621442,1.6214418
train,84,254,13.0,16.206871,3.206871
train,84,255,12.0,18.301516,6.3015156
train,84,256,11.0,17.434809,6.4348087
train,84,257,10.0,15.7623415,5.7623415
train,84,258,9.0,13.739816,4.7398157
train,84,259,8.0,10.121898,2.1218977
train,84,260,7.0,7.882863,0.88286304
train,84,261,6.0,7.273432,1.2734318
train,84,262,5.0,5.5591035,0.5591035
train,84,263,4.0,6.1330795,2.1330795
train,84,264,3.0,3.2396426,0.23964262
train,84,265,2.0,4.248014,2.248014
train,84,266,1.0,3.8683925,2.8683925
train,84,267,0.0,2.6954057,2.6954057
train,85,30,158.0,124.689224,-33.310776
train,85,31,157.0,142.41231,-14.587692
train,85,32,156.0,141.7545,-14.245499
train,85,33,155.0,144.20198,-10.798019
train,85,34,154.0,144.22954,-9.770462
train,85,35,153.0,143.71964,-9.280365
train,85,36,152.0,143.85379,-8.14621
train,85,37,151.0,142.05452,-8.94548
train,85,38,150.0,143.59395,-6.4060516
train,85,39,149.0,143.97964,-5.020355
train,85,40,148.0,143.56718,-4.4328156
train,85,41,147.0,143.6031,-3.3968964
train,85,42,146.0,144.00298,-1.9970245
train,85,43,145.0,143.51799,-1.4820099
train,85,44,144.0,143.84944,-0.15055847
train,85,45,143.0,143.45427,0.4542694
train,85,46,142.0,143.77168,1.7716827
train,85,47,141.0,138.00658,-2.9934235
train,85,48,140.0,143.52739,3.5273895
train,85,49,139.0,142.23286,3.2328644
train,85,50,138.0,138.7198,0.71980286
train,85,51,137.0,132.9572,-4.042801
train,85,52,136.0,139.79372,3.7937164
train,85,53,135.0,114.252815,-20.747185
train,85,54,134.0,127.11901,-6.880989
train,85,55,133.0,126.1899,-6.8100967
train,85,56,132.0,137.40804,5.4080353
train,85,57,131.0,140.98557,9.985565
train,85,58,130.0,142.5931,12.593094
train,85,59,129.0,143.44179,14.441788
train,85,60,128.0,143.54944,15.549438
train,85,61,127.0,143.59686,16.596863
train,85,62,126.0,143.63828,17.638275
train,85,63,125.0,143.7877,18.787704
train,85,64,124.0,143.76921,19.76921
train,85,65,123.0,143.59462,20.59462
train,85,66,122.0,143.71545,21.715454
train,85,67,121.0,143.6437,22.643707
train,85,68,120.0,143.67993,23.679932
train,85,69,119.0,143.49995,24.499954
train,85,70,118.0,142.64836,24.648361
train,85,71,117.0,142.78508,25.78508
train,85,72,116.0,142.91716,26.91716
train,85,73,115.0,143.22403,28.22403
train,85,74,114.0,143.33305,29.333054
train,85,75,113.0,142.44595,29.445953
train,85,76,112.0,135.60434,23.60434
train,85,77,111.0,103.42849,-7.5715103
train,85,78,110.0,108.21793,-1.7820663
train,85,79,109.0,78.47036,-30.52964
train,85,80,108.0,83.14312,-24.85688
train,85,81,107.0,95.15312,-11.846878
train,85,82,106.0,110.47648,4.4764786
train,85,83,105.0,119.999794,14.999794
train,85,84,104.0,110.64039,6.6403885
train,85,85,103.0,116.98247,13.982468
train,85,86,102.0,124.33454,22.334541
train,85,87,101.0,109.33957,8.339569
train,85,88,100.0,93.25853,-6.7414703
train,85,89,99.0,94.5705,-4.429497
train,85,90,98.0,103.10235,5.1023483
train,85,91,97.0,101.93806,4.938057
train,85,92,96.0,103.19387,7.1938705
train,85,93,95.0,89.44953,-5.5504684
train,85,94,94.0,98.744514,4.7445145
train,85,95,93.0,93.24327,0.24327087
train,85,96,92.0,103.61209,11.612091
train,85,97,91.0,107.30961,16.309608
train,85,98,90.0,118.973,28.973
train,85,99,89.0,108.68342,19.683418
train,85,100,88.0,107.90383,19.903831
train,85,101,87.0,113.1742,26.174202
train,85,102,86.0,113.30598,27.305977
train,85,103,85.0,108.88758,23.88758
train,85,104,84.0,102.57878,18.578781
train,85,105,83.0,92.63412,9.634117
train,85,106,82.0,96.66856,14.668556
train,85,107,81.0,89.956825,8.956825
train,85,108,80.0,80.47942,0.47942352
train,85,109,79.0,74.76299,-4.237007
train,85,110,78.0,82.375786,4.375786
train,85,111,77.0,88.28014,11.280144
train,85,112,76.0,86.299644,10.299644
train,85,113,75.0,89.86463,14.864632
train,85,114,74.0,73.60173,-0.39826965
train,85,115,73.0,77.64669,4.6466904
train,85,116,72.0,69.229454,-2.770546
train,85,117,71.0,56.13003,-14.869968
train,85,118,70.0,56.673695,-13.326305
train,85,119,69.0,61.35128,-7.64872
train,85,120,68.0,74.52165,6.521652
train,85,121,67.0,73.402214,6.402214
train,85,122,66.0,73.843376,7.843376
train,85,123,65.0,66.905846,1.9058456
train,85,124,64.0,81.118484,17.118484
train,85,125,63.0,73.40188,10.401878
train,85,126,62.0,77.50779,15.50779
train,85,127,61.0,65.37114,4.3711395
train,85,128,60.0,62.467934,2.4679337
train,85,129,59.0,64.593765,5.5937653
train,85,130,58.0,71.43285,13.432854
train,85,131,57.0,65.95923,8.9592285
train,85,132,56.0,69.65274,13.6527405
train,85,133,55.0,66.30344,11.303436
train,85,134,54.0,54.308117,0.3081169
train,85,135,53.0,52.63908,-0.36091995
train,85,136,52.0,51.508877,-0.4911232
train,85,137,51.0,53.770027,2.7700272
train,85,138,50.0,59.73984,9.739841
train,85,139,49.0,66.616005,17.616005
train,85,140,48.0,65.82877,17.828773
train,85,141,47.0,67.69336,20.69336
train,85,142,46.0,65.48226,19.482262
train,85,143,45.0,58.904305,13.9043045
train,85,144,44.0,63.021564,19.021564
train,85,145,43.0,69.27283,26.272827
train,85,146,42.0,62.08137,20.081371
train,85,147,41.0,57.379856,16.379856
train,85,148,40.0,47.77848,7.7784805
train,85,149,39.0,45.08799,6.08799
train,85,150,38.0,45.797375,7.7973747
train,85,151,37.0,43.9472,6.947201
train,85,152,36.0,38.891582,2.8915825
train,85,153,35.0,36.221546,1.2215462
train,85,154,34.0,34.0766,0.07659912
train,85,155,33.0,29.931505,-3.0684948
train,85,156,32.0,36.608204,4.608204
train,85,157,31.0,34.1208,3.1208
train,85,158,30.0,31.99468,1.9946804
train,85,159,29.0,34.41309,5.4130898
train,85,160,28.0,30.51654,2.5165405
train,85,161,27.0,28.53538,1.5353794
train,85,162,26.0,26.779478,0.7794781
train,85,163,25.0,24.228294,-0.7717056
train,85,164,24.0,21.887495,-2.112505
train,85,165,23.0,25.27792,2.2779198
train,85,166,22.0,27.525497,5.5254974
train,85,167,21.0,27.659155,6.659155
train,85,168,20.0,25.306284,5.306284
train,85,169,19.0,25.82522,6.82522
train,85,170,18.0,24.639177,6.6391773
train,85,171,17.0,25.573584,8.573584
train,85,172,16.0,21.940977,5.940977
train,85,173,15.0,19.145567,4.145567
train,85,174,14.0,17.635721,3.6357212
train,85,175,13.0,16.333769,3.3337688
train,85,176,12.0,17.399416,5.399416
train,85,177,11.0,16.637283,5.6372833
train,85,178,10.0,14.058745,4.0587454
train,85,179,9.0,11.731223,2.731223
train,85,180,8.0,12.409075,4.409075
train,85,181,7.0,10.8849745,3.8849745
train,85,182,6.0,10.289233,4.289233
train,85,183,5.0,9.428113,4.428113
train,85,184,4.0,8.531652,4.5316525
train,85,185,3.0,6.817506,3.8175058
train,85,186,2.0,5.0701613,3.0701613
train,85,187,1.0,3.3801785,2.3801785
train,85,188,0.0,1.004645,1.004645
train,86,30,248.0,143.4836,-104.5164
train,86,31,247.0,142.4419,-104.558105
train,86,32,246.0,143.3221,-102.6779
train,86,33,245.0,143.58733,-101.412674
train,86,34,244.0,143.76543,-100.23457
train,86,35,243.0,143.82295,-99.17705
train,86,36,242.0,143.02524,-98.97476
train,86,37,241.0,143.09285,-97.90715
train,86,38,240.0,143.6173,-96.382706
train,86,39,239.0,142.06976,-96.93024
train,86,40,238.0,142.63792,-95.362076
train,86,41,237.0,143.34167,-93.658325
train,86,42,236.0,143.35155,-92.64845
train,86,43,235.0,143.104,-91.895996
train,86,44,234.0,143.41263,-90.58737
train,86,45,233.0,143.36755,-89.63245
train,86,46,232.0,143.33588,-88.66412
train,86,47,231.0,142.8826,-88.1174
train,86,48,230.0,143.17589,-86.82411
train,86,49,229.0,143.27904,-85.72096
train,86,50,228.0,143.44527,-84.55473
train,86,51,227.0,143.4516,-83.5484
train,86,52,226.0,143.40764,-82.59236
train,86,53,225.0,143.15898,-81.84102
train,86,54,224.0,143.07999,-80.92001
train,86,55,223.0,143.41542,-79.58458
train,86,56,222.0,143.2967,-78.70329
train,86,57,221.0,143.60597,-77.39403
train,86,58,220.0,143.6989,-76.3011
train,86,59,219.0,143.6358,-75.3642
train,86,60,218.0,143.22646,-74.773544
train,86,61,217.0,143.32451,-73.67549
train,86,62,216.0,143.33534,-72.66466
train,86,63,215.0,143.42743,-71.57257
train,86,64,214.0,143.60213,-70.39787
train,86,65,213.0,143.64806,-69.351944
train,86,66,212.0,139.19472,-72.80528
train,86,67,211.0,140.9995,-70.0005
train,86,68,210.0,142.325,-67.675
train,86,69,209.0,140.816,-68.184006
train,86,70,208.0,142.68388,-65.31612
train,86,71,207.0,140.93892,-66.06108
train,86,72,206.0,142.21803,-63.781967
train,86,73,205.0,143.12866,-61.871338
train,86,74,204.0,142.81398,-61.18602
train,86,75,203.0,142.51172,-60.48828
train,86,76,202.0,143.22374,-58.77626
train,86,77,201.0,143.26506,-57.73494
train,86,78,200.0,142.63458,-57.365417
train,86,79,199.0,143.34972,-55.650284
train,86,80,198.0,142.40303,-55.59697
train,86,81,197.0,143.2885,-53.711502
train,86,82,196.0,142.83177,-53.16823
train,86,83,195.0,142.39903,-52.600967
train,86,84,194.0,143.04552,-50.954483
train,86,85,193.0,142.98378,-50.01622
train,86,86,192.0,143.43974,-48.560257
train,86,87,191.0,143.16563,-47.834366
train,86,88,190.0,142.50063,-47.499374
train,86,89,189.0,142.97508,-46.024918
train,86,90,188.0,142.82448,-45.17552
train,86,91,187.0,140.86327,-46.136734
train,86,92,186.0,142.04883,-43.95117
train,86,93,185.0,142.777,-42.223007
train,86,94,184.0,143.31364,-40.686356
train,86,95,183.0,143.28189,-39.71811
train,86,96,182.0,143.15483,-38.84517
train,86,97,181.0,142.64973,-38.350266
train,86,98,180.0,142.9012,-37.0988
train,86,99,179.0,143.13132,-35.868683
train,86,100,178.0,143.30394,-34.69606
train,86,101,177.0,142.35391,-34.646088
train,86,102,176.0,142.33797,-33.662033
train,86,103,175.0,142.7387,-32.261307
train,86,104,174.0,142.63983,-31.360168
train,86,105,173.0,142.00038,-30.999619
train,86,106,172.0,142.76479,-29.235214
train,86,107,171.0,142.6563,-28.343704
train,86,108,170.0,142.5193,-27.480698
train,86,109,169.0,142.43752,-26.562485
train,86,110,168.0,141.88106,-26.118942
train,86,111,167.0,141.80554,-25.194458
train,86,112,166.0,141.0511,-24.948898
train,86,113,165.0,141.47905,-23.52095
train,86,114,164.0,142.64696,-21.353043
train,86,115,163.0,142.78577,-20.214233
train,86,116,162.0,142.70952,-19.290482
train,86,117,161.0,140.1097,-20.890305
train,86,118,160.0,139.17897,-20.82103
train,86,119,159.0,136.59343,-22.40657
train,86,120,158.0,138.47438,-19.52562
train,86,121,157.0,134.38234,-22.61766
train,86,122,156.0,132.76881,-23.231186
train,86,123,155.0,128.78348,-26.216522
train,86,124,154.0,136.1327,-17.867294
train,86,125,153.0,138.42906,-14.570938
train,86,126,152.0,138.84985,-13.1501465
train,86,127,151.0,137.96904,-13.03096
train,86,128,150.0,142.2194,-7.780594
train,86,129,149.0,141.71092,-7.2890778
train,86,130,148.0,140.80937,-7.190628
train,86,131,147.0,142.40297,-4.5970306
train,86,132,146.0,142.48314,-3.516861
train,86,133,145.0,141.32077,-3.6792297
train,86,134,144.0,136.91064,-7.0893555
train,86,135,143.0,136.70288,-6.297119
train,86,136,142.0,141.87105,-0.12895203
train,86,137,141.0,142.3039,1.303894
train,86,138,140.0,140.82944,0.82943726
train,86,139,139.0,139.45757,0.4575653
train,86,140,138.0,139.3062,1.3061981
train,86,141,137.0,138.61015,1.6101532
train,86,142,136.0,134.40483,-1.5951691
train,86,143,135.0,128.38727,-6.612732
train,86,144,134.0,125.807884,-8.192116
train,86,145,133.0,116.75093,-16.24907
train,86,146,132.0,111.46331,-20.53669
train,86,147,131.0,115.69096,-15.309036
train,86,148,130.0,110.574425,-19.425575
train,86,149,129.0,100.48279,-28.517212
train,86,150,128.0,108.64188,-19.358124
train,86,151,127.0,88.967384,-38.032616
train,86,152,126.0,105.99261,-20.007393
train,86,153,125.0,106.3666,-18.6334
train,86,154,124.0,89.90792,-34.09208
train,86,155,123.0,101.60466,-21.39534
train,86,156,122.0,126.097084,4.097084
train,86,157,121.0,97.4284,-23.571602
train,86,158,120.0,114.96122,-5.03878
train,86,159,119.0,109.984886,-9.015114
train,86,160,118.0,110.742836,-7.257164
train,86,161,117.0,125.81395,8.81395
train,86,162,116.0,123.67536,7.6753616
train,86,163,115.0,132.80376,17.803757
train,86,164,114.0,123.590614,9.590614
train,86,165,113.0,119.745125,6.745125
train,86,166,112.0,129.2343,17.234299
train,86,167,111.0,128.09915,17.099152
train,86,168,110.0,111.65911,1.659111
train,86,169,109.0,91.6739,-17.326103
train,86,170,108.0,97.20642,-10.793579
train,86,171,107.0,104.74877,-2.2512283
train,86,172,106.0,103.8509,-2.1491013
train,86,173,105.0,107.12585,2.1258469
train,86,174,104.0,102.88068,-1.1193237
train,86,175,103.0,92.90299,-10.097008
train,86,176,102.0,87.61954,-14.380463
train,86,177,101.0,96.221085,-4.7789154
train,86,178,100.0,90.90989,-9.090111
train,86,179,99.0,90.268486,-8.731514
train,86,180,98.0,96.6814,-1.3186035
train,86,181,97.0,79.148926,-17.851074
train,86,182,96.0,82.29836,-13.701637
train,86,183,95.0,77.682526,-17.317474
train,86,184,94.0,71.41679,-22.583214
train,86,185,93.0,69.54672,-23.453278
train,86,186,92.0,74.031425,-17.968575
train,86,187,91.0,62.926258,-28.073742
train,86,188,90.0,68.46624,-21.53376
train,86,189,89.0,52.15402,-36.84598
train,86,190,88.0,68.00527,-19.994728
train,86,191,87.0,76.27534,-10.724663
train,86,192,86.0,77.85429,-8.145714
train,86,193,85.0,81.932396,-3.067604
train,86,194,84.0,82.11269,-1.8873062
train,86,195,83.0,83.319756,0.31975555
train,86,196,82.0,90.83268,8.83268
train,86,197,81.0,86.90476,5.9047623
train,86,198,80.0,82.33666,2.3366623
train,86,199,79.0,86.611565,7.6115646
train,86,200,78.0,84.24117,6.241173
train,86,201,77.0,89.38763,12.387627
train,86,202,76.0,86.661476,10.661476
train,86,203,75.0,81.10471,6.1047134
train,86,204,74.0,78.16516,4.165161
train,86,205,73.0,69.28896,-3.7110367
train,86,206,72.0,68.63415,-3.3658524
train,86,207,71.0,64.776596,-6.223404
train,86,208,70.0,65.09848,-4.90152
train,86,209,69.0,67.32979,-1.6702118
train,86,210,68.0,70.98728,2.9872818
train,86,211,67.0,65.11375,-1.8862534
train,86,212,66.0,64.41944,-1.5805588
train,86,213,65.0,64.234764,-0.7652359
train,86,214,64.0,65.80745,1.8074493
train,86,215,63.0,58.584385,-4.415615
train,86,216,62.0,58.771515,-3.228485
train,86,217,61.0,61.524223,0.5242233
train,86,218,60.0,65.57725,5.5772476
train,86,219,59.0,70.52874,11.52874
train,86,220,58.0,63.801632,5.801632
train,86,221,57.0,65.03425,8.034248
train,86,222,56.0,58.374134,2.374134
train,86,223,55.0,55.874077,0.87407684
train,86,224,54.0,55.00398,1.0039787
train,86,225,53.0,59.987534,6.9875336
train,86,226,52.0,57.53159,5.5315895
train,86,227,51.0,56.309063,5.309063
train,86,228,50.0,55.735203,5.735203
train,86,229,49.0,58.29189,9.291889
train,86,230,48.0,54.268967,6.2689667
train,86,231,47.0,56.96045,9.960449
train,86,232,46.0,58.800014,12.8000145
train,86,233,45.0,51.718838,6.7188377
train,86,234,44.0,51.86601,7.8660088
train,86,235,43.0,47.781704,4.781704
train,86,236,42.0,45.628906,3.6289062
train,86,237,41.0,43.757793,2.7577934
train,86,238,40.0,37.83183,-2.168171
train,86,239,39.0,36.910786,-2.0892143
train,86,240,38.0,35.49606,-2.5039406
train,86,241,37.0,34.959568,-2.040432
train,86,242,36.0,33.20435,-2.7956505
train,86,243,35.0,32.526073,-2.4739265
train,86,244,34.0,31.658155,-2.3418446
train,86,245,33.0,31.364044,-1.6359558
train,86,246,32.0,26.627806,-5.3721943
train,86,247,31.0,25.615961,-5.384039
train,86,248,30.0,24.621233,-5.378767
train,86,249,29.0,19.950848,-9.049152
train,86,250,28.0,17.988564,-10.011436
train,86,251,27.0,17.344896,-9.655104
train,86,252,26.0,18.804049,-7.1959515
train,86,253,25.0,21.779787,-3.220213
train,86,254,24.0,19.766819,-4.233181
train,86,255,23.0,19.351816,-3.6481838
train,86,256,22.0,22.912489,0.91248894
train,86,257,21.0,20.988432,-0.011568069
train,86,258,20.0,21.908842,1.9088421
train,86,259,19.0,21.348555,2.3485546
train,86,260,18.0,19.36683,1.3668308
train,86,261,17.0,17.023226,0.023225784
train,86,262,16.0,16.342043,0.34204292
train,86,263,15.0,14.554779,-0.44522095
train,86,264,14.0,11.312926,-2.6870737
train,86,265,13.0,10.534461,-2.465539
train,86,266,12.0,7.4822745,-4.5177255
train,86,267,11.0,8.84768,-2.15232
train,86,268,10.0,6.32362,-3.6763802
train,86,269,9.0,5.4512978,-3.5487022
train,86,270,8.0,6.015688,-1.984312
train,86,271,7.0,4.885542,-2.114458
train,86,272,6.0,3.3536267,-2.6463733
train,86,273,5.0,4.3475494,-0.65245056
train,86,274,4.0,5.3358383,1.3358383
train,86,275,3.0,5.731888,2.7318878
train,86,276,2.0,5.7059197,3.7059197
train,86,277,1.0,3.9737897,2.9737897
train,86,278,0.0,4.1530333,4.1530333
train,87,30,148.0,142.09508,-5.9049225
train,87,31,147.0,141.5217,-5.478302
train,87,32,146.0,143.01921,-2.9807892
train,87,33,145.0,143.47038,-1.5296173
train,87,34,144.0,143.08745,-0.9125519
train,87,35,143.0,142.98457,-0.015426636
train,87,36,142.0,142.40587,0.40586853
train,87,37,141.0,143.44212,2.4421234
train,87,38,140.0,143.45168,3.4516754
train,87,39,139.0,143.17577,4.175766
train,87,40,138.0,142.7729,4.7729034
train,87,41,137.0,143.01303,6.013031
train,87,42,136.0,142.92648,6.926483
train,87,43,135.0,141.1014,6.1013947
train,87,44,134.0,141.94437,7.9443665
train,87,45,133.0,142.99437,9.9943695
train,87,46,132.0,143.21123,11.211227
train,87,47,131.0,143.00038,12.000381
train,87,48,130.0,142.3711,12.371094
train,87,49,129.0,142.80003,13.800034
train,87,50,128.0,141.52106,13.521057
train,87,51,127.0,139.9199,12.919907
train,87,52,126.0,97.17283,-28.827171
train,87,53,125.0,100.0116,-24.988403
train,87,54,124.0,95.608376,-28.391624
train,87,55,123.0,91.50179,-31.498207
train,87,56,122.0,98.66886,-23.331139
train,87,57,121.0,93.70316,-27.296837
train,87,58,120.0,101.363686,-18.636314
train,87,59,119.0,95.155525,-23.844475
train,87,60,118.0,89.34173,-28.658272
train,87,61,117.0,80.78138,-36.21862
train,87,62,116.0,107.324356,-8.675644
train,87,63,115.0,106.8657,-8.1343
train,87,64,114.0,89.14574,-24.854263
train,87,65,113.0,79.70197,-33.298027
train,87,66,112.0,69.90976,-42.09024
train,87,67,111.0,70.233376,-40.766624
train,87,68,110.0,71.70967,-38.29033
train,87,69,109.0,76.39823,-32.60177
train,87,70,108.0,93.21018,-14.789818
train,87,71,107.0,99.96099,-7.039009
train,87,72,106.0,110.39011,4.390106
train,87,73,105.0,97.740234,-7.2597656
train,87,74,104.0,112.37609,8.376091
train,87,75,103.0,121.91476,18.914757
train,87,76,102.0,131.66881,29.668808
train,87,77,101.0,141.31429,40.314285
train,87,78,100.0,141.89754,41.897537
train,87,79,99.0,139.52501,40.52501
train,87,80,98.0,138.69762,40.697617
train,87,81,97.0,139.44023,42.44023
train,87,82,96.0,139.81966,43.819656
train,87,83,95.0,136.16945,41.16945
train,87,84,94.0,138.99641,44.996414
train,87,85,93.0,130.23828,37.23828
train,87,86,92.0,128.5153,36.515305
train,87,87,91.0,119.43908,28.43908
train,87,88,90.0,119.41839,29.418388
train,87,89,89.0,104.028694,15.028694
train,87,90,88.0,108.5478,20.547798
train,87,91,87.0,113.12682,26.126823
train,87,92,86.0,139.9889,53.988907
train,87,93,85.0,134.05351,49.053513
train,87,94,84.0,107.711784,23.711784
train,87,95,83.0,94.53176,11.531761
train,87,96,82.0,89.93574,7.9357376
train,87,97,81.0,86.67173,5.67173
train,87,98,80.0,75.45513,-4.5448685
train,87,99,79.0,77.98965,-1.0103531
train,87,100,78.0,92.86903,14.869034
train,87,101,77.0,82.38561,5.3856125
train,87,102,76.0,95.38033,19.380333
train,87,103,75.0,86.74127,11.741272
train,87,104,74.0,104.63739,30.63739
train,87,105,73.0,137.78214,64.782135
train,87,106,72.0,138.59094,66.59094
train,87,107,71.0,138.8223,67.822296
train,87,108,70.0,137.09575,67.09575
train,87,109,69.0,134.38191,65.38191
train,87,110,68.0,123.81493,55.814934
train,87,111,67.0,96.07032,29.07032
train,87,112,66.0,91.5935,25.593498
train,87,113,65.0,73.24152,8.241524
train,87,114,64.0,77.86225,13.862251
train,87,115,63.0,69.10295,6.102951
train,87,116,62.0,67.84623,5.8462296
train,87,117,61.0,68.31272,7.3127213
train,87,118,60.0,62.738018,2.738018
train,87,119,59.0,49.611523,-9.388477
train,87,120,58.0,44.608574,-13.391426
train,87,121,57.0,41.366314,-15.633686
train,87,122,56.0,45.237953,-10.762047
train,87,123,55.0,51.673332,-3.3266678
train,87,124,54.0,49.178333,-4.8216667
train,87,125,53.0,49.714146,-3.2858543
train,87,126,52.0,54.80031,2.8003082
train,87,127,51.0,49.73023,-1.2697716
train,87,128,50.0,62.76371,12.76371
train,87,129,49.0,58.078854,9.078854
train,87,130,48.0,55.084698,7.0846977
train,87,131,47.0,50.363823,3.363823
train,87,132,46.0,57.5117,11.5117
train,87,133,45.0,48.400043,3.4000435
train,87,134,44.0,48.790466,4.7904663
train,87,135,43.0,50.659286,7.6592865
train,87,136,42.0,54.273083,12.273083
train,87,137,41.0,57.334408,16.334408
train,87,138,40.0,54.645817,14.645817
train,87,139,39.0,46.088047,7.088047
train,87,140,38.0,57.541134,19.541134
train,87,141,37.0,47.446907,10.446907
train,87,142,36.0,51.30884,15.308842
train,87,143,35.0,48.231045,13.231045
train,87,144,34.0,47.732002,13.732002
train,87,145,33.0,56.216717,23.216717
train,87,146,32.0,45.192963,13.192963
train,87,147,31.0,41.112015,10.112015
train,87,148,30.0,39.794655,9.794655
train,87,149,29.0,32.146114,3.1461143
train,87,150,28.0,29.396786,1.3967857
train,87,151,27.0,30.15839,3.15839
train,87,152,26.0,27.516962,1.516962
train,87,153,25.0,28.57953,3.5795307
train,87,154,24.0,26.808302,2.808302
train,87,155,23.0,25.800215,2.8002148
train,87,156,22.0,25.139933,3.1399326
train,87,157,21.0,19.58143,-1.4185696
train,87,158,20.0,17.66058,-2.3394203
train,87,159,19.0,16.615097,-2.384903
train,87,160,18.0,17.273144,-0.72685623
train,87,161,17.0,16.43836,-0.5616398
train,87,162,16.0,16.918356,0.91835594
train,87,163,15.0,16.094662,1.0946617
train,87,164,14.0,14.457935,0.45793533
train,87,165,13.0,13.26225,0.26224995
train,87,166,12.0,15.327295,3.3272953
train,87,167,11.0,13.877082,2.8770819
train,87,168,10.0,12.726212,2.7262115
train,87,169,9.0,13.727768,4.727768
train,87,170,8.0,13.554389,5.554389
train,87,171,7.0,12.088666,5.088666
train,87,172,6.0,9.146652,3.1466522
train,87,173,5.0,9.589786,4.5897856
train,87,174,4.0,6.621787,2.621787
train,87,175,3.0,4.7490873,1.7490873
train,87,176,2.0,5.5812254,3.5812254
train,87,177,1.0,4.5472364,3.5472364
train,87,178,0.0,2.539957,2.539957
train,88,30,183.0,136.33728,-46.66272
train,88,31,182.0,138.75092,-43.249084
train,88,32,181.0,142.56398,-38.43602
train,88,33,180.0,139.49355,-40.506454
train,88,34,179.0,139.64989,-39.350113
train,88,35,178.0,139.82372,-38.176285
train,88,36,177.0,137.85234,-39.14766
train,88,37,176.0,144.46367,-31.536331
train,88,38,175.0,143.69487,-31.30513
train,88,39,174.0,142.02977,-31.97023
train,88,40,173.0,140.76988,-32.230118
train,88,41,172.0,142.03984,-29.96016
train,88,42,171.0,137.63762,-33.36238
train,88,43,170.0,137.83311,-32.166885
train,88,44,169.0,142.28789,-26.712112
train,88,45,168.0,138.5739,-29.426102
train,88,46,167.0,121.660805,-45.339195
train,88,47,166.0,112.15887,-53.841133
train,88,48,165.0,104.2683,-60.731697
train,88,49,164.0,106.20518,-57.794823
train,88,50,163.0,103.59676,-59.403236
train,88,51,162.0,107.97836,-54.021637
train,88,52,161.0,104.54571,-56.454292
train,88,53,160.0,107.16758,-52.83242
train,88,54,159.0,116.10908,-42.890923
train,88,55,158.0,121.75387,-36.24613
train,88,56,157.0,124.36409,-32.63591
train,88,57,156.0,124.90199,-31.098007
train,88,58,155.0,118.926834,-36.073166
train,88,59,154.0,112.18415,-41.81585
train,88,60,153.0,107.009895,-45.990105
train,88,61,152.0,114.82778,-37.17222
train,88,62,151.0,115.329414,-35.670586
train,88,63,150.0,124.27197,-25.728027
train,88,64,149.0,134.0013,-14.998703
train,88,65,148.0,142.10081,-5.899185
train,88,66,147.0,143.58525,-3.4147491
train,88,67,146.0,142.64363,-3.356369
train,88,68,145.0,141.01918,-3.9808197
train,88,69,144.0,142.13725,-1.8627472
train,88,70,143.0,140.0173,-2.9826965
train,88,71,142.0,141.40276,-0.59724426
train,88,72,141.0,142.55878,1.5587769
train,88,73,140.0,143.99168,3.991684
train,88,74,139.0,143.82948,4.829483
train,88,75,138.0,144.14311,6.143112
train,88,76,137.0,142.01213,5.0121307
train,88,77,136.0,106.970665,-29.029335
train,88,78,135.0,104.11226,-30.887741
train,88,79,134.0,109.14906,-24.850937
train,88,80,133.0,120.034676,-12.965324
train,88,81,132.0,129.81139,-2.188614
train,88,82,131.0,133.56757,2.567566
train,88,83,130.0,131.79623,1.7962341
train,88,84,129.0,127.16855,-1.8314514
train,88,85,128.0,122.79575,-5.2042465
train,88,86,127.0,129.07025,2.0702515
train,88,87,126.0,120.50492,-5.495079
train,88,88,125.0,120.54475,-4.4552536
train,88,89,124.0,136.32063,12.320633
train,88,90,123.0,139.55614,16.556137
train,88,91,122.0,141.3421,19.342102
train,88,92,121.0,141.86827,20.86827
train,88,93,120.0,142.32515,22.32515
train,88,94,119.0,139.7233,20.723297
train,88,95,118.0,137.14806,19.148056
train,88,96,117.0,132.88618,15.886185
train,88,97,116.0,124.73958,8.739578
train,88,98,115.0,109.34991,-5.650093
train,88,99,114.0,107.34205,-6.6579514
train,88,100,113.0,99.80274,-13.197258
train,88,101,112.0,94.96749,-17.032509
train,88,102,111.0,91.956566,-19.043434
train,88,103,110.0,93.42725,-16.572746
train,88,104,109.0,90.60816,-18.391838
train,88,105,108.0,88.07299,-19.92701
train,88,106,107.0,79.554375,-27.445625
train,88,107,106.0,80.30761,-25.69239
train,88,108,105.0,79.487854,-25.512146
train,88,109,104.0,75.39499,-28.605011
train,88,110,103.0,73.35006,-29.64994
train,88,111,102.0,75.080986,-26.919014
train,88,112,101.0,69.950294,-31.049706
train,88,113,100.0,70.07911,-29.92089
train,88,114,99.0,71.32328,-27.67672
train,88,115,98.0,81.781685,-16.218315
train,88,116,97.0,88.699394,-8.300606
train,88,117,96.0,81.58549,-14.414513
train,88,118,95.0,78.093864,-16.906136
train,88,119,94.0,82.39828,-11.601723
train,88,120,93.0,85.8536,-7.1464005
train,88,121,92.0,80.0631,-11.936897
train,88,122,91.0,72.18112,-18.818878
train,88,123,90.0,67.426506,-22.573494
train,88,124,89.0,66.75019,-22.24981
train,88,125,88.0,72.17116,-15.828842
train,88,126,87.0,77.980545,-9.019455
train,88,127,86.0,75.099915,-10.900085
train,88,128,85.0,74.89307,-10.106934
train,88,129,84.0,71.62329,-12.376709
train,88,130,83.0,78.48026,-4.5197372
train,88,131,82.0,78.24687,-3.753128
train,88,132,81.0,89.8791,8.879097
train,88,133,80.0,91.3748,11.374802
train,88,134,79.0,92.0687,13.068703
train,88,135,78.0,89.54388,11.543877
train,88,136,77.0,81.90833,4.908333
train,88,137,76.0,74.0104,-1.9896011
train,88,138,75.0,80.655205,5.655205
train,88,139,74.0,77.316734,3.3167343
train,88,140,73.0,71.05073,-1.9492722
train,88,141,72.0,66.92995,-5.070053
train,88,142,71.0,59.704697,-11.295303
train,88,143,70.0,64.977516,-5.022484
train,88,144,69.0,65.67269,-3.3273087
train,88,145,68.0,67.7741,-0.22589874
train,88,146,67.0,63.801685,-3.1983147
train,88,147,66.0,57.422237,-8.577763
train,88,148,65.0,55.923527,-9.076473
train,88,149,64.0,54.61654,-9.383461
train,88,150,63.0,51.992077,-11.007923
train,88,151,62.0,48.179203,-13.820797
train,88,152,61.0,47.714573,-13.285427
train,88,153,60.0,46.043407,-13.956593
train,88,154,59.0,50.24238,-8.757622
train,88,155,58.0,48.43619,-9.563808
train,88,156,57.0,46.841785,-10.158215
train,88,157,56.0,46.52969,-9.47031
train,88,158,55.0,41.378033,-13.621967
train,88,159,54.0,42.302776,-11.697224
train,88,160,53.0,45.83035,-7.169651
train,88,161,52.0,45.564297,-6.4357033
train,88,162,51.0,47.710308,-3.289692
train,88,163,50.0,46.51444,-3.4855614
train,88,164,49.0,45.68089,-3.3191109
train,88,165,48.0,46.9748,-1.0251999
train,88,166,47.0,44.69898,-2.3010216
train,88,167,46.0,46.165806,0.16580582
train,88,168,45.0,46.61727,1.6172714
train,88,169,44.0,44.526447,0.5264473
train,88,170,43.0,39.755608,-3.2443924
train,88,171,42.0,37.59844,-4.4015617
train,88,172,41.0,37.06965,-3.9303513
train,88,173,40.0,34.771862,-5.228138
train,88,174,39.0,33.781296,-5.218704
train,88,175,38.0,37.558838,-0.4411621
train,88,176,37.0,35.885788,-1.114212
train,88,177,36.0,33.980854,-2.019146
train,88,178,35.0,29.53301,-5.4669895
train,88,179,34.0,28.69149,-5.30851
train,88,180,33.0,29.47237,-3.5276299
train,88,181,32.0,26.434164,-5.565836
train,88,182,31.0,26.185938,-4.814062
train,88,183,30.0,28.119406,-1.8805943
train,88,184,29.0,26.741596,-2.2584038
train,88,185,28.0,29.029692,1.0296917
train,88,186,27.0,27.126844,0.1268444
train,88,187,26.0,24.042559,-1.9574413
train,88,188,25.0,23.324696,-1.6753044
train,88,189,24.0,22.029222,-1.9707775
train,88,190,23.0,21.196323,-1.8036766
train,88,191,22.0,19.401049,-2.5989513
train,88,192,21.0,20.264187,-0.73581314
train,88,193,20.0,20.64474,0.64473915
train,88,194,19.0,18.131615,-0.8683853
train,88,195,18.0,17.395475,-0.6045246
train,88,196,17.0,17.411272,0.41127205
train,88,197,16.0,14.115246,-1.8847542
train,88,198,15.0,15.6648855,0.6648855
train,88,199,14.0,15.106183,1.106183
train,88,200,13.0,11.765885,-1.2341146
train,88,201,12.0,10.307377,-1.6926231
train,88,202,11.0,10.689553,-0.31044674
train,88,203,10.0,9.542613,-0.45738697
train,88,204,9.0,7.1131144,-1.8868856
train,88,205,8.0,8.384013,0.38401318
train,88,206,7.0,8.5789585,1.5789585
train,88,207,6.0,7.0606084,1.0606084
train,88,208,5.0,6.1772175,1.1772175
train,88,209,4.0,5.106845,1.1068449
train,88,210,3.0,4.8598385,1.8598385
train,88,211,2.0,4.341366,2.3413658
train,88,212,1.0,3.2494764,2.2494764
train,88,213,0.0,2.280105,2.280105
train,89,30,187.0,145.43105,-41.568954
train,89,31,186.0,145.11897,-40.881027
train,89,32,185.0,145.63733,-39.36267
train,89,33,184.0,145.53633,-38.46367
train,89,34,183.0,145.63725,-37.362747
train,89,35,182.0,145.36717,-36.632828
train,89,36,181.0,144.84581,-36.15419
train,89,37,180.0,143.9102,-36.089798
train,89,38,179.0,144.83664,-34.16336
train,89,39,178.0,144.55605,-33.443954
train,89,40,177.0,144.78627,-32.21373
train,89,41,176.0,145.39258,-30.607422
train,89,42,175.0,144.3165,-30.683502
train,89,43,174.0,144.25838,-29.741623
train,89,44,173.0,145.21805,-27.781952
train,89,45,172.0,145.18846,-26.811539
train,89,46,171.0,145.19727,-25.802734
train,89,47,170.0,145.63045,-24.369553
train,89,48,169.0,145.5111,-23.488907
train,89,49,168.0,145.24733,-22.75267
train,89,50,167.0,145.15764,-21.842361
train,89,51,166.0,145.45383,-20.546173
train,89,52,165.0,145.62917,-19.370834
train,89,53,164.0,145.43181,-18.568192
train,89,54,163.0,143.51115,-19.488846
train,89,55,162.0,144.09138,-17.908615
train,89,56,161.0,145.45442,-15.545578
train,89,57,160.0,144.88292,-15.117081
train,89,58,159.0,145.31569,-13.684311
train,89,59,158.0,144.77353,-13.226471
train,89,60,157.0,145.00955,-11.990448
train,89,61,156.0,143.86812,-12.131882
train,89,62,155.0,144.31323,-10.686768
train,89,63,154.0,144.60527,-9.39473
train,89,64,153.0,145.36574,-7.634262
train,89,65,152.0,145.1352,-6.864807
train,89,66,151.0,144.84306,-6.1569366
train,89,67,150.0,144.1596,-5.840393
train,89,68,149.0,143.83867,-5.161331
train,89,69,148.0,141.82558,-6.174423
train,89,70,147.0,134.47725,-12.522751
train,89,71,146.0,134.5966,-11.403397
train,89,72,145.0,122.46339,-22.536613
train,89,73,144.0,132.31108,-11.688919
train,89,74,143.0,134.68155,-8.318451
train,89,75,142.0,135.71802,-6.2819824
train,89,76,141.0,140.06267,-0.93733215
train,89,77,140.0,141.11925,1.1192474
train,89,78,139.0,144.69954,5.699539
train,89,79,138.0,145.13719,7.137192
train,89,80,137.0,144.94214,7.9421387
train,89,81,136.0,145.22652,9.226517
train,89,82,135.0,145.23146,10.231461
train,89,83,134.0,143.85411,9.854111
train,89,84,133.0,142.63725,9.637253
train,89,85,132.0,144.09254,12.092545
train,89,86,131.0,143.30421,12.3042145
train,89,87,130.0,134.84538,4.8453827
train,89,88,129.0,137.7925,8.792496
train,89,89,128.0,140.0154,12.015396
train,89,90,127.0,139.24751,12.247513
train,89,91,126.0,137.7898,11.789795
train,89,92,125.0,144.51231,19.512314
train,89,93,124.0,144.18546,20.185455
train,89,94,123.0,143.22644,20.22644
train,89,95,122.0,137.68022,15.680222
train,89,96,121.0,137.64987,16.649872
train,89,97,120.0,135.50032,15.50032
train,89,98,119.0,134.2979,15.297897
train,89,99,118.0,120.42558,2.425583
train,89,100,117.0,106.22564,-10.774361
train,89,101,116.0,107.01067,-8.9893265
train,89,102,115.0,111.714195,-3.2858047
train,89,103,114.0,131.0129,17.012894
train,89,104,113.0,130.93336,17.933365
train,89,105,112.0,125.02415,13.024147
train,89,106,111.0,112.50619,1.5061874
train,89,107,110.0,113.12766,3.1276627
train,89,108,109.0,125.42808,16.428078
train,89,109,108.0,137.99034,29.990341
train,89,110,107.0,133.16379,26.163788
train,89,111,106.0,136.36769,30.367691
train,89,112,105.0,136.21175,31.211746
train,89,113,104.0,113.52625,9.526253
train,89,114,103.0,107.61352,4.6135178
train,89,115,102.0,118.66889,16.668892
train,89,116,101.0,114.71899,13.7189865
train,89,117,100.0,108.053444,8.053444
train,89,118,99.0,104.533424,5.5334244
train,89,119,98.0,104.87876,6.8787613
train,89,120,97.0,88.68592,-8.314079
train,89,121,96.0,93.79441,-2.2055893
train,89,122,95.0,92.823845,-2.176155
train,89,123,94.0,89.72637,-4.273628
train,89,124,93.0,82.86533,-10.134666
train,89,125,92.0,81.61292,-10.387077
train,89,126,91.0,76.92042,-14.079582
train,89,127,90.0,81.829216,-8.170784
train,89,128,89.0,87.20089,-1.7991104
train,89,129,88.0,81.81788,-6.1821213
train,89,130,87.0,76.373856,-10.626144
train,89,131,86.0,69.57128,-16.428719
train,89,132,85.0,72.64628,-12.353722
train,89,133,84.0,72.72999,-11.270012
train,89,134,83.0,75.88265,-7.1173477
train,89,135,82.0,76.469315,-5.5306854
train,89,136,81.0,68.858055,-12.141945
train,89,137,80.0,75.51701,-4.4829865
train,89,138,79.0,76.850044,-2.1499557
train,89,139,78.0,71.84211,-6.1578903
train,89,140,77.0,75.702995,-1.2970047
train,89,141,76.0,80.51735,4.5173492
train,89,142,75.0,80.25666,5.2566605
train,89,143,74.0,69.87061,-4.129387
train,89,144,73.0,70.94482,-2.0551834
train,89,145,72.0,74.59681,2.5968094
train,89,146,71.0,78.53603,7.5360336
train,89,147,70.0,73.842445,3.8424454
train,89,148,69.0,78.23316,9.233162
train,89,149,68.0,67.73394,-0.26605988
train,89,150,67.0,70.346085,3.3460846
train,89,151,66.0,67.73202,1.7320175
train,89,152,65.0,69.352356,4.352356
train,89,153,64.0,62.99999,-1.0000114
train,89,154,63.0,56.60074,-6.3992615
train,89,155,62.0,51.108006,-10.891994
train,89,156,61.0,52.19397,-8.80603
train,89,157,60.0,56.178226,-3.8217735
train,89,158,59.0,61.29001,2.2900085
train,89,159,58.0,55.35409,-2.6459084
train,89,160,57.0,51.79892,-5.2010803
train,89,161,56.0,55.592876,-0.40712357
train,89,162,55.0,48.87587,-6.1241302
train,89,163,54.0,50.311222,-3.688778
train,89,164,53.0,49.491764,-3.508236
train,89,165,52.0,45.71153,-6.288471
train,89,166,51.0,45.735332,-5.2646675
train,89,167,50.0,41.80911,-8.190891
train,89,168,49.0,43.048862,-5.9511375
train,89,169,48.0,42.577576,-5.4224243
train,89,170,47.0,39.21609,-7.783909
train,89,171,46.0,40.69946,-5.300541
train,89,172,45.0,38.261818,-6.738182
train,89,173,44.0,36.08044,-7.9195595
train,89,174,43.0,39.09508,-3.9049187
train,89,175,42.0,35.736973,-6.263027
train,89,176,41.0,37.419327,-3.5806732
train,89,177,40.0,39.332344,-0.66765594
train,89,178,39.0,38.76096,-0.23904037
train,89,179,38.0,37.513577,-0.4864235
train,89,180,37.0,40.42837,3.4283714
train,89,181,36.0,39.43134,3.4313393
train,89,182,35.0,41.473606,6.473606
train,89,183,34.0,35.25992,1.2599182
train,89,184,33.0,28.370787,-4.6292133
train,89,185,32.0,26.07797,-5.9220295
train,89,186,31.0,26.18241,-4.8175907
train,89,187,30.0,24.402582,-5.597418
train,89,188,29.0,24.110502,-4.8894978
train,89,189,28.0,23.037397,-4.9626026
train,89,190,27.0,22.94884,-4.051161
train,89,191,26.0,25.148043,-0.8519573
train,89,192,25.0,23.395067,-1.6049328
train,89,193,24.0,27.270678,3.2706776
train,89,194,23.0,26.183317,3.1833172
train,89,195,22.0,23.409697,1.4096966
train,89,196,21.0,21.150084,0.15008354
train,89,197,20.0,18.961159,-1.0388412
train,89,198,19.0,18.818737,-0.18126297
train,89,199,18.0,18.97033,0.9703293
train,89,200,17.0,19.227846,2.2278461
train,89,201,16.0,21.09643,5.09643
train,89,202,15.0,16.321981,1.3219814
train,89,203,14.0,13.439277,-0.5607233
train,89,204,13.0,15.067131,2.067131
train,89,205,12.0,12.715628,0.7156277
train,89,206,11.0,9.8575115,-1.1424885
train,89,207,10.0,9.636482,-0.36351776
train,89,208,9.0,8.243273,-0.7567272
train,89,209,8.0,8.1321125,0.1321125
train,89,210,7.0,6.9172635,-0.08273649
train,89,211,6.0,5.99344,-0.006559849
train,89,212,5.0,5.1984587,0.19845867
train,89,213,4.0,5.5197935,1.5197935
train,89,214,3.0,5.421636,2.421636
train,89,215,2.0,4.3302655,2.3302655
train,89,216,1.0,4.2872562,3.2872562
train,89,217,0.0,4.133051,4.133051
train,90,30,124.0,145.4099,21.409897
train,90,31,123.0,145.7986,22.7986
train,90,32,122.0,145.83093,23.830933
train,90,33,121.0,145.63017,24.630173
train,90,34,120.0,145.81493,25.814926
train,90,35,119.0,145.88142,26.881424
train,90,36,118.0,145.84204,27.842041
train,90,37,117.0,145.6198,28.619797
train,90,38,116.0,145.44748,29.44748
train,90,39,115.0,145.61491,30.614914
train,90,40,114.0,145.81929,31.81929
train,90,41,113.0,145.2096,32.209595
train,90,42,112.0,145.51314,33.513138
train,90,43,111.0,145.88557,34.885574
train,90,44,110.0,145.85802,35.858017
train,90,45,109.0,145.54233,36.542328
train,90,46,108.0,145.61719,37.617188
train,90,47,107.0,145.72609,38.72609
train,90,48,106.0,145.76132,39.761322
train,90,49,105.0,145.52776,40.527756
train,90,50,104.0,145.81447,41.81447
train,90,51,103.0,145.81306,42.813065
train,90,52,102.0,145.55437,43.554367
train,90,53,101.0,145.55959,44.559586
train,90,54,100.0,145.72237,45.722366
train,90,55,99.0,145.36607,46.366074
train,90,56,98.0,145.53831,47.538315
train,90,57,97.0,144.77913,47.77913
train,90,58,96.0,144.72438,48.72438
train,90,59,95.0,143.02019,48.020187
train,90,60,94.0,133.90828,39.90828
train,90,61,93.0,131.5124,38.512405
train,90,62,92.0,122.29222,30.292221
train,90,63,91.0,121.71886,30.718857
train,90,64,90.0,119.11895,29.11895
train,90,65,89.0,122.56852,33.56852
train,90,66,88.0,119.63225,31.632248
train,90,67,87.0,114.30865,27.308647
train,90,68,86.0,113.60638,27.606377
train,90,69,85.0,119.301445,34.301445
train,90,70,84.0,121.30987,37.309868
train,90,71,83.0,111.857445,28.857445
train,90,72,82.0,100.156136,18.156136
train,90,73,81.0,96.32081,15.320808
train,90,74,80.0,101.40661,21.406609
train,90,75,79.0,102.684395,23.684395
train,90,76,78.0,104.7455,26.745499
train,90,77,77.0,99.95341,22.953407
train,90,78,76.0,95.498604,19.498604
train,90,79,75.0,93.877754,18.877754
train,90,80,74.0,89.62687,15.626869
train,90,81,73.0,92.74387,19.743874
train,90,82,72.0,92.180824,20.180824
train,90,83,71.0,86.082375,15.082375
train,90,84,70.0,84.12255,14.122551
train,90,85,69.0,87.12127,18.12127
train,90,86,68.0,84.68949,16.689491
train,90,87,67.0,84.028915,17.028915
train,90,88,66.0,80.81473,14.814728
train,90,89,65.0,79.97649,14.976486
train,90,90,64.0,87.28471,23.284714
train,90,91,63.0,90.78479,27.78479
train,90,92,62.0,86.976166,24.976166
train,90,93,61.0,83.2558,22.255798
train,90,94,60.0,80.19756,20.197563
train,90,95,59.0,72.99738,13.997383
train,90,96,58.0,69.43489,11.434891
train,90,97,57.0,70.78245,13.782448
train,90,98,56.0,74.47007,18.47007
train,90,99,55.0,81.97123,26.97123
train,90,100,54.0,91.49293,37.492928
train,90,101,53.0,83.25852,30.258522
train,90,102,52.0,79.525215,27.525215
train,90,103,51.0,73.897705,22.897705
train,90,104,50.0,70.903854,20.903854
train,90,105,49.0,68.8763,19.876297
train,90,106,48.0,61.244724,13.244724
train,90,107,47.0,58.425835,11.425835
train,90,108,46.0,60.55514,14.555141
train,90,109,45.0,60.914,15.914001
train,90,110,44.0,55.25477,11.254768
train,90,111,43.0,61.40643,18.40643
train,90,112,42.0,52.487766,10.487766
train,90,113,41.0,58.420345,17.420345
train,90,114,40.0,51.02382,11.023819
train,90,115,39.0,53.67731,14.677311
train,90,116,38.0,50.854557,12.854557
train,90,117,37.0,49.558697,12.558697
train,90,118,36.0,51.047764,15.047764
train,90,119,35.0,47.219685,12.219685
train,90,120,34.0,46.87196,12.87196
train,90,121,33.0,47.068447,14.068447
train,90,122,32.0,46.08785,14.087849
train,90,123,31.0,50.278835,19.278835
train,90,124,30.0,45.275196,15.275196
train,90,125,29.0,42.711506,13.711506
train,90,126,28.0,40.78695,12.786949
train,90,127,27.0,43.44157,16.44157
train,90,128,26.0,36.107815,10.107815
train,90,129,25.0,33.108913,8.108913
train,90,130,24.0,32.610054,8.610054
train,90,131,23.0,33.68466,10.684662
train,90,132,22.0,28.800074,6.8000736
train,90,133,21.0,26.383224,5.3832245
train,90,134,20.0,22.330158,2.3301582
train,90,135,19.0,23.324608,4.324608
train,90,136,18.0,20.68712,2.6871204
train,90,137,17.0,20.291601,3.2916012
train,90,138,16.0,20.96889,4.968889
train,90,139,15.0,17.274527,2.2745266
train,90,140,14.0,17.703684,3.7036839
train,90,141,13.0,17.502771,4.5027714
train,90,142,12.0,14.33631,2.3363104
train,90,143,11.0,14.773963,3.773963
train,90,144,10.0,15.680124,5.6801243
train,90,145,9.0,13.501122,4.5011225
train,90,146,8.0,12.784373,4.7843733
train,90,147,7.0,12.787791,5.7877913
train,90,148,6.0,12.623134,6.6231337
train,90,149,5.0,9.758498,4.758498
train,90,150,4.0,9.513186,5.5131865
train,90,151,3.0,10.335763,7.335763
train,90,152,2.0,9.086036,7.0860357
train,90,153,1.0,6.475105,5.475105
train,90,154,0.0,4.124083,4.124083
train,91,30,105.0,105.4641,0.4641037
train,91,31,104.0,119.98246,15.98246
train,91,32,103.0,115.37118,12.371178
train,91,33,102.0,104.339195,2.3391953
train,91,34,101.0,109.37367,8.3736725
train,91,35,100.0,112.65562,12.655617
train,91,36,99.0,110.330894,11.330894
train,91,37,98.0,106.002785,8.002785
train,91,38,97.0,103.26401,6.2640076
train,91,39,96.0,98.27019,2.2701874
train,91,40,95.0,103.3019,8.301903
train,91,41,94.0,99.17142,5.171417
train,91,42,93.0,92.695076,-0.304924
train,91,43,92.0,85.42979,-6.5702133
train,91,44,91.0,88.13762,-2.862381
train,91,45,90.0,89.41482,-0.5851822
train,91,46,89.0,93.48664,4.486641
train,91,47,88.0,91.82385,3.8238525
train,91,48,87.0,101.34347,14.343468
train,91,49,86.0,102.73827,16.738274
train,91,50,85.0,102.29009,17.290092
train,91,51,84.0,106.29109,22.291092
train,91,52,83.0,96.60865,13.60865
train,91,53,82.0,87.82223,5.8222275
train,91,54,81.0,85.83202,4.8320236
train,91,55,80.0,84.19078,4.1907806
train,91,56,79.0,66.43249,-12.5675125
train,91,57,78.0,63.34102,-14.658981
train,91,58,77.0,74.07819,-2.9218063
train,91,59,76.0,75.37427,-0.6257324
train,91,60,75.0,81.526344,6.5263443
train,91,61,74.0,86.2335,12.233498
train,91,62,73.0,87.22933,14.229332
train,91,63,72.0,89.548645,17.548645
train,91,64,71.0,85.18169,14.181686
train,91,65,70.0,76.72313,6.7231293
train,91,66,69.0,75.3021,6.302101
train,91,67,68.0,68.279076,0.27907562
train,91,68,67.0,69.32659,2.3265915
train,91,69,66.0,67.01397,1.0139694
train,91,70,65.0,59.718197,-5.281803
train,91,71,64.0,68.56083,4.560829
train,91,72,63.0,80.81075,17.810753
train,91,73,62.0,76.53602,14.536018
train,91,74,61.0,74.42669,13.426689
train,91,75,60.0,68.97776,8.97776
train,91,76,59.0,64.716385,5.716385
train,91,77,58.0,62.861137,4.8611374
train,91,78,57.0,58.853367,1.8533669
train,91,79,56.0,60.76495,4.76495
train,91,80,55.0,62.031525,7.0315247
train,91,81,54.0,69.188805,15.188805
train,91,82,53.0,66.762985,13.762985
train,91,83,52.0,65.504974,13.504974
train,91,84,51.0,58.263134,7.263134
train,91,85,50.0,50.748207,0.7482071
train,91,86,49.0,49.77743,0.7774315
train,91,87,48.0,52.356575,4.356575
train,91,88,47.0,45.59195,-1.4080505
train,91,89,46.0,44.440815,-1.559185
train,91,90,45.0,50.286114,5.2861137
train,91,91,44.0,54.42844,10.42844
train,91,92,43.0,55.854034,12.854034
train,91,93,42.0,54.345146,12.345146
train,91,94,41.0,47.81996,6.8199615
train,91,95,40.0,47.193493,7.193493
train,91,96,39.0,45.181957,6.1819572
train,91,97,38.0,47.949642,9.949642
train,91,98,37.0,50.798046,13.798046
train,91,99,36.0,44.5398,8.539799
train,91,100,35.0,41.461506,6.461506
train,91,101,34.0,39.855854,5.855854
train,91,102,33.0,40.224026,7.2240257
train,91,103,32.0,44.227104,12.227104
train,91,104,31.0,37.369633,6.3696327
train,91,105,30.0,35.181435,5.1814346
train,91,106,29.0,33.697327,4.6973267
train,91,107,28.0,31.26992,3.2699203
train,91,108,27.0,32.468178,5.468178
train,91,109,26.0,30.575289,4.575289
train,91,110,25.0,30.82062,5.8206196
train,91,111,24.0,26.079493,2.0794926
train,91,112,23.0,26.320723,3.3207226
train,91,113,22.0,24.340612,2.3406124
train,91,114,21.0,21.424889,0.4248886
train,91,115,20.0,23.185263,3.1852627
train,91,116,19.0,20.61094,1.6109409
train,91,117,18.0,23.377447,5.377447
train,91,118,17.0,23.234783,6.234783
train,91,119,16.0,20.861826,4.861826
train,91,120,15.0,19.673986,4.6739864
train,91,121,14.0,20.43936,6.4393597
train,91,122,13.0,16.983912,3.9839115
train,91,123,12.0,16.528435,4.5284348
train,91,124,11.0,14.4234495,3.4234495
train,91,125,10.0,15.032671,5.032671
train,91,126,9.0,10.847072,1.8470716
train,91,127,8.0,9.357478,1.3574781
train,91,128,7.0,8.000363,1.0003633
train,91,129,6.0,7.63619,1.6361899
train,91,130,5.0,7.0060325,2.0060325
train,91,131,4.0,6.8950653,2.8950653
train,91,132,3.0,4.4831815,1.4831815
train,91,133,2.0,3.6581616,1.6581616
train,91,134,1.0,2.2762861,1.2762861
train,91,135,0.0,2.1566944,2.1566944
train,92,30,311.0,142.89595,-168.10405
train,92,31,310.0,137.47424,-172.52576
train,92,32,309.0,134.84602,-174.15398
train,92,33,308.0,140.74197,-167.25803
train,92,34,307.0,138.66698,-168.33302
train,92,35,306.0,142.8441,-163.1559
train,92,36,305.0,143.33473,-161.66527
train,92,37,304.0,143.47345,-160.52655
train,92,38,303.0,140.72075,-162.27925
train,92,39,302.0,139.79533,-162.20467
train,92,40,301.0,129.19563,-171.80437
train,92,41,300.0,137.27925,-162.72075
train,92,42,299.0,130.1994,-168.8006
train,92,43,298.0,116.58082,-181.41919
train,92,44,297.0,122.4354,-174.5646
train,92,45,296.0,127.888916,-168.11108
train,92,46,295.0,135.64856,-159.35144
train,92,47,294.0,136.37468,-157.62532
train,92,48,293.0,132.90837,-160.09163
train,92,49,292.0,138.51393,-153.48607
train,92,50,291.0,142.54228,-148.45772
train,92,51,290.0,137.57625,-152.42375
train,92,52,289.0,116.802284,-172.19772
train,92,53,288.0,109.06133,-178.93866
train,92,54,287.0,110.1391,-176.8609
train,92,55,286.0,116.74965,-169.25035
train,92,56,285.0,139.18413,-145.81587
train,92,57,284.0,142.01778,-141.98222
train,92,58,283.0,142.39009,-140.60991
train,92,59,282.0,142.64912,-139.35088
train,92,60,281.0,144.13518,-136.86482
train,92,61,280.0,143.4818,-136.5182
train,92,62,279.0,144.48778,-134.51222
train,92,63,278.0,144.72755,-133.27245
train,92,64,277.0,144.50346,-132.49654
train,92,65,276.0,144.66493,-131.33507
train,92,66,275.0,144.6395,-130.3605
train,92,67,274.0,144.6314,-129.3686
train,92,68,273.0,144.7333,-128.2667
train,92,69,272.0,144.7242,-127.2758
train,92,70,271.0,144.73485,-126.26515
train,92,71,270.0,144.67967,-125.32033
train,92,72,269.0,144.71733,-124.28267
train,92,73,268.0,144.45863,-123.54137
train,92,74,267.0,144.34984,-122.65016
train,92,75,266.0,144.63513,-121.36487
train,92,76,265.0,144.65092,-120.349075
train,92,77,264.0,144.60161,-119.39839
train,92,78,263.0,144.64705,-118.35295
train,92,79,262.0,144.10527,-117.89473
train,92,80,261.0,144.5402,-116.45979
train,92,81,260.0,144.71677,-115.28323
train,92,82,259.0,144.8065,-114.1935
train,92,83,258.0,144.6091,-113.3909
train,92,84,257.0,144.56277,-112.437225
train,92,85,256.0,144.60295,-111.39705
train,92,86,255.0,144.60252,-110.39748
train,92,87,254.0,144.67397,-109.326035
train,92,88,253.0,144.58632,-108.41368
train,92,89,252.0,144.748,-107.252
train,92,90,251.0,144.17448,-106.825516
train,92,91,250.0,143.52492,-106.47508
train,92,92,249.0,142.76826,-106.231735
train,92,93,248.0,144.24178,-103.758224
train,92,94,247.0,144.442,-102.558
train,92,95,246.0,144.82436,-101.175644
train,92,96,245.0,144.1632,-100.83681
train,92,97,244.0,141.65448,-102.34552
train,92,98,243.0,142.58302,-100.41698
train,92,99,242.0,143.53526,-98.46474
train,92,100,241.0,143.20494,-97.79506
train,92,101,240.0,144.05826,-95.94174
train,92,102,239.0,144.044,-94.95599
train,92,103,238.0,142.11119,-95.88881
train,92,104,237.0,140.78893,-96.211075
train,92,105,236.0,142.46288,-93.537125
train,92,106,235.0,142.37282,-92.62718
train,92,107,234.0,141.30571,-92.69429
train,92,108,233.0,143.51143,-89.48857
train,92,109,232.0,143.33838,-88.66162
train,92,110,231.0,134.53677,-96.46323
train,92,111,230.0,130.34563,-99.65437
train,92,112,229.0,143.57495,-85.42505
train,92,113,228.0,138.34105,-89.65895
train,92,114,227.0,139.67564,-87.324356
train,92,115,226.0,144.23445,-81.76555
train,92,116,225.0,143.73953,-81.26047
train,92,117,224.0,144.11272,-79.88728
train,92,118,223.0,137.43533,-85.56467
train,92,119,222.0,125.55715,-96.44285
train,92,120,221.0,130.96596,-90.03404
train,92,121,220.0,132.69641,-87.30359
train,92,122,219.0,131.10333,-87.89667
train,92,123,218.0,136.86465,-81.135345
train,92,124,217.0,140.09569,-76.90431
train,92,125,216.0,143.28304,-72.716965
train,92,126,215.0,143.59776,-71.40224
train,92,127,214.0,143.4582,-70.541794
train,92,128,213.0,143.98938,-69.01062
train,92,129,212.0,144.12154,-67.87846
train,92,130,211.0,144.06987,-66.93013
train,92,131,210.0,143.8401,-66.1599
train,92,132,209.0,143.91927,-65.080734
train,92,133,208.0,143.48045,-64.51955
train,92,134,207.0,143.68172,-63.318283
train,92,135,206.0,144.02068,-61.979324
train,92,136,205.0,143.9985,-61.001495
train,92,137,204.0,143.96501,-60.03499
train,92,138,203.0,144.35426,-58.645737
train,92,139,202.0,144.06966,-57.930344
train,92,140,201.0,143.63924,-57.360764
train,92,141,200.0,143.97884,-56.021164
train,92,142,199.0,143.8969,-55.103104
train,92,143,198.0,144.10397,-53.896027
train,92,144,197.0,143.99716,-53.00284
train,92,145,196.0,143.5261,-52.473907
train,92,146,195.0,143.83723,-51.162766
train,92,147,194.0,142.76604,-51.233963
train,92,148,193.0,140.38525,-52.614746
train,92,149,192.0,141.01881,-50.981186
train,92,150,191.0,142.66664,-48.33336
train,92,151,190.0,138.69316,-51.30684
train,92,152,189.0,142.91641,-46.083588
train,92,153,188.0,143.2932,-44.706802
train,92,154,187.0,143.61818,-43.38182
train,92,155,186.0,143.08504,-42.914963
train,92,156,185.0,143.77695,-41.223053
train,92,157,184.0,143.77676,-40.223236
train,92,158,183.0,143.90454,-39.09546
train,92,159,182.0,143.49669,-38.50331
train,92,160,181.0,142.19228,-38.807724
train,92,161,180.0,142.59052,-37.409485
train,92,162,179.0,142.61865,-36.381348
train,92,163,178.0,142.68983,-35.310165
train,92,164,177.0,142.72316,-34.27684
train,92,165,176.0,142.418,-33.582
train,92,166,175.0,142.61671,-32.383286
train,92,167,174.0,138.80763,-35.192368
train,92,168,173.0,140.76517,-32.234833
train,92,169,172.0,140.51372,-31.486282
train,92,170,171.0,142.81038,-28.189621
train,92,171,170.0,142.96869,-27.031311
train,92,172,169.0,142.90862,-26.091385
train,92,173,168.0,142.96187,-25.038132
train,92,174,167.0,143.51271,-23.48729
train,92,175,166.0,143.44557,-22.554428
train,92,176,165.0,143.4875,-21.512497
train,92,177,164.0,143.48003,-20.519974
train,92,178,163.0,141.76949,-21.230515
train,92,179,162.0,142.69987,-19.300125
train,92,180,161.0,142.46835,-18.531647
train,92,181,160.0,139.05159,-20.94841
train,92,182,159.0,141.7363,-17.263702
train,92,183,158.0,133.4376,-24.562393
train,92,184,157.0,137.41917,-19.580826
train,92,185,156.0,138.364,-17.636002
train,92,186,155.0,140.49599,-14.504013
train,92,187,154.0,142.9796,-11.020401
train,92,188,153.0,142.65347,-10.346527
train,92,189,152.0,141.52518,-10.474823
train,92,190,151.0,139.7712,-11.228806
train,92,191,150.0,138.94002,-11.059982
train,92,192,149.0,142.37898,-6.6210175
train,92,193,148.0,138.02126,-9.9787445
train,92,194,147.0,138.12627,-8.8737335
train,92,195,146.0,137.48149,-8.518509
train,92,196,145.0,129.25456,-15.745438
train,92,197,144.0,115.66662,-28.333382
train,92,198,143.0,106.30848,-36.69152
train,92,199,142.0,111.64877,-30.351227
train,92,200,141.0,121.53885,-19.461151
train,92,201,140.0,131.03525,-8.964752
train,92,202,139.0,137.88737,-1.1126251
train,92,203,138.0,132.73358,-5.2664185
train,92,204,137.0,137.93208,0.93208313
train,92,205,136.0,138.15434,2.1543427
train,92,206,135.0,133.07133,-1.9286652
train,92,207,134.0,127.80111,-6.1988907
train,92,208,133.0,112.019585,-20.980415
train,92,209,132.0,119.65094,-12.34906
train,92,210,131.0,98.15181,-32.84819
train,92,211,130.0,123.22075,-6.779251
train,92,212,129.0,137.83917,8.839172
train,92,213,128.0,130.3668,2.366806
train,92,214,127.0,128.36142,1.3614197
train,92,215,126.0,131.60182,5.601822
train,92,216,125.0,123.23303,-1.7669678
train,92,217,124.0,121.71874,-2.2812576
train,92,218,123.0,115.730965,-7.2690353
train,92,219,122.0,101.99755,-20.002449
train,92,220,121.0,103.7763,-17.223701
train,92,221,120.0,95.53111,-24.468887
train,92,222,119.0,111.25809,-7.741913
train,92,223,118.0,101.75819,-16.241814
train,92,224,117.0,103.96582,-13.03418
train,92,225,116.0,104.94385,-11.056152
train,92,226,115.0,99.743355,-15.256645
train,92,227,114.0,101.97527,-12.024727
train,92,228,113.0,95.71639,-17.283607
train,92,229,112.0,86.50486,-25.49514
train,92,230,111.0,96.38676,-14.613243
train,92,231,110.0,96.46761,-13.532387
train,92,232,109.0,106.95611,-2.043892
train,92,233,108.0,87.31272,-20.687279
train,92,234,107.0,85.575645,-21.424355
train,92,235,106.0,78.91935,-27.08065
train,92,236,105.0,70.49576,-34.504242
train,92,237,104.0,70.471886,-33.528114
train,92,238,103.0,66.909546,-36.090454
train,92,239,102.0,71.360115,-30.639885
train,92,240,101.0,75.936,-25.064003
train,92,241,100.0,85.56984,-14.4301605
train,92,242,99.0,89.03335,-9.966652
train,92,243,98.0,95.20691,-2.7930908
train,92,244,97.0,91.7974,-5.2025986
train,92,245,96.0,88.47717,-7.522827
train,92,246,95.0,81.72802,-13.27198
train,92,247,94.0,72.93328,-21.06672
train,92,248,93.0,70.79204,-22.207962
train,92,249,92.0,76.94886,-15.05114
train,92,250,91.0,84.36429,-6.6357117
train,92,251,90.0,78.71838,-11.281616
train,92,252,89.0,79.382545,-9.617455
train,92,253,88.0,82.0156,-5.984398
train,92,254,87.0,74.754234,-12.245766
train,92,255,86.0,76.07327,-9.926727
train,92,256,85.0,75.38748,-9.612518
train,92,257,84.0,83.106155,-0.8938446
train,92,258,83.0,80.84966,-2.1503372
train,92,259,82.0,72.3599,-9.640099
train,92,260,81.0,64.218155,-16.781845
train,92,261,80.0,61.999176,-18.000824
train,92,262,79.0,67.80481,-11.19519
train,92,263,78.0,65.73403,-12.265968
train,92,264,77.0,68.04722,-8.952782
train,92,265,76.0,66.631065,-9.368935
train,92,266,75.0,61.896626,-13.1033745
train,92,267,74.0,54.304783,-19.695217
train,92,268,73.0,53.510212,-19.489788
train,92,269,72.0,48.357147,-23.642853
train,92,270,71.0,51.93845,-19.06155
train,92,271,70.0,49.258904,-20.741096
train,92,272,69.0,46.768795,-22.231205
train,92,273,68.0,53.294933,-14.705067
train,92,274,67.0,52.7629,-14.237099
train,92,275,66.0,49.69739,-16.302608
train,92,276,65.0,45.903996,-19.096004
train,92,277,64.0,38.981148,-25.018852
train,92,278,63.0,36.369766,-26.630234
train,92,279,62.0,41.212376,-20.787624
train,92,280,61.0,37.44641,-23.553589
train,92,281,60.0,38.097992,-21.902008
train,92,282,59.0,45.902534,-13.0974655
train,92,283,58.0,45.397617,-12.602383
train,92,284,57.0,48.63533,-8.36467
train,92,285,56.0,48.75046,-7.2495384
train,92,286,55.0,45.757675,-9.242325
train,92,287,54.0,44.04183,-9.958172
train,92,288,53.0,36.88943,-16.110569
train,92,289,52.0,36.569572,-15.430428
train,92,290,51.0,34.085087,-16.914913
train,92,291,50.0,36.04721,-13.952789
train,92,292,49.0,39.327118,-9.672882
train,92,293,48.0,39.348774,-8.651226
train,92,294,47.0,39.655323,-7.344677
train,92,295,46.0,40.964985,-5.035015
train,92,296,45.0,39.508846,-5.4911537
train,92,297,44.0,38.624577,-5.3754234
train,92,298,43.0,38.558323,-4.441677
train,92,299,42.0,34.137955,-7.8620453
train,92,300,41.0,32.865612,-8.134388
train,92,301,40.0,34.476837,-5.523163
train,92,302,39.0,32.39768,-6.6023216
train,92,303,38.0,33.221645,-4.7783546
train,92,304,37.0,31.540266,-5.459734
train,92,305,36.0,32.11985,-3.8801498
train,92,306,35.0,30.381205,-4.6187954
train,92,307,34.0,26.356852,-7.6431484
train,92,308,33.0,27.463247,-5.5367527
train,92,309,32.0,24.809652,-7.1903477
train,92,310,31.0,23.610601,-7.3893986
train,92,311,30.0,23.915136,-6.0848637
train,92,312,29.0,22.482294,-6.517706
train,92,313,28.0,22.83608,-5.1639194
train,92,314,27.0,23.667807,-3.3321934
train,92,315,26.0,28.215584,2.2155838
train,92,316,25.0,24.312073,-0.68792725
train,92,317,24.0,24.067587,0.0675869
train,92,318,23.0,21.447495,-1.5525055
train,92,319,22.0,16.637985,-5.362015
train,92,320,21.0,12.342926,-8.657074
train,92,321,20.0,10.892589,-9.107411
train,92,322,19.0,11.955941,-7.044059
train,92,323,18.0,11.596841,-6.403159
train,92,324,17.0,10.825551,-6.174449
train,92,325,16.0,10.858615,-5.141385
train,92,326,15.0,11.852681,-3.1473188
train,92,327,14.0,11.126447,-2.8735533
train,92,328,13.0,9.03552,-3.9644804
train,92,329,12.0,7.6045012,-4.3954988
train,92,330,11.0,9.691406,-1.3085938
train,92,331,10.0,9.006368,-0.9936323
train,92,332,9.0,9.440375,0.44037533
train,92,333,8.0,6.6883755,-1.3116245
train,92,334,7.0,5.7629404,-1.2370596
train,92,335,6.0,5.8470125,-0.15298748
train,92,336,5.0,4.431849,-0.568151
train,92,337,4.0,4.7607846,0.7607846
train,92,338,3.0,4.182202,1.1822019
train,92,339,2.0,2.814083,0.8140831
train,92,340,1.0,2.2335029,1.2335029
train,92,341,0.0,2.4033852,2.4033852
train,94,30,228.0,139.71577,-88.284225
train,94,31,227.0,141.6394,-85.360596
train,94,32,226.0,141.91801,-84.081985
train,94,33,225.0,141.51405,-83.48595
train,94,34,224.0,140.71303,-83.28697
train,94,35,223.0,141.40984,-81.590164
train,94,36,222.0,137.74098,-84.25902
train,94,37,221.0,137.65019,-83.34981
train,94,38,220.0,139.98305,-80.01695
train,94,39,219.0,138.82132,-80.17868
train,94,40,218.0,142.05412,-75.94588
train,94,41,217.0,142.15512,-74.84488
train,94,42,216.0,140.82239,-75.17761
train,94,43,215.0,140.42404,-74.57596
train,94,44,214.0,140.26387,-73.73613
train,94,45,213.0,140.44139,-72.55861
train,94,46,212.0,139.65285,-72.34715
train,94,47,211.0,140.36226,-70.63774
train,94,48,210.0,141.56285,-68.43715
train,94,49,209.0,140.25826,-68.741745
train,94,50,208.0,141.15852,-66.84148
train,94,51,207.0,140.31108,-66.68892
train,94,52,206.0,141.05399,-64.946014
train,94,53,205.0,141.25462,-63.745377
train,94,54,204.0,141.64998,-62.35002
train,94,55,203.0,141.99721,-61.002792
train,94,56,202.0,141.31319,-60.686813
train,94,57,201.0,136.29723,-64.702774
train,94,58,200.0,140.85948,-59.14052
train,94,59,199.0,141.10898,-57.89102
train,94,60,198.0,141.69975,-56.300247
train,94,61,197.0,141.9139,-55.086105
train,94,62,196.0,142.12779,-53.872208
train,94,63,195.0,142.25397,-52.746033
train,94,64,194.0,141.17717,-52.82283
train,94,65,193.0,137.55318,-55.446823
train,94,66,192.0,130.9219,-61.078094
train,94,67,191.0,130.4449,-60.5551
train,94,68,190.0,124.05001,-65.94999
train,94,69,189.0,137.26414,-51.735855
train,94,70,188.0,132.29227,-55.707733
train,94,71,187.0,137.27464,-49.725357
train,94,72,186.0,138.16168,-47.838318
train,94,73,185.0,141.08876,-43.91124
train,94,74,184.0,141.13506,-42.864944
train,94,75,183.0,141.58,-41.42
train,94,76,182.0,141.6074,-40.392593
train,94,77,181.0,142.04503,-38.95497
train,94,78,180.0,141.97675,-38.023254
train,94,79,179.0,140.72334,-38.276657
train,94,80,178.0,141.12526,-36.87474
train,94,81,177.0,141.02594,-35.97406
train,94,82,176.0,141.8283,-34.171707
train,94,83,175.0,141.54018,-33.459824
train,94,84,174.0,141.33125,-32.668747
train,94,85,173.0,140.23192,-32.76808
train,94,86,172.0,139.20369,-32.79631
train,94,87,171.0,134.2061,-36.7939
train,94,88,170.0,140.18599,-29.81401
train,94,89,169.0,140.97737,-28.022629
train,94,90,168.0,141.47636,-26.523636
train,94,91,167.0,133.24176,-33.75824
train,94,92,166.0,130.73834,-35.261658
train,94,93,165.0,131.09906,-33.90094
train,94,94,164.0,139.69044,-24.309555
train,94,95,163.0,140.88455,-22.115448
train,94,96,162.0,138.29958,-23.700424
train,94,97,161.0,134.17812,-26.821884
train,94,98,160.0,132.92079,-27.079208
train,94,99,159.0,139.26073,-19.739273
train,94,100,158.0,137.87596,-20.124039
train,94,101,157.0,134.16107,-22.838928
train,94,102,156.0,128.25192,-27.748077
train,94,103,155.0,133.45082,-21.54918
train,94,104,154.0,131.52617,-22.473831
train,94,105,153.0,129.23532,-23.764679
train,94,106,152.0,107.65879,-44.34121
train,94,107,151.0,135.7354,-15.264603
train,94,108,150.0,134.23595,-15.764053
train,94,109,149.0,137.27475,-11.72525
train,94,110,148.0,136.44064,-11.559357
train,94,111,147.0,127.76905,-19.23095
train,94,112,146.0,139.99297,-6.0070343
train,94,113,145.0,140.10036,-4.899643
train,94,114,144.0,138.36592,-5.634079
train,94,115,143.0,126.42071,-16.579292
train,94,116,142.0,130.79375,-11.206253
train,94,117,141.0,133.24666,-7.7533417
train,94,118,140.0,140.59758,0.59757996
train,94,119,139.0,140.46483,1.4648285
train,94,120,138.0,140.64534,2.64534
train,94,121,137.0,140.54523,3.545227
train,94,122,136.0,137.66841,1.6684113
train,94,123,135.0,139.31392,4.313919
train,94,124,134.0,130.58144,-3.4185638
train,94,125,133.0,133.95891,0.9589081
train,94,126,132.0,131.11642,-0.88357544
train,94,127,131.0,130.36009,-0.63990784
train,94,128,130.0,136.94295,6.9429474
train,94,129,129.0,136.79498,7.794983
train,94,130,128.0,138.41042,10.410416
train,94,131,127.0,139.44814,12.448135
train,94,132,126.0,138.00551,12.005508
train,94,133,125.0,132.99467,7.9946747
train,94,134,124.0,138.57649,14.576492
train,94,135,123.0,136.89624,13.89624
train,94,136,122.0,137.47374,15.47374
train,94,137,121.0,136.24104,15.241043
train,94,138,120.0,127.88012,7.8801193
train,94,139,119.0,117.0544,-1.9456024
train,94,140,118.0,110.98894,-7.0110626
train,94,141,117.0,119.39523,2.3952332
train,94,142,116.0,94.659256,-21.340744
train,94,143,115.0,107.7479,-7.252098
train,94,144,114.0,120.17785,6.177849
train,94,145,113.0,136.50787,23.507874
train,94,146,112.0,134.18866,22.18866
train,94,147,111.0,136.58914,25.589142
train,94,148,110.0,138.52196,28.521957
train,94,149,109.0,133.67097,24.670975
train,94,150,108.0,138.17726,30.177261
train,94,151,107.0,137.31088,30.310883
train,94,152,106.0,132.07391,26.073914
train,94,153,105.0,131.6251,26.625107
train,94,154,104.0,109.095024,5.095024
train,94,155,103.0,101.67039,-1.3296127
train,94,156,102.0,89.98046,-12.019539
train,94,157,101.0,85.497826,-15.502174
train,94,158,100.0,83.434105,-16.565895
train,94,159,99.0,80.68354,-18.31646
train,94,160,98.0,76.361465,-21.638535
train,94,161,97.0,86.46023,-10.539772
train,94,162,96.0,85.611626,-10.388374
train,94,163,95.0,75.120514,-19.879486
train,94,164,94.0,81.1872,-12.812798
train,94,165,93.0,80.986984,-12.013016
train,94,166,92.0,74.107,-17.892998
train,94,167,91.0,81.79902,-9.200981
train,94,168,90.0,77.03095,-12.969048
train,94,169,89.0,80.6244,-8.375603
train,94,170,88.0,81.23982,-6.7601776
train,94,171,87.0,83.322464,-3.677536
train,94,172,86.0,81.89562,-4.1043777
train,94,173,85.0,86.21058,1.2105789
train,94,174,84.0,81.518814,-2.481186
train,94,175,83.0,74.44125,-8.558746
train,94,176,82.0,73.278725,-8.721275
train,94,177,81.0,82.84954,1.8495407
train,94,178,80.0,83.59901,3.5990067
train,94,179,79.0,85.23156,6.2315598
train,94,180,78.0,88.36385,10.363853
train,94,181,77.0,79.89246,2.8924637
train,94,182,76.0,85.14057,9.140572
train,94,183,75.0,83.526024,8.526024
train,94,184,74.0,88.128654,14.1286545
train,94,185,73.0,88.23434,15.234337
train,94,186,72.0,83.871704,11.871704
train,94,187,71.0,84.09709,13.097092
train,94,188,70.0,74.907524,4.907524
train,94,189,69.0,74.42793,5.4279327
train,94,190,68.0,71.95175,3.9517517
train,94,191,67.0,71.90438,4.904381
train,94,192,66.0,65.81231,-0.18769073
train,94,193,65.0,65.96971,0.9697113
train,94,194,64.0,59.21138,-4.78862
train,94,195,63.0,55.047676,-7.952324
train,94,196,62.0,56.5441,-5.4558983
train,94,197,61.0,56.435146,-4.5648537
train,94,198,60.0,54.61487,-5.385132
train,94,199,59.0,53.534466,-5.465534
train,94,200,58.0,53.59222,-4.4077797
train,94,201,57.0,50.994526,-6.005474
train,94,202,56.0,49.071712,-6.9282875
train,94,203,55.0,43.65392,-11.346081
train,94,204,54.0,48.27305,-5.7269516
train,94,205,53.0,47.768856,-5.231144
train,94,206,52.0,48.809444,-3.1905556
train,94,207,51.0,44.118336,-6.8816643
train,94,208,50.0,44.157146,-5.8428535
train,94,209,49.0,50.281662,1.281662
train,94,210,48.0,47.213963,-0.78603745
train,94,211,47.0,44.226032,-2.7739677
train,94,212,46.0,43.960796,-2.0392036
train,94,213,45.0,45.296925,0.2969246
train,94,214,44.0,41.87767,-2.1223297
train,94,215,43.0,41.368294,-1.6317062
train,94,216,42.0,45.137463,3.1374626
train,94,217,41.0,42.560444,1.5604439
train,94,218,40.0,43.126293,3.1262932
train,94,219,39.0,39.390778,0.3907776
train,94,220,38.0,34.03996,-3.960041
train,94,221,37.0,36.73593,-0.2640686
train,94,222,36.0,37.442585,1.442585
train,94,223,35.0,32.00997,-2.9900284
train,94,224,34.0,29.668842,-4.3311577
train,94,225,33.0,29.433905,-3.5660954
train,94,226,32.0,30.365513,-1.6344872
train,94,227,31.0,28.840559,-2.159441
train,94,228,30.0,27.78544,-2.2145596
train,94,229,29.0,25.521135,-3.4788647
train,94,230,28.0,28.922672,0.9226723
train,94,231,27.0,27.889448,0.88944817
train,94,232,26.0,27.970133,1.9701328
train,94,233,25.0,24.822016,-0.17798424
train,94,234,24.0,24.525496,0.5254955
train,94,235,23.0,21.532385,-1.4676151
train,94,236,22.0,19.302324,-2.6976757
train,94,237,21.0,18.021599,-2.9784012
train,94,238,20.0,14.649599,-5.350401
train,94,239,19.0,13.197547,-5.802453
train,94,240,18.0,12.21348,-5.78652
train,94,241,17.0,13.795308,-3.204692
train,94,242,16.0,13.534757,-2.4652433
train,94,243,15.0,12.630835,-2.3691654
train,94,244,14.0,12.398128,-1.6018724
train,94,245,13.0,11.802791,-1.1972094
train,94,246,12.0,9.208673,-2.7913275
train,94,247,11.0,8.10352,-2.8964796
train,94,248,10.0,8.288008,-1.7119923
train,94,249,9.0,7.5979543,-1.4020457
train,94,250,8.0,6.2295833,-1.7704167
train,94,251,7.0,7.032646,0.03264618
train,94,252,6.0,5.914389,-0.08561087
train,94,253,5.0,4.5824842,-0.41751575
train,94,254,4.0,4.9929223,0.9929223
train,94,255,3.0,3.7749133,0.7749133
train,94,256,2.0,3.9218378,1.9218378
train,94,257,1.0,3.5296612,2.5296612
train,94,258,0.0,2.3252575,2.3252575
train,95,30,253.0,145.2001,-107.7999
train,95,31,252.0,145.79839,-106.201614
train,95,32,251.0,145.96742,-105.03258
train,95,33,250.0,145.50601,-104.49399
train,95,34,249.0,145.41142,-103.58858
train,95,35,248.0,145.76953,-102.23047
train,95,36,247.0,145.66878,-101.33122
train,95,37,246.0,144.72868,-101.27132
train,95,38,245.0,144.74535,-100.254654
train,95,39,244.0,144.99345,-99.006546
train,95,40,243.0,145.00894,-97.99106
train,95,41,242.0,144.79677,-97.20323
train,95,42,241.0,144.93706,-96.06294
train,95,43,240.0,145.0164,-94.9836
train,95,44,239.0,145.50848,-93.491516
train,95,45,238.0,145.55656,-92.443436
train,95,46,237.0,145.50658,-91.49342
train,95,47,236.0,145.46431,-90.53569
train,95,48,235.0,145.05121,-89.94879
train,95,49,234.0,143.96138,-90.03862
train,95,50,233.0,144.84085,-88.15915
train,95,51,232.0,145.23419,-86.76581
train,95,52,231.0,145.28468,-85.71532
train,95,53,230.0,144.51228,-85.48772
train,95,54,229.0,145.75928,-83.24072
train,95,55,228.0,145.72566,-82.27434
train,95,56,227.0,145.75575,-81.24425
train,95,57,226.0,145.8507,-80.14931
train,95,58,225.0,145.92429,-79.075714
train,95,59,224.0,145.8859,-78.114105
train,95,60,223.0,145.85938,-77.140625
train,95,61,222.0,144.80621,-77.19379
train,95,62,221.0,145.55684,-75.44316
train,95,63,220.0,145.38219,-74.61781
train,95,64,219.0,145.81425,-73.185745
train,95,65,218.0,145.23006,-72.76994
train,95,66,217.0,145.80367,-71.196335
train,95,67,216.0,145.83965,-70.160355
train,95,68,215.0,145.78387,-69.216125
train,95,69,214.0,145.27864,-68.72136
train,95,70,213.0,145.18785,-67.81215
train,95,71,212.0,145.80785,-66.192154
train,95,72,211.0,145.53044,-65.46956
train,95,73,210.0,145.4179,-64.58211
train,95,74,209.0,145.60582,-63.39418
train,95,75,208.0,145.58086,-62.419144
train,95,76,207.0,145.76735,-61.23265
train,95,77,206.0,145.19026,-60.80974
train,95,78,205.0,145.69392,-59.306076
train,95,79,204.0,145.33513,-58.66487
train,95,80,203.0,145.68378,-57.316223
train,95,81,202.0,145.63596,-56.364044
train,95,82,201.0,145.79262,-55.207382
train,95,83,200.0,145.26945,-54.730545
train,95,84,199.0,145.51257,-53.487427
train,95,85,198.0,145.38463,-52.61537
train,95,86,197.0,144.98518,-52.014816
train,95,87,196.0,145.62175,-50.37825
train,95,88,195.0,144.59792,-50.402084
train,95,89,194.0,143.82213,-50.17787
train,95,90,193.0,145.4245,-47.5755
train,95,91,192.0,145.82796,-46.172043
train,95,92,191.0,145.32376,-45.67624
train,95,93,190.0,145.7259,-44.274094
train,95,94,189.0,145.85439,-43.145615
train,95,95,188.0,145.24716,-42.75284
train,95,96,187.0,145.16188,-41.83812
train,95,97,186.0,145.44524,-40.554764
train,95,98,185.0,145.46642,-39.533585
train,95,99,184.0,145.55635,-38.44365
train,95,100,183.0,144.45139,-38.548615
train,95,101,182.0,144.48528,-37.514725
train,95,102,181.0,142.75801,-38.24199
train,95,103,180.0,142.64262,-37.357376
train,95,104,179.0,140.47723,-38.522766
train,95,105,178.0,128.46458,-49.535416
train,95,106,177.0,133.07912,-43.920883
train,95,107,176.0,137.69437,-38.305634
train,95,108,175.0,138.66338,-36.336624
train,95,109,174.0,142.877,-31.123001
train,95,110,173.0,139.29924,-33.70076
train,95,111,172.0,138.36806,-33.631943
train,95,112,171.0,130.66592,-40.334076
train,95,113,170.0,122.09313,-47.906868
train,95,114,169.0,121.33337,-47.666634
train,95,115,168.0,126.82,-41.18
train,95,116,167.0,130.51758,-36.48242
train,95,117,166.0,138.3762,-27.623795
train,95,118,165.0,140.23778,-24.762222
train,95,119,164.0,138.4368,-25.563202
train,95,120,163.0,141.03142,-21.968582
train,95,121,162.0,138.43459,-23.565414
train,95,122,161.0,125.297554,-35.702446
train,95,123,160.0,120.96923,-39.03077
train,95,124,159.0,126.87603,-32.12397
train,95,125,158.0,131.7417,-26.2583
train,95,126,157.0,135.22621,-21.773788
train,95,127,156.0,135.38553,-20.614471
train,95,128,155.0,137.35925,-17.640747
train,95,129,154.0,126.77755,-27.22245
train,95,130,153.0,118.77068,-34.229317
train,95,131,152.0,115.4687,-36.531303
train,95,132,151.0,114.87867,-36.12133
train,95,133,150.0,117.67788,-32.32212
train,95,134,149.0,109.69844,-39.30156
train,95,135,148.0,102.706474,-45.293526
train,95,136,147.0,95.710365,-51.289635
train,95,137,146.0,99.33726,-46.662743
train,95,138,145.0,94.81049,-50.189507
train,95,139,144.0,94.532326,-49.467674
train,95,140,143.0,86.499535,-56.500465
train,95,141,142.0,84.62914,-57.370857
train,95,142,141.0,88.40339,-52.59661
train,95,143,140.0,90.382545,-49.617455
train,95,144,139.0,91.67025,-47.32975
train,95,145,138.0,90.37629,-47.62371
train,95,146,137.0,91.769554,-45.230446
train,95,147,136.0,101.93018,-34.069817
train,95,148,135.0,111.053795,-23.946205
train,95,149,134.0,114.51773,-19.48227
train,95,150,133.0,115.81099,-17.18901
train,95,151,132.0,116.88192,-15.11808
train,95,152,131.0,122.83958,-8.160423
train,95,153,130.0,122.25338,-7.74662
train,95,154,129.0,119.86985,-9.13015
train,95,155,128.0,123.640785,-4.359215
train,95,156,127.0,117.15063,-9.849373
train,95,157,126.0,103.732635,-22.267365
train,95,158,125.0,98.363014,-26.636986
train,95,159,124.0,101.20168,-22.798317
train,95,160,123.0,99.02843,-23.971573
train,95,161,122.0,89.19868,-32.801323
train,95,162,121.0,92.58882,-28.411179
train,95,163,120.0,96.51513,-23.48487
train,95,164,119.0,99.03331,-19.96669
train,95,165,118.0,108.38417,-9.615829
train,95,166,117.0,106.045815,-10.9541855
train,95,167,116.0,103.95583,-12.044167
train,95,168,115.0,94.39187,-20.608131
train,95,169,114.0,89.183014,-24.816986
train,95,170,113.0,87.55019,-25.449806
train,95,171,112.0,92.39637,-19.60363
train,95,172,111.0,91.43646,-19.563538
train,95,173,110.0,88.97709,-21.022911
train,95,174,109.0,90.91656,-18.083443
train,95,175,108.0,91.48361,-16.516388
train,95,176,107.0,94.7656,-12.234398
train,95,177,106.0,96.3579,-9.642097
train,95,178,105.0,95.51357,-9.486427
train,95,179,104.0,86.361244,-17.638756
train,95,180,103.0,84.12318,-18.876823
train,95,181,102.0,84.12186,-17.878143
train,95,182,101.0,89.41869,-11.581306
train,95,183,100.0,104.06014,4.0601425
train,95,184,99.0,97.70285,-1.2971497
train,95,185,98.0,89.452736,-8.547264
train,95,186,97.0,77.13073,-19.86927
train,95,187,96.0,73.07172,-22.928284
train,95,188,95.0,65.85964,-29.140358
train,95,189,94.0,66.03587,-27.964127
train,95,190,93.0,64.65631,-28.343689
train,95,191,92.0,66.41954,-25.58046
train,95,192,91.0,73.88833,-17.111671
train,95,193,90.0,75.69378,-14.306221
train,95,194,89.0,74.34788,-14.6521225
train,95,195,88.0,71.11982,-16.88018
train,95,196,87.0,74.809,-12.191002
train,95,197,86.0,68.44024,-17.559761
train,95,198,85.0,61.44152,-23.55848
train,95,199,84.0,63.368706,-20.631294
train,95,200,83.0,66.80192,-16.198082
train,95,201,82.0,67.60541,-14.394592
train,95,202,81.0,60.28915,-20.71085
train,95,203,80.0,61.930542,-18.069458
train,95,204,79.0,65.54362,-13.456383
train,95,205,78.0,57.7654,-20.2346
train,95,206,77.0,69.04363,-7.9563675
train,95,207,76.0,68.84525,-7.154747
train,95,208,75.0,71.41624,-3.5837631
train,95,209,74.0,69.13071,-4.869293
train,95,210,73.0,72.29186,-0.7081375
train,95,211,72.0,66.701195,-5.298805
train,95,212,71.0,61.816784,-9.183216
train,95,213,70.0,56.632168,-13.367832
train,95,214,69.0,64.383575,-4.6164246
train,95,215,68.0,57.80322,-10.196781
train,95,216,67.0,62.622295,-4.3777046
train,95,217,66.0,61.714264,-4.285736
train,95,218,65.0,53.765457,-11.234543
train,95,219,64.0,53.54781,-10.45219
train,95,220,63.0,53.769268,-9.230732
train,95,221,62.0,53.147106,-8.852894
train,95,222,61.0,50.77386,-10.226139
train,95,223,60.0,49.157528,-10.842472
train,95,224,59.0,47.855392,-11.144608
train,95,225,58.0,48.639187,-9.360813
train,95,226,57.0,49.16013,-7.8398705
train,95,227,56.0,50.221394,-5.7786064
train,95,228,55.0,46.297604,-8.702396
train,95,229,54.0,47.995304,-6.004696
train,95,230,53.0,46.079723,-6.9202766
train,95,231,52.0,50.712738,-1.287262
train,95,232,51.0,44.22042,-6.779579
train,95,233,50.0,46.31744,-3.68256
train,95,234,49.0,45.812634,-3.1873665
train,95,235,48.0,46.741863,-1.2581367
train,95,236,47.0,44.70504,-2.29496
train,95,237,46.0,43.675488,-2.3245125
train,95,238,45.0,39.946835,-5.0531654
train,95,239,44.0,35.17333,-8.826672
train,95,240,43.0,36.023182,-6.976818
train,95,241,42.0,33.669933,-8.330067
train,95,242,41.0,32.840015,-8.159985
train,95,243,40.0,31.008142,-8.991858
train,95,244,39.0,32.53574,-6.46426
train,95,245,38.0,34.389797,-3.6102028
train,95,246,37.0,34.833122,-2.1668777
train,95,247,36.0,35.183537,-0.8164635
train,95,248,35.0,35.617397,0.6173973
train,95,249,34.0,34.37588,0.3758812
train,95,250,33.0,29.86667,-3.1333294
train,95,251,32.0,29.310917,-2.689083
train,95,252,31.0,30.834051,-0.16594887
train,95,253,30.0,30.288618,0.2886181
train,95,254,29.0,28.71554,-0.28446007
train,95,255,28.0,30.141333,2.1413326
train,95,256,27.0,28.855425,1.8554249
train,95,257,26.0,31.353334,5.3533344
train,95,258,25.0,28.236448,3.2364483
train,95,259,24.0,31.62757,7.627569
train,95,260,23.0,30.244707,7.244707
train,95,261,22.0,29.951323,7.9513226
train,95,262,21.0,29.949554,8.949554
train,95,263,20.0,28.88,8.879999
train,95,264,19.0,24.513037,5.5130367
train,95,265,18.0,23.013151,5.013151
train,95,266,17.0,22.672888,5.672888
train,95,267,16.0,19.180407,3.1804066
train,95,268,15.0,18.897247,3.8972473
train,95,269,14.0,16.909542,2.909542
train,95,270,13.0,13.686488,0.68648815
train,95,271,12.0,11.844013,-0.15598679
train,95,272,11.0,12.155593,1.1555929
train,95,273,10.0,9.976998,-0.02300167
train,95,274,9.0,11.112872,2.1128721
train,95,275,8.0,11.495335,3.4953346
train,95,276,7.0,9.558612,2.5586119
train,95,277,6.0,10.761189,4.7611895
train,95,278,5.0,9.230203,4.2302027
train,95,279,4.0,8.015765,4.015765
train,95,280,3.0,5.471581,2.471581
train,95,281,2.0,6.8496795,4.8496795
train,95,282,1.0,5.0971384,4.0971384
train,95,283,0.0,3.261466,3.261466
train,96,30,306.0,145.33272,-160.66728
train,96,31,305.0,145.40688,-159.59312
train,96,32,304.0,143.73515,-160.26485
train,96,33,303.0,143.23674,-159.76326
train,96,34,302.0,144.2444,-157.7556
train,96,35,301.0,144.55496,-156.44504
train,96,36,300.0,145.35847,-154.64153
train,96,37,299.0,144.71553,-154.28447
train,96,38,298.0,143.47368,-154.52632
train,96,39,297.0,143.3592,-153.6408
train,96,40,296.0,141.5573,-154.4427
train,96,41,295.0,139.7317,-155.2683
train,96,42,294.0,144.3778,-149.6222
train,96,43,293.0,142.97319,-150.02681
train,96,44,292.0,119.78372,-172.21628
train,96,45,291.0,126.92362,-164.07639
train,96,46,290.0,137.04356,-152.95644
train,96,47,289.0,132.9232,-156.0768
train,96,48,288.0,131.73833,-156.26167
train,96,49,287.0,139.77563,-147.22437
train,96,50,286.0,137.13824,-148.86176
train,96,51,285.0,137.98827,-147.01173
train,96,52,284.0,142.02876,-141.97124
train,96,53,283.0,142.49399,-140.50601
train,96,54,282.0,145.02592,-136.97408
train,96,55,281.0,144.75545,-136.24455
train,96,56,280.0,144.40977,-135.59023
train,96,57,279.0,144.18794,-134.81206
train,96,58,278.0,142.37364,-135.62636
train,96,59,277.0,140.6422,-136.3578
train,96,60,276.0,145.0519,-130.9481
train,96,61,275.0,138.54103,-136.45897
train,96,62,274.0,140.30415,-133.69585
train,96,63,273.0,142.44371,-130.55629
train,96,64,272.0,144.4835,-127.516495
train,96,65,271.0,145.1996,-125.8004
train,96,66,270.0,145.17915,-124.82085
train,96,67,269.0,144.9513,-124.048706
train,96,68,268.0,145.28902,-122.71098
train,96,69,267.0,145.03423,-121.965775
train,96,70,266.0,144.45369,-121.54631
train,96,71,265.0,145.16963,-119.83037
train,96,72,264.0,145.29376,-118.70624
train,96,73,263.0,144.89833,-118.10167
train,96,74,262.0,145.03172,-116.96828
train,96,75,261.0,145.00996,-115.990036
train,96,76,260.0,145.1334,-114.86659
train,96,77,259.0,144.98573,-114.01427
train,96,78,258.0,145.04529,-112.95471
train,96,79,257.0,145.0514,-111.94859
train,96,80,256.0,144.97116,-111.02884
train,96,81,255.0,144.04309,-110.95691
train,96,82,254.0,144.36339,-109.63661
train,96,83,253.0,144.72334,-108.27666
train,96,84,252.0,144.8998,-107.100204
train,96,85,251.0,144.70137,-106.29863
train,96,86,250.0,144.28032,-105.71968
train,96,87,249.0,141.58992,-107.41008
train,96,88,248.0,108.25445,-139.74554
train,96,89,247.0,107.27531,-139.7247
train,96,90,246.0,118.113075,-127.886925
train,96,91,245.0,126.92884,-118.07116
train,96,92,244.0,133.51997,-110.48003
train,96,93,243.0,139.14769,-103.85231
train,96,94,242.0,140.31192,-101.68808
train,96,95,241.0,144.73035,-96.26965
train,96,96,240.0,145.24913,-94.75087
train,96,97,239.0,144.84087,-94.159134
train,96,98,238.0,145.10033,-92.89967
train,96,99,237.0,144.89833,-92.10167
train,96,100,236.0,144.76903,-91.23097
train,96,101,235.0,145.22333,-89.77667
train,96,102,234.0,145.0786,-88.9214
train,96,103,233.0,144.97137,-88.028625
train,96,104,232.0,144.8561,-87.143906
train,96,105,231.0,144.97554,-86.02446
train,96,106,230.0,144.63832,-85.36168
train,96,107,229.0,144.47624,-84.52376
train,96,108,228.0,144.64473,-83.35527
train,96,109,227.0,144.95854,-82.04146
train,96,110,226.0,143.66841,-82.33159
train,96,111,225.0,144.13478,-80.86522
train,96,112,224.0,136.5291,-87.4709
train,96,113,223.0,134.39418,-88.60582
train,96,114,222.0,141.33322,-80.66678
train,96,115,221.0,139.9651,-81.0349
train,96,116,220.0,138.00716,-81.99284
train,96,117,219.0,119.94904,-99.05096
train,96,118,218.0,122.37229,-95.62771
train,96,119,217.0,117.25315,-99.74685
train,96,120,216.0,130.96126,-85.03874
train,96,121,215.0,135.75526,-79.244736
train,96,122,214.0,95.467674,-118.532326
train,96,123,213.0,107.66285,-105.33715
train,96,124,212.0,106.9274,-105.0726
train,96,125,211.0,119.054146,-91.945854
train,96,126,210.0,130.70549,-79.29451
train,96,127,209.0,139.3942,-69.605804
train,96,128,208.0,143.89491,-64.10509
train,96,129,207.0,144.45512,-62.544876
train,96,130,206.0,144.52919,-61.47081
train,96,131,205.0,144.72171,-60.27829
train,96,132,204.0,144.71762,-59.28238
train,96,133,203.0,143.9778,-59.0222
train,96,134,202.0,144.5965,-57.403503
train,96,135,201.0,144.50359,-56.496414
train,96,136,200.0,144.41951,-55.58049
train,96,137,199.0,144.18698,-54.81302
train,96,138,198.0,144.528,-53.472
train,96,139,197.0,144.48587,-52.51413
train,96,140,196.0,144.43526,-51.564743
train,96,141,195.0,143.99437,-51.00563
train,96,142,194.0,144.36154,-49.63846
train,96,143,193.0,144.29929,-48.700714
train,96,144,192.0,144.11731,-47.88269
train,96,145,191.0,144.36702,-46.63298
train,96,146,190.0,144.56087,-45.439133
train,96,147,189.0,142.22972,-46.77028
train,96,148,188.0,138.3216,-49.678406
train,96,149,187.0,106.7719,-80.2281
train,96,150,186.0,98.03341,-87.96659
train,96,151,185.0,86.03246,-98.96754
train,96,152,184.0,82.91555,-101.08445
train,96,153,183.0,87.83997,-95.16003
train,96,154,182.0,91.05835,-90.94165
train,96,155,181.0,100.11495,-80.88505
train,96,156,180.0,108.112465,-71.887535
train,96,157,179.0,106.911545,-72.088455
train,96,158,178.0,98.9109,-79.0891
train,96,159,177.0,99.262,-77.738
train,96,160,176.0,100.71694,-75.28306
train,96,161,175.0,115.382645,-59.617355
train,96,162,174.0,130.09953,-43.900467
train,96,163,173.0,131.10355,-41.896454
train,96,164,172.0,142.50377,-29.496231
train,96,165,171.0,143.56502,-27.434982
train,96,166,170.0,142.9948,-27.005203
train,96,167,169.0,141.82487,-27.175125
train,96,168,168.0,142.6794,-25.320602
train,96,169,167.0,143.31546,-23.68454
train,96,170,166.0,143.96474,-22.035263
train,96,171,165.0,142.46819,-22.531815
train,96,172,164.0,143.17348,-20.826523
train,96,173,163.0,143.47559,-19.524414
train,96,174,162.0,141.7943,-20.205704
train,96,175,161.0,142.82716,-18.172836
train,96,176,160.0,143.71513,-16.284866
train,96,177,159.0,120.30399,-38.696007
train,96,178,158.0,117.87777,-40.12223
train,96,179,157.0,125.01579,-31.984207
train,96,180,156.0,113.03385,-42.96615
train,96,181,155.0,102.97738,-52.02262
train,96,182,154.0,85.63354,-68.36646
train,96,183,153.0,102.94285,-50.05715
train,96,184,152.0,115.1325,-36.8675
train,96,185,151.0,127.10117,-23.898827
train,96,186,150.0,137.56223,-12.437775
train,96,187,149.0,139.28975,-9.710251
train,96,188,148.0,138.5201,-9.479904
train,96,189,147.0,133.57654,-13.423462
train,96,190,146.0,141.35783,-4.642166
train,96,191,145.0,141.53429,-3.4657135
train,96,192,144.0,142.36876,-1.6312408
train,96,193,143.0,143.11302,0.11302185
train,96,194,142.0,140.87206,-1.127945
train,96,195,141.0,143.12453,2.124527
train,96,196,140.0,142.78761,2.787613
train,96,197,139.0,143.37303,4.3730316
train,96,198,138.0,141.16548,3.1654816
train,96,199,137.0,136.14577,-0.8542328
train,96,200,136.0,140.02264,4.022644
train,96,201,135.0,140.74411,5.74411
train,96,202,134.0,141.02873,7.0287323
train,96,203,133.0,133.81113,0.8111267
train,96,204,132.0,131.63399,-0.36601257
train,96,205,131.0,131.94566,0.94566345
train,96,206,130.0,133.77849,3.7784882
train,96,207,129.0,134.71774,5.717743
train,96,208,128.0,138.87128,10.871277
train,96,209,127.0,141.99919,14.999191
train,96,210,126.0,142.66731,16.667313
train,96,211,125.0,139.73232,14.732315
train,96,212,124.0,116.81268,-7.187317
train,96,213,123.0,141.75731,18.757309
train,96,214,122.0,139.8158,17.815796
train,96,215,121.0,141.35774,20.357742
train,96,216,120.0,140.81972,20.819717
train,96,217,119.0,140.27086,21.270859
train,96,218,118.0,122.263016,4.2630157
train,96,219,117.0,133.12999,16.12999
train,96,220,116.0,140.01848,24.018478
train,96,221,115.0,141.30287,26.302872
train,96,222,114.0,140.53636,26.536362
train,96,223,113.0,134.99867,21.998672
train,96,224,112.0,126.951645,14.951645
train,96,225,111.0,115.69809,4.6980896
train,96,226,110.0,103.16889,-6.831108
train,96,227,109.0,112.24836,3.2483597
train,96,228,108.0,98.92266,-9.077339
train,96,229,107.0,96.075294,-10.9247055
train,96,230,106.0,101.81436,-4.1856384
train,96,231,105.0,102.67962,-2.3203812
train,96,232,104.0,102.253555,-1.7464447
train,96,233,103.0,104.19897,1.198967
train,96,234,102.0,90.19225,-11.807747
train,96,235,101.0,84.7103,-16.289703
train,96,236,100.0,90.14927,-9.850731
train,96,237,99.0,86.30929,-12.690712
train,96,238,98.0,81.23734,-16.762657
train,96,239,97.0,87.91333,-9.08667
train,96,240,96.0,84.032455,-11.967545
train,96,241,95.0,86.48315,-8.516853
train,96,242,94.0,97.388756,3.3887558
train,96,243,93.0,82.602455,-10.397545
train,96,244,92.0,76.416145,-15.583855
train,96,245,91.0,73.34293,-17.657066
train,96,246,90.0,70.01793,-19.98207
train,96,247,89.0,65.35473,-23.645271
train,96,248,88.0,74.647255,-13.352745
train,96,249,87.0,64.24114,-22.758858
train,96,250,86.0,65.65457,-20.345428
train,96,251,85.0,62.66848,-22.33152
train,96,252,84.0,71.09589,-12.904114
train,96,253,83.0,70.529366,-12.470634
train,96,254,82.0,70.17614,-11.82386
train,96,255,81.0,67.25214,-13.747864
train,96,256,80.0,61.79289,-18.207111
train,96,257,79.0,64.82595,-14.174049
train,96,258,78.0,75.25306,-2.7469406
train,96,259,77.0,80.542305,3.542305
train,96,260,76.0,79.31959,3.3195877
train,96,261,75.0,78.06455,3.0645523
train,96,262,74.0,70.68812,-3.311882
train,96,263,73.0,79.376076,6.3760757
train,96,264,72.0,80.03069,8.030693
train,96,265,71.0,82.223885,11.223885
train,96,266,70.0,81.228584,11.228584
train,96,267,69.0,81.21386,12.21386
train,96,268,68.0,88.73937,20.739372
train,96,269,67.0,88.00843,21.00843
train,96,270,66.0,85.25764,19.257637
train,96,271,65.0,77.15366,12.153664
train,96,272,64.0,85.62663,21.626633
train,96,273,63.0,78.011696,15.011696
train,96,274,62.0,70.74564,8.745644
train,96,275,61.0,74.19938,13.199379
train,96,276,60.0,70.00962,10.009621
train,96,277,59.0,61.818462,2.8184624
train,96,278,58.0,68.15597,10.155968
train,96,279,57.0,64.81634,7.8163376
train,96,280,56.0,54.080284,-1.9197159
train,96,281,55.0,57.972088,2.9720879
train,96,282,54.0,61.19427,7.194271
train,96,283,53.0,54.86944,1.8694382
train,96,284,52.0,52.481934,0.4819336
train,96,285,51.0,54.273956,3.2739563
train,96,286,50.0,47.715137,-2.2848625
train,96,287,49.0,43.54095,-5.459049
train,96,288,48.0,44.270412,-3.7295876
train,96,289,47.0,40.125828,-6.874172
train,96,290,46.0,41.437344,-4.5626564
train,96,291,45.0,41.44853,-3.5514717
train,96,292,44.0,41.441296,-2.5587044
train,96,293,43.0,41.98621,-1.0137901
train,96,294,42.0,39.596943,-2.403057
train,96,295,41.0,39.13625,-1.8637505
train,96,296,40.0,38.679623,-1.3203773
train,96,297,39.0,34.551678,-4.4483223
train,96,298,38.0,34.545124,-3.454876
train,96,299,37.0,33.584583,-3.4154167
train,96,300,36.0,32.99938,-3.0006218
train,96,301,35.0,33.261276,-1.7387238
train,96,302,34.0,33.099327,-0.9006729
train,96,303,33.0,29.090832,-3.9091682
train,96,304,32.0,25.920738,-6.079262
train,96,305,31.0,26.5142,-4.4858
train,96,306,30.0,31.04154,1.0415401
train,96,307,29.0,31.44873,2.4487305
train,96,308,28.0,31.046673,3.0466728
train,96,309,27.0,27.42718,0.42717934
train,96,310,26.0,25.250082,-0.749918
train,96,311,25.0,25.972204,0.9722042
train,96,312,24.0,26.012056,2.0120564
train,96,313,23.0,25.79698,2.79698
train,96,314,22.0,23.019083,1.019083
train,96,315,21.0,22.198797,1.1987972
train,96,316,20.0,23.759699,3.7596989
train,96,317,19.0,21.633081,2.6330814
train,96,318,18.0,22.31127,4.3112698
train,96,319,17.0,23.515158,6.5151577
train,96,320,16.0,20.99978,4.9997807
train,96,321,15.0,22.52434,7.5243397
train,96,322,14.0,20.418571,6.4185715
train,96,323,13.0,19.427547,6.4275475
train,96,324,12.0,18.47935,6.479349
train,96,325,11.0,10.601785,-0.3982153
train,96,326,10.0,10.86093,0.86093044
train,96,327,9.0,10.319518,1.3195181
train,96,328,8.0,7.318129,-0.68187094
train,96,329,7.0,6.183036,-0.81696415
train,96,330,6.0,5.9637356,-0.03626442
train,96,331,5.0,4.619051,-0.38094902
train,96,332,4.0,2.9115286,-1.0884714
train,96,333,3.0,3.5702448,0.5702448
train,96,334,2.0,2.6054358,0.60543585
train,96,335,1.0,1.542813,0.54281294
train,96,336,0.0,1.2953161,1.2953161
train,97,30,172.0,145.12288,-26.877121
train,97,31,171.0,145.04279,-25.957214
train,97,32,170.0,144.98083,-25.019165
train,97,33,169.0,144.92967,-24.070328
train,97,34,168.0,145.2591,-22.740906
train,97,35,167.0,145.02211,-21.97789
train,97,36,166.0,144.94644,-21.053558
train,97,37,165.0,144.69058,-20.309418
train,97,38,164.0,143.84886,-20.151138
train,97,39,163.0,145.3007,-17.699295
train,97,40,162.0,144.58861,-17.411392
train,97,41,161.0,144.24727,-16.752731
train,97,42,160.0,144.22305,-15.776947
train,97,43,159.0,138.71638,-20.283615
train,97,44,158.0,135.94847,-22.051529
train,97,45,157.0,138.57784,-18.422165
train,97,46,156.0,138.92317,-17.076828
train,97,47,155.0,141.46156,-13.538437
train,97,48,154.0,144.35585,-9.64415
train,97,49,153.0,145.38939,-7.610611
train,97,50,152.0,145.12425,-6.8757477
train,97,51,151.0,145.38197,-5.6180267
train,97,52,150.0,145.61018,-4.3898163
train,97,53,149.0,145.31557,-3.684433
train,97,54,148.0,145.43335,-2.5666504
train,97,55,147.0,145.23567,-1.764328
train,97,56,146.0,144.08894,-1.9110565
train,97,57,145.0,144.9255,-0.07449341
train,97,58,144.0,145.42899,1.4289856
train,97,59,143.0,145.1778,2.1777954
train,97,60,142.0,145.25476,3.2547607
train,97,61,141.0,145.28209,4.282089
train,97,62,140.0,145.12566,5.125656
train,97,63,139.0,145.22221,6.2222137
train,97,64,138.0,144.62878,6.628784
train,97,65,137.0,145.05641,8.056412
train,97,66,136.0,145.21684,9.216843
train,97,67,135.0,145.2846,10.284607
train,97,68,134.0,144.2323,10.2323
train,97,69,133.0,144.06718,11.067184
train,97,70,132.0,138.55882,6.5588226
train,97,71,131.0,139.44539,8.445389
train,97,72,130.0,125.80341,-4.1965866
train,97,73,129.0,116.580536,-12.419464
train,97,74,128.0,121.70959,-6.290413
train,97,75,127.0,131.97246,4.972458
train,97,76,126.0,137.34523,11.34523
train,97,77,125.0,144.53986,19.539856
train,97,78,124.0,144.73972,20.739716
train,97,79,123.0,144.66704,21.667038
train,97,80,122.0,144.1791,22.179092
train,97,81,121.0,143.99348,22.993484
train,97,82,120.0,144.20822,24.208221
train,97,83,119.0,145.12126,26.121262
train,97,84,118.0,145.02957,27.029572
train,97,85,117.0,145.11815,28.118149
train,97,86,116.0,141.49536,25.495361
train,97,87,115.0,144.98103,29.981033
train,97,88,114.0,145.11076,31.110764
train,97,89,113.0,145.17088,32.170883
train,97,90,112.0,144.79796,32.79796
train,97,91,111.0,144.10796,33.107956
train,97,92,110.0,144.38918,34.389175
train,97,93,109.0,144.79953,35.79953
train,97,94,108.0,144.33449,36.334488
train,97,95,107.0,144.79257,37.792572
train,97,96,106.0,144.67932,38.67932
train,97,97,105.0,144.5684,39.568405
train,97,98,104.0,144.01192,40.011917
train,97,99,103.0,144.88106,41.881058
train,97,100,102.0,144.75731,42.75731
train,97,101,101.0,144.72374,43.72374
train,97,102,100.0,144.42162,44.421616
train,97,103,99.0,144.22563,45.22563
train,97,104,98.0,141.83876,43.83876
train,97,105,97.0,142.4522,45.452194
train,97,106,96.0,129.44884,33.448837
train,97,107,95.0,120.82116,25.82116
train,97,108,94.0,111.575294,17.575294
train,97,109,93.0,111.20983,18.209831
train,97,110,92.0,104.99792,12.997917
train,97,111,91.0,104.775,13.775002
train,97,112,90.0,111.45774,21.45774
train,97,113,89.0,108.887566,19.887566
train,97,114,88.0,101.93601,13.936012
train,97,115,87.0,104.16898,17.168983
train,97,116,86.0,99.62426,13.62426
train,97,117,85.0,108.144356,23.144356
train,97,118,84.0,98.832664,14.8326645
train,97,119,83.0,103.18276,20.182762
train,97,120,82.0,99.53556,17.53556
train,97,121,81.0,98.141075,17.141075
train,97,122,80.0,104.70597,24.70597
train,97,123,79.0,100.30828,21.30828
train,97,124,78.0,98.683174,20.683174
train,97,125,77.0,103.63188,26.631882
train,97,126,76.0,107.268845,31.268845
train,97,127,75.0,105.50167,30.50167
train,97,128,74.0,95.21322,21.213219
train,97,129,73.0,97.047,24.046997
train,97,130,72.0,90.95071,18.950706
train,97,131,71.0,94.273155,23.273155
train,97,132,70.0,91.904564,21.904564
train,97,133,69.0,87.58837,18.588371
train,97,134,68.0,93.328285,25.328285
train,97,135,67.0,90.56594,23.56594
train,97,136,66.0,89.104774,23.104774
train,97,137,65.0,88.62633,23.626328
train,97,138,64.0,84.44407,20.444069
train,97,139,63.0,87.39651,24.396507
train,97,140,62.0,81.46506,19.465057
train,97,141,61.0,78.50074,17.50074
train,97,142,60.0,83.719505,23.719505
train,97,143,59.0,79.77122,20.771217
train,97,144,58.0,75.00882,17.00882
train,97,145,57.0,64.940704,7.9407043
train,97,146,56.0,63.990623,7.9906235
train,97,147,55.0,63.972588,8.972588
train,97,148,54.0,57.13892,3.1389198
train,97,149,53.0,57.329052,4.329052
train,97,150,52.0,59.055977,7.055977
train,97,151,51.0,58.784317,7.784317
train,97,152,50.0,61.062893,11.062893
train,97,153,49.0,59.45071,10.45071
train,97,154,48.0,53.69884,5.698841
train,97,155,47.0,51.847054,4.8470535
train,97,156,46.0,54.2916,8.291599
train,97,157,45.0,50.417004,5.4170036
train,97,158,44.0,46.78696,2.7869606
train,97,159,43.0,47.756313,4.7563133
train,97,160,42.0,38.780796,-3.219204
train,97,161,41.0,41.116703,0.11670303
train,97,162,40.0,40.58965,0.5896492
train,97,163,39.0,39.87293,0.8729286
train,97,164,38.0,37.673214,-0.32678604
train,97,165,37.0,38.240383,1.2403831
train,97,166,36.0,38.429173,2.4291725
train,97,167,35.0,40.117573,5.117573
train,97,168,34.0,38.35902,4.35902
train,97,169,33.0,39.12942,6.129421
train,97,170,32.0,36.741947,4.741947
train,97,171,31.0,33.87462,2.8746185
train,97,172,30.0,32.975567,2.9755669
train,97,173,29.0,30.927916,1.9279156
train,97,174,28.0,31.429201,3.4292011
train,97,175,27.0,29.216866,2.2168655
train,97,176,26.0,29.126652,3.1266518
train,97,177,25.0,27.88688,2.8868809
train,97,178,24.0,23.434982,-0.5650177
train,97,179,23.0,22.495035,-0.5049648
train,97,180,22.0,20.84448,-1.1555195
train,97,181,21.0,21.920065,0.9200649
train,97,182,20.0,21.546297,1.5462971
train,97,183,19.0,19.966333,0.9663334
train,97,184,18.0,18.183401,0.18340111
train,97,185,17.0,16.612099,-0.3879013
train,97,186,16.0,16.250595,0.2505951
train,97,187,15.0,14.735454,-0.2645464
train,97,188,14.0,13.222207,-0.77779293
train,97,189,13.0,11.580601,-1.4193993
train,97,190,12.0,10.7880335,-1.2119665
train,97,191,11.0,8.898976,-2.1010237
train,97,192,10.0,9.003859,-0.99614143
train,97,193,9.0,8.700855,-0.29914474
train,97,194,8.0,8.116601,0.11660099
train,97,195,7.0,6.39749,-0.60251
train,97,196,6.0,6.5716214,0.5716214
train,97,197,5.0,4.5247087,-0.47529125
train,97,198,4.0,4.418554,0.41855383
train,97,199,3.0,4.3932066,1.3932066
train,97,200,2.0,2.8764443,0.87644434
train,97,201,1.0,2.8516116,1.8516116
train,97,202,0.0,2.7699535,2.7699535
train,99,30,155.0,144.96976,-10.030243
train,99,31,154.0,143.43303,-10.566971
train,99,32,153.0,139.75537,-13.244629
train,99,33,152.0,135.78003,-16.21997
train,99,34,151.0,126.53095,-24.469048
train,99,35,150.0,108.09654,-41.903458
train,99,36,149.0,139.77399,-9.226013
train,99,37,148.0,131.92284,-16.077164
train,99,38,147.0,135.35912,-11.640884
train,99,39,146.0,140.44078,-5.5592194
train,99,40,145.0,142.912,-2.0879974
train,99,41,144.0,142.71028,-1.2897186
train,99,42,143.0,143.61772,0.61772156
train,99,43,142.0,144.60335,2.6033478
train,99,44,141.0,144.43837,3.4383698
train,99,45,140.0,139.7688,-0.23120117
train,99,46,139.0,122.64937,-16.350632
train,99,47,138.0,137.70934,-0.29066467
train,99,48,137.0,122.03427,-14.965729
train,99,49,136.0,119.41042,-16.589577
train,99,50,135.0,122.0698,-12.930199
train,99,51,134.0,124.195595,-9.804405
train,99,52,133.0,119.16355,-13.836449
train,99,53,132.0,116.18838,-15.811623
train,99,54,131.0,107.63706,-23.362938
train,99,55,130.0,110.13749,-19.86251
train,99,56,129.0,105.34887,-23.65113
train,99,57,128.0,109.69697,-18.303032
train,99,58,127.0,127.86155,0.8615494
train,99,59,126.0,133.41057,7.410568
train,99,60,125.0,133.22041,8.220413
train,99,61,124.0,119.2409,-4.759102
train,99,62,123.0,112.238976,-10.761024
train,99,63,122.0,112.02889,-9.9711075
train,99,64,121.0,121.727806,0.7278061
train,99,65,120.0,133.36412,13.3641205
train,99,66,119.0,140.40811,21.408112
train,99,67,118.0,143.10588,25.10588
train,99,68,117.0,144.91132,27.911316
train,99,69,116.0,144.7372,28.737198
train,99,70,115.0,144.82861,29.828613
train,99,71,114.0,144.98163,30.981628
train,99,72,113.0,145.01823,32.018234
train,99,73,112.0,144.73582,32.735825
train,99,74,111.0,144.84898,33.848984
train,99,75,110.0,144.98318,34.983185
train,99,76,109.0,145.01683,36.01683
train,99,77,108.0,144.79387,36.79387
train,99,78,107.0,144.82092,37.820923
train,99,79,106.0,144.43263,38.432632
train,99,80,105.0,144.09966,39.099655
train,99,81,104.0,143.81078,39.810776
train,99,82,103.0,144.22441,41.22441
train,99,83,102.0,144.55025,42.550247
train,99,84,101.0,143.28651,42.286514
train,99,85,100.0,127.73937,27.739372
train,99,86,99.0,86.181885,-12.818115
train,99,87,98.0,88.48835,-9.51165
train,99,88,97.0,91.64541,-5.3545914
train,99,89,96.0,90.87965,-5.1203537
train,99,90,95.0,98.329216,3.329216
train,99,91,94.0,109.946205,15.946205
train,99,92,93.0,115.66602,22.666023
train,99,93,92.0,106.84562,14.845619
train,99,94,91.0,101.615234,10.615234
train,99,95,90.0,102.97938,12.979378
train,99,96,89.0,107.614494,18.614494
train,99,97,88.0,105.38914,17.389137
train,99,98,87.0,102.942406,15.942406
train,99,99,86.0,99.15483,13.154831
train,99,100,85.0,90.8932,5.8932037
train,99,101,84.0,81.09695,-2.9030533
train,99,102,83.0,79.63326,-3.3667374
train,99,103,82.0,78.521835,-3.4781647
train,99,104,81.0,82.093925,1.0939255
train,99,105,80.0,78.79969,-1.2003098
train,99,106,79.0,76.09349,-2.9065094
train,99,107,78.0,68.15369,-9.846313
train,99,108,77.0,76.596466,-0.40353394
train,99,109,76.0,74.44259,-1.5574112
train,99,110,75.0,70.918495,-4.081505
train,99,111,74.0,64.713806,-9.286194
train,99,112,73.0,67.66554,-5.3344574
train,99,113,72.0,66.32038,-5.679619
train,99,114,71.0,59.715115,-11.284885
train,99,115,70.0,60.40556,-9.59444
train,99,116,69.0,61.573116,-7.4268837
train,99,117,68.0,66.62884,-1.3711624
train,99,118,67.0,80.71226,13.712257
train,99,119,66.0,72.00916,6.009163
train,99,120,65.0,75.69829,10.698288
train,99,121,64.0,73.4646,9.4646
train,99,122,63.0,68.96664,5.9666367
train,99,123,62.0,66.52734,4.5273438
train,99,124,61.0,60.35977,-0.6402283
train,99,125,60.0,59.41807,-0.58192825
train,99,126,59.0,60.21645,1.2164497
train,99,127,58.0,62.539406,4.539406
train,99,128,57.0,66.11596,9.115959
train,99,129,56.0,70.19878,14.198776
train,99,130,55.0,66.39141,11.391411
train,99,131,54.0,55.70667,1.7066689
train,99,132,53.0,51.264355,-1.7356453
train,99,133,52.0,49.049557,-2.9504433
train,99,134,51.0,58.359158,7.3591576
train,99,135,50.0,48.375637,-1.624363
train,99,136,49.0,49.30647,0.30646896
train,99,137,48.0,46.228107,-1.7718925
train,99,138,47.0,41.856983,-5.143017
train,99,139,46.0,42.23141,-3.768589
train,99,140,45.0,40.992283,-4.007717
train,99,141,44.0,39.081745,-4.918255
train,99,142,43.0,39.743755,-3.2562447
train,99,143,42.0,43.216244,1.2162437
train,99,144,41.0,41.44606,0.44606018
train,99,145,40.0,33.48322,-6.516781
train,99,146,39.0,38.718685,-0.28131485
train,99,147,38.0,36.31591,-1.6840897
train,99,148,37.0,38.716408,1.7164078
train,99,149,36.0,36.891033,0.8910332
train,99,150,35.0,34.742817,-0.25718307
train,99,151,34.0,34.37322,0.37321854
train,99,152,33.0,31.58778,-1.41222
train,99,153,32.0,30.596144,-1.4038563
train,99,154,31.0,30.086815,-0.9131851
train,99,155,30.0,30.514818,0.5148182
train,99,156,29.0,28.0432,-0.95680046
train,99,157,28.0,30.393309,2.3933086
train,99,158,27.0,29.483591,2.483591
train,99,159,26.0,30.460527,4.4605274
train,99,160,25.0,29.37824,4.3782406
train,99,161,24.0,26.46584,2.4658394
train,99,162,23.0,25.657845,2.6578445
train,99,163,22.0,22.911573,0.9115734
train,99,164,21.0,21.868454,0.868454
train,99,165,20.0,20.84135,0.84135056
train,99,166,19.0,19.260519,0.26051903
train,99,167,18.0,17.243786,-0.75621414
train,99,168,17.0,14.452798,-2.547202
train,99,169,16.0,14.994834,-1.005166
train,99,170,15.0,14.966424,-0.03357601
train,99,171,14.0,14.339797,0.33979702
train,99,172,13.0,12.386069,-0.6139307
train,99,173,12.0,13.386787,1.3867874
train,99,174,11.0,11.645853,0.64585304
train,99,175,10.0,11.190123,1.1901226
train,99,176,9.0,12.11693,3.11693
train,99,177,8.0,11.413995,3.4139948
train,99,178,7.0,8.691112,1.6911116
train,99,179,6.0,7.009865,1.0098648
train,99,180,5.0,5.2044735,0.2044735
train,99,181,4.0,3.3839126,-0.61608744
train,99,182,3.0,3.0553613,0.05536127
train,99,183,2.0,1.4343866,-0.5656134
train,99,184,1.0,0.95880735,-0.04119265
train,99,185,0.0,1.2569125,1.2569125
val,3,30,149.0,145.21844,-3.7815552
val,3,31,148.0,144.64026,-3.3597412
val,3,32,147.0,144.82849,-2.1715088
val,3,33,146.0,145.06966,-0.9303436
val,3,34,145.0,145.16832,0.1683197
val,3,35,144.0,145.48051,1.4805145
val,3,36,143.0,145.36435,2.3643494
val,3,37,142.0,144.58183,2.581833
val,3,38,141.0,143.47414,2.4741364
val,3,39,140.0,143.83812,3.8381195
val,3,40,139.0,143.88728,4.8872833
val,3,41,138.0,142.07857,4.0785675
val,3,42,137.0,139.03279,2.0327911
val,3,43,136.0,135.05876,-0.9412384
val,3,44,135.0,134.53098,-0.46902466
val,3,45,134.0,137.8361,3.8361053
val,3,46,133.0,130.88036,-2.1196442
val,3,47,132.0,131.72694,-0.27305603
val,3,48,131.0,136.16139,5.161392
val,3,49,130.0,142.9705,12.970505
val,3,50,129.0,143.54999,14.549988
val,3,51,128.0,145.21014,17.210144
val,3,52,127.0,145.10272,18.102722
val,3,53,126.0,145.43503,19.435028
val,3,54,125.0,144.99791,19.99791
val,3,55,124.0,145.34387,21.343872
val,3,56,123.0,145.37413,22.37413
val,3,57,122.0,144.52501,22.52501
val,3,58,121.0,142.99712,21.997116
val,3,59,120.0,144.94124,24.941238
val,3,60,119.0,129.74318,10.743179
val,3,61,118.0,115.627365,-2.372635
val,3,62,117.0,100.4439,-16.556099
val,3,63,116.0,104.87722,-11.12278
val,3,64,115.0,104.65746,-10.342537
val,3,65,114.0,119.29542,5.295418
val,3,66,113.0,133.7552,20.755203
val,3,67,112.0,137.90572,25.905716
val,3,68,111.0,138.80505,27.805054
val,3,69,110.0,138.68329,28.683289
val,3,70,109.0,136.9059,27.9059
val,3,71,108.0,135.69551,27.69551
val,3,72,107.0,137.06377,30.063766
val,3,73,106.0,134.0753,28.075302
val,3,74,105.0,139.83359,34.833588
val,3,75,104.0,138.40248,34.40248
val,3,76,103.0,132.54385,29.543854
val,3,77,102.0,122.35173,20.35173
val,3,78,101.0,118.018616,17.018616
val,3,79,100.0,117.84626,17.84626
val,3,80,99.0,121.90192,22.901917
val,3,81,98.0,118.03359,20.033592
val,3,82,97.0,116.70998,19.709976
val,3,83,96.0,120.31677,24.316772
val,3,84,95.0,115.85068,20.850677
val,3,85,94.0,112.47163,18.471626
val,3,86,93.0,110.70349,17.703491
val,3,87,92.0,110.22877,18.228767
val,3,88,91.0,107.65157,16.651573
val,3,89,90.0,112.17331,22.17331
val,3,90,89.0,96.534904,7.5349045
val,3,91,88.0,98.97721,10.977211
val,3,92,87.0,105.771706,18.771706
val,3,93,86.0,100.76786,14.76786
val,3,94,85.0,94.55059,9.5505905
val,3,95,84.0,105.0388,21.038803
val,3,96,83.0,105.75591,22.755913
val,3,97,82.0,100.72852,18.728523
val,3,98,81.0,98.13064,17.130638
val,3,99,80.0,96.55282,16.552818
val,3,100,79.0,105.14347,26.14347
val,3,101,78.0,108.6224,30.622398
val,3,102,77.0,110.79761,33.797607
val,3,103,76.0,111.23377,35.233772
val,3,104,75.0,103.42589,28.425888
val,3,105,74.0,103.27018,29.27018
val,3,106,73.0,104.732,31.732002
val,3,107,72.0,96.396645,24.396645
val,3,108,71.0,88.553955,17.553955
val,3,109,70.0,85.80562,15.805618
val,3,110,69.0,82.82302,13.823021
val,3,111,68.0,85.34097,17.340973
val,3,112,67.0,84.838745,17.838745
val,3,113,66.0,84.03397,18.033974
val,3,114,65.0,85.949036,20.949036
val,3,115,64.0,80.1101,16.1101
val,3,116,63.0,81.23005,18.23005
val,3,117,62.0,81.24995,19.249947
val,3,118,61.0,77.90119,16.901192
val,3,119,60.0,77.17518,17.175179
val,3,120,59.0,74.64303,15.643028
val,3,121,58.0,75.036095,17.036095
val,3,122,57.0,72.5844,15.584396
val,3,123,56.0,67.52161,11.521606
val,3,124,55.0,64.869606,9.869606
val,3,125,54.0,62.1149,8.114899
val,3,126,53.0,61.460506,8.460506
val,3,127,52.0,60.40817,8.408169
val,3,128,51.0,58.55679,7.5567894
val,3,129,50.0,57.598434,7.5984344
val,3,130,49.0,54.047318,5.0473175
val,3,131,48.0,53.240543,5.2405434
val,3,132,47.0,49.396038,2.396038
val,3,133,46.0,51.00807,5.008072
val,3,134,45.0,51.94018,6.9401817
val,3,135,44.0,53.885662,9.885662
val,3,136,43.0,49.865593,6.865593
val,3,137,42.0,49.995235,7.9952354
val,3,138,41.0,47.258965,6.2589645
val,3,139,40.0,43.479572,3.4795723
val,3,140,39.0,43.385246,4.3852463
val,3,141,38.0,42.514484,4.5144844
val,3,142,37.0,39.1899,2.1898994
val,3,143,36.0,39.68676,3.68676
val,3,144,35.0,40.496952,5.496952
val,3,145,34.0,43.45393,9.45393
val,3,146,33.0,41.285816,8.285816
val,3,147,32.0,36.843143,4.8431435
val,3,148,31.0,35.803062,4.8030624
val,3,149,30.0,33.78325,3.783249
val,3,150,29.0,31.694952,2.694952
val,3,151,28.0,31.151474,3.151474
val,3,152,27.0,30.086933,3.0869331
val,3,153,26.0,27.54968,1.5496807
val,3,154,25.0,29.215631,4.2156315
val,3,155,24.0,28.415571,4.415571
val,3,156,23.0,25.753332,2.7533321
val,3,157,22.0,21.599934,-0.40006638
val,3,158,21.0,21.495573,0.49557304
val,3,159,20.0,21.48118,1.4811802
val,3,160,19.0,21.717657,2.717657
val,3,161,18.0,20.621763,2.6217632
val,3,162,17.0,18.81938,1.8193798
val,3,163,16.0,17.53412,1.5341206
val,3,164,15.0,15.913616,0.9136162
val,3,165,14.0,14.56944,0.5694399
val,3,166,13.0,13.85835,0.8583498
val,3,167,12.0,11.383962,-0.6160383
val,3,168,11.0,10.529814,-0.47018623
val,3,169,10.0,9.742797,-0.2572031
val,3,170,9.0,9.287202,0.28720188
val,3,171,8.0,8.27193,0.27192974
val,3,172,7.0,8.752256,1.7522564
val,3,173,6.0,8.839669,2.8396692
val,3,174,5.0,7.7031546,2.7031546
val,3,175,4.0,5.1650567,1.1650567
val,3,176,3.0,4.566711,1.566711
val,3,177,2.0,4.2030983,2.2030983
val,3,178,1.0,2.0220447,1.0220447
val,3,179,0.0,1.7670314,1.7670314
val,5,30,239.0,145.83965,-93.160355
val,5,31,238.0,145.94443,-92.05557
val,5,32,237.0,145.86272,-91.13728
val,5,33,236.0,145.34108,-90.65892
val,5,34,235.0,145.68164,-89.31836
val,5,35,234.0,145.8608,-88.139206
val,5,36,233.0,145.9011,-87.09891
val,5,37,232.0,145.84187,-86.15813
val,5,38,231.0,145.70438,-85.29562
val,5,39,230.0,145.8668,-84.133194
val,5,40,229.0,145.02847,-83.97153
val,5,41,228.0,144.41557,-83.58443
val,5,42,227.0,145.47237,-81.52763
val,5,43,226.0,145.84027,-80.15973
val,5,44,225.0,145.88945,-79.11055
val,5,45,224.0,145.96028,-78.03972
val,5,46,223.0,145.04369,-77.956314
val,5,47,222.0,145.91304,-76.08696
val,5,48,221.0,145.91844,-75.08156
val,5,49,220.0,145.74413,-74.255875
val,5,50,219.0,145.76797,-73.232025
val,5,51,218.0,145.8023,-72.19769
val,5,52,217.0,145.74913,-71.25087
val,5,53,216.0,145.78557,-70.21443
val,5,54,215.0,145.89748,-69.10252
val,5,55,214.0,145.9065,-68.093506
val,5,56,213.0,145.93602,-67.06398
val,5,57,212.0,145.88347,-66.11653
val,5,58,211.0,145.56004,-65.43996
val,5,59,210.0,145.79958,-64.200424
val,5,60,209.0,145.63316,-63.366837
val,5,61,208.0,145.77618,-62.223816
val,5,62,207.0,145.45937,-61.540634
val,5,63,206.0,145.74327,-60.25673
val,5,64,205.0,145.64964,-59.350357
val,5,65,204.0,145.83836,-58.161636
val,5,66,203.0,145.7317,-57.268295
val,5,67,202.0,145.67668,-56.32332
val,5,68,201.0,145.83208,-55.167923
val,5,69,200.0,145.7931,-54.206894
val,5,70,199.0,145.81596,-53.184036
val,5,71,198.0,145.1789,-52.821106
val,5,72,197.0,145.50093,-51.49907
val,5,73,196.0,145.342,-50.658005
val,5,74,195.0,145.69112,-49.308884
val,5,75,194.0,144.41159,-49.58841
val,5,76,193.0,144.60721,-48.39279
val,5,77,192.0,144.45427,-47.54573
val,5,78,191.0,143.6664,-47.333603
val,5,79,190.0,144.45808,-45.541916
val,5,80,189.0,145.64946,-43.35054
val,5,81,188.0,144.78494,-43.215057
val,5,82,187.0,137.63196,-49.368042
val,5,83,186.0,140.68138,-45.31862
val,5,84,185.0,141.86018,-43.139816
val,5,85,184.0,136.40999,-47.59001
val,5,86,183.0,131.39653,-51.60347
val,5,87,182.0,126.34821,-55.651787
val,5,88,181.0,133.61269,-47.387314
val,5,89,180.0,133.67838,-46.321625
val,5,90,179.0,136.32997,-42.67003
val,5,91,178.0,139.58466,-38.415344
val,5,92,177.0,143.52045,-33.479553
val,5,93,176.0,144.99654,-31.003464
val,5,94,175.0,143.91206,-31.087936
val,5,95,174.0,144.33446,-29.665543
val,5,96,173.0,144.16241,-28.837585
val,5,97,172.0,145.4519,-26.548096
val,5,98,171.0,144.83908,-26.16092
val,5,99,170.0,144.64723,-25.352768
val,5,100,169.0,145.04689,-23.95311
val,5,101,168.0,136.35555,-31.644455
val,5,102,167.0,135.40344,-31.596558
val,5,103,166.0,133.74796,-32.252045
val,5,104,165.0,123.42853,-41.571472
val,5,105,164.0,118.00699,-45.99301
val,5,106,163.0,118.57704,-44.42296
val,5,107,162.0,122.01841,-39.98159
val,5,108,161.0,120.26315,-40.736847
val,5,109,160.0,124.870865,-35.129135
val,5,110,159.0,134.42749,-24.57251
val,5,111,158.0,132.90749,-25.092514
val,5,112,157.0,131.97002,-25.029984
val,5,113,156.0,130.9339,-25.066101
val,5,114,155.0,128.73242,-26.267578
val,5,115,154.0,130.58272,-23.417282
val,5,116,153.0,139.05746,-13.942535
val,5,117,152.0,137.9901,-14.009903
val,5,118,151.0,137.02644,-13.9735565
val,5,119,150.0,135.33163,-14.6683655
val,5,120,149.0,125.81401,-23.18599
val,5,121,148.0,116.01131,-31.988693
val,5,122,147.0,121.61412,-25.38588
val,5,123,146.0,126.88097,-19.119034
val,5,124,145.0,114.45434,-30.545662
val,5,125,144.0,117.95912,-26.040878
val,5,126,143.0,121.13644,-21.863564
val,5,127,142.0,122.36144,-19.638557
val,5,128,141.0,109.41874,-31.58126
val,5,129,140.0,111.261086,-28.738914
val,5,130,139.0,99.5709,-39.4291
val,5,131,138.0,92.999306,-45.000694
val,5,132,137.0,93.03814,-43.96186
val,5,133,136.0,90.04354,-45.95646
val,5,134,135.0,97.72312,-37.27688
val,5,135,134.0,105.97289,-28.027107
val,5,136,133.0,117.08413,-15.915871
val,5,137,132.0,111.6241,-20.3759
val,5,138,131.0,114.15446,-16.845543
val,5,139,130.0,112.339035,-17.660965
val,5,140,129.0,104.55633,-24.443672
val,5,141,128.0,96.72183,-31.278168
val,5,142,127.0,97.84699,-29.153008
val,5,143,126.0,103.81141,-22.188591
val,5,144,125.0,108.12397,-16.87603
val,5,145,124.0,108.9577,-15.042297
val,5,146,123.0,100.03817,-22.96183
val,5,147,122.0,103.16645,-18.83355
val,5,148,121.0,109.23101,-11.76899
val,5,149,120.0,109.6625,-10.337502
val,5,150,119.0,102.308784,-16.691216
val,5,151,118.0,92.9598,-25.0402
val,5,152,117.0,89.092766,-27.907234
val,5,153,116.0,84.747894,-31.252106
val,5,154,115.0,88.61587,-26.384132
val,5,155,114.0,87.11124,-26.888763
val,5,156,113.0,82.78216,-30.217842
val,5,157,112.0,79.654015,-32.345985
val,5,158,111.0,76.15968,-34.840317
val,5,159,110.0,77.987885,-32.012115
val,5,160,109.0,74.60593,-34.394073
val,5,161,108.0,77.50802,-30.491982
val,5,162,107.0,81.66471,-25.335289
val,5,163,106.0,73.51421,-32.485786
val,5,164,105.0,70.33762,-34.662376
val,5,165,104.0,67.34274,-36.657257
val,5,166,103.0,69.2707,-33.7293
val,5,167,102.0,74.47134,-27.528664
val,5,168,101.0,75.474846,-25.525154
val,5,169,100.0,69.856445,-30.143555
val,5,170,99.0,68.36112,-30.638878
val,5,171,98.0,65.3791,-32.620903
val,5,172,97.0,66.61036,-30.38964
val,5,173,96.0,73.00028,-22.999718
val,5,174,95.0,80.04936,-14.950638
val,5,175,94.0,73.88526,-20.114738
val,5,176,93.0,69.72635,-23.273651
val,5,177,92.0,67.56472,-24.43528
val,5,178,91.0,71.319145,-19.680855
val,5,179,90.0,73.44372,-16.556282
val,5,180,89.0,72.46381,-16.536186
val,5,181,88.0,71.11633,-16.883667
val,5,182,87.0,71.42431,-15.575691
val,5,183,86.0,65.48511,-20.514893
val,5,184,85.0,65.38024,-19.619759
val,5,185,84.0,64.07953,-19.920471
val,5,186,83.0,67.31197,-15.688026
val,5,187,82.0,64.48193,-17.518066
val,5,188,81.0,64.85139,-16.148613
val,5,189,80.0,65.499176,-14.500824
val,5,190,79.0,61.265083,-17.734917
val,5,191,78.0,64.41245,-13.587547
val,5,192,77.0,63.293633,-13.7063675
val,5,193,76.0,54.068058,-21.931942
val,5,194,75.0,53.842823,-21.157177
val,5,195,74.0,52.325138,-21.674862
val,5,196,73.0,49.834095,-23.165905
val,5,197,72.0,54.849216,-17.150784
val,5,198,71.0,56.307884,-14.692116
val,5,199,70.0,51.51952,-18.48048
val,5,200,69.0,57.803524,-11.196476
val,5,201,68.0,57.795567,-10.204433
val,5,202,67.0,57.09326,-9.906738
val,5,203,66.0,58.39763,-7.602371
val,5,204,65.0,55.928978,-9.071022
val,5,205,64.0,57.197407,-6.802593
val,5,206,63.0,54.00346,-8.99654
val,5,207,62.0,52.221237,-9.778763
val,5,208,61.0,51.270424,-9.729576
val,5,209,60.0,52.107723,-7.892277
val,5,210,59.0,46.5107,-12.4893
val,5,211,58.0,43.608906,-14.391094
val,5,212,57.0,39.438057,-17.561943
val,5,213,56.0,39.95664,-16.043362
val,5,214,55.0,42.239872,-12.760128
val,5,215,54.0,38.411964,-15.588036
val,5,216,53.0,39.05305,-13.946949
val,5,217,52.0,36.552982,-15.447018
val,5,218,51.0,38.001812,-12.998188
val,5,219,50.0,39.06632,-10.9336815
val,5,220,49.0,38.969994,-10.030006
val,5,221,48.0,38.0894,-9.910599
val,5,222,47.0,35.78647,-11.2135315
val,5,223,46.0,34.711906,-11.288094
val,5,224,45.0,36.438465,-8.561535
val,5,225,44.0,35.143406,-8.856594
val,5,226,43.0,36.525524,-6.474476
val,5,227,42.0,33.354893,-8.645107
val,5,228,41.0,32.845783,-8.154217
val,5,229,40.0,31.803946,-8.196054
val,5,230,39.0,31.253115,-7.7468853
val,5,231,38.0,33.68945,-4.3105507
val,5,232,37.0,31.84753,-5.1524696
val,5,233,36.0,30.188238,-5.811762
val,5,234,35.0,29.469328,-5.530672
val,5,235,34.0,27.85259,-6.1474094
val,5,236,33.0,27.977055,-5.0229454
val,5,237,32.0,28.191477,-3.8085232
val,5,238,31.0,28.088194,-2.911806
val,5,239,30.0,26.75105,-3.248949
val,5,240,29.0,26.322737,-2.6772633
val,5,241,28.0,26.86277,-1.1372299
val,5,242,27.0,24.903505,-2.0964947
val,5,243,26.0,21.737013,-4.262987
val,5,244,25.0,22.181509,-2.818491
val,5,245,24.0,21.645922,-2.3540783
val,5,246,23.0,19.380747,-3.6192532
val,5,247,22.0,17.268038,-4.731962
val,5,248,21.0,18.45984,-2.5401592
val,5,249,20.0,14.87478,-5.1252203
val,5,250,19.0,14.988599,-4.011401
val,5,251,18.0,13.200286,-4.799714
val,5,252,17.0,14.187099,-2.8129005
val,5,253,16.0,11.839896,-4.160104
val,5,254,15.0,12.155833,-2.8441668
val,5,255,14.0,10.456563,-3.543437
val,5,256,13.0,9.174892,-3.8251076
val,5,257,12.0,8.703028,-3.2969723
val,5,258,11.0,9.354904,-1.6450958
val,5,259,10.0,5.889371,-4.110629
val,5,260,9.0,6.529958,-2.4700422
val,5,261,8.0,7.148306,-0.8516941
val,5,262,7.0,7.833187,0.8331871
val,5,263,6.0,5.5393295,-0.46067047
val,5,264,5.0,4.8948007,-0.10519934
val,5,265,4.0,5.02834,1.0283399
val,5,266,3.0,3.4868407,0.48684072
val,5,267,2.0,2.599238,0.5992379
val,5,268,1.0,2.8414683,1.8414683
val,5,269,0.0,2.0384412,2.0384412
val,19,30,128.0,141.3921,13.392105
val,19,31,127.0,140.33553,13.3355255
val,19,32,126.0,129.20554,3.205536
val,19,33,125.0,122.797646,-2.2023544
val,19,34,124.0,109.50716,-14.492844
val,19,35,123.0,102.76947,-20.23053
val,19,36,122.0,100.566284,-21.433716
val,19,37,121.0,100.799126,-20.200874
val,19,38,120.0,101.282555,-18.717445
val,19,39,119.0,103.80223,-15.197769
val,19,40,118.0,115.66577,-2.3342285
val,19,41,117.0,115.64716,-1.3528366
val,19,42,116.0,119.8383,3.8383026
val,19,43,115.0,116.57041,1.5704117
val,19,44,114.0,120.50865,6.5086517
val,19,45,113.0,124.972435,11.972435
val,19,46,112.0,117.66207,5.662071
val,19,47,111.0,111.635475,0.63547516
val,19,48,110.0,113.79298,3.7929764
val,19,49,109.0,129.01044,20.010437
val,19,50,108.0,132.82014,24.820145
val,19,51,107.0,139.0678,32.067795
val,19,52,106.0,140.34119,34.341187
val,19,53,105.0,135.59709,30.597092
val,19,54,104.0,127.7272,23.727203
val,19,55,103.0,121.22074,18.220741
val,19,56,102.0,123.94505,21.945053
val,19,57,101.0,119.80326,18.80326
val,19,58,100.0,115.489876,15.489876
val,19,59,99.0,115.38673,16.386726
val,19,60,98.0,108.355515,10.355515
val,19,61,97.0,102.92179,5.921791
val,19,62,96.0,97.279854,1.2798538
val,19,63,95.0,92.703865,-2.296135
val,19,64,94.0,105.540016,11.540016
val,19,65,93.0,107.57651,14.576508
val,19,66,92.0,118.61801,26.618011
val,19,67,91.0,115.4774,24.477402
val,19,68,90.0,118.87229,28.872292
val,19,69,89.0,123.853806,34.853806
val,19,70,88.0,135.97403,47.97403
val,19,71,87.0,138.51619,51.51619
val,19,72,86.0,135.3799,49.379898
val,19,73,85.0,132.38805,47.388046
val,19,74,84.0,134.39423,50.394226
val,19,75,83.0,127.71451,44.714508
val,19,76,82.0,121.08025,39.080254
val,19,77,81.0,107.431816,26.431816
val,19,78,80.0,110.0658,30.065804
val,19,79,79.0,106.49719,27.497192
val,19,80,78.0,94.11722,16.117218
val,19,81,77.0,87.679146,10.679146
val,19,82,76.0,86.25905,10.259048
val,19,83,75.0,83.44854,8.44854
val,19,84,74.0,76.14274,2.1427383
val,19,85,73.0,71.39076,-1.6092377
val,19,86,72.0,74.24784,2.247841
val,19,87,71.0,76.8557,5.8556976
val,19,88,70.0,67.76071,-2.2392883
val,19,89,69.0,55.76355,-13.23645
val,19,90,68.0,56.253693,-11.746307
val,19,91,67.0,53.76797,-13.232029
val,19,92,66.0,55.774757,-10.225243
val,19,93,65.0,51.214436,-13.785564
val,19,94,64.0,47.723537,-16.276463
val,19,95,63.0,45.757633,-17.242367
val,19,96,62.0,40.8274,-21.1726
val,19,97,61.0,36.695904,-24.304096
val,19,98,60.0,40.01225,-19.987751
val,19,99,59.0,44.654377,-14.345623
val,19,100,58.0,45.67822,-12.321781
val,19,101,57.0,49.93986,-7.0601387
val,19,102,56.0,53.76681,-2.2331886
val,19,103,55.0,61.09004,6.0900383
val,19,104,54.0,59.86278,5.8627815
val,19,105,53.0,55.939312,2.939312
val,19,106,52.0,51.269077,-0.7309227
val,19,107,51.0,54.159462,3.159462
val,19,108,50.0,58.557816,8.557816
val,19,109,49.0,55.560314,6.560314
val,19,110,48.0,49.16215,1.1621513
val,19,111,47.0,52.93616,5.936161
val,19,112,46.0,45.881573,-0.11842728
val,19,113,45.0,42.60631,-2.3936882
val,19,114,44.0,34.99889,-9.00111
val,19,115,43.0,39.069714,-3.9302864
val,19,116,42.0,44.848904,2.8489037
val,19,117,41.0,51.934612,10.934612
val,19,118,40.0,48.8081,8.808102
val,19,119,39.0,42.63068,3.63068
val,19,120,38.0,43.992085,5.9920845
val,19,121,37.0,38.283382,1.2833824
val,19,122,36.0,35.713844,-0.2861557
val,19,123,35.0,35.182167,0.18216705
val,19,124,34.0,32.706985,-1.2930145
val,19,125,33.0,33.79204,0.7920418
val,19,126,32.0,33.053646,1.0536461
val,19,127,31.0,33.11776,2.1177597
val,19,128,30.0,31.604078,1.6040783
val,19,129,29.0,32.457047,3.4570465
val,19,130,28.0,32.415466,4.4154663
val,19,131,27.0,33.071987,6.071987
val,19,132,26.0,28.111963,2.1119633
val,19,133,25.0,26.518072,1.5180721
val,19,134,24.0,26.09042,2.0904198
val,19,135,23.0,26.097239,3.0972385
val,19,136,22.0,25.572489,3.5724888
val,19,137,21.0,24.293755,3.2937546
val,19,138,20.0,21.308176,1.308176
val,19,139,19.0,17.558146,-1.4418545
val,19,140,18.0,16.33789,-1.6621094
val,19,141,17.0,18.511282,1.511282
val,19,142,16.0,19.293924,3.2939243
val,19,143,15.0,18.513363,3.513363
val,19,144,14.0,18.760126,4.760126
val,19,145,13.0,18.535763,5.535763
val,19,146,12.0,14.371311,2.3713112
val,19,147,11.0,13.694154,2.6941538
val,19,148,10.0,12.153295,2.1532946
val,19,149,9.0,10.67509,1.6750898
val,19,150,8.0,10.124036,2.1240358
val,19,151,7.0,8.478691,1.4786911
val,19,152,6.0,8.423372,2.4233723
val,19,153,5.0,6.8333826,1.8333826
val,19,154,4.0,6.144947,2.144947
val,19,155,3.0,4.774666,1.7746658
val,19,156,2.0,3.1975946,1.1975946
val,19,157,1.0,3.69655,2.69655
val,19,158,0.0,0.53489935,0.53489935
val,22,30,172.0,111.953445,-60.046555
val,22,31,171.0,119.62058,-51.379417
val,22,32,170.0,126.77702,-43.222977
val,22,33,169.0,127.931625,-41.068375
val,22,34,168.0,140.36342,-27.636581
val,22,35,167.0,140.8209,-26.179092
val,22,36,166.0,141.03897,-24.96103
val,22,37,165.0,141.11485,-23.885147
val,22,38,164.0,140.98079,-23.01921
val,22,39,163.0,140.11668,-22.883316
val,22,40,162.0,141.07095,-20.929047
val,22,41,161.0,136.79694,-24.203064
val,22,42,160.0,137.65704,-22.342957
val,22,43,159.0,135.11024,-23.889755
val,22,44,158.0,128.50182,-29.498184
val,22,45,157.0,128.95827,-28.041733
val,22,46,156.0,127.4931,-28.506897
val,22,47,155.0,136.09251,-18.907486
val,22,48,154.0,137.6598,-16.340195
val,22,49,153.0,137.26183,-15.738174
val,22,50,152.0,134.68358,-17.316422
val,22,51,151.0,132.84935,-18.15065
val,22,52,150.0,134.58604,-15.413956
val,22,53,149.0,135.50822,-13.4917755
val,22,54,148.0,130.34161,-17.658386
val,22,55,147.0,111.784874,-35.215126
val,22,56,146.0,86.11453,-59.885468
val,22,57,145.0,87.33019,-57.669807
val,22,58,144.0,78.91085,-65.08915
val,22,59,143.0,85.53367,-57.46633
val,22,60,142.0,86.20501,-55.79499
val,22,61,141.0,81.10618,-59.89382
val,22,62,140.0,78.66029,-61.339706
val,22,63,139.0,88.68934,-50.31066
val,22,64,138.0,85.90757,-52.09243
val,22,65,137.0,87.08073,-49.919273
val,22,66,136.0,92.5342,-43.465797
val,22,67,135.0,97.53138,-37.46862
val,22,68,134.0,94.51086,-39.489143
val,22,69,133.0,88.95162,-44.048378
val,22,70,132.0,86.36747,-45.63253
val,22,71,131.0,89.58918,-41.41082
val,22,72,130.0,101.33518,-28.664818
val,22,73,129.0,109.71041,-19.289589
val,22,74,128.0,107.80686,-20.193138
val,22,75,127.0,123.731895,-3.2681046
val,22,76,126.0,120.9774,-5.0225983
val,22,77,125.0,126.546616,1.5466156
val,22,78,124.0,122.43209,-1.5679092
val,22,79,123.0,129.94647,6.946472
val,22,80,122.0,130.9868,8.986801
val,22,81,121.0,127.63134,6.63134
val,22,82,120.0,124.47619,4.4761887
val,22,83,119.0,125.24175,6.2417526
val,22,84,118.0,124.8644,6.864403
val,22,85,117.0,127.48807,10.488068
val,22,86,116.0,125.97508,9.975082
val,22,87,115.0,119.673,4.6729965
val,22,88,114.0,117.035065,3.0350647
val,22,89,113.0,125.37932,12.379318
val,22,90,112.0,113.06257,1.0625687
val,22,91,111.0,102.05746,-8.942543
val,22,92,110.0,89.55753,-20.442467
val,22,93,109.0,84.75042,-24.24958
val,22,94,108.0,73.09018,-34.90982
val,22,95,107.0,76.25381,-30.746193
val,22,96,106.0,72.23223,-33.76777
val,22,97,105.0,74.716705,-30.283295
val,22,98,104.0,80.93679,-23.06321
val,22,99,103.0,86.27694,-16.72306
val,22,100,102.0,84.15734,-17.842659
val,22,101,101.0,92.621704,-8.378296
val,22,102,100.0,94.329185,-5.6708145
val,22,103,99.0,94.29574,-4.704262
val,22,104,98.0,89.39676,-8.603241
val,22,105,97.0,90.921936,-6.078064
val,22,106,96.0,86.06685,-9.933151
val,22,107,95.0,76.77238,-18.227623
val,22,108,94.0,70.89404,-23.105957
val,22,109,93.0,69.787605,-23.212395
val,22,110,92.0,70.94135,-21.058647
val,22,111,91.0,72.80617,-18.193832
val,22,112,90.0,71.36451,-18.63549
val,22,113,89.0,64.558266,-24.441734
val,22,114,88.0,64.50469,-23.495308
val,22,115,87.0,66.996284,-20.003716
val,22,116,86.0,75.580894,-10.419106
val,22,117,85.0,76.13625,-8.863747
val,22,118,84.0,64.63521,-19.364792
val,22,119,83.0,59.94083,-23.05917
val,22,120,82.0,68.453026,-13.546974
val,22,121,81.0,73.00201,-7.9979935
val,22,122,80.0,71.0842,-8.915802
val,22,123,79.0,70.72883,-8.271172
val,22,124,78.0,74.09536,-3.9046402
val,22,125,77.0,74.40905,-2.59095
val,22,126,76.0,68.78952,-7.2104797
val,22,127,75.0,70.23507,-4.7649307
val,22,128,74.0,77.04941,3.049408
val,22,129,73.0,72.509346,-0.490654
val,22,130,72.0,68.48783,-3.512169
val,22,131,71.0,75.4815,4.4814987
val,22,132,70.0,71.81237,1.8123703
val,22,133,69.0,64.67048,-4.329521
val,22,134,68.0,58.904133,-9.095867
val,22,135,67.0,55.04711,-11.9528885
val,22,136,66.0,54.897297,-11.102703
val,22,137,65.0,57.23424,-7.7657585
val,22,138,64.0,53.73099,-10.269009
val,22,139,63.0,53.521305,-9.478695
val,22,140,62.0,51.32679,-10.67321
val,22,141,61.0,46.99576,-14.004238
val,22,142,60.0,46.15202,-13.8479805
val,22,143,59.0,46.107838,-12.892162
val,22,144,58.0,51.656986,-6.343014
val,22,145,57.0,50.437057,-6.5629425
val,22,146,56.0,45.618664,-10.381336
val,22,147,55.0,43.181446,-11.818554
val,22,148,54.0,43.635063,-10.364937
val,22,149,53.0,40.410038,-12.589962
val,22,150,52.0,44.710796,-7.2892036
val,22,151,51.0,42.596245,-8.403755
val,22,152,50.0,44.196445,-5.8035545
val,22,153,49.0,43.47456,-5.52544
val,22,154,48.0,45.564762,-2.435238
val,22,155,47.0,50.91295,3.9129486
val,22,156,46.0,50.099327,4.099327
val,22,157,45.0,46.424442,1.4244423
val,22,158,44.0,44.20074,0.20074081
val,22,159,43.0,37.324963,-5.6750374
val,22,160,42.0,34.55463,-7.4453697
val,22,161,41.0,30.137127,-10.862873
val,22,162,40.0,30.035936,-9.964064
val,22,163,39.0,31.349424,-7.6505756
val,22,164,38.0,31.700733,-6.299267
val,22,165,37.0,36.1017,-0.8983002
val,22,166,36.0,35.590252,-0.40974808
val,22,167,35.0,38.82372,3.823719
val,22,168,34.0,38.252964,4.252964
val,22,169,33.0,37.911156,4.9111557
val,22,170,32.0,36.51711,4.517109
val,22,171,31.0,32.98836,1.9883614
val,22,172,30.0,32.526043,2.526043
val,22,173,29.0,29.646904,0.646904
val,22,174,28.0,28.335953,0.33595276
val,22,175,27.0,29.50907,2.5090694
val,22,176,26.0,28.897196,2.8971958
val,22,177,25.0,29.125706,4.1257057
val,22,178,24.0,23.379747,-0.6202526
val,22,179,23.0,20.21218,-2.7878208
val,22,180,22.0,19.374548,-2.625452
val,22,181,21.0,16.788034,-4.2119656
val,22,182,20.0,17.65729,-2.3427105
val,22,183,19.0,14.51261,-4.4873896
val,22,184,18.0,16.379875,-1.6201248
val,22,185,17.0,15.009854,-1.9901457
val,22,186,16.0,14.688058,-1.3119421
val,22,187,15.0,12.8672495,-2.1327505
val,22,188,14.0,11.282537,-2.7174625
val,22,189,13.0,9.964022,-3.0359783
val,22,190,12.0,10.018884,-1.9811163
val,22,191,11.0,9.317624,-1.6823759
val,22,192,10.0,7.417342,-2.5826578
val,22,193,9.0,6.9879723,-2.0120277
val,22,194,8.0,6.3692293,-1.6307707
val,22,195,7.0,3.5263443,-3.4736557
val,22,196,6.0,5.353223,-0.64677715
val,22,197,5.0,4.3043914,-0.6956086
val,22,198,4.0,4.1963325,0.19633245
val,22,199,3.0,3.109808,0.10980797
val,22,200,2.0,3.8625436,1.8625436
val,22,201,1.0,3.3506193,2.3506193
val,22,202,0.0,1.5061643,1.5061643
val,25,30,200.0,143.0024,-56.997604
val,25,31,199.0,142.94247,-56.057526
val,25,32,198.0,142.26964,-55.730362
val,25,33,197.0,142.3467,-54.653305
val,25,34,196.0,142.57631,-53.42369
val,25,35,195.0,143.08272,-51.917282
val,25,36,194.0,143.08846,-50.911545
val,25,37,193.0,143.13426,-49.865738
val,25,38,192.0,143.15755,-48.842453
val,25,39,191.0,142.9188,-48.081207
val,25,40,190.0,141.26933,-48.730667
val,25,41,189.0,142.31554,-46.684464
val,25,42,188.0,142.97874,-45.021255
val,25,43,187.0,142.75746,-44.24254
val,25,44,186.0,141.80498,-44.195023
val,25,45,185.0,138.15343,-46.846573
val,25,46,184.0,132.7423,-51.257706
val,25,47,183.0,129.67468,-53.325317
val,25,48,182.0,138.96632,-43.033676
val,25,49,181.0,132.12933,-48.870667
val,25,50,180.0,121.96195,-58.038048
val,25,51,179.0,110.858345,-68.141655
val,25,52,178.0,100.24801,-77.75199
val,25,53,177.0,105.07311,-71.92689
val,25,54,176.0,104.6353,-71.3647
val,25,55,175.0,133.63374,-41.366257
val,25,56,174.0,138.48276,-35.517242
val,25,57,173.0,141.90245,-31.09755
val,25,58,172.0,142.89906,-29.100937
val,25,59,171.0,142.97366,-28.026337
val,25,60,170.0,142.65297,-27.34703
val,25,61,169.0,142.96205,-26.037949
val,25,62,168.0,142.69112,-25.308884
val,25,63,167.0,143.04587,-23.954132
val,25,64,166.0,141.63594,-24.36406
val,25,65,165.0,140.29727,-24.702728
val,25,66,164.0,130.0265,-33.973495
val,25,67,163.0,127.53424,-35.46576
val,25,68,162.0,126.76183,-35.238167
val,25,69,161.0,130.85097,-30.149033
val,25,70,160.0,127.38571,-32.61429
val,25,71,159.0,134.64758,-24.352417
val,25,72,158.0,140.6571,-17.342896
val,25,73,157.0,138.99062,-18.009384
val,25,74,156.0,140.61127,-15.388733
val,25,75,155.0,141.38252,-13.617477
val,25,76,154.0,142.71785,-11.28215
val,25,77,153.0,142.68272,-10.317276
val,25,78,152.0,141.88512,-10.114883
val,25,79,151.0,136.52425,-14.475754
val,25,80,150.0,141.29362,-8.706375
val,25,81,149.0,141.3691,-7.630905
val,25,82,148.0,142.51508,-5.4849243
val,25,83,147.0,142.62892,-4.3710785
val,25,84,146.0,141.34639,-4.65361
val,25,85,145.0,141.12965,-3.870346
val,25,86,144.0,137.96913,-6.0308685
val,25,87,143.0,141.40414,-1.5958557
val,25,88,142.0,141.95293,-0.047073364
val,25,89,141.0,141.78798,0.7879791
val,25,90,140.0,142.44315,2.4431458
val,25,91,139.0,142.14055,3.1405487
val,25,92,138.0,142.17604,4.1760406
val,25,93,137.0,140.79546,3.795456
val,25,94,136.0,141.08186,5.0818634
val,25,95,135.0,142.17168,7.1716766
val,25,96,134.0,139.99323,5.993225
val,25,97,133.0,119.859985,-13.140015
val,25,98,132.0,112.24317,-19.756828
val,25,99,131.0,118.58628,-12.413719
val,25,100,130.0,128.70828,-1.2917175
val,25,101,129.0,139.2417,10.241699
val,25,102,128.0,141.69667,13.696671
val,25,103,127.0,141.13979,14.139786
val,25,104,126.0,139.07607,13.076065
val,25,105,125.0,137.54736,12.547363
val,25,106,124.0,139.35875,15.358749
val,25,107,123.0,135.06844,12.068436
val,25,108,122.0,136.36162,14.361618
val,25,109,121.0,124.713936,3.7139359
val,25,110,120.0,138.45804,18.458038
val,25,111,119.0,141.47234,22.472336
val,25,112,118.0,141.86479,23.864792
val,25,113,117.0,140.25224,23.252243
val,25,114,116.0,140.33672,24.336716
val,25,115,115.0,141.29463,26.294632
val,25,116,114.0,141.32832,27.328323
val,25,117,113.0,141.79237,28.792374
val,25,118,112.0,142.11638,30.116379
val,25,119,111.0,138.9844,27.984406
val,25,120,110.0,138.2286,28.228607
val,25,121,109.0,136.57843,27.57843
val,25,122,108.0,137.20555,29.205551
val,25,123,107.0,141.75542,34.755417
val,25,124,106.0,142.21098,36.210983
val,25,125,105.0,140.92377,35.923767
val,25,126,104.0,140.12686,36.12686
val,25,127,103.0,139.85321,36.85321
val,25,128,102.0,135.27081,33.270813
val,25,129,101.0,132.50432,31.504318
val,25,130,100.0,128.16212,28.162125
val,25,131,99.0,133.51715,34.51715
val,25,132,98.0,140.8679,42.867905
val,25,133,97.0,138.62312,41.623123
val,25,134,96.0,139.64531,43.64531
val,25,135,95.0,135.93037,40.930374
val,25,136,94.0,138.44029,44.440292
val,25,137,93.0,124.41472,31.414719
val,25,138,92.0,132.69093,40.690933
val,25,139,91.0,119.020325,28.020325
val,25,140,90.0,119.5132,29.513199
val,25,141,89.0,100.23873,11.238731
val,25,142,88.0,86.35432,-1.6456833
val,25,143,87.0,73.33231,-13.667686
val,25,144,86.0,70.703224,-15.296776
val,25,145,85.0,69.39889,-15.601112
val,25,146,84.0,62.916035,-21.083965
val,25,147,83.0,60.973156,-22.026844
val,25,148,82.0,73.36998,-8.63002
val,25,149,81.0,64.92309,-16.076912
val,25,150,80.0,68.056274,-11.943726
val,25,151,79.0,63.130726,-15.869274
val,25,152,78.0,67.936226,-10.063774
val,25,153,77.0,67.337654,-9.662346
val,25,154,76.0,80.17155,4.171547
val,25,155,75.0,62.51369,-12.486309
val,25,156,74.0,77.545,3.5449982
val,25,157,73.0,72.1195,-0.8805008
val,25,158,72.0,63.541134,-8.458866
val,25,159,71.0,57.779644,-13.220356
val,25,160,70.0,50.37827,-19.62173
val,25,161,69.0,48.718685,-20.281315
val,25,162,68.0,56.073742,-11.926258
val,25,163,67.0,57.494038,-9.505962
val,25,164,66.0,58.206226,-7.7937737
val,25,165,65.0,53.81813,-11.1818695
val,25,166,64.0,74.44886,10.44886
val,25,167,63.0,81.28616,18.286163
val,25,168,62.0,84.71696,22.716957
val,25,169,61.0,93.436295,32.436295
val,25,170,60.0,93.24509,33.245087
val,25,171,59.0,92.19715,33.19715
val,25,172,58.0,81.54339,23.543388
val,25,173,57.0,85.43854,28.438538
val,25,174,56.0,90.73811,34.738113
val,25,175,55.0,82.76728,27.76728
val,25,176,54.0,75.51374,21.51374
val,25,177,53.0,66.46167,13.46167
val,25,178,52.0,62.856525,10.856525
val,25,179,51.0,57.993137,6.9931374
val,25,180,50.0,53.05873,3.058731
val,25,181,49.0,51.255474,2.255474
val,25,182,48.0,50.97059,2.9705887
val,25,183,47.0,46.85884,-0.14115906
val,25,184,46.0,41.868275,-4.1317253
val,25,185,45.0,38.16672,-6.8332787
val,25,186,44.0,41.506855,-2.493145
val,25,187,43.0,36.75014,-6.249859
val,25,188,42.0,37.20044,-4.7995605
val,25,189,41.0,32.55754,-8.442459
val,25,190,40.0,31.912659,-8.087341
val,25,191,39.0,31.41644,-7.583561
val,25,192,38.0,27.095654,-10.904346
val,25,193,37.0,29.432878,-7.5671215
val,25,194,36.0,28.870687,-7.1293125
val,25,195,35.0,26.47502,-8.524981
val,25,196,34.0,27.128962,-6.8710384
val,25,197,33.0,33.903957,0.90395737
val,25,198,32.0,35.466686,3.4666862
val,25,199,31.0,33.467144,2.467144
val,25,200,30.0,33.704826,3.7048264
val,25,201,29.0,32.488194,3.4881935
val,25,202,28.0,30.185259,2.1852589
val,25,203,27.0,27.502876,0.5028763
val,25,204,26.0,29.166609,3.1666088
val,25,205,25.0,27.684397,2.6843967
val,25,206,24.0,28.099276,4.0992756
val,25,207,23.0,24.891325,1.891325
val,25,208,22.0,25.668,3.6679993
val,25,209,21.0,27.378325,6.3783245
val,25,210,20.0,23.608019,3.6080189
val,25,211,19.0,21.743664,2.7436638
val,25,212,18.0,19.802774,1.8027744
val,25,213,17.0,17.856035,0.85603523
val,25,214,16.0,15.39898,-0.60101986
val,25,215,15.0,12.684321,-2.3156786
val,25,216,14.0,11.679553,-2.320447
val,25,217,13.0,8.496312,-4.503688
val,25,218,12.0,10.525026,-1.4749737
val,25,219,11.0,9.007714,-1.9922857
val,25,220,10.0,7.3655367,-2.6344633
val,25,221,9.0,8.203094,-0.7969065
val,25,222,8.0,6.8951063,-1.1048937
val,25,223,7.0,5.6709423,-1.3290577
val,25,224,6.0,4.690414,-1.309586
val,25,225,5.0,4.426552,-0.5734482
val,25,226,4.0,4.2006454,0.20064545
val,25,227,3.0,4.6087284,1.6087284
val,25,228,2.0,1.256231,-0.74376905
val,25,229,1.0,2.3753088,1.3753088
val,25,230,0.0,2.0380936,2.0380936
val,26,30,169.0,142.57597,-26.424026
val,26,31,168.0,142.60762,-25.39238
val,26,32,167.0,142.53647,-24.463531
val,26,33,166.0,142.74469,-23.25531
val,26,34,165.0,142.69331,-22.306686
val,26,35,164.0,142.62718,-21.372818
val,26,36,163.0,142.63281,-20.367188
val,26,37,162.0,142.48479,-19.515213
val,26,38,161.0,141.11958,-19.880417
val,26,39,160.0,142.18639,-17.813614
val,26,40,159.0,142.26094,-16.73906
val,26,41,158.0,141.18562,-16.814377
val,26,42,157.0,142.2022,-14.797806
val,26,43,156.0,140.22217,-15.777832
val,26,44,155.0,139.90332,-15.09668
val,26,45,154.0,140.47777,-13.522232
val,26,46,153.0,129.78108,-23.218918
val,26,47,152.0,111.88863,-40.111366
val,26,48,151.0,114.36685,-36.63315
val,26,49,150.0,99.96764,-50.032356
val,26,50,149.0,103.80436,-45.19564
val,26,51,148.0,103.68548,-44.31452
val,26,52,147.0,75.1384,-71.8616
val,26,53,146.0,71.592705,-74.407295
val,26,54,145.0,84.19045,-60.809547
val,26,55,144.0,90.56175,-53.438248
val,26,56,143.0,88.13907,-54.86093
val,26,57,142.0,86.85324,-55.14676
val,26,58,141.0,98.77154,-42.228462
val,26,59,140.0,112.57273,-27.427269
val,26,60,139.0,114.75482,-24.245178
val,26,61,138.0,121.37629,-16.62371
val,26,62,137.0,126.591934,-10.408066
val,26,63,136.0,126.14648,-9.853523
val,26,64,135.0,132.86371,-2.1362915
val,26,65,134.0,141.50021,7.5002136
val,26,66,133.0,141.8735,8.873505
val,26,67,132.0,141.89635,9.896347
val,26,68,131.0,141.58415,10.584152
val,26,69,130.0,141.9916,11.991592
val,26,70,129.0,141.80305,12.803055
val,26,71,128.0,141.63632,13.636322
val,26,72,127.0,140.97462,13.974625
val,26,73,126.0,139.5392,13.5392
val,26,74,125.0,140.3019,15.301895
val,26,75,124.0,139.32544,15.325439
val,26,76,123.0,127.76348,4.763481
val,26,77,122.0,120.62551,-1.3744888
val,26,78,121.0,128.43428,7.4342804
val,26,79,120.0,130.44713,10.447128
val,26,80,119.0,130.73338,11.733383
val,26,81,118.0,139.49023,21.490234
val,26,82,117.0,135.37877,18.378769
val,26,83,116.0,130.82164,14.82164
val,26,84,115.0,121.179245,6.179245
val,26,85,114.0,128.34967,14.34967
val,26,86,113.0,101.111725,-11.888275
val,26,87,112.0,86.83842,-25.161583
val,26,88,111.0,85.03771,-25.962288
val,26,89,110.0,74.50155,-35.49845
val,26,90,109.0,78.26108,-30.738922
val,26,91,108.0,74.50834,-33.49166
val,26,92,107.0,87.192085,-19.807915
val,26,93,106.0,81.20443,-24.79557
val,26,94,105.0,74.760216,-30.239784
val,26,95,104.0,77.280975,-26.719025
val,26,96,103.0,88.94538,-14.054619
val,26,97,102.0,107.22192,5.221916
val,26,98,101.0,124.0706,23.070602
val,26,99,100.0,139.76524,39.765244
val,26,100,99.0,139.30983,40.30983
val,26,101,98.0,139.48495,41.484955
val,26,102,97.0,136.86475,39.864746
val,26,103,96.0,139.55016,43.550156
val,26,104,95.0,139.98079,44.98079
val,26,105,94.0,139.20326,45.203262
val,26,106,93.0,134.74626,41.74626
val,26,107,92.0,138.09123,46.091232
val,26,108,91.0,131.27284,40.272842
val,26,109,90.0,130.18376,40.18376
val,26,110,89.0,126.51543,37.515427
val,26,111,88.0,133.19563,45.195633
val,26,112,87.0,131.6324,44.6324
val,26,113,86.0,136.32796,50.327957
val,26,114,85.0,125.155655,40.155655
val,26,115,84.0,123.98143,39.98143
val,26,116,83.0,112.1508,29.150803
val,26,117,82.0,110.63481,28.634811
val,26,118,81.0,112.4723,31.472298
val,26,119,80.0,120.4401,40.4401
val,26,120,79.0,119.56858,40.56858
val,26,121,78.0,106.42611,28.42611
val,26,122,77.0,104.33339,27.33339
val,26,123,76.0,97.68461,21.684608
val,26,124,75.0,104.338905,29.338905
val,26,125,74.0,92.00892,18.008919
val,26,126,73.0,96.299324,23.299324
val,26,127,72.0,97.138725,25.138725
val,26,128,71.0,104.92604,33.92604
val,26,129,70.0,109.31913,39.31913
val,26,130,69.0,93.52238,24.522377
val,26,131,68.0,97.43929,29.439293
val,26,132,67.0,94.18999,27.189987
val,26,133,66.0,90.175186,24.175186
val,26,134,65.0,87.47638,22.47638
val,26,135,64.0,96.30768,32.30768
val,26,136,63.0,90.810646,27.810646
val,26,137,62.0,102.10432,40.104317
val,26,138,61.0,99.1364,38.1364
val,26,139,60.0,89.69827,29.698273
val,26,140,59.0,78.8252,19.825203
val,26,141,58.0,77.94378,19.943779
val,26,142,57.0,68.0251,11.025101
val,26,143,56.0,64.29864,8.298637
val,26,144,55.0,60.713093,5.713093
val,26,145,54.0,56.591892,2.5918922
val,26,146,53.0,51.918594,-1.0814056
val,26,147,52.0,54.515392,2.5153923
val,26,148,51.0,45.145344,-5.854656
val,26,149,50.0,46.60873,-3.3912697
val,26,150,49.0,41.797848,-7.2021523
val,26,151,48.0,38.458553,-9.541447
val,26,152,47.0,38.054768,-8.945232
val,26,153,46.0,38.833157,-7.1668434
val,26,154,45.0,40.20876,-4.7912407
val,26,155,44.0,41.439137,-2.5608635
val,26,156,43.0,40.41028,-2.5897217
val,26,157,42.0,39.78275,-2.2172508
val,26,158,41.0,47.67608,6.676079
val,26,159,40.0,41.728596,1.7285957
val,26,160,39.0,42.881855,3.881855
val,26,161,38.0,39.835125,1.835125
val,26,162,37.0,35.089233,-1.9107666
val,26,163,36.0,37.155506,1.1555061
val,26,164,35.0,39.7038,4.7038
val,26,165,34.0,37.341957,3.341957
val,26,166,33.0,33.284626,0.284626
val,26,167,32.0,34.355396,2.3553963
val,26,168,31.0,33.188683,2.1886826
val,26,169,30.0,34.72549,4.7254906
val,26,170,29.0,30.659456,1.6594563
val,26,171,28.0,29.708454,1.7084541
val,26,172,27.0,31.97956,4.979561
val,26,173,26.0,28.389048,2.3890476
val,26,174,25.0,27.654673,2.6546726
val,26,175,24.0,25.080591,1.0805912
val,26,176,23.0,22.553549,-0.4464512
val,26,177,22.0,21.901913,-0.09808731
val,26,178,21.0,21.494547,0.4945469
val,26,179,20.0,21.498396,1.4983959
val,26,180,19.0,20.203514,1.2035141
val,26,181,18.0,18.051306,0.05130577
val,26,182,17.0,20.204535,3.2045345
val,26,183,16.0,17.74226,1.74226
val,26,184,15.0,17.40386,2.40386
val,26,185,14.0,16.815628,2.815628
val,26,186,13.0,16.082455,3.0824547
val,26,187,12.0,13.990645,1.9906454
val,26,188,11.0,13.050517,2.050517
val,26,189,10.0,11.726821,1.726821
val,26,190,9.0,11.322402,2.322402
val,26,191,8.0,7.1716976,-0.8283024
val,26,192,7.0,6.887871,-0.11212921
val,26,193,6.0,6.222853,0.22285318
val,26,194,5.0,6.3616567,1.3616567
val,26,195,4.0,5.425404,1.4254041
val,26,196,3.0,6.1935096,3.1935096
val,26,197,2.0,4.240723,2.2407231
val,26,198,1.0,4.2811813,3.2811813
val,26,199,0.0,2.6676123,2.6676123
val,28,30,135.0,145.55855,10.558548
val,28,31,134.0,145.69948,11.699478
val,28,32,133.0,145.92668,12.9266815
val,28,33,132.0,145.70708,13.707077
val,28,34,131.0,144.97264,13.972641
val,28,35,130.0,145.59618,15.596176
val,28,36,129.0,145.54797,16.547974
val,28,37,128.0,145.58443,17.584427
val,28,38,127.0,145.68767,18.687668
val,28,39,126.0,145.39175,19.391754
val,28,40,125.0,145.38326,20.383255
val,28,41,124.0,145.61963,21.619629
val,28,42,123.0,145.57469,22.574692
val,28,43,122.0,145.62546,23.625458
val,28,44,121.0,145.5496,24.549606
val,28,45,120.0,145.58073,25.580734
val,28,46,119.0,145.6837,26.6837
val,28,47,118.0,145.7488,27.748795
val,28,48,117.0,145.22563,28.225632
val,28,49,116.0,145.38359,29.38359
val,28,50,115.0,145.63347,30.633469
val,28,51,114.0,144.88823,30.88823
val,28,52,113.0,144.30098,31.30098
val,28,53,112.0,145.3845,33.384506
val,28,54,111.0,145.19997,34.199966
val,28,55,110.0,145.00969,35.00969
val,28,56,109.0,144.57831,35.57831
val,28,57,108.0,144.79808,36.79808
val,28,58,107.0,144.4442,37.4442
val,28,59,106.0,144.9763,38.976303
val,28,60,105.0,145.03943,40.03943
val,28,61,104.0,144.54494,40.544937
val,28,62,103.0,143.61742,40.617416
val,28,63,102.0,143.80116,41.801163
val,28,64,101.0,145.38927,44.389267
val,28,65,100.0,145.28511,45.28511
val,28,66,99.0,144.95775,45.95775
val,28,67,98.0,142.9572,44.9572
val,28,68,97.0,145.04408,48.044083
val,28,69,96.0,145.02657,49.026566
val,28,70,95.0,144.94453,49.944534
val,28,71,94.0,145.2862,51.286194
val,28,72,93.0,145.61061,52.61061
val,28,73,92.0,144.93974,52.939743
val,28,74,91.0,144.6034,53.603394
val,28,75,90.0,145.3868,55.386795
val,28,76,89.0,144.87376,55.873764
val,28,77,88.0,145.33846,57.338455
val,28,78,87.0,145.36147,58.361465
val,28,79,86.0,144.95543,58.95543
val,28,80,85.0,145.26524,60.265244
val,28,81,84.0,145.1992,61.199203
val,28,82,83.0,144.33014,61.33014
val,28,83,82.0,144.12392,62.123917
val,28,84,81.0,143.05426,62.05426
val,28,85,80.0,141.23372,61.23372
val,28,86,79.0,140.96967,61.969666
val,28,87,78.0,137.49117,59.491165
val,28,88,77.0,112.11839,35.118393
val,28,89,76.0,110.66713,34.66713
val,28,90,75.0,106.47454,31.47454
val,28,91,74.0,104.30663,30.306633
val,28,92,73.0,98.81371,25.813713
val,28,93,72.0,90.28257,18.28257
val,28,94,71.0,90.02628,19.026283
val,28,95,70.0,93.24177,23.241768
val,28,96,69.0,90.62213,21.622131
val,28,97,68.0,96.499855,28.499855
val,28,98,67.0,91.032646,24.032646
val,28,99,66.0,88.00379,22.003792
val,28,100,65.0,85.979355,20.979355
val,28,101,64.0,86.464806,22.464806
val,28,102,63.0,84.82366,21.823662
val,28,103,62.0,83.65211,21.652107
val,28,104,61.0,81.32731,20.327309
val,28,105,60.0,80.98069,20.98069
val,28,106,59.0,79.87424,20.874237
val,28,107,58.0,75.94184,17.941841
val,28,108,57.0,73.19405,16.194054
val,28,109,56.0,78.87914,22.879143
val,28,110,55.0,74.96587,19.965874
val,28,111,54.0,74.79194,20.791939
val,28,112,53.0,72.59167,19.591667
val,28,113,52.0,69.65721,17.657211
val,28,114,51.0,69.24674,18.246742
val,28,115,50.0,62.39604,12.396042
val,28,116,49.0,63.963108,14.963108
val,28,117,48.0,66.78297,18.782967
val,28,118,47.0,64.90336,17.903358
val,28,119,46.0,62.07117,16.07117
val,28,120,45.0,61.705692,16.705692
val,28,121,44.0,55.28098,11.280979
val,28,122,43.0,56.224773,13.224773
val,28,123,42.0,60.10024,18.100239
val,28,124,41.0,62.712814,21.712814
val,28,125,40.0,59.141712,19.141712
val,28,126,39.0,60.54648,21.546478
val,28,127,38.0,62.77847,24.77847
val,28,128,37.0,55.157043,18.157043
val,28,129,36.0,49.516857,13.516857
val,28,130,35.0,45.010338,10.010338
val,28,131,34.0,44.048115,10.048115
val,28,132,33.0,47.406063,14.406063
val,28,133,32.0,45.825146,13.825146
val,28,134,31.0,45.61716,14.617161
val,28,135,30.0,42.290512,12.290512
val,28,136,29.0,39.686653,10.686653
val,28,137,28.0,35.784336,7.784336
val,28,138,27.0,29.646696,2.646696
val,28,139,26.0,30.076239,4.0762386
val,28,140,25.0,30.944967,5.9449673
val,28,141,24.0,30.914637,6.9146366
val,28,142,23.0,27.122911,4.1229115
val,28,143,22.0,27.677114,5.6771145
val,28,144,21.0,28.24609,7.24609
val,28,145,20.0,25.375582,5.3755817
val,28,146,19.0,23.045904,4.045904
val,28,147,18.0,22.788935,4.7889347
val,28,148,17.0,18.982552,1.9825516
val,28,149,16.0,20.161,4.1609993
val,28,150,15.0,17.264818,2.2648182
val,28,151,14.0,15.526152,1.5261517
val,28,152,13.0,14.846171,1.8461714
val,28,153,12.0,13.801208,1.8012075
val,28,154,11.0,14.944501,3.944501
val,28,155,10.0,13.151252,3.1512518
val,28,156,9.0,13.312929,4.312929
val,28,157,8.0,13.400481,5.400481
val,28,158,7.0,12.57471,5.57471
val,28,159,6.0,11.171914,5.171914
val,28,160,5.0,9.46542,4.46542
val,28,161,4.0,9.00343,5.0034304
val,28,162,3.0,8.018844,5.0188437
val,28,163,2.0,6.311302,4.311302
val,28,164,1.0,3.7561636,2.7561636
val,28,165,0.0,4.899364,4.899364
val,34,30,165.0,141.37523,-23.624771
val,34,31,164.0,136.61673,-27.38327
val,34,32,163.0,140.26227,-22.737732
val,34,33,162.0,143.21724,-18.78276
val,34,34,161.0,143.17902,-17.820984
val,34,35,160.0,143.34607,-16.65393
val,34,36,159.0,143.41344,-15.586563
val,34,37,158.0,142.82924,-15.170761
val,34,38,157.0,141.57817,-15.421829
val,34,39,156.0,142.34187,-13.658127
val,34,40,155.0,142.517,-12.483002
val,34,41,154.0,143.40266,-10.597336
val,34,42,153.0,143.33897,-9.661026
val,34,43,152.0,143.25414,-8.745865
val,34,44,151.0,143.34416,-7.655838
val,34,45,150.0,143.04446,-6.955536
val,34,46,149.0,142.36688,-6.6331177
val,34,47,148.0,142.77895,-5.221054
val,34,48,147.0,143.1562,-3.8437958
val,34,49,146.0,143.09233,-2.907669
val,34,50,145.0,142.50722,-2.4927826
val,34,51,144.0,141.77269,-2.2273102
val,34,52,143.0,143.22021,0.22021484
val,34,53,142.0,143.1949,1.1949005
val,34,54,141.0,140.59683,-0.40316772
val,34,55,140.0,137.4755,-2.5245056
val,34,56,139.0,137.14885,-1.8511505
val,34,57,138.0,138.7676,0.7675934
val,34,58,137.0,141.1234,4.123398
val,34,59,136.0,141.68675,5.6867523
val,34,60,135.0,128.79303,-6.20697
val,34,61,134.0,129.5945,-4.4055023
val,34,62,133.0,126.91883,-6.081169
val,34,63,132.0,120.33274,-11.667259
val,34,64,131.0,130.7589,-0.24110413
val,34,65,130.0,135.43224,5.4322357
val,34,66,129.0,140.4294,11.429398
val,34,67,128.0,126.70985,-1.2901535
val,34,68,127.0,112.11376,-14.886238
val,34,69,126.0,123.36942,-2.630577
val,34,70,125.0,135.95888,10.958878
val,34,71,124.0,142.41501,18.415009
val,34,72,123.0,141.54013,18.54013
val,34,73,122.0,140.4869,18.486893
val,34,74,121.0,142.56236,21.562363
val,34,75,120.0,143.072,23.072006
val,34,76,119.0,143.09755,24.09755
val,34,77,118.0,142.68544,24.68544
val,34,78,117.0,142.84889,25.848892
val,34,79,116.0,141.34624,25.346237
val,34,80,115.0,136.76344,21.763443
val,34,81,114.0,135.72847,21.72847
val,34,82,113.0,134.44545,21.44545
val,34,83,112.0,136.34921,24.349213
val,34,84,111.0,134.07191,23.071915
val,34,85,110.0,117.0783,7.0783005
val,34,86,109.0,116.184395,7.184395
val,34,87,108.0,101.96511,-6.034889
val,34,88,107.0,111.377754,4.377754
val,34,89,106.0,116.656685,10.656685
val,34,90,105.0,119.433174,14.433174
val,34,91,104.0,117.47523,13.475227
val,34,92,103.0,114.52384,11.523842
val,34,93,102.0,110.64245,8.642448
val,34,94,101.0,122.54187,21.54187
val,34,95,100.0,126.0178,26.0178
val,34,96,99.0,130.2223,31.222305
val,34,97,98.0,138.40012,40.400116
val,34,98,97.0,139.68251,42.68251
val,34,99,96.0,141.28265,45.282654
val,34,100,95.0,136.14119,41.14119
val,34,101,94.0,125.13525,31.135246
val,34,102,93.0,105.086464,12.086464
val,34,103,92.0,103.05831,11.058311
val,34,104,91.0,105.54896,14.548958
val,34,105,90.0,108.46367,18.463669
val,34,106,89.0,96.14624,7.14624
val,34,107,88.0,93.40343,5.403427
val,34,108,87.0,100.31837,13.318367
val,34,109,86.0,105.33759,19.337593
val,34,110,85.0,81.280235,-3.7197647
val,34,111,84.0,79.80286,-4.1971436
val,34,112,83.0,94.166176,11.166176
val,34,113,82.0,100.56579,18.565788
val,34,114,81.0,97.4067,16.4067
val,34,115,80.0,101.2694,21.269402
val,34,116,79.0,89.324104,10.324104
val,34,117,78.0,90.95095,12.950951
val,34,118,77.0,101.06587,24.065872
val,34,119,76.0,100.007645,24.007645
val,34,120,75.0,91.70348,16.703484
val,34,121,74.0,80.575874,6.5758743
val,34,122,73.0,73.993324,0.9933243
val,34,123,72.0,71.07954,-0.92046356
val,34,124,71.0,71.8189,0.81890106
val,34,125,70.0,87.68292,17.682922
val,34,126,69.0,98.875534,29.875534
val,34,127,68.0,100.06915,32.069153
val,34,128,67.0,89.714745,22.714745
val,34,129,66.0,92.15759,26.157593
val,34,130,65.0,91.87909,26.87909
val,34,131,64.0,89.199455,25.199455
val,34,132,63.0,77.52107,14.521072
val,34,133,62.0,72.69805,10.698051
val,34,134,61.0,70.61436,9.614357
val,34,135,60.0,69.96546,9.965462
val,34,136,59.0,66.831314,7.831314
val,34,137,58.0,73.08096,15.080963
val,34,138,57.0,72.84202,15.842018
val,34,139,56.0,73.561134,17.561134
val,34,140,55.0,73.951454,18.951454
val,34,141,54.0,70.486244,16.486244
val,34,142,53.0,67.93829,14.938293
val,34,143,52.0,62.019604,10.019604
val,34,144,51.0,55.410336,4.4103355
val,34,145,50.0,59.995216,9.995216
val,34,146,49.0,55.033577,6.033577
val,34,147,48.0,58.644054,10.644054
val,34,148,47.0,52.89861,5.898609
val,34,149,46.0,54.49172,8.491718
val,34,150,45.0,53.283222,8.283222
val,34,151,44.0,52.074665,8.074665
val,34,152,43.0,49.7631,6.7630997
val,34,153,42.0,46.498714,4.4987144
val,34,154,41.0,43.05905,2.0590515
val,34,155,40.0,40.502163,0.50216293
val,34,156,39.0,46.299107,7.2991066
val,34,157,38.0,46.115196,8.115196
val,34,158,37.0,40.706715,3.7067146
val,34,159,36.0,34.129375,-1.8706245
val,34,160,35.0,34.596367,-0.40363312
val,34,161,34.0,38.3709,4.370899
val,34,162,33.0,37.017048,4.017048
val,34,163,32.0,37.315144,5.3151436
val,34,164,31.0,34.276337,3.2763367
val,34,165,30.0,28.337898,-1.6621017
val,34,166,29.0,28.197695,-0.8023052
val,34,167,28.0,28.257666,0.25766563
val,34,168,27.0,28.797749,1.7977486
val,34,169,26.0,27.637407,1.6374073
val,34,170,25.0,26.288973,1.2889729
val,34,171,24.0,28.788706,4.788706
val,34,172,23.0,25.58189,2.58189
val,34,173,22.0,23.609222,1.6092224
val,34,174,21.0,21.496424,0.49642372
val,34,175,20.0,19.995476,-0.004524231
val,34,176,19.0,19.84879,0.8487892
val,34,177,18.0,19.054197,1.0541973
val,34,178,17.0,16.820074,-0.17992592
val,34,179,16.0,16.222834,0.22283363
val,34,180,15.0,17.219915,2.2199154
val,34,181,14.0,16.018236,2.0182362
val,34,182,13.0,14.741841,1.7418413
val,34,183,12.0,11.782958,-0.21704197
val,34,184,11.0,10.560994,-0.43900585
val,34,185,10.0,9.285133,-0.71486664
val,34,186,9.0,7.5678153,-1.4321847
val,34,187,8.0,7.876041,-0.123959064
val,34,188,7.0,6.936452,-0.06354809
val,34,189,6.0,7.45347,1.4534702
val,34,190,5.0,6.4259176,1.4259176
val,34,191,4.0,5.4386473,1.4386473
val,34,192,3.0,3.6894312,0.6894312
val,34,193,2.0,4.6358476,2.6358476
val,34,194,1.0,4.4558506,3.4558506
val,34,195,0.0,2.6887302,2.6887302
val,43,30,177.0,145.75682,-31.24318
val,43,31,176.0,145.69072,-30.30928
val,43,32,175.0,145.82146,-29.178543
val,43,33,174.0,145.35573,-28.644272
val,43,34,173.0,145.72597,-27.274033
val,43,35,172.0,145.8484,-26.151596
val,43,36,171.0,145.90457,-25.095428
val,43,37,170.0,145.64948,-24.350525
val,43,38,169.0,145.37288,-23.627121
val,43,39,168.0,145.63692,-22.363083
val,43,40,167.0,145.31528,-21.684723
val,43,41,166.0,145.44171,-20.558289
val,43,42,165.0,145.37892,-19.621078
val,43,43,164.0,145.54826,-18.451736
val,43,44,163.0,145.71979,-17.280212
val,43,45,162.0,145.78471,-16.215286
val,43,46,161.0,145.48988,-15.510117
val,43,47,160.0,145.50636,-14.493637
val,43,48,159.0,145.2611,-13.738907
val,43,49,158.0,145.3692,-12.630798
val,43,50,157.0,145.40189,-11.598114
val,43,51,156.0,145.14049,-10.859512
val,43,52,155.0,145.72655,-9.273453
val,43,53,154.0,145.62993,-8.370071
val,43,54,153.0,145.6783,-7.321701
val,43,55,152.0,145.17337,-6.8266296
val,43,56,151.0,143.40033,-7.5996704
val,43,57,150.0,145.17378,-4.8262177
val,43,58,149.0,144.03331,-4.96669
val,43,59,148.0,141.91084,-6.089157
val,43,60,147.0,143.23131,-3.768692
val,43,61,146.0,144.80571,-1.1942902
val,43,62,145.0,143.59792,-1.4020844
val,43,63,144.0,143.4876,-0.5124054
val,43,64,143.0,144.1461,1.1461029
val,43,65,142.0,143.59554,1.5955353
val,43,66,141.0,144.63225,3.632248
val,43,67,140.0,143.75822,3.7582245
val,43,68,139.0,143.09132,4.091324
val,43,69,138.0,145.16664,7.166641
val,43,70,137.0,143.99544,6.9954376
val,43,71,136.0,145.04079,9.040787
val,43,72,135.0,143.56288,8.562881
val,43,73,134.0,144.50233,10.502335
val,43,74,133.0,141.54793,8.547928
val,43,75,132.0,143.67558,11.675583
val,43,76,131.0,143.80223,12.802231
val,43,77,130.0,144.89009,14.890091
val,43,78,129.0,143.90111,14.901108
val,43,79,128.0,138.47084,10.47084
val,43,80,127.0,134.49586,7.495865
val,43,81,126.0,129.30539,3.3053894
val,43,82,125.0,138.5909,13.590897
val,43,83,124.0,140.96234,16.962341
val,43,84,123.0,139.78563,16.78563
val,43,85,122.0,134.84834,12.848343
val,43,86,121.0,119.63186,-1.3681412
val,43,87,120.0,128.48613,8.48613
val,43,88,119.0,124.076225,5.0762253
val,43,89,118.0,124.78278,6.7827835
val,43,90,117.0,131.57384,14.573837
val,43,91,116.0,140.57631,24.57631
val,43,92,115.0,137.10132,22.101318
val,43,93,114.0,134.2689,20.268906
val,43,94,113.0,127.94854,14.94854
val,43,95,112.0,129.02058,17.020584
val,43,96,111.0,128.70195,17.70195
val,43,97,110.0,133.73753,23.737534
val,43,98,109.0,137.83504,28.835037
val,43,99,108.0,136.03914,28.039139
val,43,100,107.0,131.86185,24.861847
val,43,101,106.0,134.69267,28.692673
val,43,102,105.0,131.77864,26.77864
val,43,103,104.0,134.68332,30.68332
val,43,104,103.0,130.36954,27.369537
val,43,105,102.0,127.57987,25.579872
val,43,106,101.0,117.27798,16.277977
val,43,107,100.0,116.25741,16.257408
val,43,108,99.0,108.025246,9.025246
val,43,109,98.0,96.88868,-1.1113205
val,43,110,97.0,95.88902,-1.1109772
val,43,111,96.0,90.21407,-5.785927
val,43,112,95.0,86.50231,-8.497688
val,43,113,94.0,74.250854,-19.749146
val,43,114,93.0,76.388824,-16.611176
val,43,115,92.0,73.0295,-18.970497
val,43,116,91.0,78.15876,-12.84124
val,43,117,90.0,72.442924,-17.557076
val,43,118,89.0,80.56588,-8.43412
val,43,119,88.0,89.75492,1.754921
val,43,120,87.0,100.414055,13.414055
val,43,121,86.0,94.39523,8.395233
val,43,122,85.0,91.11169,6.1116867
val,43,123,84.0,85.22936,1.2293625
val,43,124,83.0,81.68612,-1.3138809
val,43,125,82.0,91.977295,9.977295
val,43,126,81.0,108.449715,27.449715
val,43,127,80.0,107.57401,27.574013
val,43,128,79.0,126.61582,47.61582
val,43,129,78.0,139.1715,61.171494
val,43,130,77.0,138.19228,61.192276
val,43,131,76.0,138.9848,62.984802
val,43,132,75.0,138.58475,63.584747
val,43,133,74.0,137.91153,63.91153
val,43,134,73.0,142.03136,69.03136
val,43,135,72.0,141.88307,69.88307
val,43,136,71.0,139.61852,68.618515
val,43,137,70.0,134.03606,64.03606
val,43,138,69.0,116.40788,47.407883
val,43,139,68.0,103.41988,35.419884
val,43,140,67.0,89.95501,22.95501
val,43,141,66.0,75.89371,9.893707
val,43,142,65.0,75.08465,10.084648
val,43,143,64.0,68.82988,4.8298798
val,43,144,63.0,69.33232,6.332321
val,43,145,62.0,70.33065,8.33065
val,43,146,61.0,72.80338,11.803383
val,43,147,60.0,67.502464,7.5024643
val,43,148,59.0,66.7022,7.702202
val,43,149,58.0,72.7288,14.728798
val,43,150,57.0,74.395195,17.395195
val,43,151,56.0,66.83391,10.833908
val,43,152,55.0,67.11288,12.112877
val,43,153,54.0,66.224915,12.224915
val,43,154,53.0,65.75338,12.75338
val,43,155,52.0,60.726154,8.726154
val,43,156,51.0,62.30958,11.309582
val,43,157,50.0,59.671337,9.671337
val,43,158,49.0,64.856544,15.8565445
val,43,159,48.0,63.67483,15.674831
val,43,160,47.0,59.14118,12.141178
val,43,161,46.0,60.673805,14.673805
val,43,162,45.0,62.709896,17.709896
val,43,163,44.0,54.904858,10.904858
val,43,164,43.0,53.185303,10.185303
val,43,165,42.0,54.53113,12.531132
val,43,166,41.0,46.418842,5.4188423
val,43,167,40.0,46.25745,6.25745
val,43,168,39.0,40.10746,1.10746
val,43,169,38.0,33.75073,-4.2492714
val,43,170,37.0,32.095257,-4.904743
val,43,171,36.0,30.857069,-5.142931
val,43,172,35.0,30.242065,-4.7579346
val,43,173,34.0,29.660948,-4.339052
val,43,174,33.0,27.796,-5.2040005
val,43,175,32.0,29.104132,-2.8958683
val,43,176,31.0,27.257753,-3.7422466
val,43,177,30.0,24.835897,-5.1641026
val,43,178,29.0,25.596636,-3.4033642
val,43,179,28.0,30.182787,2.182787
val,43,180,27.0,31.454199,4.454199
val,43,181,26.0,29.552153,3.5521526
val,43,182,25.0,27.61311,2.6131096
val,43,183,24.0,25.3019,1.3019009
val,43,184,23.0,23.55694,0.5569401
val,43,185,22.0,20.684175,-1.3158245
val,43,186,21.0,19.580183,-1.419817
val,43,187,20.0,19.95438,-0.045619965
val,43,188,19.0,16.856361,-2.1436386
val,43,189,18.0,14.8247595,-3.1752405
val,43,190,17.0,15.32246,-1.6775398
val,43,191,16.0,15.260972,-0.739028
val,43,192,15.0,16.460537,1.460537
val,43,193,14.0,14.483899,0.48389912
val,43,194,13.0,12.366785,-0.63321495
val,43,195,12.0,13.289788,1.2897882
val,43,196,11.0,12.504118,1.504118
val,43,197,10.0,11.446843,1.4468431
val,43,198,9.0,10.397056,1.3970556
val,43,199,8.0,11.570879,3.570879
val,43,200,7.0,10.870069,3.8700686
val,43,201,6.0,9.993901,3.9939013
val,43,202,5.0,9.382379,4.3823786
val,43,203,4.0,8.544819,4.544819
val,43,204,3.0,6.533819,3.5338192
val,43,205,2.0,6.241664,4.241664
val,43,206,1.0,5.3052053,4.3052053
val,43,207,0.0,3.9192152,3.9192152
val,51,30,183.0,145.02734,-37.972656
val,51,31,182.0,144.61436,-37.385635
val,51,32,181.0,143.82468,-37.175323
val,51,33,180.0,142.41435,-37.585648
val,51,34,179.0,141.37926,-37.620743
val,51,35,178.0,140.18025,-37.819748
val,51,36,177.0,137.02107,-39.978928
val,51,37,176.0,137.8029,-38.197098
val,51,38,175.0,142.33328,-32.666718
val,51,39,174.0,143.3736,-30.626404
val,51,40,173.0,143.97533,-29.024673
val,51,41,172.0,143.14201,-28.857986
val,51,42,171.0,145.27112,-25.728882
val,51,43,170.0,145.47319,-24.52681
val,51,44,169.0,145.1978,-23.8022
val,51,45,168.0,144.99492,-23.005081
val,51,46,167.0,145.1802,-21.819794
val,51,47,166.0,145.48692,-20.513077
val,51,48,165.0,145.3915,-19.608505
val,51,49,164.0,144.79451,-19.20549
val,51,50,163.0,144.29285,-18.707153
val,51,51,162.0,145.03795,-16.962051
val,51,52,161.0,145.58492,-15.415085
val,51,53,160.0,145.14908,-14.850922
val,51,54,159.0,145.27434,-13.725662
val,51,55,158.0,145.2497,-12.750305
val,51,56,157.0,145.37111,-11.628891
val,51,57,156.0,144.92595,-11.074051
val,51,58,155.0,145.00194,-9.998062
val,51,59,154.0,145.39131,-8.608688
val,51,60,153.0,145.34787,-7.65213
val,51,61,152.0,145.0742,-6.9257965
val,51,62,151.0,144.9887,-6.011307
val,51,63,150.0,145.3566,-4.643402
val,51,64,149.0,144.8741,-4.1259003
val,51,65,148.0,145.62187,-2.378128
val,51,66,147.0,145.6781,-1.3218994
val,51,67,146.0,143.53365,-2.4663544
val,51,68,145.0,141.64516,-3.3548431
val,51,69,144.0,141.56105,-2.4389496
val,51,70,143.0,139.3766,-3.6233978
val,51,71,142.0,140.21074,-1.7892609
val,51,72,141.0,142.08623,1.0862274
val,51,73,140.0,139.68867,-0.31132507
val,51,74,139.0,138.3098,-0.6902008
val,51,75,138.0,138.97144,0.97143555
val,51,76,137.0,144.4192,7.4192047
val,51,77,136.0,144.46745,8.467453
val,51,78,135.0,145.06349,10.063492
val,51,79,134.0,144.18633,10.186325
val,51,80,133.0,140.84798,7.8479767
val,51,81,132.0,140.73276,8.732758
val,51,82,131.0,138.3333,7.3332977
val,51,83,130.0,126.58076,-3.4192429
val,51,84,129.0,113.42841,-15.571587
val,51,85,128.0,115.84789,-12.152107
val,51,86,127.0,114.273415,-12.726585
val,51,87,126.0,102.13171,-23.868294
val,51,88,125.0,105.626305,-19.373695
val,51,89,124.0,111.07046,-12.929543
val,51,90,123.0,110.09426,-12.905739
val,51,91,122.0,106.99027,-15.0097275
val,51,92,121.0,100.09637,-20.903633
val,51,93,120.0,104.83799,-15.16201
val,51,94,119.0,107.22323,-11.776772
val,51,95,118.0,115.19604,-2.8039627
val,51,96,117.0,119.94291,2.9429092
val,51,97,116.0,120.92756,4.927559
val,51,98,115.0,115.733795,0.73379517
val,51,99,114.0,114.91268,0.9126816
val,51,100,113.0,124.36125,11.361252
val,51,101,112.0,122.40601,10.4060135
val,51,102,111.0,115.44525,4.4452515
val,51,103,110.0,111.94246,1.9424591
val,51,104,109.0,103.85038,-5.14962
val,51,105,108.0,97.470894,-10.529106
val,51,106,107.0,100.877754,-6.122246
val,51,107,106.0,102.17453,-3.82547
val,51,108,105.0,99.40503,-5.5949707
val,51,109,104.0,103.17283,-0.8271713
val,51,110,103.0,101.89573,-1.1042709
val,51,111,102.0,108.72561,6.725609
val,51,112,101.0,111.99251,10.992508
val,51,113,100.0,105.15333,5.153328
val,51,114,99.0,99.32847,0.32846832
val,51,115,98.0,95.50193,-2.4980698
val,51,116,97.0,91.13602,-5.863983
val,51,117,96.0,89.920044,-6.079956
val,51,118,95.0,93.15955,-1.8404465
val,51,119,94.0,97.88351,3.8835068
val,51,120,93.0,95.77227,2.7722702
val,51,121,92.0,98.20144,6.201439
val,51,122,91.0,97.92304,6.9230423
val,51,123,90.0,92.82391,2.8239136
val,51,124,89.0,86.15569,-2.844307
val,51,125,88.0,84.91292,-3.087082
val,51,126,87.0,85.62638,-1.3736191
val,51,127,86.0,89.10952,3.10952
val,51,128,85.0,86.42458,1.4245834
val,51,129,84.0,77.4967,-6.5033035
val,51,130,83.0,75.8465,-7.1535034
val,51,131,82.0,75.093285,-6.9067154
val,51,132,81.0,72.78715,-8.2128525
val,51,133,80.0,78.67782,-1.3221817
val,51,134,79.0,77.938576,-1.0614243
val,51,135,78.0,74.21713,-3.7828674
val,51,136,77.0,73.96842,-3.031578
val,51,137,76.0,76.6146,0.61460114
val,51,138,75.0,73.89097,-1.1090317
val,51,139,74.0,69.648636,-4.351364
val,51,140,73.0,67.21471,-5.7852936
val,51,141,72.0,70.650276,-1.3497238
val,51,142,71.0,67.85764,-3.1423569
val,51,143,70.0,70.80535,0.80535126
val,51,144,69.0,65.2476,-3.7524033
val,51,145,68.0,62.559612,-5.4403877
val,51,146,67.0,61.728416,-5.2715836
val,51,147,66.0,59.7833,-6.2167015
val,51,148,65.0,59.673626,-5.326374
val,51,149,64.0,60.12096,-3.8790398
val,51,150,63.0,58.067554,-4.9324455
val,51,151,62.0,58.40915,-3.5908508
val,51,152,61.0,57.433163,-3.5668373
val,51,153,60.0,59.930286,-0.06971359
val,51,154,59.0,53.828117,-5.1718826
val,51,155,58.0,48.911106,-9.088894
val,51,156,57.0,48.21033,-8.789669
val,51,157,56.0,46.970745,-9.029255
val,51,158,55.0,45.359856,-9.640144
val,51,159,54.0,42.40131,-11.59869
val,51,160,53.0,44.72301,-8.276989
val,51,161,52.0,46.82587,-5.1741295
val,51,162,51.0,45.10972,-5.8902817
val,51,163,50.0,45.999104,-4.0008965
val,51,164,49.0,46.019955,-2.9800453
val,51,165,48.0,45.84287,-2.1571312
val,51,166,47.0,44.826504,-2.1734962
val,51,167,46.0,44.263416,-1.7365837
val,51,168,45.0,47.166576,2.1665764
val,51,169,44.0,46.19297,2.1929703
val,51,170,43.0,38.830227,-4.169773
val,51,171,42.0,35.889103,-6.110897
val,51,172,41.0,38.493076,-2.5069237
val,51,173,40.0,37.68022,-2.3197784
val,51,174,39.0,36.004963,-2.995037
val,51,175,38.0,36.925873,-1.0741272
val,51,176,37.0,35.6073,-1.3927002
val,51,177,36.0,32.98445,-3.0155487
val,51,178,35.0,33.473724,-1.5262756
val,51,179,34.0,33.222034,-0.77796555
val,51,180,33.0,31.309092,-1.6909084
val,51,181,32.0,31.996878,-0.0031223297
val,51,182,31.0,30.519106,-0.4808941
val,51,183,30.0,29.35924,-0.6407604
val,51,184,29.0,27.310944,-1.6890564
val,51,185,28.0,25.368292,-2.6317081
val,51,186,27.0,24.637054,-2.3629456
val,51,187,26.0,25.094305,-0.90569496
val,51,188,25.0,24.044743,-0.9552574
val,51,189,24.0,22.860506,-1.139494
val,51,190,23.0,21.163168,-1.836832
val,51,191,22.0,21.100378,-0.89962196
val,51,192,21.0,21.316473,0.316473
val,51,193,20.0,19.600716,-0.39928436
val,51,194,19.0,18.769705,-0.23029518
val,51,195,18.0,17.300497,-0.69950294
val,51,196,17.0,17.19147,0.19146919
val,51,197,16.0,15.162956,-0.83704376
val,51,198,15.0,15.338981,0.33898067
val,51,199,14.0,15.609401,1.6094007
val,51,200,13.0,15.28358,2.2835798
val,51,201,12.0,13.962268,1.9622679
val,51,202,11.0,12.571089,1.5710888
val,51,203,10.0,11.643899,1.643899
val,51,204,9.0,10.595929,1.5959291
val,51,205,8.0,10.824386,2.8243856
val,51,206,7.0,9.122616,2.1226158
val,51,207,6.0,9.834429,3.8344288
val,51,208,5.0,8.699904,3.6999044
val,51,209,4.0,8.506426,4.506426
val,51,210,3.0,6.336746,3.3367462
val,51,211,2.0,5.3004427,3.3004427
val,51,212,1.0,3.297553,2.297553
val,51,213,0.0,2.589064,2.589064
val,52,30,183.0,143.17126,-39.828735
val,52,31,182.0,143.29372,-38.706284
val,52,32,181.0,142.81293,-38.187073
val,52,33,180.0,143.19366,-36.806335
val,52,34,179.0,143.04973,-35.95027
val,52,35,178.0,143.05324,-34.946762
val,52,36,177.0,142.99521,-34.00479
val,52,37,176.0,142.79323,-33.20677
val,52,38,175.0,141.28249,-33.717514
val,52,39,174.0,142.63074,-31.369263
val,52,40,173.0,142.37079,-30.629211
val,52,41,172.0,141.6673,-30.332703
val,52,42,171.0,142.09343,-28.90657
val,52,43,170.0,143.22075,-26.779251
val,52,44,169.0,143.26833,-25.731674
val,52,45,168.0,143.23347,-24.766525
val,52,46,167.0,142.25188,-24.748123
val,52,47,166.0,141.83685,-24.163147
val,52,48,165.0,142.64177,-22.35823
val,52,49,164.0,142.16725,-21.832748
val,52,50,163.0,143.09482,-19.905182
val,52,51,162.0,142.63026,-19.369736
val,52,52,161.0,142.5239,-18.476105
val,52,53,160.0,142.06847,-17.931534
val,52,54,159.0,142.188,-16.811996
val,52,55,158.0,142.82474,-15.175262
val,52,56,157.0,143.02821,-13.9717865
val,52,57,156.0,142.6252,-13.374802
val,52,58,155.0,142.93425,-12.06575
val,52,59,154.0,142.80739,-11.192612
val,52,60,153.0,143.02321,-9.976791
val,52,61,152.0,142.86389,-9.136108
val,52,62,151.0,142.7978,-8.202194
val,52,63,150.0,142.57393,-7.426071
val,52,64,149.0,142.63515,-6.364853
val,52,65,148.0,142.9467,-5.053299
val,52,66,147.0,141.87196,-5.1280365
val,52,67,146.0,140.88673,-5.113266
val,52,68,145.0,141.36736,-3.6326447
val,52,69,144.0,141.21371,-2.7862854
val,52,70,143.0,141.95409,-1.0459137
val,52,71,142.0,140.48189,-1.5181122
val,52,72,141.0,110.825035,-30.174965
val,52,73,140.0,141.29472,1.2947235
val,52,74,139.0,132.40935,-6.5906525
val,52,75,138.0,112.02854,-25.971458
val,52,76,137.0,116.79479,-20.205208
val,52,77,136.0,131.82718,-4.172821
val,52,78,135.0,138.95714,3.957138
val,52,79,134.0,141.20801,7.208008
val,52,80,133.0,142.22534,9.225342
val,52,81,132.0,142.59892,10.598923
val,52,82,131.0,142.50415,11.50415
val,52,83,130.0,142.62459,12.624588
val,52,84,129.0,141.99895,12.998947
val,52,85,128.0,141.25682,13.256821
val,52,86,127.0,140.53993,13.539932
val,52,87,126.0,136.02718,10.027176
val,52,88,125.0,136.32753,11.32753
val,52,89,124.0,120.663704,-3.336296
val,52,90,123.0,115.009705,-7.9902954
val,52,91,122.0,114.002464,-7.9975357
val,52,92,121.0,107.088455,-13.911545
val,52,93,120.0,97.33209,-22.667908
val,52,94,119.0,95.87922,-23.12078
val,52,95,118.0,91.40004,-26.59996
val,52,96,117.0,79.15627,-37.843727
val,52,97,116.0,70.28326,-45.716743
val,52,98,115.0,69.47309,-45.52691
val,52,99,114.0,68.97871,-45.021294
val,52,100,113.0,59.36768,-53.63232
val,52,101,112.0,59.328243,-52.671757
val,52,102,111.0,74.62869,-36.371307
val,52,103,110.0,87.086205,-22.913795
val,52,104,109.0,92.00487,-16.995132
val,52,105,108.0,103.92417,-4.0758286
val,52,106,107.0,96.43226,-10.567741
val,52,107,106.0,82.49262,-23.507378
val,52,108,105.0,79.3205,-25.679497
val,52,109,104.0,68.58315,-35.416847
val,52,110,103.0,68.77781,-34.22219
val,52,111,102.0,65.86315,-36.13685
val,52,112,101.0,78.49328,-22.506721
val,52,113,100.0,104.95405,4.954048
val,52,114,99.0,103.371025,4.371025
val,52,115,98.0,119.86988,21.86988
val,52,116,97.0,129.17122,32.17122
val,52,117,96.0,117.16689,21.166893
val,52,118,95.0,101.1576,6.1576004
val,52,119,94.0,93.16671,-0.8332901
val,52,120,93.0,90.09849,-2.9015121
val,52,121,92.0,79.88322,-12.116783
val,52,122,91.0,77.9692,-13.0308
val,52,123,90.0,73.05793,-16.94207
val,52,124,89.0,72.97846,-16.021538
val,52,125,88.0,74.49502,-13.504982
val,52,126,87.0,81.15728,-5.84272
val,52,127,86.0,87.2812,1.2811966
val,52,128,85.0,82.68018,-2.3198166
val,52,129,84.0,96.56016,12.560158
val,52,130,83.0,79.00738,-3.9926224
val,52,131,82.0,85.48588,3.485878
val,52,132,81.0,88.67805,7.678047
val,52,133,80.0,94.220894,14.220894
val,52,134,79.0,89.6315,10.6315
val,52,135,78.0,89.28368,11.283684
val,52,136,77.0,78.49012,1.4901199
val,52,137,76.0,77.27837,1.2783737
val,52,138,75.0,76.53858,1.5385818
val,52,139,74.0,67.243065,-6.756935
val,52,140,73.0,70.02654,-2.9734573
val,52,141,72.0,65.1959,-6.8041
val,52,142,71.0,75.50649,4.5064926
val,52,143,70.0,79.69665,9.696648
val,52,144,69.0,73.526,4.526001
val,52,145,68.0,83.234795,15.234795
val,52,146,67.0,91.281105,24.281105
val,52,147,66.0,88.43725,22.437248
val,52,148,65.0,86.64994,21.64994
val,52,149,64.0,82.31817,18.318169
val,52,150,63.0,82.240395,19.240395
val,52,151,62.0,70.974236,8.974236
val,52,152,61.0,71.464516,10.464516
val,52,153,60.0,57.546677,-2.4533234
val,52,154,59.0,53.27273,-5.727268
val,52,155,58.0,49.405277,-8.594723
val,52,156,57.0,48.936954,-8.0630455
val,52,157,56.0,54.806767,-1.1932335
val,52,158,55.0,51.690815,-3.309185
val,52,159,54.0,65.49813,11.498131
val,52,160,53.0,50.760693,-2.2393074
val,52,161,52.0,51.733166,-0.26683426
val,52,162,51.0,45.34261,-5.6573906
val,52,163,50.0,42.245155,-7.7548447
val,52,164,49.0,36.318676,-12.681324
val,52,165,48.0,34.335148,-13.664852
val,52,166,47.0,37.147045,-9.852955
val,52,167,46.0,46.024853,0.024852753
val,52,168,45.0,42.614784,-2.3852158
val,52,169,44.0,36.831066,-7.168934
val,52,170,43.0,33.68721,-9.31279
val,52,171,42.0,32.54738,-9.452621
val,52,172,41.0,43.749126,2.7491264
val,52,173,40.0,39.62991,-0.37009048
val,52,174,39.0,38.455345,-0.54465485
val,52,175,38.0,32.169666,-5.8303337
val,52,176,37.0,35.596542,-1.4034576
val,52,177,36.0,33.874046,-2.1259537
val,52,178,35.0,31.461939,-3.5380611
val,52,179,34.0,32.94746,-1.0525398
val,52,180,33.0,33.49293,0.49293137
val,52,181,32.0,36.53335,4.533352
val,52,182,31.0,38.145992,7.1459923
val,52,183,30.0,33.681923,3.681923
val,52,184,29.0,30.583637,1.5836372
val,52,185,28.0,28.824156,0.8241558
val,52,186,27.0,24.355068,-2.6449318
val,52,187,26.0,25.420454,-0.579546
val,52,188,25.0,24.828857,-0.17114258
val,52,189,24.0,26.44242,2.442419
val,52,190,23.0,25.68735,2.6873493
val,52,191,22.0,28.795162,6.795162
val,52,192,21.0,24.185217,3.185217
val,52,193,20.0,20.837774,0.8377743
val,52,194,19.0,22.164694,3.1646938
val,52,195,18.0,21.271353,3.2713528
val,52,196,17.0,18.61889,1.6188908
val,52,197,16.0,20.129118,4.129118
val,52,198,15.0,18.739565,3.739565
val,52,199,14.0,15.919086,1.9190865
val,52,200,13.0,17.432814,4.4328136
val,52,201,12.0,16.665928,4.665928
val,52,202,11.0,14.488018,3.488018
val,52,203,10.0,13.5941725,3.5941725
val,52,204,9.0,11.41533,2.41533
val,52,205,8.0,8.701459,0.70145893
val,52,206,7.0,6.1989546,-0.8010454
val,52,207,6.0,5.1998024,-0.8001976
val,52,208,5.0,5.8822355,0.8822355
val,52,209,4.0,2.9795766,-1.0204234
val,52,210,3.0,2.6789064,-0.32109356
val,52,211,2.0,2.83715,0.8371501
val,52,212,1.0,3.2798471,2.2798471
val,52,213,0.0,2.932197,2.932197
val,53,30,165.0,117.910484,-47.089516
val,53,31,164.0,122.11535,-41.88465
val,53,32,163.0,123.29183,-39.708168
val,53,33,162.0,132.03134,-29.968658
val,53,34,161.0,131.28052,-29.719482
val,53,35,160.0,138.5597,-21.440308
val,53,36,159.0,141.12396,-17.876038
val,53,37,158.0,140.95488,-17.04512
val,53,38,157.0,143.80292,-13.1970825
val,53,39,156.0,143.48111,-12.51889
val,53,40,155.0,143.61736,-11.382645
val,53,41,154.0,144.26588,-9.734116
val,53,42,153.0,144.15173,-8.848267
val,53,43,152.0,143.93257,-8.067429
val,53,44,151.0,143.32571,-7.674286
val,53,45,150.0,144.1415,-5.8585052
val,53,46,149.0,143.83588,-5.1641235
val,53,47,148.0,143.89607,-4.1039276
val,53,48,147.0,144.12773,-2.8722687
val,53,49,146.0,143.31642,-2.6835785
val,53,50,145.0,144.0736,-0.92640686
val,53,51,144.0,143.59059,-0.40940857
val,53,52,143.0,142.67274,-0.32725525
val,53,53,142.0,138.99478,-3.0052185
val,53,54,141.0,138.90627,-2.0937347
val,53,55,140.0,138.15544,-1.8445587
val,53,56,139.0,141.64928,2.6492767
val,53,57,138.0,142.87282,4.872818
val,53,58,137.0,97.41811,-39.581886
val,53,59,136.0,141.58987,5.5898743
val,53,60,135.0,140.56047,5.5604706
val,53,61,134.0,139.40111,5.401108
val,53,62,133.0,116.97165,-16.02835
val,53,63,132.0,120.403786,-11.596214
val,53,64,131.0,131.55962,0.5596161
val,53,65,130.0,143.4281,13.428101
val,53,66,129.0,143.28976,14.289764
val,53,67,128.0,127.8462,-0.15380096
val,53,68,127.0,140.8647,13.8647
val,53,69,126.0,132.08182,6.0818176
val,53,70,125.0,132.39699,7.396988
val,53,71,124.0,141.78828,17.788284
val,53,72,123.0,141.24414,18.24414
val,53,73,122.0,140.74364,18.743637
val,53,74,121.0,131.129,10.128998
val,53,75,120.0,136.24318,16.24318
val,53,76,119.0,121.23739,2.2373886
val,53,77,118.0,111.4068,-6.5932007
val,53,78,117.0,116.661156,-0.3388443
val,53,79,116.0,114.923,-1.0770035
val,53,80,115.0,139.46347,24.46347
val,53,81,114.0,142.82965,28.82965
val,53,82,113.0,142.80746,29.807465
val,53,83,112.0,142.82396,30.82396
val,53,84,111.0,142.39119,31.39119
val,53,85,110.0,141.89572,31.895721
val,53,86,109.0,140.7469,31.746902
val,53,87,108.0,141.27905,33.279053
val,53,88,107.0,113.7515,6.751503
val,53,89,106.0,109.22988,3.2298813
val,53,90,105.0,102.88149,-2.1185074
val,53,91,104.0,116.96344,12.96344
val,53,92,103.0,118.70508,15.705078
val,53,93,102.0,116.6883,14.688301
val,53,94,101.0,117.23669,16.236687
val,53,95,100.0,128.12083,28.120834
val,53,96,99.0,124.66486,25.664864
val,53,97,98.0,137.52646,39.52646
val,53,98,97.0,140.58232,43.58232
val,53,99,96.0,137.04375,41.043747
val,53,100,95.0,112.91572,17.915718
val,53,101,94.0,109.477005,15.477005
val,53,102,93.0,106.43095,13.430946
val,53,103,92.0,102.34221,10.342209
val,53,104,91.0,96.71049,5.7104874
val,53,105,90.0,99.13412,9.134117
val,53,106,89.0,101.453865,12.453865
val,53,107,88.0,98.297676,10.297676
val,53,108,87.0,85.53153,-1.4684677
val,53,109,86.0,100.23642,14.23642
val,53,110,85.0,111.9638,26.963799
val,53,111,84.0,118.11329,34.11329
val,53,112,83.0,120.25065,37.25065
val,53,113,82.0,108.543625,26.543625
val,53,114,81.0,86.63493,5.6349335
val,53,115,80.0,83.88273,3.8827286
val,53,116,79.0,87.90799,8.9079895
val,53,117,78.0,84.14558,6.1455765
val,53,118,77.0,86.074394,9.074394
val,53,119,76.0,80.42759,4.4275894
val,53,120,75.0,85.33854,10.338539
val,53,121,74.0,88.28626,14.2862625
val,53,122,73.0,82.47979,9.47979
val,53,123,72.0,66.64475,-5.3552475
val,53,124,71.0,59.151676,-11.848324
val,53,125,70.0,58.976322,-11.023678
val,53,126,69.0,60.40848,-8.591518
val,53,127,68.0,59.670113,-8.329887
val,53,128,67.0,60.56835,-6.4316483
val,53,129,66.0,60.984417,-5.015583
val,53,130,65.0,58.12338,-6.8766212
val,53,131,64.0,60.484615,-3.5153847
val,53,132,63.0,58.39458,-4.605419
val,53,133,62.0,59.632435,-2.3675652
val,53,134,61.0,56.344074,-4.6559258
val,53,135,60.0,54.23468,-5.76532
val,53,136,59.0,50.957752,-8.042248
val,53,137,58.0,59.229378,1.2293777
val,53,138,57.0,59.00661,2.0066109
val,53,139,56.0,57.245537,1.2455368
val,53,140,55.0,57.179203,2.179203
val,53,141,54.0,58.882626,4.8826256
val,53,142,53.0,52.79639,-0.20360947
val,53,143,52.0,49.747444,-2.2525558
val,53,144,51.0,48.690693,-2.309307
val,53,145,50.0,50.14362,0.14361954
val,53,146,49.0,46.584534,-2.4154663
val,53,147,48.0,50.224125,2.224125
val,53,148,47.0,46.524952,-0.47504807
val,53,149,46.0,44.727184,-1.2728157
val,53,150,45.0,46.683064,1.6830635
val,53,151,44.0,45.364193,1.364193
val,53,152,43.0,48.63911,5.6391106
val,53,153,42.0,47.10262,5.102619
val,53,154,41.0,39.87744,-1.1225586
val,53,155,40.0,38.834824,-1.1651764
val,53,156,39.0,36.622467,-2.377533
val,53,157,38.0,35.63242,-2.3675804
val,53,158,37.0,38.234856,1.2348557
val,53,159,36.0,38.157932,2.1579323
val,53,160,35.0,34.36862,-0.6313782
val,53,161,34.0,32.347862,-1.6521378
val,53,162,33.0,31.534704,-1.4652958
val,53,163,32.0,32.101612,0.10161209
val,53,164,31.0,26.767744,-4.232256
val,53,165,30.0,29.218449,-0.78155136
val,53,166,29.0,26.760023,-2.239977
val,53,167,28.0,27.706856,-0.29314423
val,53,168,27.0,25.929188,-1.0708122
val,53,169,26.0,24.783674,-1.2163258
val,53,170,25.0,23.297052,-1.7029476
val,53,171,24.0,22.36376,-1.63624
val,53,172,23.0,20.849356,-2.1506443
val,53,173,22.0,19.980913,-2.0190868
val,53,174,21.0,19.09401,-1.9059906
val,53,175,20.0,19.195704,-0.8042965
val,53,176,19.0,20.019434,1.019434
val,53,177,18.0,20.09544,2.09544
val,53,178,17.0,19.635845,2.6358452
val,53,179,16.0,18.249626,2.2496262
val,53,180,15.0,17.108795,2.1087952
val,53,181,14.0,13.477908,-0.52209187
val,53,182,13.0,13.906923,0.9069233
val,53,183,12.0,11.043702,-0.9562979
val,53,184,11.0,11.691943,0.69194317
val,53,185,10.0,10.291244,0.29124355
val,53,186,9.0,8.376142,-0.62385845
val,53,187,8.0,8.421201,0.42120075
val,53,188,7.0,7.3976545,0.39765453
val,53,189,6.0,6.7639537,0.7639537
val,53,190,5.0,5.7465653,0.74656534
val,53,191,4.0,4.7604337,0.7604337
val,53,192,3.0,3.298123,0.29812288
val,53,193,2.0,2.405221,0.405221
val,53,194,1.0,3.4408884,2.4408884
val,53,195,0.0,3.7817278,3.7817278
val,57,30,107.0,144.9095,37.9095
val,57,31,106.0,144.2999,38.299896
val,57,32,105.0,143.58083,38.580826
val,57,33,104.0,144.78697,40.786972
val,57,34,103.0,144.44237,41.442368
val,57,35,102.0,144.66412,42.664124
val,57,36,101.0,142.98463,41.984634
val,57,37,100.0,144.19455,44.19455
val,57,38,99.0,144.77617,45.77617
val,57,39,98.0,144.75868,46.758682
val,57,40,97.0,144.74152,47.741516
val,57,41,96.0,144.4084,48.4084
val,57,42,95.0,144.84383,49.843826
val,57,43,94.0,144.576,50.576004
val,57,44,93.0,144.76065,51.76065
val,57,45,92.0,142.11617,50.116165
val,57,46,91.0,144.05632,53.05632
val,57,47,90.0,143.02698,53.026978
val,57,48,89.0,141.41394,52.41394
val,57,49,88.0,130.61983,42.619827
val,57,50,87.0,133.7889,46.788895
val,57,51,86.0,122.05306,36.053062
val,57,52,85.0,125.06783,40.067833
val,57,53,84.0,134.30756,50.307556
val,57,54,83.0,134.7404,51.740402
val,57,55,82.0,137.47046,55.47046
val,57,56,81.0,144.046,63.046005
val,57,57,80.0,144.00311,64.00311
val,57,58,79.0,141.74739,62.74739
val,57,59,78.0,138.42038,60.42038
val,57,60,77.0,124.41843,47.418427
val,57,61,76.0,90.1428,14.142799
val,57,62,75.0,88.11106,13.111061
val,57,63,74.0,105.575325,31.575325
val,57,64,73.0,92.85446,19.854462
val,57,65,72.0,85.58432,13.58432
val,57,66,71.0,85.82682,14.82682
val,57,67,70.0,81.42045,11.420448
val,57,68,69.0,81.78769,12.787689
val,57,69,68.0,84.85766,16.857658
val,57,70,67.0,93.79809,26.798088
val,57,71,66.0,107.89959,41.89959
val,57,72,65.0,123.94047,58.940468
val,57,73,64.0,119.240326,55.240326
val,57,74,63.0,120.80991,57.809914
val,57,75,62.0,105.52131,43.52131
val,57,76,61.0,87.28952,26.28952
val,57,77,60.0,84.26032,24.260323
val,57,78,59.0,81.75683,22.756828
val,57,79,58.0,78.64133,20.641327
val,57,80,57.0,76.40008,19.400078
val,57,81,56.0,73.261665,17.261665
val,57,82,55.0,84.33085,29.330849
val,57,83,54.0,124.46319,70.46319
val,57,84,53.0,141.73303,88.73303
val,57,85,52.0,142.51176,90.511765
val,57,86,51.0,142.85838,91.85838
val,57,87,50.0,142.92107,92.92107
val,57,88,49.0,142.18492,93.18492
val,57,89,48.0,139.99971,91.99971
val,57,90,47.0,118.30798,71.30798
val,57,91,46.0,90.26215,44.262154
val,57,92,45.0,65.89727,20.89727
val,57,93,44.0,58.975746,14.975746
val,57,94,43.0,55.614803,12.614803
val,57,95,42.0,67.14353,25.143532
val,57,96,41.0,63.166584,22.166584
val,57,97,40.0,54.247314,14.247314
val,57,98,39.0,51.76007,12.760071
val,57,99,38.0,58.215958,20.215958
val,57,100,37.0,53.608295,16.608295
val,57,101,36.0,48.85109,12.8510895
val,57,102,35.0,42.095898,7.0958977
val,57,103,34.0,42.284008,8.284008
val,57,104,33.0,39.1123,6.112301
val,57,105,32.0,40.563107,8.563107
val,57,106,31.0,40.59262,9.592621
val,57,107,30.0,36.690495,6.6904945
val,57,108,29.0,33.703217,4.7032166
val,57,109,28.0,30.884018,2.884018
val,57,110,27.0,31.474108,4.4741077
val,57,111,26.0,32.70436,6.704361
val,57,112,25.0,32.965157,7.9651566
val,57,113,24.0,31.963867,7.963867
val,57,114,23.0,32.351154,9.351154
val,57,115,22.0,29.79441,7.7944107
val,57,116,21.0,29.892553,8.892553
val,57,117,20.0,31.005415,11.005415
val,57,118,19.0,27.551695,8.551695
val,57,119,18.0,25.349997,7.3499966
val,57,120,17.0,30.678087,13.678087
val,57,121,16.0,26.98364,10.983641
val,57,122,15.0,24.785267,9.785267
val,57,123,14.0,21.146996,7.1469955
val,57,124,13.0,21.452204,8.452204
val,57,125,12.0,19.147116,7.1471157
val,57,126,11.0,19.89445,8.894449
val,57,127,10.0,18.749983,8.749983
val,57,128,9.0,18.558298,9.558298
val,57,129,8.0,16.409172,8.409172
val,57,130,7.0,14.452916,7.452916
val,57,131,6.0,14.304865,8.304865
val,57,132,5.0,10.860739,5.8607388
val,57,133,4.0,9.100598,5.1005983
val,57,134,3.0,7.2795587,4.2795587
val,57,135,2.0,5.956166,3.9561658
val,57,136,1.0,4.443115,3.4431152
val,57,137,0.0,4.286445,4.286445
val,60,30,142.0,142.31667,0.31666565
val,60,31,141.0,143.43813,2.4381256
val,60,32,140.0,143.36787,3.3678741
val,60,33,139.0,143.42549,4.4254913
val,60,34,138.0,140.74646,2.74646
val,60,35,137.0,142.69954,5.699539
val,60,36,136.0,142.56975,6.569748
val,60,37,135.0,142.18431,7.184311
val,60,38,134.0,141.67442,7.674423
val,60,39,133.0,140.72731,7.72731
val,60,40,132.0,139.81734,7.817337
val,60,41,131.0,139.96207,8.962067
val,60,42,130.0,111.35023,-18.649773
val,60,43,129.0,139.40489,10.404892
val,60,44,128.0,142.76198,14.761978
val,60,45,127.0,143.64223,16.642227
val,60,46,126.0,143.32375,17.323746
val,60,47,125.0,142.89166,17.891663
val,60,48,124.0,141.74718,17.747177
val,60,49,123.0,142.73882,19.738815
val,60,50,122.0,142.26021,20.260208
val,60,51,121.0,142.64757,21.647568
val,60,52,120.0,140.84102,20.841019
val,60,53,119.0,141.70686,22.706863
val,60,54,118.0,142.72633,24.726334
val,60,55,117.0,105.122734,-11.877266
val,60,56,116.0,124.727585,8.727585
val,60,57,115.0,135.89293,20.89293
val,60,58,114.0,137.90144,23.901443
val,60,59,113.0,140.19255,27.19255
val,60,60,112.0,141.40752,29.407516
val,60,61,111.0,142.45744,31.457443
val,60,62,110.0,141.34984,31.349838
val,60,63,109.0,142.5317,33.531693
val,60,64,108.0,142.42802,34.428024
val,60,65,107.0,140.24345,33.243454
val,60,66,106.0,137.44298,31.442978
val,60,67,105.0,129.04277,24.04277
val,60,68,104.0,120.80207,16.80207
val,60,69,103.0,107.58643,4.5864334
val,60,70,102.0,97.62794,-4.3720627
val,60,71,101.0,103.28178,2.2817764
val,60,72,100.0,97.418,-2.5820007
val,60,73,99.0,88.28692,-10.713081
val,60,74,98.0,86.75023,-11.249771
val,60,75,97.0,90.507545,-6.4924545
val,60,76,96.0,98.15337,2.1533737
val,60,77,95.0,83.718864,-11.281136
val,60,78,94.0,80.84422,-13.155777
val,60,79,93.0,92.938255,-0.06174469
val,60,80,92.0,86.04713,-5.952873
val,60,81,91.0,75.3445,-15.655502
val,60,82,90.0,67.942,-22.057999
val,60,83,89.0,63.228474,-25.771526
val,60,84,88.0,81.83258,-6.1674194
val,60,85,87.0,110.05674,23.05674
val,60,86,86.0,135.98402,49.984024
val,60,87,85.0,139.64552,54.645523
val,60,88,84.0,142.3734,58.373398
val,60,89,83.0,141.105,58.104996
val,60,90,82.0,141.70395,59.70395
val,60,91,81.0,141.37149,60.37149
val,60,92,80.0,137.63922,57.63922
val,60,93,79.0,139.85602,60.856018
val,60,94,78.0,93.253044,15.253044
val,60,95,77.0,79.66909,2.6690903
val,60,96,76.0,72.09603,-3.9039688
val,60,97,75.0,64.46096,-10.53904
val,60,98,74.0,59.699455,-14.300545
val,60,99,73.0,56.21449,-16.785511
val,60,100,72.0,60.185467,-11.814533
val,60,101,71.0,64.0142,-6.9858017
val,60,102,70.0,62.787346,-7.212654
val,60,103,69.0,65.15952,-3.840477
val,60,104,68.0,61.12656,-6.87344
val,60,105,67.0,61.563957,-5.436043
val,60,106,66.0,63.73217,-2.26783
val,60,107,65.0,65.05596,0.05596161
val,60,108,64.0,64.41876,0.4187622
val,60,109,63.0,68.02252,5.022522
val,60,110,62.0,70.474365,8.474365
val,60,111,61.0,70.73943,9.739433
val,60,112,60.0,65.932945,5.9329453
val,60,113,59.0,66.41957,7.419571
val,60,114,58.0,59.946102,1.9461021
val,60,115,57.0,69.07185,12.071854
val,60,116,56.0,70.568146,14.568146
val,60,117,55.0,72.79122,17.791222
val,60,118,54.0,66.136635,12.136635
val,60,119,53.0,62.31905,9.31905
val,60,120,52.0,65.018974,13.018974
val,60,121,51.0,62.332645,11.332645
val,60,122,50.0,62.27915,12.279148
val,60,123,49.0,59.62853,10.628529
val,60,124,48.0,53.801746,5.8017464
val,60,125,47.0,48.39679,1.3967896
val,60,126,46.0,49.180798,3.1807976
val,60,127,45.0,46.636253,1.6362534
val,60,128,44.0,43.06529,-0.93471146
val,60,129,43.0,40.1981,-2.801899
val,60,130,42.0,35.289692,-6.710308
val,60,131,41.0,33.834393,-7.1656075
val,60,132,40.0,31.592264,-8.407736
val,60,133,39.0,28.875002,-10.124998
val,60,134,38.0,30.157738,-7.8422623
val,60,135,37.0,30.880116,-6.1198845
val,60,136,36.0,27.8207,-8.1793
val,60,137,35.0,27.447756,-7.552244
val,60,138,34.0,30.590513,-3.4094868
val,60,139,33.0,32.926373,-0.07362747
val,60,140,32.0,30.488718,-1.511282
val,60,141,31.0,29.693136,-1.3068638
val,60,142,30.0,28.29419,-1.7058105
val,60,143,29.0,28.335829,-0.6641712
val,60,144,28.0,25.71424,-2.2857609
val,60,145,27.0,26.666922,-0.33307838
val,60,146,26.0,24.131613,-1.8683872
val,60,147,25.0,22.391817,-2.608183
val,60,148,24.0,24.098066,0.09806633
val,60,149,23.0,26.357195,3.357195
val,60,150,22.0,24.934847,2.9348469
val,60,151,21.0,22.3538,1.3537998
val,60,152,20.0,23.151754,3.1517544
val,60,153,19.0,23.819077,4.8190765
val,60,154,18.0,22.658747,4.6587467
val,60,155,17.0,21.17542,4.1754208
val,60,156,16.0,22.336443,6.336443
val,60,157,15.0,19.100378,4.100378
val,60,158,14.0,15.501899,1.5018988
val,60,159,13.0,14.299999,1.2999992
val,60,160,12.0,13.505332,1.505332
val,60,161,11.0,10.418651,-0.5813494
val,60,162,10.0,9.3489065,-0.6510935
val,60,163,9.0,8.260045,-0.73995495
val,60,164,8.0,5.975199,-2.0248008
val,60,165,7.0,6.5797486,-0.42025137
val,60,166,6.0,6.6718965,0.67189646
val,60,167,5.0,5.0770254,0.07702541
val,60,168,4.0,5.0914054,1.0914054
val,60,169,3.0,5.9628057,2.9628057
val,60,170,2.0,5.33249,3.33249
val,60,171,1.0,3.451754,2.451754
val,60,172,0.0,2.7800922,2.7800922
val,62,30,150.0,135.60194,-14.398056
val,62,31,149.0,132.1694,-16.830597
val,62,32,148.0,138.29266,-9.707336
val,62,33,147.0,140.5094,-6.4906006
val,62,34,146.0,139.8412,-6.158798
val,62,35,145.0,140.39867,-4.6013336
val,62,36,144.0,140.74794,-3.25206
val,62,37,143.0,138.20937,-4.790634
val,62,38,142.0,137.97856,-4.0214386
val,62,39,141.0,131.89793,-9.102066
val,62,40,140.0,130.44481,-9.555191
val,62,41,139.0,134.7524,-4.2476044
val,62,42,138.0,139.01823,1.0182343
val,62,43,137.0,137.24773,0.24772644
val,62,44,136.0,139.11238,3.112381
val,62,45,135.0,140.42842,5.428421
val,62,46,134.0,137.41518,3.4151764
val,62,47,133.0,138.43504,5.4350433
val,62,48,132.0,139.97676,7.976761
val,62,49,131.0,139.66838,8.668381
val,62,50,130.0,140.40654,10.40654
val,62,51,129.0,139.59842,10.598419
val,62,52,128.0,139.50719,11.507187
val,62,53,127.0,139.67842,12.678421
val,62,54,126.0,139.30112,13.301117
val,62,55,125.0,130.2772,5.2772064
val,62,56,124.0,129.04286,5.042862
val,62,57,123.0,128.78886,5.788864
val,62,58,122.0,117.52134,-4.4786606
val,62,59,121.0,96.93407,-24.065933
val,62,60,120.0,94.95627,-25.043732
val,62,61,119.0,86.07131,-32.928688
val,62,62,118.0,93.26635,-24.73365
val,62,63,117.0,93.899536,-23.100464
val,62,64,116.0,95.19935,-20.800652
val,62,65,115.0,123.840614,8.840614
val,62,66,114.0,137.54211,23.542114
val,62,67,113.0,135.62006,22.620056
val,62,68,112.0,139.09389,27.093887
val,62,69,111.0,135.0056,24.0056
val,62,70,110.0,137.72421,27.724213
val,62,71,109.0,139.95125,30.951248
val,62,72,108.0,125.85457,17.854568
val,62,73,107.0,113.85457,6.8545685
val,62,74,106.0,104.820755,-1.179245
val,62,75,105.0,100.867805,-4.1321945
val,62,76,104.0,90.41862,-13.581383
val,62,77,103.0,94.31948,-8.680519
val,62,78,102.0,100.5949,-1.405098
val,62,79,101.0,103.99917,2.9991684
val,62,80,100.0,105.16598,5.1659775
val,62,81,99.0,108.75617,9.756172
val,62,82,98.0,113.092995,15.092995
val,62,83,97.0,121.76521,24.765213
val,62,84,96.0,136.38576,40.385757
val,62,85,95.0,131.98775,36.987747
val,62,86,94.0,131.06297,37.062973
val,62,87,93.0,125.42104,32.421043
val,62,88,92.0,128.74506,36.745056
val,62,89,91.0,132.73457,41.734573
val,62,90,90.0,127.868324,37.868324
val,62,91,89.0,111.67167,22.671669
val,62,92,88.0,107.29817,19.298172
val,62,93,87.0,99.53785,12.537849
val,62,94,86.0,91.98948,5.989479
val,62,95,85.0,85.95613,0.956131
val,62,96,84.0,85.11688,1.1168823
val,62,97,83.0,76.625694,-6.3743057
val,62,98,82.0,89.29792,7.29792
val,62,99,81.0,77.542534,-3.4574661
val,62,100,80.0,66.963264,-13.036736
val,62,101,79.0,84.234825,5.234825
val,62,102,78.0,85.233116,7.233116
val,62,103,77.0,80.51467,3.5146713
val,62,104,76.0,79.34811,3.3481064
val,62,105,75.0,77.3756,2.3756027
val,62,106,74.0,69.49974,-4.5002594
val,62,107,73.0,75.95286,2.952858
val,62,108,72.0,83.489075,11.489075
val,62,109,71.0,83.45797,12.45797
val,62,110,70.0,83.53538,13.5353775
val,62,111,69.0,76.50968,7.5096817
val,62,112,68.0,67.283195,-0.7168045
val,62,113,67.0,71.82484,4.8248367
val,62,114,66.0,70.000404,4.0004044
val,62,115,65.0,77.956345,12.956345
val,62,116,64.0,79.23341,15.233414
val,62,117,63.0,74.852104,11.852104
val,62,118,62.0,69.13961,7.1396103
val,62,119,61.0,68.58811,7.588112
val,62,120,60.0,67.520325,7.5203247
val,62,121,59.0,71.292915,12.292915
val,62,122,58.0,76.28192,18.281921
val,62,123,57.0,81.422386,24.422386
val,62,124,56.0,78.0962,22.096199
val,62,125,55.0,73.492836,18.492836
val,62,126,54.0,64.4237,10.423698
val,62,127,53.0,55.99168,2.9916801
val,62,128,52.0,46.669804,-5.3301964
val,62,129,51.0,46.03303,-4.9669685
val,62,130,50.0,42.2267,-7.7733
val,62,131,49.0,37.901463,-11.098537
val,62,132,48.0,37.61942,-10.380581
val,62,133,47.0,40.24297,-6.7570305
val,62,134,46.0,36.977478,-9.022522
val,62,135,45.0,38.931767,-6.0682335
val,62,136,44.0,37.765274,-6.234726
val,62,137,43.0,42.819256,-0.18074417
val,62,138,42.0,41.355118,-0.6448822
val,62,139,41.0,34.385506,-6.6144943
val,62,140,40.0,37.977345,-2.0226555
val,62,141,39.0,41.634716,2.634716
val,62,142,38.0,37.87144,-0.12855911
val,62,143,37.0,32.199352,-4.8006477
val,62,144,36.0,37.31645,1.3164482
val,62,145,35.0,34.745518,-0.25448227
val,62,146,34.0,31.85598,-2.14402
val,62,147,33.0,27.56641,-5.43359
val,62,148,32.0,25.68379,-6.31621
val,62,149,31.0,27.669413,-3.3305874
val,62,150,30.0,30.65595,0.65595055
val,62,151,29.0,27.103254,-1.8967457
val,62,152,28.0,29.140284,1.1402836
val,62,153,27.0,28.900858,1.9008579
val,62,154,26.0,30.203829,4.203829
val,62,155,25.0,28.755526,3.7555256
val,62,156,24.0,30.230963,6.2309628
val,62,157,23.0,29.922098,6.922098
val,62,158,22.0,31.21013,9.210131
val,62,159,21.0,30.246397,9.246397
val,62,160,20.0,26.90608,6.9060802
val,62,161,19.0,25.51203,6.5120296
val,62,162,18.0,24.836393,6.8363934
val,62,163,17.0,23.726686,6.7266865
val,62,164,16.0,19.103159,3.103159
val,62,165,15.0,17.24713,2.2471294
val,62,166,14.0,16.264845,2.264845
val,62,167,13.0,12.2502775,-0.7497225
val,62,168,12.0,11.358381,-0.6416187
val,62,169,11.0,9.135348,-1.8646517
val,62,170,10.0,7.8023434,-2.1976566
val,62,171,9.0,8.000767,-0.99923325
val,62,172,8.0,6.9838834,-1.0161166
val,62,173,7.0,7.036505,0.036505222
val,62,174,6.0,4.272349,-1.7276511
val,62,175,5.0,3.4394464,-1.5605536
val,62,176,4.0,4.7512345,0.75123453
val,62,177,3.0,4.9594235,1.9594235
val,62,178,2.0,3.9286327,1.9286327
val,62,179,1.0,2.528963,1.5289631
val,62,180,0.0,1.6865252,1.6865252
val,72,30,183.0,144.6733,-38.326706
val,72,31,182.0,144.82944,-37.170563
val,72,32,181.0,144.95573,-36.044266
val,72,33,180.0,144.73485,-35.265152
val,72,34,179.0,144.88127,-34.11873
val,72,35,178.0,144.9382,-33.0618
val,72,36,177.0,144.88368,-32.116318
val,72,37,176.0,144.5413,-31.458694
val,72,38,175.0,144.89418,-30.10582
val,72,39,174.0,144.73439,-29.26561
val,72,40,173.0,144.917,-28.082993
val,72,41,172.0,144.87767,-27.12233
val,72,42,171.0,144.79266,-26.207336
val,72,43,170.0,144.86957,-25.130432
val,72,44,169.0,144.28351,-24.716492
val,72,45,168.0,143.96187,-24.038132
val,72,46,167.0,144.0701,-22.929901
val,72,47,166.0,143.89806,-22.101944
val,72,48,165.0,144.38557,-20.614426
val,72,49,164.0,144.42384,-19.576157
val,72,50,163.0,144.7701,-18.229904
val,72,51,162.0,144.9951,-17.004898
val,72,52,161.0,144.68404,-16.315964
val,72,53,160.0,144.65614,-15.343857
val,72,54,159.0,143.91046,-15.089539
val,72,55,158.0,144.36641,-13.633591
val,72,56,157.0,144.19484,-12.8051605
val,72,57,156.0,143.7698,-12.230194
val,72,58,155.0,144.12508,-10.874924
val,72,59,154.0,144.21059,-9.789413
val,72,60,153.0,143.90262,-9.097382
val,72,61,152.0,143.8148,-8.185196
val,72,62,151.0,143.65556,-7.3444366
val,72,63,150.0,143.78857,-6.211426
val,72,64,149.0,142.60646,-6.3935394
val,72,65,148.0,144.33473,-3.665268
val,72,66,147.0,143.55763,-3.4423676
val,72,67,146.0,143.13995,-2.8600464
val,72,68,145.0,144.00285,-0.9971466
val,72,69,144.0,144.53865,0.5386505
val,72,70,143.0,144.45988,1.4598846
val,72,71,142.0,144.46315,2.46315
val,72,72,141.0,144.63799,3.6379852
val,72,73,140.0,143.58525,3.5852509
val,72,74,139.0,144.53917,5.5391693
val,72,75,138.0,144.34718,6.347183
val,72,76,137.0,144.22005,7.220047
val,72,77,136.0,143.93819,7.9381866
val,72,78,135.0,143.99649,8.9964905
val,72,79,134.0,143.69704,9.697037
val,72,80,133.0,144.02264,11.022644
val,72,81,132.0,144.60591,12.605911
val,72,82,131.0,143.95181,12.951813
val,72,83,130.0,143.52003,13.520035
val,72,84,129.0,143.98265,14.982651
val,72,85,128.0,144.23154,16.231537
val,72,86,127.0,144.3626,17.362595
val,72,87,126.0,144.35748,18.357483
val,72,88,125.0,143.03465,18.034653
val,72,89,124.0,143.34093,19.340927
val,72,90,123.0,143.55495,20.554947
val,72,91,122.0,143.93019,21.930191
val,72,92,121.0,143.05159,22.05159
val,72,93,120.0,143.25157,23.251572
val,72,94,119.0,142.50844,23.508438
val,72,95,118.0,134.93748,16.937485
val,72,96,117.0,110.55796,-6.4420395
val,72,97,116.0,117.49187,1.4918671
val,72,98,115.0,98.92965,-16.07035
val,72,99,114.0,106.87011,-7.1298904
val,72,100,113.0,110.272194,-2.727806
val,72,101,112.0,105.751564,-6.248436
val,72,102,111.0,117.88609,6.886093
val,72,103,110.0,125.70721,15.707207
val,72,104,109.0,132.4116,23.411606
val,72,105,108.0,132.47316,24.47316
val,72,106,107.0,136.90376,29.903763
val,72,107,106.0,139.77269,33.77269
val,72,108,105.0,137.83215,32.832153
val,72,109,104.0,139.8079,35.807907
val,72,110,103.0,138.25023,35.25023
val,72,111,102.0,137.1233,35.123306
val,72,112,101.0,135.76318,34.763184
val,72,113,100.0,127.18007,27.180069
val,72,114,99.0,132.95949,33.959488
val,72,115,98.0,142.4223,44.422302
val,72,116,97.0,143.09996,46.09996
val,72,117,96.0,142.93712,46.93712
val,72,118,95.0,143.28716,48.287155
val,72,119,94.0,141.74344,47.74344
val,72,120,93.0,142.627,49.627
val,72,121,92.0,143.3185,51.318497
val,72,122,91.0,140.83598,49.835983
val,72,123,90.0,141.6042,51.604202
val,72,124,89.0,140.64093,51.64093
val,72,125,88.0,141.81837,53.818375
val,72,126,87.0,140.32643,53.32643
val,72,127,86.0,136.57613,50.576126
val,72,128,85.0,102.96537,17.96537
val,72,129,84.0,109.031624,25.031624
val,72,130,83.0,95.36753,12.367531
val,72,131,82.0,97.90815,15.90815
val,72,132,81.0,103.6907,22.690697
val,72,133,80.0,91.85153,11.851532
val,72,134,79.0,92.3477,13.347702
val,72,135,78.0,85.80596,7.8059616
val,72,136,77.0,92.17074,15.170738
val,72,137,76.0,91.857254,15.857254
val,72,138,75.0,101.23968,26.239677
val,72,139,74.0,100.50244,26.502441
val,72,140,73.0,86.17504,13.175041
val,72,141,72.0,91.50445,19.504448
val,72,142,71.0,92.82978,21.82978
val,72,143,70.0,85.84226,15.842262
val,72,144,69.0,84.92012,15.92012
val,72,145,68.0,91.56573,23.565727
val,72,146,67.0,94.9614,27.961403
val,72,147,66.0,98.327354,32.327354
val,72,148,65.0,109.5082,44.5082
val,72,149,64.0,113.78861,49.788612
val,72,150,63.0,127.61372,64.61372
val,72,151,62.0,131.18788,69.18788
val,72,152,61.0,122.95437,61.95437
val,72,153,60.0,115.66208,55.66208
val,72,154,59.0,104.14999,45.149986
val,72,155,58.0,99.270424,41.270424
val,72,156,57.0,95.64155,38.64155
val,72,157,56.0,98.86643,42.866432
val,72,158,55.0,95.5259,40.5259
val,72,159,54.0,88.659004,34.659004
val,72,160,53.0,82.661644,29.661644
val,72,161,52.0,77.13964,25.13964
val,72,162,51.0,74.91634,23.916344
val,72,163,50.0,72.8415,22.8415
val,72,164,49.0,63.475105,14.475105
val,72,165,48.0,56.248783,8.248783
val,72,166,47.0,60.73676,13.736759
val,72,167,46.0,53.73685,7.7368507
val,72,168,45.0,43.628494,-1.3715057
val,72,169,44.0,43.075344,-0.9246559
val,72,170,43.0,43.260967,0.26096725
val,72,171,42.0,50.429585,8.4295845
val,72,172,41.0,54.903683,13.903683
val,72,173,40.0,54.002422,14.002422
val,72,174,39.0,52.899715,13.899715
val,72,175,38.0,47.337036,9.337036
val,72,176,37.0,47.28233,10.28233
val,72,177,36.0,40.4731,4.4730988
val,72,178,35.0,37.431458,2.4314575
val,72,179,34.0,37.49264,3.4926414
val,72,180,33.0,41.014168,8.014168
val,72,181,32.0,38.955727,6.9557266
val,72,182,31.0,41.509,10.508999
val,72,183,30.0,41.547283,11.547283
val,72,184,29.0,40.40112,11.401119
val,72,185,28.0,41.198574,13.198574
val,72,186,27.0,42.79163,15.79163
val,72,187,26.0,39.184856,13.184856
val,72,188,25.0,36.823177,11.823177
val,72,189,24.0,34.88723,10.88723
val,72,190,23.0,38.60828,15.60828
val,72,191,22.0,34.204617,12.204617
val,72,192,21.0,34.294895,13.294895
val,72,193,20.0,32.35744,12.357441
val,72,194,19.0,31.800348,12.800348
val,72,195,18.0,29.507233,11.507233
val,72,196,17.0,24.493996,7.4939957
val,72,197,16.0,24.730953,8.730953
val,72,198,15.0,22.871069,7.871069
val,72,199,14.0,21.755571,7.7555714
val,72,200,13.0,18.165272,5.1652718
val,72,201,12.0,18.041134,6.041134
val,72,202,11.0,16.571524,5.5715237
val,72,203,10.0,16.476408,6.476408
val,72,204,9.0,13.685384,4.685384
val,72,205,8.0,13.070058,5.070058
val,72,206,7.0,12.02285,5.02285
val,72,207,6.0,8.271569,2.2715693
val,72,208,5.0,9.628388,4.6283884
val,72,209,4.0,7.6905317,3.6905317
val,72,210,3.0,6.790848,3.7908478
val,72,211,2.0,5.162117,3.162117
val,72,212,1.0,5.4792275,4.4792275
val,72,213,0.0,5.249372,5.249372
val,82,30,184.0,145.06566,-38.93434
val,82,31,183.0,145.56877,-37.43123
val,82,32,182.0,145.56042,-36.439575
val,82,33,181.0,145.40547,-35.59453
val,82,34,180.0,145.22923,-34.770767
val,82,35,179.0,145.64455,-33.355453
val,82,36,178.0,145.71346,-32.286545
val,82,37,177.0,145.72025,-31.279755
val,82,38,176.0,145.41823,-30.581772
val,82,39,175.0,145.62544,-29.374557
val,82,40,174.0,145.63773,-28.362274
val,82,41,173.0,145.4325,-27.567505
val,82,42,172.0,145.70512,-26.294876
val,82,43,171.0,145.68765,-25.312347
val,82,44,170.0,145.79546,-24.204544
val,82,45,169.0,145.57838,-23.421616
val,82,46,168.0,145.31969,-22.680313
val,82,47,167.0,145.70264,-21.297363
val,82,48,166.0,145.50966,-20.490341
val,82,49,165.0,145.87567,-19.124329
val,82,50,164.0,145.53697,-18.463028
val,82,51,163.0,145.75807,-17.241928
val,82,52,162.0,145.59798,-16.402023
val,82,53,161.0,145.77844,-15.221558
val,82,54,160.0,145.88075,-14.119247
val,82,55,159.0,145.7799,-13.220093
val,82,56,158.0,145.59056,-12.409439
val,82,57,157.0,145.621,-11.378998
val,82,58,156.0,145.75095,-10.249054
val,82,59,155.0,145.89336,-9.106644
val,82,60,154.0,145.57582,-8.424179
val,82,61,153.0,145.92598,-7.0740204
val,82,62,152.0,145.79561,-6.2043915
val,82,63,151.0,145.23753,-5.7624664
val,82,64,150.0,145.66173,-4.338272
val,82,65,149.0,145.56242,-3.4375763
val,82,66,148.0,145.25424,-2.745758
val,82,67,147.0,145.3597,-1.6403046
val,82,68,146.0,145.26733,-0.732666
val,82,69,145.0,144.5931,-0.40690613
val,82,70,144.0,145.47188,1.471878
val,82,71,143.0,145.56828,2.568283
val,82,72,142.0,145.37599,3.3759918
val,82,73,141.0,145.67506,4.675064
val,82,74,140.0,145.18217,5.1821747
val,82,75,139.0,145.03929,6.0392914
val,82,76,138.0,145.01942,7.0194244
val,82,77,137.0,144.9761,7.9761047
val,82,78,136.0,144.74043,8.740433
val,82,79,135.0,145.49387,10.493866
val,82,80,134.0,145.36983,11.369827
val,82,81,133.0,145.20898,12.208984
val,82,82,132.0,145.28787,13.287872
val,82,83,131.0,144.63014,13.630142
val,82,84,130.0,145.19872,15.198715
val,82,85,129.0,145.26134,16.261337
val,82,86,128.0,144.60605,16.606049
val,82,87,127.0,144.42117,17.421173
val,82,88,126.0,144.40717,18.407166
val,82,89,125.0,145.30626,20.30626
val,82,90,124.0,145.35013,21.350128
val,82,91,123.0,144.30653,21.306534
val,82,92,122.0,144.35115,22.35115
val,82,93,121.0,144.60799,23.607986
val,82,94,120.0,145.2523,25.252304
val,82,95,119.0,145.6019,26.601898
val,82,96,118.0,145.60008,27.600082
val,82,97,117.0,145.45715,28.457153
val,82,98,116.0,144.49287,28.492874
val,82,99,115.0,144.48463,29.484634
val,82,100,114.0,144.8749,30.874893
val,82,101,113.0,145.46156,32.461563
val,82,102,112.0,143.45242,31.452423
val,82,103,111.0,144.82388,33.823883
val,82,104,110.0,145.16222,35.162216
val,82,105,109.0,143.22928,34.22928
val,82,106,108.0,143.38185,35.38185
val,82,107,107.0,139.55107,32.55107
val,82,108,106.0,137.69872,31.698715
val,82,109,105.0,135.24034,30.240341
val,82,110,104.0,133.30544,29.305435
val,82,111,103.0,128.09808,25.098083
val,82,112,102.0,128.53484,26.534836
val,82,113,101.0,123.72967,22.729668
val,82,114,100.0,119.358284,19.358284
val,82,115,99.0,120.39391,21.393913
val,82,116,98.0,120.49892,22.498917
val,82,117,97.0,110.1746,13.174599
val,82,118,96.0,103.124825,7.1248245
val,82,119,95.0,97.821266,2.8212662
val,82,120,94.0,92.19063,-1.809372
val,82,121,93.0,94.61429,1.6142883
val,82,122,92.0,85.49301,-6.5069885
val,82,123,91.0,84.64205,-6.3579483
val,82,124,90.0,86.52715,-3.472847
val,82,125,89.0,89.94266,0.9426575
val,82,126,88.0,88.904594,0.9045944
val,82,127,87.0,92.84351,5.8435135
val,82,128,86.0,91.99619,5.996193
val,82,129,85.0,90.764626,5.7646255
val,82,130,84.0,89.73147,5.731468
val,82,131,83.0,91.565346,8.565346
val,82,132,82.0,86.55716,4.5571594
val,82,133,81.0,80.989845,-0.010154724
val,82,134,80.0,73.84145,-6.1585464
val,82,135,79.0,75.76482,-3.2351837
val,82,136,78.0,72.388756,-5.611244
val,82,137,77.0,68.22202,-8.777977
val,82,138,76.0,66.62649,-9.373512
val,82,139,75.0,69.95953,-5.0404663
val,82,140,74.0,68.45066,-5.5493393
val,82,141,73.0,67.46431,-5.5356903
val,82,142,72.0,70.39129,-1.6087112
val,82,143,71.0,73.4726,2.4726028
val,82,144,70.0,75.33202,5.3320236
val,82,145,69.0,69.314384,0.31438446
val,82,146,68.0,71.81117,3.8111725
val,82,147,67.0,73.92004,6.9200363
val,82,148,66.0,72.33064,6.3306427
val,82,149,65.0,67.40468,2.4046783
val,82,150,64.0,63.699917,-0.30008316
val,82,151,63.0,66.04669,3.046692
val,82,152,62.0,67.24716,5.247162
val,82,153,61.0,61.912632,0.912632
val,82,154,60.0,61.33283,1.3328285
val,82,155,59.0,56.915943,-2.0840569
val,82,156,58.0,50.113373,-7.886627
val,82,157,57.0,47.1957,-9.804298
val,82,158,56.0,47.759304,-8.240696
val,82,159,55.0,51.82621,-3.17379
val,82,160,54.0,51.07401,-2.925991
val,82,161,53.0,53.81997,0.8199692
val,82,162,52.0,53.299747,1.2997475
val,82,163,51.0,52.50861,1.5086098
val,82,164,50.0,49.88859,-0.11140823
val,82,165,49.0,48.00262,-0.9973793
val,82,166,48.0,45.697735,-2.3022652
val,82,167,47.0,47.005413,0.0054130554
val,82,168,46.0,44.60944,-1.3905602
val,82,169,45.0,40.96639,-4.0336113
val,82,170,44.0,39.83222,-4.167782
val,82,171,43.0,38.67249,-4.327511
val,82,172,42.0,40.22951,-1.7704887
val,82,173,41.0,41.475338,0.47533798
val,82,174,40.0,39.257786,-0.7422142
val,82,175,39.0,36.996273,-2.003727
val,82,176,38.0,37.934742,-0.065258026
val,82,177,37.0,37.072613,0.07261276
val,82,178,36.0,37.0417,1.0416985
val,82,179,35.0,34.185627,-0.814373
val,82,180,34.0,35.76961,1.7696114
val,82,181,33.0,32.996685,-0.003314972
val,82,182,32.0,33.44608,1.4460793
val,82,183,31.0,31.25518,0.25518036
val,82,184,30.0,32.05788,2.0578804
val,82,185,29.0,32.957657,3.9576569
val,82,186,28.0,27.359945,-0.6400547
val,82,187,27.0,25.07095,-1.9290504
val,82,188,26.0,24.752737,-1.247263
val,82,189,25.0,25.065096,0.0650959
val,82,190,24.0,23.143915,-0.8560848
val,82,191,23.0,22.611935,-0.38806534
val,82,192,22.0,20.881117,-1.1188831
val,82,193,21.0,20.008043,-0.9919567
val,82,194,20.0,16.985518,-3.0144825
val,82,195,19.0,16.025614,-2.9743862
val,82,196,18.0,15.689655,-2.3103447
val,82,197,17.0,14.829148,-2.1708517
val,82,198,16.0,14.695456,-1.3045444
val,82,199,15.0,11.547452,-3.452548
val,82,200,14.0,11.946456,-2.053544
val,82,201,13.0,10.499629,-2.500371
val,82,202,12.0,8.659131,-3.340869
val,82,203,11.0,9.263516,-1.7364836
val,82,204,10.0,9.126943,-0.87305737
val,82,205,9.0,8.724364,-0.27563572
val,82,206,8.0,7.6265287,-0.37347126
val,82,207,7.0,7.834722,0.83472204
val,82,208,6.0,5.764312,-0.23568821
val,82,209,5.0,3.9984622,-1.0015378
val,82,210,4.0,4.4699435,0.46994352
val,82,211,3.0,5.0891914,2.0891914
val,82,212,2.0,3.5566807,1.5566807
val,82,213,1.0,3.7590117,2.7590117
val,82,214,0.0,2.0454834,2.0454834
val,93,30,125.0,144.11093,19.110931
val,93,31,124.0,145.24915,21.249146
val,93,32,123.0,143.70299,20.702988
val,93,33,122.0,139.93268,17.932678
val,93,34,121.0,142.12672,21.126724
val,93,35,120.0,143.03421,23.03421
val,93,36,119.0,144.07155,25.071548
val,93,37,118.0,142.1028,24.102798
val,93,38,117.0,142.29079,25.290787
val,93,39,116.0,133.37497,17.37497
val,93,40,115.0,124.75379,9.753792
val,93,41,114.0,129.87355,15.87355
val,93,42,113.0,137.02895,24.028946
val,93,43,112.0,140.13036,28.130356
val,93,44,111.0,138.82828,27.828278
val,93,45,110.0,142.80222,32.802216
val,93,46,109.0,140.27003,31.270035
val,93,47,108.0,139.40614,31.406143
val,93,48,107.0,135.18628,28.18628
val,93,49,106.0,134.99352,28.993515
val,93,50,105.0,136.28041,31.28041
val,93,51,104.0,135.91312,31.913116
val,93,52,103.0,137.04942,34.049423
val,93,53,102.0,136.09526,34.09526
val,93,54,101.0,138.43536,37.435364
val,93,55,100.0,131.44016,31.440155
val,93,56,99.0,139.30461,40.30461
val,93,57,98.0,139.57228,41.57228
val,93,58,97.0,136.09334,39.093338
val,93,59,96.0,133.43483,37.43483
val,93,60,95.0,122.54955,27.549553
val,93,61,94.0,116.12672,22.126717
val,93,62,93.0,116.213646,23.213646
val,93,63,92.0,113.81675,21.81675
val,93,64,91.0,120.97837,29.97837
val,93,65,90.0,133.36246,43.362457
val,93,66,89.0,135.26958,46.269577
val,93,67,88.0,137.3198,49.319794
val,93,68,87.0,134.99892,47.998917
val,93,69,86.0,137.7412,51.741196
val,93,70,85.0,128.36334,43.363342
val,93,71,84.0,129.35188,45.351883
val,93,72,83.0,125.07319,42.07319
val,93,73,82.0,109.064545,27.064545
val,93,74,81.0,96.282906,15.282906
val,93,75,80.0,102.00917,22.00917
val,93,76,79.0,94.06895,15.068947
val,93,77,78.0,83.58663,5.586632
val,93,78,77.0,86.20346,9.203461
val,93,79,76.0,86.96853,10.968529
val,93,80,75.0,83.39581,8.395813
val,93,81,74.0,83.20513,9.205132
val,93,82,73.0,80.27476,7.2747574
val,93,83,72.0,75.376015,3.3760147
val,93,84,71.0,74.01237,3.0123672
val,93,85,70.0,75.96534,5.9653397
val,93,86,69.0,71.59634,2.5963364
val,93,87,68.0,62.92393,-5.076069
val,93,88,67.0,66.9371,-0.06289673
val,93,89,66.0,73.2792,7.2791977
val,93,90,65.0,75.123344,10.123344
val,93,91,64.0,78.302605,14.302605
val,93,92,63.0,76.22271,13.22271
val,93,93,62.0,75.61904,13.619041
val,93,94,61.0,71.107994,10.107994
val,93,95,60.0,75.047646,15.047646
val,93,96,59.0,78.694756,19.694756
val,93,97,58.0,87.50205,29.502052
val,93,98,57.0,100.314125,43.314125
val,93,99,56.0,104.301674,48.301674
val,93,100,55.0,101.70366,46.70366
val,93,101,54.0,92.64603,38.646027
val,93,102,53.0,78.5454,25.545403
val,93,103,52.0,92.74267,40.74267
val,93,104,51.0,93.9644,42.9644
val,93,105,50.0,93.25202,43.25202
val,93,106,49.0,96.43415,47.43415
val,93,107,48.0,83.3877,35.387703
val,93,108,47.0,88.16259,41.16259
val,93,109,46.0,73.527596,27.527596
val,93,110,45.0,65.54488,20.544884
val,93,111,44.0,61.794807,17.794807
val,93,112,43.0,64.6786,21.678596
val,93,113,42.0,58.103718,16.103718
val,93,114,41.0,51.379383,10.379383
val,93,115,40.0,48.263058,8.263058
val,93,116,39.0,47.20712,8.207119
val,93,117,38.0,44.550915,6.550915
val,93,118,37.0,38.992405,1.9924049
val,93,119,36.0,36.680836,0.6808357
val,93,120,35.0,34.165035,-0.83496475
val,93,121,34.0,36.48579,2.4857903
val,93,122,33.0,35.609753,2.6097527
val,93,123,32.0,36.79045,4.790451
val,93,124,31.0,36.70409,5.70409
val,93,125,30.0,31.673912,1.673912
val,93,126,29.0,29.86833,0.86833
val,93,127,28.0,31.195755,3.195755
val,93,128,27.0,32.04448,5.0444794
val,93,129,26.0,35.2395,9.239498
val,93,130,25.0,33.245747,8.245747
val,93,131,24.0,31.862679,7.8626785
val,93,132,23.0,27.137697,4.137697
val,93,133,22.0,25.831224,3.8312244
val,93,134,21.0,24.678865,3.6788654
val,93,135,20.0,23.484179,3.4841785
val,93,136,19.0,21.032663,2.0326633
val,93,137,18.0,19.837921,1.8379211
val,93,138,17.0,18.748838,1.7488384
val,93,139,16.0,19.70964,3.7096405
val,93,140,15.0,16.225029,1.225029
val,93,141,14.0,15.8859825,1.8859825
val,93,142,13.0,18.541315,5.541315
val,93,143,12.0,16.078768,4.078768
val,93,144,11.0,16.154713,5.1547127
val,93,145,10.0,11.767207,1.7672071
val,93,146,9.0,11.813507,2.813507
val,93,147,8.0,11.636451,3.6364508
val,93,148,7.0,10.554151,3.5541506
val,93,149,6.0,8.7318945,2.7318945
val,93,150,5.0,5.8383675,0.83836746
val,93,151,4.0,5.660144,1.6601439
val,93,152,3.0,5.81791,2.8179102
val,93,153,2.0,5.3721323,3.3721323
val,93,154,1.0,3.8946676,2.8946676
val,93,155,0.0,3.709103,3.709103
val,98,30,126.0,143.88872,17.888718
val,98,31,125.0,144.08865,19.088654
val,98,32,124.0,144.09348,20.093475
val,98,33,123.0,144.95824,21.958237
val,98,34,122.0,144.78781,22.787811
val,98,35,121.0,144.59732,23.59732
val,98,36,120.0,145.54866,25.54866
val,98,37,119.0,145.0088,26.008804
val,98,38,118.0,144.68471,26.684708
val,98,39,117.0,143.21498,26.214981
val,98,40,116.0,139.13667,23.136673
val,98,41,115.0,141.70047,26.70047
val,98,42,114.0,140.17415,26.174149
val,98,43,113.0,136.64235,23.64235
val,98,44,112.0,119.80961,7.8096085
val,98,45,111.0,118.27705,7.277046
val,98,46,110.0,116.54908,6.54908
val,98,47,109.0,113.00259,4.0025864
val,98,48,108.0,116.651794,8.651794
val,98,49,107.0,120.65516,13.655159
val,98,50,106.0,122.75564,16.755638
val,98,51,105.0,118.67279,13.672791
val,98,52,104.0,120.018196,16.018196
val,98,53,103.0,116.01064,13.010643
val,98,54,102.0,109.803406,7.803406
val,98,55,101.0,111.22851,10.228508
val,98,56,100.0,108.3895,8.3895035
val,98,57,99.0,118.31249,19.312492
val,98,58,98.0,130.30273,32.302734
val,98,59,97.0,137.247,40.246994
val,98,60,96.0,142.27808,46.278076
val,98,61,95.0,141.70277,46.702774
val,98,62,94.0,133.83574,39.83574
val,98,63,93.0,114.29354,21.293541
val,98,64,92.0,101.59856,9.5985565
val,98,65,91.0,102.7306,11.730598
val,98,66,90.0,103.82297,13.822968
val,98,67,89.0,105.05035,16.050346
val,98,68,88.0,114.34051,26.340508
val,98,69,87.0,117.37673,30.376732
val,98,70,86.0,109.87177,23.871773
val,98,71,85.0,112.95736,27.95736
val,98,72,84.0,106.12226,22.122261
val,98,73,83.0,99.02799,16.027992
val,98,74,82.0,97.71177,15.711769
val,98,75,81.0,99.45042,18.450417
val,98,76,80.0,102.68969,22.68969
val,98,77,79.0,105.36268,26.362679
val,98,78,78.0,93.630875,15.630875
val,98,79,77.0,87.432785,10.432785
val,98,80,76.0,90.4352,14.435204
val,98,81,75.0,82.86483,7.86483
val,98,82,74.0,86.536736,12.536736
val,98,83,73.0,88.4318,15.431801
val,98,84,72.0,98.28947,26.289467
val,98,85,71.0,99.1977,28.1977
val,98,86,70.0,89.18555,19.185547
val,98,87,69.0,86.73024,17.73024
val,98,88,68.0,84.350624,16.350624
val,98,89,67.0,86.82473,19.82473
val,98,90,66.0,89.07119,23.07119
val,98,91,65.0,86.91318,21.913177
val,98,92,64.0,82.14319,18.143188
val,98,93,63.0,78.56865,15.568649
val,98,94,62.0,80.84995,18.849953
val,98,95,61.0,76.22445,15.224449
val,98,96,60.0,81.54792,21.54792
val,98,97,59.0,81.76983,22.769829
val,98,98,58.0,79.86707,21.867073
val,98,99,57.0,67.835915,10.835915
val,98,100,56.0,72.887886,16.887886
val,98,101,55.0,70.893616,15.893616
val,98,102,54.0,65.72497,11.724968
val,98,103,53.0,71.63995,18.639954
val,98,104,52.0,77.43047,25.430473
val,98,105,51.0,71.21413,20.214127
val,98,106,50.0,67.411934,17.411934
val,98,107,49.0,67.95444,18.954437
val,98,108,48.0,69.10928,21.109283
val,98,109,47.0,57.52051,10.520512
val,98,110,46.0,63.729523,17.729523
val,98,111,45.0,58.941486,13.941486
val,98,112,44.0,62.76288,18.762878
val,98,113,43.0,57.76491,14.764912
val,98,114,42.0,57.437534,15.437534
val,98,115,41.0,53.904247,12.904247
val,98,116,40.0,56.758457,16.758457
val,98,117,39.0,49.21227,10.212269
val,98,118,38.0,45.725517,7.7255173
val,98,119,37.0,40.725742,3.7257423
val,98,120,36.0,39.29034,3.2903404
val,98,121,35.0,37.35005,2.3500519
val,98,122,34.0,39.771378,5.7713776
val,98,123,33.0,44.15677,11.156769
val,98,124,32.0,40.299603,8.2996025
val,98,125,31.0,38.957775,7.957775
val,98,126,30.0,35.865673,5.865673
val,98,127,29.0,32.947033,3.947033
val,98,128,28.0,35.692158,7.6921577
val,98,129,27.0,34.1605,7.1604996
val,98,130,26.0,27.536966,1.5369663
val,98,131,25.0,28.092344,3.0923443
val,98,132,24.0,29.628038,5.6280384
val,98,133,23.0,26.7945,3.7945004
val,98,134,22.0,26.261532,4.261532
val,98,135,21.0,25.618763,4.618763
val,98,136,20.0,22.153399,2.1533985
val,98,137,19.0,23.719046,4.7190456
val,98,138,18.0,22.012451,4.012451
val,98,139,17.0,19.939121,2.9391212
val,98,140,16.0,18.817724,2.8177242
val,98,141,15.0,16.775478,1.7754784
val,98,142,14.0,18.461601,4.4616013
val,98,143,13.0,14.983495,1.9834948
val,98,144,12.0,13.373852,1.3738518
val,98,145,11.0,12.512556,1.5125561
val,98,146,10.0,11.464763,1.4647627
val,98,147,9.0,10.342185,1.342185
val,98,148,8.0,8.907746,0.9077463
val,98,149,7.0,10.874805,3.8748055
val,98,150,6.0,8.416389,2.4163895
val,98,151,5.0,7.2624397,2.2624397
val,98,152,4.0,6.438076,2.438076
val,98,153,3.0,5.347292,2.347292
val,98,154,2.0,5.5175476,3.5175476
val,98,155,1.0,3.884223,2.884223
val,98,156,0.0,4.063561,4.063561
val,100,30,170.0,143.94054,-26.059464
val,100,31,169.0,114.065674,-54.934326
val,100,32,168.0,113.98131,-54.018692
val,100,33,167.0,114.39864,-52.601357
val,100,34,166.0,120.24357,-45.75643
val,100,35,165.0,131.60068,-33.399323
val,100,36,164.0,143.46823,-20.531769
val,100,37,163.0,143.15706,-19.842941
val,100,38,162.0,143.55971,-18.440292
val,100,39,161.0,142.10881,-18.89119
val,100,40,160.0,142.63228,-17.367722
val,100,41,159.0,143.71503,-15.284973
val,100,42,158.0,137.90039,-20.09961
val,100,43,157.0,130.852,-26.147995
val,100,44,156.0,125.78885,-30.211151
val,100,45,155.0,113.3374,-41.662598
val,100,46,154.0,123.840004,-30.159996
val,100,47,153.0,135.14742,-17.852585
val,100,48,152.0,143.31342,-8.686584
val,100,49,151.0,143.79689,-7.2031097
val,100,50,150.0,143.69402,-6.3059845
val,100,51,149.0,143.42169,-5.578308
val,100,52,148.0,143.48137,-4.518631
val,100,53,147.0,142.69281,-4.30719
val,100,54,146.0,143.50008,-2.4999237
val,100,55,145.0,143.61066,-1.3893433
val,100,56,144.0,143.50098,-0.49902344
val,100,57,143.0,143.23515,0.2351532
val,100,58,142.0,141.62337,-0.3766327
val,100,59,141.0,142.70331,1.7033081
val,100,60,140.0,138.70085,-1.2991486
val,100,61,139.0,141.49617,2.49617
val,100,62,138.0,141.38574,3.3857422
val,100,63,137.0,140.14476,3.1447601
val,100,64,136.0,142.35933,6.359329
val,100,65,135.0,142.85548,7.855484
val,100,66,134.0,116.90456,-17.095444
val,100,67,133.0,99.99319,-33.006813
val,100,68,132.0,91.93003,-40.06997
val,100,69,131.0,87.76754,-43.23246
val,100,70,130.0,87.022575,-42.977425
val,100,71,129.0,91.41021,-37.58979
val,100,72,128.0,93.28794,-34.71206
val,100,73,127.0,91.9428,-35.057198
val,100,74,126.0,103.78539,-22.214607
val,100,75,125.0,105.92669,-19.07331
val,100,76,124.0,105.563194,-18.436806
val,100,77,123.0,98.643425,-24.356575
val,100,78,122.0,102.692665,-19.307335
val,100,79,121.0,107.08051,-13.919487
val,100,80,120.0,94.760475,-25.239525
val,100,81,119.0,94.85975,-24.140251
val,100,82,118.0,90.53065,-27.469353
val,100,83,117.0,75.49047,-41.50953
val,100,84,116.0,68.67135,-47.32865
val,100,85,115.0,82.38031,-32.61969
val,100,86,114.0,76.84105,-37.15895
val,100,87,113.0,74.28721,-38.71279
val,100,88,112.0,71.95142,-40.048576
val,100,89,111.0,72.262825,-38.737175
val,100,90,110.0,70.53356,-39.46644
val,100,91,109.0,70.78395,-38.21605
val,100,92,108.0,74.005554,-33.994446
val,100,93,107.0,74.09903,-32.90097
val,100,94,106.0,76.87664,-29.12336
val,100,95,105.0,75.807304,-29.192696
val,100,96,104.0,71.57109,-32.42891
val,100,97,103.0,71.84551,-31.154488
val,100,98,102.0,66.16476,-35.835243
val,100,99,101.0,69.34625,-31.653748
val,100,100,100.0,61.485935,-38.514065
val,100,101,99.0,65.06936,-33.93064
val,100,102,98.0,66.57311,-31.426888
val,100,103,97.0,61.714794,-35.285206
val,100,104,96.0,85.68036,-10.319641
val,100,105,95.0,92.787895,-2.2121048
val,100,106,94.0,111.87545,17.87545
val,100,107,93.0,122.18695,29.18695
val,100,108,92.0,140.13972,48.139725
val,100,109,91.0,141.79071,50.79071
val,100,110,90.0,137.7038,47.703796
val,100,111,89.0,134.92686,45.926865
val,100,112,88.0,137.30693,49.30693
val,100,113,87.0,129.93501,42.935013
val,100,114,86.0,123.090805,37.090805
val,100,115,85.0,121.79392,36.793922
val,100,116,84.0,123.59965,39.599648
val,100,117,83.0,115.40117,32.40117
val,100,118,82.0,110.049965,28.049965
val,100,119,81.0,103.02079,22.02079
val,100,120,80.0,118.08165,38.08165
val,100,121,79.0,91.89132,12.891319
val,100,122,78.0,92.71145,14.711449
val,100,123,77.0,104.06847,27.068466
val,100,124,76.0,96.62562,20.625618
val,100,125,75.0,76.78762,1.7876205
val,100,126,74.0,66.723206,-7.2767944
val,100,127,73.0,58.568058,-14.431942
val,100,128,72.0,51.11125,-20.888748
val,100,129,71.0,55.341938,-15.658062
val,100,130,70.0,57.28867,-12.71133
val,100,131,69.0,58.2981,-10.7019005
val,100,132,68.0,55.49098,-12.509022
val,100,133,67.0,47.117577,-19.882423
val,100,134,66.0,45.12715,-20.872849
val,100,135,65.0,43.085316,-21.914684
val,100,136,64.0,48.190166,-15.809834
val,100,137,63.0,48.558205,-14.441795
val,100,138,62.0,48.686863,-13.313137
val,100,139,61.0,48.025333,-12.974667
val,100,140,60.0,45.477184,-14.522816
val,100,141,59.0,61.899837,2.8998375
val,100,142,58.0,61.33578,3.335781
val,100,143,57.0,59.591763,2.5917625
val,100,144,56.0,77.95761,21.957611
val,100,145,55.0,73.37767,18.37767
val,100,146,54.0,70.50682,16.50682
val,100,147,53.0,61.148388,8.148388
val,100,148,52.0,62.089657,10.089657
val,100,149,51.0,49.578045,-1.4219551
val,100,150,50.0,53.55826,3.5582619
val,100,151,49.0,48.92639,-0.0736084
val,100,152,48.0,45.559166,-2.440834
val,100,153,47.0,58.905537,11.905537
val,100,154,46.0,52.89117,6.8911705
val,100,155,45.0,38.990467,-6.009533
val,100,156,44.0,33.187065,-10.812935
val,100,157,43.0,31.95951,-11.040489
val,100,158,42.0,29.37284,-12.627159
val,100,159,41.0,33.286297,-7.713703
val,100,160,40.0,34.2721,-5.7279015
val,100,161,39.0,36.07872,-2.92128
val,100,162,38.0,36.65195,-1.3480492
val,100,163,37.0,31.383734,-5.6162663
val,100,164,36.0,31.497229,-4.5027714
val,100,165,35.0,28.833342,-6.1666584
val,100,166,34.0,32.098377,-1.9016228
val,100,167,33.0,28.777893,-4.222107
val,100,168,32.0,25.255907,-6.744093
val,100,169,31.0,24.678265,-6.3217354
val,100,170,30.0,21.023191,-8.976809
val,100,171,29.0,24.473154,-4.526846
val,100,172,28.0,22.828081,-5.171919
val,100,173,27.0,21.322031,-5.677969
val,100,174,26.0,21.442526,-4.557474
val,100,175,25.0,26.644325,1.6443253
val,100,176,24.0,29.588768,5.588768
val,100,177,23.0,28.262365,5.2623653
val,100,178,22.0,31.438087,9.438087
val,100,179,21.0,27.92495,6.9249496
val,100,180,20.0,28.517889,8.517889
val,100,181,19.0,27.73511,8.735109
val,100,182,18.0,27.133665,9.133665
val,100,183,17.0,23.631523,6.631523
val,100,184,16.0,21.812052,5.812052
val,100,185,15.0,24.747677,9.747677
val,100,186,14.0,22.441496,8.441496
val,100,187,13.0,21.220602,8.220602
val,100,188,12.0,17.09333,5.0933304
val,100,189,11.0,16.508066,5.508066
val,100,190,10.0,13.368106,3.368106
val,100,191,9.0,10.021501,1.0215006
val,100,192,8.0,9.5999975,1.5999975
val,100,193,7.0,7.9220433,0.9220433
val,100,194,6.0,8.2948885,2.2948885
val,100,195,5.0,7.7669077,2.7669077
val,100,196,4.0,6.0953836,2.0953836
val,100,197,3.0,6.528254,3.528254
val,100,198,2.0,2.9238334,0.9238334
val,100,199,1.0,1.7497193,0.74971926
val,100,200,0.0,1.4281701,1.4281701
