split,engine_id,end_cycle,true_rul,pred_rul,error
train,1,30,162.0,143.46912,-18.530884
train,1,31,161.0,143.7898,-17.210205
train,1,32,160.0,143.80945,-16.190552
train,1,33,159.0,143.80646,-15.1935425
train,1,34,158.0,143.8035,-14.196503
train,1,35,157.0,143.82062,-13.179382
train,1,36,156.0,143.82071,-12.179291
train,1,37,155.0,143.8245,-11.175507
train,1,38,154.0,143.82489,-10.17511
train,1,39,153.0,143.82202,-9.1779785
train,1,40,152.0,143.82074,-8.17926
train,1,41,151.0,143.83176,-7.1682434
train,1,42,150.0,143.8269,-6.1730957
train,1,43,149.0,143.82086,-5.179138
train,1,44,148.0,143.83026,-4.169739
train,1,45,147.0,143.82681,-3.1731873
train,1,46,146.0,143.82626,-2.1737366
train,1,47,145.0,143.8262,-1.1737976
train,1,48,144.0,143.81528,-0.1847229
train,1,49,143.0,143.82416,0.8241577
train,1,50,142.0,143.81882,1.8188171
train,1,51,141.0,143.82814,2.8281403
train,1,52,140.0,143.827,3.8269958
train,1,53,139.0,143.80971,4.8097076
train,1,54,138.0,143.68437,5.684372
train,1,55,137.0,143.79324,6.7932434
train,1,56,136.0,143.79086,7.790863
train,1,57,135.0,143.79616,8.796158
train,1,58,134.0,143.77458,9.774582
train,1,59,133.0,143.80382,10.803818
train,1,60,132.0,143.82568,11.825684
train,1,61,131.0,143.80598,12.8059845
train,1,62,130.0,143.81241,13.812408
train,1,63,129.0,143.78767,14.787674
train,1,64,128.0,143.73465,15.73465
train,1,65,127.0,143.72083,16.720825
train,1,66,126.0,143.76443,17.764435
train,1,67,125.0,143.70963,18.709625
train,1,68,124.0,143.76505,19.765045
train,1,69,123.0,143.79604,20.796036
train,1,70,122.0,143.80771,21.807709
train,1,71,121.0,143.8084,22.808395
train,1,72,120.0,143.81326,23.813263
train,1,73,119.0,143.77968,24.779678
train,1,74,118.0,143.79706,25.797058
train,1,75,117.0,143.78937,26.789368
train,1,76,116.0,143.80396,27.803955
train,1,77,115.0,143.78027,28.780273
train,1,78,114.0,143.75607,29.756073
train,1,79,113.0,143.76358,30.76358
train,1,80,112.0,143.71045,31.71045
train,1,81,111.0,143.72995,32.72995
train,1,82,110.0,143.732,33.731995
train,1,83,109.0,143.7875,34.787506
train,1,84,108.0,143.68658,35.686584
train,1,85,107.0,143.76968,36.769684
train,1,86,106.0,143.80795,37.807953
train,1,87,105.0,143.72641,38.72641
train,1,88,104.0,143.73813,39.73813
train,1,89,103.0,143.72372,40.723724
train,1,90,102.0,143.75005,41.750046
train,1,91,101.0,143.69662,42.696625
train,1,92,100.0,143.45764,43.45764
train,1,93,99.0,133.89816,34.898163
train,1,94,98.0,110.8917,12.891701
train,1,95,97.0,93.306114,-3.6938858
train,1,96,96.0,91.14149,-4.858513
train,1,97,95.0,92.378044,-2.6219559
train,1,98,94.0,95.45522,1.4552231
train,1,99,93.0,87.276375,-5.723625
train,1,100,92.0,83.7621,-8.2379
train,1,101,91.0,85.74697,-5.253029
train,1,102,90.0,76.68219,-13.31781
train,1,103,89.0,77.14459,-11.855408
train,1,104,88.0,85.71218,-2.287819
train,1,105,87.0,89.09388,2.0938797
train,1,106,86.0,97.81219,11.812187
train,1,107,85.0,101.07789,16.077888
train,1,108,84.0,93.89913,9.899132
train,1,109,83.0,89.25083,6.2508316
train,1,110,82.0,88.435326,6.4353256
train,1,111,81.0,74.43624,-6.563759
train,1,112,80.0,84.40618,4.4061813
train,1,113,79.0,75.29708,-3.702919
train,1,114,78.0,75.81837,-2.181633
train,1,115,77.0,74.72526,-2.2747421
train,1,116,76.0,91.511536,15.511536
train,1,117,75.0,93.83025,18.830254
train,1,118,74.0,100.033905,26.033905
train,1,119,73.0,95.47796,22.477959
train,1,120,72.0,87.97302,15.973022
train,1,121,71.0,96.77772,25.777718
train,1,122,70.0,80.83873,10.83873
train,1,123,69.0,74.08634,5.086342
train,1,124,68.0,68.94538,0.94538116
train,1,125,67.0,69.05564,2.0556412
train,1,126,66.0,73.86407,7.864067
train,1,127,65.0,76.059105,11.059105
train,1,128,64.0,68.33783,4.3378296
train,1,129,63.0,65.89339,2.8933868
train,1,130,62.0,74.37871,12.378708
train,1,131,61.0,75.129555,14.129555
train,1,132,60.0,68.64177,8.641769
train,1,133,59.0,65.678635,6.6786346
train,1,134,58.0,66.37307,8.37307
train,1,135,57.0,68.67219,11.672188
train,1,136,56.0,74.210335,18.210335
train,1,137,55.0,62.372818,7.372818
train,1,138,54.0,64.58713,10.587128
train,1,139,53.0,58.720978,5.720978
train,1,140,52.0,60.92141,8.92141
train,1,141,51.0,56.770874,5.770874
train,1,142,50.0,51.990868,1.9908676
train,1,143,49.0,55.441174,6.4411736
train,1,144,48.0,52.84793,4.847931
train,1,145,47.0,46.56546,-0.4345398
train,1,146,46.0,52.242416,6.2424164
train,1,147,45.0,49.583588,4.5835876
train,1,148,44.0,49.293373,5.293373
train,1,149,43.0,46.284355,3.2843552
train,1,150,42.0,43.976097,1.9760971
train,1,151,41.0,46.448185,5.448185
train,1,152,40.0,35.154198,-4.8458023
train,1,153,39.0,34.22068,-4.77932
train,1,154,38.0,30.363604,-7.6363964
train,1,155,37.0,33.977642,-3.022358
train,1,156,36.0,33.938023,-2.0619774
train,1,157,35.0,35.21027,0.21026993
train,1,158,34.0,34.633255,0.633255
train,1,159,33.0,32.43809,-0.5619087
train,1,160,32.0,29.739468,-2.2605324
train,1,161,31.0,29.132183,-1.8678169
train,1,162,30.0,28.261076,-1.738924
train,1,163,29.0,22.421347,-6.5786533
train,1,164,28.0,20.481472,-7.518528
train,1,165,27.0,22.027372,-4.9726276
train,1,166,26.0,19.62065,-6.3793507
train,1,167,25.0,21.49038,-3.5096207
train,1,168,24.0,24.949354,0.9493542
train,1,169,23.0,24.733982,1.7339821
train,1,170,22.0,22.254353,0.25435257
train,1,171,21.0,22.02959,1.0295906
train,1,172,20.0,19.603287,-0.39671326
train,1,173,19.0,21.432863,2.4328632
train,1,174,18.0,19.84829,1.8482895
train,1,175,17.0,17.751953,0.7519531
train,1,176,16.0,21.059132,5.0591316
train,1,177,15.0,19.950775,4.950775
train,1,178,14.0,20.231825,6.231825
train,1,179,13.0,18.517673,5.5176735
train,1,180,12.0,17.254477,5.2544765
train,1,181,11.0,16.943565,5.9435654
train,1,182,10.0,15.350582,5.350582
train,1,183,9.0,15.8840685,6.8840685
train,1,184,8.0,12.291325,4.2913246
train,1,185,7.0,10.343922,3.3439217
train,1,186,6.0,11.7384205,5.7384205
train,1,187,5.0,10.659111,5.659111
train,1,188,4.0,10.599904,6.599904
train,1,189,3.0,8.982877,5.982877
train,1,190,2.0,7.725388,5.725388
train,1,191,1.0,6.520765,5.520765
train,1,192,0.0,5.814181,5.814181
train,2,30,257.0,143.81995,-113.18005
train,2,31,256.0,143.77518,-112.22482
train,2,32,255.0,143.80415,-111.19585
train,2,33,254.0,143.82304,-110.176956
train,2,34,253.0,143.81372,-109.18628
train,2,35,252.0,143.82544,-108.17456
train,2,36,251.0,143.80838,-107.19162
train,2,37,250.0,143.81296,-106.18704
train,2,38,249.0,143.82382,-105.17618
train,2,39,248.0,143.82137,-104.178635
train,2,40,247.0,143.82138,-103.17862
train,2,41,246.0,143.82137,-102.178635
train,2,42,245.0,143.8172,-101.1828
train,2,43,244.0,143.82417,-100.17583
train,2,44,243.0,143.8265,-99.17349
train,2,45,242.0,143.82286,-98.17714
train,2,46,241.0,143.82439,-97.17561
train,2,47,240.0,143.8003,-96.19971
train,2,48,239.0,143.8253,-95.1747
train,2,49,238.0,143.81847,-94.18153
train,2,50,237.0,143.82425,-93.17575
train,2,51,236.0,143.80595,-92.194046
train,2,52,235.0,143.818,-91.18201
train,2,53,234.0,143.81998,-90.18002
train,2,54,233.0,143.8229,-89.17709
train,2,55,232.0,143.80441,-88.19559
train,2,56,231.0,143.79173,-87.20827
train,2,57,230.0,143.82889,-86.17111
train,2,58,229.0,143.82,-85.17999
train,2,59,228.0,143.82803,-84.17197
train,2,60,227.0,143.83432,-83.16568
train,2,61,226.0,143.77783,-82.22217
train,2,62,225.0,143.82477,-81.17523
train,2,63,224.0,143.81665,-80.18335
train,2,64,223.0,143.81757,-79.182434
train,2,65,222.0,143.81996,-78.18004
train,2,66,221.0,143.82993,-77.170074
train,2,67,220.0,143.80676,-76.19324
train,2,68,219.0,143.83467,-75.16533
train,2,69,218.0,143.83093,-74.16907
train,2,70,217.0,143.8253,-73.1747
train,2,71,216.0,143.81354,-72.18646
train,2,72,215.0,143.83148,-71.16852
train,2,73,214.0,143.82358,-70.17642
train,2,74,213.0,143.80386,-69.19614
train,2,75,212.0,143.79874,-68.20126
train,2,76,211.0,143.82468,-67.17532
train,2,77,210.0,143.83047,-66.169525
train,2,78,209.0,143.82437,-65.17563
train,2,79,208.0,143.81958,-64.18042
train,2,80,207.0,143.8115,-63.188507
train,2,81,206.0,143.79387,-62.20613
train,2,82,205.0,143.8302,-61.1698
train,2,83,204.0,143.81912,-60.180878
train,2,84,203.0,143.80766,-59.192337
train,2,85,202.0,143.81442,-58.185577
train,2,86,201.0,143.82443,-57.175568
train,2,87,200.0,143.82538,-56.17462
train,2,88,199.0,143.82076,-55.179245
train,2,89,198.0,143.82532,-54.174683
train,2,90,197.0,143.82864,-53.171356
train,2,91,196.0,143.82793,-52.172073
train,2,92,195.0,143.80449,-51.19551
train,2,93,194.0,143.81654,-50.183456
train,2,94,193.0,143.81761,-49.18239
train,2,95,192.0,143.82294,-48.177063
train,2,96,191.0,143.82011,-47.179886
train,2,97,190.0,143.8241,-46.175903
train,2,98,189.0,143.8176,-45.182404
train,2,99,188.0,143.82178,-44.178223
train,2,100,187.0,143.81839,-43.18161
train,2,101,186.0,143.824,-42.175995
train,2,102,185.0,143.81686,-41.183136
train,2,103,184.0,143.81503,-40.184967
train,2,104,183.0,143.81326,-39.186737
train,2,105,182.0,143.80582,-38.194183
train,2,106,181.0,143.82944,-37.170563
train,2,107,180.0,143.83542,-36.16458
train,2,108,179.0,143.8299,-35.170105
train,2,109,178.0,143.82657,-34.17343
train,2,110,177.0,143.8291,-33.1709
train,2,111,176.0,143.83603,-32.16397
train,2,112,175.0,143.82785,-31.17215
train,2,113,174.0,143.8308,-30.169205
train,2,114,173.0,143.82364,-29.176361
train,2,115,172.0,143.81598,-28.184021
train,2,116,171.0,143.82645,-27.173553
train,2,117,170.0,143.82588,-26.174118
train,2,118,169.0,143.8292,-25.170807
train,2,119,168.0,143.8263,-24.173706
train,2,120,167.0,143.82472,-23.175278
train,2,121,166.0,143.82825,-22.171753
train,2,122,165.0,143.83047,-21.169525
train,2,123,164.0,143.83084,-20.169159
train,2,124,163.0,143.82053,-19.179474
train,2,125,162.0,143.82349,-18.176514
train,2,126,161.0,143.83022,-17.169785
train,2,127,160.0,143.83081,-16.16919
train,2,128,159.0,143.81555,-15.184448
train,2,129,158.0,143.81485,-14.18515
train,2,130,157.0,143.82472,-13.175278
train,2,131,156.0,143.82086,-12.179138
train,2,132,155.0,143.79855,-11.201447
train,2,133,154.0,143.82062,-10.179382
train,2,134,153.0,143.81123,-9.1887665
train,2,135,152.0,143.82674,-8.173264
train,2,136,151.0,143.4253,-7.574707
train,2,137,150.0,133.34167,-16.658325
train,2,138,149.0,135.46045,-13.539551
train,2,139,148.0,132.15826,-15.841736
train,2,140,147.0,117.77953,-29.220467
train,2,141,146.0,113.798744,-32.201256
train,2,142,145.0,112.43175,-32.568253
train,2,143,144.0,109.82184,-34.17816
train,2,144,143.0,116.56069,-26.439308
train,2,145,142.0,109.131874,-32.868126
train,2,146,141.0,108.66373,-32.336273
train,2,147,140.0,120.14414,-19.855858
train,2,148,139.0,114.90087,-24.099129
train,2,149,138.0,126.8508,-11.1492
train,2,150,137.0,109.93797,-27.062027
train,2,151,136.0,117.851234,-18.148766
train,2,152,135.0,113.56599,-21.434013
train,2,153,134.0,107.65708,-26.342918
train,2,154,133.0,108.5481,-24.451897
train,2,155,132.0,128.42294,-3.577057
train,2,156,131.0,127.54049,-3.4595108
train,2,157,130.0,106.39468,-23.605324
train,2,158,129.0,116.782875,-12.217125
train,2,159,128.0,108.06855,-19.93145
train,2,160,127.0,97.79365,-29.206352
train,2,161,126.0,109.12014,-16.87986
train,2,162,125.0,99.87127,-25.12873
train,2,163,124.0,97.155334,-26.844666
train,2,164,123.0,97.7165,-25.2835
train,2,165,122.0,101.43699,-20.563011
train,2,166,121.0,107.35459,-13.645409
train,2,167,120.0,107.15043,-12.849571
train,2,168,119.0,107.2291,-11.770897
train,2,169,118.0,106.26553,-11.734467
train,2,170,117.0,105.84101,-11.158989
train,2,171,116.0,97.938515,-18.061485
train,2,172,115.0,99.850296,-15.149704
train,2,173,114.0,102.82956,-11.170441
train,2,174,113.0,98.39895,-14.601051
train,2,175,112.0,103.94748,-8.052521
train,2,176,111.0,105.30872,-5.6912766
train,2,177,110.0,102.85448,-7.145523
train,2,178,109.0,94.36906,-14.630943
train,2,179,108.0,96.35029,-11.649712
train,2,180,107.0,90.77656,-16.223442
train,2,181,106.0,99.07658,-6.923424
train,2,182,105.0,100.48789,-4.512108
train,2,183,104.0,98.20609,-5.793907
train,2,184,103.0,93.83491,-9.165092
train,2,185,102.0,94.78682,-7.2131805
train,2,186,101.0,94.89417,-6.1058273
train,2,187,100.0,85.7093,-14.290703
train,2,188,99.0,86.74776,-12.252243
train,2,189,98.0,94.22555,-3.7744522
train,2,190,97.0,97.86132,0.8613205
train,2,191,96.0,108.471054,12.471054
train,2,192,95.0,99.66663,4.6666336
train,2,193,94.0,97.6162,3.6162033
train,2,194,93.0,87.098946,-5.9010544
train,2,195,92.0,81.38509,-10.614906
train,2,196,91.0,80.97155,-10.02845
train,2,197,90.0,79.1605,-10.8395
train,2,198,89.0,78.43556,-10.564438
train,2,199,88.0,74.008766,-13.991234
train,2,200,87.0,72.31155,-14.688454
train,2,201,86.0,72.036545,-13.963455
train,2,202,85.0,67.57963,-17.420372
train,2,203,84.0,58.27246,-25.72754
train,2,204,83.0,59.074455,-23.925545
train,2,205,82.0,57.47621,-24.523788
train,2,206,81.0,61.910183,-19.089817
train,2,207,80.0,65.40053,-14.599472
train,2,208,79.0,58.915882,-20.084118
train,2,209,78.0,57.78633,-20.213669
train,2,210,77.0,59.928234,-17.071766
train,2,211,76.0,62.55256,-13.447441
train,2,212,75.0,60.137615,-14.862385
train,2,213,74.0,65.76913,-8.230873
train,2,214,73.0,69.01949,-3.980507
train,2,215,72.0,64.72217,-7.277832
train,2,216,71.0,67.10936,-3.8906403
train,2,217,70.0,62.00481,-7.9951897
train,2,218,69.0,61.802467,-7.1975327
train,2,219,68.0,61.76666,-6.233341
train,2,220,67.0,64.23585,-2.7641525
train,2,221,66.0,65.33825,-0.6617508
train,2,222,65.0,63.948013,-1.0519867
train,2,223,64.0,58.9704,-5.029598
train,2,224,63.0,52.34989,-10.650108
train,2,225,62.0,51.439007,-10.560993
train,2,226,61.0,54.048897,-6.951103
train,2,227,60.0,55.943687,-4.0563126
train,2,228,59.0,56.64174,-2.358261
train,2,229,58.0,56.597233,-1.4027672
train,2,230,57.0,52.775757,-4.224243
train,2,231,56.0,54.388424,-1.6115761
train,2,232,55.0,51.16203,-3.8379707
train,2,233,54.0,53.70479,-0.2952118
train,2,234,53.0,53.437572,0.43757248
train,2,235,52.0,46.17799,-5.82201
train,2,236,51.0,44.61891,-6.3810883
train,2,237,50.0,43.290237,-6.7097626
train,2,238,49.0,40.188065,-8.811935
train,2,239,48.0,38.23717,-9.762829
train,2,240,47.0,43.6287,-3.3712997
train,2,241,46.0,40.5468,-5.4532013
train,2,242,45.0,42.955303,-2.0446968
train,2,243,44.0,42.795853,-1.2041473
train,2,244,43.0,40.868996,-2.1310043
train,2,245,42.0,41.171326,-0.8286743
train,2,246,41.0,40.703674,-0.29632568
train,2,247,40.0,39.215965,-0.7840347
train,2,248,39.0,34.956795,-4.0432053
train,2,249,38.0,31.558292,-6.4417076
train,2,250,37.0,30.497028,-6.5029716
train,2,251,36.0,30.317858,-5.6821423
train,2,252,35.0,29.282663,-5.7173367
train,2,253,34.0,29.985992,-4.0140076
train,2,254,33.0,26.991064,-6.008936
train,2,255,32.0,25.377842,-6.622158
train,2,256,31.0,30.88995,-0.1100502
train,2,257,30.0,30.51397,0.5139694
train,2,258,29.0,29.960997,0.9609966
train,2,259,28.0,28.210709,0.21070862
train,2,260,27.0,29.392977,2.3929768
train,2,261,26.0,28.881927,2.8819275
train,2,262,25.0,28.269524,3.2695236
train,2,263,24.0,29.775566,5.775566
train,2,264,23.0,24.45297,1.4529705
train,2,265,22.0,24.204096,2.2040958
train,2,266,21.0,26.918032,5.9180317
train,2,267,20.0,24.52305,4.5230503
train,2,268,19.0,24.150442,5.150442
train,2,269,18.0,20.237553,2.2375526
train,2,270,17.0,19.544552,2.5445518
train,2,271,16.0,10.94143,-5.05857
train,2,272,15.0,14.182017,-0.8179827
train,2,273,14.0,15.059255,1.0592546
train,2,274,13.0,14.064139,1.0641394
train,2,275,12.0,13.743554,1.7435541
train,2,276,11.0,10.529122,-0.47087765
train,2,277,10.0,8.444161,-1.5558386
train,2,278,9.0,7.306395,-1.693605
train,2,279,8.0,6.635422,-1.3645778
train,2,280,7.0,7.6876264,0.68762636
train,2,281,6.0,6.1152635,0.11526346
train,2,282,5.0,4.8098397,-0.19016027
train,2,283,4.0,3.9919782,-0.0080218315
train,2,284,3.0,3.258492,0.258492
train,2,285,2.0,4.3531957,2.3531957
train,2,286,1.0,4.384971,3.3849711
train,2,287,0.0,2.9582553,2.9582553
train,4,30,159.0,143.71155,-15.288452
train,4,31,158.0,143.80496,-14.195038
train,4,32,157.0,143.81532,-13.184677
train,4,33,156.0,143.75446,-12.245544
train,4,34,155.0,143.8009,-11.199097
train,4,35,154.0,143.80092,-10.199081
train,4,36,153.0,143.77197,-9.228027
train,4,37,152.0,143.79199,-8.208008
train,4,38,151.0,143.80618,-7.193817
train,4,39,150.0,143.7204,-6.279602
train,4,40,149.0,143.7156,-5.2843933
train,4,41,148.0,143.73788,-4.2621155
train,4,42,147.0,143.67255,-3.3274536
train,4,43,146.0,143.66525,-2.3347473
train,4,44,145.0,143.73878,-1.2612152
train,4,45,144.0,143.79968,-0.20031738
train,4,46,143.0,141.5747,-1.425293
train,4,47,142.0,143.47372,1.4737244
train,4,48,141.0,143.7797,2.7796936
train,4,49,140.0,143.75963,3.7596283
train,4,50,139.0,143.59933,4.5993347
train,4,51,138.0,143.81699,5.816986
train,4,52,137.0,143.73808,6.738083
train,4,53,136.0,143.80925,7.80925
train,4,54,135.0,143.76593,8.76593
train,4,55,134.0,143.81985,9.819855
train,4,56,133.0,143.81451,10.814514
train,4,57,132.0,143.79791,11.797913
train,4,58,131.0,143.77194,12.771942
train,4,59,130.0,143.78748,13.787476
train,4,60,129.0,143.82767,14.827667
train,4,61,128.0,143.81535,15.815353
train,4,62,127.0,143.81567,16.815674
train,4,63,126.0,143.78033,17.780334
train,4,64,125.0,143.80972,18.809723
train,4,65,124.0,143.82938,19.829376
train,4,66,123.0,143.79611,20.796112
train,4,67,122.0,143.81535,21.815353
train,4,68,121.0,143.80463,22.804626
train,4,69,120.0,143.68872,23.68872
train,4,70,119.0,143.80162,24.80162
train,4,71,118.0,143.6813,25.681305
train,4,72,117.0,143.79776,26.79776
train,4,73,116.0,143.74152,27.741516
train,4,74,115.0,143.62505,28.625046
train,4,75,114.0,143.73198,29.73198
train,4,76,113.0,143.62097,30.620972
train,4,77,112.0,143.69571,31.69571
train,4,78,111.0,143.788,32.787994
train,4,79,110.0,143.79025,33.790253
train,4,80,109.0,143.78232,34.78232
train,4,81,108.0,143.53967,35.539673
train,4,82,107.0,143.46751,36.467514
train,4,83,106.0,143.47852,37.478516
train,4,84,105.0,143.01082,38.01082
train,4,85,104.0,143.558,39.558
train,4,86,103.0,143.4954,40.495407
train,4,87,102.0,143.5794,41.579407
train,4,88,101.0,143.56519,42.565186
train,4,89,100.0,143.74823,43.74823
train,4,90,99.0,143.60947,44.609467
train,4,91,98.0,143.75064,45.75064
train,4,92,97.0,143.5645,46.5645
train,4,93,96.0,143.76035,47.760345
train,4,94,95.0,143.77272,48.77272
train,4,95,94.0,143.7754,49.775406
train,4,96,93.0,143.79721,50.79721
train,4,97,92.0,142.81708,50.817078
train,4,98,91.0,143.5998,52.599792
train,4,99,90.0,143.48926,53.489258
train,4,100,89.0,143.60736,54.60736
train,4,101,88.0,143.49467,55.494675
train,4,102,87.0,143.37534,56.375336
train,4,103,86.0,143.513,57.513
train,4,104,85.0,143.64821,58.64821
train,4,105,84.0,139.90709,55.90709
train,4,106,83.0,123.80433,40.80433
train,4,107,82.0,102.19355,20.19355
train,4,108,81.0,98.63445,17.634453
train,4,109,80.0,91.24789,11.247887
train,4,110,79.0,95.31762,16.31762
train,4,111,78.0,94.491234,16.491234
train,4,112,77.0,93.54809,16.548088
train,4,113,76.0,83.13569,7.135689
train,4,114,75.0,87.12389,12.123894
train,4,115,74.0,85.93566,11.935661
train,4,116,73.0,80.69747,7.6974716
train,4,117,72.0,76.72169,4.7216873
train,4,118,71.0,85.3872,14.387199
train,4,119,70.0,80.08076,10.080757
train,4,120,69.0,80.46938,11.469383
train,4,121,68.0,79.61837,11.61837
train,4,122,67.0,77.16279,10.162788
train,4,123,66.0,75.98115,9.981148
train,4,124,65.0,77.23449,12.234489
train,4,125,64.0,82.67942,18.67942
train,4,126,63.0,79.35708,16.357079
train,4,127,62.0,76.350296,14.350296
train,4,128,61.0,66.91492,5.914917
train,4,129,60.0,68.76533,8.765327
train,4,130,59.0,73.79946,14.799461
train,4,131,58.0,74.24258,16.242577
train,4,132,57.0,67.29111,10.291107
train,4,133,56.0,62.14629,6.14629
train,4,134,55.0,58.187702,3.1877022
train,4,135,54.0,56.981262,2.9812622
train,4,136,53.0,53.717735,0.7177353
train,4,137,52.0,51.54619,-0.45381165
train,4,138,51.0,54.55429,3.5542908
train,4,139,50.0,57.481487,7.4814873
train,4,140,49.0,55.77969,6.77969
train,4,141,48.0,53.06679,5.0667915
train,4,142,47.0,50.23359,3.2335892
train,4,143,46.0,51.60475,5.6047516
train,4,144,45.0,53.1903,8.1903
train,4,145,44.0,49.927197,5.9271965
train,4,146,43.0,46.915253,3.9152527
train,4,147,42.0,45.921387,3.9213867
train,4,148,41.0,46.956417,5.956417
train,4,149,40.0,43.469757,3.469757
train,4,150,39.0,41.82663,2.8266296
train,4,151,38.0,38.757114,0.7571144
train,4,152,37.0,41.186073,4.1860733
train,4,153,36.0,39.754364,3.754364
train,4,154,35.0,36.11302,1.1130219
train,4,155,34.0,33.95561,-0.044391632
train,4,156,33.0,35.59939,2.5993881
train,4,157,32.0,32.38373,0.38373184
train,4,158,31.0,32.392723,1.3927231
train,4,159,30.0,29.631351,-0.36864853
train,4,160,29.0,31.854578,2.854578
train,4,161,28.0,31.386238,3.386238
train,4,162,27.0,30.525932,3.5259323
train,4,163,26.0,31.91443,5.9144306
train,4,164,25.0,29.90258,4.9025803
train,4,165,24.0,26.418053,2.4180527
train,4,166,23.0,26.748375,3.748375
train,4,167,22.0,23.294674,1.2946739
train,4,168,21.0,23.067554,2.0675545
train,4,169,20.0,20.92953,0.9295292
train,4,170,19.0,18.267117,-0.73288345
train,4,171,18.0,17.377117,-0.62288284
train,4,172,17.0,16.446987,-0.55301285
train,4,173,16.0,16.976011,0.9760113
train,4,174,15.0,13.755708,-1.2442923
train,4,175,14.0,13.239814,-0.7601862
train,4,176,13.0,11.998808,-1.0011921
train,4,177,12.0,10.126834,-1.8731661
train,4,178,11.0,9.990678,-1.0093222
train,4,179,10.0,7.6266885,-2.3733115
train,4,180,9.0,6.778954,-2.221046
train,4,181,8.0,6.2372174,-1.7627826
train,4,182,7.0,6.627005,-0.3729949
train,4,183,6.0,3.3591084,-2.6408916
train,4,184,5.0,3.6391978,-1.3608022
train,4,185,4.0,3.7051282,-0.2948718
train,4,186,3.0,2.7221427,-0.2778573
train,4,187,2.0,2.3657174,0.3657174
train,4,188,1.0,0.7712046,-0.22879541
train,4,189,0.0,0.725886,0.725886
train,6,30,158.0,142.82623,-15.173767
train,6,31,157.0,142.78517,-14.2148285
train,6,32,156.0,142.83575,-13.164246
train,6,33,155.0,142.86673,-12.13327
train,6,34,154.0,142.3043,-11.695694
train,6,35,153.0,142.38068,-10.619324
train,6,36,152.0,141.8829,-10.117096
train,6,37,151.0,142.59018,-8.409821
train,6,38,150.0,142.7816,-7.218399
train,6,39,149.0,142.93947,-6.0605316
train,6,40,148.0,143.0531,-4.9468994
train,6,41,147.0,136.95381,-10.046188
train,6,42,146.0,139.14989,-6.850113
train,6,43,145.0,138.49811,-6.501892
train,6,44,144.0,136.18861,-7.811386
train,6,45,143.0,131.00708,-11.99292
train,6,46,142.0,125.04171,-16.95829
train,6,47,141.0,125.31069,-15.689308
train,6,48,140.0,130.06061,-9.939392
train,6,49,139.0,127.83829,-11.161713
train,6,50,138.0,108.85229,-29.147713
train,6,51,137.0,141.07294,4.072937
train,6,52,136.0,141.59625,5.5962524
train,6,53,135.0,142.5058,7.5057983
train,6,54,134.0,119.720726,-14.279274
train,6,55,133.0,135.06197,2.061966
train,6,56,132.0,141.15334,9.153336
train,6,57,131.0,142.0516,11.051605
train,6,58,130.0,141.5187,11.518707
train,6,59,129.0,139.77527,10.775269
train,6,60,128.0,141.63486,13.634857
train,6,61,127.0,135.51907,8.5190735
train,6,62,126.0,138.74039,12.740387
train,6,63,125.0,136.05579,11.055786
train,6,64,124.0,141.70111,17.70111
train,6,65,123.0,142.33194,19.33194
train,6,66,122.0,140.83736,18.837357
train,6,67,121.0,140.46585,19.46585
train,6,68,120.0,139.97726,19.977264
train,6,69,119.0,139.65506,20.65506
train,6,70,118.0,137.03336,19.033356
train,6,71,117.0,86.92953,-30.070473
train,6,72,116.0,127.957985,11.957985
train,6,73,115.0,116.229645,1.2296448
train,6,74,114.0,124.93203,10.93203
train,6,75,113.0,112.352005,-0.647995
train,6,76,112.0,122.13795,10.137947
train,6,77,111.0,117.09547,6.0954666
train,6,78,110.0,118.87898,8.878983
train,6,79,109.0,104.62297,-4.3770294
train,6,80,108.0,104.031364,-3.9686356
train,6,81,107.0,136.49464,29.494644
train,6,82,106.0,133.60294,27.602936
train,6,83,105.0,125.11551,20.115509
train,6,84,104.0,103.568504,-0.43149567
train,6,85,103.0,90.723045,-12.276955
train,6,86,102.0,94.80456,-7.195442
train,6,87,101.0,102.46145,1.4614487
train,6,88,100.0,107.71401,7.714012
train,6,89,99.0,98.90076,-0.099243164
train,6,90,98.0,89.10061,-8.899391
train,6,91,97.0,100.57189,3.5718918
train,6,92,96.0,94.79268,-1.2073212
train,6,93,95.0,89.84351,-5.1564865
train,6,94,94.0,93.59132,-0.40868378
train,6,95,93.0,98.28596,5.2859573
train,6,96,92.0,88.73205,-3.267952
train,6,97,91.0,90.394875,-0.6051254
train,6,98,90.0,89.074844,-0.92515564
train,6,99,89.0,83.54349,-5.4565125
train,6,100,88.0,86.760826,-1.2391739
train,6,101,87.0,77.30865,-9.691353
train,6,102,86.0,76.98269,-9.017311
train,6,103,85.0,71.37809,-13.62191
train,6,104,84.0,81.36967,-2.630333
train,6,105,83.0,77.93267,-5.0673294
train,6,106,82.0,76.98284,-5.0171585
train,6,107,81.0,79.55642,-1.4435806
train,6,108,80.0,77.0958,-2.9041977
train,6,109,79.0,80.16863,1.1686325
train,6,110,78.0,86.86102,8.861023
train,6,111,77.0,84.17632,7.176323
train,6,112,76.0,77.58796,1.5879593
train,6,113,75.0,74.53212,-0.46788025
train,6,114,74.0,75.634834,1.6348343
train,6,115,73.0,75.53697,2.536972
train,6,116,72.0,79.96751,7.9675064
train,6,117,71.0,76.00751,5.0075073
train,6,118,70.0,72.02973,2.0297318
train,6,119,69.0,65.7058,-3.294197
train,6,120,68.0,63.216354,-4.7836456
train,6,121,67.0,66.517456,-0.48254395
train,6,122,66.0,65.05223,-0.94776917
train,6,123,65.0,62.4439,-2.556099
train,6,124,64.0,58.161427,-5.8385735
train,6,125,63.0,64.77125,1.7712479
train,6,126,62.0,54.300125,-7.699875
train,6,127,61.0,54.837906,-6.162094
train,6,128,60.0,53.945,-6.0550003
train,6,129,59.0,57.03914,-1.9608612
train,6,130,58.0,55.40496,-2.5950394
train,6,131,57.0,50.54854,-6.451462
train,6,132,56.0,50.191574,-5.808426
train,6,133,55.0,48.06412,-6.9358788
train,6,134,54.0,47.02647,-6.97353
train,6,135,53.0,46.15502,-6.8449783
train,6,136,52.0,50.386932,-1.6130676
train,6,137,51.0,51.241543,0.24154282
train,6,138,50.0,52.11086,2.110859
train,6,139,49.0,53.589214,4.5892143
train,6,140,48.0,52.93289,4.932892
train,6,141,47.0,50.32031,3.3203087
train,6,142,46.0,45.68175,-0.31824875
train,6,143,45.0,46.134735,1.1347351
train,6,144,44.0,45.307125,1.3071251
train,6,145,43.0,46.16681,3.166809
train,6,146,42.0,41.357292,-0.6427078
train,6,147,41.0,40.79391,-0.20608902
train,6,148,40.0,36.019276,-3.9807243
train,6,149,39.0,34.044838,-4.955162
train,6,150,38.0,35.184906,-2.815094
train,6,151,37.0,36.9965,-0.003501892
train,6,152,36.0,35.28739,-0.71260834
train,6,153,35.0,35.049072,0.049072266
train,6,154,34.0,35.72331,1.7233086
train,6,155,33.0,33.786472,0.7864723
train,6,156,32.0,32.276356,0.27635574
train,6,157,31.0,33.291725,2.2917252
train,6,158,30.0,30.122154,0.122154236
train,6,159,29.0,32.90533,3.9053307
train,6,160,28.0,29.427505,1.4275055
train,6,161,27.0,26.997406,-0.0025939941
train,6,162,26.0,30.572506,4.572506
train,6,163,25.0,24.019018,-0.9809818
train,6,164,24.0,24.363712,0.3637123
train,6,165,23.0,21.829716,-1.1702843
train,6,166,22.0,22.183437,0.18343735
train,6,167,21.0,20.193394,-0.8066063
train,6,168,20.0,17.752281,-2.2477188
train,6,169,19.0,17.59757,-1.4024296
train,6,170,18.0,15.212084,-2.7879162
train,6,171,17.0,15.024028,-1.9759722
train,6,172,16.0,13.755361,-2.2446394
train,6,173,15.0,13.317353,-1.6826468
train,6,174,14.0,12.609893,-1.3901072
train,6,175,13.0,11.738306,-1.261694
train,6,176,12.0,10.561376,-1.4386244
train,6,177,11.0,11.087204,0.08720398
train,6,178,10.0,9.76531,-0.23468971
train,6,179,9.0,5.23502,-3.7649798
train,6,180,8.0,5.7171845,-2.2828155
train,6,181,7.0,4.5001683,-2.4998317
train,6,182,6.0,3.5873075,-2.4126925
train,6,183,5.0,6.39099,1.3909898
train,6,184,4.0,5.7486806,1.7486806
train,6,185,3.0,4.004725,1.004725
train,6,186,2.0,0.48487437,-1.5151256
train,6,187,1.0,1.4060484,0.40604842
train,6,188,0.0,-0.18020284,-0.18020284
train,7,30,229.0,134.97815,-94.02185
train,7,31,228.0,138.0408,-89.9592
train,7,32,227.0,142.0265,-84.973495
train,7,33,226.0,143.36966,-82.63034
train,7,34,225.0,143.2612,-81.7388
train,7,35,224.0,142.56418,-81.43582
train,7,36,223.0,137.87009,-85.12991
train,7,37,222.0,143.4817,-78.518295
train,7,38,221.0,140.57056,-80.42944
train,7,39,220.0,134.85481,-85.14519
train,7,40,219.0,134.95232,-84.04768
train,7,41,218.0,129.7314,-88.2686
train,7,42,217.0,141.71254,-75.28746
train,7,43,216.0,143.34334,-72.65666
train,7,44,215.0,142.74066,-72.25934
train,7,45,214.0,139.65533,-74.344666
train,7,46,213.0,142.39148,-70.60852
train,7,47,212.0,143.2029,-68.797104
train,7,48,211.0,143.73817,-67.261826
train,7,49,210.0,143.76309,-66.23691
train,7,50,209.0,143.79196,-65.20804
train,7,51,208.0,143.70876,-64.291245
train,7,52,207.0,143.64658,-63.353424
train,7,53,206.0,143.79008,-62.209915
train,7,54,205.0,143.37839,-61.621613
train,7,55,204.0,143.30463,-60.695374
train,7,56,203.0,142.40912,-60.59088
train,7,57,202.0,143.07306,-58.92694
train,7,58,201.0,142.32822,-58.671783
train,7,59,200.0,137.85172,-62.148285
train,7,60,199.0,127.65652,-71.34348
train,7,61,198.0,135.5433,-62.456696
train,7,62,197.0,137.13144,-59.86856
train,7,63,196.0,139.96803,-56.031967
train,7,64,195.0,139.24435,-55.755646
train,7,65,194.0,143.19135,-50.808655
train,7,66,193.0,143.6633,-49.3367
train,7,67,192.0,143.75375,-48.246246
train,7,68,191.0,143.76962,-47.230377
train,7,69,190.0,141.91214,-48.08786
train,7,70,189.0,143.71747,-45.28253
train,7,71,188.0,143.77745,-44.22255
train,7,72,187.0,143.78004,-43.219955
train,7,73,186.0,143.7751,-42.2249
train,7,74,185.0,143.73436,-41.26564
train,7,75,184.0,143.80399,-40.196014
train,7,76,183.0,143.78593,-39.214066
train,7,77,182.0,143.58517,-38.414825
train,7,78,181.0,143.48288,-37.51712
train,7,79,180.0,143.68251,-36.31749
train,7,80,179.0,143.04373,-35.95627
train,7,81,178.0,142.00487,-35.995132
train,7,82,177.0,140.80614,-36.193863
train,7,83,176.0,135.94685,-40.053146
train,7,84,175.0,139.5659,-35.434097
train,7,85,174.0,142.89919,-31.100815
train,7,86,173.0,142.30756,-30.692444
train,7,87,172.0,135.38843,-36.611572
train,7,88,171.0,139.51596,-31.48404
train,7,89,170.0,137.63214,-32.36786
train,7,90,169.0,135.8214,-33.178604
train,7,91,168.0,119.77117,-48.22883
train,7,92,167.0,140.19685,-26.803146
train,7,93,166.0,119.89933,-46.10067
train,7,94,165.0,110.91688,-54.083122
train,7,95,164.0,121.19147,-42.808533
train,7,96,163.0,130.17038,-32.82962
train,7,97,162.0,138.8114,-23.188599
train,7,98,161.0,140.06866,-20.931335
train,7,99,160.0,121.623344,-38.376656
train,7,100,159.0,118.07131,-40.928688
train,7,101,158.0,120.27838,-37.72162
train,7,102,157.0,130.47282,-26.527176
train,7,103,156.0,134.02698,-21.973022
train,7,104,155.0,121.647766,-33.352234
train,7,105,154.0,105.73585,-48.264153
train,7,106,153.0,113.96298,-39.037018
train,7,107,152.0,122.92843,-29.071571
train,7,108,151.0,123.301445,-27.698555
train,7,109,150.0,125.47973,-24.520271
train,7,110,149.0,117.17212,-31.82788
train,7,111,148.0,119.48709,-28.512909
train,7,112,147.0,123.8169,-23.183098
train,7,113,146.0,131.53867,-14.461334
train,7,114,145.0,130.46756,-14.53244
train,7,115,144.0,117.55092,-26.449081
train,7,116,143.0,112.621216,-30.378784
train,7,117,142.0,123.00539,-18.994614
train,7,118,141.0,120.38932,-20.61068
train,7,119,140.0,114.64319,-25.356812
train,7,120,139.0,117.49005,-21.509949
train,7,121,138.0,124.26754,-13.73246
train,7,122,137.0,118.48192,-18.518082
train,7,123,136.0,107.84667,-28.153328
train,7,124,135.0,103.23645,-31.76355
train,7,125,134.0,98.5559,-35.4441
train,7,126,133.0,102.73626,-30.26374
train,7,127,132.0,105.98975,-26.010246
train,7,128,131.0,116.15162,-14.848381
train,7,129,130.0,117.23146,-12.768539
train,7,130,129.0,118.66362,-10.33638
train,7,131,128.0,128.20811,0.20811462
train,7,132,127.0,118.26539,-8.7346115
train,7,133,126.0,103.39508,-22.60492
train,7,134,125.0,107.423,-17.577003
train,7,135,124.0,107.42516,-16.574837
train,7,136,123.0,102.73258,-20.267418
train,7,137,122.0,101.00718,-20.99282
train,7,138,121.0,98.82287,-22.177132
train,7,139,120.0,104.39451,-15.605492
train,7,140,119.0,102.58396,-16.416039
train,7,141,118.0,109.66125,-8.338753
train,7,142,117.0,112.17829,-4.8217087
train,7,143,116.0,114.84205,-1.1579514
train,7,144,115.0,115.53588,0.53588104
train,7,145,114.0,120.047615,6.047615
train,7,146,113.0,124.96478,11.964783
train,7,147,112.0,110.53768,-1.4623184
train,7,148,111.0,102.68446,-8.3155365
train,7,149,110.0,97.23698,-12.763023
train,7,150,109.0,86.72836,-22.271637
train,7,151,108.0,89.91293,-18.087067
train,7,152,107.0,91.470055,-15.529945
train,7,153,106.0,83.57131,-22.428688
train,7,154,105.0,77.044136,-27.955864
train,7,155,104.0,78.96847,-25.031532
train,7,156,103.0,81.453514,-21.546486
train,7,157,102.0,83.29564,-18.704361
train,7,158,101.0,83.03629,-17.963707
train,7,159,100.0,79.02169,-20.97831
train,7,160,99.0,91.96426,-7.0357437
train,7,161,98.0,96.048325,-1.9516754
train,7,162,97.0,85.72228,-11.277718
train,7,163,96.0,75.375786,-20.624214
train,7,164,95.0,77.68755,-17.312447
train,7,165,94.0,81.443375,-12.556625
train,7,166,93.0,79.836235,-13.163765
train,7,167,92.0,74.965225,-17.034775
train,7,168,91.0,70.8824,-20.1176
train,7,169,90.0,78.685196,-11.314804
train,7,170,89.0,92.73649,3.7364883
train,7,171,88.0,88.74885,0.74884796
train,7,172,87.0,78.40129,-8.598709
train,7,173,86.0,74.438545,-11.561455
train,7,174,85.0,77.836266,-7.1637344
train,7,175,84.0,70.95703,-13.042969
train,7,176,83.0,67.4954,-15.504601
train,7,177,82.0,69.23609,-12.763908
train,7,178,81.0,68.76562,-12.234383
train,7,179,80.0,67.54707,-12.452927
train,7,180,79.0,69.860855,-9.139145
train,7,181,78.0,69.02962,-8.970383
train,7,182,77.0,72.352104,-4.647896
train,7,183,76.0,74.53596,-1.4640427
train,7,184,75.0,75.52628,0.52628326
train,7,185,74.0,75.98512,1.9851227
train,7,186,73.0,74.75792,1.7579193
train,7,187,72.0,68.66804,-3.3319626
train,7,188,71.0,60.436756,-10.563244
train,7,189,70.0,59.233807,-10.766193
train,7,190,69.0,60.24644,-8.753559
train,7,191,68.0,52.09241,-15.907589
train,7,192,67.0,55.730072,-11.269928
train,7,193,66.0,58.482277,-7.517723
train,7,194,65.0,58.32413,-6.675869
train,7,195,64.0,56.27256,-7.72744
train,7,196,63.0,49.728485,-13.271515
train,7,197,62.0,48.227715,-13.772285
train,7,198,61.0,47.601315,-13.398685
train,7,199,60.0,51.108482,-8.891518
train,7,200,59.0,54.223145,-4.7768555
train,7,201,58.0,56.26895,-1.7310486
train,7,202,57.0,57.111942,0.11194229
train,7,203,56.0,52.49918,-3.5008202
train,7,204,55.0,53.854195,-1.1458054
train,7,205,54.0,77.42651,23.426514
train,7,206,53.0,79.668175,26.668175
train,7,207,52.0,71.82129,19.82129
train,7,208,51.0,65.99482,14.99482
train,7,209,50.0,53.82707,3.8270683
train,7,210,49.0,56.178432,7.1784325
train,7,211,48.0,55.58074,7.580742
train,7,212,47.0,52.30236,5.3023605
train,7,213,46.0,46.845734,0.84573364
train,7,214,45.0,45.018097,0.018096924
train,7,215,44.0,52.84931,8.849312
train,7,216,43.0,48.46412,5.464119
train,7,217,42.0,42.95643,0.9564285
train,7,218,41.0,38.69472,-2.3052788
train,7,219,40.0,35.3556,-4.6444016
train,7,220,39.0,37.201515,-1.7984848
train,7,221,38.0,33.707287,-4.292713
train,7,222,37.0,35.494545,-1.505455
train,7,223,36.0,34.595936,-1.4040642
train,7,224,35.0,30.306501,-4.6934986
train,7,225,34.0,33.82133,-0.17866898
train,7,226,33.0,31.882055,-1.1179447
train,7,227,32.0,28.13326,-3.8667393
train,7,228,31.0,33.687176,2.6871758
train,7,229,30.0,29.473555,-0.5264454
train,7,230,29.0,33.415596,4.415596
train,7,231,28.0,28.714348,0.71434784
train,7,232,27.0,25.914476,-1.0855236
train,7,233,26.0,25.35085,-0.64915085
train,7,234,25.0,20.884611,-4.115389
train,7,235,24.0,21.21935,-2.7806492
train,7,236,23.0,26.835665,3.8356647
train,7,237,22.0,27.953497,5.953497
train,7,238,21.0,31.452398,10.452398
train,7,239,20.0,28.962772,8.962772
train,7,240,19.0,23.17416,4.17416
train,7,241,18.0,18.070326,0.07032585
train,7,242,17.0,19.859402,2.8594017
train,7,243,16.0,16.350393,0.3503933
train,7,244,15.0,14.345153,-0.65484715
train,7,245,14.0,13.483087,-0.5169134
train,7,246,13.0,10.721979,-2.2780209
train,7,247,12.0,9.142946,-2.8570538
train,7,248,11.0,8.936738,-2.063262
train,7,249,10.0,9.803713,-0.19628716
train,7,250,9.0,8.8195,-0.18050003
train,7,251,8.0,8.847865,0.8478651
train,7,252,7.0,4.34843,-2.6515698
train,7,253,6.0,5.5730042,-0.42699575
train,7,254,5.0,5.5943646,0.59436464
train,7,255,4.0,6.18984,2.1898398
train,7,256,3.0,7.626599,4.626599
train,7,257,2.0,1.5124203,-0.4875797
train,7,258,1.0,3.182075,2.182075
train,7,259,0.0,4.1320405,4.1320405
train,8,30,120.0,141.79956,21.79956
train,8,31,119.0,142.40094,23.40094
train,8,32,118.0,140.24442,22.244415
train,8,33,117.0,141.22957,24.229568
train,8,34,116.0,141.37427,25.374268
train,8,35,115.0,141.64642,26.646423
train,8,36,114.0,141.71472,27.714722
train,8,37,113.0,142.38197,29.381973
train,8,38,112.0,142.58612,30.58612
train,8,39,111.0,142.25598,31.255981
train,8,40,110.0,142.17899,32.178986
train,8,41,109.0,133.9981,24.998093
train,8,42,108.0,97.76894,-10.231056
train,8,43,107.0,141.30719,34.30719
train,8,44,106.0,101.7459,-4.254097
train,8,45,105.0,108.749405,3.749405
train,8,46,104.0,123.97606,19.976059
train,8,47,103.0,105.04876,2.0487595
train,8,48,102.0,101.70599,-0.29400635
train,8,49,101.0,95.54422,-5.45578
train,8,50,100.0,87.72851,-12.271492
train,8,51,99.0,76.73254,-22.267464
train,8,52,98.0,76.14391,-21.856087
train,8,53,97.0,82.585945,-14.414055
train,8,54,96.0,88.90634,-7.0936584
train,8,55,95.0,87.285065,-7.7149353
train,8,56,94.0,116.42898,22.428978
train,8,57,93.0,107.884865,14.884865
train,8,58,92.0,104.486824,12.486824
train,8,59,91.0,97.3832,6.3832016
train,8,60,90.0,101.82621,11.82621
train,8,61,89.0,124.42816,35.42816
train,8,62,88.0,101.984344,13.9843445
train,8,63,87.0,86.22513,-0.7748718
train,8,64,86.0,75.82531,-10.17469
train,8,65,85.0,67.76658,-17.233421
train,8,66,84.0,62.641895,-21.358105
train,8,67,83.0,57.384342,-25.615658
train,8,68,82.0,62.88767,-19.112331
train,8,69,81.0,65.08531,-15.914688
train,8,70,80.0,67.675095,-12.324905
train,8,71,79.0,80.238686,1.2386856
train,8,72,78.0,84.83498,6.834976
train,8,73,77.0,83.43006,6.4300613
train,8,74,76.0,86.693665,10.693665
train,8,75,75.0,94.55298,19.552979
train,8,76,74.0,96.730675,22.730675
train,8,77,73.0,88.53459,15.534592
train,8,78,72.0,84.44859,12.448593
train,8,79,71.0,79.20002,8.20002
train,8,80,70.0,74.556984,4.556984
train,8,81,69.0,68.886055,-0.11394501
train,8,82,68.0,65.85088,-2.1491165
train,8,83,67.0,69.067,2.0670013
train,8,84,66.0,70.12129,4.121292
train,8,85,65.0,68.663506,3.6635056
train,8,86,64.0,65.49439,1.4943924
train,8,87,63.0,60.74252,-2.2574806
train,8,88,62.0,53.192154,-8.807846
train,8,89,61.0,57.172585,-3.8274155
train,8,90,60.0,53.328606,-6.6713943
train,8,91,59.0,57.59924,-1.4007607
train,8,92,58.0,59.651028,1.6510277
train,8,93,57.0,67.0994,10.099403
train,8,94,56.0,62.89285,6.892849
train,8,95,55.0,59.187668,4.187668
train,8,96,54.0,59.85514,5.8551407
train,8,97,53.0,60.185326,7.1853256
train,8,98,52.0,58.263695,6.263695
train,8,99,51.0,54.80178,3.8017807
train,8,100,50.0,56.150764,6.1507645
train,8,101,49.0,49.23523,0.23522949
train,8,102,48.0,49.7114,1.7113991
train,8,103,47.0,53.729607,6.7296066
train,8,104,46.0,51.590057,5.5900574
train,8,105,45.0,55.698772,10.698772
train,8,106,44.0,53.738625,9.738625
train,8,107,43.0,53.613213,10.613213
train,8,108,42.0,53.622322,11.622322
train,8,109,41.0,54.109245,13.109245
train,8,110,40.0,51.87923,11.8792305
train,8,111,39.0,50.35511,11.35511
train,8,112,38.0,47.674152,9.674152
train,8,113,37.0,47.04256,10.042561
train,8,114,36.0,47.938858,11.938858
train,8,115,35.0,48.579666,13.579666
train,8,116,34.0,46.1592,12.159199
train,8,117,33.0,42.39275,9.39275
train,8,118,32.0,41.06079,9.060791
train,8,119,31.0,42.367153,11.367153
train,8,120,30.0,39.589046,9.5890465
train,8,121,29.0,36.75756,7.7575607
train,8,122,28.0,34.119694,6.1196938
train,8,123,27.0,32.1255,5.1254997
train,8,124,26.0,28.778368,2.778368
train,8,125,25.0,27.663597,2.663597
train,8,126,24.0,24.438162,0.43816185
train,8,127,23.0,25.360785,2.3607845
train,8,128,22.0,25.626404,3.6264038
train,8,129,21.0,24.004562,3.0045624
train,8,130,20.0,21.388897,1.388897
train,8,131,19.0,17.819107,-1.180893
train,8,132,18.0,14.74819,-3.25181
train,8,133,17.0,13.813691,-3.1863089
train,8,134,16.0,12.421273,-3.5787268
train,8,135,15.0,13.175378,-1.8246222
train,8,136,14.0,14.552886,0.552886
train,8,137,13.0,12.29423,-0.70576954
train,8,138,12.0,13.461426,1.4614258
train,8,139,11.0,14.869754,3.8697538
train,8,140,10.0,14.927089,4.9270887
train,8,141,9.0,15.223261,6.223261
train,8,142,8.0,11.043296,3.0432959
train,8,143,7.0,7.124561,0.12456083
train,8,144,6.0,8.575937,2.5759373
train,8,145,5.0,8.466851,3.4668512
train,8,146,4.0,5.7702737,1.7702737
train,8,147,3.0,4.104069,1.1040692
train,8,148,2.0,3.339023,1.3390231
train,8,149,1.0,3.128592,2.128592
train,8,150,0.0,1.9644867,1.9644867
train,9,30,171.0,143.78758,-27.212418
train,9,31,170.0,143.79971,-26.200287
train,9,32,169.0,143.81969,-25.180313
train,9,33,168.0,143.7897,-24.210297
train,9,34,167.0,143.81845,-23.18155
train,9,35,166.0,143.82018,-22.179825
train,9,36,165.0,143.81766,-21.182343
train,9,37,164.0,143.82074,-20.17926
train,9,38,163.0,143.79726,-19.202744
train,9,39,162.0,143.81944,-18.180557
train,9,40,161.0,143.78226,-17.217743
train,9,41,160.0,143.82654,-16.173462
train,9,42,159.0,143.8196,-15.180405
train,9,43,158.0,143.78564,-14.214355
train,9,44,157.0,143.82234,-13.177658
train,9,45,156.0,143.82321,-12.176788
train,9,46,155.0,143.82774,-11.172256
train,9,47,154.0,143.82158,-10.178421
train,9,48,153.0,143.81042,-9.189575
train,9,49,152.0,143.83096,-8.169037
train,9,50,151.0,143.82388,-7.176117
train,9,51,150.0,143.78111,-6.2188873
train,9,52,149.0,143.575,-5.425003
train,9,53,148.0,143.82123,-4.178772
train,9,54,147.0,143.72992,-3.2700806
train,9,55,146.0,143.81969,-2.180313
train,9,56,145.0,143.83029,-1.1697083
train,9,57,144.0,143.82494,-0.17506409
train,9,58,143.0,143.62424,0.62423706
train,9,59,142.0,143.76947,1.7694702
train,9,60,141.0,143.80827,2.8082733
train,9,61,140.0,143.81651,3.816513
train,9,62,139.0,143.77962,4.7796173
train,9,63,138.0,143.79533,5.795334
train,9,64,137.0,143.34674,6.3467407
train,9,65,136.0,129.72728,-6.2727203
train,9,66,135.0,139.75131,4.7513123
train,9,67,134.0,136.41641,2.4164124
train,9,68,133.0,142.41086,9.410858
train,9,69,132.0,142.76724,10.767242
train,9,70,131.0,143.6926,12.692596
train,9,71,130.0,143.74994,13.749939
train,9,72,129.0,141.25351,12.2535095
train,9,73,128.0,127.28311,-0.7168884
train,9,74,127.0,124.91734,-2.0826569
train,9,75,126.0,120.60934,-5.390663
train,9,76,125.0,125.14716,0.14716339
train,9,77,124.0,133.87195,9.871948
train,9,78,123.0,142.65588,19.655884
train,9,79,122.0,142.97147,20.971466
train,9,80,121.0,143.43245,22.43245
train,9,81,120.0,141.17677,21.176773
train,9,82,119.0,129.82306,10.823059
train,9,83,118.0,130.63724,12.637238
train,9,84,117.0,125.22283,8.222832
train,9,85,116.0,124.218666,8.218666
train,9,86,115.0,125.26834,10.268341
train,9,87,114.0,134.5286,20.528595
train,9,88,113.0,135.79584,22.795837
train,9,89,112.0,140.42276,28.42276
train,9,90,111.0,142.26718,31.267181
train,9,91,110.0,143.31877,33.31877
train,9,92,109.0,141.81808,32.818085
train,9,93,108.0,141.61478,33.614777
train,9,94,107.0,142.42572,35.42572
train,9,95,106.0,141.57875,35.57875
train,9,96,105.0,142.05717,37.057175
train,9,97,104.0,143.40173,39.401733
train,9,98,103.0,143.68726,40.687256
train,9,99,102.0,143.653,41.653
train,9,100,101.0,143.30963,42.30963
train,9,101,100.0,142.79813,42.798126
train,9,102,99.0,137.93625,38.93625
train,9,103,98.0,135.8419,37.841904
train,9,104,97.0,131.02017,34.020172
train,9,105,96.0,104.35607,8.356071
train,9,106,95.0,86.186935,-8.813065
train,9,107,94.0,82.328896,-11.671104
train,9,108,93.0,79.33346,-13.666542
train,9,109,92.0,76.665,-15.334999
train,9,110,91.0,83.28489,-7.715111
train,9,111,90.0,82.269714,-7.7302856
train,9,112,89.0,74.69564,-14.304359
train,9,113,88.0,74.305336,-13.694664
train,9,114,87.0,72.133575,-14.866425
train,9,115,86.0,72.84919,-13.15081
train,9,116,85.0,74.407326,-10.592674
train,9,117,84.0,76.683136,-7.316864
train,9,118,83.0,73.53983,-9.460167
train,9,119,82.0,72.333206,-9.666794
train,9,120,81.0,76.04293,-4.9570694
train,9,121,80.0,74.87643,-5.1235733
train,9,122,79.0,67.29701,-11.702988
train,9,123,78.0,68.17599,-9.824013
train,9,124,77.0,68.05308,-8.946922
train,9,125,76.0,68.77807,-7.2219315
train,9,126,75.0,69.28446,-5.715538
train,9,127,74.0,71.89956,-2.100441
train,9,128,73.0,69.32139,-3.6786118
train,9,129,72.0,68.18,-3.8199997
train,9,130,71.0,67.97971,-3.0202866
train,9,131,70.0,66.29909,-3.7009125
train,9,132,69.0,63.331116,-5.6688843
train,9,133,68.0,65.11153,-2.8884735
train,9,134,67.0,63.55503,-3.4449692
train,9,135,66.0,63.798687,-2.201313
train,9,136,65.0,59.5259,-5.474098
train,9,137,64.0,59.89646,-4.1035385
train,9,138,63.0,61.507263,-1.4927368
train,9,139,62.0,58.787323,-3.212677
train,9,140,61.0,60.729042,-0.27095795
train,9,141,60.0,64.487434,4.4874344
train,9,142,59.0,61.35187,2.3518715
train,9,143,58.0,61.288513,3.2885132
train,9,144,57.0,57.95505,0.9550514
train,9,145,56.0,58.170174,2.1701736
train,9,146,55.0,58.95311,3.9531097
train,9,147,54.0,60.87649,6.8764915
train,9,148,53.0,54.971237,1.9712372
train,9,149,52.0,57.99314,5.993141
train,9,150,51.0,56.3033,5.303299
train,9,151,50.0,56.4405,6.4404984
train,9,152,49.0,53.507164,4.507164
train,9,153,48.0,49.558685,1.5586853
train,9,154,47.0,45.49655,-1.5034485
train,9,155,46.0,45.579,-0.42100143
train,9,156,45.0,46.107353,1.1073532
train,9,157,44.0,45.48588,1.4858818
train,9,158,43.0,48.59538,5.595379
train,9,159,42.0,51.167,9.167
train,9,160,41.0,47.25045,6.25045
train,9,161,40.0,46.61495,6.6149483
train,9,162,39.0,43.107246,4.1072464
train,9,163,38.0,41.138855,3.138855
train,9,164,37.0,41.416054,4.416054
train,9,165,36.0,37.590893,1.5908928
train,9,166,35.0,38.18279,3.1827888
train,9,167,34.0,34.328796,0.3287964
train,9,168,33.0,32.39127,-0.6087303
train,9,169,32.0,32.095436,0.095436096
train,9,170,31.0,27.084757,-3.9152431
train,9,171,30.0,26.511673,-3.488327
train,9,172,29.0,26.911633,-2.0883675
train,9,173,28.0,27.061201,-0.9387989
train,9,174,27.0,24.309845,-2.690155
train,9,175,26.0,24.090033,-1.9099674
train,9,176,25.0,22.088345,-2.9116554
train,9,177,24.0,21.523413,-2.4765873
train,9,178,23.0,20.038063,-2.961937
train,9,179,22.0,20.678167,-1.3218327
train,9,180,21.0,19.657736,-1.3422642
train,9,181,20.0,20.986595,0.98659515
train,9,182,19.0,19.047764,0.047763824
train,9,183,18.0,18.356441,0.3564415
train,9,184,17.0,16.594585,-0.40541458
train,9,185,16.0,14.208113,-1.7918873
train,9,186,15.0,12.465436,-2.534564
train,9,187,14.0,11.936011,-2.0639887
train,9,188,13.0,11.423229,-1.5767708
train,9,189,12.0,9.081746,-2.918254
train,9,190,11.0,11.770267,0.77026653
train,9,191,10.0,11.724635,1.7246351
train,9,192,9.0,10.953426,1.9534264
train,9,193,8.0,9.284102,1.2841024
train,9,194,7.0,8.812817,1.8128166
train,9,195,6.0,8.1265,2.1265001
train,9,196,5.0,6.3651958,1.3651958
train,9,197,4.0,6.833648,2.8336482
train,9,198,3.0,3.729095,0.729095
train,9,199,2.0,6.1482453,4.1482453
train,9,200,1.0,4.29896,3.2989602
train,9,201,0.0,2.6842933,2.6842933
train,10,30,192.0,143.82425,-48.17575
train,10,31,191.0,143.82307,-47.176926
train,10,32,190.0,143.8111,-46.188904
train,10,33,189.0,143.83084,-45.16916
train,10,34,188.0,143.83408,-44.165924
train,10,35,187.0,143.81421,-43.18579
train,10,36,186.0,143.81824,-42.181763
train,10,37,185.0,143.82918,-41.170822
train,10,38,184.0,143.79065,-40.20935
train,10,39,183.0,143.81213,-39.187866
train,10,40,182.0,143.82661,-38.173386
train,10,41,181.0,143.81601,-37.18399
train,10,42,180.0,143.81738,-36.182617
train,10,43,179.0,143.82626,-35.173737
train,10,44,178.0,143.8251,-34.174896
train,10,45,177.0,143.82085,-33.179153
train,10,46,176.0,143.81241,-32.18759
train,10,47,175.0,143.8264,-31.1736
train,10,48,174.0,143.82306,-30.17694
train,10,49,173.0,143.82648,-29.173523
train,10,50,172.0,143.81792,-28.182083
train,10,51,171.0,143.82512,-27.174881
train,10,52,170.0,143.82535,-26.174652
train,10,53,169.0,143.81631,-25.183685
train,10,54,168.0,143.83038,-24.169617
train,10,55,167.0,143.82837,-23.17163
train,10,56,166.0,143.8085,-22.191498
train,10,57,165.0,143.82709,-21.172913
train,10,58,164.0,143.83286,-20.167145
train,10,59,163.0,143.81801,-19.181992
train,10,60,162.0,143.81805,-18.181946
train,10,61,161.0,143.77133,-17.228668
train,10,62,160.0,143.82271,-16.177292
train,10,63,159.0,143.82443,-15.175568
train,10,64,158.0,143.80893,-14.191071
train,10,65,157.0,143.83041,-13.169586
train,10,66,156.0,143.81735,-12.182648
train,10,67,155.0,143.80954,-11.19046
train,10,68,154.0,143.82272,-10.177277
train,10,69,153.0,143.8296,-9.170395
train,10,70,152.0,143.82549,-8.174515
train,10,71,151.0,143.82814,-7.1718597
train,10,72,150.0,143.82085,-6.1791534
train,10,73,149.0,143.82126,-5.1787415
train,10,74,148.0,143.83115,-4.1688538
train,10,75,147.0,143.73691,-3.263092
train,10,76,146.0,143.82254,-2.1774597
train,10,77,145.0,143.83063,-1.1693726
train,10,78,144.0,143.82898,-0.17102051
train,10,79,143.0,143.83311,0.8331146
train,10,80,142.0,143.83089,1.8308868
train,10,81,141.0,143.81403,2.8140259
train,10,82,140.0,143.83151,3.8315125
train,10,83,139.0,143.81876,4.818756
train,10,84,138.0,143.8309,5.830902
train,10,85,137.0,143.83078,6.83078
train,10,86,136.0,143.82732,7.8273163
train,10,87,135.0,143.83379,8.833786
train,10,88,134.0,143.81166,9.811661
train,10,89,133.0,143.81522,10.815216
train,10,90,132.0,143.81084,11.810837
train,10,91,131.0,143.82858,12.828583
train,10,92,130.0,143.82846,13.828461
train,10,93,129.0,143.8203,14.820297
train,10,94,128.0,143.83069,15.830688
train,10,95,127.0,143.82996,16.829956
train,10,96,126.0,143.82442,17.824417
train,10,97,125.0,143.50648,18.506485
train,10,98,124.0,109.08435,-14.915649
train,10,99,123.0,114.027885,-8.972115
train,10,100,122.0,118.218735,-3.7812653
train,10,101,121.0,118.56014,-2.4398575
train,10,102,120.0,123.71869,3.718689
train,10,103,119.0,128.17787,9.177872
train,10,104,118.0,139.12793,21.12793
train,10,105,117.0,143.11452,26.114517
train,10,106,116.0,143.72949,27.729492
train,10,107,115.0,143.79132,28.79132
train,10,108,114.0,143.79263,29.792633
train,10,109,113.0,143.79709,30.797089
train,10,110,112.0,143.82092,31.820923
train,10,111,111.0,143.80185,32.80185
train,10,112,110.0,143.77243,33.77243
train,10,113,109.0,143.80612,34.80612
train,10,114,108.0,108.98435,0.9843521
train,10,115,107.0,103.243546,-3.7564545
train,10,116,106.0,97.48758,-8.512421
train,10,117,105.0,95.99542,-9.004578
train,10,118,104.0,90.22513,-13.774872
train,10,119,103.0,87.32227,-15.677727
train,10,120,102.0,85.78211,-16.217888
train,10,121,101.0,88.031876,-12.968124
train,10,122,100.0,87.81588,-12.18412
train,10,123,99.0,89.02483,-9.975166
train,10,124,98.0,94.72593,-3.2740707
train,10,125,97.0,96.2977,-0.702301
train,10,126,96.0,92.43896,-3.5610428
train,10,127,95.0,89.954185,-5.0458145
train,10,128,94.0,86.0691,-7.9309006
train,10,129,93.0,81.852905,-11.147095
train,10,130,92.0,79.782745,-12.217255
train,10,131,91.0,83.70689,-7.2931137
train,10,132,90.0,85.049736,-4.950264
train,10,133,89.0,83.84626,-5.15374
train,10,134,88.0,80.78686,-7.2131424
train,10,135,87.0,81.64138,-5.3586197
train,10,136,86.0,82.03554,-3.9644623
train,10,137,85.0,81.393394,-3.6066055
train,10,138,84.0,83.34629,-0.6537094
train,10,139,83.0,83.36527,0.36527252
train,10,140,82.0,83.79568,1.7956772
train,10,141,81.0,77.766335,-3.2336655
train,10,142,80.0,78.254,-1.7460022
train,10,143,79.0,81.40988,2.4098816
train,10,144,78.0,82.21905,4.2190475
train,10,145,77.0,82.5463,5.546303
train,10,146,76.0,83.76428,7.764282
train,10,147,75.0,82.84112,7.841118
train,10,148,74.0,76.394745,2.3947449
train,10,149,73.0,78.017296,5.017296
train,10,150,72.0,84.72018,12.720177
train,10,151,71.0,84.83182,13.831818
train,10,152,70.0,78.10055,8.100548
train,10,153,69.0,78.161995,9.161995
train,10,154,68.0,81.887,13.887001
train,10,155,67.0,79.30139,12.301392
train,10,156,66.0,70.55158,4.5515823
train,10,157,65.0,64.3374,-0.66259766
train,10,158,64.0,59.14333,-4.8566704
train,10,159,63.0,56.26401,-6.7359886
train,10,160,62.0,53.003998,-8.996002
train,10,161,61.0,57.460274,-3.5397263
train,10,162,60.0,60.157936,0.1579361
train,10,163,59.0,54.066345,-4.933655
train,10,164,58.0,51.854275,-6.1457253
train,10,165,57.0,55.8877,-1.1123009
train,10,166,56.0,51.109917,-4.8900833
train,10,167,55.0,51.713108,-3.286892
train,10,168,54.0,53.444042,-0.5559578
train,10,169,53.0,50.1187,-2.8813019
train,10,170,52.0,47.945576,-4.0544243
train,10,171,51.0,52.29514,1.2951393
train,10,172,50.0,47.73511,-2.2648888
train,10,173,49.0,48.707165,-0.29283524
train,10,174,48.0,49.763676,1.7636757
train,10,175,47.0,44.693336,-2.3066635
train,10,176,46.0,44.313705,-1.6862946
train,10,177,45.0,48.436577,3.4365768
train,10,178,44.0,50.953228,6.953228
train,10,179,43.0,51.845863,8.845863
train,10,180,42.0,51.37256,9.372559
train,10,181,41.0,48.71838,7.71838
train,10,182,40.0,47.44458,7.44458
train,10,183,39.0,45.416077,6.4160767
train,10,184,38.0,46.402134,8.402134
train,10,185,37.0,47.74055,10.740551
train,10,186,36.0,47.93072,11.930721
train,10,187,35.0,41.846725,6.8467255
train,10,188,34.0,37.439644,3.4396439
train,10,189,33.0,37.222187,4.222187
train,10,190,32.0,35.20787,3.2078705
train,10,191,31.0,35.851753,4.851753
train,10,192,30.0,34.49581,4.4958115
train,10,193,29.0,29.130243,0.1302433
train,10,194,28.0,23.273388,-4.726612
train,10,195,27.0,24.247768,-2.7522316
train,10,196,26.0,23.323956,-2.6760445
train,10,197,25.0,23.784184,-1.2158165
train,10,198,24.0,23.334726,-0.66527367
train,10,199,23.0,25.774433,2.7744331
train,10,200,22.0,21.938648,-0.061351776
train,10,201,21.0,26.416838,5.4168377
train,10,202,20.0,23.96212,3.96212
train,10,203,19.0,19.810722,0.81072235
train,10,204,18.0,19.165361,1.1653614
train,10,205,17.0,16.278286,-0.721714
train,10,206,16.0,15.060461,-0.93953896
train,10,207,15.0,16.121967,1.1219673
train,10,208,14.0,14.319392,0.3193922
train,10,209,13.0,17.105139,4.105139
train,10,210,12.0,17.2102,5.2101994
train,10,211,11.0,16.774136,5.7741356
train,10,212,10.0,16.18172,6.1817207
train,10,213,9.0,12.750325,3.7503252
train,10,214,8.0,14.09289,6.09289
train,10,215,7.0,16.411266,9.411266
train,10,216,6.0,14.704017,8.704017
train,10,217,5.0,13.028123,8.028123
train,10,218,4.0,12.430824,8.430824
train,10,219,3.0,10.965692,7.9656916
train,10,220,2.0,9.647695,7.6476946
train,10,221,1.0,7.260201,6.260201
train,10,222,0.0,8.607438,8.607438
train,11,30,210.0,143.8299,-66.170105
train,11,31,209.0,143.82681,-65.17319
train,11,32,208.0,143.82881,-64.17119
train,11,33,207.0,143.81078,-63.189224
train,11,34,206.0,143.78949,-62.21051
train,11,35,205.0,143.78723,-61.21277
train,11,36,204.0,143.7344,-60.265594
train,11,37,203.0,143.56102,-59.43898
train,11,38,202.0,143.6375,-58.362503
train,11,39,201.0,143.76987,-57.230133
train,11,40,200.0,143.78535,-56.214645
train,11,41,199.0,143.79482,-55.205185
train,11,42,198.0,143.73518,-54.264816
train,11,43,197.0,143.79434,-53.205658
train,11,44,196.0,143.82169,-52.178314
train,11,45,195.0,143.80455,-51.19545
train,11,46,194.0,143.82611,-50.17389
train,11,47,193.0,143.82474,-49.175262
train,11,48,192.0,143.82848,-48.171524
train,11,49,191.0,143.82523,-47.174774
train,11,50,190.0,143.8161,-46.1839
train,11,51,189.0,143.80994,-45.190063
train,11,52,188.0,143.80396,-44.196045
train,11,53,187.0,143.81332,-43.186676
train,11,54,186.0,143.82468,-42.175323
train,11,55,185.0,143.82526,-41.174744
train,11,56,184.0,143.82332,-40.17668
train,11,57,183.0,143.82948,-39.170517
train,11,58,182.0,143.82623,-38.173767
train,11,59,181.0,143.80579,-37.194214
train,11,60,180.0,143.82849,-36.17151
train,11,61,179.0,143.83176,-35.168243
train,11,62,178.0,143.81573,-34.184265
train,11,63,177.0,143.83438,-33.16562
train,11,64,176.0,143.81763,-32.182373
train,11,65,175.0,143.82184,-31.178162
train,11,66,174.0,143.83365,-30.166351
train,11,67,173.0,143.8147,-29.185303
train,11,68,172.0,143.82999,-28.170013
train,11,69,171.0,143.83362,-27.166382
train,11,70,170.0,143.83234,-26.167664
train,11,71,169.0,143.82646,-25.173538
train,11,72,168.0,143.82028,-24.179718
train,11,73,167.0,143.5047,-23.4953
train,11,74,166.0,143.71625,-22.283752
train,11,75,165.0,143.14522,-21.854782
train,11,76,164.0,143.75699,-20.243011
train,11,77,163.0,141.60312,-21.396881
train,11,78,162.0,142.40118,-19.598816
train,11,79,161.0,123.855415,-37.144585
train,11,80,160.0,118.242874,-41.757126
train,11,81,159.0,130.20657,-28.793427
train,11,82,158.0,131.4594,-26.540604
train,11,83,157.0,131.41373,-25.586273
train,11,84,156.0,139.07895,-16.921051
train,11,85,155.0,142.04039,-12.95961
train,11,86,154.0,121.193146,-32.806854
train,11,87,153.0,141.01639,-11.983612
train,11,88,152.0,143.0152,-8.984802
train,11,89,151.0,139.34738,-11.652618
train,11,90,150.0,133.29756,-16.702438
train,11,91,149.0,118.73668,-30.26332
train,11,92,148.0,138.90659,-9.093414
train,11,93,147.0,120.27252,-26.727478
train,11,94,146.0,126.58228,-19.417717
train,11,95,145.0,128.41335,-16.586655
train,11,96,144.0,121.37039,-22.629608
train,11,97,143.0,130.40501,-12.594986
train,11,98,142.0,132.67946,-9.320541
train,11,99,141.0,122.72564,-18.27436
train,11,100,140.0,124.95295,-15.04705
train,11,101,139.0,123.01293,-15.987068
train,11,102,138.0,113.32338,-24.67662
train,11,103,137.0,113.58297,-23.41703
train,11,104,136.0,117.60737,-18.392632
train,11,105,135.0,121.22338,-13.776619
train,11,106,134.0,111.219505,-22.780495
train,11,107,133.0,120.830826,-12.169174
train,11,108,132.0,115.86576,-16.13424
train,11,109,131.0,121.59266,-9.407341
train,11,110,130.0,124.55924,-5.4407578
train,11,111,129.0,135.27698,6.2769775
train,11,112,128.0,134.75711,6.7571106
train,11,113,127.0,136.39215,9.392151
train,11,114,126.0,139.3717,13.371704
train,11,115,125.0,143.49011,18.490112
train,11,116,124.0,143.5806,19.580597
train,11,117,123.0,143.73425,20.734253
train,11,118,122.0,143.70859,21.708588
train,11,119,121.0,142.9412,21.941193
train,11,120,120.0,132.42828,12.428284
train,11,121,119.0,138.4408,19.440796
train,11,122,118.0,127.21342,9.213417
train,11,123,117.0,92.986,-24.014
train,11,124,116.0,93.133675,-22.866325
train,11,125,115.0,99.804756,-15.195244
train,11,126,114.0,120.366035,6.3660355
train,11,127,113.0,98.14008,-14.859917
train,11,128,112.0,88.44608,-23.553917
train,11,129,111.0,84.32653,-26.67347
train,11,130,110.0,85.00694,-24.993057
train,11,131,109.0,91.44555,-17.554451
train,11,132,108.0,97.0664,-10.933601
train,11,133,107.0,99.595894,-7.404106
train,11,134,106.0,97.488304,-8.511696
train,11,135,105.0,94.042534,-10.957466
train,11,136,104.0,95.83564,-8.16436
train,11,137,103.0,89.06986,-13.930138
train,11,138,102.0,89.46627,-12.53373
train,11,139,101.0,85.57986,-15.420143
train,11,140,100.0,92.83462,-7.1653824
train,11,141,99.0,93.64002,-5.3599777
train,11,142,98.0,97.65542,-0.3445816
train,11,143,97.0,104.166824,7.1668243
train,11,144,96.0,94.958916,-1.0410843
train,11,145,95.0,88.07259,-6.9274063
train,11,146,94.0,93.32233,-0.67767334
train,11,147,93.0,92.73629,-0.26371002
train,11,148,92.0,85.15011,-6.8498917
train,11,149,91.0,76.902885,-14.097115
train,11,150,90.0,77.6005,-12.399498
train,11,151,89.0,81.14347,-7.856529
train,11,152,88.0,77.46732,-10.532677
train,11,153,87.0,74.31522,-12.684776
train,11,154,86.0,74.99131,-11.00869
train,11,155,85.0,76.679665,-8.320335
train,11,156,84.0,75.47263,-8.527367
train,11,157,83.0,78.36404,-4.6359634
train,11,158,82.0,75.47895,-6.5210495
train,11,159,81.0,79.47057,-1.5294266
train,11,160,80.0,75.24003,-4.7599716
train,11,161,79.0,73.51072,-5.4892807
train,11,162,78.0,73.25913,-4.7408676
train,11,163,77.0,75.12982,-1.8701782
train,11,164,76.0,76.19143,0.19142914
train,11,165,75.0,72.15448,-2.84552
train,11,166,74.0,70.30959,-3.6904068
train,11,167,73.0,69.45234,-3.5476608
train,11,168,72.0,65.46745,-6.532547
train,11,169,71.0,67.744736,-3.2552643
train,11,170,70.0,73.54803,3.548027
train,11,171,69.0,72.01749,3.0174866
train,11,172,68.0,75.37705,7.3770523
train,11,173,67.0,74.44608,7.446083
train,11,174,66.0,72.82459,6.8245926
train,11,175,65.0,69.962234,4.9622345
train,11,176,64.0,73.07012,9.070122
train,11,177,63.0,68.32944,5.3294373
train,11,178,62.0,68.253456,6.253456
train,11,179,61.0,60.54886,-0.45114136
train,11,180,60.0,61.253944,1.2539444
train,11,181,59.0,61.548927,2.5489273
train,11,182,58.0,57.96452,-0.0354805
train,11,183,57.0,58.161133,1.1611328
train,11,184,56.0,51.797356,-4.2026443
train,11,185,55.0,50.677773,-4.3222275
train,11,186,54.0,49.59116,-4.40884
train,11,187,53.0,56.034554,3.0345535
train,11,188,52.0,48.933273,-3.0667267
train,11,189,51.0,46.67047,-4.329529
train,11,190,50.0,43.236015,-6.7639847
train,11,191,49.0,46.79024,-2.2097588
train,11,192,48.0,52.14439,4.14439
train,11,193,47.0,51.188046,4.1880455
train,11,194,46.0,50.85691,4.8569107
train,11,195,45.0,44.794067,-0.20593262
train,11,196,44.0,36.421417,-7.578583
train,11,197,43.0,38.265667,-4.734333
train,11,198,42.0,36.957306,-5.042694
train,11,199,41.0,35.513443,-5.486557
train,11,200,40.0,35.408894,-4.5911064
train,11,201,39.0,36.748283,-2.2517166
train,11,202,38.0,33.603897,-4.396103
train,11,203,37.0,33.087303,-3.9126968
train,11,204,36.0,32.598473,-3.4015274
train,11,205,35.0,28.499823,-6.5001774
train,11,206,34.0,30.186829,-3.8131714
train,11,207,33.0,30.85787,-2.14213
train,11,208,32.0,32.024918,0.024917603
train,11,209,31.0,34.21575,3.2157516
train,11,210,30.0,32.72421,2.7242088
train,11,211,29.0,32.17568,3.1756783
train,11,212,28.0,29.881008,1.8810081
train,11,213,27.0,27.57444,0.57444
train,11,214,26.0,24.99862,-1.0013809
train,11,215,25.0,24.66486,-0.33514023
train,11,216,24.0,25.793524,1.7935238
train,11,217,23.0,24.948286,1.948286
train,11,218,22.0,24.262325,2.2623253
train,11,219,21.0,22.223278,1.223278
train,11,220,20.0,19.013885,-0.9861145
train,11,221,19.0,17.85259,-1.1474094
train,11,222,18.0,18.881678,0.8816776
train,11,223,17.0,18.278088,1.2780876
train,11,224,16.0,18.543215,2.5432148
train,11,225,15.0,17.075686,2.0756855
train,11,226,14.0,15.292379,1.2923794
train,11,227,13.0,13.414567,0.414567
train,11,228,12.0,11.504028,-0.49597168
train,11,229,11.0,10.023343,-0.9766569
train,11,230,10.0,11.22008,1.2200804
train,11,231,9.0,9.150533,0.15053272
train,11,232,8.0,8.506875,0.50687504
train,11,233,7.0,6.93434,-0.06566
train,11,234,6.0,6.3071294,0.30712938
train,11,235,5.0,5.8411193,0.8411193
train,11,236,4.0,5.2518773,1.2518773
train,11,237,3.0,5.180224,2.180224
train,11,238,2.0,5.49264,3.49264
train,11,239,1.0,4.2727666,3.2727666
train,11,240,0.0,2.9577947,2.9577947
train,12,30,140.0,143.00089,3.000885
train,12,31,139.0,143.28198,4.2819824
train,12,32,138.0,141.40994,3.4099426
train,12,33,137.0,143.51181,6.5118103
train,12,34,136.0,142.30553,6.3055267
train,12,35,135.0,142.03821,7.038208
train,12,36,134.0,140.9134,6.9134064
train,12,37,133.0,114.3263,-18.673698
train,12,38,132.0,115.86982,-16.13018
train,12,39,131.0,128.07698,-2.9230194
train,12,40,130.0,120.14434,-9.8556595
train,12,41,129.0,121.41175,-7.588249
train,12,42,128.0,119.72996,-8.270042
train,12,43,127.0,123.70105,-3.2989502
train,12,44,126.0,127.43979,1.4397888
train,12,45,125.0,117.71323,-7.2867737
train,12,46,124.0,111.565216,-12.434784
train,12,47,123.0,116.1717,-6.8283005
train,12,48,122.0,119.05913,-2.9408722
train,12,49,121.0,116.43704,-4.562958
train,12,50,120.0,124.65788,4.6578827
train,12,51,119.0,127.09368,8.093681
train,12,52,118.0,137.09433,19.09433
train,12,53,117.0,133.7527,16.7527
train,12,54,116.0,134.12723,18.127228
train,12,55,115.0,126.37781,11.377808
train,12,56,114.0,126.386246,12.386246
train,12,57,113.0,119.48252,6.482521
train,12,58,112.0,131.13426,19.134262
train,12,59,111.0,126.963264,15.963264
train,12,60,110.0,103.60113,-6.3988724
train,12,61,109.0,113.17902,4.1790237
train,12,62,108.0,120.71442,12.7144165
train,12,63,107.0,141.72128,34.721283
train,12,64,106.0,142.71466,36.71466
train,12,65,105.0,142.59937,37.599365
train,12,66,104.0,142.42493,38.424927
train,12,67,103.0,131.18695,28.18695
train,12,68,102.0,107.21281,5.2128067
train,12,69,101.0,93.47262,-7.527382
train,12,70,100.0,95.58935,-4.410652
train,12,71,99.0,113.17591,14.175911
train,12,72,98.0,103.94106,5.941063
train,12,73,97.0,101.860054,4.860054
train,12,74,96.0,102.94404,6.9440384
train,12,75,95.0,102.31233,7.312332
train,12,76,94.0,93.30538,-0.6946182
train,12,77,93.0,97.896965,4.896965
train,12,78,92.0,98.07636,6.0763626
train,12,79,91.0,93.347084,2.347084
train,12,80,90.0,108.49607,18.49607
train,12,81,89.0,134.58975,45.589752
train,12,82,88.0,133.10864,45.108643
train,12,83,87.0,123.340744,36.340744
train,12,84,86.0,116.45598,30.455978
train,12,85,85.0,102.37206,17.372063
train,12,86,84.0,89.14233,5.1423264
train,12,87,83.0,92.20132,9.201317
train,12,88,82.0,85.92167,3.921669
train,12,89,81.0,86.621635,5.6216354
train,12,90,80.0,79.90507,-0.094932556
train,12,91,79.0,78.971245,-0.028755188
train,12,92,78.0,65.41584,-12.58416
train,12,93,77.0,64.623146,-12.376854
train,12,94,76.0,61.14246,-14.85754
train,12,95,75.0,59.594234,-15.405766
train,12,96,74.0,59.36757,-14.632431
train,12,97,73.0,53.81353,-19.18647
train,12,98,72.0,56.56101,-15.438992
train,12,99,71.0,56.46588,-14.534119
train,12,100,70.0,59.89799,-10.102009
train,12,101,69.0,72.85165,3.8516464
train,12,102,68.0,68.95868,0.9586792
train,12,103,67.0,63.071247,-3.928753
train,12,104,66.0,63.44056,-2.5594406
train,12,105,65.0,55.729755,-9.270245
train,12,106,64.0,60.04528,-3.9547195
train,12,107,63.0,69.28479,6.28479
train,12,108,62.0,69.387276,7.3872757
train,12,109,61.0,61.14543,0.14543152
train,12,110,60.0,64.722565,4.7225647
train,12,111,59.0,63.39924,4.3992386
train,12,112,58.0,67.83556,9.835564
train,12,113,57.0,61.773933,4.7739334
train,12,114,56.0,64.00709,8.007088
train,12,115,55.0,62.99476,7.9947586
train,12,116,54.0,67.89176,13.891762
train,12,117,53.0,68.310005,15.310005
train,12,118,52.0,64.468094,12.468094
train,12,119,51.0,60.60534,9.605339
train,12,120,50.0,56.541225,6.5412254
train,12,121,49.0,61.919445,12.919445
train,12,122,48.0,46.37414,-1.6258583
train,12,123,47.0,40.577698,-6.4223022
train,12,124,46.0,39.560944,-6.4390564
train,12,125,45.0,33.343678,-11.6563225
train,12,126,44.0,34.3033,-9.696701
train,12,127,43.0,32.88649,-10.11351
train,12,128,42.0,30.997467,-11.002533
train,12,129,41.0,32.05598,-8.944019
train,12,130,40.0,34.79344,-5.206558
train,12,131,39.0,30.54213,-8.4578705
train,12,132,38.0,30.42043,-7.579571
train,12,133,37.0,31.039974,-5.960026
train,12,134,36.0,28.686169,-7.3138313
train,12,135,35.0,26.468584,-8.531416
train,12,136,34.0,31.975494,-2.0245056
train,12,137,33.0,34.067856,1.0678558
train,12,138,32.0,32.9652,0.9651985
train,12,139,31.0,29.968534,-1.0314655
train,12,140,30.0,31.385916,1.3859158
train,12,141,29.0,29.723372,0.7233715
train,12,142,28.0,30.282406,2.2824059
train,12,143,27.0,28.404224,1.4042244
train,12,144,26.0,31.974121,5.974121
train,12,145,25.0,29.18239,4.18239
train,12,146,24.0,29.616285,5.6162853
train,12,147,23.0,28.439974,5.439974
train,12,148,22.0,29.578405,7.5784054
train,12,149,21.0,26.526485,5.5264854
train,12,150,20.0,24.432337,4.432337
train,12,151,19.0,23.128836,4.1288357
train,12,152,18.0,21.170635,3.1706352
train,12,153,17.0,21.53893,4.538931
train,12,154,16.0,18.726946,2.7269459
train,12,155,15.0,17.037872,2.0378723
train,12,156,14.0,15.995252,1.9952517
train,12,157,13.0,16.738234,3.7382336
train,12,158,12.0,15.017641,3.017641
train,12,159,11.0,13.605947,2.6059465
train,12,160,10.0,11.9417,1.9417
train,12,161,9.0,12.205218,3.2052183
train,12,162,8.0,10.014582,2.0145817
train,12,163,7.0,9.751353,2.7513533
train,12,164,6.0,10.180596,4.1805964
train,12,165,5.0,8.527762,3.5277624
train,12,166,4.0,7.0950894,3.0950894
train,12,167,3.0,7.0817513,4.0817513
train,12,168,2.0,6.323917,4.323917
train,12,169,1.0,6.893394,5.893394
train,12,170,0.0,5.257856,5.257856
train,13,30,133.0,143.14217,10.142166
train,13,31,132.0,143.57663,11.57663
train,13,32,131.0,143.68996,12.689957
train,13,33,130.0,143.3092,13.309204
train,13,34,129.0,143.6297,14.6297
train,13,35,128.0,143.64128,15.641281
train,13,36,127.0,143.59683,16.596832
train,13,37,126.0,143.50774,17.507736
train,13,38,125.0,142.49817,17.498169
train,13,39,124.0,143.5604,19.560394
train,13,40,123.0,142.58508,19.585083
train,13,41,122.0,143.36163,21.361633
train,13,42,121.0,142.82693,21.826935
train,13,43,120.0,143.35217,23.352173
train,13,44,119.0,143.44113,24.441132
train,13,45,118.0,143.21542,25.215424
train,13,46,117.0,142.93,25.929993
train,13,47,116.0,143.70099,27.700989
train,13,48,115.0,142.94936,27.949356
train,13,49,114.0,134.35114,20.351135
train,13,50,113.0,119.76008,6.7600784
train,13,51,112.0,121.52473,9.524727
train,13,52,111.0,110.370735,-0.62926483
train,13,53,110.0,114.556786,4.5567856
train,13,54,109.0,134.72281,25.722809
train,13,55,108.0,140.06943,32.069427
train,13,56,107.0,142.55615,35.556152
train,13,57,106.0,142.72838,36.72838
train,13,58,105.0,141.67746,36.67746
train,13,59,104.0,141.34677,37.34677
train,13,60,103.0,142.32562,39.325623
train,13,61,102.0,141.04773,39.04773
train,13,62,101.0,140.10538,39.105377
train,13,63,100.0,143.4772,43.477203
train,13,64,99.0,142.94653,43.946533
train,13,65,98.0,138.79831,40.79831
train,13,66,97.0,137.6446,40.644608
train,13,67,96.0,133.29065,37.29065
train,13,68,95.0,129.98178,34.98178
train,13,69,94.0,122.625916,28.625916
train,13,70,93.0,117.94454,24.944542
train,13,71,92.0,112.77067,20.770668
train,13,72,91.0,101.28231,10.2823105
train,13,73,90.0,98.21057,8.210571
train,13,74,89.0,104.15169,15.151688
train,13,75,88.0,91.53004,3.530037
train,13,76,87.0,79.283455,-7.716545
train,13,77,86.0,75.43202,-10.567978
train,13,78,85.0,69.06367,-15.936333
train,13,79,84.0,69.9258,-14.0742035
train,13,80,83.0,69.15015,-13.8498535
train,13,81,82.0,66.696594,-15.303406
train,13,82,81.0,70.04489,-10.955109
train,13,83,80.0,68.75656,-11.243439
train,13,84,79.0,73.18509,-5.814911
train,13,85,78.0,71.304924,-6.695076
train,13,86,77.0,83.94297,6.9429703
train,13,87,76.0,66.681175,-9.318825
train,13,88,75.0,69.816765,-5.183235
train,13,89,74.0,72.30488,-1.6951218
train,13,90,73.0,68.07751,-4.922493
train,13,91,72.0,72.89573,0.89572906
train,13,92,71.0,69.82583,-1.1741714
train,13,93,70.0,66.38891,-3.6110916
train,13,94,69.0,69.0779,0.07790375
train,13,95,68.0,73.647606,5.647606
train,13,96,67.0,74.501144,7.5011444
train,13,97,66.0,74.242035,8.242035
train,13,98,65.0,67.60186,2.60186
train,13,99,64.0,70.54742,6.5474167
train,13,100,63.0,67.99497,4.994972
train,13,101,62.0,56.837433,-5.162567
train,13,102,61.0,59.00274,-1.997261
train,13,103,60.0,54.729805,-5.270195
train,13,104,59.0,55.33127,-3.6687317
train,13,105,58.0,53.440094,-4.559906
train,13,106,57.0,49.628708,-7.371292
train,13,107,56.0,47.63656,-8.363441
train,13,108,55.0,44.361023,-10.638977
train,13,109,54.0,43.299236,-10.700764
train,13,110,53.0,44.317173,-8.682827
train,13,111,52.0,44.84621,-7.1537895
train,13,112,51.0,43.60066,-7.3993416
train,13,113,50.0,40.487812,-9.512188
train,13,114,49.0,42.10529,-6.8947105
train,13,115,48.0,41.5271,-6.4729004
train,13,116,47.0,43.116024,-3.883976
train,13,117,46.0,37.838684,-8.161316
train,13,118,45.0,41.678516,-3.3214836
train,13,119,44.0,42.479214,-1.5207863
train,13,120,43.0,39.57965,-3.4203491
train,13,121,42.0,41.729446,-0.2705536
train,13,122,41.0,41.6559,0.65589905
train,13,123,40.0,40.340355,0.34035492
train,13,124,39.0,39.323254,0.32325363
train,13,125,38.0,36.505714,-1.4942856
train,13,126,37.0,41.263847,4.2638474
train,13,127,36.0,44.92266,8.922661
train,13,128,35.0,43.04487,8.044868
train,13,129,34.0,45.68711,11.687111
train,13,130,33.0,45.14689,12.146889
train,13,131,32.0,40.27806,8.278061
train,13,132,31.0,42.922604,11.922604
train,13,133,30.0,40.610527,10.610527
train,13,134,29.0,34.84323,5.843231
train,13,135,28.0,34.457623,6.4576225
train,13,136,27.0,31.191895,4.1918945
train,13,137,26.0,37.050755,11.050755
train,13,138,25.0,35.074028,10.074028
train,13,139,24.0,31.810888,7.8108883
train,13,140,23.0,27.610437,4.6104374
train,13,141,22.0,28.99113,6.991131
train,13,142,21.0,26.227272,5.227272
train,13,143,20.0,23.010807,3.010807
train,13,144,19.0,22.162582,3.1625824
train,13,145,18.0,20.395824,2.3958244
train,13,146,17.0,19.546288,2.5462875
train,13,147,16.0,16.943176,0.94317627
train,13,148,15.0,17.39127,2.3912697
train,13,149,14.0,14.197132,0.19713211
train,13,150,13.0,14.642548,1.6425476
train,13,151,12.0,10.897547,-1.1024532
train,13,152,11.0,10.248985,-0.7510147
train,13,153,10.0,10.678218,0.6782179
train,13,154,9.0,10.432821,1.4328213
train,13,155,8.0,8.843551,0.8435507
train,13,156,7.0,9.163146,2.163146
train,13,157,6.0,7.3533826,1.3533826
train,13,158,5.0,6.4027324,1.4027324
train,13,159,4.0,4.960608,0.960608
train,13,160,3.0,3.9372916,0.9372916
train,13,161,2.0,5.326237,3.3262372
train,13,162,1.0,1.9456221,0.9456221
train,13,163,0.0,1.5824419,1.5824419
train,14,30,150.0,141.96701,-8.0329895
train,14,31,149.0,138.29526,-10.704742
train,14,32,148.0,141.02882,-6.971176
train,14,33,147.0,140.73654,-6.2634583
train,14,34,146.0,140.8642,-5.135803
train,14,35,145.0,139.07303,-5.9269714
train,14,36,144.0,141.98053,-2.0194702
train,14,37,143.0,142.02376,-0.97624207
train,14,38,142.0,140.3314,-1.6685944
train,14,39,141.0,137.72812,-3.271881
train,14,40,140.0,137.13007,-2.869934
train,14,41,139.0,117.91899,-21.081009
train,14,42,138.0,124.23944,-13.760559
train,14,43,137.0,107.833565,-29.166435
train,14,44,136.0,112.844,-23.155998
train,14,45,135.0,113.86065,-21.13935
train,14,46,134.0,122.89775,-11.102249
train,14,47,133.0,129.53798,-3.4620209
train,14,48,132.0,127.788376,-4.211624
train,14,49,131.0,108.1822,-22.817802
train,14,50,130.0,109.85602,-20.143982
train,14,51,129.0,94.88837,-34.111633
train,14,52,128.0,103.05509,-24.944908
train,14,53,127.0,128.30086,1.3008575
train,14,54,126.0,138.64066,12.6406555
train,14,55,125.0,143.02744,18.027435
train,14,56,124.0,142.56963,18.569626
train,14,57,123.0,141.9683,18.968307
train,14,58,122.0,141.41269,19.41269
train,14,59,121.0,140.59265,19.592651
train,14,60,120.0,140.09067,20.090668
train,14,61,119.0,140.30661,21.30661
train,14,62,118.0,141.284,23.283997
train,14,63,117.0,138.14798,21.14798
train,14,64,116.0,139.12187,23.121872
train,14,65,115.0,140.06201,25.062012
train,14,66,114.0,140.03659,26.03659
train,14,67,113.0,141.54967,28.549667
train,14,68,112.0,142.82245,30.822449
train,14,69,111.0,142.78358,31.783585
train,14,70,110.0,141.53934,31.539337
train,14,71,109.0,141.15732,32.15732
train,14,72,108.0,137.88159,29.881592
train,14,73,107.0,126.483734,19.483734
train,14,74,106.0,122.0802,16.0802
train,14,75,105.0,112.884636,7.884636
train,14,76,104.0,99.97802,-4.0219803
train,14,77,103.0,77.62134,-25.378662
train,14,78,102.0,87.31629,-14.683708
train,14,79,101.0,77.46002,-23.539978
train,14,80,100.0,75.05116,-24.948837
train,14,81,99.0,85.63848,-13.361519
train,14,82,98.0,87.78901,-10.210991
train,14,83,97.0,91.71605,-5.283951
train,14,84,96.0,115.45783,19.457832
train,14,85,95.0,121.19874,26.198738
train,14,86,94.0,124.71642,30.716423
train,14,87,93.0,101.37388,8.3738785
train,14,88,92.0,107.96253,15.962532
train,14,89,91.0,99.69831,8.698311
train,14,90,90.0,81.343315,-8.656685
train,14,91,89.0,86.80901,-2.1909866
train,14,92,88.0,81.436424,-6.5635757
train,14,93,87.0,76.26322,-10.736778
train,14,94,86.0,70.65818,-15.34182
train,14,95,85.0,63.382214,-21.617786
train,14,96,84.0,65.258606,-18.741394
train,14,97,83.0,65.17697,-17.823029
train,14,98,82.0,61.623894,-20.376106
train,14,99,81.0,60.710655,-20.289345
train,14,100,80.0,69.54846,-10.451538
train,14,101,79.0,69.41442,-9.585579
train,14,102,78.0,69.87096,-8.129044
train,14,103,77.0,66.560616,-10.439384
train,14,104,76.0,67.65492,-8.3450775
train,14,105,75.0,68.33375,-6.666252
train,14,106,74.0,58.680706,-15.319294
train,14,107,73.0,53.186714,-19.813286
train,14,108,72.0,61.235413,-10.764587
train,14,109,71.0,59.548164,-11.451836
train,14,110,70.0,50.112892,-19.887108
train,14,111,69.0,57.306538,-11.693462
train,14,112,68.0,58.37581,-9.624191
train,14,113,67.0,60.106834,-6.8931656
train,14,114,66.0,61.462955,-4.5370445
train,14,115,65.0,64.26007,-0.7399292
train,14,116,64.0,71.25753,7.25753
train,14,117,63.0,74.09844,11.098442
train,14,118,62.0,65.8027,3.8026962
train,14,119,61.0,74.83738,13.837379
train,14,120,60.0,73.87292,13.872917
train,14,121,59.0,65.323395,6.323395
train,14,122,58.0,64.54063,6.5406265
train,14,123,57.0,63.989597,6.9895973
train,14,124,56.0,68.44648,12.44648
train,14,125,55.0,61.381165,6.3811646
train,14,126,54.0,57.914406,3.9144058
train,14,127,53.0,56.087452,3.087452
train,14,128,52.0,54.61157,2.6115685
train,14,129,51.0,62.13176,11.13176
train,14,130,50.0,58.13372,8.13372
train,14,131,49.0,57.702545,8.702545
train,14,132,48.0,47.135033,-0.86496735
train,14,133,47.0,60.398872,13.398872
train,14,134,46.0,59.63353,13.63353
train,14,135,45.0,55.3566,10.356602
train,14,136,44.0,52.382286,8.382286
train,14,137,43.0,53.039345,10.039345
train,14,138,42.0,54.803146,12.803146
train,14,139,41.0,55.41185,14.41185
train,14,140,40.0,52.884094,12.884094
train,14,141,39.0,55.742558,16.742558
train,14,142,38.0,50.636017,12.636017
train,14,143,37.0,45.67869,8.678692
train,14,144,36.0,49.13398,13.13398
train,14,145,35.0,49.055405,14.055405
train,14,146,34.0,47.179752,13.179752
train,14,147,33.0,44.874958,11.874958
train,14,148,32.0,45.160877,13.160877
train,14,149,31.0,43.39977,12.399769
train,14,150,30.0,42.05713,12.057129
train,14,151,29.0,38.171646,9.171646
train,14,152,28.0,36.781044,8.781044
train,14,153,27.0,35.631916,8.631916
train,14,154,26.0,34.87968,8.879681
train,14,155,25.0,32.90315,7.9031487
train,14,156,24.0,29.97745,5.9774494
train,14,157,23.0,28.337421,5.3374214
train,14,158,22.0,29.075594,7.075594
train,14,159,21.0,27.218655,6.2186546
train,14,160,20.0,22.94544,2.9454403
train,14,161,19.0,21.60825,2.6082497
train,14,162,18.0,17.88327,-0.11672974
train,14,163,17.0,19.058588,2.058588
train,14,164,16.0,18.595814,2.5958138
train,14,165,15.0,18.218649,3.218649
train,14,166,14.0,16.69992,2.6999207
train,14,167,13.0,13.671886,0.67188644
train,14,168,12.0,13.020597,1.0205975
train,14,169,11.0,13.170245,2.1702452
train,14,170,10.0,12.168471,2.1684713
train,14,171,9.0,10.173301,1.1733007
train,14,172,8.0,6.707316,-1.2926841
train,14,173,7.0,4.1843553,-2.8156447
train,14,174,6.0,4.9680448,-1.0319552
train,14,175,5.0,5.048245,0.048244953
train,14,176,4.0,5.2735066,1.2735066
train,14,177,3.0,4.359795,1.3597951
train,14,178,2.0,4.810906,2.810906
train,14,179,1.0,2.5073972,1.5073972
train,14,180,0.0,3.568088,3.568088
train,15,30,177.0,143.81364,-33.186356
train,15,31,176.0,143.8302,-32.1698
train,15,32,175.0,143.83234,-31.167664
train,15,33,174.0,143.83435,-30.16565
train,15,34,173.0,143.79765,-29.202347
train,15,35,172.0,143.82953,-28.170471
train,15,36,171.0,143.82736,-27.172638
train,15,37,170.0,143.82388,-26.176117
train,15,38,169.0,143.81892,-25.181076
train,15,39,168.0,143.81804,-24.181961
train,15,40,167.0,143.83203,-23.167969
train,15,41,166.0,143.82773,-22.172272
train,15,42,165.0,143.82199,-21.178009
train,15,43,164.0,143.818,-20.182007
train,15,44,163.0,143.81537,-19.184631
train,15,45,162.0,143.81985,-18.180145
train,15,46,161.0,143.83298,-17.167023
train,15,47,160.0,143.82336,-16.176636
train,15,48,159.0,143.82446,-15.175537
train,15,49,158.0,143.8222,-14.177795
train,15,50,157.0,143.83109,-13.168915
train,15,51,156.0,143.82011,-12.179886
train,15,52,155.0,143.82861,-11.171387
train,15,53,154.0,143.82672,-10.173279
train,15,54,153.0,143.82217,-9.177826
train,15,55,152.0,143.82455,-8.175446
train,15,56,151.0,143.83446,-7.1655426
train,15,57,150.0,143.8265,-6.1734924
train,15,58,149.0,143.82877,-5.171234
train,15,59,148.0,143.82774,-4.1722565
train,15,60,147.0,143.83035,-3.1696472
train,15,61,146.0,143.81535,-2.1846466
train,15,62,145.0,143.8294,-1.1705933
train,15,63,144.0,143.83546,-0.16453552
train,15,64,143.0,143.82968,0.8296814
train,15,65,142.0,143.81378,1.8137817
train,15,66,141.0,143.8146,2.8146057
train,15,67,140.0,143.8267,3.826706
train,15,68,139.0,143.83376,4.8337555
train,15,69,138.0,143.8082,5.808197
train,15,70,137.0,143.82028,6.820282
train,15,71,136.0,143.78703,7.787033
train,15,72,135.0,143.8075,8.807495
train,15,73,134.0,143.82446,9.824463
train,15,74,133.0,143.82927,10.829269
train,15,75,132.0,143.83258,11.832581
train,15,76,131.0,143.82411,12.824112
train,15,77,130.0,143.82567,13.825668
train,15,78,129.0,143.83235,14.832352
train,15,79,128.0,143.82875,15.828751
train,15,80,127.0,143.82695,16.82695
train,15,81,126.0,143.83035,17.830353
train,15,82,125.0,143.82576,18.82576
train,15,83,124.0,143.82994,19.82994
train,15,84,123.0,143.82718,20.827179
train,15,85,122.0,143.836,21.835999
train,15,86,121.0,143.79376,22.793762
train,15,87,120.0,140.63449,20.634491
train,15,88,119.0,135.24365,16.243652
train,15,89,118.0,140.21916,22.219162
train,15,90,117.0,134.63853,17.638535
train,15,91,116.0,138.11182,22.111816
train,15,92,115.0,126.938126,11.938126
train,15,93,114.0,110.180145,-3.8198547
train,15,94,113.0,105.90658,-7.093422
train,15,95,112.0,102.12907,-9.870934
train,15,96,111.0,110.231766,-0.76823425
train,15,97,110.0,103.528206,-6.471794
train,15,98,109.0,104.654045,-4.345955
train,15,99,108.0,106.487526,-1.5124741
train,15,100,107.0,101.04872,-5.9512787
train,15,101,106.0,106.17989,0.1798935
train,15,102,105.0,99.71751,-5.2824936
train,15,103,104.0,95.243904,-8.756096
train,15,104,103.0,95.375885,-7.624115
train,15,105,102.0,96.72324,-5.2767563
train,15,106,101.0,96.035515,-4.964485
train,15,107,100.0,98.688034,-1.311966
train,15,108,99.0,102.24308,3.2430801
train,15,109,98.0,95.992256,-2.0077438
train,15,110,97.0,100.84863,3.8486328
train,15,111,96.0,99.125496,3.125496
train,15,112,95.0,97.69805,2.6980515
train,15,113,94.0,100.14704,6.1470413
train,15,114,93.0,98.39283,5.39283
train,15,115,92.0,97.386635,5.386635
train,15,116,91.0,94.33822,3.3382187
train,15,117,90.0,93.553856,3.553856
train,15,118,89.0,93.29698,4.296982
train,15,119,88.0,95.21478,7.2147827
train,15,120,87.0,99.194695,12.1946945
train,15,121,86.0,96.97889,10.978889
train,15,122,85.0,97.68232,12.68232
train,15,123,84.0,97.373375,13.373375
train,15,124,83.0,97.45769,14.457687
train,15,125,82.0,95.93256,13.932564
train,15,126,81.0,94.81946,13.819458
train,15,127,80.0,91.437584,11.437584
train,15,128,79.0,88.064064,9.064064
train,15,129,78.0,81.51717,3.5171738
train,15,130,77.0,78.11556,1.1155624
train,15,131,76.0,75.03074,-0.96926117
train,15,132,75.0,70.9788,-4.021202
train,15,133,74.0,69.00463,-4.995369
train,15,134,73.0,64.65561,-8.344391
train,15,135,72.0,69.92098,-2.0790176
train,15,136,71.0,68.7893,-2.210701
train,15,137,70.0,68.42306,-1.5769424
train,15,138,69.0,65.209175,-3.790825
train,15,139,68.0,62.75288,-5.24712
train,15,140,67.0,60.45563,-6.5443687
train,15,141,66.0,59.589523,-6.4104767
train,15,142,65.0,61.550858,-3.4491425
train,15,143,64.0,63.654175,-0.3458252
train,15,144,63.0,60.66256,-2.3374405
train,15,145,62.0,59.962376,-2.0376244
train,15,146,61.0,57.534065,-3.4659348
train,15,147,60.0,51.529877,-8.470123
train,15,148,59.0,52.237946,-6.7620544
train,15,149,58.0,59.317978,1.3179779
train,15,150,57.0,53.29377,-3.7062302
train,15,151,56.0,57.625175,1.6251755
train,15,152,55.0,70.79351,15.79351
train,15,153,54.0,74.30233,20.30233
train,15,154,53.0,64.5711,11.571098
train,15,155,52.0,57.18301,5.18301
train,15,156,51.0,59.32353,8.323528
train,15,157,50.0,58.721893,8.721893
train,15,158,49.0,58.660194,9.660194
train,15,159,48.0,51.883694,3.8836937
train,15,160,47.0,60.602844,13.602844
train,15,161,46.0,54.095325,8.095325
train,15,162,45.0,59.037193,14.037193
train,15,163,44.0,57.02423,13.024231
train,15,164,43.0,54.214485,11.214485
train,15,165,42.0,48.44547,6.445469
train,15,166,41.0,41.986473,0.9864731
train,15,167,40.0,42.976906,2.9769058
train,15,168,39.0,43.33388,4.3338814
train,15,169,38.0,41.773136,3.7731361
train,15,170,37.0,35.43514,-1.5648613
train,15,171,36.0,39.008,3.0079994
train,15,172,35.0,36.064842,1.0648422
train,15,173,34.0,35.9359,1.9359016
train,15,174,33.0,39.19902,6.1990204
train,15,175,32.0,29.397518,-2.6024818
train,15,176,31.0,32.050102,1.0501022
train,15,177,30.0,30.404577,0.40457726
train,15,178,29.0,29.510235,0.51023483
train,15,179,28.0,29.852152,1.8521519
train,15,180,27.0,28.93485,1.9348507
train,15,181,26.0,27.352545,1.3525448
train,15,182,25.0,22.607718,-2.3922825
train,15,183,24.0,21.00498,-2.99502
train,15,184,23.0,22.9725,-0.027500153
train,15,185,22.0,20.049139,-1.950861
train,15,186,21.0,19.275963,-1.7240372
train,15,187,20.0,16.301565,-3.6984348
train,15,188,19.0,16.825386,-2.174614
train,15,189,18.0,17.068184,-0.9318161
train,15,190,17.0,17.851307,0.8513069
train,15,191,16.0,16.43925,0.43925095
train,15,192,15.0,15.867113,0.8671131
train,15,193,14.0,11.898441,-2.1015587
train,15,194,13.0,10.503888,-2.4961119
train,15,195,12.0,10.125459,-1.8745413
train,15,196,11.0,9.299877,-1.7001228
train,15,197,10.0,10.584621,0.5846214
train,15,198,9.0,9.850138,0.8501377
train,15,199,8.0,8.716831,0.7168312
train,15,200,7.0,9.6949415,2.6949415
train,15,201,6.0,9.555888,3.5558882
train,15,202,5.0,7.5223165,2.5223165
train,15,203,4.0,4.539107,0.53910685
train,15,204,3.0,4.03247,1.0324702
train,15,205,2.0,5.190799,3.1907992
train,15,206,1.0,3.8269925,2.8269925
train,15,207,0.0,3.6313682,3.6313682
train,16,30,179.0,138.83435,-40.16565
train,16,31,178.0,135.32469,-42.67531
train,16,32,177.0,134.36642,-42.633575
train,16,33,176.0,136.82129,-39.17871
train,16,34,175.0,140.26627,-34.733734
train,16,35,174.0,126.95986,-47.04014
train,16,36,173.0,140.56029,-32.439713
train,16,37,172.0,141.50938,-30.490616
train,16,38,171.0,141.45488,-29.54512
train,16,39,170.0,140.33154,-29.668457
train,16,40,169.0,134.92693,-34.073074
train,16,41,168.0,132.58987,-35.410126
train,16,42,167.0,132.09245,-34.907547
train,16,43,166.0,125.79144,-40.208557
train,16,44,165.0,127.10916,-37.89084
train,16,45,164.0,128.15556,-35.844437
train,16,46,163.0,133.72662,-29.273376
train,16,47,162.0,124.325424,-37.674576
train,16,48,161.0,115.95377,-45.046227
train,16,49,160.0,101.97608,-58.02392
train,16,50,159.0,98.326775,-60.673225
train,16,51,158.0,104.98878,-53.011223
train,16,52,157.0,110.394875,-46.605125
train,16,53,156.0,110.65621,-45.34379
train,16,54,155.0,117.61367,-37.38633
train,16,55,154.0,126.699036,-27.300964
train,16,56,153.0,128.342,-24.658005
train,16,57,152.0,132.40245,-19.59755
train,16,58,151.0,119.83285,-31.167152
train,16,59,150.0,115.777016,-34.222984
train,16,60,149.0,128.8057,-20.194305
train,16,61,148.0,132.08168,-15.91832
train,16,62,147.0,131.91434,-15.085663
train,16,63,146.0,128.76886,-17.23114
train,16,64,145.0,130.97354,-14.026459
train,16,65,144.0,134.91168,-9.088318
train,16,66,143.0,138.63673,-4.363266
train,16,67,142.0,137.65904,-4.3409576
train,16,68,141.0,139.8043,-1.195694
train,16,69,140.0,139.05484,-0.9451599
train,16,70,139.0,138.69022,-0.30978394
train,16,71,138.0,131.14038,-6.859619
train,16,72,137.0,128.93195,-8.068054
train,16,73,136.0,117.28777,-18.712227
train,16,74,135.0,121.86137,-13.138634
train,16,75,134.0,130.1951,-3.8049011
train,16,76,133.0,138.97643,5.976425
train,16,77,132.0,136.88953,4.8895264
train,16,78,131.0,121.566696,-9.433304
train,16,79,130.0,130.78917,0.7891693
train,16,80,129.0,102.85317,-26.146828
train,16,81,128.0,104.396,-23.603996
train,16,82,127.0,117.9045,-9.095497
train,16,83,126.0,106.98912,-19.01088
train,16,84,125.0,109.66738,-15.332619
train,16,85,124.0,109.1981,-14.801903
train,16,86,123.0,112.57505,-10.42495
train,16,87,122.0,115.1863,-6.813698
train,16,88,121.0,105.99846,-15.001541
train,16,89,120.0,106.37679,-13.623207
train,16,90,119.0,130.64764,11.647644
train,16,91,118.0,112.476875,-5.5231247
train,16,92,117.0,115.5494,-1.4505997
train,16,93,116.0,96.935234,-19.064766
train,16,94,115.0,102.22945,-12.770554
train,16,95,114.0,104.097,-9.903
train,16,96,113.0,108.330956,-4.6690445
train,16,97,112.0,101.55959,-10.440407
train,16,98,111.0,97.135345,-13.864655
train,16,99,110.0,99.124565,-10.875435
train,16,100,109.0,98.29647,-10.703529
train,16,101,108.0,92.51014,-15.489861
train,16,102,107.0,91.425575,-15.574425
train,16,103,106.0,88.552315,-17.447685
train,16,104,105.0,98.7221,-6.2779007
train,16,105,104.0,92.02062,-11.979378
train,16,106,103.0,96.245735,-6.754265
train,16,107,102.0,102.25771,0.25771332
train,16,108,101.0,104.95604,3.9560394
train,16,109,100.0,96.30552,-3.694481
train,16,110,99.0,93.209755,-5.790245
train,16,111,98.0,94.0615,-3.9384995
train,16,112,97.0,87.78159,-9.218407
train,16,113,96.0,89.605064,-6.3949356
train,16,114,95.0,96.939354,1.939354
train,16,115,94.0,108.072716,14.072716
train,16,116,93.0,110.41025,17.410248
train,16,117,92.0,97.00471,5.0047073
train,16,118,91.0,97.894585,6.8945847
train,16,119,90.0,102.22852,12.228523
train,16,120,89.0,97.16631,8.166313
train,16,121,88.0,85.431465,-2.5685349
train,16,122,87.0,81.6755,-5.324501
train,16,123,86.0,89.10612,3.1061172
train,16,124,85.0,84.2654,-0.73459625
train,16,125,84.0,77.318214,-6.6817856
train,16,126,83.0,84.3141,1.3141022
train,16,127,82.0,88.04749,6.047493
train,16,128,81.0,83.70416,2.7041626
train,16,129,80.0,79.749146,-0.2508545
train,16,130,79.0,77.52335,-1.4766464
train,16,131,78.0,72.83473,-5.165268
train,16,132,77.0,71.00393,-5.996071
train,16,133,76.0,67.49535,-8.504646
train,16,134,75.0,66.76563,-8.234367
train,16,135,74.0,69.736275,-4.2637253
train,16,136,73.0,67.712715,-5.287285
train,16,137,72.0,64.4599,-7.5401
train,16,138,71.0,57.885952,-13.114048
train,16,139,70.0,55.332077,-14.667923
train,16,140,69.0,50.575462,-18.424538
train,16,141,68.0,47.14572,-20.854279
train,16,142,67.0,44.139618,-22.860382
train,16,143,66.0,50.67152,-15.32848
train,16,144,65.0,56.70975,-8.290249
train,16,145,64.0,58.687378,-5.312622
train,16,146,63.0,56.176575,-6.8234253
train,16,147,62.0,51.208847,-10.791153
train,16,148,61.0,52.470867,-8.529133
train,16,149,60.0,57.61474,-2.3852615
train,16,150,59.0,51.848427,-7.151573
train,16,151,58.0,46.054684,-11.945316
train,16,152,57.0,50.57849,-6.421509
train,16,153,56.0,55.55468,-0.44532013
train,16,154,55.0,52.272076,-2.7279243
train,16,155,54.0,56.349377,2.3493767
train,16,156,53.0,56.389786,3.3897858
train,16,157,52.0,53.34816,1.3481598
train,16,158,51.0,54.44844,3.4484406
train,16,159,50.0,55.214584,5.2145844
train,16,160,49.0,52.643974,3.6439743
train,16,161,48.0,46.32438,-1.675621
train,16,162,47.0,49.398315,2.3983154
train,16,163,46.0,46.735962,0.7359619
train,16,164,45.0,47.732834,2.7328339
train,16,165,44.0,49.308163,5.3081627
train,16,166,43.0,44.589897,1.5898972
train,16,167,42.0,43.110172,1.1101723
train,16,168,41.0,40.71422,-0.28578186
train,16,169,40.0,41.31288,1.3128815
train,16,170,39.0,37.83003,-1.1699715
train,16,171,38.0,37.39583,-0.60417175
train,16,172,37.0,38.349636,1.3496361
train,16,173,36.0,35.631947,-0.36805344
train,16,174,35.0,35.32691,0.3269081
train,16,175,34.0,31.643509,-2.356491
train,16,176,33.0,33.37085,0.3708496
train,16,177,32.0,29.546299,-2.453701
train,16,178,31.0,30.789719,-0.21028137
train,16,179,30.0,30.752163,0.75216293
train,16,180,29.0,28.727524,-0.2724762
train,16,181,28.0,28.460602,0.4606018
train,16,182,27.0,30.236969,3.236969
train,16,183,26.0,26.242104,0.24210358
train,16,184,25.0,28.30544,3.305441
train,16,185,24.0,26.2188,2.2187996
train,16,186,23.0,22.715137,-0.28486252
train,16,187,22.0,25.470226,3.4702263
train,16,188,21.0,23.309353,2.3093529
train,16,189,20.0,18.674551,-1.325449
train,16,190,19.0,16.137655,-2.8623447
train,16,191,18.0,12.933301,-5.066699
train,16,192,17.0,11.073941,-5.926059
train,16,193,16.0,8.421646,-7.578354
train,16,194,15.0,7.9573903,-7.0426097
train,16,195,14.0,9.579911,-4.420089
train,16,196,13.0,11.619398,-1.3806019
train,16,197,12.0,10.906104,-1.0938959
train,16,198,11.0,8.631918,-2.368082
train,16,199,10.0,7.325423,-2.6745772
train,16,200,9.0,6.8285165,-2.1714835
train,16,201,8.0,9.5942955,1.5942955
train,16,202,7.0,7.42392,0.42392015
train,16,203,6.0,6.249148,0.24914789
train,16,204,5.0,4.452868,-0.547132
train,16,205,4.0,4.105764,0.10576391
train,16,206,3.0,4.9868703,1.9868703
train,16,207,2.0,1.4372364,-0.5627636
train,16,208,1.0,0.5313326,-0.4686674
train,16,209,0.0,0.22900832,0.22900832
train,17,30,246.0,143.6197,-102.380295
train,17,31,245.0,143.59853,-101.401474
train,17,32,244.0,142.27803,-101.72197
train,17,33,243.0,143.77934,-99.22066
train,17,34,242.0,136.57837,-105.42163
train,17,35,241.0,142.82536,-98.17464
train,17,36,240.0,143.71638,-96.283615
train,17,37,239.0,139.55441,-99.44559
train,17,38,238.0,143.77515,-94.22485
train,17,39,237.0,143.82175,-93.17825
train,17,40,236.0,143.82024,-92.17976
train,17,41,235.0,143.6891,-91.3109
train,17,42,234.0,142.95918,-91.04082
train,17,43,233.0,143.57487,-89.425125
train,17,44,232.0,142.95251,-89.047485
train,17,45,231.0,139.45863,-91.54137
train,17,46,230.0,139.93097,-90.06903
train,17,47,229.0,141.70721,-87.292786
train,17,48,228.0,143.57942,-84.42058
train,17,49,227.0,143.40384,-83.59616
train,17,50,226.0,143.77158,-82.228424
train,17,51,225.0,143.68512,-81.31488
train,17,52,224.0,143.77963,-80.22037
train,17,53,223.0,143.63766,-79.362335
train,17,54,222.0,143.77141,-78.22859
train,17,55,221.0,143.7995,-77.2005
train,17,56,220.0,143.7957,-76.2043
train,17,57,219.0,143.78119,-75.21881
train,17,58,218.0,143.7402,-74.259796
train,17,59,217.0,143.69168,-73.30832
train,17,60,216.0,143.72339,-72.27661
train,17,61,215.0,143.03441,-71.96559
train,17,62,214.0,143.40392,-70.596085
train,17,63,213.0,143.63873,-69.36127
train,17,64,212.0,143.4585,-68.541504
train,17,65,211.0,143.28044,-67.71956
train,17,66,210.0,143.6167,-66.3833
train,17,67,209.0,143.76353,-65.236465
train,17,68,208.0,143.20212,-64.79788
train,17,69,207.0,143.66563,-63.334366
train,17,70,206.0,142.61615,-63.38385
train,17,71,205.0,139.01599,-65.98401
train,17,72,204.0,123.7642,-80.2358
train,17,73,203.0,135.2287,-67.7713
train,17,74,202.0,133.87476,-68.125244
train,17,75,201.0,141.07536,-59.924637
train,17,76,200.0,143.5307,-56.4693
train,17,77,199.0,143.64969,-55.35031
train,17,78,198.0,143.73071,-54.269287
train,17,79,197.0,143.77348,-53.226517
train,17,80,196.0,143.7756,-52.224396
train,17,81,195.0,143.76155,-51.23845
train,17,82,194.0,143.27576,-50.724243
train,17,83,193.0,142.45709,-50.542908
train,17,84,192.0,143.5481,-48.451904
train,17,85,191.0,143.5295,-47.470505
train,17,86,190.0,141.44586,-48.55414
train,17,87,189.0,141.62881,-47.371185
train,17,88,188.0,140.51218,-47.487823
train,17,89,187.0,140.83679,-46.163208
train,17,90,186.0,134.51718,-51.48282
train,17,91,185.0,136.96278,-48.037216
train,17,92,184.0,142.50977,-41.490234
train,17,93,183.0,142.6585,-40.341507
train,17,94,182.0,142.83713,-39.162872
train,17,95,181.0,142.02203,-38.977966
train,17,96,180.0,142.37263,-37.627365
train,17,97,179.0,142.88733,-36.11267
train,17,98,178.0,143.35666,-34.64334
train,17,99,177.0,143.16756,-33.832443
train,17,100,176.0,143.31726,-32.68274
train,17,101,175.0,140.3706,-34.629395
train,17,102,174.0,134.88086,-39.11914
train,17,103,173.0,133.52765,-39.47235
train,17,104,172.0,140.11462,-31.885376
train,17,105,171.0,139.3707,-31.629303
train,17,106,170.0,138.71704,-31.282959
train,17,107,169.0,141.45016,-27.549835
train,17,108,168.0,143.66832,-24.33168
train,17,109,167.0,143.79959,-23.200409
train,17,110,166.0,143.79037,-22.209625
train,17,111,165.0,143.81143,-21.188568
train,17,112,164.0,143.78476,-20.21524
train,17,113,163.0,143.79575,-19.204254
train,17,114,162.0,143.80853,-18.191467
train,17,115,161.0,143.74612,-17.253876
train,17,116,160.0,143.69658,-16.303421
train,17,117,159.0,143.32997,-15.670029
train,17,118,158.0,143.0474,-14.952606
train,17,119,157.0,134.07834,-22.921661
train,17,120,156.0,136.65944,-19.34056
train,17,121,155.0,140.10034,-14.899658
train,17,122,154.0,139.44534,-14.554657
train,17,123,153.0,141.03934,-11.960663
train,17,124,152.0,134.67545,-17.324554
train,17,125,151.0,143.12631,-7.8736877
train,17,126,150.0,141.146,-8.854004
train,17,127,149.0,141.62613,-7.373871
train,17,128,148.0,137.61285,-10.387146
train,17,129,147.0,131.20602,-15.793976
train,17,130,146.0,123.36525,-22.63475
train,17,131,145.0,138.91148,-6.088516
train,17,132,144.0,141.55054,-2.449463
train,17,133,143.0,142.52658,-0.4734192
train,17,134,142.0,143.02539,1.0253906
train,17,135,141.0,134.75824,-6.2417603
train,17,136,140.0,141.07481,1.0748138
train,17,137,139.0,123.787895,-15.212105
train,17,138,138.0,139.98386,1.9838562
train,17,139,137.0,122.557976,-14.442024
train,17,140,136.0,108.886375,-27.113625
train,17,141,135.0,103.42768,-31.572319
train,17,142,134.0,104.548164,-29.451836
train,17,143,133.0,99.67779,-33.322212
train,17,144,132.0,98.47848,-33.521523
train,17,145,131.0,94.792,-36.208
train,17,146,130.0,102.74421,-27.25579
train,17,147,129.0,104.8789,-24.121101
train,17,148,128.0,96.92365,-31.076347
train,17,149,127.0,95.65306,-31.34694
train,17,150,126.0,103.95672,-22.043282
train,17,151,125.0,104.44277,-20.557228
train,17,152,124.0,108.74376,-15.256241
train,17,153,123.0,110.263145,-12.736855
train,17,154,122.0,110.852165,-11.147835
train,17,155,121.0,118.39965,-2.6003494
train,17,156,120.0,121.573135,1.5731354
train,17,157,119.0,114.81344,-4.1865616
train,17,158,118.0,104.43383,-13.56617
train,17,159,117.0,111.95818,-5.0418167
train,17,160,116.0,115.76551,-0.23448944
train,17,161,115.0,113.243645,-1.7563553
train,17,162,114.0,114.467674,0.46767426
train,17,163,113.0,105.60722,-7.3927765
train,17,164,112.0,117.09267,5.0926666
train,17,165,111.0,125.55146,14.55146
train,17,166,110.0,130.30371,20.30371
train,17,167,109.0,137.32005,28.320053
train,17,168,108.0,140.61209,32.61209
train,17,169,107.0,136.50368,29.503677
train,17,170,106.0,127.913445,21.913445
train,17,171,105.0,123.424614,18.424614
train,17,172,104.0,111.45388,7.4538803
train,17,173,103.0,103.19276,0.19275665
train,17,174,102.0,99.51821,-2.4817886
train,17,175,101.0,95.395195,-5.604805
train,17,176,100.0,97.15413,-2.845871
train,17,177,99.0,96.29237,-2.7076263
train,17,178,98.0,94.88685,-3.1131516
train,17,179,97.0,93.31234,-3.6876602
train,17,180,96.0,94.01948,-1.9805222
train,17,181,95.0,95.85314,0.8531418
train,17,182,94.0,94.32748,0.3274765
train,17,183,93.0,93.157845,0.15784454
train,17,184,92.0,91.38782,-0.6121826
train,17,185,91.0,90.01519,-0.9848099
train,17,186,90.0,82.73533,-7.2646713
train,17,187,89.0,84.41289,-4.5871124
train,17,188,88.0,69.81933,-18.180672
train,17,189,87.0,62.497925,-24.502075
train,17,190,86.0,59.781963,-26.218037
train,17,191,85.0,59.741592,-25.258408
train,17,192,84.0,66.608604,-17.391396
train,17,193,83.0,64.93745,-18.062553
train,17,194,82.0,64.69816,-17.301842
train,17,195,81.0,67.68101,-13.318993
train,17,196,80.0,65.91429,-14.085709
train,17,197,79.0,66.75707,-12.242928
train,17,198,78.0,67.76976,-10.23024
train,17,199,77.0,73.0642,-3.9357986
train,17,200,76.0,70.72052,-5.27948
train,17,201,75.0,62.80422,-12.195782
train,17,202,74.0,59.87765,-14.122349
train,17,203,73.0,63.416374,-9.583626
train,17,204,72.0,58.13137,-13.868629
train,17,205,71.0,59.131214,-11.868786
train,17,206,70.0,69.28142,-0.71858215
train,17,207,69.0,65.74195,-3.258049
train,17,208,68.0,65.85552,-2.1444778
train,17,209,67.0,65.11268,-1.8873215
train,17,210,66.0,64.77903,-1.2209702
train,17,211,65.0,66.17843,1.1784286
train,17,212,64.0,62.514935,-1.4850655
train,17,213,63.0,65.12359,2.1235886
train,17,214,62.0,60.919678,-1.0803223
train,17,215,61.0,60.366623,-0.6333771
train,17,216,60.0,59.386726,-0.6132736
train,17,217,59.0,53.03051,-5.96949
train,17,218,58.0,56.95099,-1.0490112
train,17,219,57.0,59.60103,2.6010284
train,17,220,56.0,60.14616,4.14616
train,17,221,55.0,56.843796,1.8437958
train,17,222,54.0,48.364174,-5.635826
train,17,223,53.0,49.99226,-3.00774
train,17,224,52.0,42.565853,-9.434147
train,17,225,51.0,42.848907,-8.151093
train,17,226,50.0,40.84147,-9.158531
train,17,227,49.0,39.841827,-9.158173
train,17,228,48.0,39.6778,-8.322201
train,17,229,47.0,42.437386,-4.5626144
train,17,230,46.0,43.195656,-2.8043442
train,17,231,45.0,38.123676,-6.8763237
train,17,232,44.0,36.71973,-7.2802696
train,17,233,43.0,32.41569,-10.584309
train,17,234,42.0,30.381325,-11.618675
train,17,235,41.0,29.112616,-11.887384
train,17,236,40.0,30.101862,-9.898138
train,17,237,39.0,29.979483,-9.020517
train,17,238,38.0,29.77021,-8.22979
train,17,239,37.0,27.115269,-9.884731
train,17,240,36.0,28.075666,-7.9243336
train,17,241,35.0,27.716364,-7.283636
train,17,242,34.0,26.059908,-7.940092
train,17,243,33.0,28.014101,-4.985899
train,17,244,32.0,26.225462,-5.774538
train,17,245,31.0,27.212748,-3.7872524
train,17,246,30.0,27.420477,-2.579523
train,17,247,29.0,25.048725,-3.9512749
train,17,248,28.0,24.00394,-3.9960594
train,17,249,27.0,27.795866,0.795866
train,17,250,26.0,24.763687,-1.2363129
train,17,251,25.0,22.501387,-2.4986134
train,17,252,24.0,18.96997,-5.0300293
train,17,253,23.0,19.591934,-3.4080658
train,17,254,22.0,18.620552,-3.379448
train,17,255,21.0,16.7445,-4.255501
train,17,256,20.0,15.178447,-4.821553
train,17,257,19.0,13.605339,-5.394661
train,17,258,18.0,11.637383,-6.3626165
train,17,259,17.0,13.522861,-3.4771395
train,17,260,16.0,12.967597,-3.032403
train,17,261,15.0,11.855378,-3.1446218
train,17,262,14.0,10.852035,-3.1479654
train,17,263,13.0,9.428765,-3.5712347
train,17,264,12.0,7.167628,-4.832372
train,17,265,11.0,5.8309283,-5.1690717
train,17,266,10.0,5.915548,-4.084452
train,17,267,9.0,4.5776324,-4.4223676
train,17,268,8.0,5.666409,-2.333591
train,17,269,7.0,3.5727859,-3.4272141
train,17,270,6.0,2.332539,-3.667461
train,17,271,5.0,2.3193755,-2.6806245
train,17,272,4.0,2.9088101,-1.0911899
train,17,273,3.0,1.6223589,-1.3776411
train,17,274,2.0,1.67092,-0.32908
train,17,275,1.0,2.0648952,1.0648952
train,17,276,0.0,0.69010603,0.69010603
train,18,30,165.0,143.8222,-21.177795
train,18,31,164.0,143.82874,-20.171265
train,18,32,163.0,143.8269,-19.173096
train,18,33,162.0,143.82088,-18.179123
train,18,34,161.0,143.51443,-17.485565
train,18,35,160.0,143.6914,-16.308594
train,18,36,159.0,142.80438,-16.195618
train,18,37,158.0,134.50728,-23.492722
train,18,38,157.0,126.505226,-30.494774
train,18,39,156.0,130.1753,-25.824707
train,18,40,155.0,136.43073,-18.569275
train,18,41,154.0,143.1651,-10.8349
train,18,42,153.0,143.2909,-9.709106
train,18,43,152.0,143.69788,-8.302124
train,18,44,151.0,143.7336,-7.266403
train,18,45,150.0,143.81647,-6.1835327
train,18,46,149.0,143.81473,-5.185272
train,18,47,148.0,143.81982,-4.180176
train,18,48,147.0,143.82333,-3.1766663
train,18,49,146.0,143.83005,-2.1699524
train,18,50,145.0,143.82722,-1.1727753
train,18,51,144.0,143.82944,-0.17056274
train,18,52,143.0,143.79115,0.79115295
train,18,53,142.0,143.82774,1.8277435
train,18,54,141.0,143.79851,2.7985077
train,18,55,140.0,138.79382,-1.2061768
train,18,56,139.0,126.07258,-12.927422
train,18,57,138.0,124.18809,-13.811913
train,18,58,137.0,130.75327,-6.2467346
train,18,59,136.0,134.3674,-1.6325989
train,18,60,135.0,118.288795,-16.711205
train,18,61,134.0,122.03403,-11.965973
train,18,62,133.0,111.11216,-21.88784
train,18,63,132.0,110.91962,-21.080383
train,18,64,131.0,102.60985,-28.390152
train,18,65,130.0,121.779366,-8.220634
train,18,66,129.0,118.232765,-10.767235
train,18,67,128.0,117.76073,-10.239273
train,18,68,127.0,111.83373,-15.166267
train,18,69,126.0,113.30781,-12.692192
train,18,70,125.0,117.835014,-7.1649857
train,18,71,124.0,125.647736,1.6477356
train,18,72,123.0,122.271,-0.7289963
train,18,73,122.0,120.42021,-1.5797882
train,18,74,121.0,125.88543,4.8854294
train,18,75,120.0,119.3334,-0.6666031
train,18,76,119.0,107.574745,-11.425255
train,18,77,118.0,107.89739,-10.102608
train,18,78,117.0,104.24313,-12.756866
train,18,79,116.0,103.29444,-12.705559
train,18,80,115.0,91.360214,-23.639786
train,18,81,114.0,84.029144,-29.970856
train,18,82,113.0,82.19347,-30.806534
train,18,83,112.0,83.07116,-28.92884
train,18,84,111.0,86.357155,-24.642845
train,18,85,110.0,82.50431,-27.49569
train,18,86,109.0,84.19918,-24.80082
train,18,87,108.0,83.76292,-24.237083
train,18,88,107.0,82.1601,-24.839897
train,18,89,106.0,82.466835,-23.533165
train,18,90,105.0,79.117905,-25.882095
train,18,91,104.0,81.58889,-22.41111
train,18,92,103.0,82.549774,-20.450226
train,18,93,102.0,85.61045,-16.38955
train,18,94,101.0,93.83993,-7.1600723
train,18,95,100.0,94.14727,-5.85273
train,18,96,99.0,96.30672,-2.693283
train,18,97,98.0,95.91208,-2.0879211
train,18,98,97.0,95.27012,-1.7298813
train,18,99,96.0,98.60966,2.6096573
train,18,100,95.0,95.318375,0.31837463
train,18,101,94.0,82.63418,-11.365822
train,18,102,93.0,82.51432,-10.48568
train,18,103,92.0,80.46187,-11.538132
train,18,104,91.0,76.81788,-14.182121
train,18,105,90.0,76.772804,-13.227196
train,18,106,89.0,77.41953,-11.580467
train,18,107,88.0,79.28831,-8.711693
train,18,108,87.0,77.64632,-9.353683
train,18,109,86.0,83.180565,-2.8194351
train,18,110,85.0,80.85778,-4.1422195
train,18,111,84.0,81.39962,-2.60038
train,18,112,83.0,81.325325,-1.674675
train,18,113,82.0,79.983604,-2.0163956
train,18,114,81.0,78.97115,-2.0288467
train,18,115,80.0,79.58416,-0.41584015
train,18,116,79.0,76.14217,-2.8578262
train,18,117,78.0,75.74874,-2.2512589
train,18,118,77.0,71.697136,-5.302864
train,18,119,76.0,70.314,-5.685997
train,18,120,75.0,74.30769,-0.6923065
train,18,121,74.0,74.57072,0.57071686
train,18,122,73.0,78.029076,5.0290756
train,18,123,72.0,77.99631,5.9963074
train,18,124,71.0,78.64448,7.644478
train,18,125,70.0,81.30506,11.305061
train,18,126,69.0,81.70986,12.709862
train,18,127,68.0,73.734344,5.7343445
train,18,128,67.0,75.84005,8.84005
train,18,129,66.0,74.285194,8.285194
train,18,130,65.0,70.59114,5.5911407
train,18,131,64.0,68.49349,4.493492
train,18,132,63.0,69.0032,6.0031967
train,18,133,62.0,64.181244,2.181244
train,18,134,61.0,64.369484,3.369484
train,18,135,60.0,63.24683,3.24683
train,18,136,59.0,61.265102,2.2651024
train,18,137,58.0,59.249,1.2490005
train,18,138,57.0,59.414482,2.414482
train,18,139,56.0,60.630386,4.6303864
train,18,140,55.0,55.139194,0.13919449
train,18,141,54.0,57.214226,3.2142258
train,18,142,53.0,57.93894,4.938938
train,18,143,52.0,55.418987,3.4189873
train,18,144,51.0,53.074142,2.0741425
train,18,145,50.0,49.82546,-0.17454147
train,18,146,49.0,47.889145,-1.1108551
train,18,147,48.0,46.501526,-1.4984741
train,18,148,47.0,45.873497,-1.126503
train,18,149,46.0,43.69398,-2.3060188
train,18,150,45.0,44.55918,-0.4408188
train,18,151,44.0,45.313496,1.3134956
train,18,152,43.0,45.42604,2.4260406
train,18,153,42.0,43.920418,1.9204178
train,18,154,41.0,45.524002,4.524002
train,18,155,40.0,43.144615,3.1446152
train,18,156,39.0,43.298885,4.2988853
train,18,157,38.0,40.84896,2.8489609
train,18,158,37.0,42.649963,5.6499634
train,18,159,36.0,41.651974,5.6519737
train,18,160,35.0,37.825676,2.825676
train,18,161,34.0,36.347717,2.3477173
train,18,162,33.0,36.105522,3.1055222
train,18,163,32.0,33.7492,1.7491989
train,18,164,31.0,34.7573,3.7573013
train,18,165,30.0,30.536898,0.53689766
train,18,166,29.0,30.226437,1.2264366
train,18,167,28.0,29.959919,1.959919
train,18,168,27.0,28.61021,1.6102104
train,18,169,26.0,26.57251,0.57250977
train,18,170,25.0,25.847517,0.847517
train,18,171,24.0,26.291754,2.2917538
train,18,172,23.0,23.817745,0.8177452
train,18,173,22.0,23.119087,1.1190872
train,18,174,21.0,18.504124,-2.4958763
train,18,175,20.0,19.22798,-0.77202034
train,18,176,19.0,18.879433,-0.12056732
train,18,177,18.0,17.568153,-0.43184662
train,18,178,17.0,15.679979,-1.3200207
train,18,179,16.0,16.11098,0.11097908
train,18,180,15.0,13.792731,-1.2072687
train,18,181,14.0,9.930097,-4.0699034
train,18,182,13.0,11.258443,-1.7415571
train,18,183,12.0,10.2258215,-1.7741785
train,18,184,11.0,11.27031,0.2703104
train,18,185,10.0,10.579761,0.57976055
train,18,186,9.0,9.232219,0.23221874
train,18,187,8.0,6.688496,-1.3115039
train,18,188,7.0,6.7874436,-0.21255636
train,18,189,6.0,6.5348325,0.5348325
train,18,190,5.0,6.5271335,1.5271335
train,18,191,4.0,5.647326,1.647326
train,18,192,3.0,6.010469,3.010469
train,18,193,2.0,3.585668,1.5856681
train,18,194,1.0,2.4260306,1.4260306
train,18,195,0.0,1.7948452,1.7948452
train,20,30,204.0,130.31264,-73.68736
train,20,31,203.0,134.05606,-68.94394
train,20,32,202.0,141.95352,-60.04648
train,20,33,201.0,140.83014,-60.16986
train,20,34,200.0,141.84561,-58.15439
train,20,35,199.0,141.70248,-57.297516
train,20,36,198.0,142.40204,-55.59796
train,20,37,197.0,142.51788,-54.482117
train,20,38,196.0,142.31328,-53.68672
train,20,39,195.0,143.43326,-51.566742
train,20,40,194.0,140.83734,-53.16266
train,20,41,193.0,143.14334,-49.85666
train,20,42,192.0,141.66672,-50.333282
train,20,43,191.0,143.03816,-47.961838
train,20,44,190.0,143.11697,-46.883026
train,20,45,189.0,142.42331,-46.57669
train,20,46,188.0,143.08577,-44.91423
train,20,47,187.0,143.42676,-43.573242
train,20,48,186.0,140.57362,-45.426376
train,20,49,185.0,139.08655,-45.913452
train,20,50,184.0,142.08058,-41.91942
train,20,51,183.0,139.18239,-43.81761
train,20,52,182.0,141.54889,-40.45111
train,20,53,181.0,142.19998,-38.80002
train,20,54,180.0,142.89948,-37.100525
train,20,55,179.0,142.7955,-36.2045
train,20,56,178.0,140.59549,-37.40451
train,20,57,177.0,143.11563,-33.88437
train,20,58,176.0,141.91693,-34.08307
train,20,59,175.0,137.18484,-37.815155
train,20,60,174.0,134.16325,-39.836746
train,20,61,173.0,139.28885,-33.71115
train,20,62,172.0,142.34709,-29.652908
train,20,63,171.0,143.21431,-27.78569
train,20,64,170.0,142.56445,-27.435547
train,20,65,169.0,143.16473,-25.835266
train,20,66,168.0,141.27618,-26.723816
train,20,67,167.0,141.25385,-25.746155
train,20,68,166.0,135.60443,-30.395569
train,20,69,165.0,142.80945,-22.190552
train,20,70,164.0,142.08475,-21.915253
train,20,71,163.0,142.78607,-20.213928
train,20,72,162.0,143.15668,-18.843323
train,20,73,161.0,142.94373,-18.056274
train,20,74,160.0,142.7933,-17.206696
train,20,75,159.0,141.71074,-17.28926
train,20,76,158.0,142.98111,-15.01889
train,20,77,157.0,143.05931,-13.940689
train,20,78,156.0,142.88702,-13.112976
train,20,79,155.0,141.50916,-13.490845
train,20,80,154.0,141.02573,-12.974274
train,20,81,153.0,139.15317,-13.846832
train,20,82,152.0,137.6763,-14.3237
train,20,83,151.0,124.521774,-26.478226
train,20,84,150.0,125.21645,-24.783546
train,20,85,149.0,123.12864,-25.87136
train,20,86,148.0,122.383766,-25.616234
train,20,87,147.0,133.31601,-13.6839905
train,20,88,146.0,125.46613,-20.533867
train,20,89,145.0,111.703964,-33.296036
train,20,90,144.0,119.31118,-24.68882
train,20,91,143.0,128.1699,-14.830093
train,20,92,142.0,127.19634,-14.803658
train,20,93,141.0,124.05819,-16.94181
train,20,94,140.0,123.59986,-16.400139
train,20,95,139.0,138.00854,-0.9914551
train,20,96,138.0,136.52014,-1.4798584
train,20,97,137.0,110.10647,-26.893532
train,20,98,136.0,108.5239,-27.476097
train,20,99,135.0,112.9161,-22.0839
train,20,100,134.0,119.31117,-14.6888275
train,20,101,133.0,120.9537,-12.046303
train,20,102,132.0,121.08584,-10.914162
train,20,103,131.0,97.33904,-33.660957
train,20,104,130.0,134.70386,4.7038574
train,20,105,129.0,112.10432,-16.895683
train,20,106,128.0,113.956154,-14.043846
train,20,107,127.0,99.138115,-27.861885
train,20,108,126.0,120.0834,-5.916603
train,20,109,125.0,127.17046,2.1704636
train,20,110,124.0,125.44031,1.4403076
train,20,111,123.0,129.71707,6.7170715
train,20,112,122.0,126.68785,4.687851
train,20,113,121.0,112.51212,-8.487877
train,20,114,120.0,107.280624,-12.719376
train,20,115,119.0,127.456726,8.456726
train,20,116,118.0,107.59374,-10.406258
train,20,117,117.0,107.38099,-9.619011
train,20,118,116.0,94.054924,-21.945076
train,20,119,115.0,97.31364,-17.686363
train,20,120,114.0,99.47278,-14.527222
train,20,121,113.0,106.12385,-6.876152
train,20,122,112.0,108.53954,-3.4604568
train,20,123,111.0,94.69721,-16.302788
train,20,124,110.0,102.222,-7.778
train,20,125,109.0,109.21502,0.21501923
train,20,126,108.0,101.85998,-6.1400223
train,20,127,107.0,103.33344,-3.6665573
train,20,128,106.0,95.91796,-10.082039
train,20,129,105.0,95.97224,-9.027763
train,20,130,104.0,91.35626,-12.643738
train,20,131,103.0,101.29882,-1.7011795
train,20,132,102.0,92.680824,-9.319176
train,20,133,101.0,96.46572,-4.534279
train,20,134,100.0,104.74577,4.7457733
train,20,135,99.0,104.81728,5.8172836
train,20,136,98.0,103.65461,5.6546097
train,20,137,97.0,100.59044,3.5904388
train,20,138,96.0,97.92387,1.9238663
train,20,139,95.0,94.975,-0.025001526
train,20,140,94.0,94.02895,0.028953552
train,20,141,93.0,95.345406,2.3454056
train,20,142,92.0,88.3308,-3.669197
train,20,143,91.0,80.768524,-10.231476
train,20,144,90.0,85.99804,-4.0019608
train,20,145,89.0,84.748726,-4.251274
train,20,146,88.0,82.249214,-5.750786
train,20,147,87.0,87.42898,0.42897797
train,20,148,86.0,91.66233,5.6623306
train,20,149,85.0,102.907295,17.907295
train,20,150,84.0,86.64042,2.640419
train,20,151,83.0,85.82458,2.8245773
train,20,152,82.0,81.34518,-0.6548233
train,20,153,81.0,84.008705,3.0087051
train,20,154,80.0,91.154106,11.154106
train,20,155,79.0,84.799644,5.7996445
train,20,156,78.0,79.41309,1.4130936
train,20,157,77.0,79.06301,2.0630112
train,20,158,76.0,81.37787,5.3778687
train,20,159,75.0,86.48382,11.483818
train,20,160,74.0,78.21667,4.216667
train,20,161,73.0,70.79731,-2.2026901
train,20,162,72.0,66.17836,-5.82164
train,20,163,71.0,63.16691,-7.8330917
train,20,164,70.0,58.935837,-11.064163
train,20,165,69.0,52.699226,-16.300774
train,20,166,68.0,60.61511,-7.3848915
train,20,167,67.0,63.35875,-3.6412506
train,20,168,66.0,58.112385,-7.887615
train,20,169,65.0,52.57342,-12.4265785
train,20,170,64.0,55.797955,-8.202045
train,20,171,63.0,55.732216,-7.267784
train,20,172,62.0,54.603615,-7.396385
train,20,173,61.0,53.99555,-7.0044518
train,20,174,60.0,59.199387,-0.8006134
train,20,175,59.0,59.644535,0.64453506
train,20,176,58.0,61.42686,3.4268608
train,20,177,57.0,62.649414,5.649414
train,20,178,56.0,64.09531,8.095306
train,20,179,55.0,60.84279,5.8427887
train,20,180,54.0,57.319866,3.3198662
train,20,181,53.0,55.937702,2.9377022
train,20,182,52.0,56.20558,4.2055817
train,20,183,51.0,59.088562,8.088562
train,20,184,50.0,59.30417,9.304169
train,20,185,49.0,57.598763,8.5987625
train,20,186,48.0,56.25541,8.255409
train,20,187,47.0,58.60831,11.608311
train,20,188,46.0,52.77146,6.7714615
train,20,189,45.0,53.152092,8.152092
train,20,190,44.0,52.920536,8.920536
train,20,191,43.0,50.06653,7.0665283
train,20,192,42.0,47.30396,5.303959
train,20,193,41.0,46.47839,5.4783897
train,20,194,40.0,43.732376,3.732376
train,20,195,39.0,44.320904,5.320904
train,20,196,38.0,38.910095,0.9100952
train,20,197,37.0,39.490707,2.4907074
train,20,198,36.0,36.74299,0.7429886
train,20,199,35.0,36.2021,1.2020988
train,20,200,34.0,36.552643,2.5526428
train,20,201,33.0,34.21191,1.2119102
train,20,202,32.0,31.976568,-0.023431778
train,20,203,31.0,31.396538,0.39653778
train,20,204,30.0,27.928642,-2.0713577
train,20,205,29.0,25.798298,-3.201702
train,20,206,28.0,27.200748,-0.79925156
train,20,207,27.0,23.032143,-3.9678574
train,20,208,26.0,22.157984,-3.8420162
train,20,209,25.0,21.988916,-3.0110836
train,20,210,24.0,22.72308,-1.2769203
train,20,211,23.0,21.613052,-1.3869476
train,20,212,22.0,21.558334,-0.44166565
train,20,213,21.0,20.871254,-0.12874603
train,20,214,20.0,18.56649,-1.4335098
train,20,215,19.0,16.450733,-2.5492668
train,20,216,18.0,13.831249,-4.168751
train,20,217,17.0,13.857028,-3.142972
train,20,218,16.0,11.67972,-4.32028
train,20,219,15.0,12.873513,-2.1264868
train,20,220,14.0,13.558016,-0.44198418
train,20,221,13.0,15.140534,2.1405344
train,20,222,12.0,14.447835,2.447835
train,20,223,11.0,14.47643,3.47643
train,20,224,10.0,15.052115,5.0521154
train,20,225,9.0,12.856554,3.856554
train,20,226,8.0,11.647524,3.6475239
train,20,227,7.0,12.368354,5.368354
train,20,228,6.0,12.096508,6.096508
train,20,229,5.0,12.272699,7.2726994
train,20,230,4.0,10.16401,6.16401
train,20,231,3.0,6.492043,3.492043
train,20,232,2.0,4.280618,2.2806182
train,20,233,1.0,2.477388,1.4773879
train,20,234,0.0,2.1529136,2.1529136
train,21,30,165.0,143.79233,-21.207672
train,21,31,164.0,143.7006,-20.299393
train,21,32,163.0,143.76952,-19.230484
train,21,33,162.0,143.76366,-18.236343
train,21,34,161.0,143.71162,-17.288376
train,21,35,160.0,143.53487,-16.465134
train,21,36,159.0,142.98125,-16.018753
train,21,37,158.0,142.69475,-15.305252
train,21,38,157.0,143.71564,-13.284363
train,21,39,156.0,143.69441,-12.305588
train,21,40,155.0,140.47903,-14.520966
train,21,41,154.0,142.33368,-11.666321
train,21,42,153.0,143.07246,-9.927536
train,21,43,152.0,143.10474,-8.895264
train,21,44,151.0,143.25723,-7.7427673
train,21,45,150.0,143.30597,-6.694031
train,21,46,149.0,143.5581,-5.4418945
train,21,47,148.0,143.58556,-4.414444
train,21,48,147.0,143.72733,-3.2726746
train,21,49,146.0,143.7443,-2.2557068
train,21,50,145.0,143.77011,-1.2298889
train,21,51,144.0,143.77989,-0.22010803
train,21,52,143.0,143.59792,0.59791565
train,21,53,142.0,143.51761,1.5176086
train,21,54,141.0,143.73576,2.7357635
train,21,55,140.0,143.79733,3.7973328
train,21,56,139.0,143.46466,4.4646606
train,21,57,138.0,143.76086,5.7608643
train,21,58,137.0,143.73828,6.7382812
train,21,59,136.0,143.78485,7.784851
train,21,60,135.0,143.79558,8.795578
train,21,61,134.0,143.00497,9.004974
train,21,62,133.0,143.39258,10.392578
train,21,63,132.0,143.7789,11.7789
train,21,64,131.0,143.70578,12.70578
train,21,65,130.0,143.58534,13.585342
train,21,66,129.0,143.60403,14.604034
train,21,67,128.0,143.57922,15.579224
train,21,68,127.0,143.58487,16.58487
train,21,69,126.0,143.77473,17.774734
train,21,70,125.0,143.66148,18.661484
train,21,71,124.0,143.79431,19.794312
train,21,72,123.0,143.2358,20.235794
train,21,73,122.0,143.70526,21.705261
train,21,74,121.0,143.58562,22.585617
train,21,75,120.0,143.62653,23.626526
train,21,76,119.0,143.3963,24.396301
train,21,77,118.0,143.67342,25.673416
train,21,78,117.0,143.7362,26.736206
train,21,79,116.0,143.7175,27.717499
train,21,80,115.0,143.64557,28.645569
train,21,81,114.0,142.10709,28.107086
train,21,82,113.0,143.36072,30.360718
train,21,83,112.0,143.69669,31.696686
train,21,84,111.0,143.78738,32.787384
train,21,85,110.0,142.75983,32.759827
train,21,86,109.0,143.50934,34.50934
train,21,87,108.0,143.29651,35.29651
train,21,88,107.0,143.70262,36.70262
train,21,89,106.0,142.69093,36.690933
train,21,90,105.0,143.58861,38.588608
train,21,91,104.0,143.7378,39.737793
train,21,92,103.0,140.83142,37.83142
train,21,93,102.0,132.47224,30.472244
train,21,94,101.0,123.42556,22.42556
train,21,95,100.0,109.365944,9.365944
train,21,96,99.0,101.07343,2.073433
train,21,97,98.0,96.79908,-1.2009201
train,21,98,97.0,92.18011,-4.819893
train,21,99,96.0,100.68773,4.687729
train,21,100,95.0,98.70285,3.7028503
train,21,101,94.0,99.10585,5.10585
train,21,102,93.0,86.885185,-6.1148148
train,21,103,92.0,84.549614,-7.450386
train,21,104,91.0,79.87891,-11.121094
train,21,105,90.0,84.55294,-5.4470596
train,21,106,89.0,86.92606,-2.0739365
train,21,107,88.0,93.57293,5.5729294
train,21,108,87.0,94.78178,7.7817764
train,21,109,86.0,83.86309,-2.1369095
train,21,110,85.0,95.848366,10.848366
train,21,111,84.0,90.31605,6.3160477
train,21,112,83.0,83.57897,0.57897186
train,21,113,82.0,91.69247,9.692467
train,21,114,81.0,86.618256,5.6182556
train,21,115,80.0,83.92074,3.9207382
train,21,116,79.0,83.49001,4.490013
train,21,117,78.0,75.04968,-2.9503174
train,21,118,77.0,68.479256,-8.520744
train,21,119,76.0,71.72387,-4.2761307
train,21,120,75.0,78.066895,3.0668945
train,21,121,74.0,89.8423,15.8423
train,21,122,73.0,87.22709,14.227089
train,21,123,72.0,87.16532,15.165321
train,21,124,71.0,83.410675,12.410675
train,21,125,70.0,80.45859,10.458588
train,21,126,69.0,79.020256,10.020256
train,21,127,68.0,80.35951,12.359512
train,21,128,67.0,69.82615,2.826149
train,21,129,66.0,63.03586,-2.9641418
train,21,130,65.0,61.866264,-3.1337357
train,21,131,64.0,60.78371,-3.2162895
train,21,132,63.0,66.50819,3.5081863
train,21,133,62.0,69.17519,7.175194
train,21,134,61.0,62.795246,1.7952461
train,21,135,60.0,62.165966,2.165966
train,21,136,59.0,56.274284,-2.7257156
train,21,137,58.0,58.02162,0.021621704
train,21,138,57.0,57.73406,0.7340584
train,21,139,56.0,51.45246,-4.5475388
train,21,140,55.0,52.536945,-2.4630547
train,21,141,54.0,52.684753,-1.3152466
train,21,142,53.0,53.769455,0.76945496
train,21,143,52.0,47.192528,-4.807472
train,21,144,51.0,43.718655,-7.2813454
train,21,145,50.0,42.464195,-7.5358047
train,21,146,49.0,45.575996,-3.4240036
train,21,147,48.0,40.622654,-7.377346
train,21,148,47.0,39.67878,-7.3212204
train,21,149,46.0,37.484943,-8.515057
train,21,150,45.0,37.603745,-7.3962555
train,21,151,44.0,41.677532,-2.3224678
train,21,152,43.0,41.82404,-1.1759605
train,21,153,42.0,41.93706,-0.06293869
train,21,154,41.0,39.259823,-1.7401772
train,21,155,40.0,39.01823,-0.98176956
train,21,156,39.0,40.603577,1.6035767
train,21,157,38.0,36.77568,-1.2243195
train,21,158,37.0,34.529697,-2.4703026
train,21,159,36.0,34.396175,-1.6038246
train,21,160,35.0,33.01211,-1.9878883
train,21,161,34.0,30.9748,-3.0252
train,21,162,33.0,31.639975,-1.3600254
train,21,163,32.0,35.00775,3.0077515
train,21,164,31.0,30.94197,-0.058029175
train,21,165,30.0,30.120052,0.12005234
train,21,166,29.0,25.981,-3.018999
train,21,167,28.0,27.801233,-0.19876671
train,21,168,27.0,26.315645,-0.6843548
train,21,169,26.0,23.348507,-2.651493
train,21,170,25.0,21.53894,-3.4610596
train,21,171,24.0,21.012203,-2.9877968
train,21,172,23.0,21.87103,-1.1289692
train,21,173,22.0,21.862038,-0.13796234
train,21,174,21.0,21.866547,0.86654663
train,21,175,20.0,19.042627,-0.95737267
train,21,176,19.0,18.69397,-0.30603027
train,21,177,18.0,17.86391,-0.13608932
train,21,178,17.0,17.756628,0.75662804
train,21,179,16.0,17.731321,1.7313213
train,21,180,15.0,19.62848,4.628481
train,21,181,14.0,17.602041,3.6020412
train,21,182,13.0,15.756761,2.7567606
train,21,183,12.0,14.024184,2.0241842
train,21,184,11.0,13.037199,2.037199
train,21,185,10.0,11.175675,1.1756754
train,21,186,9.0,10.557878,1.5578775
train,21,187,8.0,8.891164,0.8911638
train,21,188,7.0,7.1807218,0.18072176
train,21,189,6.0,6.168797,0.16879702
train,21,190,5.0,6.1896367,1.1896367
train,21,191,4.0,7.083157,3.083157
train,21,192,3.0,4.870957,1.8709569
train,21,193,2.0,4.5135617,2.5135617
train,21,194,1.0,4.1527314,3.1527314
train,21,195,0.0,2.0486283,2.0486283
train,23,30,138.0,143.46033,5.460327
train,23,31,137.0,143.67793,6.6779327
train,23,32,136.0,143.67093,7.670929
train,23,33,135.0,143.42508,8.425079
train,23,34,134.0,143.668,9.667999
train,23,35,133.0,143.52025,10.520248
train,23,36,132.0,143.49399,11.493988
train,23,37,131.0,143.49231,12.49231
train,23,38,130.0,143.7323,13.7323
train,23,39,129.0,142.47668,13.476685
train,23,40,128.0,142.49942,14.49942
train,23,41,127.0,142.72884,15.728836
train,23,42,126.0,143.2236,17.223602
train,23,43,125.0,142.90143,17.901428
train,23,44,124.0,141.85849,17.85849
train,23,45,123.0,143.51782,20.517822
train,23,46,122.0,143.74503,21.745026
train,23,47,121.0,143.02252,22.022522
train,23,48,120.0,143.53694,23.536942
train,23,49,119.0,122.09179,3.0917892
train,23,50,118.0,117.34751,-0.6524887
train,23,51,117.0,131.24196,14.241959
train,23,52,116.0,112.94273,-3.0572662
train,23,53,115.0,112.27418,-2.7258224
train,23,54,114.0,121.99472,7.9947205
train,23,55,113.0,101.08047,-11.919533
train,23,56,112.0,98.7299,-13.270103
train,23,57,111.0,95.64141,-15.358589
train,23,58,110.0,98.246056,-11.753944
train,23,59,109.0,103.55253,-5.4474716
train,23,60,108.0,105.42649,-2.5735092
train,23,61,107.0,110.09992,3.0999222
train,23,62,106.0,109.73638,3.7363815
train,23,63,105.0,106.593346,1.5933456
train,23,64,104.0,99.34117,-4.6588287
train,23,65,103.0,98.187416,-4.812584
train,23,66,102.0,98.0458,-3.9542007
train,23,67,101.0,87.77345,-13.226547
train,23,68,100.0,88.74129,-11.258713
train,23,69,99.0,89.12136,-9.878639
train,23,70,98.0,87.527626,-10.472374
train,23,71,97.0,83.84411,-13.155891
train,23,72,96.0,80.57848,-15.421516
train,23,73,95.0,83.36328,-11.636719
train,23,74,94.0,81.51383,-12.486168
train,23,75,93.0,90.41717,-2.5828323
train,23,76,92.0,97.40443,5.4044266
train,23,77,91.0,91.653435,0.65343475
train,23,78,90.0,86.0619,-3.9381027
train,23,79,89.0,87.51664,-1.4833603
train,23,80,88.0,86.28377,-1.7162323
train,23,81,87.0,87.10113,0.101127625
train,23,82,86.0,87.27044,1.2704391
train,23,83,85.0,84.10932,-0.8906784
train,23,84,84.0,85.45585,1.4558487
train,23,85,83.0,69.03819,-13.961807
train,23,86,82.0,68.58073,-13.419273
train,23,87,81.0,74.54332,-6.4566803
train,23,88,80.0,76.1408,-3.8591995
train,23,89,79.0,74.357185,-4.6428146
train,23,90,78.0,63.846626,-14.153374
train,23,91,77.0,62.069916,-14.930084
train,23,92,76.0,57.825146,-18.174854
train,23,93,75.0,110.37557,35.375572
train,23,94,74.0,126.66221,52.66221
train,23,95,73.0,125.433334,52.433334
train,23,96,72.0,133.75932,61.759323
train,23,97,71.0,140.66377,69.66377
train,23,98,70.0,140.46376,70.46376
train,23,99,69.0,140.46619,71.46619
train,23,100,68.0,127.68533,59.685333
train,23,101,67.0,121.708206,54.708206
train,23,102,66.0,93.16641,27.166412
train,23,103,65.0,80.92528,15.925278
train,23,104,64.0,71.933174,7.933174
train,23,105,63.0,66.55485,3.5548477
train,23,106,62.0,55.60305,-6.39695
train,23,107,61.0,50.695465,-10.304535
train,23,108,60.0,55.289154,-4.710846
train,23,109,59.0,59.945854,0.9458542
train,23,110,58.0,55.927353,-2.072647
train,23,111,57.0,63.571655,6.5716553
train,23,112,56.0,59.44577,3.4457703
train,23,113,55.0,61.593925,6.5939255
train,23,114,54.0,60.671707,6.671707
train,23,115,53.0,58.13817,5.1381683
train,23,116,52.0,51.25885,-0.7411499
train,23,117,51.0,46.99804,-4.0019608
train,23,118,50.0,39.6484,-10.351601
train,23,119,49.0,39.70996,-9.290039
train,23,120,48.0,36.830856,-11.169144
train,23,121,47.0,34.947533,-12.052467
train,23,122,46.0,37.87128,-8.128719
train,23,123,45.0,38.450603,-6.5493965
train,23,124,44.0,40.162815,-3.837185
train,23,125,43.0,40.76729,-2.2327118
train,23,126,42.0,39.61912,-2.3808784
train,23,127,41.0,53.327126,12.327126
train,23,128,40.0,48.508427,8.508427
train,23,129,39.0,40.01075,1.0107498
train,23,130,38.0,35.00929,-2.9907112
train,23,131,37.0,30.251642,-6.748358
train,23,132,36.0,30.503496,-5.496504
train,23,133,35.0,27.250471,-7.749529
train,23,134,34.0,30.109062,-3.8909378
train,23,135,33.0,27.513947,-5.4860535
train,23,136,32.0,27.029099,-4.9709015
train,23,137,31.0,31.231722,0.23172188
train,23,138,30.0,31.227922,1.2279224
train,23,139,29.0,28.030107,-0.9698925
train,23,140,28.0,33.442448,5.4424477
train,23,141,27.0,30.537628,3.5376282
train,23,142,26.0,28.790205,2.790205
train,23,143,25.0,28.046156,3.046156
train,23,144,24.0,31.744165,7.7441654
train,23,145,23.0,29.740355,6.7403545
train,23,146,22.0,25.48087,3.4808693
train,23,147,21.0,24.638783,3.6387825
train,23,148,20.0,20.575203,0.57520294
train,23,149,19.0,17.458508,-1.5414925
train,23,150,18.0,15.992332,-2.0076675
train,23,151,17.0,15.131175,-1.868825
train,23,152,16.0,14.441667,-1.5583334
train,23,153,15.0,15.127167,0.12716675
train,23,154,14.0,12.732552,-1.2674484
train,23,155,13.0,12.456849,-0.5431509
train,23,156,12.0,11.766921,-0.23307896
train,23,157,11.0,11.541236,0.5412359
train,23,158,10.0,10.550462,0.55046177
train,23,159,9.0,11.420131,2.4201307
train,23,160,8.0,11.384482,3.3844824
train,23,161,7.0,10.277985,3.2779846
train,23,162,6.0,10.295625,4.2956247
train,23,163,5.0,9.327914,4.327914
train,23,164,4.0,7.8548827,3.8548827
train,23,165,3.0,8.040752,5.0407524
train,23,166,2.0,7.2880187,5.2880187
train,23,167,1.0,6.829125,5.829125
train,23,168,0.0,4.55339,4.55339
train,24,30,117.0,107.419174,-9.580826
train,24,31,116.0,106.14619,-9.853813
train,24,32,115.0,121.88795,6.887947
train,24,33,114.0,124.91689,10.916893
train,24,34,113.0,110.47831,-2.5216904
train,24,35,112.0,95.98997,-16.010033
train,24,36,111.0,93.54134,-17.458656
train,24,37,110.0,100.70248,-9.2975235
train,24,38,109.0,102.50334,-6.4966583
train,24,39,108.0,124.78516,16.785156
train,24,40,107.0,105.49131,-1.5086899
train,24,41,106.0,99.75216,-6.247841
train,24,42,105.0,124.97105,19.971046
train,24,43,104.0,120.9365,16.9365
train,24,44,103.0,121.676285,18.676285
train,24,45,102.0,135.27298,33.27298
train,24,46,101.0,128.62695,27.626953
train,24,47,100.0,131.72275,31.722748
train,24,48,99.0,123.90015,24.900146
train,24,49,98.0,107.63706,9.637062
train,24,50,97.0,105.94906,8.949059
train,24,51,96.0,109.533806,13.533806
train,24,52,95.0,111.76571,16.765709
train,24,53,94.0,95.86192,1.8619232
train,24,54,93.0,87.442345,-5.5576553
train,24,55,92.0,86.15504,-5.844963
train,24,56,91.0,82.796776,-8.203224
train,24,57,90.0,79.62568,-10.374321
train,24,58,89.0,79.498604,-9.501396
train,24,59,88.0,81.852936,-6.147064
train,24,60,87.0,85.70135,-1.2986526
train,24,61,86.0,83.57102,-2.428978
train,24,62,85.0,86.91544,1.9154434
train,24,63,84.0,85.293236,1.2932358
train,24,64,83.0,85.3079,2.3078995
train,24,65,82.0,81.18055,-0.8194504
train,24,66,81.0,80.29211,-0.7078934
train,24,67,80.0,85.349686,5.3496857
train,24,68,79.0,88.38939,9.389389
train,24,69,78.0,86.065674,8.065674
train,24,70,77.0,76.694405,-0.3055954
train,24,71,76.0,72.37475,-3.6252518
train,24,72,75.0,77.5236,2.5235977
train,24,73,74.0,80.35278,6.352783
train,24,74,73.0,72.86274,-0.13726044
train,24,75,72.0,71.03513,-0.96486664
train,24,76,71.0,72.19993,1.1999283
train,24,77,70.0,68.38524,-1.6147614
train,24,78,69.0,68.43184,-0.568161
train,24,79,68.0,76.50931,8.509308
train,24,80,67.0,72.10267,5.102669
train,24,81,66.0,77.10706,11.107063
train,24,82,65.0,75.46352,10.463516
train,24,83,64.0,72.65711,8.657112
train,24,84,63.0,74.044106,11.044106
train,24,85,62.0,77.681404,15.681404
train,24,86,61.0,76.96928,15.969276
train,24,87,60.0,68.51483,8.514832
train,24,88,59.0,64.04877,5.048767
train,24,89,58.0,69.76252,11.76252
train,24,90,57.0,65.466385,8.466385
train,24,91,56.0,61.070663,5.0706635
train,24,92,55.0,60.275146,5.2751465
train,24,93,54.0,60.81218,6.8121796
train,24,94,53.0,67.32952,14.329521
train,24,95,52.0,68.71938,16.719383
train,24,96,51.0,65.78096,14.78096
train,24,97,50.0,64.61358,14.613579
train,24,98,49.0,61.836567,12.836567
train,24,99,48.0,50.97471,2.9747086
train,24,100,47.0,54.496216,7.496216
train,24,101,46.0,53.455734,7.4557343
train,24,102,45.0,60.786224,15.786224
train,24,103,44.0,54.895306,10.895306
train,24,104,43.0,52.604618,9.604618
train,24,105,42.0,50.69747,8.697472
train,24,106,41.0,50.58471,9.584709
train,24,107,40.0,54.371918,14.371918
train,24,108,39.0,57.90848,18.908482
train,24,109,38.0,52.669113,14.669113
train,24,110,37.0,50.039417,13.039417
train,24,111,36.0,45.43035,9.430351
train,24,112,35.0,43.130768,8.130768
train,24,113,34.0,40.269085,6.269085
train,24,114,33.0,39.021294,6.0212936
train,24,115,32.0,40.105164,8.105164
train,24,116,31.0,39.513226,8.513226
train,24,117,30.0,35.554718,5.554718
train,24,118,29.0,33.66366,4.663658
train,24,119,28.0,40.191273,12.191273
train,24,120,27.0,35.181824,8.181824
train,24,121,26.0,40.549805,14.549805
train,24,122,25.0,37.211395,12.211395
train,24,123,24.0,27.44403,3.4440308
train,24,124,23.0,31.517656,8.517656
train,24,125,22.0,31.66707,9.66707
train,24,126,21.0,27.376917,6.376917
train,24,127,20.0,24.50413,4.5041294
train,24,128,19.0,24.827715,5.827715
train,24,129,18.0,24.133661,6.1336613
train,24,130,17.0,22.703802,5.703802
train,24,131,16.0,22.04942,6.0494194
train,24,132,15.0,21.14484,6.1448402
train,24,133,14.0,15.269276,1.2692757
train,24,134,13.0,13.245504,0.24550438
train,24,135,12.0,12.396095,0.39609528
train,24,136,11.0,9.797865,-1.2021351
train,24,137,10.0,8.007594,-1.9924059
train,24,138,9.0,9.821193,0.82119274
train,24,139,8.0,9.58877,1.5887699
train,24,140,7.0,9.704292,2.7042923
train,24,141,6.0,9.189127,3.189127
train,24,142,5.0,8.947389,3.9473886
train,24,143,4.0,6.433974,2.4339738
train,24,144,3.0,3.5237775,0.5237775
train,24,145,2.0,2.4685636,0.46856356
train,24,146,1.0,2.531116,1.531116
train,24,147,0.0,3.3753743,3.3753743
train,27,30,126.0,143.37979,17.379791
train,27,31,125.0,143.58908,18.58908
train,27,32,124.0,143.62434,19.624344
train,27,33,123.0,143.67801,20.678009
train,27,34,122.0,143.70993,21.70993
train,27,35,121.0,143.69632,22.69632
train,27,36,120.0,143.60904,23.60904
train,27,37,119.0,143.79561,24.795609
train,27,38,118.0,143.62256,25.622559
train,27,39,117.0,143.41745,26.41745
train,27,40,116.0,142.16605,26.166046
train,27,41,115.0,142.96246,27.962463
train,27,42,114.0,141.15552,27.155518
train,27,43,113.0,101.275,-11.724998
train,27,44,112.0,104.184654,-7.815346
train,27,45,111.0,100.14895,-10.851051
train,27,46,110.0,98.58417,-11.4158325
train,27,47,109.0,105.40757,-3.59243
train,27,48,108.0,103.21145,-4.7885513
train,27,49,107.0,97.93734,-9.06266
train,27,50,106.0,85.00097,-20.999031
train,27,51,105.0,86.39715,-18.602852
train,27,52,104.0,90.97898,-13.021019
train,27,53,103.0,100.23551,-2.7644882
train,27,54,102.0,85.58642,-16.413582
train,27,55,101.0,87.98879,-13.011208
train,27,56,100.0,90.19637,-9.803627
train,27,57,99.0,88.41863,-10.5813675
train,27,58,98.0,93.3655,-4.6344986
train,27,59,97.0,88.36187,-8.63813
train,27,60,96.0,84.236046,-11.763954
train,27,61,95.0,80.68722,-14.312782
train,27,62,94.0,80.60319,-13.396812
train,27,63,93.0,77.52444,-15.475563
train,27,64,92.0,79.77601,-12.223991
train,27,65,91.0,84.12711,-6.8728867
train,27,66,90.0,86.11492,-3.8850784
train,27,67,89.0,91.51693,2.5169296
train,27,68,88.0,92.03705,4.0370483
train,27,69,87.0,93.63601,6.636009
train,27,70,86.0,91.87951,5.879509
train,27,71,85.0,92.58706,7.587059
train,27,72,84.0,90.8766,6.876602
train,27,73,83.0,85.96136,2.961357
train,27,74,82.0,90.3408,8.340797
train,27,75,81.0,88.15966,7.1596603
train,27,76,80.0,91.04752,11.0475235
train,27,77,79.0,91.78153,12.781532
train,27,78,78.0,85.55395,7.5539474
train,27,79,77.0,78.64092,1.6409225
train,27,80,76.0,75.74472,-0.25527954
train,27,81,75.0,77.9271,2.9271011
train,27,82,74.0,79.58605,5.586052
train,27,83,73.0,79.756485,6.756485
train,27,84,72.0,70.72726,-1.2727432
train,27,85,71.0,70.60676,-0.39324188
train,27,86,70.0,70.799385,0.7993851
train,27,87,69.0,66.64686,-2.3531418
train,27,88,68.0,68.10944,0.109443665
train,27,89,67.0,64.9392,-2.0607986
train,27,90,66.0,63.101845,-2.8981552
train,27,91,65.0,63.986168,-1.0138321
train,27,92,64.0,60.219536,-3.7804642
train,27,93,63.0,57.05773,-5.9422684
train,27,94,62.0,56.79092,-5.2090797
train,27,95,61.0,60.068657,-0.9313431
train,27,96,60.0,57.143967,-2.8560333
train,27,97,59.0,55.198296,-3.8017044
train,27,98,58.0,48.87773,-9.122269
train,27,99,57.0,50.955498,-6.0445023
train,27,100,56.0,52.805527,-3.1944733
train,27,101,55.0,57.239464,2.2394638
train,27,102,54.0,51.513313,-2.4866867
train,27,103,53.0,47.823387,-5.176613
train,27,104,52.0,48.435665,-3.5643349
train,27,105,51.0,50.40628,-0.5937195
train,27,106,50.0,50.666245,0.6662445
train,27,107,49.0,47.707153,-1.2928467
train,27,108,48.0,53.498528,5.4985275
train,27,109,47.0,48.96509,1.9650917
train,27,110,46.0,48.42688,2.42688
train,27,111,45.0,49.658737,4.658737
train,27,112,44.0,45.720978,1.7209778
train,27,113,43.0,45.605194,2.605194
train,27,114,42.0,45.152737,3.1527367
train,27,115,41.0,48.363373,7.363373
train,27,116,40.0,49.569588,9.569588
train,27,117,39.0,45.39239,6.392391
train,27,118,38.0,48.61062,10.610619
train,27,119,37.0,45.258045,8.258045
train,27,120,36.0,41.09497,5.0949707
train,27,121,35.0,41.856327,6.856327
train,27,122,34.0,40.937298,6.937298
train,27,123,33.0,37.668995,4.668995
train,27,124,32.0,37.44081,5.440811
train,27,125,31.0,38.041107,7.041107
train,27,126,30.0,34.661007,4.661007
train,27,127,29.0,34.261894,5.261894
train,27,128,28.0,30.60639,2.60639
train,27,129,27.0,31.01717,4.01717
train,27,130,26.0,30.011074,4.011074
train,27,131,25.0,28.846151,3.8461514
train,27,132,24.0,28.083984,4.0839844
train,27,133,23.0,27.699781,4.6997814
train,27,134,22.0,26.502804,4.502804
train,27,135,21.0,28.405277,7.4052773
train,27,136,20.0,27.487839,7.4878387
train,27,137,19.0,23.25617,4.2561703
train,27,138,18.0,17.84068,-0.15932083
train,27,139,17.0,18.292746,1.2927456
train,27,140,16.0,15.297498,-0.70250225
train,27,141,15.0,13.055947,-1.9440527
train,27,142,14.0,14.014037,0.014037132
train,27,143,13.0,13.821668,0.8216677
train,27,144,12.0,12.466498,0.46649837
train,27,145,11.0,10.36344,-0.63656044
train,27,146,10.0,9.106856,-0.89314365
train,27,147,9.0,7.2297263,-1.7702737
train,27,148,8.0,8.453792,0.45379162
train,27,149,7.0,9.124714,2.124714
train,27,150,6.0,6.7045665,0.7045665
train,27,151,5.0,7.189202,2.1892018
train,27,152,4.0,5.8365865,1.8365865
train,27,153,3.0,4.41235,1.4123502
train,27,154,2.0,3.2833352,1.2833352
train,27,155,1.0,3.9993634,2.9993634
train,27,156,0.0,2.6826081,2.6826081
train,29,30,133.0,143.36499,10.36499
train,29,31,132.0,143.64859,11.64859
train,29,32,131.0,111.1807,-19.819298
train,29,33,130.0,111.0758,-18.924202
train,29,34,129.0,115.48614,-13.513863
train,29,35,128.0,104.47438,-23.52562
train,29,36,127.0,104.910934,-22.089066
train,29,37,126.0,115.89492,-10.10508
train,29,38,125.0,105.13966,-19.860336
train,29,39,124.0,101.75728,-22.242722
train,29,40,123.0,100.73345,-22.266548
train,29,41,122.0,105.38796,-16.612038
train,29,42,121.0,108.29655,-12.703453
train,29,43,120.0,109.24781,-10.75219
train,29,44,119.0,112.857635,-6.1423645
train,29,45,118.0,119.83704,1.8370438
train,29,46,117.0,138.63608,21.636078
train,29,47,116.0,126.14215,10.142151
train,29,48,115.0,142.03964,27.039642
train,29,49,114.0,143.19986,29.19986
train,29,50,113.0,131.9529,18.952896
train,29,51,112.0,143.02504,31.02504
train,29,52,111.0,141.9065,30.906494
train,29,53,110.0,137.15794,27.157944
train,29,54,109.0,126.58335,17.583351
train,29,55,108.0,114.784935,6.784935
train,29,56,107.0,89.1241,-17.8759
train,29,57,106.0,86.96847,-19.031532
train,29,58,105.0,87.73734,-17.262657
train,29,59,104.0,93.82794,-10.172058
train,29,60,103.0,91.65722,-11.342781
train,29,61,102.0,89.862816,-12.137184
train,29,62,101.0,86.565254,-14.434746
train,29,63,100.0,75.15049,-24.84951
train,29,64,99.0,89.03025,-9.969749
train,29,65,98.0,100.78501,2.7850113
train,29,66,97.0,105.87293,8.872932
train,29,67,96.0,108.370834,12.370834
train,29,68,95.0,90.81979,-4.1802063
train,29,69,94.0,81.25812,-12.741882
train,29,70,93.0,87.84284,-5.157158
train,29,71,92.0,73.84999,-18.15001
train,29,72,91.0,70.5339,-20.466103
train,29,73,90.0,84.00507,-5.9949265
train,29,74,89.0,82.704155,-6.295845
train,29,75,88.0,81.90036,-6.09964
train,29,76,87.0,81.06865,-5.9313507
train,29,77,86.0,79.89024,-6.1097565
train,29,78,85.0,81.26133,-3.7386703
train,29,79,84.0,79.88488,-4.11512
train,29,80,83.0,84.93813,1.9381332
train,29,81,82.0,85.22369,3.2236862
train,29,82,81.0,80.17623,-0.8237686
train,29,83,80.0,78.95455,-1.0454483
train,29,84,79.0,83.98374,4.9837418
train,29,85,78.0,77.41802,-0.58197784
train,29,86,77.0,70.96276,-6.037239
train,29,87,76.0,73.61363,-2.3863678
train,29,88,75.0,71.930244,-3.0697556
train,29,89,74.0,74.48524,0.48523712
train,29,90,73.0,69.37286,-3.6271362
train,29,91,72.0,70.735634,-1.2643661
train,29,92,71.0,69.35824,-1.6417618
train,29,93,70.0,65.25431,-4.7456894
train,29,94,69.0,66.13369,-2.8663101
train,29,95,68.0,70.50123,2.5012283
train,29,96,67.0,78.79931,11.799309
train,29,97,66.0,62.320038,-3.6799622
train,29,98,65.0,51.07293,-13.927071
train,29,99,64.0,54.131485,-9.868515
train,29,100,63.0,58.12576,-4.874241
train,29,101,62.0,53.610706,-8.389294
train,29,102,61.0,47.7795,-13.220501
train,29,103,60.0,57.87376,-2.1262398
train,29,104,59.0,56.33125,-2.6687508
train,29,105,58.0,56.85772,-1.1422806
train,29,106,57.0,55.614956,-1.3850441
train,29,107,56.0,55.547047,-0.45295334
train,29,108,55.0,52.774994,-2.225006
train,29,109,54.0,57.742294,3.7422943
train,29,110,53.0,67.645744,14.645744
train,29,111,52.0,60.109398,8.109398
train,29,112,51.0,61.244205,10.244205
train,29,113,50.0,58.471107,8.4711075
train,29,114,49.0,60.877895,11.877895
train,29,115,48.0,55.722412,7.722412
train,29,116,47.0,48.14098,1.1409798
train,29,117,46.0,43.58964,-2.4103584
train,29,118,45.0,48.184162,3.1841621
train,29,119,44.0,45.867645,1.8676453
train,29,120,43.0,44.57631,1.5763092
train,29,121,42.0,39.038525,-2.9614754
train,29,122,41.0,45.093212,4.093212
train,29,123,40.0,44.493057,4.4930573
train,29,124,39.0,42.369392,3.3693924
train,29,125,38.0,36.77312,-1.2268791
train,29,126,37.0,34.543503,-2.4564972
train,29,127,36.0,35.47337,-0.5266304
train,29,128,35.0,35.661705,0.661705
train,29,129,34.0,35.93394,1.9339409
train,29,130,33.0,35.06897,2.0689697
train,29,131,32.0,30.137444,-1.8625565
train,29,132,31.0,29.644115,-1.3558846
train,29,133,30.0,31.38352,1.3835201
train,29,134,29.0,29.489826,0.4898262
train,29,135,28.0,27.470118,-0.52988243
train,29,136,27.0,30.865398,3.8653984
train,29,137,26.0,30.007442,4.0074425
train,29,138,25.0,25.542088,0.54208755
train,29,139,24.0,23.650333,-0.3496666
train,29,140,23.0,24.038746,1.0387459
train,29,141,22.0,23.233482,1.2334824
train,29,142,21.0,20.30613,-0.69387054
train,29,143,20.0,22.060574,2.0605736
train,29,144,19.0,17.352526,-1.6474743
train,29,145,18.0,14.396374,-3.6036263
train,29,146,17.0,16.283613,-0.7163868
train,29,147,16.0,15.868551,-0.13144875
train,29,148,15.0,16.013584,1.0135841
train,29,149,14.0,15.718932,1.7189322
train,29,150,13.0,11.119016,-1.8809843
train,29,151,12.0,10.564005,-1.4359951
train,29,152,11.0,10.179046,-0.8209543
train,29,153,10.0,9.990317,-0.009682655
train,29,154,9.0,8.5264225,-0.4735775
train,29,155,8.0,7.0218015,-0.9781985
train,29,156,7.0,6.58491,-0.41509008
train,29,157,6.0,7.7863965,1.7863965
train,29,158,5.0,5.0106883,0.010688305
train,29,159,4.0,4.6281857,0.62818575
train,29,160,3.0,4.7645154,1.7645154
train,29,161,2.0,2.977942,0.977942
train,29,162,1.0,3.5571218,2.5571218
train,29,163,0.0,3.1972013,3.1972013
train,30,30,164.0,143.82442,-20.175583
train,30,31,163.0,143.82172,-19.178284
train,30,32,162.0,143.82321,-18.176788
train,30,33,161.0,143.82361,-17.176392
train,30,34,160.0,143.81824,-16.181763
train,30,35,159.0,143.83023,-15.169769
train,30,36,158.0,143.8187,-14.181305
train,30,37,157.0,143.8258,-13.174194
train,30,38,156.0,143.818,-12.182007
train,30,39,155.0,143.80942,-11.190582
train,30,40,154.0,143.83023,-10.169769
train,30,41,153.0,143.82222,-9.17778
train,30,42,152.0,143.83508,-8.164917
train,30,43,151.0,143.82118,-7.1788177
train,30,44,150.0,143.82216,-6.177841
train,30,45,149.0,143.83049,-5.16951
train,30,46,148.0,143.8281,-4.1719055
train,30,47,147.0,143.81384,-3.1861572
train,30,48,146.0,143.8223,-2.1777039
train,30,49,145.0,143.82712,-1.1728821
train,30,50,144.0,143.81659,-0.18341064
train,30,51,143.0,143.82555,0.82554626
train,30,52,142.0,143.82245,1.8224487
train,30,53,141.0,143.76886,2.7688599
train,30,54,140.0,143.82166,3.8216553
train,30,55,139.0,143.80283,4.802826
train,30,56,138.0,143.82317,5.823166
train,30,57,137.0,143.82605,6.82605
train,30,58,136.0,143.82886,7.8288574
train,30,59,135.0,143.80368,8.80368
train,30,60,134.0,143.82285,9.822845
train,30,61,133.0,143.83055,10.830551
train,30,62,132.0,143.81786,11.817856
train,30,63,131.0,143.81912,12.819122
train,30,64,130.0,143.8247,13.824707
train,30,65,129.0,143.82208,14.8220825
train,30,66,128.0,143.81805,15.818054
train,30,67,127.0,143.82263,16.822632
train,30,68,126.0,143.82256,17.822556
train,30,69,125.0,143.82559,18.825592
train,30,70,124.0,143.82193,19.82193
train,30,71,123.0,143.82677,20.826767
train,30,72,122.0,143.52467,21.524673
train,30,73,121.0,143.79852,22.798523
train,30,74,120.0,143.71683,23.716827
train,30,75,119.0,143.72012,24.720123
train,30,76,118.0,136.47932,18.479324
train,30,77,117.0,122.84947,5.849472
train,30,78,116.0,119.370224,3.370224
train,30,79,115.0,112.09261,-2.9073868
train,30,80,114.0,107.54989,-6.4501114
train,30,81,113.0,114.50291,1.5029068
train,30,82,112.0,102.93008,-9.069923
train,30,83,111.0,104.50674,-6.4932632
train,30,84,110.0,100.82368,-9.176323
train,30,85,109.0,101.48624,-7.5137634
train,30,86,108.0,100.51343,-7.4865723
train,30,87,107.0,98.87596,-8.124039
train,30,88,106.0,103.94338,-2.0566177
train,30,89,105.0,102.20225,-2.7977524
train,30,90,104.0,99.83811,-4.161888
train,30,91,103.0,94.675735,-8.324265
train,30,92,102.0,94.39695,-7.60305
train,30,93,101.0,96.297226,-4.702774
train,30,94,100.0,97.62878,-2.3712234
train,30,95,99.0,102.24003,3.2400284
train,30,96,98.0,111.3293,13.3293
train,30,97,97.0,109.32316,12.323158
train,30,98,96.0,102.59501,6.595009
train,30,99,95.0,94.16396,-0.8360367
train,30,100,94.0,98.18419,4.184189
train,30,101,93.0,104.78913,11.789131
train,30,102,92.0,111.30933,19.309334
train,30,103,91.0,115.378654,24.378654
train,30,104,90.0,112.94628,22.946281
train,30,105,89.0,108.88657,19.886574
train,30,106,88.0,103.367195,15.367195
train,30,107,87.0,103.7456,16.745598
train,30,108,86.0,88.89262,2.8926163
train,30,109,85.0,89.56324,4.56324
train,30,110,84.0,85.04659,1.0465927
train,30,111,83.0,83.82392,0.8239212
train,30,112,82.0,82.47428,0.4742813
train,30,113,81.0,85.19495,4.1949463
train,30,114,80.0,89.65453,9.654533
train,30,115,79.0,89.56898,10.568977
train,30,116,78.0,86.33254,8.332542
train,30,117,77.0,87.77294,10.772942
train,30,118,76.0,90.67358,14.673576
train,30,119,75.0,95.79679,20.796791
train,30,120,74.0,97.08223,23.08223
train,30,121,73.0,99.020676,26.020676
train,30,122,72.0,92.07778,20.077782
train,30,123,71.0,86.050476,15.050476
train,30,124,70.0,82.76554,12.765541
train,30,125,69.0,83.43154,14.431541
train,30,126,68.0,84.272224,16.272224
train,30,127,67.0,85.2658,18.2658
train,30,128,66.0,84.45661,18.456612
train,30,129,65.0,80.92947,15.929466
train,30,130,64.0,78.97376,14.9737625
train,30,131,63.0,75.64686,12.646858
train,30,132,62.0,76.04296,14.042961
train,30,133,61.0,76.152405,15.152405
train,30,134,60.0,75.76614,15.766144
train,30,135,59.0,74.79824,15.798241
train,30,136,58.0,70.15345,12.15345
train,30,137,57.0,71.135994,14.135994
train,30,138,56.0,62.64772,6.6477203
train,30,139,55.0,56.850594,1.8505936
train,30,140,54.0,61.649063,7.649063
train,30,141,53.0,59.326134,6.3261337
train,30,142,52.0,51.9335,-0.06650162
train,30,143,51.0,55.20156,4.201561
train,30,144,50.0,52.18259,2.1825905
train,30,145,49.0,47.43634,-1.5636597
train,30,146,48.0,46.45025,-1.5497513
train,30,147,47.0,46.059967,-0.94003296
train,30,148,46.0,40.378223,-5.6217766
train,30,149,45.0,45.26551,0.26551056
train,30,150,44.0,39.004467,-4.995533
train,30,151,43.0,42.373947,-0.62605286
train,30,152,42.0,42.006493,0.0064926147
train,30,153,41.0,40.185493,-0.81450653
train,30,154,40.0,42.12123,2.121231
train,30,155,39.0,44.100243,5.1002426
train,30,156,38.0,43.918957,5.9189568
train,30,157,37.0,40.147987,3.1479874
train,30,158,36.0,39.15838,3.1583786
train,30,159,35.0,38.095684,3.095684
train,30,160,34.0,37.78811,3.7881088
train,30,161,33.0,33.394993,0.39499283
train,30,162,32.0,35.548645,3.548645
train,30,163,31.0,35.06121,4.0612106
train,30,164,30.0,32.952938,2.952938
train,30,165,29.0,33.403564,4.4035645
train,30,166,28.0,36.229687,8.229687
train,30,167,27.0,38.45293,11.45293
train,30,168,26.0,32.677914,6.6779137
train,30,169,25.0,28.998495,3.998495
train,30,170,24.0,30.151653,6.1516533
train,30,171,23.0,29.559042,6.559042
train,30,172,22.0,28.235647,6.235647
train,30,173,21.0,23.407629,2.407629
train,30,174,20.0,23.908241,3.9082413
train,30,175,19.0,22.833492,3.8334923
train,30,176,18.0,19.072638,1.0726376
train,30,177,17.0,17.504574,0.5045738
train,30,178,16.0,19.245838,3.2458382
train,30,179,15.0,22.799864,7.799864
train,30,180,14.0,17.168028,3.1680279
train,30,181,13.0,17.069235,4.069235
train,30,182,12.0,14.863103,2.863103
train,30,183,11.0,13.366526,2.3665257
train,30,184,10.0,11.607087,1.6070871
train,30,185,9.0,9.379899,0.37989902
train,30,186,8.0,10.4623785,2.4623785
train,30,187,7.0,7.367986,0.3679862
train,30,188,6.0,8.115453,2.1154528
train,30,189,5.0,6.133454,1.1334538
train,30,190,4.0,4.6966014,0.6966014
train,30,191,3.0,4.0858483,1.0858483
train,30,192,2.0,3.4375453,1.4375453
train,30,193,1.0,3.23344,2.23344
train,30,194,0.0,4.9058385,4.9058385
train,31,30,204.0,143.81665,-60.18335
train,31,31,203.0,143.82846,-59.17154
train,31,32,202.0,143.74142,-58.258575
train,31,33,201.0,143.822,-57.177994
train,31,34,200.0,143.8226,-56.1774
train,31,35,199.0,143.83156,-55.16844
train,31,36,198.0,143.82977,-54.170227
train,31,37,197.0,143.82523,-53.174774
train,31,38,196.0,143.82796,-52.172043
train,31,39,195.0,143.8308,-51.169205
train,31,40,194.0,143.8283,-50.171707
train,31,41,193.0,143.81839,-49.18161
train,31,42,192.0,143.81622,-48.183777
train,31,43,191.0,143.81833,-47.18167
train,31,44,190.0,143.82704,-46.17296
train,31,45,189.0,143.82483,-45.17517
train,31,46,188.0,143.82335,-44.17665
train,31,47,187.0,143.80597,-43.19403
train,31,48,186.0,143.81152,-42.188477
train,31,49,185.0,143.8317,-41.168304
train,31,50,184.0,143.82259,-40.177414
train,31,51,183.0,143.82446,-39.175537
train,31,52,182.0,143.81064,-38.18936
train,31,53,181.0,143.82767,-37.172333
train,31,54,180.0,143.82562,-36.174377
train,31,55,179.0,143.83354,-35.16646
train,31,56,178.0,143.82925,-34.170746
train,31,57,177.0,143.82272,-33.177277
train,31,58,176.0,143.82686,-32.17314
train,31,59,175.0,143.83347,-31.166534
train,31,60,174.0,143.83295,-30.167053
train,31,61,173.0,143.8074,-29.192596
train,31,62,172.0,143.82578,-28.174225
train,31,63,171.0,143.83441,-27.165588
train,31,64,170.0,143.79565,-26.204346
train,31,65,169.0,143.82106,-25.17894
train,31,66,168.0,143.79791,-24.202087
train,31,67,167.0,143.8229,-23.177094
train,31,68,166.0,143.83087,-22.169128
train,31,69,165.0,143.8161,-21.183899
train,31,70,164.0,143.82812,-20.171875
train,31,71,163.0,143.82718,-19.172821
train,31,72,162.0,143.82822,-18.171783
train,31,73,161.0,143.8286,-17.171402
train,31,74,160.0,143.82909,-16.170914
train,31,75,159.0,143.80138,-15.198624
train,31,76,158.0,143.79814,-14.2018585
train,31,77,157.0,143.62634,-13.373657
train,31,78,156.0,143.71777,-12.282227
train,31,79,155.0,143.60759,-11.39241
train,31,80,154.0,142.62766,-11.372345
train,31,81,153.0,142.97295,-10.027054
train,31,82,152.0,143.62201,-8.377991
train,31,83,151.0,143.81502,-7.1849823
train,31,84,150.0,143.82248,-6.1775208
train,31,85,149.0,143.78522,-5.2147827
train,31,86,148.0,143.73416,-4.2658386
train,31,87,147.0,143.25745,-3.7425537
train,31,88,146.0,119.26261,-26.737389
train,31,89,145.0,121.927895,-23.072105
train,31,90,144.0,114.12923,-29.870773
train,31,91,143.0,123.69856,-19.301437
train,31,92,142.0,124.068886,-17.931114
train,31,93,141.0,127.14814,-13.85186
train,31,94,140.0,115.73934,-24.260658
train,31,95,139.0,116.15998,-22.84002
train,31,96,138.0,117.51032,-20.489677
train,31,97,137.0,140.34439,3.3443909
train,31,98,136.0,143.46521,7.46521
train,31,99,135.0,140.50392,5.5039215
train,31,100,134.0,143.76123,9.76123
train,31,101,133.0,143.72641,10.72641
train,31,102,132.0,143.77632,11.776321
train,31,103,131.0,143.79356,12.793564
train,31,104,130.0,143.81406,13.814056
train,31,105,129.0,143.80496,14.804962
train,31,106,128.0,143.80432,15.804321
train,31,107,127.0,143.75845,16.758453
train,31,108,126.0,143.41846,17.418457
train,31,109,125.0,139.75835,14.758347
train,31,110,124.0,131.40297,7.4029694
train,31,111,123.0,132.29231,9.292313
train,31,112,122.0,103.69881,-18.301193
train,31,113,121.0,107.79577,-13.204231
train,31,114,120.0,110.07633,-9.923668
train,31,115,119.0,105.44338,-13.556618
train,31,116,118.0,101.5532,-16.4468
train,31,117,117.0,98.23342,-18.766579
train,31,118,116.0,99.42187,-16.578133
train,31,119,115.0,94.093956,-20.906044
train,31,120,114.0,99.7873,-14.2127
train,31,121,113.0,97.44979,-15.550209
train,31,122,112.0,101.954735,-10.045265
train,31,123,111.0,98.621124,-12.378876
train,31,124,110.0,99.37876,-10.621239
train,31,125,109.0,102.13998,-6.8600235
train,31,126,108.0,102.42175,-5.578247
train,31,127,107.0,96.85496,-10.145042
train,31,128,106.0,99.727516,-6.272484
train,31,129,105.0,102.370125,-2.6298752
train,31,130,104.0,110.96441,6.964409
train,31,131,103.0,108.98022,5.980217
train,31,132,102.0,116.09704,14.097038
train,31,133,101.0,109.73003,8.730026
train,31,134,100.0,108.27578,8.27578
train,31,135,99.0,105.59616,6.596161
train,31,136,98.0,107.50524,9.505241
train,31,137,97.0,103.69698,6.6969833
train,31,138,96.0,98.62387,2.6238708
train,31,139,95.0,93.82653,-1.1734695
train,31,140,94.0,98.35284,4.3528366
train,31,141,93.0,95.17677,2.176773
train,31,142,92.0,91.75545,-0.24455261
train,31,143,91.0,88.253456,-2.746544
train,31,144,90.0,87.2377,-2.7622986
train,31,145,89.0,80.08314,-8.9168625
train,31,146,88.0,82.11562,-5.8843765
train,31,147,87.0,77.732346,-9.267654
train,31,148,86.0,75.05106,-10.948936
train,31,149,85.0,79.11666,-5.883339
train,31,150,84.0,84.124626,0.12462616
train,31,151,83.0,95.736916,12.736916
train,31,152,82.0,94.52989,12.529892
train,31,153,81.0,92.087074,11.087074
train,31,154,80.0,90.310326,10.310326
train,31,155,79.0,85.00207,6.0020676
train,31,156,78.0,87.00936,9.009361
train,31,157,77.0,79.1993,2.1993027
train,31,158,76.0,70.19191,-5.80809
train,31,159,75.0,68.59919,-6.4008102
train,31,160,74.0,70.47851,-3.521492
train,31,161,73.0,66.81403,-6.1859665
train,31,162,72.0,69.525055,-2.474945
train,31,163,71.0,70.67352,-0.32647705
train,31,164,70.0,74.382515,4.382515
train,31,165,69.0,75.36202,6.3620224
train,31,166,68.0,77.57551,9.575508
train,31,167,67.0,60.948303,-6.051697
train,31,168,66.0,68.39848,2.3984833
train,31,169,65.0,71.2787,6.278702
train,31,170,64.0,64.710686,0.71068573
train,31,171,63.0,65.00256,2.0025635
train,31,172,62.0,62.099365,0.099365234
train,31,173,61.0,66.61489,5.614891
train,31,174,60.0,69.69224,9.692238
train,31,175,59.0,66.03393,7.033928
train,31,176,58.0,63.3761,5.3760986
train,31,177,57.0,61.646027,4.6460266
train,31,178,56.0,60.722313,4.722313
train,31,179,55.0,52.01245,-2.9875488
train,31,180,54.0,57.974945,3.974945
train,31,181,53.0,54.635468,1.6354675
train,31,182,52.0,55.679016,3.679016
train,31,183,51.0,61.48213,10.482128
train,31,184,50.0,56.896896,6.8968964
train,31,185,49.0,52.93654,3.9365387
train,31,186,48.0,51.29984,3.299839
train,31,187,47.0,48.766262,1.766262
train,31,188,46.0,44.030144,-1.9698563
train,31,189,45.0,40.456047,-4.543953
train,31,190,44.0,38.830265,-5.169735
train,31,191,43.0,38.78443,-4.2155685
train,31,192,42.0,41.698067,-0.3019333
train,31,193,41.0,41.7981,0.7980995
train,31,194,40.0,40.406143,0.4061432
train,31,195,39.0,38.18009,-0.81990814
train,31,196,38.0,37.833282,-0.16671753
train,31,197,37.0,33.392445,-3.6075554
train,31,198,36.0,33.53513,-2.4648705
train,31,199,35.0,38.694473,3.6944733
train,31,200,34.0,35.734573,1.7345734
train,31,201,33.0,30.505762,-2.494238
train,31,202,32.0,28.905766,-3.0942345
train,31,203,31.0,28.33649,-2.6635094
train,31,204,30.0,29.485443,-0.5145569
train,31,205,29.0,28.672909,-0.32709122
train,31,206,28.0,23.529459,-4.470541
train,31,207,27.0,21.871387,-5.1286125
train,31,208,26.0,19.083057,-6.9169426
train,31,209,25.0,19.143536,-5.8564644
train,31,210,24.0,18.425594,-5.5744057
train,31,211,23.0,15.800287,-7.1997128
train,31,212,22.0,15.198754,-6.8012457
train,31,213,21.0,18.164022,-2.8359776
train,31,214,20.0,18.288212,-1.7117882
train,31,215,19.0,17.327108,-1.6728916
train,31,216,18.0,17.580933,-0.41906738
train,31,217,17.0,19.94584,2.9458408
train,31,218,16.0,17.765726,1.7657261
train,31,219,15.0,15.242437,0.24243736
train,31,220,14.0,14.820162,0.8201618
train,31,221,13.0,12.766562,-0.23343754
train,31,222,12.0,13.926538,1.9265385
train,31,223,11.0,12.781466,1.7814655
train,31,224,10.0,11.755549,1.7555494
train,31,225,9.0,12.17604,3.1760397
train,31,226,8.0,12.801449,4.801449
train,31,227,7.0,9.311971,2.3119707
train,31,228,6.0,9.111944,3.1119442
train,31,229,5.0,7.0446744,2.0446744
train,31,230,4.0,6.4019017,2.4019017
train,31,231,3.0,4.494663,1.4946628
train,31,232,2.0,3.3500266,1.3500266
train,31,233,1.0,3.4047837,2.4047837
train,31,234,0.0,2.4079852,2.4079852
train,32,30,161.0,141.51932,-19.480682
train,32,31,160.0,142.15628,-17.84372
train,32,32,159.0,141.11949,-17.880508
train,32,33,158.0,142.17334,-15.82666
train,32,34,157.0,142.19936,-14.800644
train,32,35,156.0,141.98697,-14.013031
train,32,36,155.0,140.94516,-14.05484
train,32,37,154.0,141.48456,-12.515442
train,32,38,153.0,141.8494,-11.150604
train,32,39,152.0,141.89023,-10.109772
train,32,40,151.0,142.26065,-8.739349
train,32,41,150.0,142.27621,-7.7237854
train,32,42,149.0,141.71754,-7.2824554
train,32,43,148.0,142.03786,-5.962143
train,32,44,147.0,141.73691,-5.263092
train,32,45,146.0,141.71819,-4.2818146
train,32,46,145.0,141.8258,-3.1741943
train,32,47,144.0,141.97845,-2.0215454
train,32,48,143.0,142.08774,-0.91226196
train,32,49,142.0,139.73926,-2.2607422
train,32,50,141.0,141.33609,0.3360901
train,32,51,140.0,141.94986,1.9498596
train,32,52,139.0,141.17389,2.1738892
train,32,53,138.0,141.0021,3.0021057
train,32,54,137.0,142.22485,5.2248535
train,32,55,136.0,142.10944,6.109436
train,32,56,135.0,141.10643,6.10643
train,32,57,134.0,141.461,7.4609985
train,32,58,133.0,140.53032,7.530319
train,32,59,132.0,139.63263,7.6326294
train,32,60,131.0,141.27835,10.278351
train,32,61,130.0,142.04617,12.046173
train,32,62,129.0,140.52852,11.528519
train,32,63,128.0,140.38414,12.38414
train,32,64,127.0,139.89899,12.898987
train,32,65,126.0,136.60254,10.602539
train,32,66,125.0,123.121605,-1.8783951
train,32,67,124.0,109.92511,-14.07489
train,32,68,123.0,98.30254,-24.697456
train,32,69,122.0,101.61028,-20.389717
train,32,70,121.0,118.7355,-2.2645035
train,32,71,120.0,120.87319,0.87319183
train,32,72,119.0,119.08752,0.087516785
train,32,73,118.0,114.02257,-3.9774323
train,32,74,117.0,140.79886,23.798859
train,32,75,116.0,125.91205,9.912048
train,32,76,115.0,114.919075,-0.08092499
train,32,77,114.0,124.24558,10.245583
train,32,78,113.0,136.7687,23.768707
train,32,79,112.0,104.866936,-7.1330643
train,32,80,111.0,95.4929,-15.507103
train,32,81,110.0,106.10671,-3.8932877
train,32,82,109.0,102.89244,-6.107559
train,32,83,108.0,108.54087,0.54087067
train,32,84,107.0,117.442215,10.442215
train,32,85,106.0,139.78148,33.78148
train,32,86,105.0,136.75023,31.750229
train,32,87,104.0,137.47025,33.470245
train,32,88,103.0,130.73796,27.73796
train,32,89,102.0,97.25848,-4.7415237
train,32,90,101.0,96.60226,-4.397743
train,32,91,100.0,87.63639,-12.363609
train,32,92,99.0,93.66603,-5.333969
train,32,93,98.0,82.59445,-15.405548
train,32,94,97.0,81.24325,-15.756752
train,32,95,96.0,74.44528,-21.554718
train,32,96,95.0,73.38294,-21.617058
train,32,97,94.0,84.56144,-9.4385605
train,32,98,93.0,83.02662,-9.973381
train,32,99,92.0,102.77993,10.77993
train,32,100,91.0,101.570595,10.570595
train,32,101,90.0,101.299774,11.299774
train,32,102,89.0,97.712036,8.712036
train,32,103,88.0,98.979965,10.979965
train,32,104,87.0,94.982925,7.9829254
train,32,105,86.0,84.174416,-1.8255844
train,32,106,85.0,83.51078,-1.4892197
train,32,107,84.0,76.44805,-7.5519485
train,32,108,83.0,73.46671,-9.533287
train,32,109,82.0,75.450096,-6.549904
train,32,110,81.0,68.154045,-12.845955
train,32,111,80.0,68.88724,-11.112762
train,32,112,79.0,75.71943,-3.280571
train,32,113,78.0,76.00767,-1.9923325
train,32,114,77.0,77.79316,0.7931595
train,32,115,76.0,72.33811,-3.6618881
train,32,116,75.0,74.375755,-0.6242447
train,32,117,74.0,76.221756,2.221756
train,32,118,73.0,65.39699,-7.603012
train,32,119,72.0,64.53557,-7.464432
train,32,120,71.0,68.9406,-2.0594025
train,32,121,70.0,66.88137,-3.1186295
train,32,122,69.0,71.673645,2.673645
train,32,123,68.0,67.69569,-0.30431366
train,32,124,67.0,66.565605,-0.43439484
train,32,125,66.0,65.44923,-0.5507736
train,32,126,65.0,67.31986,2.3198624
train,32,127,64.0,72.707695,8.707695
train,32,128,63.0,75.47863,12.47863
train,32,129,62.0,77.6631,15.663101
train,32,130,61.0,79.80639,18.806389
train,32,131,60.0,78.6894,18.6894
train,32,132,59.0,72.163994,13.163994
train,32,133,58.0,69.30756,11.307564
train,32,134,57.0,65.2912,8.291199
train,32,135,56.0,59.27707,3.277069
train,32,136,55.0,47.558502,-7.441498
train,32,137,54.0,46.96367,-7.036331
train,32,138,53.0,51.92087,-1.0791283
train,32,139,52.0,53.643803,1.6438026
train,32,140,51.0,52.89115,1.8911514
train,32,141,50.0,52.8305,2.8305016
train,32,142,49.0,47.6536,-1.3464012
train,32,143,48.0,44.92026,-3.0797386
train,32,144,47.0,46.209534,-0.7904663
train,32,145,46.0,42.309273,-3.6907272
train,32,146,45.0,44.41112,-0.58887863
train,32,147,44.0,48.150173,4.150173
train,32,148,43.0,47.32734,4.327339
train,32,149,42.0,50.067326,8.067326
train,32,150,41.0,49.80076,8.800758
train,32,151,40.0,52.659645,12.659645
train,32,152,39.0,50.66749,11.667488
train,32,153,38.0,45.63626,7.636261
train,32,154,37.0,42.382946,5.382946
train,32,155,36.0,44.187397,8.187397
train,32,156,35.0,44.541985,9.541985
train,32,157,34.0,45.7202,11.7202
train,32,158,33.0,38.168846,5.168846
train,32,159,32.0,33.918945,1.9189453
train,32,160,31.0,34.58168,3.5816803
train,32,161,30.0,29.80267,-0.19733047
train,32,162,29.0,30.709757,1.7097569
train,32,163,28.0,27.54715,-0.45285034
train,32,164,27.0,27.512648,0.5126476
train,32,165,26.0,26.24196,0.24196053
train,32,166,25.0,21.674881,-3.325119
train,32,167,24.0,18.01498,-5.9850197
train,32,168,23.0,15.318161,-7.681839
train,32,169,22.0,13.742158,-8.257842
train,32,170,21.0,15.179018,-5.820982
train,32,171,20.0,17.553164,-2.4468365
train,32,172,19.0,14.760369,-4.2396307
train,32,173,18.0,11.36759,-6.63241
train,32,174,17.0,11.801519,-5.1984806
train,32,175,16.0,12.632169,-3.3678312
train,32,176,15.0,15.44898,0.44898033
train,32,177,14.0,14.1477165,0.14771652
train,32,178,13.0,13.443181,0.44318104
train,32,179,12.0,10.064517,-1.935483
train,32,180,11.0,12.635163,1.6351633
train,32,181,10.0,13.338484,3.3384838
train,32,182,9.0,13.6079855,4.6079855
train,32,183,8.0,11.89596,3.8959599
train,32,184,7.0,11.125678,4.125678
train,32,185,6.0,10.179858,4.179858
train,32,186,5.0,9.104107,4.104107
train,32,187,4.0,9.170257,5.1702566
train,32,188,3.0,8.116962,5.1169624
train,32,189,2.0,7.1851897,5.1851897
train,32,190,1.0,4.7251544,3.7251544
train,32,191,0.0,2.7970834,2.7970834
train,33,30,170.0,143.81836,-26.18164
train,33,31,169.0,143.81424,-25.18576
train,33,32,168.0,143.81845,-24.18155
train,33,33,167.0,143.81117,-23.188828
train,33,34,166.0,143.82071,-22.17929
train,33,35,165.0,143.81833,-21.181671
train,33,36,164.0,143.82669,-20.17331
train,33,37,163.0,143.79996,-19.200043
train,33,38,162.0,143.81451,-18.185486
train,33,39,161.0,143.82135,-17.17865
train,33,40,160.0,143.8274,-16.172607
train,33,41,159.0,143.82578,-15.174225
train,33,42,158.0,143.82681,-14.173187
train,33,43,157.0,143.81659,-13.183411
train,33,44,156.0,143.80762,-12.192383
train,33,45,155.0,143.82596,-11.174042
train,33,46,154.0,143.74196,-10.258041
train,33,47,153.0,143.81268,-9.187317
train,33,48,152.0,143.83226,-8.16774
train,33,49,151.0,143.82976,-7.1702423
train,33,50,150.0,143.83092,-6.1690826
train,33,51,149.0,143.82964,-5.1703644
train,33,52,148.0,143.83195,-4.168045
train,33,53,147.0,143.8185,-3.1815033
train,33,54,146.0,143.81674,-2.183258
train,33,55,145.0,143.80695,-1.1930542
train,33,56,144.0,143.8274,-0.17260742
train,33,57,143.0,143.81636,0.8163605
train,33,58,142.0,143.83344,1.833435
train,33,59,141.0,143.8317,2.8316956
train,33,60,140.0,143.82755,3.8275452
train,33,61,139.0,143.82927,4.8292694
train,33,62,138.0,143.8272,5.827194
train,33,63,137.0,143.80942,6.8094177
train,33,64,136.0,143.82849,7.828491
train,33,65,135.0,143.8311,8.8311
train,33,66,134.0,143.80948,9.809479
train,33,67,133.0,141.71141,8.7114105
train,33,68,132.0,143.49573,11.495728
train,33,69,131.0,138.14117,7.1411743
train,33,70,130.0,123.961426,-6.038574
train,33,71,129.0,140.93869,11.93869
train,33,72,128.0,142.50604,14.5060425
train,33,73,127.0,142.10573,15.105728
train,33,74,126.0,143.15381,17.153809
train,33,75,125.0,137.93275,12.9327545
train,33,76,124.0,143.58237,19.582367
train,33,77,123.0,143.43051,20.430511
train,33,78,122.0,140.95032,18.950317
train,33,79,121.0,142.94821,21.948212
train,33,80,120.0,143.78952,23.78952
train,33,81,119.0,143.78836,24.78836
train,33,82,118.0,143.81427,25.81427
train,33,83,117.0,143.81885,26.818848
train,33,84,116.0,143.82196,27.82196
train,33,85,115.0,143.56082,28.560822
train,33,86,114.0,143.75163,29.751633
train,33,87,113.0,143.79855,30.798553
train,33,88,112.0,143.81377,31.813766
train,33,89,111.0,143.83037,32.830368
train,33,90,110.0,143.82373,33.82373
train,33,91,109.0,143.77295,34.77295
train,33,92,108.0,143.82462,35.824615
train,33,93,107.0,143.72295,36.722946
train,33,94,106.0,143.81389,37.81389
train,33,95,105.0,143.83014,38.83014
train,33,96,104.0,143.8094,39.809402
train,33,97,103.0,120.038246,17.038246
train,33,98,102.0,143.04112,41.041122
train,33,99,101.0,128.03482,27.03482
train,33,100,100.0,116.20591,16.20591
train,33,101,99.0,108.72599,9.72599
train,33,102,98.0,101.1569,3.1568985
train,33,103,97.0,100.098206,3.0982056
train,33,104,96.0,93.87713,-2.1228714
train,33,105,95.0,89.64349,-5.3565063
train,33,106,94.0,90.60908,-3.3909225
train,33,107,93.0,87.1607,-5.839302
train,33,108,92.0,88.575905,-3.4240952
train,33,109,91.0,88.46759,-2.5324097
train,33,110,90.0,88.93642,-1.0635834
train,33,111,89.0,84.99369,-4.0063095
train,33,112,88.0,82.88169,-5.118309
train,33,113,87.0,88.575485,1.5754852
train,33,114,86.0,88.709564,2.7095642
train,33,115,85.0,86.03169,1.0316925
train,33,116,84.0,85.046455,1.0464554
train,33,117,83.0,81.568054,-1.4319458
train,33,118,82.0,80.6378,-1.3621979
train,33,119,81.0,76.974464,-4.0255356
train,33,120,80.0,78.535286,-1.464714
train,33,121,79.0,78.50642,-0.49358368
train,33,122,78.0,76.68159,-1.3184128
train,33,123,77.0,74.90168,-2.09832
train,33,124,76.0,75.20523,-0.7947693
train,33,125,75.0,78.79377,3.7937698
train,33,126,74.0,82.7467,8.746696
train,33,127,73.0,85.6668,12.666801
train,33,128,72.0,88.63036,16.630363
train,33,129,71.0,85.37559,14.375587
train,33,130,70.0,84.50504,14.505043
train,33,131,69.0,79.50835,10.508347
train,33,132,68.0,81.20052,13.200523
train,33,133,67.0,72.776146,5.776146
train,33,134,66.0,69.413536,3.413536
train,33,135,65.0,67.30287,2.3028717
train,33,136,64.0,67.8008,3.8007965
train,33,137,63.0,69.82638,6.826378
train,33,138,62.0,69.77884,7.778839
train,33,139,61.0,72.83608,11.836082
train,33,140,60.0,69.65546,9.655457
train,33,141,59.0,70.060936,11.060936
train,33,142,58.0,69.74903,11.749031
train,33,143,57.0,70.72657,13.72657
train,33,144,56.0,71.46587,15.465874
train,33,145,55.0,77.53867,22.538673
train,33,146,54.0,77.175514,23.175514
train,33,147,53.0,71.72094,18.72094
train,33,148,52.0,61.85433,9.854328
train,33,149,51.0,56.02943,5.0294304
train,33,150,50.0,54.292038,4.292038
train,33,151,49.0,54.319893,5.319893
train,33,152,48.0,49.735382,1.7353821
train,33,153,47.0,52.949425,5.9494247
train,33,154,46.0,52.03753,6.037529
train,33,155,45.0,47.721645,2.7216454
train,33,156,44.0,50.637283,6.6372833
train,33,157,43.0,53.618774,10.618774
train,33,158,42.0,50.251785,8.251785
train,33,159,41.0,48.313496,7.3134956
train,33,160,40.0,49.719776,9.719776
train,33,161,39.0,53.580826,14.580826
train,33,162,38.0,49.907482,11.907482
train,33,163,37.0,47.851692,10.851692
train,33,164,36.0,45.496822,9.496822
train,33,165,35.0,38.603405,3.603405
train,33,166,34.0,37.955402,3.9554024
train,33,167,33.0,34.180798,1.1807976
train,33,168,32.0,33.342525,1.3425255
train,33,169,31.0,31.923794,0.9237938
train,33,170,30.0,31.945784,1.9457836
train,33,171,29.0,31.208471,2.2084713
train,33,172,28.0,30.473927,2.4739265
train,33,173,27.0,31.559265,4.559265
train,33,174,26.0,30.431755,4.431755
train,33,175,25.0,29.530668,4.5306683
train,33,176,24.0,28.28558,4.2855797
train,33,177,23.0,25.656845,2.656845
train,33,178,22.0,26.23505,4.23505
train,33,179,21.0,23.430458,2.430458
train,33,180,20.0,26.030556,6.0305557
train,33,181,19.0,21.554785,2.5547848
train,33,182,18.0,21.7082,3.7082005
train,33,183,17.0,18.000809,1.0008087
train,33,184,16.0,17.348394,1.3483944
train,33,185,15.0,18.890566,3.8905659
train,33,186,14.0,15.608663,1.6086626
train,33,187,13.0,14.734416,1.734416
train,33,188,12.0,13.280305,1.2803049
train,33,189,11.0,13.2293625,2.2293625
train,33,190,10.0,11.522756,1.5227556
train,33,191,9.0,11.506293,2.5062933
train,33,192,8.0,10.535586,2.5355864
train,33,193,7.0,11.72504,4.7250404
train,33,194,6.0,11.290651,5.2906513
train,33,195,5.0,7.6795955,2.6795955
train,33,196,4.0,3.122727,-0.8772731
train,33,197,3.0,4.1237655,1.1237655
train,33,198,2.0,1.7878195,-0.2121805
train,33,199,1.0,1.3215328,0.32153285
train,33,200,0.0,-0.24472749,-0.24472749
train,35,30,151.0,142.77124,-8.22876
train,35,31,150.0,136.8793,-13.120697
train,35,32,149.0,126.31399,-22.686012
train,35,33,148.0,111.650764,-36.349236
train,35,34,147.0,132.37646,-14.623535
train,35,35,146.0,139.92746,-6.0725403
train,35,36,145.0,141.71976,-3.280243
train,35,37,144.0,134.76978,-9.230225
train,35,38,143.0,127.91207,-15.087929
train,35,39,142.0,129.0193,-12.980698
train,35,40,141.0,138.76436,-2.2356415
train,35,41,140.0,141.6138,1.6138
train,35,42,139.0,133.32568,-5.6743164
train,35,43,138.0,137.42418,-0.5758209
train,35,44,137.0,138.56168,1.561676
train,35,45,136.0,128.14105,-7.8589478
train,35,46,135.0,112.07467,-22.925331
train,35,47,134.0,111.40897,-22.591026
train,35,48,133.0,106.34123,-26.658768
train,35,49,132.0,100.86803,-31.131973
train,35,50,131.0,107.77645,-23.223549
train,35,51,130.0,113.88819,-16.111809
train,35,52,129.0,127.33572,-1.6642838
train,35,53,128.0,133.91861,5.9186096
train,35,54,127.0,139.70428,12.704285
train,35,55,126.0,139.62392,13.623917
train,35,56,125.0,142.69983,17.69983
train,35,57,124.0,142.30008,18.30008
train,35,58,123.0,142.96303,19.963028
train,35,59,122.0,143.29803,21.298035
train,35,60,121.0,143.56409,22.564087
train,35,61,120.0,143.70361,23.703613
train,35,62,119.0,142.97638,23.97638
train,35,63,118.0,143.4681,25.468094
train,35,64,117.0,143.54173,26.541733
train,35,65,116.0,143.71704,27.717041
train,35,66,115.0,143.60184,28.601837
train,35,67,114.0,143.66425,29.664246
train,35,68,113.0,143.50375,30.503754
train,35,69,112.0,143.5938,31.593796
train,35,70,111.0,143.80118,32.801178
train,35,71,110.0,142.60391,32.603912
train,35,72,109.0,94.00022,-14.999779
train,35,73,108.0,98.43955,-9.560448
train,35,74,107.0,86.549225,-20.450775
train,35,75,106.0,86.50628,-19.493721
train,35,76,105.0,90.15209,-14.847908
train,35,77,104.0,100.70144,-3.298561
train,35,78,103.0,116.65809,13.658089
train,35,79,102.0,138.03989,36.039886
train,35,80,101.0,143.08806,42.08806
train,35,81,100.0,140.3001,40.300095
train,35,82,99.0,141.59467,42.594666
train,35,83,98.0,140.34787,42.34787
train,35,84,97.0,141.65848,44.658478
train,35,85,96.0,142.97517,46.975174
train,35,86,95.0,143.56184,48.561844
train,35,87,94.0,143.74115,49.74115
train,35,88,93.0,142.99925,49.999252
train,35,89,92.0,142.21112,50.21112
train,35,90,91.0,143.03435,52.034348
train,35,91,90.0,143.17795,53.177948
train,35,92,89.0,142.82086,53.82086
train,35,93,88.0,143.37698,55.376984
train,35,94,87.0,142.55551,55.55551
train,35,95,86.0,140.8416,54.8416
train,35,96,85.0,142.64264,57.64264
train,35,97,84.0,143.3158,59.315796
train,35,98,83.0,142.37183,59.371826
train,35,99,82.0,143.05168,61.05168
train,35,100,81.0,143.59189,62.59189
train,35,101,80.0,142.86203,62.86203
train,35,102,79.0,142.0588,63.058807
train,35,103,78.0,141.50938,63.509384
train,35,104,77.0,128.13828,51.138275
train,35,105,76.0,116.52372,40.52372
train,35,106,75.0,90.58998,15.589981
train,35,107,74.0,84.2076,10.207603
train,35,108,73.0,85.862946,12.862946
train,35,109,72.0,83.06765,11.06765
train,35,110,71.0,76.42281,5.4228134
train,35,111,70.0,75.02753,5.027527
train,35,112,69.0,71.854774,2.8547745
train,35,113,68.0,64.43179,-3.5682068
train,35,114,67.0,69.62161,2.6216125
train,35,115,66.0,65.983345,-0.016654968
train,35,116,65.0,65.80222,0.8022232
train,35,117,64.0,61.77137,-2.22863
train,35,118,63.0,68.82245,5.8224487
train,35,119,62.0,71.12228,9.122276
train,35,120,61.0,64.60591,3.6059113
train,35,121,60.0,62.450287,2.4502869
train,35,122,59.0,66.066826,7.066826
train,35,123,58.0,71.92324,13.923241
train,35,124,57.0,68.87698,11.876984
train,35,125,56.0,61.00415,5.0041504
train,35,126,55.0,53.059208,-1.9407921
train,35,127,54.0,53.25014,-0.74985886
train,35,128,53.0,48.45127,-4.548729
train,35,129,52.0,50.203186,-1.796814
train,35,130,51.0,53.257187,2.257187
train,35,131,50.0,46.62719,-3.3728104
train,35,132,49.0,38.10123,-10.898769
train,35,133,48.0,39.47789,-8.52211
train,35,134,47.0,43.910267,-3.0897331
train,35,135,46.0,42.838875,-3.1611252
train,35,136,45.0,40.92956,-4.0704384
train,35,137,44.0,38.928596,-5.0714035
train,35,138,43.0,40.924183,-2.075817
train,35,139,42.0,41.214424,-0.78557587
train,35,140,41.0,38.37966,-2.6203384
train,35,141,40.0,35.69554,-4.3044586
train,35,142,39.0,32.887115,-6.1128845
train,35,143,38.0,29.858412,-8.141588
train,35,144,37.0,31.181602,-5.8183975
train,35,145,36.0,31.179676,-4.820324
train,35,146,35.0,27.905832,-7.0941677
train,35,147,34.0,26.519081,-7.480919
train,35,148,33.0,29.265831,-3.734169
train,35,149,32.0,34.138405,2.1384048
train,35,150,31.0,32.73996,1.7399597
train,35,151,30.0,32.914364,2.9143639
train,35,152,29.0,37.569744,8.569744
train,35,153,28.0,41.48672,13.486721
train,35,154,27.0,39.86986,12.869862
train,35,155,26.0,31.898438,5.8984375
train,35,156,25.0,30.05314,5.0531406
train,35,157,24.0,31.532646,7.532646
train,35,158,23.0,24.643974,1.6439743
train,35,159,22.0,18.64699,-3.3530102
train,35,160,21.0,26.12215,5.1221504
train,35,161,20.0,20.574474,0.57447433
train,35,162,19.0,19.519167,0.51916695
train,35,163,18.0,17.79258,-0.20742035
train,35,164,17.0,18.88066,1.8806591
train,35,165,16.0,19.950388,3.950388
train,35,166,15.0,18.505009,3.5050087
train,35,167,14.0,15.60884,1.60884
train,35,168,13.0,19.606165,6.606165
train,35,169,12.0,19.879406,7.879406
train,35,170,11.0,19.01125,8.01125
train,35,171,10.0,16.722046,6.722046
train,35,172,9.0,12.429868,3.4298677
train,35,173,8.0,12.705606,4.7056065
train,35,174,7.0,9.905499,2.9054995
train,35,175,6.0,10.889224,4.889224
train,35,176,5.0,9.941363,4.9413633
train,35,177,4.0,7.9331155,3.9331155
train,35,178,3.0,7.7555585,4.7555585
train,35,179,2.0,6.647939,4.647939
train,35,180,1.0,7.3856874,6.3856874
train,35,181,0.0,5.520119,5.520119
train,36,30,128.0,143.65259,15.652588
train,36,31,127.0,142.61234,15.612335
train,36,32,126.0,143.03754,17.037537
train,36,33,125.0,142.48445,17.484451
train,36,34,124.0,140.19252,16.19252
train,36,35,123.0,142.55713,19.557129
train,36,36,122.0,141.51736,19.517365
train,36,37,121.0,137.12798,16.127975
train,36,38,120.0,142.06439,22.064392
train,36,39,119.0,142.0488,23.048798
train,36,40,118.0,135.5863,17.586304
train,36,41,117.0,127.049164,10.049164
train,36,42,116.0,116.894875,0.8948746
train,36,43,115.0,112.78365,-2.2163467
train,36,44,114.0,95.19642,-18.803581
train,36,45,113.0,82.79453,-30.205467
train,36,46,112.0,78.931046,-33.068954
train,36,47,111.0,82.82182,-28.178177
train,36,48,110.0,90.51034,-19.489662
train,36,49,109.0,102.4342,-6.5658035
train,36,50,108.0,98.64957,-9.350433
train,36,51,107.0,106.95315,-0.04685211
train,36,52,106.0,130.85358,24.853577
train,36,53,105.0,139.2091,34.209106
train,36,54,104.0,142.65456,38.654556
train,36,55,103.0,141.53644,38.536438
train,36,56,102.0,138.6575,36.6575
train,36,57,101.0,139.26799,38.26799
train,36,58,100.0,138.83449,38.834488
train,36,59,99.0,133.3863,34.386307
train,36,60,98.0,135.72986,37.72986
train,36,61,97.0,123.61039,26.61039
train,36,62,96.0,122.18249,26.182487
train,36,63,95.0,133.85988,38.85988
train,36,64,94.0,139.34084,45.340836
train,36,65,93.0,142.71692,49.71692
train,36,66,92.0,142.1004,50.100403
train,36,67,91.0,138.05765,47.057648
train,36,68,90.0,142.10571,52.105713
train,36,69,89.0,142.08832,53.088318
train,36,70,88.0,134.19513,46.19513
train,36,71,87.0,125.78799,38.787987
train,36,72,86.0,67.99358,-18.006416
train,36,73,85.0,70.41604,-14.5839615
train,36,74,84.0,67.71209,-16.28791
train,36,75,83.0,71.71348,-11.286522
train,36,76,82.0,78.44375,-3.5562515
train,36,77,81.0,75.855415,-5.1445847
train,36,78,80.0,78.66334,-1.3366623
train,36,79,79.0,94.05268,15.052681
train,36,80,78.0,77.704735,-0.2952652
train,36,81,77.0,77.44693,0.44692993
train,36,82,76.0,66.83401,-9.165993
train,36,83,75.0,66.60587,-8.394127
train,36,84,74.0,69.01439,-4.985611
train,36,85,73.0,64.81152,-8.188477
train,36,86,72.0,58.524136,-13.475864
train,36,87,71.0,56.02143,-14.978569
train,36,88,70.0,55.630463,-14.369537
train,36,89,69.0,54.885303,-14.1146965
train,36,90,68.0,56.259182,-11.740818
train,36,91,67.0,52.532997,-14.467003
train,36,92,66.0,52.33354,-13.666458
train,36,93,65.0,51.06581,-13.934189
train,36,94,64.0,48.25345,-15.7465515
train,36,95,63.0,53.237854,-9.762146
train,36,96,62.0,48.424274,-13.575726
train,36,97,61.0,47.756653,-13.243347
train,36,98,60.0,61.486416,1.4864159
train,36,99,59.0,75.02075,16.020752
train,36,100,58.0,75.87069,17.87069
train,36,101,57.0,69.824455,12.824455
train,36,102,56.0,57.625793,1.6257935
train,36,103,55.0,61.409378,6.409378
train,36,104,54.0,55.439106,1.439106
train,36,105,53.0,58.591232,5.5912323
train,36,106,52.0,52.85795,0.8579483
train,36,107,51.0,54.44236,3.44236
train,36,108,50.0,64.39965,14.399651
train,36,109,49.0,68.88415,19.884148
train,36,110,48.0,61.50087,13.50087
train,36,111,47.0,56.00897,9.008968
train,36,112,46.0,43.794888,-2.2051125
train,36,113,45.0,46.354744,1.354744
train,36,114,44.0,42.69461,-1.3053894
train,36,115,43.0,40.71492,-2.28508
train,36,116,42.0,36.081844,-5.9181557
train,36,117,41.0,36.11016,-4.889839
train,36,118,40.0,38.684566,-1.3154335
train,36,119,39.0,41.173985,2.1739845
train,36,120,38.0,40.9805,2.9804993
train,36,121,37.0,41.62478,4.6247787
train,36,122,36.0,41.227642,5.227642
train,36,123,35.0,31.438658,-3.5613422
train,36,124,34.0,34.001984,0.0019836426
train,36,125,33.0,33.880463,0.88046265
train,36,126,32.0,30.84118,-1.1588192
train,36,127,31.0,41.123234,10.123234
train,36,128,30.0,40.07217,10.07217
train,36,129,29.0,38.7406,9.740601
train,36,130,28.0,37.067043,9.067043
train,36,131,27.0,33.867924,6.8679237
train,36,132,26.0,30.718952,4.718952
train,36,133,25.0,28.726667,3.7266674
train,36,134,24.0,23.041065,-0.9589348
train,36,135,23.0,24.145054,1.1450539
train,36,136,22.0,21.956476,-0.04352379
train,36,137,21.0,24.190891,3.1908913
train,36,138,20.0,22.10038,2.10038
train,36,139,19.0,25.254002,6.2540016
train,36,140,18.0,20.070301,2.070301
train,36,141,17.0,18.65458,1.6545792
train,36,142,16.0,14.723944,-1.2760563
train,36,143,15.0,14.283295,-0.7167053
train,36,144,14.0,11.228963,-2.771037
train,36,145,13.0,11.339627,-1.6603727
train,36,146,12.0,12.238779,0.23877907
train,36,147,11.0,10.398743,-0.6012573
train,36,148,10.0,10.0122595,0.012259483
train,36,149,9.0,9.119075,0.11907482
train,36,150,8.0,13.031341,5.0313406
train,36,151,7.0,11.481315,4.4813147
train,36,152,6.0,10.510982,4.5109816
train,36,153,5.0,8.514058,3.514058
train,36,154,4.0,9.463009,5.463009
train,36,155,3.0,8.526898,5.5268984
train,36,156,2.0,6.2174,4.2174
train,36,157,1.0,6.2128816,5.2128816
train,36,158,0.0,3.4980054,3.4980054
train,37,30,140.0,143.59436,3.5943604
train,37,31,139.0,143.44398,4.443985
train,37,32,138.0,143.61449,5.6144867
train,37,33,137.0,143.74121,6.741211
train,37,34,136.0,143.8056,7.805603
train,37,35,135.0,143.67097,8.670975
train,37,36,134.0,143.80074,9.800735
train,37,37,133.0,143.73666,10.736664
train,37,38,132.0,143.67792,11.6779175
train,37,39,131.0,143.76266,12.762665
train,37,40,130.0,143.612,13.6119995
train,37,41,129.0,143.77579,14.775787
train,37,42,128.0,143.75874,15.758743
train,37,43,127.0,143.73625,16.736252
train,37,44,126.0,143.09808,17.098083
train,37,45,125.0,143.53464,18.534637
train,37,46,124.0,143.7414,19.741394
train,37,47,123.0,143.77322,20.773224
train,37,48,122.0,143.75714,21.757141
train,37,49,121.0,143.77151,22.771515
train,37,50,120.0,143.79803,23.798035
train,37,51,119.0,143.73227,24.73227
train,37,52,118.0,143.78012,25.78012
train,37,53,117.0,143.59164,26.591644
train,37,54,116.0,143.33208,27.332077
train,37,55,115.0,141.97357,26.973572
train,37,56,114.0,143.3841,29.384094
train,37,57,113.0,143.60675,30.60675
train,37,58,112.0,143.68764,31.687637
train,37,59,111.0,141.87415,30.874146
train,37,60,110.0,142.68535,32.68535
train,37,61,109.0,141.60428,32.60428
train,37,62,108.0,140.55841,32.55841
train,37,63,107.0,139.797,32.796997
train,37,64,106.0,113.40021,7.4002075
train,37,65,105.0,129.49213,24.492126
train,37,66,104.0,127.2059,23.205902
train,37,67,103.0,112.34225,9.342247
train,37,68,102.0,98.25423,-3.7457733
train,37,69,101.0,97.21235,-3.787651
train,37,70,100.0,104.649925,4.649925
train,37,71,99.0,98.64928,-0.35072327
train,37,72,98.0,85.71522,-12.284782
train,37,73,97.0,93.035446,-3.9645538
train,37,74,96.0,105.99361,9.993607
train,37,75,95.0,98.45382,3.4538193
train,37,76,94.0,95.81939,1.8193893
train,37,77,93.0,96.98377,3.9837723
train,37,78,92.0,98.172905,6.172905
train,37,79,91.0,104.36264,13.36264
train,37,80,90.0,106.26166,16.261658
train,37,81,89.0,111.700905,22.700905
train,37,82,88.0,114.01578,26.015778
train,37,83,87.0,95.191414,8.191414
train,37,84,86.0,101.036804,15.036804
train,37,85,85.0,106.67838,21.678383
train,37,86,84.0,101.31074,17.310738
train,37,87,83.0,96.043655,13.043655
train,37,88,82.0,98.94384,16.94384
train,37,89,81.0,95.21975,14.219749
train,37,90,80.0,87.40388,7.4038773
train,37,91,79.0,86.8478,7.847801
train,37,92,78.0,84.96553,6.9655304
train,37,93,77.0,82.68253,5.6825333
train,37,94,76.0,74.75295,-1.2470474
train,37,95,75.0,72.94935,-2.0506516
train,37,96,74.0,73.589096,-0.41090393
train,37,97,73.0,71.849785,-1.1502151
train,37,98,72.0,73.814445,1.8144455
train,37,99,71.0,64.14422,-6.8557816
train,37,100,70.0,63.877247,-6.122753
train,37,101,69.0,69.15406,0.15406036
train,37,102,68.0,63.733067,-4.2669334
train,37,103,67.0,55.03088,-11.96912
train,37,104,66.0,66.60794,0.6079407
train,37,105,65.0,60.337894,-4.6621056
train,37,106,64.0,47.94943,-16.050571
train,37,107,63.0,52.71466,-10.285339
train,37,108,62.0,65.15558,3.1555786
train,37,109,61.0,65.88819,4.888191
train,37,110,60.0,65.35115,5.3511505
train,37,111,59.0,70.21018,11.210182
train,37,112,58.0,79.26888,21.268883
train,37,113,57.0,77.57962,20.57962
train,37,114,56.0,85.30026,29.300262
train,37,115,55.0,85.46356,30.463562
train,37,116,54.0,86.17263,32.17263
train,37,117,53.0,85.20468,32.20468
train,37,118,52.0,72.83485,20.834846
train,37,119,51.0,75.419395,24.419395
train,37,120,50.0,67.74621,17.746208
train,37,121,49.0,66.78701,17.78701
train,37,122,48.0,64.27514,16.275139
train,37,123,47.0,58.289986,11.289986
train,37,124,46.0,54.941303,8.941303
train,37,125,45.0,47.744595,2.7445946
train,37,126,44.0,43.409756,-0.5902443
train,37,127,43.0,50.364395,7.364395
train,37,128,42.0,50.74383,8.743832
train,37,129,41.0,45.254967,4.2549667
train,37,130,40.0,49.966972,9.966972
train,37,131,39.0,45.311256,6.3112564
train,37,132,38.0,41.85826,3.858261
train,37,133,37.0,39.851578,2.8515778
train,37,134,36.0,39.37404,3.3740387
train,37,135,35.0,35.39605,0.3960495
train,37,136,34.0,32.294914,-1.7050858
train,37,137,33.0,35.6307,2.6306992
train,37,138,32.0,33.65388,1.6538811
train,37,139,31.0,34.34211,3.3421097
train,37,140,30.0,31.920658,1.9206581
train,37,141,29.0,30.878916,1.8789158
train,37,142,28.0,30.185774,2.1857738
train,37,143,27.0,29.586563,2.586563
train,37,144,26.0,29.446297,3.4462967
train,37,145,25.0,25.28392,0.2839203
train,37,146,24.0,22.329712,-1.6702881
train,37,147,23.0,25.920818,2.9208183
train,37,148,22.0,25.327168,3.3271675
train,37,149,21.0,26.22453,5.2245293
train,37,150,20.0,25.731987,5.731987
train,37,151,19.0,25.481766,6.4817657
train,37,152,18.0,22.021538,4.021538
train,37,153,17.0,23.103588,6.103588
train,37,154,16.0,23.285763,7.285763
train,37,155,15.0,16.104097,1.1040974
train,37,156,14.0,14.983144,0.9831438
train,37,157,13.0,15.80087,2.80087
train,37,158,12.0,15.734883,3.7348833
train,37,159,11.0,12.155344,1.155344
train,37,160,10.0,13.048219,3.0482187
train,37,161,9.0,12.776666,3.7766657
train,37,162,8.0,15.787065,7.7870646
train,37,163,7.0,13.367016,6.367016
train,37,164,6.0,9.722013,3.7220135
train,37,165,5.0,5.2329345,0.23293447
train,37,166,4.0,7.1264853,3.1264853
train,37,167,3.0,5.0536485,2.0536485
train,37,168,2.0,4.292312,2.2923121
train,37,169,1.0,5.533459,4.533459
train,37,170,0.0,3.3346105,3.3346105
train,38,30,164.0,143.30228,-20.697723
train,38,31,163.0,143.18594,-19.814056
train,38,32,162.0,143.29755,-18.702454
train,38,33,161.0,143.45807,-17.541931
train,38,34,160.0,143.35574,-16.644257
train,38,35,159.0,143.48303,-15.516968
train,38,36,158.0,143.45706,-14.542938
train,38,37,157.0,143.42126,-13.578735
train,38,38,156.0,141.969,-14.031006
train,38,39,155.0,142.71687,-12.283127
train,38,40,154.0,143.15125,-10.848755
train,38,41,153.0,142.83063,-10.169373
train,38,42,152.0,143.09718,-8.902817
train,38,43,151.0,142.3342,-8.665802
train,38,44,150.0,143.54486,-6.455139
train,38,45,149.0,143.24911,-5.750885
train,38,46,148.0,143.42575,-4.5742493
train,38,47,147.0,142.73901,-4.2609863
train,38,48,146.0,143.43222,-2.5677795
train,38,49,145.0,136.70561,-8.294388
train,38,50,144.0,122.74834,-21.251663
train,38,51,143.0,113.66874,-29.33126
train,38,52,142.0,111.429955,-30.570045
train,38,53,141.0,116.26593,-24.73407
train,38,54,140.0,126.481606,-13.518394
train,38,55,139.0,134.76022,-4.2397766
train,38,56,138.0,136.34106,-1.6589355
train,38,57,137.0,135.58664,-1.4133606
train,38,58,136.0,136.01405,0.014053345
train,38,59,135.0,141.8083,6.808304
train,38,60,134.0,140.6106,6.6105957
train,38,61,133.0,142.564,9.563995
train,38,62,132.0,143.07854,11.078537
train,38,63,131.0,143.30533,12.305328
train,38,64,130.0,143.32834,13.328339
train,38,65,129.0,143.25874,14.258743
train,38,66,128.0,143.2797,15.279694
train,38,67,127.0,143.45154,16.451538
train,38,68,126.0,143.05801,17.058014
train,38,69,125.0,142.24731,17.247314
train,38,70,124.0,143.24829,19.248291
train,38,71,123.0,143.5883,20.588303
train,38,72,122.0,143.1118,21.111801
train,38,73,121.0,143.42918,22.429184
train,38,74,120.0,139.76141,19.761414
train,38,75,119.0,141.80544,22.805435
train,38,76,118.0,136.37952,18.379517
train,38,77,117.0,125.58931,8.58931
train,38,78,116.0,115.96322,-0.03678131
train,38,79,115.0,108.7902,-6.2098007
train,38,80,114.0,104.08555,-9.914452
train,38,81,113.0,99.05495,-13.945053
train,38,82,112.0,99.71792,-12.282082
train,38,83,111.0,95.69019,-15.309807
train,38,84,110.0,83.45291,-26.547089
train,38,85,109.0,89.56021,-19.439789
train,38,86,108.0,116.21369,8.213692
train,38,87,107.0,89.68247,-17.317528
train,38,88,106.0,93.813866,-12.186134
train,38,89,105.0,107.945885,2.9458847
train,38,90,104.0,100.50602,-3.4939804
train,38,91,103.0,117.92202,14.92202
train,38,92,102.0,128.50061,26.50061
train,38,93,101.0,139.22601,38.226013
train,38,94,100.0,135.39749,35.39749
train,38,95,99.0,125.537865,26.537865
train,38,96,98.0,120.78636,22.786362
train,38,97,97.0,110.42666,13.426659
train,38,98,96.0,101.73188,5.73188
train,38,99,95.0,86.52592,-8.474083
train,38,100,94.0,83.597046,-10.402954
train,38,101,93.0,88.588585,-4.411415
train,38,102,92.0,90.953224,-1.0467758
train,38,103,91.0,80.49223,-10.507767
train,38,104,90.0,67.930664,-22.069336
train,38,105,89.0,58.423523,-30.576477
train,38,106,88.0,63.41683,-24.583172
train,38,107,87.0,67.09475,-19.90525
train,38,108,86.0,57.48235,-28.51765
train,38,109,85.0,55.802147,-29.197853
train,38,110,84.0,62.41854,-21.581459
train,38,111,83.0,67.795235,-15.204765
train,38,112,82.0,69.95046,-12.049538
train,38,113,81.0,80.96043,-0.03957367
train,38,114,80.0,79.9542,-0.045799255
train,38,115,79.0,79.11979,0.11978912
train,38,116,78.0,73.05251,-4.947487
train,38,117,77.0,80.86806,3.8680573
train,38,118,76.0,76.697395,0.6973953
train,38,119,75.0,82.819695,7.8196945
train,38,120,74.0,78.53214,4.5321426
train,38,121,73.0,66.73769,-6.262306
train,38,122,72.0,65.904366,-6.0956345
train,38,123,71.0,68.50617,-2.4938278
train,38,124,70.0,65.53906,-4.4609375
train,38,125,69.0,67.46701,-1.5329895
train,38,126,68.0,71.62528,3.6252823
train,38,127,67.0,70.06394,3.063942
train,38,128,66.0,73.56011,7.560112
train,38,129,65.0,66.69585,1.6958466
train,38,130,64.0,57.16298,-6.837021
train,38,131,63.0,60.401714,-2.5982857
train,38,132,62.0,59.519653,-2.4803467
train,38,133,61.0,54.366966,-6.6330338
train,38,134,60.0,54.553833,-5.446167
train,38,135,59.0,53.645584,-5.354416
train,38,136,58.0,55.272007,-2.727993
train,38,137,57.0,56.25091,-0.7490883
train,38,138,56.0,52.070168,-3.9298325
train,38,139,55.0,48.93856,-6.0614395
train,38,140,54.0,47.64571,-6.35429
train,38,141,53.0,49.191658,-3.808342
train,38,142,52.0,46.17687,-5.8231316
train,38,143,51.0,53.70122,2.7012215
train,38,144,50.0,59.58494,9.584942
train,38,145,49.0,51.668682,2.668682
train,38,146,48.0,44.704575,-3.2954254
train,38,147,47.0,41.490433,-5.5095673
train,38,148,46.0,38.173756,-7.8262444
train,38,149,45.0,37.486877,-7.5131226
train,38,150,44.0,35.812897,-8.187103
train,38,151,43.0,35.84798,-7.1520195
train,38,152,42.0,33.22231,-8.777691
train,38,153,41.0,31.73726,-9.262739
train,38,154,40.0,30.720892,-9.279108
train,38,155,39.0,28.208544,-10.791456
train,38,156,38.0,28.028316,-9.9716835
train,38,157,37.0,28.889912,-8.110088
train,38,158,36.0,31.573044,-4.426956
train,38,159,35.0,32.89657,-2.1034317
train,38,160,34.0,32.19966,-1.8003387
train,38,161,33.0,34.165344,1.1653442
train,38,162,32.0,35.67051,3.6705093
train,38,163,31.0,36.73176,5.731758
train,38,164,30.0,36.805405,6.8054047
train,38,165,29.0,35.7492,6.749199
train,38,166,28.0,33.105534,5.1055336
train,38,167,27.0,29.578342,2.5783424
train,38,168,26.0,28.92918,2.9291801
train,38,169,25.0,26.110376,1.1103764
train,38,170,24.0,21.8169,-2.1830997
train,38,171,23.0,20.198494,-2.801506
train,38,172,22.0,23.799328,1.7993279
train,38,173,21.0,19.400328,-1.5996723
train,38,174,20.0,16.584589,-3.415411
train,38,175,19.0,17.077463,-1.9225368
train,38,176,18.0,14.641852,-3.3581476
train,38,177,17.0,14.397548,-2.6024523
train,38,178,16.0,12.206866,-3.7931337
train,38,179,15.0,10.55339,-4.4466105
train,38,180,14.0,11.478223,-2.5217772
train,38,181,13.0,12.75501,-0.24499035
train,38,182,12.0,10.284606,-1.715394
train,38,183,11.0,12.156518,1.156518
train,38,184,10.0,13.021934,3.0219336
train,38,185,9.0,12.056308,3.0563078
train,38,186,8.0,11.927074,3.9270744
train,38,187,7.0,8.518817,1.518817
train,38,188,6.0,8.07537,2.0753698
train,38,189,5.0,4.4495854,-0.55041456
train,38,190,4.0,3.5284295,-0.4715705
train,38,191,3.0,2.223229,-0.77677107
train,38,192,2.0,1.6879336,-0.31206644
train,38,193,1.0,1.3482977,0.34829772
train,38,194,0.0,1.9928232,1.9928232
train,39,30,98.0,138.21512,40.21512
train,39,31,97.0,120.28434,23.28434
train,39,32,96.0,111.239525,15.239525
train,39,33,95.0,104.423454,9.423454
train,39,34,94.0,91.61826,-2.3817368
train,39,35,93.0,94.67061,1.6706085
train,39,36,92.0,102.58408,10.584084
train,39,37,91.0,99.85293,8.852928
train,39,38,90.0,87.63125,-2.3687515
train,39,39,89.0,92.76333,3.7633286
train,39,40,88.0,92.20196,4.2019577
train,39,41,87.0,95.83612,8.836121
train,39,42,86.0,91.15346,5.1534576
train,39,43,85.0,86.51616,1.516159
train,39,44,84.0,82.27627,-1.723732
train,39,45,83.0,83.93071,0.93070984
train,39,46,82.0,81.95656,-0.043441772
train,39,47,81.0,75.3924,-5.6075974
train,39,48,80.0,74.92188,-5.0781174
train,39,49,79.0,77.70834,-1.2916565
train,39,50,78.0,80.83223,2.8322296
train,39,51,77.0,79.567696,2.5676956
train,39,52,76.0,91.35722,15.3572235
train,39,53,75.0,103.10175,28.101753
train,39,54,74.0,106.38619,32.386192
train,39,55,73.0,106.809975,33.809975
train,39,56,72.0,84.636086,12.6360855
train,39,57,71.0,80.0953,9.095299
train,39,58,70.0,80.12599,10.125992
train,39,59,69.0,82.31964,13.319641
train,39,60,68.0,79.98492,11.984917
train,39,61,67.0,73.62223,6.6222305
train,39,62,66.0,80.98539,14.98539
train,39,63,65.0,78.64719,13.647186
train,39,64,64.0,77.906906,13.906906
train,39,65,63.0,74.61252,11.612518
train,39,66,62.0,71.19482,9.194817
train,39,67,61.0,68.013435,7.0134354
train,39,68,60.0,59.89616,-0.103839874
train,39,69,59.0,52.726265,-6.273735
train,39,70,58.0,51.25293,-6.7470703
train,39,71,57.0,54.36119,-2.6388092
train,39,72,56.0,57.407383,1.407383
train,39,73,55.0,53.25517,-1.7448311
train,39,74,54.0,61.4318,7.431801
train,39,75,53.0,67.08913,14.089127
train,39,76,52.0,62.743942,10.743942
train,39,77,51.0,61.02092,10.02092
train,39,78,50.0,59.825974,9.8259735
train,39,79,49.0,63.495533,14.495533
train,39,80,48.0,58.271606,10.271606
train,39,81,47.0,56.32363,9.323631
train,39,82,46.0,54.25372,8.253719
train,39,83,45.0,47.97793,2.9779282
train,39,84,44.0,43.518303,-0.48169708
train,39,85,43.0,41.620754,-1.3792458
train,39,86,42.0,37.377823,-4.622177
train,39,87,41.0,35.02511,-5.9748917
train,39,88,40.0,40.034035,0.03403473
train,39,89,39.0,43.321957,4.3219566
train,39,90,38.0,39.43538,1.435379
train,39,91,37.0,45.642303,8.642303
train,39,92,36.0,46.447113,10.447113
train,39,93,35.0,47.374176,12.374176
train,39,94,34.0,42.4077,8.4077
train,39,95,33.0,44.50733,11.507332
train,39,96,32.0,38.038464,6.0384636
train,39,97,31.0,37.555626,6.555626
train,39,98,30.0,37.699963,7.6999626
train,39,99,29.0,36.84191,7.8419113
train,39,100,28.0,36.275436,8.275436
train,39,101,27.0,36.71524,9.7152405
train,39,102,26.0,33.94703,7.947029
train,39,103,25.0,34.476135,9.476135
train,39,104,24.0,35.70732,11.707321
train,39,105,23.0,35.360825,12.360825
train,39,106,22.0,27.949722,5.9497223
train,39,107,21.0,28.70777,7.7077694
train,39,108,20.0,32.526634,12.526634
train,39,109,19.0,33.586006,14.586006
train,39,110,18.0,28.30326,10.303261
train,39,111,17.0,28.88205,11.88205
train,39,112,16.0,21.59475,5.5947495
train,39,113,15.0,20.775934,5.775934
train,39,114,14.0,19.673164,5.6731644
train,39,115,13.0,20.209578,7.2095776
train,39,116,12.0,18.158108,6.1581078
train,39,117,11.0,15.751342,4.751342
train,39,118,10.0,13.346426,3.346426
train,39,119,9.0,10.8209715,1.8209715
train,39,120,8.0,7.497748,-0.5022521
train,39,121,7.0,5.9164863,-1.0835137
train,39,122,6.0,5.4170403,-0.58295965
train,39,123,5.0,6.4269433,1.4269433
train,39,124,4.0,6.628576,2.6285758
train,39,125,3.0,6.537062,3.5370622
train,39,126,2.0,6.2735906,4.2735906
train,39,127,1.0,5.8486876,4.8486876
train,39,128,0.0,4.4878564,4.4878564
train,40,30,158.0,141.41527,-16.584732
train,40,31,157.0,140.72769,-16.272308
train,40,32,156.0,139.45972,-16.540283
train,40,33,155.0,140.60225,-14.397751
train,40,34,154.0,139.33563,-14.664368
train,40,35,153.0,140.35144,-12.64856
train,40,36,152.0,133.73364,-18.266357
train,40,37,151.0,140.36693,-10.633072
train,40,38,150.0,139.55995,-10.440048
train,40,39,149.0,133.27823,-15.721771
train,40,40,148.0,126.12262,-21.87738
train,40,41,147.0,121.430084,-25.569916
train,40,42,146.0,125.67914,-20.320862
train,40,43,145.0,122.86559,-22.134407
train,40,44,144.0,129.71481,-14.285187
train,40,45,143.0,122.90189,-20.098106
train,40,46,142.0,121.1688,-20.8312
train,40,47,141.0,117.55506,-23.444939
train,40,48,140.0,118.21327,-21.786728
train,40,49,139.0,116.23766,-22.762337
train,40,50,138.0,115.52456,-22.475441
train,40,51,137.0,120.66539,-16.33461
train,40,52,136.0,112.07164,-23.92836
train,40,53,135.0,107.23115,-27.768852
train,40,54,134.0,102.35269,-31.647308
train,40,55,133.0,107.533745,-25.466255
train,40,56,132.0,116.0418,-15.958199
train,40,57,131.0,125.58649,-5.413513
train,40,58,130.0,135.65375,5.6537476
train,40,59,129.0,135.27141,6.271408
train,40,60,128.0,140.06805,12.068054
train,40,61,127.0,137.3991,10.399094
train,40,62,126.0,138.07431,12.07431
train,40,63,125.0,136.99956,11.9995575
train,40,64,124.0,138.16107,14.161072
train,40,65,123.0,137.7254,14.725403
train,40,66,122.0,139.79309,17.79309
train,40,67,121.0,140.70958,19.70958
train,40,68,120.0,139.66379,19.663788
train,40,69,119.0,139.61354,20.61354
train,40,70,118.0,138.24026,20.240265
train,40,71,117.0,133.38477,16.384766
train,40,72,116.0,133.36334,17.363342
train,40,73,115.0,134.71869,19.718689
train,40,74,114.0,128.87022,14.870224
train,40,75,113.0,134.546,21.546005
train,40,76,112.0,122.367096,10.367096
train,40,77,111.0,112.505775,1.5057755
train,40,78,110.0,115.87144,5.871437
train,40,79,109.0,135.17325,26.173248
train,40,80,108.0,135.66281,27.662811
train,40,81,107.0,124.75016,17.75016
train,40,82,106.0,121.23649,15.236488
train,40,83,105.0,114.40679,9.406792
train,40,84,104.0,109.20385,5.20385
train,40,85,103.0,107.12324,4.1232376
train,40,86,102.0,102.46829,0.46829224
train,40,87,101.0,92.44128,-8.558723
train,40,88,100.0,94.79731,-5.20269
train,40,89,99.0,92.49501,-6.5049896
train,40,90,98.0,95.520454,-2.4795456
train,40,91,97.0,87.17649,-9.823509
train,40,92,96.0,83.567276,-12.432724
train,40,93,95.0,80.810265,-14.189735
train,40,94,94.0,74.67905,-19.320953
train,40,95,93.0,63.936348,-29.063652
train,40,96,92.0,71.61023,-20.38977
train,40,97,91.0,85.05189,-5.9481125
train,40,98,90.0,84.717674,-5.2823257
train,40,99,89.0,84.69885,-4.3011475
train,40,100,88.0,91.568535,3.5685349
train,40,101,87.0,93.115074,6.115074
train,40,102,86.0,85.37602,-0.62397766
train,40,103,85.0,84.49648,-0.50351715
train,40,104,84.0,87.57813,3.5781326
train,40,105,83.0,90.92789,7.927887
train,40,106,82.0,83.78871,1.7887115
train,40,107,81.0,78.5561,-2.443901
train,40,108,80.0,72.99822,-7.0017776
train,40,109,79.0,77.43952,-1.5604782
train,40,110,78.0,79.25249,1.2524872
train,40,111,77.0,77.20117,0.20117188
train,40,112,76.0,78.487495,2.4874954
train,40,113,75.0,84.406456,9.406456
train,40,114,74.0,81.67132,7.671318
train,40,115,73.0,83.652626,10.652626
train,40,116,72.0,80.18623,8.1862335
train,40,117,71.0,73.42681,2.4268112
train,40,118,70.0,72.26975,2.2697525
train,40,119,69.0,68.29866,-0.7013397
train,40,120,68.0,67.837975,-0.16202545
train,40,121,67.0,70.07589,3.0758896
train,40,122,66.0,65.59664,-0.40335846
train,40,123,65.0,63.16452,-1.8354797
train,40,124,64.0,60.94777,-3.0522308
train,40,125,63.0,63.437973,0.43797302
train,40,126,62.0,61.45574,-0.5442581
train,40,127,61.0,64.466225,3.4662247
train,40,128,60.0,61.13245,1.1324501
train,40,129,59.0,57.728737,-1.2712631
train,40,130,58.0,56.862938,-1.1370621
train,40,131,57.0,53.341248,-3.6587524
train,40,132,56.0,53.17941,-2.820591
train,40,133,55.0,51.49158,-3.508419
train,40,134,54.0,58.099556,4.099556
train,40,135,53.0,56.49505,3.4950485
train,40,136,52.0,56.90368,4.903679
train,40,137,51.0,56.73561,5.735611
train,40,138,50.0,53.430595,3.4305954
train,40,139,49.0,56.979073,7.9790726
train,40,140,48.0,54.674015,6.674015
train,40,141,47.0,52.81639,5.816391
train,40,142,46.0,52.3233,6.3232994
train,40,143,45.0,52.96432,7.964321
train,40,144,44.0,49.75559,5.7555885
train,40,145,43.0,49.446907,6.446907
train,40,146,42.0,51.20034,9.20034
train,40,147,41.0,51.50952,10.5095215
train,40,148,40.0,47.156395,7.156395
train,40,149,39.0,48.72391,9.723911
train,40,150,38.0,46.21286,8.21286
train,40,151,37.0,47.482014,10.482014
train,40,152,36.0,46.621574,10.621574
train,40,153,35.0,45.33642,10.336418
train,40,154,34.0,42.116238,8.116238
train,40,155,33.0,39.490875,6.4908752
train,40,156,32.0,35.882435,3.8824348
train,40,157,31.0,38.260868,7.260868
train,40,158,30.0,36.250095,6.2500954
train,40,159,29.0,34.557087,5.557087
train,40,160,28.0,32.07088,4.070881
train,40,161,27.0,32.503067,5.503067
train,40,162,26.0,27.994238,1.9942379
train,40,163,25.0,29.991041,4.991041
train,40,164,24.0,29.322832,5.322832
train,40,165,23.0,30.510141,7.5101414
train,40,166,22.0,26.621756,4.6217556
train,40,167,21.0,26.0116,5.0116005
train,40,168,20.0,23.896015,3.8960152
train,40,169,19.0,23.893476,4.8934765
train,40,170,18.0,24.883486,6.883486
train,40,171,17.0,22.990007,5.9900074
train,40,172,16.0,23.233343,7.233343
train,40,173,15.0,21.203564,6.2035637
train,40,174,14.0,17.857346,3.8573456
train,40,175,13.0,17.105034,4.105034
train,40,176,12.0,13.809605,1.8096046
train,40,177,11.0,13.526399,2.5263987
train,40,178,10.0,11.412281,1.412281
train,40,179,9.0,8.810571,-0.18942928
train,40,180,8.0,7.954243,-0.045756817
train,40,181,7.0,5.9394593,-1.0605407
train,40,182,6.0,6.8365035,0.8365035
train,40,183,5.0,4.806577,-0.1934228
train,40,184,4.0,2.8408904,-1.1591096
train,40,185,3.0,3.4050603,0.4050603
train,40,186,2.0,0.8212038,-1.1787962
train,40,187,1.0,2.3821998,1.3821998
train,40,188,0.0,0.27805674,0.27805674
train,41,30,186.0,143.75949,-42.24051
train,41,31,185.0,143.519,-41.481003
train,41,32,184.0,142.27025,-41.72975
train,41,33,183.0,143.27913,-39.72087
train,41,34,182.0,143.2724,-38.7276
train,41,35,181.0,143.42189,-37.57811
train,41,36,180.0,143.7629,-36.237106
train,41,37,179.0,143.78061,-35.21939
train,41,38,178.0,143.79297,-34.20703
train,41,39,177.0,143.78857,-33.211426
train,41,40,176.0,143.54971,-32.450287
train,41,41,175.0,137.81076,-37.18924
train,41,42,174.0,139.35385,-34.64615
train,41,43,173.0,143.52191,-29.478088
train,41,44,172.0,143.62097,-28.379028
train,41,45,171.0,143.76303,-27.236969
train,41,46,170.0,143.81252,-26.187485
train,41,47,169.0,143.78227,-25.217728
train,41,48,168.0,143.7872,-24.2128
train,41,49,167.0,143.77621,-23.223785
train,41,50,166.0,143.75764,-22.242355
train,41,51,165.0,143.25336,-21.746643
train,41,52,164.0,141.34958,-22.650421
train,41,53,163.0,136.61394,-26.386063
train,41,54,162.0,141.34534,-20.654663
train,41,55,161.0,141.45451,-19.545486
train,41,56,160.0,141.10352,-18.896484
train,41,57,159.0,142.8937,-16.106293
train,41,58,158.0,142.40758,-15.5924225
train,41,59,157.0,125.487434,-31.512566
train,41,60,156.0,130.82008,-25.179916
train,41,61,155.0,137.97632,-17.023682
train,41,62,154.0,142.6153,-11.384705
train,41,63,153.0,143.48038,-9.519623
train,41,64,152.0,143.4321,-8.567902
train,41,65,151.0,143.66891,-7.331085
train,41,66,150.0,143.70332,-6.2966766
train,41,67,149.0,143.79044,-5.209564
train,41,68,148.0,142.55518,-5.444824
train,41,69,147.0,142.86606,-4.1339417
train,41,70,146.0,142.9925,-3.0075073
train,41,71,145.0,142.94704,-2.0529633
train,41,72,144.0,138.43204,-5.5679626
train,41,73,143.0,133.55157,-9.448425
train,41,74,142.0,142.06975,0.069747925
train,41,75,141.0,143.34329,2.3432922
train,41,76,140.0,143.323,3.322998
train,41,77,139.0,143.6454,4.645401
train,41,78,138.0,143.69412,5.6941223
train,41,79,137.0,142.95673,5.956726
train,41,80,136.0,142.48048,6.480484
train,41,81,135.0,139.64436,4.6443634
train,41,82,134.0,137.41234,3.4123383
train,41,83,133.0,136.3512,3.3511963
train,41,84,132.0,129.09958,-2.9004211
train,41,85,131.0,110.29499,-20.70501
train,41,86,130.0,111.03508,-18.96492
train,41,87,129.0,107.960945,-21.039055
train,41,88,128.0,114.91178,-13.088219
train,41,89,127.0,114.80369,-12.196312
train,41,90,126.0,104.07813,-21.921867
train,41,91,125.0,100.38267,-24.617332
train,41,92,124.0,108.09771,-15.90229
train,41,93,123.0,106.71069,-16.289307
train,41,94,122.0,104.32966,-17.670341
train,41,95,121.0,111.63894,-9.361061
train,41,96,120.0,135.3872,15.387207
train,41,97,119.0,111.293175,-7.7068253
train,41,98,118.0,104.15225,-13.847748
train,41,99,117.0,101.02825,-15.971748
train,41,100,116.0,92.22462,-23.775383
train,41,101,115.0,88.55281,-26.44719
train,41,102,114.0,92.07517,-21.924828
train,41,103,113.0,92.51631,-20.483688
train,41,104,112.0,100.95626,-11.043739
train,41,105,111.0,96.716446,-14.283554
train,41,106,110.0,91.173965,-18.826035
train,41,107,109.0,86.29684,-22.703163
train,41,108,108.0,90.0767,-17.923302
train,41,109,107.0,88.81234,-18.18766
train,41,110,106.0,89.73342,-16.266579
train,41,111,105.0,96.35052,-8.649483
train,41,112,104.0,104.36349,0.36348724
train,41,113,103.0,93.623665,-9.376335
train,41,114,102.0,99.51052,-2.489479
train,41,115,101.0,101.60551,0.6055069
train,41,116,100.0,98.98045,-1.0195465
train,41,117,99.0,101.36889,2.3688889
train,41,118,98.0,100.78388,2.7838821
train,41,119,97.0,96.78252,-0.21748352
train,41,120,96.0,87.97991,-8.020088
train,41,121,95.0,86.2427,-8.757301
train,41,122,94.0,88.23952,-5.760483
train,41,123,93.0,78.30666,-14.6933365
train,41,124,92.0,74.83701,-17.162987
train,41,125,91.0,76.65012,-14.349876
train,41,126,90.0,77.62249,-12.37751
train,41,127,89.0,75.741486,-13.258514
train,41,128,88.0,71.288734,-16.711266
train,41,129,87.0,79.24969,-7.750313
train,41,130,86.0,77.119644,-8.880356
train,41,131,85.0,79.19935,-5.8006516
train,41,132,84.0,75.823395,-8.176605
train,41,133,83.0,75.44689,-7.553108
train,41,134,82.0,86.21876,4.2187576
train,41,135,81.0,80.40507,-0.59493256
train,41,136,80.0,79.76457,-0.23542786
train,41,137,79.0,75.175095,-3.8249054
train,41,138,78.0,76.779305,-1.2206955
train,41,139,77.0,71.79207,-5.2079315
train,41,140,76.0,68.45718,-7.542824
train,41,141,75.0,72.50274,-2.497261
train,41,142,74.0,72.50016,-1.4998398
train,41,143,73.0,70.44294,-2.5570602
train,41,144,72.0,72.88862,0.88861847
train,41,145,71.0,71.5255,0.52549744
train,41,146,70.0,71.21968,1.2196808
train,41,147,69.0,72.254364,3.254364
train,41,148,68.0,70.74004,2.7400436
train,41,149,67.0,68.94238,1.9423828
train,41,150,66.0,64.65422,-1.3457794
train,41,151,65.0,65.85587,0.8558731
train,41,152,64.0,65.235886,1.2358856
train,41,153,63.0,60.32073,-2.6792717
train,41,154,62.0,63.354576,1.3545761
train,41,155,61.0,64.44563,3.445633
train,41,156,60.0,63.443306,3.443306
train,41,157,59.0,63.021545,4.0215454
train,41,158,58.0,63.361565,5.3615646
train,41,159,57.0,60.542336,3.5423355
train,41,160,56.0,57.92623,1.9262314
train,41,161,55.0,54.53035,-0.46965027
train,41,162,54.0,52.459927,-1.5400734
train,41,163,53.0,51.152607,-1.847393
train,41,164,52.0,48.98416,-3.0158386
train,41,165,51.0,47.98643,-3.0135689
train,41,166,50.0,44.861923,-5.138077
train,41,167,49.0,46.01852,-2.9814796
train,41,168,48.0,43.46759,-4.5324097
train,41,169,47.0,40.453426,-6.5465736
train,41,170,46.0,40.4841,-5.5158997
train,41,171,45.0,45.728264,0.72826385
train,41,172,44.0,41.67145,-2.3285484
train,41,173,43.0,43.50234,0.5023384
train,41,174,42.0,47.082947,5.082947
train,41,175,41.0,42.178677,1.1786766
train,41,176,40.0,44.47869,4.478691
train,41,177,39.0,44.355232,5.3552322
train,41,178,38.0,44.24471,6.244709
train,41,179,37.0,44.72752,7.72752
train,41,180,36.0,40.842743,4.842743
train,41,181,35.0,37.06373,2.0637283
train,41,182,34.0,36.981224,2.981224
train,41,183,33.0,34.798885,1.7988853
train,41,184,32.0,30.00684,-1.9931602
train,41,185,31.0,29.318508,-1.6814919
train,41,186,30.0,27.976377,-2.0236225
train,41,187,29.0,26.95832,-2.0416794
train,41,188,28.0,25.841595,-2.1584053
train,41,189,27.0,23.475935,-3.524065
train,41,190,26.0,23.831121,-2.1688786
train,41,191,25.0,25.07403,0.07402992
train,41,192,24.0,23.043463,-0.95653725
train,41,193,23.0,22.82914,-0.17086029
train,41,194,22.0,22.632936,0.6329365
train,41,195,21.0,23.779673,2.7796726
train,41,196,20.0,20.430027,0.430027
train,41,197,19.0,19.648243,0.64824295
train,41,198,18.0,19.392231,1.392231
train,41,199,17.0,18.129526,1.1295261
train,41,200,16.0,17.85064,1.8506393
train,41,201,15.0,14.466398,-0.53360176
train,41,202,14.0,14.600099,0.6000986
train,41,203,13.0,12.124835,-0.875165
train,41,204,12.0,12.177833,0.1778326
train,41,205,11.0,11.351389,0.35138893
train,41,206,10.0,8.91604,-1.0839596
train,41,207,9.0,10.949317,1.949317
train,41,208,8.0,9.235658,1.2356577
train,41,209,7.0,7.1033864,0.1033864
train,41,210,6.0,6.82737,0.82737017
train,41,211,5.0,5.6183724,0.61837244
train,41,212,4.0,4.959332,0.959332
train,41,213,3.0,4.4835467,1.4835467
train,41,214,2.0,2.9811873,0.98118734
train,41,215,1.0,1.108874,0.10887396
train,41,216,0.0,1.8969713,1.8969713
train,42,30,166.0,143.72043,-22.279572
train,42,31,165.0,143.61267,-21.38733
train,42,32,164.0,133.68333,-30.316666
train,42,33,163.0,143.77145,-19.228546
train,42,34,162.0,139.1588,-22.841202
train,42,35,161.0,139.55792,-21.442078
train,42,36,160.0,140.80093,-19.199066
train,42,37,159.0,141.9354,-17.064606
train,42,38,158.0,143.49738,-14.5026245
train,42,39,157.0,142.70604,-14.293961
train,42,40,156.0,126.178406,-29.821594
train,42,41,155.0,126.83592,-28.164078
train,42,42,154.0,125.088005,-28.911995
train,42,43,153.0,120.568565,-32.431435
train,42,44,152.0,118.95729,-33.04271
train,42,45,151.0,121.02258,-29.977417
train,42,46,150.0,118.26101,-31.73899
train,42,47,149.0,106.79949,-42.20051
train,42,48,148.0,108.4803,-39.5197
train,42,49,147.0,115.90636,-31.093643
train,42,50,146.0,108.36135,-37.63865
train,42,51,145.0,109.15707,-35.842934
train,42,52,144.0,114.987404,-29.012596
train,42,53,143.0,123.81576,-19.184242
train,42,54,142.0,129.33507,-12.664932
train,42,55,141.0,135.6361,-5.363907
train,42,56,140.0,139.50772,-0.49227905
train,42,57,139.0,139.40138,0.40138245
train,42,58,138.0,130.7788,-7.2212067
train,42,59,137.0,139.73322,2.7332153
train,42,60,136.0,111.42803,-24.571968
train,42,61,135.0,116.899254,-18.100746
train,42,62,134.0,115.187256,-18.812744
train,42,63,133.0,115.1553,-17.844704
train,42,64,132.0,125.74874,-6.251259
train,42,65,131.0,137.87653,6.876526
train,42,66,130.0,139.42883,9.428833
train,42,67,129.0,142.54507,13.545074
train,42,68,128.0,116.12812,-11.87188
train,42,69,127.0,102.97781,-24.022186
train,42,70,126.0,101.31928,-24.680717
train,42,71,125.0,103.11748,-21.882523
train,42,72,124.0,114.34676,-9.653236
train,42,73,123.0,117.92342,-5.076576
train,42,74,122.0,113.44058,-8.559418
train,42,75,121.0,98.56843,-22.431572
train,42,76,120.0,97.770164,-22.229836
train,42,77,119.0,104.803825,-14.196175
train,42,78,118.0,113.23556,-4.7644424
train,42,79,117.0,96.94168,-20.05832
train,42,80,116.0,94.44282,-21.557182
train,42,81,115.0,89.0658,-25.934196
train,42,82,114.0,83.038246,-30.961754
train,42,83,113.0,80.307785,-32.692215
train,42,84,112.0,81.256096,-30.743904
train,42,85,111.0,84.80309,-26.196907
train,42,86,110.0,88.510506,-21.489494
train,42,87,109.0,88.353966,-20.646034
train,42,88,108.0,93.341255,-14.658745
train,42,89,107.0,98.263435,-8.736565
train,42,90,106.0,103.701546,-2.2984543
train,42,91,105.0,104.374146,-0.6258545
train,42,92,104.0,113.167625,9.167625
train,42,93,103.0,116.55367,13.553673
train,42,94,102.0,114.69663,12.696632
train,42,95,101.0,113.24052,12.240517
train,42,96,100.0,96.9785,-3.0214996
train,42,97,99.0,91.79227,-7.207733
train,42,98,98.0,81.510735,-16.489265
train,42,99,97.0,92.76343,-4.2365723
train,42,100,96.0,89.17539,-6.824608
train,42,101,95.0,91.09289,-3.9071121
train,42,102,94.0,82.76766,-11.232338
train,42,103,93.0,80.22774,-12.772263
train,42,104,92.0,87.93469,-4.0653076
train,42,105,91.0,91.21746,0.21746063
train,42,106,90.0,98.37997,8.379967
train,42,107,89.0,117.30127,28.30127
train,42,108,88.0,113.78835,25.788353
train,42,109,87.0,114.212135,27.212135
train,42,110,86.0,88.0513,2.0513
train,42,111,85.0,83.34158,-1.6584167
train,42,112,84.0,76.62934,-7.370659
train,42,113,83.0,70.53197,-12.468033
train,42,114,82.0,75.01107,-6.9889297
train,42,115,81.0,76.25684,-4.7431564
train,42,116,80.0,68.55073,-11.449272
train,42,117,79.0,66.15229,-12.84771
train,42,118,78.0,69.37776,-8.622238
train,42,119,77.0,69.141075,-7.858925
train,42,120,76.0,69.272865,-6.7271347
train,42,121,75.0,71.88862,-3.1113815
train,42,122,74.0,75.18368,1.1836777
train,42,123,73.0,64.75671,-8.243294
train,42,124,72.0,65.5186,-6.4813995
train,42,125,71.0,68.798744,-2.2012558
train,42,126,70.0,81.12723,11.127228
train,42,127,69.0,89.53283,20.53283
train,42,128,68.0,83.587166,15.587166
train,42,129,67.0,76.8908,9.8908
train,42,130,66.0,71.81647,5.8164673
train,42,131,65.0,78.55491,13.554909
train,42,132,64.0,68.73117,4.7311707
train,42,133,63.0,65.06218,2.0621796
train,42,134,62.0,59.01245,-2.9875488
train,42,135,61.0,62.069855,1.0698547
train,42,136,60.0,58.29139,-1.7086105
train,42,137,59.0,56.24736,-2.7526398
train,42,138,58.0,52.29883,-5.701172
train,42,139,57.0,53.230534,-3.7694664
train,42,140,56.0,52.278694,-3.7213058
train,42,141,55.0,53.253273,-1.746727
train,42,142,54.0,52.356297,-1.6437035
train,42,143,53.0,46.24952,-6.7504807
train,42,144,52.0,44.179405,-7.820595
train,42,145,51.0,44.354942,-6.6450577
train,42,146,50.0,41.377823,-8.622177
train,42,147,49.0,45.59073,-3.4092712
train,42,148,48.0,45.248024,-2.751976
train,42,149,47.0,44.38127,-2.6187286
train,42,150,46.0,39.3142,-6.6857986
train,42,151,45.0,37.21079,-7.7892113
train,42,152,44.0,42.15387,-1.8461304
train,42,153,43.0,38.313488,-4.686512
train,42,154,42.0,42.57199,0.57199097
train,42,155,41.0,39.45748,-1.5425186
train,42,156,40.0,42.400883,2.4008827
train,42,157,39.0,44.553623,5.553623
train,42,158,38.0,40.213623,2.213623
train,42,159,37.0,45.89019,8.89019
train,42,160,36.0,42.42666,6.4266586
train,42,161,35.0,45.1492,10.1492
train,42,162,34.0,36.488247,2.488247
train,42,163,33.0,36.02083,3.0208282
train,42,164,32.0,32.71089,0.7108917
train,42,165,31.0,32.976902,1.976902
train,42,166,30.0,36.726933,6.7269325
train,42,167,29.0,35.110943,6.110943
train,42,168,28.0,32.929314,4.9293137
train,42,169,27.0,33.162266,6.162266
train,42,170,26.0,29.954235,3.954235
train,42,171,25.0,30.628063,5.628063
train,42,172,24.0,30.77041,6.7704105
train,42,173,23.0,27.445751,4.445751
train,42,174,22.0,27.464409,5.464409
train,42,175,21.0,27.945902,6.945902
train,42,176,20.0,28.15291,8.15291
train,42,177,19.0,26.44299,7.4429893
train,42,178,18.0,22.336868,4.3368683
train,42,179,17.0,19.689682,2.689682
train,42,180,16.0,16.927605,0.9276047
train,42,181,15.0,14.183839,-0.81616116
train,42,182,14.0,14.913155,0.9131546
train,42,183,13.0,11.215913,-1.7840872
train,42,184,12.0,13.36094,1.36094
train,42,185,11.0,11.233283,0.23328304
train,42,186,10.0,10.924223,0.92422295
train,42,187,9.0,11.960991,2.960991
train,42,188,8.0,11.596822,3.5968218
train,42,189,7.0,10.342422,3.3424215
train,42,190,6.0,8.040494,2.040494
train,42,191,5.0,5.617884,0.61788416
train,42,192,4.0,9.008766,5.008766
train,42,193,3.0,6.42839,3.42839
train,42,194,2.0,6.8222623,4.8222623
train,42,195,1.0,7.340095,6.340095
train,42,196,0.0,7.3708425,7.3708425
train,44,30,162.0,123.02479,-38.975212
train,44,31,161.0,124.71929,-36.28071
train,44,32,160.0,137.48297,-22.517029
train,44,33,159.0,139.8207,-19.179306
train,44,34,158.0,142.02681,-15.97319
train,44,35,157.0,143.34206,-13.657944
train,44,36,156.0,143.35011,-12.649887
train,44,37,155.0,143.75879,-11.241211
train,44,38,154.0,143.45673,-10.543274
train,44,39,153.0,142.11853,-10.88147
train,44,40,152.0,141.25311,-10.746887
train,44,41,151.0,140.80003,-10.199966
train,44,42,150.0,139.66235,-10.3376465
train,44,43,149.0,116.35345,-32.646553
train,44,44,148.0,108.04707,-39.952927
train,44,45,147.0,109.81388,-37.18612
train,44,46,146.0,115.62257,-30.377434
train,44,47,145.0,126.54695,-18.453049
train,44,48,144.0,132.38507,-11.614929
train,44,49,143.0,119.114944,-23.885056
train,44,50,142.0,140.1949,-1.8050995
train,44,51,141.0,134.57797,-6.4220276
train,44,52,140.0,129.6448,-10.355194
train,44,53,139.0,132.58456,-6.415436
train,44,54,138.0,132.09056,-5.909439
train,44,55,137.0,139.77394,2.773941
train,44,56,136.0,142.08047,6.080475
train,44,57,135.0,141.26736,6.2673645
train,44,58,134.0,136.53392,2.5339203
train,44,59,133.0,139.5651,6.565094
train,44,60,132.0,140.01779,8.017792
train,44,61,131.0,143.44016,12.440155
train,44,62,130.0,143.70183,13.701828
train,44,63,129.0,143.24767,14.247665
train,44,64,128.0,142.94461,14.944611
train,44,65,127.0,143.2695,16.2695
train,44,66,126.0,136.37616,10.37616
train,44,67,125.0,136.3693,11.369293
train,44,68,124.0,132.85593,8.8559265
train,44,69,123.0,100.38969,-22.610313
train,44,70,122.0,121.44061,-0.5593872
train,44,71,121.0,131.97012,10.970123
train,44,72,120.0,126.800316,6.800316
train,44,73,119.0,115.99095,-3.0090485
train,44,74,118.0,116.35728,-1.6427231
train,44,75,117.0,120.86306,3.86306
train,44,76,116.0,124.74829,8.748291
train,44,77,115.0,129.28879,14.288788
train,44,78,114.0,140.36276,26.362762
train,44,79,113.0,142.14117,29.141174
train,44,80,112.0,143.43076,31.430756
train,44,81,111.0,140.75156,29.751556
train,44,82,110.0,134.81468,24.814682
train,44,83,109.0,143.30365,34.30365
train,44,84,108.0,143.41737,35.417374
train,44,85,107.0,143.39354,36.39354
train,44,86,106.0,143.57797,37.577972
train,44,87,105.0,143.7792,38.779205
train,44,88,104.0,138.98586,34.985855
train,44,89,103.0,134.76239,31.76239
train,44,90,102.0,81.7183,-20.2817
train,44,91,101.0,79.99366,-21.00634
train,44,92,100.0,80.01565,-19.984352
train,44,93,99.0,79.91863,-19.081367
train,44,94,98.0,74.37693,-23.62307
train,44,95,97.0,79.39461,-17.605392
train,44,96,96.0,75.32748,-20.672523
train,44,97,95.0,76.4249,-18.575104
train,44,98,94.0,71.35156,-22.648438
train,44,99,93.0,73.06652,-19.93348
train,44,100,92.0,77.90125,-14.098747
train,44,101,91.0,82.115944,-8.884056
train,44,102,90.0,79.272095,-10.727905
train,44,103,89.0,79.800064,-9.199936
train,44,104,88.0,76.50541,-11.494591
train,44,105,87.0,78.20348,-8.796516
train,44,106,86.0,76.8468,-9.153198
train,44,107,85.0,75.349014,-9.650986
train,44,108,84.0,72.49927,-11.500732
train,44,109,83.0,72.713326,-10.2866745
train,44,110,82.0,75.61168,-6.388321
train,44,111,81.0,73.91709,-7.0829086
train,44,112,80.0,75.58338,-4.4166183
train,44,113,79.0,77.27137,-1.7286301
train,44,114,78.0,76.939285,-1.0607147
train,44,115,77.0,79.11585,2.1158524
train,44,116,76.0,73.1565,-2.8434982
train,44,117,75.0,71.78283,-3.2171707
train,44,118,74.0,66.34864,-7.6513596
train,44,119,73.0,70.26772,-2.732277
train,44,120,72.0,72.52539,0.5253906
train,44,121,71.0,71.55246,0.5524597
train,44,122,70.0,71.62873,1.6287308
train,44,123,69.0,77.368065,8.368065
train,44,124,68.0,72.66653,4.666527
train,44,125,67.0,69.80855,2.808548
train,44,126,66.0,74.586105,8.586105
train,44,127,65.0,71.331764,6.331764
train,44,128,64.0,67.917,3.9169998
train,44,129,63.0,70.66529,7.665291
train,44,130,62.0,75.20173,13.201729
train,44,131,61.0,82.68899,21.688988
train,44,132,60.0,79.838005,19.838005
train,44,133,59.0,86.91761,27.91761
train,44,134,58.0,86.63523,28.635231
train,44,135,57.0,69.77065,12.770653
train,44,136,56.0,63.64605,7.6460495
train,44,137,55.0,61.77768,6.7776794
train,44,138,54.0,59.149353,5.149353
train,44,139,53.0,54.91339,1.9133911
train,44,140,52.0,58.147377,6.147377
train,44,141,51.0,60.32743,9.327431
train,44,142,50.0,58.294514,8.294514
train,44,143,49.0,53.348053,4.348053
train,44,144,48.0,49.10289,1.10289
train,44,145,47.0,50.447212,3.4472122
train,44,146,46.0,46.368412,0.36841202
train,44,147,45.0,51.70687,6.706871
train,44,148,44.0,56.617336,12.617336
train,44,149,43.0,54.231342,11.231342
train,44,150,42.0,51.18858,9.18858
train,44,151,41.0,50.52649,9.526489
train,44,152,40.0,40.24805,0.24805069
train,44,153,39.0,42.182846,3.182846
train,44,154,38.0,40.77044,2.7704391
train,44,155,37.0,43.54335,6.54335
train,44,156,36.0,46.110752,10.110752
train,44,157,35.0,44.264942,9.264942
train,44,158,34.0,46.26911,12.269112
train,44,159,33.0,39.155994,6.1559944
train,44,160,32.0,39.435818,7.4358177
train,44,161,31.0,34.959694,3.959694
train,44,162,30.0,33.98784,3.9878387
train,44,163,29.0,35.721603,6.7216034
train,44,164,28.0,34.970448,6.9704475
train,44,165,27.0,30.820097,3.820097
train,44,166,26.0,27.426594,1.4265938
train,44,167,25.0,25.66884,0.6688404
train,44,168,24.0,26.984154,2.9841537
train,44,169,23.0,25.608719,2.6087189
train,44,170,22.0,26.252186,4.252186
train,44,171,21.0,23.123377,2.1233768
train,44,172,20.0,21.038702,1.038702
train,44,173,19.0,18.302513,-0.6974869
train,44,174,18.0,17.099113,-0.90088654
train,44,175,17.0,18.8037,1.8036995
train,44,176,16.0,15.502792,-0.49720764
train,44,177,15.0,23.694538,8.694538
train,44,178,14.0,23.397629,9.397629
train,44,179,13.0,21.211607,8.211607
train,44,180,12.0,17.035303,5.035303
train,44,181,11.0,17.645407,6.6454067
train,44,182,10.0,10.798698,0.7986984
train,44,183,9.0,9.891219,0.89121914
train,44,184,8.0,7.956553,-0.043447018
train,44,185,7.0,5.345285,-1.6547151
train,44,186,6.0,5.8765054,-0.123494625
train,44,187,5.0,4.3903394,-0.6096606
train,44,188,4.0,3.817204,-0.182796
train,44,189,3.0,4.7533793,1.7533793
train,44,190,2.0,4.787164,2.7871642
train,44,191,1.0,6.1337132,5.1337132
train,44,192,0.0,4.6094584,4.6094584
train,45,30,128.0,143.44098,15.440979
train,45,31,127.0,143.24901,16.249008
train,45,32,126.0,143.38031,17.38031
train,45,33,125.0,143.70724,18.707245
train,45,34,124.0,143.77867,19.778671
train,45,35,123.0,143.67009,20.67009
train,45,36,122.0,143.69464,21.694641
train,45,37,121.0,143.79968,22.799683
train,45,38,120.0,143.7113,23.711304
train,45,39,119.0,143.58524,24.585236
train,45,40,118.0,143.53534,25.53534
train,45,41,117.0,143.43976,26.439758
train,45,42,116.0,143.7248,27.724792
train,45,43,115.0,143.67336,28.673355
train,45,44,114.0,143.7497,29.749695
train,45,45,113.0,129.0937,16.093704
train,45,46,112.0,98.55491,-13.445091
train,45,47,111.0,91.5646,-19.435402
train,45,48,110.0,92.99094,-17.009064
train,45,49,109.0,94.62919,-14.370811
train,45,50,108.0,87.60407,-20.395927
train,45,51,107.0,86.42455,-20.575447
train,45,52,106.0,86.53362,-19.466377
train,45,53,105.0,81.26472,-23.735283
train,45,54,104.0,80.61709,-23.382912
train,45,55,103.0,81.15484,-21.845161
train,45,56,102.0,82.72779,-19.27221
train,45,57,101.0,82.707634,-18.292366
train,45,58,100.0,82.20103,-17.798973
train,45,59,99.0,85.42584,-13.574158
train,45,60,98.0,82.01855,-15.981453
train,45,61,97.0,85.93152,-11.068481
train,45,62,96.0,79.60624,-16.39376
train,45,63,95.0,86.38711,-8.612892
train,45,64,94.0,88.70461,-5.2953873
train,45,65,93.0,85.96617,-7.0338287
train,45,66,92.0,83.384285,-8.615715
train,45,67,91.0,85.639305,-5.360695
train,45,68,90.0,84.071846,-5.928154
train,45,69,89.0,83.506386,-5.493614
train,45,70,88.0,76.98954,-11.01046
train,45,71,87.0,78.30367,-8.696327
train,45,72,86.0,77.759834,-8.240166
train,45,73,85.0,76.339966,-8.660034
train,45,74,84.0,82.126045,-1.8739548
train,45,75,83.0,85.037796,2.037796
train,45,76,82.0,80.707344,-1.292656
train,45,77,81.0,77.83863,-3.1613693
train,45,78,80.0,78.128105,-1.8718948
train,45,79,79.0,73.37642,-5.623581
train,45,80,78.0,75.588524,-2.4114761
train,45,81,77.0,75.531265,-1.4687347
train,45,82,76.0,73.32609,-2.673912
train,45,83,75.0,73.89102,-1.1089783
train,45,84,74.0,77.39494,3.3949432
train,45,85,73.0,80.23014,7.2301407
train,45,86,72.0,78.861046,6.861046
train,45,87,71.0,75.68357,4.683571
train,45,88,70.0,74.01083,4.0108337
train,45,89,69.0,75.49116,6.4911575
train,45,90,68.0,73.08061,5.080612
train,45,91,67.0,68.62703,1.6270294
train,45,92,66.0,68.344986,2.344986
train,45,93,65.0,71.208496,6.208496
train,45,94,64.0,69.92553,5.9255295
train,45,95,63.0,70.10735,7.107353
train,45,96,62.0,70.369896,8.369896
train,45,97,61.0,65.85056,4.850563
train,45,98,60.0,64.826866,4.826866
train,45,99,59.0,61.764664,2.7646637
train,45,100,58.0,57.8064,-0.1935997
train,45,101,57.0,55.35934,-1.6406593
train,45,102,56.0,54.629124,-1.3708763
train,45,103,55.0,59.127686,4.1276855
train,45,104,54.0,59.64086,5.6408615
train,45,105,53.0,60.149933,7.149933
train,45,106,52.0,55.22416,3.2241592
train,45,107,51.0,57.35281,6.35281
train,45,108,50.0,57.057243,7.0572433
train,45,109,49.0,56.820152,7.8201523
train,45,110,48.0,55.73657,7.7365685
train,45,111,47.0,60.404266,13.404266
train,45,112,46.0,59.78162,13.78162
train,45,113,45.0,59.4274,14.427399
train,45,114,44.0,58.98711,14.98711
train,45,115,43.0,63.93652,20.93652
train,45,116,42.0,57.836792,15.836792
train,45,117,41.0,55.648396,14.648396
train,45,118,40.0,49.240593,9.240593
train,45,119,39.0,51.92813,12.928131
train,45,120,38.0,52.081436,14.081436
train,45,121,37.0,51.31946,14.319462
train,45,122,36.0,48.92085,12.920849
train,45,123,35.0,46.249058,11.249058
train,45,124,34.0,48.317337,14.317337
train,45,125,33.0,49.29086,16.29086
train,45,126,32.0,51.289696,19.289696
train,45,127,31.0,48.809544,17.809544
train,45,128,30.0,40.484207,10.484207
train,45,129,29.0,39.772057,10.772057
train,45,130,28.0,39.157593,11.157593
train,45,131,27.0,36.570686,9.570686
train,45,132,26.0,34.615307,8.615307
train,45,133,25.0,32.515232,7.515232
train,45,134,24.0,32.221203,8.221203
train,45,135,23.0,30.054022,7.054022
train,45,136,22.0,28.088326,6.0883255
train,45,137,21.0,29.189636,8.189636
train,45,138,20.0,27.434505,7.4345055
train,45,139,19.0,23.883003,4.883003
train,45,140,18.0,21.384657,3.384657
train,45,141,17.0,18.886177,1.8861771
train,45,142,16.0,19.479094,3.4790936
train,45,143,15.0,22.618773,7.6187725
train,45,144,14.0,21.110542,7.1105423
train,45,145,13.0,17.550339,4.5503387
train,45,146,12.0,15.040296,3.0402956
train,45,147,11.0,13.338686,2.338686
train,45,148,10.0,11.677836,1.6778364
train,45,149,9.0,9.229415,0.22941494
train,45,150,8.0,8.532424,0.532424
train,45,151,7.0,8.569484,1.5694838
train,45,152,6.0,9.996555,3.9965553
train,45,153,5.0,7.541062,2.5410619
train,45,154,4.0,5.964936,1.9649358
train,45,155,3.0,5.015718,2.015718
train,45,156,2.0,3.6487908,1.6487908
train,45,157,1.0,1.2651774,0.26517737
train,45,158,0.0,0.39684165,0.39684165
train,46,30,226.0,143.71848,-82.281525
train,46,31,225.0,143.82515,-81.17485
train,46,32,224.0,143.81665,-80.18335
train,46,33,223.0,143.8148,-79.185196
train,46,34,222.0,143.81491,-78.18509
train,46,35,221.0,143.81546,-77.18454
train,46,36,220.0,143.82724,-76.17276
train,46,37,219.0,143.8281,-75.171906
train,46,38,218.0,143.8271,-74.1729
train,46,39,217.0,143.8324,-73.1676
train,46,40,216.0,143.81906,-72.18094
train,46,41,215.0,143.82867,-71.171326
train,46,42,214.0,143.80324,-70.19676
train,46,43,213.0,143.82007,-69.17993
train,46,44,212.0,143.81712,-68.18288
train,46,45,211.0,143.80667,-67.19333
train,46,46,210.0,143.82552,-66.174484
train,46,47,209.0,143.82555,-65.17445
train,46,48,208.0,143.82306,-64.17694
train,46,49,207.0,143.82861,-63.171387
train,46,50,206.0,143.81625,-62.183746
train,46,51,205.0,143.83054,-61.169464
train,46,52,204.0,143.83127,-60.16873
train,46,53,203.0,143.8262,-59.173798
train,46,54,202.0,143.80983,-58.19017
train,46,55,201.0,143.80887,-57.19113
train,46,56,200.0,143.82959,-56.17041
train,46,57,199.0,143.8128,-55.187195
train,46,58,198.0,143.82571,-54.174286
train,46,59,197.0,143.82878,-53.17122
train,46,60,196.0,143.83426,-52.16574
train,46,61,195.0,143.82298,-51.177017
train,46,62,194.0,143.79262,-50.207382
train,46,63,193.0,143.76038,-49.239624
train,46,64,192.0,143.73181,-48.26819
train,46,65,191.0,143.75494,-47.245056
train,46,66,190.0,143.76207,-46.23793
train,46,67,189.0,143.74072,-45.259277
train,46,68,188.0,143.80527,-44.194733
train,46,69,187.0,143.81863,-43.181366
train,46,70,186.0,143.80707,-42.192932
train,46,71,185.0,143.82446,-41.175537
train,46,72,184.0,143.81564,-40.184357
train,46,73,183.0,143.81812,-39.181885
train,46,74,182.0,143.82394,-38.176056
train,46,75,181.0,143.78516,-37.214844
train,46,76,180.0,143.7694,-36.230606
train,46,77,179.0,143.81778,-35.18222
train,46,78,178.0,143.8065,-34.193497
train,46,79,177.0,143.79553,-33.204468
train,46,80,176.0,143.24039,-32.759613
train,46,81,175.0,143.77078,-31.229218
train,46,82,174.0,143.7402,-30.259796
train,46,83,173.0,143.77133,-29.228668
train,46,84,172.0,143.61414,-28.385864
train,46,85,171.0,143.49426,-27.505737
train,46,86,170.0,143.77756,-26.222443
train,46,87,169.0,143.77055,-25.229446
train,46,88,168.0,143.7775,-24.222504
train,46,89,167.0,143.7936,-23.206406
train,46,90,166.0,143.81265,-22.187347
train,46,91,165.0,143.35818,-21.641815
train,46,92,164.0,139.50467,-24.49533
train,46,93,163.0,137.62955,-25.370453
train,46,94,162.0,136.36426,-25.635742
train,46,95,161.0,134.60632,-26.393677
train,46,96,160.0,125.38936,-34.61064
train,46,97,159.0,133.061,-25.938995
train,46,98,158.0,138.14496,-19.855042
train,46,99,157.0,134.84074,-22.159256
train,46,100,156.0,141.60352,-14.396484
train,46,101,155.0,141.01611,-13.983887
train,46,102,154.0,143.39319,-10.606812
train,46,103,153.0,143.82085,-9.179153
train,46,104,152.0,143.66568,-8.33432
train,46,105,151.0,143.46855,-7.5314484
train,46,106,150.0,143.76991,-6.2300873
train,46,107,149.0,143.72879,-5.2712097
train,46,108,148.0,143.79742,-4.2025757
train,46,109,147.0,143.60397,-3.3960266
train,46,110,146.0,143.81241,-2.1875916
train,46,111,145.0,143.8221,-1.1779022
train,46,112,144.0,143.81485,-0.18515015
train,46,113,143.0,143.7811,0.7810974
train,46,114,142.0,143.66086,1.6608582
train,46,115,141.0,143.74849,2.7484894
train,46,116,140.0,143.44208,3.4420776
train,46,117,139.0,143.62512,4.625122
train,46,118,138.0,143.4335,5.433502
train,46,119,137.0,142.33727,5.337265
train,46,120,136.0,139.35973,3.359726
train,46,121,135.0,139.56688,4.5668793
train,46,122,134.0,122.95158,-11.048424
train,46,123,133.0,113.87054,-19.129463
train,46,124,132.0,108.07234,-23.927658
train,46,125,131.0,106.53655,-24.463448
train,46,126,130.0,103.50308,-26.496918
train,46,127,129.0,106.38589,-22.614113
train,46,128,128.0,107.29288,-20.707123
train,46,129,127.0,103.21894,-23.78106
train,46,130,126.0,97.819885,-28.180115
train,46,131,125.0,99.861664,-25.138336
train,46,132,124.0,100.89419,-23.105812
train,46,133,123.0,100.790764,-22.209236
train,46,134,122.0,101.70558,-20.294418
train,46,135,121.0,104.80507,-16.194931
train,46,136,120.0,108.167336,-11.8326645
train,46,137,119.0,116.281364,-2.7186356
train,46,138,118.0,112.40562,-5.5943832
train,46,139,117.0,113.03652,-3.963478
train,46,140,116.0,110.053795,-5.946205
train,46,141,115.0,105.40861,-9.5913925
train,46,142,114.0,96.49464,-17.505363
train,46,143,113.0,97.61256,-15.387444
train,46,144,112.0,95.45837,-16.541634
train,46,145,111.0,97.49254,-13.507462
train,46,146,110.0,96.80863,-13.191368
train,46,147,109.0,94.90033,-14.09967
train,46,148,108.0,99.690475,-8.309525
train,46,149,107.0,93.43691,-13.563087
train,46,150,106.0,92.86172,-13.138283
train,46,151,105.0,92.197,-12.803001
train,46,152,104.0,84.152756,-19.847244
train,46,153,103.0,81.969215,-21.030785
train,46,154,102.0,79.35425,-22.645752
train,46,155,101.0,70.63102,-30.36898
train,46,156,100.0,71.66862,-28.331383
train,46,157,99.0,73.04985,-25.95015
train,46,158,98.0,70.3383,-27.661697
train,46,159,97.0,73.55669,-23.443314
train,46,160,96.0,76.07236,-19.927643
train,46,161,95.0,78.61996,-16.380043
train,46,162,94.0,76.73475,-17.265251
train,46,163,93.0,76.900116,-16.099884
train,46,164,92.0,77.703926,-14.296074
train,46,165,91.0,76.607796,-14.392204
train,46,166,90.0,74.75642,-15.243584
train,46,167,89.0,72.09903,-16.90097
train,46,168,88.0,78.68298,-9.317017
train,46,169,87.0,70.1889,-16.811096
train,46,170,86.0,79.38907,-6.6109314
train,46,171,85.0,89.5808,4.580803
train,46,172,84.0,88.30407,4.3040695
train,46,173,83.0,86.4201,3.4200974
train,46,174,82.0,80.99738,-1.0026169
train,46,175,81.0,82.212074,1.2120743
train,46,176,80.0,79.803795,-0.19620514
train,46,177,79.0,85.71073,6.7107315
train,46,178,78.0,87.8493,9.849297
train,46,179,77.0,80.69987,3.6998672
train,46,180,76.0,73.62304,-2.3769608
train,46,181,75.0,69.207436,-5.7925644
train,46,182,74.0,66.85317,-7.1468277
train,46,183,73.0,62.14398,-10.856022
train,46,184,72.0,59.053402,-12.946598
train,46,185,71.0,59.935276,-11.064724
train,46,186,70.0,60.27782,-9.722179
train,46,187,69.0,54.31415,-14.685848
train,46,188,68.0,55.0533,-12.946701
train,46,189,67.0,47.03166,-19.968342
train,46,190,66.0,52.28826,-13.711739
train,46,191,65.0,54.175068,-10.824932
train,46,192,64.0,49.619568,-14.380432
train,46,193,63.0,48.316917,-14.683083
train,46,194,62.0,52.345177,-9.654823
train,46,195,61.0,48.848465,-12.151535
train,46,196,60.0,53.440964,-6.5590363
train,46,197,59.0,48.329483,-10.670517
train,46,198,58.0,48.871746,-9.128254
train,46,199,57.0,51.29045,-5.709549
train,46,200,56.0,44.45274,-11.54726
train,46,201,55.0,46.528206,-8.471794
train,46,202,54.0,49.815254,-4.184746
train,46,203,53.0,46.995678,-6.004322
train,46,204,52.0,43.891132,-8.108868
train,46,205,51.0,45.354233,-5.645767
train,46,206,50.0,44.80239,-5.197609
train,46,207,49.0,48.845695,-0.1543045
train,46,208,48.0,49.589954,1.5899544
train,46,209,47.0,46.505043,-0.49495697
train,46,210,46.0,37.30656,-8.6934395
train,46,211,45.0,39.084206,-5.9157944
train,46,212,44.0,36.59941,-7.400589
train,46,213,43.0,35.496098,-7.5039024
train,46,214,42.0,38.685078,-3.3149223
train,46,215,41.0,38.357635,-2.6423645
train,46,216,40.0,39.349796,-0.6502037
train,46,217,39.0,34.442234,-4.557766
train,46,218,38.0,28.413036,-9.586964
train,46,219,37.0,27.925869,-9.074131
train,46,220,36.0,29.880022,-6.119978
train,46,221,35.0,30.693285,-4.306715
train,46,222,34.0,29.21873,-4.781269
train,46,223,33.0,27.708786,-5.291214
train,46,224,32.0,28.290373,-3.7096272
train,46,225,31.0,23.08996,-7.91004
train,46,226,30.0,27.475426,-2.5245743
train,46,227,29.0,23.53515,-5.4648495
train,46,228,28.0,25.47616,-2.52384
train,46,229,27.0,26.360577,-0.6394234
train,46,230,26.0,24.580292,-1.4197083
train,46,231,25.0,23.38405,-1.6159496
train,46,232,24.0,24.773039,0.77303886
train,46,233,23.0,25.48566,2.4856606
train,46,234,22.0,22.798742,0.7987423
train,46,235,21.0,21.604986,0.6049862
train,46,236,20.0,22.36056,2.3605595
train,46,237,19.0,22.218153,3.218153
train,46,238,18.0,20.070873,2.0708733
train,46,239,17.0,19.21054,2.2105408
train,46,240,16.0,20.305542,4.305542
train,46,241,15.0,20.433908,5.4339085
train,46,242,14.0,17.04656,3.0465603
train,46,243,13.0,14.020073,1.0200729
train,46,244,12.0,12.945313,0.94531345
train,46,245,11.0,10.568265,-0.43173504
train,46,246,10.0,9.470753,-0.5292473
train,46,247,9.0,8.880082,-0.11991787
train,46,248,8.0,7.4184318,-0.58156824
train,46,249,7.0,8.481943,1.4819431
train,46,250,6.0,6.263661,0.2636609
train,46,251,5.0,6.5959954,1.5959954
train,46,252,4.0,4.8403554,0.8403554
train,46,253,3.0,4.506823,1.5068231
train,46,254,2.0,5.790502,3.790502
train,46,255,1.0,4.8382497,3.8382497
train,46,256,0.0,4.000625,4.000625
train,47,30,184.0,143.74962,-40.25038
train,47,31,183.0,143.7941,-39.205902
train,47,32,182.0,143.79031,-38.209686
train,47,33,181.0,143.78276,-37.21724
train,47,34,180.0,143.74315,-36.25685
train,47,35,179.0,143.59088,-35.40912
train,47,36,178.0,143.66331,-34.336685
train,47,37,177.0,143.64642,-33.353577
train,47,38,176.0,143.5911,-32.408905
train,47,39,175.0,143.79022,-31.209778
train,47,40,174.0,143.80112,-30.198883
train,47,41,173.0,143.80513,-29.19487
train,47,42,172.0,143.81009,-28.18991
train,47,43,171.0,143.81256,-27.187439
train,47,44,170.0,143.78531,-26.214691
train,47,45,169.0,143.79326,-25.206741
train,47,46,168.0,143.78998,-24.210022
train,47,47,167.0,143.8052,-23.194794
train,47,48,166.0,143.81168,-22.188324
train,47,49,165.0,143.79652,-21.203476
train,47,50,164.0,143.82176,-20.178238
train,47,51,163.0,143.83148,-19.168518
train,47,52,162.0,143.82225,-18.17775
train,47,53,161.0,143.80328,-17.196716
train,47,54,160.0,143.8227,-16.177307
train,47,55,159.0,143.8243,-15.175705
train,47,56,158.0,143.69576,-14.304245
train,47,57,157.0,143.81833,-13.181671
train,47,58,156.0,143.80568,-12.194321
train,47,59,155.0,143.8101,-11.189896
train,47,60,154.0,143.80511,-10.194885
train,47,61,153.0,143.64279,-9.357208
train,47,62,152.0,143.64034,-8.359665
train,47,63,151.0,143.59302,-7.4069824
train,47,64,150.0,143.75288,-6.247116
train,47,65,149.0,143.3365,-5.663498
train,47,66,148.0,133.48535,-14.514648
train,47,67,147.0,133.92079,-13.079208
train,47,68,146.0,140.63704,-5.362961
train,47,69,145.0,143.43091,-1.5690918
train,47,70,144.0,143.70284,-0.29716492
train,47,71,143.0,143.73141,0.7314148
train,47,72,142.0,143.63202,1.632019
train,47,73,141.0,143.74265,2.7426453
train,47,74,140.0,143.77538,3.7753754
train,47,75,139.0,143.70828,4.7082825
train,47,76,138.0,143.77176,5.771759
train,47,77,137.0,143.73543,6.735428
train,47,78,136.0,143.72464,7.72464
train,47,79,135.0,143.77213,8.772125
train,47,80,134.0,143.72989,9.729889
train,47,81,133.0,143.60213,10.602127
train,47,82,132.0,143.76979,11.769791
train,47,83,131.0,143.79169,12.791687
train,47,84,130.0,143.5904,13.590393
train,47,85,129.0,119.11846,-9.881538
train,47,86,128.0,123.25148,-4.74852
train,47,87,127.0,132.1814,5.1813965
train,47,88,126.0,128.71243,2.7124329
train,47,89,125.0,124.10354,-0.8964615
train,47,90,124.0,123.48251,-0.5174866
train,47,91,123.0,116.74189,-6.25811
train,47,92,122.0,128.08287,6.0828705
train,47,93,121.0,101.014534,-19.985466
train,47,94,120.0,101.49004,-18.509956
train,47,95,119.0,100.835945,-18.164055
train,47,96,118.0,104.2706,-13.729401
train,47,97,117.0,96.03739,-20.962608
train,47,98,116.0,101.87789,-14.122108
train,47,99,115.0,93.863846,-21.136154
train,47,100,114.0,92.14529,-21.854713
train,47,101,113.0,97.13151,-15.868492
train,47,102,112.0,101.47434,-10.525658
train,47,103,111.0,96.27138,-14.728622
train,47,104,110.0,102.78268,-7.2173233
train,47,105,109.0,97.10494,-11.895058
train,47,106,108.0,97.90703,-10.092972
train,47,107,107.0,95.205696,-11.794304
train,47,108,106.0,100.22028,-5.7797165
train,47,109,105.0,93.7743,-11.2257
train,47,110,104.0,91.8621,-12.137901
train,47,111,103.0,82.685486,-20.314514
train,47,112,102.0,87.7344,-14.265602
train,47,113,101.0,90.80455,-10.19545
train,47,114,100.0,84.9284,-15.071602
train,47,115,99.0,83.76482,-15.235184
train,47,116,98.0,82.14563,-15.85437
train,47,117,97.0,81.26499,-15.735008
train,47,118,96.0,86.30541,-9.694588
train,47,119,95.0,84.82952,-10.170479
train,47,120,94.0,77.636894,-16.363106
train,47,121,93.0,80.73042,-12.269577
train,47,122,92.0,81.78127,-10.218727
train,47,123,91.0,85.71136,-5.288643
train,47,124,90.0,81.25888,-8.741119
train,47,125,89.0,75.51817,-13.481827
train,47,126,88.0,74.816376,-13.183624
train,47,127,87.0,76.25292,-10.747078
train,47,128,86.0,77.66344,-8.336563
train,47,129,85.0,72.84208,-12.157921
train,47,130,84.0,75.03465,-8.965347
train,47,131,83.0,72.97588,-10.0241165
train,47,132,82.0,71.61893,-10.381073
train,47,133,81.0,73.233734,-7.766266
train,47,134,80.0,77.06466,-2.935341
train,47,135,79.0,70.85709,-8.142906
train,47,136,78.0,72.202126,-5.7978745
train,47,137,77.0,69.17018,-7.8298187
train,47,138,76.0,68.696815,-7.3031845
train,47,139,75.0,72.00929,-2.9907074
train,47,140,74.0,74.21331,0.21331024
train,47,141,73.0,77.25538,4.2553787
train,47,142,72.0,76.23127,4.23127
train,47,143,71.0,74.58244,3.5824432
train,47,144,70.0,74.7931,4.7930984
train,47,145,69.0,72.47288,3.4728775
train,47,146,68.0,74.45765,6.457649
train,47,147,67.0,69.42576,2.4257584
train,47,148,66.0,68.66323,2.663231
train,47,149,65.0,71.535835,6.5358353
train,47,150,64.0,70.33401,6.3340073
train,47,151,63.0,67.005066,4.005066
train,47,152,62.0,68.257515,6.257515
train,47,153,61.0,64.61273,3.612732
train,47,154,60.0,59.806778,-0.19322205
train,47,155,59.0,58.227215,-0.7727852
train,47,156,58.0,61.777508,3.7775078
train,47,157,57.0,66.99736,9.99736
train,47,158,56.0,54.880394,-1.119606
train,47,159,55.0,50.55571,-4.44429
train,47,160,54.0,53.913757,-0.086242676
train,47,161,53.0,53.667187,0.66718674
train,47,162,52.0,53.52731,1.5273094
train,47,163,51.0,51.87048,0.8704796
train,47,164,50.0,51.537895,1.5378952
train,47,165,49.0,49.582882,0.5828819
train,47,166,48.0,50.04106,2.0410614
train,47,167,47.0,49.3058,2.3058014
train,47,168,46.0,50.726578,4.7265778
train,47,169,45.0,45.963333,0.96333313
train,47,170,44.0,44.99447,0.9944687
train,47,171,43.0,44.32113,1.3211288
train,47,172,42.0,44.57909,2.57909
train,47,173,41.0,41.07503,0.07503128
train,47,174,40.0,39.01199,-0.9880104
train,47,175,39.0,38.483845,-0.51615524
train,47,176,38.0,38.736504,0.7365036
train,47,177,37.0,39.245644,2.2456436
train,47,178,36.0,38.874634,2.8746338
train,47,179,35.0,37.61904,2.6190414
train,47,180,34.0,36.909405,2.9094048
train,47,181,33.0,35.677795,2.6777954
train,47,182,32.0,36.6851,4.6851006
train,47,183,31.0,33.325954,2.3259544
train,47,184,30.0,30.02189,0.02189064
train,47,185,29.0,27.442888,-1.5571117
train,47,186,28.0,26.385162,-1.6148376
train,47,187,27.0,27.10147,0.10147095
train,47,188,26.0,27.790915,1.7909145
train,47,189,25.0,28.679768,3.6797676
train,47,190,24.0,27.235077,3.235077
train,47,191,23.0,29.135366,6.1353664
train,47,192,22.0,27.748024,5.748024
train,47,193,21.0,26.963696,5.9636955
train,47,194,20.0,23.473637,3.4736366
train,47,195,19.0,22.614878,3.6148777
train,47,196,18.0,20.384598,2.3845978
train,47,197,17.0,20.638184,3.6381836
train,47,198,16.0,19.913366,3.9133663
train,47,199,15.0,16.718401,1.718401
train,47,200,14.0,14.021166,0.021165848
train,47,201,13.0,15.133495,2.1334953
train,47,202,12.0,14.438519,2.4385185
train,47,203,11.0,14.959316,3.9593163
train,47,204,10.0,13.382177,3.3821774
train,47,205,9.0,11.552365,2.5523653
train,47,206,8.0,13.005408,5.0054083
train,47,207,7.0,8.455361,1.4553614
train,47,208,6.0,8.598107,2.5981073
train,47,209,5.0,8.604884,3.6048841
train,47,210,4.0,6.656235,2.6562352
train,47,211,3.0,6.9137025,3.9137025
train,47,212,2.0,6.2487493,4.2487493
train,47,213,1.0,5.1971784,4.1971784
train,47,214,0.0,4.804934,4.804934
train,48,30,201.0,143.75233,-57.247665
train,48,31,200.0,143.51045,-56.489548
train,48,32,199.0,143.37828,-55.62172
train,48,33,198.0,143.67001,-54.329987
train,48,34,197.0,143.80286,-53.197144
train,48,35,196.0,142.91403,-53.085968
train,48,36,195.0,142.91855,-52.08145
train,48,37,194.0,142.47052,-51.52948
train,48,38,193.0,142.09152,-50.908478
train,48,39,192.0,143.2155,-48.7845
train,48,40,191.0,142.03526,-48.964737
train,48,41,190.0,140.77074,-49.229263
train,48,42,189.0,143.08191,-45.91809
train,48,43,188.0,143.29752,-44.702484
train,48,44,187.0,143.62897,-43.371033
train,48,45,186.0,143.70224,-42.29776
train,48,46,185.0,143.68622,-41.31378
train,48,47,184.0,143.72908,-40.27092
train,48,48,183.0,143.77539,-39.22461
train,48,49,182.0,143.81183,-38.18817
train,48,50,181.0,143.82446,-37.175537
train,48,51,180.0,143.82443,-36.175568
train,48,52,179.0,143.81102,-35.18898
train,48,53,178.0,143.7985,-34.201508
train,48,54,177.0,143.8107,-33.1893
train,48,55,176.0,143.80968,-32.190323
train,48,56,175.0,143.80696,-31.193039
train,48,57,174.0,143.78226,-30.217743
train,48,58,173.0,143.8049,-29.195099
train,48,59,172.0,143.75012,-28.249878
train,48,60,171.0,143.68504,-27.314957
train,48,61,170.0,143.77994,-26.220062
train,48,62,169.0,143.15796,-25.842041
train,48,63,168.0,143.09702,-24.902985
train,48,64,167.0,143.35072,-23.649277
train,48,65,166.0,142.60648,-23.393524
train,48,66,165.0,138.04977,-26.950226
train,48,67,164.0,142.732,-21.268005
train,48,68,163.0,143.4867,-19.513306
train,48,69,162.0,143.61292,-18.387085
train,48,70,161.0,143.76306,-17.236938
train,48,71,160.0,143.60982,-16.390182
train,48,72,159.0,143.6233,-15.376694
train,48,73,158.0,143.79944,-14.200562
train,48,74,157.0,143.71971,-13.280289
train,48,75,156.0,143.80109,-12.198914
train,48,76,155.0,143.20432,-11.795685
train,48,77,154.0,142.59001,-11.409988
train,48,78,153.0,143.52615,-9.473846
train,48,79,152.0,143.64148,-8.3585205
train,48,80,151.0,142.86095,-8.139053
train,48,81,150.0,143.47897,-6.5210266
train,48,82,149.0,143.57556,-5.4244385
train,48,83,148.0,143.67877,-4.321228
train,48,84,147.0,143.76404,-3.235962
train,48,85,146.0,143.40375,-2.5962524
train,48,86,145.0,143.58524,-1.4147644
train,48,87,144.0,143.69621,-0.30378723
train,48,88,143.0,142.90518,-0.094818115
train,48,89,142.0,141.01877,-0.9812317
train,48,90,141.0,119.45298,-21.54702
train,48,91,140.0,113.0023,-26.997704
train,48,92,139.0,110.44617,-28.553833
train,48,93,138.0,125.09881,-12.901192
train,48,94,137.0,135.99966,-1.0003357
train,48,95,136.0,138.90704,2.9070435
train,48,96,135.0,138.74127,3.741272
train,48,97,134.0,124.73791,-9.262093
train,48,98,133.0,119.80615,-13.193848
train,48,99,132.0,115.70976,-16.290237
train,48,100,131.0,120.32562,-10.674377
train,48,101,130.0,114.00315,-15.996849
train,48,102,129.0,113.12771,-15.872292
train,48,103,128.0,107.29011,-20.709892
train,48,104,127.0,100.27631,-26.723686
train,48,105,126.0,109.42623,-16.573769
train,48,106,125.0,106.27979,-18.720207
train,48,107,124.0,104.68781,-19.312187
train,48,108,123.0,95.63801,-27.361992
train,48,109,122.0,98.005196,-23.994804
train,48,110,121.0,97.371254,-23.628746
train,48,111,120.0,112.534676,-7.4653244
train,48,112,119.0,109.61347,-9.386528
train,48,113,118.0,113.797966,-4.202034
train,48,114,117.0,112.866264,-4.1337357
train,48,115,116.0,110.72791,-5.272087
train,48,116,115.0,109.5982,-5.401802
train,48,117,114.0,108.932434,-5.067566
train,48,118,113.0,100.58887,-12.411133
train,48,119,112.0,96.27431,-15.725693
train,48,120,111.0,94.50619,-16.493813
train,48,121,110.0,88.600555,-21.399445
train,48,122,109.0,88.62856,-20.371437
train,48,123,108.0,89.91366,-18.086342
train,48,124,107.0,86.56605,-20.433952
train,48,125,106.0,86.40189,-19.598106
train,48,126,105.0,88.6787,-16.321297
train,48,127,104.0,87.98911,-16.010887
train,48,128,103.0,85.30624,-17.693764
train,48,129,102.0,83.98913,-18.010872
train,48,130,101.0,86.68889,-14.311111
train,48,131,100.0,88.97071,-11.029289
train,48,132,99.0,93.311104,-5.688896
train,48,133,98.0,85.614456,-12.385544
train,48,134,97.0,87.62945,-9.370552
train,48,135,96.0,85.67537,-10.324631
train,48,136,95.0,85.592285,-9.407715
train,48,137,94.0,80.64496,-13.3550415
train,48,138,93.0,76.635666,-16.364334
train,48,139,92.0,74.967415,-17.032585
train,48,140,91.0,74.06048,-16.939522
train,48,141,90.0,73.80708,-16.192917
train,48,142,89.0,76.68297,-12.317032
train,48,143,88.0,75.62167,-12.378326
train,48,144,87.0,75.77841,-11.221588
train,48,145,86.0,73.49873,-12.5012665
train,48,146,85.0,72.66349,-12.33651
train,48,147,84.0,73.0601,-10.939903
train,48,148,83.0,72.90345,-10.09655
train,48,149,82.0,74.78641,-7.2135925
train,48,150,81.0,72.06602,-8.933983
train,48,151,80.0,69.933464,-10.066536
train,48,152,79.0,69.04685,-9.953148
train,48,153,78.0,69.72558,-8.274422
train,48,154,77.0,70.703224,-6.296776
train,48,155,76.0,66.74854,-9.251457
train,48,156,75.0,66.65988,-8.340118
train,48,157,74.0,62.327156,-11.672844
train,48,158,73.0,65.816505,-7.1834946
train,48,159,72.0,66.55821,-5.4417877
train,48,160,71.0,66.65449,-4.3455124
train,48,161,70.0,64.08111,-5.918892
train,48,162,69.0,61.002613,-7.997387
train,48,163,68.0,60.704727,-7.295273
train,48,164,67.0,59.140694,-7.8593063
train,48,165,66.0,55.69783,-10.30217
train,48,166,65.0,54.974457,-10.025543
train,48,167,64.0,54.271942,-9.728058
train,48,168,63.0,55.71016,-7.2898407
train,48,169,62.0,54.542427,-7.457573
train,48,170,61.0,52.97577,-8.024231
train,48,171,60.0,48.15767,-11.842331
train,48,172,59.0,53.606464,-5.3935356
train,48,173,58.0,51.489815,-6.5101852
train,48,174,57.0,49.842052,-7.1579475
train,48,175,56.0,47.848495,-8.1515045
train,48,176,55.0,49.2583,-5.741699
train,48,177,54.0,45.834164,-8.165836
train,48,178,53.0,48.88233,-4.117668
train,48,179,52.0,49.784866,-2.2151337
train,48,180,51.0,46.85995,-4.140049
train,48,181,50.0,43.552402,-6.4475975
train,48,182,49.0,45.98063,-3.019371
train,48,183,48.0,43.81591,-4.1840897
train,48,184,47.0,47.882633,0.8826332
train,48,185,46.0,48.902824,2.9028244
train,48,186,45.0,51.48255,6.4825516
train,48,187,44.0,44.83425,0.8342514
train,48,188,43.0,40.778156,-2.2218437
train,48,189,42.0,40.40659,-1.5934105
train,48,190,41.0,39.98434,-1.0156593
train,48,191,40.0,39.461334,-0.5386658
train,48,192,39.0,33.81109,-5.1889114
train,48,193,38.0,34.152794,-3.847206
train,48,194,37.0,31.178192,-5.821808
train,48,195,36.0,32.247517,-3.7524834
train,48,196,35.0,27.904068,-7.095932
train,48,197,34.0,28.5915,-5.4085007
train,48,198,33.0,32.069347,-0.9306526
train,48,199,32.0,28.228714,-3.771286
train,48,200,31.0,30.790749,-0.2092514
train,48,201,30.0,26.839771,-3.1602287
train,48,202,29.0,29.061861,0.06186104
train,48,203,28.0,28.12458,0.12458038
train,48,204,27.0,24.585897,-2.4141026
train,48,205,26.0,26.581118,0.58111763
train,48,206,25.0,23.358938,-1.6410618
train,48,207,24.0,21.263151,-2.7368488
train,48,208,23.0,20.779797,-2.2202034
train,48,209,22.0,18.33551,-3.6644897
train,48,210,21.0,17.368675,-3.6313248
train,48,211,20.0,15.321052,-4.6789484
train,48,212,19.0,16.705061,-2.294939
train,48,213,18.0,15.384157,-2.6158428
train,48,214,17.0,14.365575,-2.6344252
train,48,215,16.0,13.150665,-2.8493347
train,48,216,15.0,12.529145,-2.4708548
train,48,217,14.0,12.14281,-1.8571901
train,48,218,13.0,12.093608,-0.9063921
train,48,219,12.0,9.702851,-2.2971487
train,48,220,11.0,9.414818,-1.5851822
train,48,221,10.0,8.489333,-1.5106668
train,48,222,9.0,8.748017,-0.2519827
train,48,223,8.0,7.657681,-0.342319
train,48,224,7.0,6.927547,-0.07245302
train,48,225,6.0,6.311545,0.3115449
train,48,226,5.0,6.39173,1.3917298
train,48,227,4.0,5.705115,1.7051148
train,48,228,3.0,4.0334697,1.0334697
train,48,229,2.0,2.7771754,0.7771754
train,48,230,1.0,3.1450524,2.1450524
train,48,231,0.0,1.2832695,1.2832695
train,49,30,185.0,143.71475,-41.285248
train,49,31,184.0,143.76213,-40.23787
train,49,32,183.0,141.0279,-41.972107
train,49,33,182.0,140.6561,-41.343903
train,49,34,181.0,143.19075,-37.80925
train,49,35,180.0,143.41508,-36.584915
train,49,36,179.0,143.25616,-35.743835
train,49,37,178.0,143.36053,-34.639465
train,49,38,177.0,143.41745,-33.58255
train,49,39,176.0,143.46332,-32.536682
train,49,40,175.0,142.97644,-32.02356
train,49,41,174.0,143.53392,-30.46608
train,49,42,173.0,143.59703,-29.40297
train,49,43,172.0,143.69052,-28.309479
train,49,44,171.0,143.15341,-27.846588
train,49,45,170.0,142.62198,-27.378021
train,49,46,169.0,142.74934,-26.250656
train,49,47,168.0,141.18297,-26.817032
train,49,48,167.0,141.62115,-25.378845
train,49,49,166.0,142.9636,-23.036407
train,49,50,165.0,138.20842,-26.79158
train,49,51,164.0,135.6433,-28.356705
train,49,52,163.0,141.21796,-21.782043
train,49,53,162.0,142.92816,-19.071838
train,49,54,161.0,142.93411,-18.065887
train,49,55,160.0,143.30618,-16.693817
train,49,56,159.0,142.98672,-16.013275
train,49,57,158.0,142.64511,-15.354889
train,49,58,157.0,143.13477,-13.865234
train,49,59,156.0,143.4571,-12.542892
train,49,60,155.0,143.3902,-11.609802
train,49,61,154.0,142.91019,-11.089813
train,49,62,153.0,141.13412,-11.865875
train,49,63,152.0,135.66914,-16.330856
train,49,64,151.0,136.1124,-14.887604
train,49,65,150.0,141.73004,-8.2699585
train,49,66,149.0,137.4271,-11.5729065
train,49,67,148.0,141.44064,-6.5593567
train,49,68,147.0,141.68034,-5.3196564
train,49,69,146.0,142.62137,-3.3786316
train,49,70,145.0,142.12323,-2.87677
train,49,71,144.0,140.8107,-3.1893005
train,49,72,143.0,108.93608,-34.06392
train,49,73,142.0,143.01917,1.019165
train,49,74,141.0,141.68352,0.68351746
train,49,75,140.0,141.96375,1.9637451
train,49,76,139.0,129.74756,-9.252441
train,49,77,138.0,129.58098,-8.419022
train,49,78,137.0,135.57193,-1.4280701
train,49,79,136.0,135.91544,-0.08456421
train,49,80,135.0,140.21555,5.2155457
train,49,81,134.0,140.38943,6.389435
train,49,82,133.0,141.21434,8.21434
train,49,83,132.0,133.06361,1.0636139
train,49,84,131.0,135.56104,4.561035
train,49,85,130.0,142.22786,12.2278595
train,49,86,129.0,142.88022,13.8802185
train,49,87,128.0,143.00851,15.008514
train,49,88,127.0,121.93066,-5.0693436
train,49,89,126.0,143.04376,17.043762
train,49,90,125.0,143.17987,18.17987
train,49,91,124.0,142.55318,18.553177
train,49,92,123.0,141.21889,18.218887
train,49,93,122.0,142.2385,20.238495
train,49,94,121.0,139.0657,18.065704
train,49,95,120.0,142.05942,22.059418
train,49,96,119.0,142.68863,23.68863
train,49,97,118.0,140.87723,22.877228
train,49,98,117.0,129.6036,12.603607
train,49,99,116.0,115.167274,-0.8327255
train,49,100,115.0,116.68972,1.6897202
train,49,101,114.0,110.355385,-3.6446152
train,49,102,113.0,99.61689,-13.38311
train,49,103,112.0,91.95053,-20.049469
train,49,104,111.0,95.91155,-15.088448
train,49,105,110.0,102.35031,-7.6496887
train,49,106,109.0,108.16693,-0.83306885
train,49,107,108.0,118.07481,10.074806
train,49,108,107.0,114.7954,7.7954025
train,49,109,106.0,118.45086,12.450859
train,49,110,105.0,102.96751,-2.0324936
train,49,111,104.0,117.04101,13.041008
train,49,112,103.0,135.96301,32.963013
train,49,113,102.0,138.20624,36.206238
train,49,114,101.0,139.11996,38.119965
train,49,115,100.0,130.13548,30.135483
train,49,116,99.0,141.07912,42.079117
train,49,117,98.0,141.20007,43.200073
train,49,118,97.0,138.5571,41.5571
train,49,119,96.0,141.03471,45.034714
train,49,120,95.0,141.52896,46.52896
train,49,121,94.0,137.71895,43.71895
train,49,122,93.0,137.90033,44.90033
train,49,123,92.0,136.77057,44.77057
train,49,124,91.0,140.07733,49.07733
train,49,125,90.0,135.37718,45.377182
train,49,126,89.0,137.55084,48.550842
train,49,127,88.0,139.50871,51.508713
train,49,128,87.0,140.90927,53.90927
train,49,129,86.0,141.2966,55.2966
train,49,130,85.0,140.47015,55.470154
train,49,131,84.0,134.03369,50.03369
train,49,132,83.0,115.40631,32.40631
train,49,133,82.0,84.784706,2.784706
train,49,134,81.0,108.87882,27.878822
train,49,135,80.0,77.12893,-2.8710709
train,49,136,79.0,76.37261,-2.627388
train,49,137,78.0,76.87018,-1.1298218
train,49,138,77.0,81.31995,4.3199463
train,49,139,76.0,85.71452,9.714523
train,49,140,75.0,79.56841,4.568413
train,49,141,74.0,89.96315,15.96315
train,49,142,73.0,91.092514,18.092514
train,49,143,72.0,83.303696,11.303696
train,49,144,71.0,82.62549,11.625488
train,49,145,70.0,71.39923,1.399231
train,49,146,69.0,65.80504,-3.1949615
train,49,147,68.0,71.68052,3.680519
train,49,148,67.0,57.590225,-9.409775
train,49,149,66.0,53.104336,-12.895664
train,49,150,65.0,52.7955,-12.204498
train,49,151,64.0,47.560898,-16.439102
train,49,152,63.0,46.647194,-16.352806
train,49,153,62.0,45.995373,-16.004627
train,49,154,61.0,48.46675,-12.533249
train,49,155,60.0,49.990234,-10.009766
train,49,156,59.0,53.84241,-5.157589
train,49,157,58.0,50.449577,-7.5504227
train,49,158,57.0,43.943672,-13.056328
train,49,159,56.0,47.72708,-8.272919
train,49,160,55.0,46.394447,-8.605553
train,49,161,54.0,48.11914,-5.8808594
train,49,162,53.0,43.714043,-9.285957
train,49,163,52.0,35.319313,-16.680687
train,49,164,51.0,34.28362,-16.716381
train,49,165,50.0,31.657686,-18.342314
train,49,166,49.0,34.478607,-14.521393
train,49,167,48.0,35.785706,-12.214294
train,49,168,47.0,36.409637,-10.590363
train,49,169,46.0,36.07389,-9.926109
train,49,170,45.0,39.974834,-5.0251656
train,49,171,44.0,40.72385,-3.2761497
train,49,172,43.0,41.851513,-1.1484871
train,49,173,42.0,40.614685,-1.385315
train,49,174,41.0,42.52897,1.5289688
train,49,175,40.0,40.076115,0.076114655
train,49,176,39.0,36.995007,-2.0049934
train,49,177,38.0,37.3853,-0.6147003
train,49,178,37.0,31.181602,-5.8183975
train,49,179,36.0,30.872124,-5.1278763
train,49,180,35.0,38.677124,3.677124
train,49,181,34.0,41.47088,7.4708786
train,49,182,33.0,30.920216,-2.0797844
train,49,183,32.0,29.612309,-2.3876915
train,49,184,31.0,34.877823,3.8778229
train,49,185,30.0,33.636158,3.636158
train,49,186,29.0,31.77158,2.7715797
train,49,187,28.0,34.488438,6.4884377
train,49,188,27.0,32.692703,5.6927032
train,49,189,26.0,32.547554,6.547554
train,49,190,25.0,31.985346,6.985346
train,49,191,24.0,32.064026,8.064026
train,49,192,23.0,31.792341,8.792341
train,49,193,22.0,27.653896,5.6538963
train,49,194,21.0,21.959286,0.95928574
train,49,195,20.0,17.425274,-2.574726
train,49,196,19.0,18.655092,-0.34490776
train,49,197,18.0,16.24378,-1.7562199
train,49,198,17.0,12.910565,-4.0894346
train,49,199,16.0,13.757909,-2.2420912
train,49,200,15.0,11.256596,-3.7434044
train,49,201,14.0,13.139591,-0.8604088
train,49,202,13.0,11.208559,-1.791441
train,49,203,12.0,10.020999,-1.979001
train,49,204,11.0,10.217287,-0.78271294
train,49,205,10.0,8.807519,-1.192481
train,49,206,9.0,6.319546,-2.6804538
train,49,207,8.0,5.2102675,-2.7897325
train,49,208,7.0,7.4559474,0.4559474
train,49,209,6.0,4.5096946,-1.4903054
train,49,210,5.0,6.31795,1.3179498
train,49,211,4.0,2.7414985,-1.2585015
train,49,212,3.0,2.8552623,-0.14473772
train,49,213,2.0,1.63862,-0.36137998
train,49,214,1.0,1.2861773,0.28617728
train,49,215,0.0,0.8244673,0.8244673
train,50,30,168.0,116.68085,-51.319153
train,50,31,167.0,125.60731,-41.392693
train,50,32,166.0,124.20011,-41.79989
train,50,33,165.0,126.29154,-38.708458
train,50,34,164.0,134.74817,-29.251831
train,50,35,163.0,142.33267,-20.667328
train,50,36,162.0,142.86826,-19.131744
train,50,37,161.0,136.88373,-24.116272
train,50,38,160.0,133.68304,-26.316956
train,50,39,159.0,133.48895,-25.511047
train,50,40,158.0,130.04012,-27.959885
train,50,41,157.0,135.81442,-21.185577
train,50,42,156.0,142.70293,-13.297073
train,50,43,155.0,140.71704,-14.282959
train,50,44,154.0,132.2103,-21.789703
train,50,45,153.0,141.30157,-11.698425
train,50,46,152.0,141.08847,-10.91153
train,50,47,151.0,140.16138,-10.838623
train,50,48,150.0,142.86407,-7.1359253
train,50,49,149.0,142.4834,-6.5166016
train,50,50,148.0,142.2628,-5.737198
train,50,51,147.0,134.48831,-12.511688
train,50,52,146.0,134.44878,-11.551224
train,50,53,145.0,139.96262,-5.037384
train,50,54,144.0,132.06454,-11.935455
train,50,55,143.0,118.052605,-24.947395
train,50,56,142.0,113.4497,-28.5503
train,50,57,141.0,109.59742,-31.40258
train,50,58,140.0,115.90807,-24.091927
train,50,59,139.0,126.48298,-12.517021
train,50,60,138.0,129.29143,-8.708572
train,50,61,137.0,131.61087,-5.3891296
train,50,62,136.0,120.099625,-15.900375
train,50,63,135.0,113.414,-21.585999
train,50,64,134.0,116.44354,-17.556458
train,50,65,133.0,109.42788,-23.57212
train,50,66,132.0,104.4143,-27.585701
train,50,67,131.0,91.631996,-39.368004
train,50,68,130.0,94.165924,-35.834076
train,50,69,129.0,106.00697,-22.993027
train,50,70,128.0,108.94771,-19.052292
train,50,71,127.0,109.79357,-17.206429
train,50,72,126.0,143.34042,17.340424
train,50,73,125.0,139.76114,14.761139
train,50,74,124.0,141.34523,17.34523
train,50,75,123.0,143.43324,20.433243
train,50,76,122.0,141.46515,19.465149
train,50,77,121.0,127.835815,6.8358154
train,50,78,120.0,130.56076,10.5607605
train,50,79,119.0,133.44038,14.440384
train,50,80,118.0,135.74844,17.748444
train,50,81,117.0,135.74115,18.74115
train,50,82,116.0,138.82924,22.829239
train,50,83,115.0,120.36149,5.3614883
train,50,84,114.0,109.8077,-4.192299
train,50,85,113.0,103.75313,-9.246872
train,50,86,112.0,98.88602,-13.113983
train,50,87,111.0,97.27666,-13.723343
train,50,88,110.0,98.94218,-11.057823
train,50,89,109.0,102.98594,-6.014061
train,50,90,108.0,95.21835,-12.781647
train,50,91,107.0,90.74534,-16.254662
train,50,92,106.0,90.355064,-15.644936
train,50,93,105.0,84.30695,-20.693047
train,50,94,104.0,79.63492,-24.365082
train,50,95,103.0,77.13385,-25.86615
train,50,96,102.0,69.64,-32.36
train,50,97,101.0,67.51857,-33.48143
train,50,98,100.0,67.96747,-32.03253
train,50,99,99.0,68.8527,-30.1473
train,50,100,98.0,67.98458,-30.015419
train,50,101,97.0,69.35073,-27.64927
train,50,102,96.0,72.03828,-23.961723
train,50,103,95.0,68.74921,-26.250793
train,50,104,94.0,69.92235,-24.077652
train,50,105,93.0,79.886116,-13.113884
train,50,106,92.0,77.320755,-14.679245
train,50,107,91.0,76.83413,-14.165871
train,50,108,90.0,85.599976,-4.4000244
train,50,109,89.0,85.87661,-3.1233902
train,50,110,88.0,82.94239,-5.0576096
train,50,111,87.0,80.800575,-6.1994247
train,50,112,86.0,76.64212,-9.35788
train,50,113,85.0,76.35145,-8.648552
train,50,114,84.0,79.10645,-4.893547
train,50,115,83.0,82.33721,-0.6627884
train,50,116,82.0,79.451935,-2.5480652
train,50,117,81.0,71.016075,-9.983925
train,50,118,80.0,78.15028,-1.8497162
train,50,119,79.0,78.91573,-0.08426666
train,50,120,78.0,83.67306,5.6730576
train,50,121,77.0,79.82158,2.821579
train,50,122,76.0,74.60777,-1.3922272
train,50,123,75.0,72.884926,-2.1150742
train,50,124,74.0,60.361923,-13.638077
train,50,125,73.0,59.399666,-13.600334
train,50,126,72.0,67.43957,-4.5604324
train,50,127,71.0,67.7746,-3.2254028
train,50,128,70.0,63.66382,-6.3361816
train,50,129,69.0,54.060677,-14.939323
train,50,130,68.0,51.976227,-16.023773
train,50,131,67.0,52.70215,-14.297852
train,50,132,66.0,54.595474,-11.404526
train,50,133,65.0,57.682037,-7.3179626
train,50,134,64.0,57.347946,-6.652054
train,50,135,63.0,51.720585,-11.279415
train,50,136,62.0,45.75576,-16.24424
train,50,137,61.0,47.27217,-13.727829
train,50,138,60.0,44.576782,-15.423218
train,50,139,59.0,45.097076,-13.902924
train,50,140,58.0,47.58219,-10.417809
train,50,141,57.0,51.65712,-5.3428802
train,50,142,56.0,48.007355,-7.9926453
train,50,143,55.0,46.23799,-8.762009
train,50,144,54.0,43.772636,-10.227364
train,50,145,53.0,45.936127,-7.0638733
train,50,146,52.0,47.26417,-4.7358284
train,50,147,51.0,46.271187,-4.728813
train,50,148,50.0,48.21428,-1.7857208
train,50,149,49.0,49.435295,0.4352951
train,50,150,48.0,52.97284,4.9728394
train,50,151,47.0,53.86904,6.8690414
train,50,152,46.0,47.07129,1.0712891
train,50,153,45.0,50.31502,5.3150215
train,50,154,44.0,46.953888,2.953888
train,50,155,43.0,45.021503,2.0215034
train,50,156,42.0,46.815754,4.815754
train,50,157,41.0,42.846634,1.8466339
train,50,158,40.0,39.966965,-0.03303528
train,50,159,39.0,36.303257,-2.696743
train,50,160,38.0,36.315292,-1.6847076
train,50,161,37.0,35.14847,-1.8515282
train,50,162,36.0,27.140553,-8.8594475
train,50,163,35.0,29.593306,-5.4066944
train,50,164,34.0,30.796648,-3.203352
train,50,165,33.0,26.58469,-6.41531
train,50,166,32.0,25.077831,-6.9221687
train,50,167,31.0,26.82565,-4.1743507
train,50,168,30.0,25.170515,-4.829485
train,50,169,29.0,26.136726,-2.8632736
train,50,170,28.0,24.957697,-3.042303
train,50,171,27.0,23.651266,-3.348734
train,50,172,26.0,23.6407,-2.3593006
train,50,173,25.0,24.36719,-0.6328106
train,50,174,24.0,23.854818,-0.14518166
train,50,175,23.0,23.221638,0.22163773
train,50,176,22.0,23.304071,1.3040714
train,50,177,21.0,24.58761,3.5876102
train,50,178,20.0,23.247093,3.2470932
train,50,179,19.0,20.87267,1.8726692
train,50,180,18.0,17.485098,-0.5149021
train,50,181,17.0,15.759027,-1.2409735
train,50,182,16.0,17.273407,1.273407
train,50,183,15.0,14.244119,-0.7558813
train,50,184,14.0,14.231109,0.23110867
train,50,185,13.0,11.945945,-1.0540552
train,50,186,12.0,11.600445,-0.3995552
train,50,187,11.0,10.106296,-0.8937044
train,50,188,10.0,10.986493,0.9864931
train,50,189,9.0,9.107032,0.10703182
train,50,190,8.0,6.571593,-1.4284072
train,50,191,7.0,5.416283,-1.5837169
train,50,192,6.0,8.319509,2.3195086
train,50,193,5.0,6.4074063,1.4074063
train,50,194,4.0,3.8465524,-0.15344763
train,50,195,3.0,4.1274514,1.1274514
train,50,196,2.0,4.332072,2.3320718
train,50,197,1.0,4.640694,3.6406941
train,50,198,0.0,1.076964,1.076964
train,54,30,227.0,143.73228,-83.267715
train,54,31,226.0,143.76033,-82.23967
train,54,32,225.0,143.55576,-81.444244
train,54,33,224.0,143.25986,-80.74014
train,54,34,223.0,133.60643,-89.39357
train,54,35,222.0,140.97586,-81.02414
train,54,36,221.0,134.02217,-86.97783
train,54,37,220.0,140.37836,-79.62164
train,54,38,219.0,142.84744,-76.15256
train,54,39,218.0,142.61583,-75.38417
train,54,40,217.0,143.25186,-73.74814
train,54,41,216.0,143.6561,-72.3439
train,54,42,215.0,143.79767,-71.20233
train,54,43,214.0,143.81316,-70.186844
train,54,44,213.0,143.80823,-69.19177
train,54,45,212.0,143.7892,-68.2108
train,54,46,211.0,143.77794,-67.22206
train,54,47,210.0,143.8018,-66.1982
train,54,48,209.0,143.79404,-65.20596
train,54,49,208.0,143.81221,-64.18779
train,54,50,207.0,143.82265,-63.177353
train,54,51,206.0,143.83499,-62.16501
train,54,52,205.0,143.82141,-61.17859
train,54,53,204.0,143.78229,-60.217712
train,54,54,203.0,143.80429,-59.19571
train,54,55,202.0,143.8247,-58.175293
train,54,56,201.0,143.82095,-57.179047
train,54,57,200.0,143.80878,-56.191223
train,54,58,199.0,143.82617,-55.17383
train,54,59,198.0,143.83167,-54.168335
train,54,60,197.0,143.82336,-53.176636
train,54,61,196.0,143.81213,-52.187866
train,54,62,195.0,143.80853,-51.191467
train,54,63,194.0,143.83044,-50.169556
train,54,64,193.0,143.74823,-49.25177
train,54,65,192.0,143.8206,-48.179398
train,54,66,191.0,143.81006,-47.18994
train,54,67,190.0,143.83023,-46.16977
train,54,68,189.0,143.78166,-45.218338
train,54,69,188.0,143.64105,-44.358948
train,54,70,187.0,143.66597,-43.33403
train,54,71,186.0,143.6297,-42.3703
train,54,72,185.0,139.88803,-45.11197
train,54,73,184.0,137.86348,-46.13652
train,54,74,183.0,134.31761,-48.68239
train,54,75,182.0,141.96718,-40.03282
train,54,76,181.0,142.4816,-38.518402
train,54,77,180.0,143.698,-36.302002
train,54,78,179.0,143.54332,-35.45668
train,54,79,178.0,142.189,-35.811005
train,54,80,177.0,141.8902,-35.109802
train,54,81,176.0,138.31073,-37.68927
train,54,82,175.0,136.24957,-38.750427
train,54,83,174.0,139.00449,-34.995514
train,54,84,173.0,137.88849,-35.11151
train,54,85,172.0,142.76357,-29.236435
train,54,86,171.0,143.56453,-27.43547
train,54,87,170.0,143.11949,-26.880508
train,54,88,169.0,143.36465,-25.635345
train,54,89,168.0,143.29556,-24.704437
train,54,90,167.0,143.79485,-23.205154
train,54,91,166.0,143.71881,-22.281189
train,54,92,165.0,143.81625,-21.183746
train,54,93,164.0,143.7933,-20.206696
train,54,94,163.0,143.79703,-19.202972
train,54,95,162.0,143.81456,-18.18544
train,54,96,161.0,143.78725,-17.212753
train,54,97,160.0,143.73773,-16.262268
train,54,98,159.0,143.6398,-15.360199
train,54,99,158.0,143.80418,-14.195816
train,54,100,157.0,143.65488,-13.345123
train,54,101,156.0,143.78015,-12.219849
train,54,102,155.0,143.73312,-11.266876
train,54,103,154.0,143.319,-10.681
train,54,104,153.0,113.36181,-39.63819
train,54,105,152.0,121.582726,-30.417274
train,54,106,151.0,139.32523,-11.674774
train,54,107,150.0,139.3831,-10.616898
train,54,108,149.0,143.1329,-5.867096
train,54,109,148.0,138.56912,-9.430878
train,54,110,147.0,125.15636,-21.843643
train,54,111,146.0,122.07564,-23.924362
train,54,112,145.0,123.06796,-21.932037
train,54,113,144.0,109.63479,-34.36521
train,54,114,143.0,110.95894,-32.04106
train,54,115,142.0,108.46606,-33.533943
train,54,116,141.0,106.38358,-34.616417
train,54,117,140.0,138.845,-1.1549988
train,54,118,139.0,116.63477,-22.365227
train,54,119,138.0,128.68947,-9.310532
train,54,120,137.0,128.77884,-8.221161
train,54,121,136.0,138.37923,2.3792267
train,54,122,135.0,142.3976,7.3975983
train,54,123,134.0,143.35919,9.359192
train,54,124,133.0,143.7291,10.729095
train,54,125,132.0,143.7749,11.774902
train,54,126,131.0,143.79005,12.790054
train,54,127,130.0,143.07153,13.071533
train,54,128,129.0,143.63518,14.635178
train,54,129,128.0,143.40926,15.409256
train,54,130,127.0,143.6299,16.629898
train,54,131,126.0,143.65918,17.65918
train,54,132,125.0,143.7846,18.784607
train,54,133,124.0,143.7432,19.743195
train,54,134,123.0,143.68893,20.688934
train,54,135,122.0,143.72852,21.728516
train,54,136,121.0,143.38849,22.388489
train,54,137,120.0,141.11456,21.114563
train,54,138,119.0,139.71356,20.713562
train,54,139,118.0,113.650276,-4.349724
train,54,140,117.0,107.08445,-9.91555
train,54,141,116.0,106.81943,-9.1805725
train,54,142,115.0,110.00434,-4.995659
train,54,143,114.0,108.58909,-5.4109116
train,54,144,113.0,107.26559,-5.734413
train,54,145,112.0,90.849464,-21.150536
train,54,146,111.0,88.29502,-22.704979
train,54,147,110.0,85.14058,-24.85942
train,54,148,109.0,83.45219,-25.547813
train,54,149,108.0,82.74517,-25.25483
train,54,150,107.0,88.29542,-18.704582
train,54,151,106.0,88.756165,-17.243835
train,54,152,105.0,85.43064,-19.569359
train,54,153,104.0,85.31983,-18.680168
train,54,154,103.0,85.7242,-17.275803
train,54,155,102.0,86.33636,-15.663643
train,54,156,101.0,88.00541,-12.994591
train,54,157,100.0,78.86197,-21.138031
train,54,158,99.0,79.225555,-19.774445
train,54,159,98.0,83.41239,-14.587608
train,54,160,97.0,79.80386,-17.196136
train,54,161,96.0,78.02189,-17.978111
train,54,162,95.0,81.64536,-13.354637
train,54,163,94.0,82.17432,-11.825684
train,54,164,93.0,79.242744,-13.757256
train,54,165,92.0,80.26771,-11.732292
train,54,166,91.0,77.84354,-13.156464
train,54,167,90.0,77.17599,-12.824013
train,54,168,89.0,72.623184,-16.376816
train,54,169,88.0,69.01528,-18.984718
train,54,170,87.0,66.33531,-20.664688
train,54,171,86.0,69.06043,-16.939568
train,54,172,85.0,69.488304,-15.511696
train,54,173,84.0,67.70888,-16.291122
train,54,174,83.0,66.468376,-16.531624
train,54,175,82.0,58.78315,-23.21685
train,54,176,81.0,60.638107,-20.361893
train,54,177,80.0,60.276337,-19.723663
train,54,178,79.0,60.325264,-18.674736
train,54,179,78.0,63.1452,-14.854801
train,54,180,77.0,66.153786,-10.846214
train,54,181,76.0,65.40658,-10.593422
train,54,182,75.0,63.108383,-11.891617
train,54,183,74.0,56.297855,-17.702145
train,54,184,73.0,55.79078,-17.20922
train,54,185,72.0,55.931313,-16.068687
train,54,186,71.0,52.606243,-18.393757
train,54,187,70.0,53.289917,-16.710083
train,54,188,69.0,56.42569,-12.57431
train,54,189,68.0,60.902557,-7.0974426
train,54,190,67.0,58.866882,-8.133118
train,54,191,66.0,57.071556,-8.928444
train,54,192,65.0,56.284714,-8.715286
train,54,193,64.0,59.0917,-4.9082985
train,54,194,63.0,57.311554,-5.688446
train,54,195,62.0,59.559875,-2.4401245
train,54,196,61.0,60.486244,-0.5137558
train,54,197,60.0,59.57513,-0.42486954
train,54,198,59.0,55.45454,-3.5454597
train,54,199,58.0,55.538136,-2.4618645
train,54,200,57.0,53.968674,-3.0313263
train,54,201,56.0,48.893635,-7.106365
train,54,202,55.0,51.976006,-3.0239944
train,54,203,54.0,47.67518,-6.3248215
train,54,204,53.0,51.544853,-1.4551468
train,54,205,52.0,50.24237,-1.7576294
train,54,206,51.0,51.298965,0.29896545
train,54,207,50.0,49.343468,-0.6565323
train,54,208,49.0,46.34889,-2.6511116
train,54,209,48.0,44.68397,-3.3160286
train,54,210,47.0,44.22396,-2.7760391
train,54,211,46.0,45.39875,-0.6012497
train,54,212,45.0,41.516567,-3.4834328
train,54,213,44.0,40.12004,-3.879959
train,54,214,43.0,34.83124,-8.168758
train,54,215,42.0,35.2575,-6.7425003
train,54,216,41.0,31.194286,-9.805714
train,54,217,40.0,28.891659,-11.108341
train,54,218,39.0,30.19913,-8.800871
train,54,219,38.0,33.162838,-4.837162
train,54,220,37.0,31.685566,-5.314434
train,54,221,36.0,30.169277,-5.830723
train,54,222,35.0,28.182867,-6.817133
train,54,223,34.0,27.632893,-6.3671074
train,54,224,33.0,30.86893,-2.1310692
train,54,225,32.0,28.90606,-3.0939407
train,54,226,31.0,26.585289,-4.414711
train,54,227,30.0,25.803371,-4.1966286
train,54,228,29.0,24.036621,-4.963379
train,54,229,28.0,24.705654,-3.2943459
train,54,230,27.0,24.120247,-2.879753
train,54,231,26.0,22.254093,-3.7459068
train,54,232,25.0,20.92468,-4.0753193
train,54,233,24.0,18.914463,-5.085537
train,54,234,23.0,19.528664,-3.4713364
train,54,235,22.0,19.062958,-2.9370422
train,54,236,21.0,19.588009,-1.4119911
train,54,237,20.0,19.959229,-0.040771484
train,54,238,19.0,17.313393,-1.6866074
train,54,239,18.0,15.60979,-2.3902102
train,54,240,17.0,15.984636,-1.0153637
train,54,241,16.0,16.643692,0.643692
train,54,242,15.0,16.12594,1.1259403
train,54,243,14.0,14.568659,0.5686588
train,54,244,13.0,13.692459,0.6924591
train,54,245,12.0,12.001213,0.0012130737
train,54,246,11.0,10.926422,-0.07357788
train,54,247,10.0,10.137656,0.13765621
train,54,248,9.0,10.406655,1.4066553
train,54,249,8.0,8.455857,0.45585728
train,54,250,7.0,6.1217227,-0.8782773
train,54,251,6.0,4.3753037,-1.6246963
train,54,252,5.0,4.944817,-0.055182934
train,54,253,4.0,5.307574,1.3075738
train,54,254,3.0,4.8798223,1.8798223
train,54,255,2.0,4.031984,2.0319839
train,54,256,1.0,3.2390351,2.2390351
train,54,257,0.0,2.1662679,2.1662679
train,55,30,163.0,143.68192,-19.318085
train,55,31,162.0,143.69406,-18.305939
train,55,32,161.0,143.74286,-17.257141
train,55,33,160.0,143.56235,-16.437653
train,55,34,159.0,143.75702,-15.242981
train,55,35,158.0,143.76894,-14.231064
train,55,36,157.0,143.56958,-13.43042
train,55,37,156.0,143.78891,-12.21109
train,55,38,155.0,143.59253,-11.407471
train,55,39,154.0,143.72531,-10.274689
train,55,40,153.0,143.78215,-9.21785
train,55,41,152.0,141.48042,-10.519577
train,55,42,151.0,143.36404,-7.635956
train,55,43,150.0,143.67957,-6.3204346
train,55,44,149.0,143.79614,-5.2038574
train,55,45,148.0,143.76166,-4.2383423
train,55,46,147.0,143.75693,-3.2430725
train,55,47,146.0,143.77852,-2.2214813
train,55,48,145.0,143.72142,-1.2785797
train,55,49,144.0,143.79778,-0.20222473
train,55,50,143.0,142.15536,-0.844635
train,55,51,142.0,143.69543,1.6954346
train,55,52,141.0,143.78596,2.785965
train,55,53,140.0,143.78035,3.7803497
train,55,54,139.0,143.09338,4.093384
train,55,55,138.0,143.5051,5.5050964
train,55,56,137.0,143.49289,6.4928894
train,55,57,136.0,143.7644,7.7644043
train,55,58,135.0,143.75232,8.752319
train,55,59,134.0,142.8976,8.897598
train,55,60,133.0,143.56905,10.569046
train,55,61,132.0,143.76175,11.761749
train,55,62,131.0,143.3537,12.353699
train,55,63,130.0,143.68683,13.686829
train,55,64,129.0,143.39584,14.3958435
train,55,65,128.0,119.82176,-8.178238
train,55,66,127.0,114.81018,-12.189819
train,55,67,126.0,136.51468,10.514679
train,55,68,125.0,128.79974,3.7997437
train,55,69,124.0,137.13904,13.139038
train,55,70,123.0,142.86441,19.86441
train,55,71,122.0,136.74242,14.742416
train,55,72,121.0,140.69711,19.697113
train,55,73,120.0,143.37439,23.37439
train,55,74,119.0,143.38312,24.383118
train,55,75,118.0,142.23608,24.236084
train,55,76,117.0,143.57335,26.573349
train,55,77,116.0,143.56961,27.56961
train,55,78,115.0,143.74945,28.74945
train,55,79,114.0,143.76794,29.767944
train,55,80,113.0,143.71553,30.71553
train,55,81,112.0,143.64679,31.64679
train,55,82,111.0,143.76767,32.76767
train,55,83,110.0,141.13379,31.13379
train,55,84,109.0,141.61816,32.618164
train,55,85,108.0,143.10622,35.106216
train,55,86,107.0,143.15054,36.150543
train,55,87,106.0,143.57043,37.570435
train,55,88,105.0,143.43222,38.43222
train,55,89,104.0,143.65855,39.658554
train,55,90,103.0,141.33401,38.334015
train,55,91,102.0,143.48456,41.48456
train,55,92,101.0,143.65472,42.654724
train,55,93,100.0,143.54985,43.54985
train,55,94,99.0,143.64435,44.64435
train,55,95,98.0,143.46054,45.46054
train,55,96,97.0,143.3678,46.367798
train,55,97,96.0,142.177,46.177002
train,55,98,95.0,141.70282,46.70282
train,55,99,94.0,142.18088,48.180878
train,55,100,93.0,141.43332,48.43332
train,55,101,92.0,138.05296,46.052963
train,55,102,91.0,140.81233,49.812332
train,55,103,90.0,143.34943,53.349426
train,55,104,89.0,143.57468,54.574677
train,55,105,88.0,143.47382,55.473816
train,55,106,87.0,135.5953,48.595306
train,55,107,86.0,132.36646,46.366455
train,55,108,85.0,114.56536,29.565361
train,55,109,84.0,102.48454,18.484543
train,55,110,83.0,81.721634,-1.2783661
train,55,111,82.0,81.9775,-0.022499084
train,55,112,81.0,76.717735,-4.2822647
train,55,113,80.0,74.97966,-5.02034
train,55,114,79.0,74.45281,-4.547188
train,55,115,78.0,79.989395,1.9893951
train,55,116,77.0,79.27429,2.274292
train,55,117,76.0,80.81176,4.81176
train,55,118,75.0,83.293045,8.293045
train,55,119,74.0,86.254295,12.254295
train,55,120,73.0,85.26132,12.261322
train,55,121,72.0,80.26708,8.267082
train,55,122,71.0,77.43607,6.4360733
train,55,123,70.0,81.28375,11.283752
train,55,124,69.0,81.66452,12.66452
train,55,125,68.0,81.430046,13.430046
train,55,126,67.0,78.78249,11.782494
train,55,127,66.0,69.82664,3.8266373
train,55,128,65.0,72.432884,7.432884
train,55,129,64.0,70.7715,6.7714996
train,55,130,63.0,69.20455,6.2045517
train,55,131,62.0,63.791508,1.7915077
train,55,132,61.0,63.55188,2.55188
train,55,133,60.0,58.34548,-1.6545181
train,55,134,59.0,59.928047,0.9280472
train,55,135,58.0,60.51995,2.5199509
train,55,136,57.0,64.82428,7.82428
train,55,137,56.0,59.56316,3.56316
train,55,138,55.0,59.306908,4.3069077
train,55,139,54.0,59.593506,5.593506
train,55,140,53.0,54.30215,1.3021507
train,55,141,52.0,56.699524,4.699524
train,55,142,51.0,59.528156,8.528156
train,55,143,50.0,56.61033,6.6103287
train,55,144,49.0,57.568142,8.568142
train,55,145,48.0,53.638046,5.6380463
train,55,146,47.0,49.72202,2.7220192
train,55,147,46.0,48.198753,2.1987534
train,55,148,45.0,46.315647,1.3156471
train,55,149,44.0,46.117455,2.1174545
train,55,150,43.0,46.557884,3.5578842
train,55,151,42.0,46.0952,4.0951996
train,55,152,41.0,45.183186,4.1831856
train,55,153,40.0,44.381554,4.3815536
train,55,154,39.0,44.424232,5.4242325
train,55,155,38.0,39.932316,1.9323158
train,55,156,37.0,39.042408,2.042408
train,55,157,36.0,34.321976,-1.6780243
train,55,158,35.0,35.48448,0.4844818
train,55,159,34.0,35.176598,1.1765976
train,55,160,33.0,36.363533,3.363533
train,55,161,32.0,34.376747,2.3767471
train,55,162,31.0,35.080776,4.080776
train,55,163,30.0,33.16181,3.1618118
train,55,164,29.0,30.799904,1.7999039
train,55,165,28.0,30.13704,2.1370392
train,55,166,27.0,29.561842,2.561842
train,55,167,26.0,28.48294,2.4829407
train,55,168,25.0,28.448765,3.4487648
train,55,169,24.0,26.718494,2.7184944
train,55,170,23.0,26.249432,3.2494316
train,55,171,22.0,27.342169,5.342169
train,55,172,21.0,23.670382,2.6703815
train,55,173,20.0,22.05764,2.05764
train,55,174,19.0,20.105896,1.105896
train,55,175,18.0,19.407768,1.4077682
train,55,176,17.0,17.972525,0.97252464
train,55,177,16.0,15.75274,-0.2472601
train,55,178,15.0,14.712048,-0.28795242
train,55,179,14.0,14.555678,0.55567837
train,55,180,13.0,14.77411,1.7741098
train,55,181,12.0,11.516384,-0.48361588
train,55,182,11.0,9.345643,-1.654357
train,55,183,10.0,7.5793977,-2.4206023
train,55,184,9.0,8.466952,-0.5330477
train,55,185,8.0,8.461944,0.46194363
train,55,186,7.0,7.1121545,0.112154484
train,55,187,6.0,5.008286,-0.991714
train,55,188,5.0,4.06,-0.94000006
train,55,189,4.0,2.330151,-1.6698489
train,55,190,3.0,1.7571417,-1.2428583
train,55,191,2.0,1.081267,-0.918733
train,55,192,1.0,-0.21790254,-1.2179025
train,55,193,0.0,-1.280147,-1.280147
train,56,30,245.0,142.90057,-102.09943
train,56,31,244.0,136.90065,-107.09935
train,56,32,243.0,135.69672,-107.30328
train,56,33,242.0,135.97678,-106.023224
train,56,34,241.0,140.08266,-100.91734
train,56,35,240.0,142.5907,-97.4093
train,56,36,239.0,142.44232,-96.55768
train,56,37,238.0,141.9543,-96.0457
train,56,38,237.0,141.93796,-95.06204
train,56,39,236.0,142.6103,-93.389694
train,56,40,235.0,142.38486,-92.61514
train,56,41,234.0,142.68054,-91.31946
train,56,42,233.0,142.66179,-90.33821
train,56,43,232.0,142.80125,-89.198746
train,56,44,231.0,142.58841,-88.41159
train,56,45,230.0,142.37819,-87.62181
train,56,46,229.0,142.88481,-86.11519
train,56,47,228.0,141.44821,-86.55179
train,56,48,227.0,142.36076,-84.63924
train,56,49,226.0,139.51929,-86.48071
train,56,50,225.0,135.46564,-89.53436
train,56,51,224.0,137.57986,-86.420135
train,56,52,223.0,139.37735,-83.62265
train,56,53,222.0,142.41504,-79.58496
train,56,54,221.0,142.43619,-78.56381
train,56,55,220.0,142.16368,-77.83632
train,56,56,219.0,142.2729,-76.7271
train,56,57,218.0,142.74394,-75.25606
train,56,58,217.0,140.38606,-76.61394
train,56,59,216.0,142.57553,-73.42447
train,56,60,215.0,141.8252,-73.174805
train,56,61,214.0,141.59824,-72.401764
train,56,62,213.0,141.09656,-71.90344
train,56,63,212.0,135.7868,-76.213196
train,56,64,211.0,138.26671,-72.73329
train,56,65,210.0,141.73956,-68.26044
train,56,66,209.0,135.92928,-73.070724
train,56,67,208.0,139.05481,-68.94519
train,56,68,207.0,139.57323,-67.42677
train,56,69,206.0,137.39612,-68.60388
train,56,70,205.0,141.59991,-63.400085
train,56,71,204.0,142.49281,-61.507187
train,56,72,203.0,142.33316,-60.66684
train,56,73,202.0,141.62561,-60.37439
train,56,74,201.0,140.08185,-60.91815
train,56,75,200.0,141.9895,-58.010498
train,56,76,199.0,142.12012,-56.879883
train,56,77,198.0,141.36798,-56.63202
train,56,78,197.0,142.15726,-54.842743
train,56,79,196.0,140.45728,-55.542725
train,56,80,195.0,141.43369,-53.566315
train,56,81,194.0,141.97235,-52.02765
train,56,82,193.0,138.36775,-54.632248
train,56,83,192.0,131.14261,-60.85739
train,56,84,191.0,135.1275,-55.872498
train,56,85,190.0,137.40372,-52.596283
train,56,86,189.0,135.7561,-53.243896
train,56,87,188.0,142.22726,-45.772736
train,56,88,187.0,140.61371,-46.38629
train,56,89,186.0,141.8241,-44.175903
train,56,90,185.0,140.55562,-44.44438
train,56,91,184.0,138.51115,-45.488846
train,56,92,183.0,141.29758,-41.702423
train,56,93,182.0,135.9653,-46.0347
train,56,94,181.0,140.58563,-40.414368
train,56,95,180.0,141.73898,-38.261017
train,56,96,179.0,140.92487,-38.075134
train,56,97,178.0,136.96283,-41.03717
train,56,98,177.0,139.16153,-37.83847
train,56,99,176.0,137.98267,-38.017334
train,56,100,175.0,139.33908,-35.66092
train,56,101,174.0,140.98386,-33.016144
train,56,102,173.0,141.82379,-31.176208
train,56,103,172.0,141.29156,-30.708435
train,56,104,171.0,128.10449,-42.895508
train,56,105,170.0,130.47238,-39.52762
train,56,106,169.0,132.94614,-36.053864
train,56,107,168.0,124.59264,-43.407356
train,56,108,167.0,131.50754,-35.492462
train,56,109,166.0,122.93835,-43.061653
train,56,110,165.0,119.03534,-45.96466
train,56,111,164.0,125.04366,-38.956337
train,56,112,163.0,122.99598,-40.00402
train,56,113,162.0,125.038506,-36.961494
train,56,114,161.0,129.98564,-31.014359
train,56,115,160.0,124.220314,-35.779686
train,56,116,159.0,124.989525,-34.010475
train,56,117,158.0,111.987595,-46.012405
train,56,118,157.0,117.69282,-39.307182
train,56,119,156.0,136.76157,-19.238434
train,56,120,155.0,133.69003,-21.309967
train,56,121,154.0,128.5747,-25.425293
train,56,122,153.0,137.8558,-15.144196
train,56,123,152.0,136.6138,-15.3862
train,56,124,151.0,141.18204,-9.817963
train,56,125,150.0,140.90848,-9.091522
train,56,126,149.0,131.97803,-17.021973
train,56,127,148.0,138.57191,-9.428085
train,56,128,147.0,140.6236,-6.376404
train,56,129,146.0,139.0257,-6.974304
train,56,130,145.0,136.83438,-8.165619
train,56,131,144.0,133.14053,-10.859467
train,56,132,143.0,136.86282,-6.1371765
train,56,133,142.0,132.85663,-9.143372
train,56,134,141.0,122.27044,-18.72956
train,56,135,140.0,138.19864,-1.8013611
train,56,136,139.0,140.56085,1.560852
train,56,137,138.0,139.8531,1.8531036
train,56,138,137.0,136.1264,-0.8735962
train,56,139,136.0,139.46896,3.4689636
train,56,140,135.0,136.07077,1.0707703
train,56,141,134.0,134.75171,0.751709
train,56,142,133.0,132.26285,-0.7371521
train,56,143,132.0,125.27707,-6.722931
train,56,144,131.0,122.1684,-8.831596
train,56,145,130.0,120.083466,-9.916534
train,56,146,129.0,98.44334,-30.556664
train,56,147,128.0,112.321724,-15.678276
train,56,148,127.0,108.509224,-18.490776
train,56,149,126.0,108.9063,-17.093697
train,56,150,125.0,107.29589,-17.70411
train,56,151,124.0,95.583084,-28.416916
train,56,152,123.0,106.57223,-16.427773
train,56,153,122.0,97.779686,-24.220314
train,56,154,121.0,96.39317,-24.606827
train,56,155,120.0,90.184044,-29.815956
train,56,156,119.0,87.76856,-31.231438
train,56,157,118.0,92.30095,-25.69905
train,56,158,117.0,96.06187,-20.938133
train,56,159,116.0,101.43806,-14.561943
train,56,160,115.0,104.96197,-10.038033
train,56,161,114.0,99.61532,-14.384682
train,56,162,113.0,103.858795,-9.141205
train,56,163,112.0,100.85647,-11.143532
train,56,164,111.0,106.33467,-4.665329
train,56,165,110.0,111.929,1.9290009
train,56,166,109.0,109.996025,0.9960251
train,56,167,108.0,102.29499,-5.7050095
train,56,168,107.0,93.4587,-13.541298
train,56,169,106.0,88.02665,-17.97335
train,56,170,105.0,91.43861,-13.561394
train,56,171,104.0,94.15645,-9.843552
train,56,172,103.0,97.97645,-5.023552
train,56,173,102.0,93.34483,-8.655167
train,56,174,101.0,92.35967,-8.640327
train,56,175,100.0,95.52361,-4.476387
train,56,176,99.0,90.18729,-8.812714
train,56,177,98.0,92.43984,-5.560158
train,56,178,97.0,87.73688,-9.263123
train,56,179,96.0,88.93435,-7.065651
train,56,180,95.0,86.55432,-8.445679
train,56,181,94.0,91.190315,-2.8096848
train,56,182,93.0,85.405495,-7.5945053
train,56,183,92.0,80.99868,-11.00132
train,56,184,91.0,82.626175,-8.373825
train,56,185,90.0,83.81753,-6.182472
train,56,186,89.0,87.33344,-1.6665573
train,56,187,88.0,87.18279,-0.81720734
train,56,188,87.0,88.39029,1.3902893
train,56,189,86.0,82.48841,-3.511589
train,56,190,85.0,82.6845,-2.3154984
train,56,191,84.0,81.66597,-2.3340302
train,56,192,83.0,73.800385,-9.1996155
train,56,193,82.0,74.271935,-7.7280655
train,56,194,81.0,72.72301,-8.276993
train,56,195,80.0,69.45144,-10.548561
train,56,196,79.0,72.66157,-6.3384323
train,56,197,78.0,76.59039,-1.4096069
train,56,198,77.0,70.35804,-6.64196
train,56,199,76.0,68.59716,-7.4028397
train,56,200,75.0,71.95988,-3.040123
train,56,201,74.0,74.75034,0.7503433
train,56,202,73.0,73.97932,0.9793167
train,56,203,72.0,69.11902,-2.8809814
train,56,204,71.0,63.84246,-7.1575394
train,56,205,70.0,63.303467,-6.696533
train,56,206,69.0,63.90622,-5.0937805
train,56,207,68.0,59.877274,-8.122726
train,56,208,67.0,60.61154,-6.3884583
train,56,209,66.0,60.927658,-5.072342
train,56,210,65.0,62.91144,-2.0885582
train,56,211,64.0,58.373207,-5.626793
train,56,212,63.0,56.755104,-6.244896
train,56,213,62.0,53.605095,-8.394905
train,56,214,61.0,50.512676,-10.487324
train,56,215,60.0,50.76307,-9.236931
train,56,216,59.0,49.36624,-9.633759
train,56,217,58.0,48.642853,-9.357147
train,56,218,57.0,47.15528,-9.844719
train,56,219,56.0,44.21612,-11.783878
train,56,220,55.0,44.307392,-10.692608
train,56,221,54.0,45.62982,-8.370178
train,56,222,53.0,43.50119,-9.49881
train,56,223,52.0,45.7847,-6.2153015
train,56,224,51.0,44.79628,-6.20372
train,56,225,50.0,43.282265,-6.7177353
train,56,226,49.0,42.383877,-6.616123
train,56,227,48.0,39.304905,-8.695095
train,56,228,47.0,38.65819,-8.341808
train,56,229,46.0,36.54663,-9.453369
train,56,230,45.0,33.84303,-11.156971
train,56,231,44.0,34.451508,-9.548492
train,56,232,43.0,32.893375,-10.106625
train,56,233,42.0,32.671444,-9.328556
train,56,234,41.0,29.799313,-11.200687
train,56,235,40.0,30.42812,-9.57188
train,56,236,39.0,30.311525,-8.688475
train,56,237,38.0,28.936905,-9.063095
train,56,238,37.0,30.695177,-6.304823
train,56,239,36.0,31.01501,-4.984989
train,56,240,35.0,29.834328,-5.1656723
train,56,241,34.0,30.649387,-3.3506126
train,56,242,33.0,29.472942,-3.5270576
train,56,243,32.0,28.45911,-3.5408897
train,56,244,31.0,29.802155,-1.1978455
train,56,245,30.0,27.132053,-2.8679466
train,56,246,29.0,29.365837,0.3658371
train,56,247,28.0,29.433636,1.4336357
train,56,248,27.0,28.298496,1.2984962
train,56,249,26.0,26.60872,0.6087208
train,56,250,25.0,24.27005,-0.72994995
train,56,251,24.0,22.222204,-1.7777958
train,56,252,23.0,22.560406,-0.43959427
train,56,253,22.0,20.807837,-1.1921635
train,56,254,21.0,19.110554,-1.8894463
train,56,255,20.0,17.053278,-2.946722
train,56,256,19.0,14.73529,-4.2647104
train,56,257,18.0,10.824275,-7.175725
train,56,258,17.0,10.738954,-6.2610464
train,56,259,16.0,9.322104,-6.6778955
train,56,260,15.0,8.709891,-6.2901087
train,56,261,14.0,10.374981,-3.625019
train,56,262,13.0,8.562498,-4.437502
train,56,263,12.0,7.9112782,-4.0887218
train,56,264,11.0,4.14016,-6.85984
train,56,265,10.0,6.278874,-3.721126
train,56,266,9.0,5.1582284,-3.8417716
train,56,267,8.0,3.917151,-4.082849
train,56,268,7.0,3.583197,-3.416803
train,56,269,6.0,3.7968545,-2.2031455
train,56,270,5.0,3.1895528,-1.8104472
train,56,271,4.0,3.3326354,-0.6673646
train,56,272,3.0,1.5001389,-1.4998611
train,56,273,2.0,0.82995474,-1.1700453
train,56,274,1.0,1.384916,0.38491595
train,56,275,0.0,1.676479,1.676479
train,58,30,117.0,107.374504,-9.625496
train,58,31,116.0,114.08425,-1.9157486
train,58,32,115.0,124.86083,9.860832
train,58,33,114.0,129.57442,15.574417
train,58,34,113.0,138.8522,25.852203
train,58,35,112.0,142.46368,30.463684
train,58,36,111.0,142.34789,31.347885
train,58,37,110.0,143.59271,33.592712
train,58,38,109.0,143.60442,34.604416
train,58,39,108.0,143.40265,35.40265
train,58,40,107.0,143.48645,36.48645
train,58,41,106.0,143.73639,37.73639
train,58,42,105.0,143.63495,38.63495
train,58,43,104.0,142.6991,38.699097
train,58,44,103.0,143.55693,40.55693
train,58,45,102.0,143.66083,41.660828
train,58,46,101.0,143.09055,42.090546
train,58,47,100.0,138.99268,38.992676
train,58,48,99.0,126.566925,27.566925
train,58,49,98.0,134.88512,36.885117
train,58,50,97.0,129.58836,32.588364
train,58,51,96.0,108.71045,12.710449
train,58,52,95.0,121.07972,26.07972
train,58,53,94.0,110.29761,16.297607
train,58,54,93.0,91.28655,-1.7134476
train,58,55,92.0,88.629944,-3.3700562
train,58,56,91.0,83.13538,-7.8646164
train,58,57,90.0,85.191574,-4.808426
train,58,58,89.0,78.26031,-10.739693
train,58,59,88.0,75.82299,-12.17701
train,58,60,87.0,78.32194,-8.678062
train,58,61,86.0,79.92534,-6.0746613
train,58,62,85.0,86.604836,1.6048355
train,58,63,84.0,84.15228,0.15228271
train,58,64,83.0,93.837555,10.837555
train,58,65,82.0,86.94374,4.943741
train,58,66,81.0,98.45143,17.451431
train,58,67,80.0,92.78328,12.783279
train,58,68,79.0,86.34975,7.3497467
train,58,69,78.0,92.263664,14.263664
train,58,70,77.0,101.36379,24.363792
train,58,71,76.0,92.53721,16.537209
train,58,72,75.0,107.195595,32.195595
train,58,73,74.0,89.32104,15.321037
train,58,74,73.0,87.93464,14.934639
train,58,75,72.0,91.46575,19.465752
train,58,76,71.0,85.329414,14.329414
train,58,77,70.0,93.70556,23.705559
train,58,78,69.0,86.486046,17.486046
train,58,79,68.0,83.94758,15.947578
train,58,80,67.0,71.91592,4.9159164
train,58,81,66.0,73.37403,7.374031
train,58,82,65.0,69.3926,4.392601
train,58,83,64.0,69.27535,5.2753525
train,58,84,63.0,64.010704,1.010704
train,58,85,62.0,63.581097,1.5810966
train,58,86,61.0,60.587795,-0.41220474
train,58,87,60.0,59.41385,-0.5861511
train,58,88,59.0,63.023308,4.023308
train,58,89,58.0,69.834694,11.834694
train,58,90,57.0,64.78504,7.785042
train,58,91,56.0,63.031895,7.0318947
train,58,92,55.0,60.15547,5.155472
train,58,93,54.0,62.759266,8.759266
train,58,94,53.0,64.4818,11.481796
train,58,95,52.0,59.88296,7.8829613
train,58,96,51.0,62.757034,11.757034
train,58,97,50.0,66.98169,16.98169
train,58,98,49.0,59.108887,10.108887
train,58,99,48.0,60.98674,12.98674
train,58,100,47.0,61.215694,14.215694
train,58,101,46.0,61.513775,15.513775
train,58,102,45.0,63.281868,18.281868
train,58,103,44.0,53.272125,9.272125
train,58,104,43.0,55.41099,12.410992
train,58,105,42.0,60.25496,18.25496
train,58,106,41.0,57.91326,16.913261
train,58,107,40.0,52.199596,12.199596
train,58,108,39.0,50.32244,11.322441
train,58,109,38.0,52.789238,14.789238
train,58,110,37.0,42.60929,5.609291
train,58,111,36.0,40.78696,4.7869606
train,58,112,35.0,35.434547,0.43454742
train,58,113,34.0,35.308044,1.3080444
train,58,114,33.0,34.777596,1.7775955
train,58,115,32.0,35.629654,3.629654
train,58,116,31.0,34.556053,3.5560532
train,58,117,30.0,30.542057,0.54205704
train,58,118,29.0,30.168365,1.1683655
train,58,119,28.0,30.331673,2.3316727
train,58,120,27.0,26.645626,-0.35437393
train,58,121,26.0,28.517355,2.517355
train,58,122,25.0,28.421314,3.4213142
train,58,123,24.0,28.417288,4.417288
train,58,124,23.0,25.707293,2.7072926
train,58,125,22.0,22.947302,0.94730186
train,58,126,21.0,21.810926,0.81092644
train,58,127,20.0,23.225788,3.225788
train,58,128,19.0,18.54959,-0.45041084
train,58,129,18.0,19.79514,1.7951393
train,58,130,17.0,17.35005,0.35004997
train,58,131,16.0,19.471003,3.4710026
train,58,132,15.0,16.533485,1.5334854
train,58,133,14.0,15.230908,1.2309084
train,58,134,13.0,16.478065,3.4780655
train,58,135,12.0,15.274182,3.2741823
train,58,136,11.0,13.975923,2.9759226
train,58,137,10.0,13.136315,3.1363153
train,58,138,9.0,13.227911,4.227911
train,58,139,8.0,9.4397745,1.4397745
train,58,140,7.0,7.6013865,0.60138655
train,58,141,6.0,8.96317,2.96317
train,58,142,5.0,7.289477,2.2894769
train,58,143,4.0,5.6454263,1.6454263
train,58,144,3.0,3.8909554,0.89095545
train,58,145,2.0,2.900454,0.90045404
train,58,146,1.0,3.7085032,2.7085032
train,58,147,0.0,6.06193,6.06193
train,59,30,201.0,143.81099,-57.18901
train,59,31,200.0,143.82243,-56.177567
train,59,32,199.0,143.81366,-55.18634
train,59,33,198.0,143.81973,-54.180267
train,59,34,197.0,143.81677,-53.183228
train,59,35,196.0,143.81277,-52.187225
train,59,36,195.0,143.80612,-51.19388
train,59,37,194.0,143.83182,-50.168182
train,59,38,193.0,143.78775,-49.21225
train,59,39,192.0,143.82849,-48.17151
train,59,40,191.0,143.82051,-47.17949
train,59,41,190.0,143.83032,-46.169678
train,59,42,189.0,143.82347,-45.17653
train,59,43,188.0,143.83391,-44.166092
train,59,44,187.0,143.80833,-43.191666
train,59,45,186.0,143.79538,-42.20462
train,59,46,185.0,143.82855,-41.171448
train,59,47,184.0,143.83514,-40.164856
train,59,48,183.0,143.82886,-39.171143
train,59,49,182.0,143.81876,-38.181244
train,59,50,181.0,143.82945,-37.170547
train,59,51,180.0,143.82939,-36.17061
train,59,52,179.0,143.8125,-35.1875
train,59,53,178.0,143.82306,-34.17694
train,59,54,177.0,143.81865,-33.18135
train,59,55,176.0,143.83212,-32.167877
train,59,56,175.0,143.82501,-31.174988
train,59,57,174.0,143.81795,-30.182053
train,59,58,173.0,143.82729,-29.172714
train,59,59,172.0,143.82831,-28.171692
train,59,60,171.0,143.8269,-27.173096
train,59,61,170.0,143.82422,-26.175781
train,59,62,169.0,143.82977,-25.170227
train,59,63,168.0,143.83017,-24.16983
train,59,64,167.0,143.8105,-23.189499
train,59,65,166.0,143.82126,-22.178741
train,59,66,165.0,143.82707,-21.172928
train,59,67,164.0,143.82825,-20.171753
train,59,68,163.0,143.82434,-19.17566
train,59,69,162.0,143.82428,-18.17572
train,59,70,161.0,143.82724,-17.17276
train,59,71,160.0,143.83241,-16.167587
train,59,72,159.0,143.82997,-15.170029
train,59,73,158.0,143.83244,-14.167557
train,59,74,157.0,143.80096,-13.199036
train,59,75,156.0,143.82413,-12.175873
train,59,76,155.0,143.82657,-11.173431
train,59,77,154.0,143.82661,-10.173386
train,59,78,153.0,143.80164,-9.198364
train,59,79,152.0,143.81935,-8.180649
train,59,80,151.0,143.82018,-7.179825
train,59,81,150.0,143.83275,-6.1672516
train,59,82,149.0,143.8284,-5.1716003
train,59,83,148.0,143.82803,-4.1719666
train,59,84,147.0,143.82538,-3.1746216
train,59,85,146.0,143.83228,-2.1677246
train,59,86,145.0,143.8292,-1.1708069
train,59,87,144.0,143.8265,-0.17349243
train,59,88,143.0,143.83054,0.8305359
train,59,89,142.0,143.8241,1.8240967
train,59,90,141.0,143.8313,2.8312988
train,59,91,140.0,143.82956,3.8295593
train,59,92,139.0,143.82327,4.8232727
train,59,93,138.0,143.82973,5.829727
train,59,94,137.0,143.83005,6.8300476
train,59,95,136.0,143.83252,7.8325195
train,59,96,135.0,143.82506,8.825058
train,59,97,134.0,143.82602,9.826019
train,59,98,133.0,143.81393,10.813934
train,59,99,132.0,143.77313,11.773132
train,59,100,131.0,143.81456,12.81456
train,59,101,130.0,143.81244,13.812439
train,59,102,129.0,143.81812,14.818115
train,59,103,128.0,143.81985,15.819855
train,59,104,127.0,143.8246,16.8246
train,59,105,126.0,143.8125,17.8125
train,59,106,125.0,143.82332,18.823318
train,59,107,124.0,143.76843,19.768433
train,59,108,123.0,143.82446,20.824463
train,59,109,122.0,143.83237,21.832367
train,59,110,121.0,143.82544,22.82544
train,59,111,120.0,143.82257,23.82257
train,59,112,119.0,143.74382,24.74382
train,59,113,118.0,142.85703,24.857025
train,59,114,117.0,118.90855,1.9085464
train,59,115,116.0,118.10483,2.104828
train,59,116,115.0,115.41812,0.41812134
train,59,117,114.0,113.88367,-0.11633301
train,59,118,113.0,111.37098,-1.6290207
train,59,119,112.0,114.15033,2.1503296
train,59,120,111.0,112.42785,1.4278488
train,59,121,110.0,118.13526,8.135262
train,59,122,109.0,115.43539,6.4353867
train,59,123,108.0,118.37707,10.377068
train,59,124,107.0,112.21292,5.212921
train,59,125,106.0,101.1385,-4.8615036
train,59,126,105.0,102.262794,-2.7372055
train,59,127,104.0,104.34408,0.34407806
train,59,128,103.0,115.93551,12.935509
train,59,129,102.0,100.751015,-1.2489853
train,59,130,101.0,93.615135,-7.384865
train,59,131,100.0,94.04354,-5.956459
train,59,132,99.0,89.88148,-9.118523
train,59,133,98.0,94.90771,-3.0922928
train,59,134,97.0,89.27922,-7.7207794
train,59,135,96.0,84.34278,-11.657219
train,59,136,95.0,83.47231,-11.527687
train,59,137,94.0,86.11757,-7.882431
train,59,138,93.0,81.39597,-11.604027
train,59,139,92.0,86.10497,-5.895027
train,59,140,91.0,83.21864,-7.781357
train,59,141,90.0,86.08467,-3.915329
train,59,142,89.0,77.02476,-11.975243
train,59,143,88.0,81.29975,-6.7002487
train,59,144,87.0,82.28229,-4.7177124
train,59,145,86.0,78.84734,-7.1526566
train,59,146,85.0,80.80372,-4.1962814
train,59,147,84.0,80.6544,-3.3455963
train,59,148,83.0,81.609,-1.3909988
train,59,149,82.0,79.239265,-2.7607346
train,59,150,81.0,76.9755,-4.024498
train,59,151,80.0,83.458855,3.4588547
train,59,152,79.0,80.88181,1.881813
train,59,153,78.0,79.6132,1.6131973
train,59,154,77.0,80.23863,3.2386322
train,59,155,76.0,75.8299,-0.17009735
train,59,156,75.0,70.29328,-4.7067184
train,59,157,74.0,70.722786,-3.277214
train,59,158,73.0,67.8274,-5.1726
train,59,159,72.0,60.298637,-11.701363
train,59,160,71.0,61.356873,-9.643127
train,59,161,70.0,62.95942,-7.0405807
train,59,162,69.0,66.695885,-2.3041153
train,59,163,68.0,61.61598,-6.3840218
train,59,164,67.0,60.769943,-6.230057
train,59,165,66.0,62.39514,-3.6048584
train,59,166,65.0,56.984993,-8.015007
train,59,167,64.0,55.85613,-8.143871
train,59,168,63.0,56.02034,-6.97966
train,59,169,62.0,55.469032,-6.5309677
train,59,170,61.0,51.3322,-9.667801
train,59,171,60.0,48.015488,-11.984512
train,59,172,59.0,44.00701,-14.992989
train,59,173,58.0,50.568382,-7.4316177
train,59,174,57.0,51.301483,-5.698517
train,59,175,56.0,47.533375,-8.466625
train,59,176,55.0,53.48568,-1.5143204
train,59,177,54.0,59.243298,5.2432976
train,59,178,53.0,53.456806,0.45680618
train,59,179,52.0,53.86069,1.8606911
train,59,180,51.0,53.597687,2.5976868
train,59,181,50.0,55.075977,5.0759773
train,59,182,49.0,53.607124,4.6071243
train,59,183,48.0,55.98178,7.981781
train,59,184,47.0,48.448643,1.4486427
train,59,185,46.0,47.869736,1.8697357
train,59,186,45.0,50.33558,5.335579
train,59,187,44.0,46.572006,2.5720062
train,59,188,43.0,46.988724,3.9887238
train,59,189,42.0,44.346596,2.3465958
train,59,190,41.0,41.115963,0.11596298
train,59,191,40.0,40.500263,0.5002632
train,59,192,39.0,39.609756,0.60975647
train,59,193,38.0,34.80173,-3.198269
train,59,194,37.0,35.915085,-1.0849152
train,59,195,36.0,38.19364,2.1936417
train,59,196,35.0,35.532013,0.53201294
train,59,197,34.0,32.766506,-1.2334938
train,59,198,33.0,38.02916,5.0291595
train,59,199,32.0,36.60982,4.6098213
train,59,200,31.0,33.258022,2.2580223
train,59,201,30.0,30.362616,0.3626156
train,59,202,29.0,26.07589,-2.9241104
train,59,203,28.0,25.162971,-2.8370285
train,59,204,27.0,26.504538,-0.49546242
train,59,205,26.0,24.987255,-1.0127449
train,59,206,25.0,24.56912,-0.4308796
train,59,207,24.0,20.919395,-3.0806046
train,59,208,23.0,18.898003,-4.1019974
train,59,209,22.0,20.765314,-1.2346859
train,59,210,21.0,17.929121,-3.070879
train,59,211,20.0,16.490515,-3.5094852
train,59,212,19.0,20.384224,1.3842239
train,59,213,18.0,16.783577,-1.216423
train,59,214,17.0,16.16156,-0.83843994
train,59,215,16.0,17.006126,1.0061264
train,59,216,15.0,15.714207,0.7142067
train,59,217,14.0,15.789534,1.7895336
train,59,218,13.0,16.052982,3.0529823
train,59,219,12.0,14.095228,2.0952282
train,59,220,11.0,10.678609,-0.3213911
train,59,221,10.0,10.40302,0.4030199
train,59,222,9.0,7.9625077,-1.0374923
train,59,223,8.0,6.6246457,-1.3753543
train,59,224,7.0,8.349632,1.3496323
train,59,225,6.0,6.7587285,0.7587285
train,59,226,5.0,6.1385274,1.1385274
train,59,227,4.0,4.5140967,0.51409674
train,59,228,3.0,3.8436284,0.8436284
train,59,229,2.0,1.9292189,-0.07078111
train,59,230,1.0,1.2991225,0.29912245
train,59,231,0.0,0.2472254,0.2472254
train,61,30,155.0,143.78839,-11.211609
train,61,31,154.0,143.82062,-10.179382
train,61,32,153.0,143.82361,-9.176392
train,61,33,152.0,143.77258,-8.227417
train,61,34,151.0,143.7231,-7.2769012
train,61,35,150.0,143.82274,-6.1772614
train,61,36,149.0,143.82816,-5.1718445
train,61,37,148.0,143.82268,-4.1773224
train,61,38,147.0,143.82736,-3.172638
train,61,39,146.0,143.82153,-2.1784668
train,61,40,145.0,143.78271,-1.2172852
train,61,41,144.0,143.80975,-0.19024658
train,61,42,143.0,143.81854,0.8185425
train,61,43,142.0,143.81519,1.8151855
train,61,44,141.0,143.81882,2.8188171
train,61,45,140.0,143.81857,3.818573
train,61,46,139.0,143.82123,4.821228
train,61,47,138.0,143.82553,5.825531
train,61,48,137.0,143.82094,6.820938
train,61,49,136.0,143.82626,7.8262634
train,61,50,135.0,143.82727,8.8272705
train,61,51,134.0,143.82895,9.828949
train,61,52,133.0,143.82806,10.828064
train,61,53,132.0,143.83296,11.832962
train,61,54,131.0,143.8117,12.811707
train,61,55,130.0,143.81535,13.815353
train,61,56,129.0,143.82797,14.827972
train,61,57,128.0,143.82327,15.823273
train,61,58,127.0,143.83199,16.831985
train,61,59,126.0,143.82443,17.824432
train,61,60,125.0,143.8226,18.822601
train,61,61,124.0,143.82642,19.826416
train,61,62,123.0,143.8219,20.8219
train,61,63,122.0,143.81491,21.81491
train,61,64,121.0,143.8258,22.825806
train,61,65,120.0,143.76799,23.76799
train,61,66,119.0,143.78069,24.780685
train,61,67,118.0,143.8158,25.815796
train,61,68,117.0,143.81445,26.814453
train,61,69,116.0,143.01967,27.019669
train,61,70,115.0,142.48584,27.48584
train,61,71,114.0,143.73206,29.732056
train,61,72,113.0,143.76588,30.765884
train,61,73,112.0,143.80664,31.80664
train,61,74,111.0,143.79169,32.791687
train,61,75,110.0,143.81287,33.812866
train,61,76,109.0,143.82019,34.82019
train,61,77,108.0,143.81331,35.81331
train,61,78,107.0,143.80869,36.808685
train,61,79,106.0,143.82544,37.82544
train,61,80,105.0,143.81885,38.818848
train,61,81,104.0,143.81287,39.812866
train,61,82,103.0,143.65189,40.651886
train,61,83,102.0,143.77531,41.775314
train,61,84,101.0,129.00185,28.001846
train,61,85,100.0,110.90672,10.906723
train,61,86,99.0,101.82996,2.8299637
train,61,87,98.0,101.77149,3.771492
train,61,88,97.0,98.10055,1.1005478
train,61,89,96.0,90.40231,-5.597687
train,61,90,95.0,92.64645,-2.3535538
train,61,91,94.0,96.752686,2.7526855
train,61,92,93.0,95.53623,2.536232
train,61,93,92.0,101.343056,9.343056
train,61,94,91.0,100.660324,9.660324
train,61,95,90.0,102.4313,12.431297
train,61,96,89.0,102.87325,13.873253
train,61,97,88.0,95.73153,7.731529
train,61,98,87.0,95.96604,8.966042
train,61,99,86.0,99.45971,13.459709
train,61,100,85.0,102.20927,17.209267
train,61,101,84.0,92.325066,8.325066
train,61,102,83.0,93.127426,10.127426
train,61,103,82.0,91.85284,9.852837
train,61,104,81.0,92.566,11.566002
train,61,105,80.0,94.01326,14.01326
train,61,106,79.0,90.044304,11.044304
train,61,107,78.0,90.56939,12.569389
train,61,108,77.0,96.18525,19.18525
train,61,109,76.0,98.46994,22.46994
train,61,110,75.0,96.08278,21.082779
train,61,111,74.0,93.42353,19.42353
train,61,112,73.0,95.74273,22.74273
train,61,113,72.0,90.896324,18.896324
train,61,114,71.0,87.943634,16.943634
train,61,115,70.0,87.89924,17.899239
train,61,116,69.0,88.95965,19.959648
train,61,117,68.0,83.77858,15.77858
train,61,118,67.0,83.03933,16.03933
train,61,119,66.0,78.53223,12.532227
train,61,120,65.0,76.54353,11.543533
train,61,121,64.0,77.399895,13.399895
train,61,122,63.0,76.79708,13.797081
train,61,123,62.0,76.17946,14.179459
train,61,124,61.0,82.6067,21.606697
train,61,125,60.0,81.44077,21.440773
train,61,126,59.0,75.80465,16.80465
train,61,127,58.0,74.953606,16.953606
train,61,128,57.0,73.58941,16.589409
train,61,129,56.0,67.4537,11.453697
train,61,130,55.0,68.05929,13.059288
train,61,131,54.0,60.287277,6.287277
train,61,132,53.0,62.049683,9.049683
train,61,133,52.0,64.91008,12.91008
train,61,134,51.0,68.8155,17.815498
train,61,135,50.0,59.471367,9.471367
train,61,136,49.0,54.481457,5.4814568
train,61,137,48.0,51.131,3.1310005
train,61,138,47.0,42.54805,-4.45195
train,61,139,46.0,41.985764,-4.0142365
train,61,140,45.0,42.36946,-2.630539
train,61,141,44.0,42.302197,-1.6978035
train,61,142,43.0,45.64869,2.6486893
train,61,143,42.0,40.63547,-1.3645287
train,61,144,41.0,45.044804,4.0448036
train,61,145,40.0,42.2218,2.2218018
train,61,146,39.0,46.91377,7.913769
train,61,147,38.0,47.33288,9.332878
train,61,148,37.0,41.436073,4.4360733
train,61,149,36.0,43.650406,7.650406
train,61,150,35.0,39.08984,4.08984
train,61,151,34.0,41.55367,7.553669
train,61,152,33.0,38.058945,5.0589447
train,61,153,32.0,40.166378,8.166378
train,61,154,31.0,37.17689,6.1768913
train,61,155,30.0,35.24637,5.2463684
train,61,156,29.0,33.767593,4.7675934
train,61,157,28.0,29.683199,1.6831989
train,61,158,27.0,33.24603,6.246029
train,61,159,26.0,29.627274,3.6272736
train,61,160,25.0,27.380997,2.3809967
train,61,161,24.0,27.125364,3.1253643
train,61,162,23.0,27.931156,4.931156
train,61,163,22.0,28.251175,6.251175
train,61,164,21.0,27.644548,6.6445484
train,61,165,20.0,26.607403,6.607403
train,61,166,19.0,24.975136,5.975136
train,61,167,18.0,23.131796,5.131796
train,61,168,17.0,21.747517,4.7475166
train,61,169,16.0,18.955067,2.9550667
train,61,170,15.0,19.64235,4.6423492
train,61,171,14.0,15.351897,1.3518972
train,61,172,13.0,13.811277,0.8112774
train,61,173,12.0,14.194482,2.1944818
train,61,174,11.0,11.153497,0.15349674
train,61,175,10.0,11.2357025,1.2357025
train,61,176,9.0,8.796989,-0.20301056
train,61,177,8.0,9.922476,1.9224758
train,61,178,7.0,9.554223,2.554223
train,61,179,6.0,9.22515,3.22515
train,61,180,5.0,6.9743485,1.9743485
train,61,181,4.0,7.7254434,3.7254434
train,61,182,3.0,5.441153,2.441153
train,61,183,2.0,4.392876,2.3928761
train,61,184,1.0,4.630792,3.6307921
train,61,185,0.0,3.9831567,3.9831567
train,63,30,144.0,137.49713,-6.5028687
train,63,31,143.0,141.17181,-1.828186
train,63,32,142.0,143.03284,1.0328369
train,63,33,141.0,143.54124,2.5412445
train,63,34,140.0,141.97348,1.9734802
train,63,35,139.0,143.49965,4.499649
train,63,36,138.0,142.10799,4.1079865
train,63,37,137.0,143.65808,6.658081
train,63,38,136.0,131.11208,-4.887924
train,63,39,135.0,142.87291,7.8729095
train,63,40,134.0,143.39592,9.39592
train,63,41,133.0,143.71866,10.718658
train,63,42,132.0,143.45532,11.455322
train,63,43,131.0,138.95059,7.950592
train,63,44,130.0,137.09521,7.095215
train,63,45,129.0,130.05511,1.0551147
train,63,46,128.0,137.6226,9.622604
train,63,47,127.0,142.65979,15.65979
train,63,48,126.0,129.6325,3.6325073
train,63,49,125.0,141.11655,16.116547
train,63,50,124.0,141.92325,17.923248
train,63,51,123.0,143.04813,20.048126
train,63,52,122.0,143.35016,21.350159
train,63,53,121.0,142.44528,21.445282
train,63,54,120.0,143.30524,23.305237
train,63,55,119.0,143.57056,24.570557
train,63,56,118.0,141.43599,23.43599
train,63,57,117.0,142.82724,25.82724
train,63,58,116.0,142.91168,26.911682
train,63,59,115.0,143.58936,28.589355
train,63,60,114.0,142.01396,28.013962
train,63,61,113.0,142.79578,29.795776
train,63,62,112.0,142.32413,30.324127
train,63,63,111.0,142.72107,31.72107
train,63,64,110.0,105.07867,-4.9213333
train,63,65,109.0,98.786705,-10.213295
train,63,66,108.0,88.08315,-19.916847
train,63,67,107.0,99.16488,-7.835121
train,63,68,106.0,96.06466,-9.935341
train,63,69,105.0,98.67338,-6.326622
train,63,70,104.0,98.934715,-5.0652847
train,63,71,103.0,101.45768,-1.5423203
train,63,72,102.0,107.158775,5.1587753
train,63,73,101.0,118.227974,17.227974
train,63,74,100.0,128.07886,28.078857
train,63,75,99.0,137.5552,38.555206
train,63,76,98.0,138.7586,40.758606
train,63,77,97.0,142.37097,45.37097
train,63,78,96.0,143.26358,47.26358
train,63,79,95.0,143.05005,48.05005
train,63,80,94.0,143.36462,49.364624
train,63,81,93.0,138.25797,45.257965
train,63,82,92.0,127.456375,35.456375
train,63,83,91.0,129.07227,38.072266
train,63,84,90.0,133.85913,43.85913
train,63,85,89.0,128.77477,39.774765
train,63,86,88.0,125.72367,37.72367
train,63,87,87.0,115.43414,28.434143
train,63,88,86.0,99.33624,13.336243
train,63,89,85.0,90.333244,5.3332443
train,63,90,84.0,91.40128,7.4012833
train,63,91,83.0,84.92574,1.9257431
train,63,92,82.0,83.4083,1.4083023
train,63,93,81.0,85.13366,4.1336594
train,63,94,80.0,93.524055,13.5240555
train,63,95,79.0,94.86384,15.863838
train,63,96,78.0,100.5817,22.581703
train,63,97,77.0,87.355095,10.355095
train,63,98,76.0,69.8424,-6.1576004
train,63,99,75.0,68.64211,-6.3578873
train,63,100,74.0,62.15113,-11.848869
train,63,101,73.0,65.10602,-7.893982
train,63,102,72.0,69.48734,-2.5126572
train,63,103,71.0,59.929558,-11.070442
train,63,104,70.0,58.276573,-11.723427
train,63,105,69.0,56.64161,-12.358391
train,63,106,68.0,54.893707,-13.106293
train,63,107,67.0,57.74518,-9.254822
train,63,108,66.0,58.372833,-7.6271667
train,63,109,65.0,59.547165,-5.452835
train,63,110,64.0,54.63667,-9.363331
train,63,111,63.0,53.599327,-9.400673
train,63,112,62.0,51.526665,-10.473335
train,63,113,61.0,53.176697,-7.823303
train,63,114,60.0,58.315887,-1.6841125
train,63,115,59.0,49.113068,-9.886932
train,63,116,58.0,47.953552,-10.046448
train,63,117,57.0,46.601364,-10.398636
train,63,118,56.0,49.970215,-6.029785
train,63,119,55.0,49.39321,-5.6067886
train,63,120,54.0,53.377445,-0.6225548
train,63,121,53.0,49.824036,-3.1759644
train,63,122,52.0,48.05686,-3.9431381
train,63,123,51.0,46.531822,-4.468178
train,63,124,50.0,54.6416,4.6416016
train,63,125,49.0,53.199345,4.1993446
train,63,126,48.0,53.43936,5.4393616
train,63,127,47.0,47.934334,0.9343338
train,63,128,46.0,46.89221,0.8922081
train,63,129,45.0,48.131275,3.1312752
train,63,130,44.0,46.84017,2.8401718
train,63,131,43.0,49.61976,6.6197586
train,63,132,42.0,49.05717,7.057171
train,63,133,41.0,49.47514,8.47514
train,63,134,40.0,46.577644,6.5776443
train,63,135,39.0,41.282585,2.2825851
train,63,136,38.0,41.061115,3.0611153
train,63,137,37.0,41.704353,4.7043533
train,63,138,36.0,40.756886,4.7568855
train,63,139,35.0,38.115467,3.115467
train,63,140,34.0,38.460648,4.4606476
train,63,141,33.0,36.292747,3.2927475
train,63,142,32.0,32.110493,0.11049271
train,63,143,31.0,32.559155,1.5591545
train,63,144,30.0,29.921272,-0.07872772
train,63,145,29.0,27.958092,-1.0419083
train,63,146,28.0,32.923164,4.9231644
train,63,147,27.0,27.09661,0.096609116
train,63,148,26.0,28.302708,2.3027077
train,63,149,25.0,24.054108,-0.94589233
train,63,150,24.0,27.08212,3.082121
train,63,151,23.0,25.249216,2.249216
train,63,152,22.0,24.193151,2.1931515
train,63,153,21.0,22.313812,1.3138123
train,63,154,20.0,22.991858,2.9918575
train,63,155,19.0,21.048973,2.048973
train,63,156,18.0,19.606567,1.6065674
train,63,157,17.0,18.016636,1.0166359
train,63,158,16.0,15.636549,-0.363451
train,63,159,15.0,15.526749,0.52674866
train,63,160,14.0,11.873063,-2.126937
train,63,161,13.0,12.548996,-0.45100403
train,63,162,12.0,13.155252,1.1552525
train,63,163,11.0,12.189565,1.1895647
train,63,164,10.0,8.477292,-1.5227079
train,63,165,9.0,10.0850725,1.0850725
train,63,166,8.0,7.9556212,-0.044378757
train,63,167,7.0,5.095652,-1.9043479
train,63,168,6.0,4.4476,-1.5524001
train,63,169,5.0,5.121863,0.12186289
train,63,170,4.0,4.1825557,0.18255568
train,63,171,3.0,2.1986814,-0.80131865
train,63,172,2.0,3.0948434,1.0948434
train,63,173,1.0,1.208264,0.208264
train,63,174,0.0,-1.8773664,-1.8773664
train,64,30,253.0,143.4374,-109.56261
train,64,31,252.0,143.66887,-108.33113
train,64,32,251.0,143.60284,-107.397156
train,64,33,250.0,143.64319,-106.35681
train,64,34,249.0,143.72574,-105.27426
train,64,35,248.0,143.1821,-104.8179
train,64,36,247.0,143.40071,-103.59929
train,64,37,246.0,143.7598,-102.240204
train,64,38,245.0,136.52194,-108.47806
train,64,39,244.0,140.56151,-103.43849
train,64,40,243.0,142.7829,-100.2171
train,64,41,242.0,143.3974,-98.6026
train,64,42,241.0,143.63583,-97.36417
train,64,43,240.0,143.73361,-96.26639
train,64,44,239.0,143.67444,-95.32556
train,64,45,238.0,143.62672,-94.373276
train,64,46,237.0,143.7863,-93.2137
train,64,47,236.0,143.74799,-92.252014
train,64,48,235.0,143.68936,-91.31064
train,64,49,234.0,143.62946,-90.370544
train,64,50,233.0,143.80716,-89.19284
train,64,51,232.0,143.78719,-88.212814
train,64,52,231.0,143.76215,-87.237854
train,64,53,230.0,143.52023,-86.47977
train,64,54,229.0,143.32135,-85.67865
train,64,55,228.0,143.69513,-84.30487
train,64,56,227.0,143.74348,-83.256516
train,64,57,226.0,143.40509,-82.59491
train,64,58,225.0,142.53848,-82.46152
train,64,59,224.0,143.30301,-80.69699
train,64,60,223.0,142.17441,-80.82559
train,64,61,222.0,140.45123,-81.54877
train,64,62,221.0,142.97574,-78.02426
train,64,63,220.0,143.2168,-76.7832
train,64,64,219.0,143.62856,-75.371445
train,64,65,218.0,143.50568,-74.49432
train,64,66,217.0,143.36002,-73.639984
train,64,67,216.0,143.7568,-72.243195
train,64,68,215.0,143.78952,-71.21048
train,64,69,214.0,143.75186,-70.24814
train,64,70,213.0,142.97318,-70.026825
train,64,71,212.0,143.66908,-68.33092
train,64,72,211.0,143.69908,-67.30092
train,64,73,210.0,143.78473,-66.21527
train,64,74,209.0,143.7007,-65.2993
train,64,75,208.0,143.67496,-64.32504
train,64,76,207.0,143.49326,-63.506744
train,64,77,206.0,142.87088,-63.12912
train,64,78,205.0,143.47137,-61.528625
train,64,79,204.0,143.69144,-60.308563
train,64,80,203.0,143.00858,-59.991425
train,64,81,202.0,142.57034,-59.429657
train,64,82,201.0,141.74272,-59.25728
train,64,83,200.0,128.85876,-71.141235
train,64,84,199.0,141.97285,-57.027145
train,64,85,198.0,142.94788,-55.052124
train,64,86,197.0,143.28806,-53.711945
train,64,87,196.0,142.95285,-53.04715
train,64,88,195.0,143.27806,-51.72194
train,64,89,194.0,143.63243,-50.36757
train,64,90,193.0,141.98326,-51.01674
train,64,91,192.0,143.45847,-48.541534
train,64,92,191.0,143.28207,-47.717926
train,64,93,190.0,143.56659,-46.43341
train,64,94,189.0,143.6845,-45.315506
train,64,95,188.0,140.86868,-47.131317
train,64,96,187.0,142.59097,-44.409027
train,64,97,186.0,143.49136,-42.508636
train,64,98,185.0,143.31384,-41.686157
train,64,99,184.0,143.3772,-40.622803
train,64,100,183.0,143.57169,-39.428314
train,64,101,182.0,141.79312,-40.20688
train,64,102,181.0,138.49261,-42.507385
train,64,103,180.0,138.41534,-41.584656
train,64,104,179.0,141.3293,-37.6707
train,64,105,178.0,142.5075,-35.492493
train,64,106,177.0,139.6257,-37.3743
train,64,107,176.0,139.00948,-36.990524
train,64,108,175.0,137.26024,-37.73976
train,64,109,174.0,138.6756,-35.3244
train,64,110,173.0,142.16946,-30.830536
train,64,111,172.0,137.94868,-34.051315
train,64,112,171.0,138.3481,-32.6519
train,64,113,170.0,142.69443,-27.305573
train,64,114,169.0,142.14702,-26.852982
train,64,115,168.0,128.6058,-39.394196
train,64,116,167.0,131.94989,-35.05011
train,64,117,166.0,124.452385,-41.547615
train,64,118,165.0,130.20395,-34.79605
train,64,119,164.0,138.5003,-25.499695
train,64,120,163.0,139.28433,-23.715668
train,64,121,162.0,143.05197,-18.948029
train,64,122,161.0,141.89789,-19.102112
train,64,123,160.0,141.25592,-18.74408
train,64,124,159.0,141.1218,-17.878204
train,64,125,158.0,141.9638,-16.036194
train,64,126,157.0,139.72636,-17.273636
train,64,127,156.0,136.30472,-19.695282
train,64,128,155.0,139.47507,-15.524933
train,64,129,154.0,142.08879,-11.911209
train,64,130,153.0,142.41187,-10.588135
train,64,131,152.0,142.12515,-9.874847
train,64,132,151.0,142.14815,-8.851852
train,64,133,150.0,143.38757,-6.6124268
train,64,134,149.0,143.28569,-5.7143097
train,64,135,148.0,142.10217,-5.897827
train,64,136,147.0,142.70212,-4.297882
train,64,137,146.0,142.68153,-3.3184662
train,64,138,145.0,142.13058,-2.8694153
train,64,139,144.0,136.4527,-7.5473022
train,64,140,143.0,129.7913,-13.208694
train,64,141,142.0,112.00027,-29.999733
train,64,142,141.0,114.95447,-26.045532
train,64,143,140.0,111.56725,-28.432747
train,64,144,139.0,108.374275,-30.625725
train,64,145,138.0,119.11668,-18.883324
train,64,146,137.0,124.935844,-12.064156
train,64,147,136.0,128.64186,-7.358139
train,64,148,135.0,118.538124,-16.461876
train,64,149,134.0,116.79373,-17.206268
train,64,150,133.0,127.952,-5.0479965
train,64,151,132.0,140.84167,8.841675
train,64,152,131.0,137.05135,6.051346
train,64,153,130.0,135.4995,5.4994965
train,64,154,129.0,133.65417,4.654175
train,64,155,128.0,129.36633,1.366333
train,64,156,127.0,94.9889,-32.0111
train,64,157,126.0,97.501335,-28.498665
train,64,158,125.0,98.69918,-26.30082
train,64,159,124.0,105.9674,-18.0326
train,64,160,123.0,104.70718,-18.292824
train,64,161,122.0,101.60904,-20.39096
train,64,162,121.0,78.84373,-42.156273
train,64,163,120.0,93.599495,-26.400505
train,64,164,119.0,94.24945,-24.75055
train,64,165,118.0,101.205086,-16.794914
train,64,166,117.0,99.171135,-17.828865
train,64,167,116.0,100.8421,-15.157898
train,64,168,115.0,105.936516,-9.063484
train,64,169,114.0,109.79178,-4.2082214
train,64,170,113.0,113.796196,0.796196
train,64,171,112.0,100.977715,-11.022285
train,64,172,111.0,100.99105,-10.008949
train,64,173,110.0,106.985535,-3.0144653
train,64,174,109.0,91.38369,-17.61631
train,64,175,108.0,85.39528,-22.604721
train,64,176,107.0,90.78035,-16.21965
train,64,177,106.0,93.874794,-12.125206
train,64,178,105.0,93.554184,-11.445816
train,64,179,104.0,99.365105,-4.6348953
train,64,180,103.0,100.05128,-2.9487228
train,64,181,102.0,97.859055,-4.1409454
train,64,182,101.0,98.114075,-2.8859253
train,64,183,100.0,100.88978,0.88977814
train,64,184,99.0,104.06343,5.063431
train,64,185,98.0,97.61975,-0.38024902
train,64,186,97.0,92.53882,-4.4611816
train,64,187,96.0,91.634476,-4.3655243
train,64,188,95.0,95.825294,0.8252945
train,64,189,94.0,89.28568,-4.7143173
train,64,190,93.0,97.67498,4.67498
train,64,191,92.0,99.749115,7.749115
train,64,192,91.0,87.72408,-3.275917
train,64,193,90.0,90.74178,0.74178314
train,64,194,89.0,87.86828,-1.1317215
train,64,195,88.0,77.11287,-10.887131
train,64,196,87.0,83.27611,-3.7238922
train,64,197,86.0,92.16097,6.1609726
train,64,198,85.0,98.2022,13.202202
train,64,199,84.0,94.0118,10.011803
train,64,200,83.0,93.2145,10.2145
train,64,201,82.0,93.99543,11.99543
train,64,202,81.0,92.883705,11.883705
train,64,203,80.0,94.73449,14.734489
train,64,204,79.0,91.63291,12.632912
train,64,205,78.0,94.396545,16.396545
train,64,206,77.0,86.53514,9.535141
train,64,207,76.0,84.70765,8.707649
train,64,208,75.0,85.982056,10.982056
train,64,209,74.0,77.290825,3.290825
train,64,210,73.0,68.9908,-4.009201
train,64,211,72.0,64.95124,-7.0487595
train,64,212,71.0,69.37545,-1.6245499
train,64,213,70.0,69.515625,-0.484375
train,64,214,69.0,80.55845,11.558449
train,64,215,68.0,72.85432,4.8543167
train,64,216,67.0,67.40973,0.409729
train,64,217,66.0,59.173782,-6.8262177
train,64,218,65.0,62.656387,-2.3436127
train,64,219,64.0,56.376507,-7.623493
train,64,220,63.0,54.418476,-8.581524
train,64,221,62.0,50.97652,-11.023479
train,64,222,61.0,47.082138,-13.917862
train,64,223,60.0,53.646,-6.354
train,64,224,59.0,55.13266,-3.86734
train,64,225,58.0,51.77282,-6.2271805
train,64,226,57.0,48.732857,-8.267143
train,64,227,56.0,51.664513,-4.3354874
train,64,228,55.0,51.846523,-3.1534767
train,64,229,54.0,49.196983,-4.8030167
train,64,230,53.0,48.761883,-4.238117
train,64,231,52.0,48.162354,-3.8376465
train,64,232,51.0,50.923378,-0.07662201
train,64,233,50.0,44.48158,-5.518421
train,64,234,49.0,44.52334,-4.4766617
train,64,235,48.0,45.42943,-2.570572
train,64,236,47.0,46.36429,-0.63571167
train,64,237,46.0,41.949406,-4.0505943
train,64,238,45.0,40.543396,-4.456604
train,64,239,44.0,42.834038,-1.1659622
train,64,240,43.0,34.108112,-8.891888
train,64,241,42.0,35.869522,-6.130478
train,64,242,41.0,36.65913,-4.34087
train,64,243,40.0,40.641308,0.64130783
train,64,244,39.0,42.632267,3.632267
train,64,245,38.0,40.596775,2.596775
train,64,246,37.0,35.649048,-1.3509521
train,64,247,36.0,35.181038,-0.8189621
train,64,248,35.0,36.44023,1.4402313
train,64,249,34.0,36.61259,2.6125908
train,64,250,33.0,37.924755,4.924755
train,64,251,32.0,35.171448,3.1714478
train,64,252,31.0,30.090553,-0.9094467
train,64,253,30.0,30.67118,0.6711807
train,64,254,29.0,29.1582,0.15819931
train,64,255,28.0,25.512127,-2.487873
train,64,256,27.0,25.36069,-1.6393108
train,64,257,26.0,22.435642,-3.5643578
train,64,258,25.0,22.345379,-2.6546211
train,64,259,24.0,22.569092,-1.4309082
train,64,260,23.0,20.959246,-2.0407543
train,64,261,22.0,19.275347,-2.7246532
train,64,262,21.0,19.52707,-1.4729309
train,64,263,20.0,19.59523,-0.4047699
train,64,264,19.0,16.991217,-2.0087833
train,64,265,18.0,17.083881,-0.9161186
train,64,266,17.0,16.530851,-0.46914864
train,64,267,16.0,14.755055,-1.2449446
train,64,268,15.0,12.8228035,-2.1771965
train,64,269,14.0,13.579072,-0.420928
train,64,270,13.0,10.7741995,-2.2258005
train,64,271,12.0,11.075113,-0.9248867
train,64,272,11.0,9.561101,-1.438899
train,64,273,10.0,8.204986,-1.7950144
train,64,274,9.0,9.068942,0.06894207
train,64,275,8.0,9.701942,1.7019424
train,64,276,7.0,9.54959,2.54959
train,64,277,6.0,6.4080644,0.40806437
train,64,278,5.0,6.059813,1.059813
train,64,279,4.0,4.929194,0.929194
train,64,280,3.0,2.7673116,-0.23268843
train,64,281,2.0,2.6572976,0.6572976
train,64,282,1.0,1.9887434,0.9887434
train,64,283,0.0,0.52492106,0.52492106
train,65,30,123.0,119.80191,-3.1980896
train,65,31,122.0,116.021965,-5.978035
train,65,32,121.0,118.92805,-2.0719528
train,65,33,120.0,125.19244,5.192436
train,65,34,119.0,141.85428,22.854279
train,65,35,118.0,130.97202,12.972015
train,65,36,117.0,137.92099,20.92099
train,65,37,116.0,115.78155,-0.21845245
train,65,38,115.0,116.59336,1.5933609
train,65,39,114.0,122.88789,8.887894
train,65,40,113.0,125.18423,12.184227
train,65,41,112.0,118.93166,6.9316635
train,65,42,111.0,120.52976,9.529762
train,65,43,110.0,132.25252,22.252518
train,65,44,109.0,142.25204,33.252045
train,65,45,108.0,111.229774,3.2297745
train,65,46,107.0,102.23626,-4.7637405
train,65,47,106.0,103.929115,-2.0708847
train,65,48,105.0,100.27626,-4.7237396
train,65,49,104.0,101.5225,-2.477501
train,65,50,103.0,104.342125,1.3421249
train,65,51,102.0,105.50407,3.5040665
train,65,52,101.0,108.15409,7.154091
train,65,53,100.0,106.893486,6.893486
train,65,54,99.0,103.81492,4.8149185
train,65,55,98.0,96.516106,-1.4838943
train,65,56,97.0,98.99087,1.9908676
train,65,57,96.0,96.59597,0.59597015
train,65,58,95.0,101.615486,6.615486
train,65,59,94.0,105.79508,11.795082
train,65,60,93.0,102.55458,9.554581
train,65,61,92.0,102.80587,10.80587
train,65,62,91.0,101.10277,10.102768
train,65,63,90.0,106.78786,16.787857
train,65,64,89.0,110.67833,21.67833
train,65,65,88.0,112.61597,24.615967
train,65,66,87.0,107.818184,20.818184
train,65,67,86.0,112.82784,26.827843
train,65,68,85.0,108.94463,23.944633
train,65,69,84.0,104.30073,20.300728
train,65,70,83.0,107.837036,24.837036
train,65,71,82.0,100.893654,18.893654
train,65,72,81.0,97.325554,16.325554
train,65,73,80.0,96.966896,16.966896
train,65,74,79.0,99.07794,20.077942
train,65,75,78.0,95.78673,17.786728
train,65,76,77.0,93.70659,16.706589
train,65,77,76.0,94.625015,18.625015
train,65,78,75.0,91.23726,16.237259
train,65,79,74.0,90.98937,16.989372
train,65,80,73.0,91.513725,18.513725
train,65,81,72.0,91.60479,19.60479
train,65,82,71.0,84.710655,13.710655
train,65,83,70.0,87.09105,17.09105
train,65,84,69.0,86.86082,17.860817
train,65,85,68.0,84.94419,16.944191
train,65,86,67.0,89.15821,22.15821
train,65,87,66.0,84.61909,18.619087
train,65,88,65.0,80.93873,15.938728
train,65,89,64.0,81.639046,17.639046
train,65,90,63.0,83.38262,20.382622
train,65,91,62.0,86.226295,24.226295
train,65,92,61.0,80.69378,19.693779
train,65,93,60.0,82.50399,22.50399
train,65,94,59.0,80.92753,21.927528
train,65,95,58.0,80.83622,22.83622
train,65,96,57.0,83.4244,26.4244
train,65,97,56.0,80.558105,24.558105
train,65,98,55.0,78.25253,23.252533
train,65,99,54.0,71.66035,17.660347
train,65,100,53.0,72.81811,19.818108
train,65,101,52.0,75.01183,23.011833
train,65,102,51.0,65.019196,14.019196
train,65,103,50.0,64.40286,14.402863
train,65,104,49.0,64.67455,15.674553
train,65,105,48.0,64.20853,16.208527
train,65,106,47.0,56.90269,9.902691
train,65,107,46.0,51.37911,5.3791084
train,65,108,45.0,48.31288,3.3128815
train,65,109,44.0,39.546387,-4.4536133
train,65,110,43.0,44.347878,1.3478775
train,65,111,42.0,49.132927,7.132927
train,65,112,41.0,51.747112,10.747112
train,65,113,40.0,46.981903,6.981903
train,65,114,39.0,45.42827,6.4282684
train,65,115,38.0,43.769745,5.769745
train,65,116,37.0,47.06453,10.064529
train,65,117,36.0,44.029633,8.029633
train,65,118,35.0,42.606384,7.6063843
train,65,119,34.0,46.44487,12.44487
train,65,120,33.0,47.57561,14.575611
train,65,121,32.0,46.65988,14.659882
train,65,122,31.0,45.307392,14.307392
train,65,123,30.0,41.41299,11.412991
train,65,124,29.0,42.14008,13.1400795
train,65,125,28.0,42.88504,14.88504
train,65,126,27.0,42.146225,15.146225
train,65,127,26.0,38.62857,12.628571
train,65,128,25.0,41.574867,16.574867
train,65,129,24.0,42.475624,18.475624
train,65,130,23.0,35.8568,12.8568
train,65,131,22.0,33.001316,11.001316
train,65,132,21.0,29.219257,8.219257
train,65,133,20.0,30.94881,10.948811
train,65,134,19.0,25.178858,6.178858
train,65,135,18.0,23.81428,5.8142796
train,65,136,17.0,22.978994,5.9789944
train,65,137,16.0,21.620495,5.620495
train,65,138,15.0,20.534187,5.5341873
train,65,139,14.0,16.34126,2.341261
train,65,140,13.0,15.623641,2.623641
train,65,141,12.0,16.466063,4.4660625
train,65,142,11.0,14.80536,3.8053598
train,65,143,10.0,13.223046,3.2230463
train,65,144,9.0,13.439652,4.4396524
train,65,145,8.0,11.90713,3.9071302
train,65,146,7.0,14.11535,7.11535
train,65,147,6.0,13.274354,7.274354
train,65,148,5.0,12.12066,7.12066
train,65,149,4.0,8.935471,4.9354706
train,65,150,3.0,11.126566,8.126566
train,65,151,2.0,7.8301406,5.8301406
train,65,152,1.0,7.407618,6.407618
train,65,153,0.0,7.5945516,7.5945516
train,66,30,172.0,140.24289,-31.75711
train,66,31,171.0,140.43959,-30.56041
train,66,32,170.0,140.60156,-29.398438
train,66,33,169.0,140.79736,-28.202637
train,66,34,168.0,140.17374,-27.826263
train,66,35,167.0,139.9341,-27.065903
train,66,36,166.0,140.73994,-25.260056
train,66,37,165.0,140.76944,-24.23056
train,66,38,164.0,140.2765,-23.723495
train,66,39,163.0,140.4272,-22.5728
train,66,40,162.0,138.18155,-23.81845
train,66,41,161.0,140.58223,-20.41777
train,66,42,160.0,141.11597,-18.884033
train,66,43,159.0,141.06427,-17.93573
train,66,44,158.0,140.75916,-17.240845
train,66,45,157.0,136.06961,-20.93039
train,66,46,156.0,132.22081,-23.77919
train,66,47,155.0,131.00262,-23.997375
train,66,48,154.0,133.26073,-20.739273
train,66,49,153.0,136.37112,-16.628876
train,66,50,152.0,140.82674,-11.173264
train,66,51,151.0,139.98483,-11.015167
train,66,52,150.0,141.11693,-8.883072
train,66,53,149.0,137.60406,-11.395935
train,66,54,148.0,137.33298,-10.667023
train,66,55,147.0,134.38301,-12.616989
train,66,56,146.0,137.5438,-8.456207
train,66,57,145.0,133.89859,-11.10141
train,66,58,144.0,131.75702,-12.242981
train,66,59,143.0,140.13911,-2.8608856
train,66,60,142.0,140.12303,-1.8769684
train,66,61,141.0,134.95169,-6.0483093
train,66,62,140.0,139.75531,-0.24468994
train,66,63,139.0,139.16064,0.16064453
train,66,64,138.0,139.15762,1.1576233
train,66,65,137.0,137.41339,0.4133911
train,66,66,136.0,139.47272,3.4727173
train,66,67,135.0,139.89148,4.8914795
train,66,68,134.0,139.15497,5.1549683
train,66,69,133.0,127.284004,-5.715996
train,66,70,132.0,117.278625,-14.7213745
train,66,71,131.0,112.76212,-18.237877
train,66,72,130.0,117.57631,-12.423691
train,66,73,129.0,118.81706,-10.182938
train,66,74,128.0,119.27785,-8.722153
train,66,75,127.0,109.925026,-17.074974
train,66,76,126.0,109.080795,-16.919205
train,66,77,125.0,105.97352,-19.026482
train,66,78,124.0,112.781364,-11.218636
train,66,79,123.0,103.43629,-19.563713
train,66,80,122.0,107.48759,-14.512413
train,66,81,121.0,112.69889,-8.301109
train,66,82,120.0,134.62233,14.62233
train,66,83,119.0,108.865234,-10.134766
train,66,84,118.0,134.12209,16.122086
train,66,85,117.0,137.17487,20.174866
train,66,86,116.0,129.84528,13.845276
train,66,87,115.0,98.458595,-16.541405
train,66,88,114.0,101.37762,-12.622383
train,66,89,113.0,95.50051,-17.499489
train,66,90,112.0,98.00428,-13.99572
train,66,91,111.0,100.63188,-10.368118
train,66,92,110.0,102.30716,-7.6928406
train,66,93,109.0,103.357056,-5.6429443
train,66,94,108.0,109.92274,1.9227371
train,66,95,107.0,112.19726,5.197258
train,66,96,106.0,130.48692,24.486923
train,66,97,105.0,119.02518,14.025177
train,66,98,104.0,107.295685,3.2956848
train,66,99,103.0,85.76327,-17.236732
train,66,100,102.0,88.04465,-13.955353
train,66,101,101.0,91.0955,-9.904503
train,66,102,100.0,90.16438,-9.835617
train,66,103,99.0,98.425476,-0.5745239
train,66,104,98.0,101.1658,3.165802
train,66,105,97.0,105.01999,8.019989
train,66,106,96.0,104.33411,8.334106
train,66,107,95.0,105.73087,10.730873
train,66,108,94.0,93.72399,-0.2760086
train,66,109,93.0,90.11101,-2.8889923
train,66,110,92.0,89.319984,-2.6800156
train,66,111,91.0,89.177635,-1.8223648
train,66,112,90.0,87.94866,-2.0513382
train,66,113,89.0,83.16783,-5.8321686
train,66,114,88.0,87.47951,-0.52049255
train,66,115,87.0,77.52305,-9.476952
train,66,116,86.0,71.26372,-14.736282
train,66,117,85.0,75.5182,-9.481796
train,66,118,84.0,79.0476,-4.9524
train,66,119,83.0,74.55746,-8.442543
train,66,120,82.0,69.63731,-12.362694
train,66,121,81.0,73.36481,-7.635193
train,66,122,80.0,76.454994,-3.5450058
train,66,123,79.0,75.73844,-3.2615585
train,66,124,78.0,71.97224,-6.0277634
train,66,125,77.0,69.47869,-7.521309
train,66,126,76.0,64.786285,-11.213715
train,66,127,75.0,63.948265,-11.051735
train,66,128,74.0,59.815968,-14.184032
train,66,129,73.0,62.340775,-10.659225
train,66,130,72.0,65.07066,-6.9293365
train,66,131,71.0,69.58604,-1.4139633
train,66,132,70.0,68.307045,-1.692955
train,66,133,69.0,62.270714,-6.729286
train,66,134,68.0,61.606808,-6.3931923
train,66,135,67.0,61.947605,-5.052395
train,66,136,66.0,64.42463,-1.5753708
train,66,137,65.0,66.70745,1.7074509
train,66,138,64.0,67.31881,3.3188095
train,66,139,63.0,67.9846,4.9845963
train,66,140,62.0,68.987915,6.987915
train,66,141,61.0,65.70483,4.7048264
train,66,142,60.0,66.74778,6.74778
train,66,143,59.0,64.18422,5.1842194
train,66,144,58.0,60.424126,2.4241257
train,66,145,57.0,62.45359,5.4535904
train,66,146,56.0,58.98064,2.9806404
train,66,147,55.0,58.504524,3.5045242
train,66,148,54.0,59.307632,5.3076324
train,66,149,53.0,60.268112,7.268112
train,66,150,52.0,58.01554,6.015541
train,66,151,51.0,56.36408,5.3640785
train,66,152,50.0,55.146873,5.1468735
train,66,153,49.0,54.8297,5.8297005
train,66,154,48.0,53.88072,5.880718
train,66,155,47.0,51.91322,4.9132195
train,66,156,46.0,51.791542,5.791542
train,66,157,45.0,49.490112,4.4901123
train,66,158,44.0,48.0354,4.0354004
train,66,159,43.0,48.205948,5.205948
train,66,160,42.0,47.267303,5.2673035
train,66,161,41.0,47.5996,6.5996017
train,66,162,40.0,45.635593,5.6355934
train,66,163,39.0,43.163643,4.163643
train,66,164,38.0,39.163322,1.1633224
train,66,165,37.0,36.751072,-0.24892807
train,66,166,36.0,36.46412,0.46411896
train,66,167,35.0,36.13309,1.133091
train,66,168,34.0,31.70399,-2.296009
train,66,169,33.0,29.931349,-3.0686512
train,66,170,32.0,29.79474,-2.2052593
train,66,171,31.0,27.552042,-3.447958
train,66,172,30.0,29.524273,-0.47572708
train,66,173,29.0,29.211824,0.21182442
train,66,174,28.0,29.980648,1.980648
train,66,175,27.0,27.093296,0.09329605
train,66,176,26.0,27.261436,1.2614365
train,66,177,25.0,23.966822,-1.0331783
train,66,178,24.0,23.20289,-0.7971096
train,66,179,23.0,23.966103,0.9661026
train,66,180,22.0,21.546604,-0.45339584
train,66,181,21.0,21.433655,0.4336548
train,66,182,20.0,20.310402,0.31040192
train,66,183,19.0,18.348656,-0.6513443
train,66,184,18.0,19.224422,1.2244225
train,66,185,17.0,19.033459,2.0334587
train,66,186,16.0,18.84439,2.8443909
train,66,187,15.0,17.929464,2.9294643
train,66,188,14.0,16.549412,2.5494118
train,66,189,13.0,13.192569,0.19256878
train,66,190,12.0,12.844268,0.84426785
train,66,191,11.0,10.515506,-0.4844942
train,66,192,10.0,6.834618,-3.165382
train,66,193,9.0,7.7685494,-1.2314506
train,66,194,8.0,8.395796,0.39579582
train,66,195,7.0,7.3899856,0.38998556
train,66,196,6.0,7.280354,1.280354
train,66,197,5.0,6.020703,1.0207028
train,66,198,4.0,4.489632,0.48963213
train,66,199,3.0,4.6983485,1.6983485
train,66,200,2.0,3.5743003,1.5743003
train,66,201,1.0,3.502132,2.502132
train,66,202,0.0,1.8834263,1.8834263
train,67,30,283.0,138.88864,-144.11136
train,67,31,282.0,124.47039,-157.5296
train,67,32,281.0,134.45312,-146.54688
train,67,33,280.0,139.13522,-140.86478
train,67,34,279.0,142.9317,-136.0683
train,67,35,278.0,141.0187,-136.9813
train,67,36,277.0,142.43385,-134.56615
train,67,37,276.0,143.3334,-132.6666
train,67,38,275.0,143.2139,-131.7861
train,67,39,274.0,143.2457,-130.7543
train,67,40,273.0,134.85522,-138.14478
train,67,41,272.0,142.48618,-129.51382
train,67,42,271.0,143.51776,-127.48224
train,67,43,270.0,143.7478,-126.2522
train,67,44,269.0,143.76886,-125.23114
train,67,45,268.0,143.76604,-124.23396
train,67,46,267.0,143.65622,-123.34378
train,67,47,266.0,143.51,-122.490005
train,67,48,265.0,143.57785,-121.42215
train,67,49,264.0,143.76666,-120.23334
train,67,50,263.0,142.46167,-120.53833
train,67,51,262.0,143.63235,-118.367645
train,67,52,261.0,143.57848,-117.421524
train,67,53,260.0,141.26659,-118.73341
train,67,54,259.0,140.93576,-118.06424
train,67,55,258.0,142.81863,-115.181366
train,67,56,257.0,133.49475,-123.50525
train,67,57,256.0,125.37711,-130.6229
train,67,58,255.0,139.3146,-115.685394
train,67,59,254.0,142.96347,-111.03653
train,67,60,253.0,136.03815,-116.96185
train,67,61,252.0,136.2859,-115.714096
train,67,62,251.0,130.2977,-120.7023
train,67,63,250.0,136.517,-113.483
train,67,64,249.0,136.99948,-112.00052
train,67,65,248.0,138.12549,-109.87451
train,67,66,247.0,141.01758,-105.98242
train,67,67,246.0,142.52887,-103.47113
train,67,68,245.0,143.54959,-101.45041
train,67,69,244.0,143.66348,-100.33652
train,67,70,243.0,143.50912,-99.490875
train,67,71,242.0,143.59758,-98.40242
train,67,72,241.0,143.59224,-97.40776
train,67,73,240.0,143.70102,-96.29898
train,67,74,239.0,142.96143,-96.038574
train,67,75,238.0,143.52809,-94.47191
train,67,76,237.0,143.74524,-93.25476
train,67,77,236.0,143.70316,-92.296844
train,67,78,235.0,143.44052,-91.55948
train,67,79,234.0,142.2247,-91.7753
train,67,80,233.0,141.98703,-91.01297
train,67,81,232.0,143.58499,-88.41501
train,67,82,231.0,143.22202,-87.777985
train,67,83,230.0,143.69225,-86.307755
train,67,84,229.0,143.69516,-85.30484
train,67,85,228.0,142.07257,-85.92743
train,67,86,227.0,143.61427,-83.38573
train,67,87,226.0,143.62918,-82.37082
train,67,88,225.0,143.64761,-81.35239
train,67,89,224.0,142.37772,-81.622284
train,67,90,223.0,143.53406,-79.46594
train,67,91,222.0,143.62631,-78.37369
train,67,92,221.0,143.4683,-77.53169
train,67,93,220.0,143.47655,-76.52345
train,67,94,219.0,143.7651,-75.23489
train,67,95,218.0,143.19275,-74.80725
train,67,96,217.0,142.78719,-74.212814
train,67,97,216.0,142.27841,-73.72159
train,67,98,215.0,143.46815,-71.531845
train,67,99,214.0,143.48001,-70.51999
train,67,100,213.0,143.27255,-69.72745
train,67,101,212.0,142.78099,-69.21901
train,67,102,211.0,142.90964,-68.09036
train,67,103,210.0,143.11711,-66.88289
train,67,104,209.0,143.57413,-65.42587
train,67,105,208.0,143.04868,-64.951324
train,67,106,207.0,143.6261,-63.3739
train,67,107,206.0,143.14093,-62.85907
train,67,108,205.0,141.0657,-63.934296
train,67,109,204.0,138.69325,-65.30675
train,67,110,203.0,130.74088,-72.259125
train,67,111,202.0,129.10396,-72.89604
train,67,112,201.0,135.28758,-65.71242
train,67,113,200.0,138.82883,-61.171173
train,67,114,199.0,143.28995,-55.710052
train,67,115,198.0,124.87903,-73.12097
train,67,116,197.0,138.22693,-58.77307
train,67,117,196.0,138.5065,-57.4935
train,67,118,195.0,143.55103,-51.448975
train,67,119,194.0,141.87013,-52.129868
train,67,120,193.0,140.81282,-52.18718
train,67,121,192.0,137.01254,-54.987457
train,67,122,191.0,121.13336,-69.86664
train,67,123,190.0,119.59115,-70.40885
train,67,124,189.0,134.4689,-54.531097
train,67,125,188.0,123.35351,-64.64649
train,67,126,187.0,134.99179,-52.00821
train,67,127,186.0,140.32697,-45.673035
train,67,128,185.0,139.6162,-45.383804
train,67,129,184.0,134.55579,-49.444214
train,67,130,183.0,133.32654,-49.673462
train,67,131,182.0,134.46545,-47.534546
train,67,132,181.0,135.13696,-45.863037
train,67,133,180.0,130.05353,-49.946472
train,67,134,179.0,132.14479,-46.85521
train,67,135,178.0,124.26866,-53.73134
train,67,136,177.0,130.67813,-46.32187
train,67,137,176.0,111.32136,-64.67864
train,67,138,175.0,115.800026,-59.199974
train,67,139,174.0,130.60715,-43.392853
train,67,140,173.0,138.77586,-34.224136
train,67,141,172.0,141.81464,-30.185364
train,67,142,171.0,141.10107,-29.898926
train,67,143,170.0,142.51886,-27.48114
train,67,144,169.0,142.32394,-26.676056
train,67,145,168.0,143.07971,-24.920288
train,67,146,167.0,138.28639,-28.713608
train,67,147,166.0,133.33646,-32.663544
train,67,148,165.0,131.05203,-33.947968
train,67,149,164.0,123.87946,-40.120537
train,67,150,163.0,131.78555,-31.214447
train,67,151,162.0,140.45038,-21.549622
train,67,152,161.0,139.76378,-21.236221
train,67,153,160.0,141.91429,-18.085709
train,67,154,159.0,141.21016,-17.78984
train,67,155,158.0,141.30011,-16.69989
train,67,156,157.0,142.35187,-14.648132
train,67,157,156.0,142.20404,-13.795959
train,67,158,155.0,141.67288,-13.327118
train,67,159,154.0,142.29437,-11.705627
train,67,160,153.0,141.03789,-11.962112
train,67,161,152.0,136.86497,-15.135025
train,67,162,151.0,137.39606,-13.603943
train,67,163,150.0,139.1238,-10.876205
train,67,164,149.0,141.47186,-7.528137
train,67,165,148.0,142.92596,-5.0740356
train,67,166,147.0,141.2692,-5.7308044
train,67,167,146.0,138.31287,-7.687134
train,67,168,145.0,140.76468,-4.235321
train,67,169,144.0,138.39445,-5.605545
train,67,170,143.0,121.934395,-21.065605
train,67,171,142.0,120.98219,-21.017807
train,67,172,141.0,115.23732,-25.76268
train,67,173,140.0,112.65417,-27.345833
train,67,174,139.0,104.46722,-34.532784
train,67,175,138.0,117.45267,-20.547333
train,67,176,137.0,129.71695,-7.2830505
train,67,177,136.0,139.60258,3.6025848
train,67,178,135.0,134.95924,-0.040756226
train,67,179,134.0,141.11334,7.1133423
train,67,180,133.0,141.21294,8.212936
train,67,181,132.0,138.2132,6.213196
train,67,182,131.0,138.11346,7.1134644
train,67,183,130.0,139.10576,9.105759
train,67,184,129.0,139.83278,10.832779
train,67,185,128.0,128.76338,0.76338196
train,67,186,127.0,120.049034,-6.950966
train,67,187,126.0,125.10322,-0.8967819
train,67,188,125.0,134.43637,9.436371
train,67,189,124.0,130.73181,6.7318115
train,67,190,123.0,115.9526,-7.0474014
train,67,191,122.0,105.26884,-16.731163
train,67,192,121.0,100.10763,-20.892372
train,67,193,120.0,99.87335,-20.126648
train,67,194,119.0,94.19491,-24.805092
train,67,195,118.0,96.634155,-21.365845
train,67,196,117.0,115.5655,-1.4345016
train,67,197,116.0,108.26261,-7.7373886
train,67,198,115.0,116.81432,1.8143234
train,67,199,114.0,112.11423,-1.8857727
train,67,200,113.0,103.02221,-9.977791
train,67,201,112.0,102.26681,-9.733192
train,67,202,111.0,104.670586,-6.3294144
train,67,203,110.0,106.72976,-3.2702408
train,67,204,109.0,97.5465,-11.453499
train,67,205,108.0,100.68205,-7.3179474
train,67,206,107.0,86.804405,-20.195595
train,67,207,106.0,88.573265,-17.426735
train,67,208,105.0,89.15261,-15.847389
train,67,209,104.0,81.639534,-22.360466
train,67,210,103.0,92.119774,-10.880226
train,67,211,102.0,84.8025,-17.197502
train,67,212,101.0,83.87298,-17.127022
train,67,213,100.0,91.77825,-8.221748
train,67,214,99.0,97.407326,-1.5926743
train,67,215,98.0,96.12584,-1.8741608
train,67,216,97.0,96.78921,-0.21079254
train,67,217,96.0,96.22344,0.22344208
train,67,218,95.0,92.16473,-2.8352737
train,67,219,94.0,81.125374,-12.874626
train,67,220,93.0,88.61208,-4.3879166
train,67,221,92.0,79.49236,-12.507637
train,67,222,91.0,87.28864,-3.711357
train,67,223,90.0,88.44396,-1.5560379
train,67,224,89.0,82.40503,-6.5949707
train,67,225,88.0,79.21013,-8.789871
train,67,226,87.0,81.24696,-5.7530365
train,67,227,86.0,71.7072,-14.292801
train,67,228,85.0,85.87806,0.8780594
train,67,229,84.0,78.761314,-5.2386856
train,67,230,83.0,78.87032,-4.129677
train,67,231,82.0,80.28022,-1.71978
train,67,232,81.0,80.3091,-0.6909027
train,67,233,80.0,83.3676,3.3675995
train,67,234,79.0,80.001305,1.0013046
train,67,235,78.0,77.44696,-0.55303955
train,67,236,77.0,76.251015,-0.7489853
train,67,237,76.0,74.70229,-1.2977066
train,67,238,75.0,86.93989,11.939888
train,67,239,74.0,82.44819,8.448189
train,67,240,73.0,80.700356,7.7003555
train,67,241,72.0,71.26271,-0.7372894
train,67,242,71.0,63.038727,-7.961273
train,67,243,70.0,59.716675,-10.283325
train,67,244,69.0,64.73747,-4.2625275
train,67,245,68.0,60.770615,-7.2293854
train,67,246,67.0,64.97109,-2.0289078
train,67,247,66.0,60.314457,-5.685543
train,67,248,65.0,60.60131,-4.3986893
train,67,249,64.0,54.06966,-9.93034
train,67,250,63.0,57.014526,-5.9854736
train,67,251,62.0,54.11729,-7.8827095
train,67,252,61.0,61.48433,0.48432922
train,67,253,60.0,62.047882,2.047882
train,67,254,59.0,60.193253,1.1932526
train,67,255,58.0,60.613976,2.6139755
train,67,256,57.0,60.456177,3.4561768
train,67,257,56.0,61.225674,5.2256737
train,67,258,55.0,54.122032,-0.87796783
train,67,259,54.0,52.635452,-1.3645477
train,67,260,53.0,51.97772,-1.0222816
train,67,261,52.0,50.703568,-1.2964325
train,67,262,51.0,47.761612,-3.238388
train,67,263,50.0,43.3342,-6.665798
train,67,264,49.0,39.754917,-9.245083
train,67,265,48.0,44.206482,-3.793518
train,67,266,47.0,48.07712,1.0771217
train,67,267,46.0,45.27111,-0.72888947
train,67,268,45.0,44.339157,-0.6608429
train,67,269,44.0,47.533127,3.5331268
train,67,270,43.0,47.37453,4.374531
train,67,271,42.0,42.533318,0.53331757
train,67,272,41.0,42.458763,1.4587631
train,67,273,40.0,39.173817,-0.8261833
train,67,274,39.0,37.273224,-1.7267761
train,67,275,38.0,34.632088,-3.3679123
train,67,276,37.0,31.379599,-5.6204014
train,67,277,36.0,29.947657,-6.0523434
train,67,278,35.0,30.06681,-4.9331894
train,67,279,34.0,31.76448,-2.2355194
train,67,280,33.0,27.721775,-5.278225
train,67,281,32.0,29.749557,-2.2504425
train,67,282,31.0,30.649261,-0.35073853
train,67,283,30.0,26.94639,-3.0536098
train,67,284,29.0,26.686361,-2.3136387
train,67,285,28.0,28.659359,0.659359
train,67,286,27.0,27.092575,0.09257507
train,67,287,26.0,24.503849,-1.496151
train,67,288,25.0,25.697224,0.69722366
train,67,289,24.0,26.437733,2.4377327
train,67,290,23.0,29.211107,6.2111073
train,67,291,22.0,29.213316,7.213316
train,67,292,21.0,26.27739,5.2773895
train,67,293,20.0,23.885323,3.8853226
train,67,294,19.0,17.725214,-1.274786
train,67,295,18.0,20.154308,2.1543083
train,67,296,17.0,19.45029,2.4502907
train,67,297,16.0,16.025482,0.025482178
train,67,298,15.0,15.868768,0.86876774
train,67,299,14.0,13.957826,-0.04217434
train,67,300,13.0,10.678305,-2.3216953
train,67,301,12.0,8.723292,-3.2767076
train,67,302,11.0,10.862102,-0.13789845
train,67,303,10.0,9.674505,-0.32549477
train,67,304,9.0,8.038617,-0.96138287
train,67,305,8.0,8.0364275,0.036427498
train,67,306,7.0,6.94682,-0.053180218
train,67,307,6.0,5.4394765,-0.5605235
train,67,308,5.0,3.6144004,-1.3855996
train,67,309,4.0,2.85362,-1.14638
train,67,310,3.0,3.1932826,0.1932826
train,67,311,2.0,3.8528628,1.8528628
train,67,312,1.0,3.0429883,2.0429883
train,67,313,0.0,1.98165,1.98165
train,68,30,169.0,142.97424,-26.025757
train,68,31,168.0,143.39566,-24.60434
train,68,32,167.0,143.58446,-23.415543
train,68,33,166.0,143.07266,-22.927338
train,68,34,165.0,142.6647,-22.335297
train,68,35,164.0,143.4347,-20.565308
train,68,36,163.0,143.28993,-19.710068
train,68,37,162.0,143.20058,-18.799423
train,68,38,161.0,142.17392,-18.82608
train,68,39,160.0,143.61447,-16.385529
train,68,40,159.0,143.26251,-15.737488
train,68,41,158.0,143.4303,-14.569702
train,68,42,157.0,143.5611,-13.438904
train,68,43,156.0,143.67221,-12.327789
train,68,44,155.0,141.98955,-13.010452
train,68,45,154.0,143.11475,-10.885254
train,68,46,153.0,139.60614,-13.39386
train,68,47,152.0,138.89282,-13.107178
train,68,48,151.0,142.82394,-8.176056
train,68,49,150.0,143.35484,-6.645157
train,68,50,149.0,143.38998,-5.610016
train,68,51,148.0,143.41786,-4.582138
train,68,52,147.0,142.37318,-4.626816
train,68,53,146.0,142.43787,-3.5621338
train,68,54,145.0,139.0015,-5.9985046
train,68,55,144.0,140.85428,-3.1457214
train,68,56,143.0,141.28877,-1.7112274
train,68,57,142.0,141.7958,-0.20419312
train,68,58,141.0,143.17938,2.1793823
train,68,59,140.0,140.07138,0.071380615
train,68,60,139.0,136.40283,-2.597168
train,68,61,138.0,138.5953,0.5953064
train,68,62,137.0,135.97757,-1.0224304
train,68,63,136.0,123.55464,-12.445358
train,68,64,135.0,116.21612,-18.783882
train,68,65,134.0,116.29851,-17.701492
train,68,66,133.0,119.36513,-13.634872
train,68,67,132.0,117.06541,-14.934593
train,68,68,131.0,105.65258,-25.34742
train,68,69,130.0,107.46443,-22.535568
train,68,70,129.0,113.23591,-15.7640915
train,68,71,128.0,114.2546,-13.745399
train,68,72,127.0,122.81795,-4.1820526
train,68,73,126.0,121.73971,-4.260292
train,68,74,125.0,116.623764,-8.376236
train,68,75,124.0,110.640785,-13.359215
train,68,76,123.0,110.04946,-12.950539
train,68,77,122.0,115.36349,-6.6365128
train,68,78,121.0,128.19003,7.190033
train,68,79,120.0,138.08234,18.082336
train,68,80,119.0,139.31201,20.312012
train,68,81,118.0,139.58282,21.582825
train,68,82,117.0,140.79498,23.794983
train,68,83,116.0,141.09326,25.093262
train,68,84,115.0,126.96029,11.960289
train,68,85,114.0,122.75504,8.755043
train,68,86,113.0,108.1347,-4.865303
train,68,87,112.0,99.33422,-12.665779
train,68,88,111.0,92.845085,-18.154915
train,68,89,110.0,92.01438,-17.985619
train,68,90,109.0,89.695045,-19.304955
train,68,91,108.0,86.4086,-21.5914
train,68,92,107.0,76.27587,-30.724129
train,68,93,106.0,86.29248,-19.70752
train,68,94,105.0,93.4865,-11.513496
train,68,95,104.0,96.71855,-7.2814484
train,68,96,103.0,114.555336,11.555336
train,68,97,102.0,96.52491,-5.47509
train,68,98,101.0,97.119225,-3.8807755
train,68,99,100.0,98.82626,-1.1737366
train,68,100,99.0,104.25585,5.2558517
train,68,101,98.0,96.51927,-1.4807281
train,68,102,97.0,88.17058,-8.829422
train,68,103,96.0,92.19033,-3.8096695
train,68,104,95.0,100.51861,5.518608
train,68,105,94.0,101.03308,7.033081
train,68,106,93.0,99.34165,6.341652
train,68,107,92.0,94.850426,2.8504257
train,68,108,91.0,92.35401,1.3540115
train,68,109,90.0,90.51201,0.51200867
train,68,110,89.0,84.1297,-4.8703003
train,68,111,88.0,78.03795,-9.962051
train,68,112,87.0,74.559166,-12.440834
train,68,113,86.0,78.483246,-7.516754
train,68,114,85.0,66.613304,-18.386696
train,68,115,84.0,69.71194,-14.288063
train,68,116,83.0,63.9393,-19.0607
train,68,117,82.0,71.35768,-10.642319
train,68,118,81.0,72.73246,-8.26754
train,68,119,80.0,75.76634,-4.233658
train,68,120,79.0,67.74137,-11.258629
train,68,121,78.0,62.928314,-15.071686
train,68,122,77.0,63.238056,-13.761944
train,68,123,76.0,67.91836,-8.081642
train,68,124,75.0,72.454155,-2.545845
train,68,125,74.0,78.46815,4.4681473
train,68,126,73.0,74.64084,1.6408386
train,68,127,72.0,71.57192,-0.4280777
train,68,128,71.0,70.58418,-0.41581726
train,68,129,70.0,64.63146,-5.368538
train,68,130,69.0,66.42211,-2.5778885
train,68,131,68.0,65.01891,-2.9810867
train,68,132,67.0,67.75999,0.7599869
train,68,133,66.0,64.7518,-1.2481995
train,68,134,65.0,69.27109,4.2710876
train,68,135,64.0,64.12758,0.12757874
train,68,136,63.0,61.87319,-1.1268082
train,68,137,62.0,60.096584,-1.9034157
train,68,138,61.0,53.597523,-7.4024773
train,68,139,60.0,54.47722,-5.5227814
train,68,140,59.0,55.49952,-3.5004807
train,68,141,58.0,53.057747,-4.942253
train,68,142,57.0,58.007668,1.0076675
train,68,143,56.0,51.80337,-4.1966286
train,68,144,55.0,44.394234,-10.605766
train,68,145,54.0,43.229736,-10.770264
train,68,146,53.0,36.26459,-16.735409
train,68,147,52.0,41.332806,-10.667194
train,68,148,51.0,40.940094,-10.059906
train,68,149,50.0,43.11378,-6.886219
train,68,150,49.0,40.620136,-8.379864
train,68,151,48.0,39.677265,-8.322735
train,68,152,47.0,38.216167,-8.783833
train,68,153,46.0,42.220882,-3.7791176
train,68,154,45.0,36.960835,-8.0391655
train,68,155,44.0,37.045456,-6.954544
train,68,156,43.0,40.298058,-2.7019424
train,68,157,42.0,38.393986,-3.6060143
train,68,158,41.0,34.888107,-6.1118927
train,68,159,40.0,33.187634,-6.8123665
train,68,160,39.0,31.017626,-7.982374
train,68,161,38.0,31.880196,-6.1198044
train,68,162,37.0,28.880327,-8.119673
train,68,163,36.0,32.09235,-3.90765
train,68,164,35.0,29.465797,-5.5342026
train,68,165,34.0,28.61318,-5.38682
train,68,166,33.0,26.169863,-6.8301373
train,68,167,32.0,28.222996,-3.7770042
train,68,168,31.0,24.908182,-6.091818
train,68,169,30.0,25.095945,-4.9040546
train,68,170,29.0,24.442575,-4.5574245
train,68,171,28.0,24.846687,-3.1533127
train,68,172,27.0,25.050894,-1.9491062
train,68,173,26.0,27.945564,1.9455643
train,68,174,25.0,27.186388,2.186388
train,68,175,24.0,24.155203,0.15520287
train,68,176,23.0,22.260921,-0.7390785
train,68,177,22.0,22.237762,0.23776245
train,68,178,21.0,21.097214,0.097213745
train,68,179,20.0,18.233692,-1.7663078
train,68,180,19.0,17.867992,-1.1320076
train,68,181,18.0,16.403395,-1.5966053
train,68,182,17.0,13.321248,-3.678752
train,68,183,16.0,11.344136,-4.655864
train,68,184,15.0,12.17346,-2.82654
train,68,185,14.0,11.379373,-2.6206274
train,68,186,13.0,9.898832,-3.1011677
train,68,187,12.0,9.496728,-2.503272
train,68,188,11.0,8.6246805,-2.3753195
train,68,189,10.0,5.3171906,-4.6828094
train,68,190,9.0,7.778277,-1.2217231
train,68,191,8.0,6.782392,-1.217608
train,68,192,7.0,8.633752,1.6337519
train,68,193,6.0,7.122954,1.1229539
train,68,194,5.0,6.225222,1.2252221
train,68,195,4.0,4.2951703,0.2951703
train,68,196,3.0,3.675118,0.67511797
train,68,197,2.0,2.331943,0.33194304
train,68,198,1.0,0.7290436,-0.2709564
train,68,199,0.0,0.91529715,0.91529715
train,69,30,332.0,140.29599,-191.70401
train,69,31,331.0,142.0816,-188.9184
train,69,32,330.0,143.66473,-186.33527
train,69,33,329.0,143.68335,-185.31665
train,69,34,328.0,143.57076,-184.42924
train,69,35,327.0,143.7207,-183.2793
train,69,36,326.0,143.78708,-182.21292
train,69,37,325.0,143.79941,-181.20059
train,69,38,324.0,143.8255,-180.1745
train,69,39,323.0,143.73799,-179.26201
train,69,40,322.0,143.8088,-178.1912
train,69,41,321.0,143.8129,-177.1871
train,69,42,320.0,143.8132,-176.1868
train,69,43,319.0,143.71643,-175.28357
train,69,44,318.0,143.81242,-174.18758
train,69,45,317.0,143.72905,-173.27095
train,69,46,316.0,143.80768,-172.19232
train,69,47,315.0,143.82501,-171.17499
train,69,48,314.0,143.692,-170.308
train,69,49,313.0,143.70398,-169.29602
train,69,50,312.0,143.73785,-168.26215
train,69,51,311.0,143.69327,-167.30673
train,69,52,310.0,143.74673,-166.25327
train,69,53,309.0,143.76787,-165.23213
train,69,54,308.0,143.77994,-164.22006
train,69,55,307.0,143.6355,-163.3645
train,69,56,306.0,143.67398,-162.32602
train,69,57,305.0,143.4501,-161.5499
train,69,58,304.0,143.76712,-160.23288
train,69,59,303.0,143.809,-159.191
train,69,60,302.0,143.63184,-158.36816
train,69,61,301.0,143.63867,-157.36133
train,69,62,300.0,142.90417,-157.09583
train,69,63,299.0,143.70512,-155.29488
train,69,64,298.0,142.75188,-155.24812
train,69,65,297.0,139.33023,-157.66977
train,69,66,296.0,130.09143,-165.90857
train,69,67,295.0,136.54437,-158.45563
train,69,68,294.0,141.47632,-152.52368
train,69,69,293.0,140.12299,-152.87701
train,69,70,292.0,143.12122,-148.87878
train,69,71,291.0,143.40771,-147.59229
train,69,72,290.0,143.58604,-146.41396
train,69,73,289.0,143.6048,-145.3952
train,69,74,288.0,143.685,-144.315
train,69,75,287.0,143.72598,-143.27402
train,69,76,286.0,143.77968,-142.22032
train,69,77,285.0,143.81012,-141.18988
train,69,78,284.0,143.81767,-140.18233
train,69,79,283.0,143.8294,-139.1706
train,69,80,282.0,143.81876,-138.18124
train,69,81,281.0,143.7478,-137.2522
train,69,82,280.0,143.815,-136.185
train,69,83,279.0,143.82315,-135.17685
train,69,84,278.0,143.74776,-134.25224
train,69,85,277.0,143.68236,-133.31764
train,69,86,276.0,143.79674,-132.20326
train,69,87,275.0,143.73535,-131.26465
train,69,88,274.0,142.9248,-131.0752
train,69,89,273.0,143.53293,-129.46707
train,69,90,272.0,143.40726,-128.59274
train,69,91,271.0,142.9012,-128.0988
train,69,92,270.0,143.38907,-126.61093
train,69,93,269.0,142.9538,-126.0462
train,69,94,268.0,143.64299,-124.35701
train,69,95,267.0,142.8095,-124.190506
train,69,96,266.0,143.56918,-122.43082
train,69,97,265.0,143.66931,-121.33069
train,69,98,264.0,143.59024,-120.40976
train,69,99,263.0,143.71855,-119.28145
train,69,100,262.0,143.7656,-118.234406
train,69,101,261.0,143.65036,-117.34964
train,69,102,260.0,143.70523,-116.29477
train,69,103,259.0,143.3451,-115.65491
train,69,104,258.0,143.48073,-114.51927
train,69,105,257.0,143.67212,-113.32788
train,69,106,256.0,142.9307,-113.069305
train,69,107,255.0,143.58542,-111.41458
train,69,108,254.0,140.84915,-113.15085
train,69,109,253.0,140.40967,-112.59033
train,69,110,252.0,138.11087,-113.88913
train,69,111,251.0,142.74765,-108.25235
train,69,112,250.0,143.2615,-106.738495
train,69,113,249.0,142.83093,-106.16907
train,69,114,248.0,143.24542,-104.75458
train,69,115,247.0,142.60468,-104.395325
train,69,116,246.0,142.82372,-103.176285
train,69,117,245.0,143.43951,-101.560486
train,69,118,244.0,143.42303,-100.576965
train,69,119,243.0,143.6055,-99.3945
train,69,120,242.0,143.73248,-98.26752
train,69,121,241.0,143.71284,-97.287155
train,69,122,240.0,143.73418,-96.26582
train,69,123,239.0,143.77185,-95.22815
train,69,124,238.0,143.61554,-94.38446
train,69,125,237.0,143.25809,-93.74191
train,69,126,236.0,142.27745,-93.72255
train,69,127,235.0,143.63521,-91.36479
train,69,128,234.0,143.71924,-90.28076
train,69,129,233.0,143.68329,-89.31671
train,69,130,232.0,143.64804,-88.35196
train,69,131,231.0,143.66263,-87.33737
train,69,132,230.0,143.79556,-86.20444
train,69,133,229.0,143.19366,-85.806335
train,69,134,228.0,143.61325,-84.38675
train,69,135,227.0,143.71176,-83.28824
train,69,136,226.0,143.21759,-82.78241
train,69,137,225.0,143.67839,-81.32161
train,69,138,224.0,143.74225,-80.25775
train,69,139,223.0,143.64102,-79.35898
train,69,140,222.0,142.55666,-79.443344
train,69,141,221.0,143.00043,-77.99957
train,69,142,220.0,143.19931,-76.80069
train,69,143,219.0,143.48474,-75.51526
train,69,144,218.0,142.57874,-75.421265
train,69,145,217.0,142.26013,-74.73987
train,69,146,216.0,140.44202,-75.55798
train,69,147,215.0,143.7432,-71.256805
train,69,148,214.0,143.61017,-70.38983
train,69,149,213.0,142.00616,-70.993835
train,69,150,212.0,139.99754,-72.00246
train,69,151,211.0,143.03854,-67.96146
train,69,152,210.0,142.52937,-67.47063
train,69,153,209.0,143.39505,-65.60495
train,69,154,208.0,143.16864,-64.83136
train,69,155,207.0,141.93515,-65.06485
train,69,156,206.0,142.04218,-63.957825
train,69,157,205.0,142.87161,-62.128387
train,69,158,204.0,143.47559,-60.524414
train,69,159,203.0,143.01016,-59.989838
train,69,160,202.0,139.73636,-62.26364
train,69,161,201.0,143.27014,-57.72986
train,69,162,200.0,143.29872,-56.70128
train,69,163,199.0,139.833,-59.167007
train,69,164,198.0,137.24646,-60.75354
train,69,165,197.0,140.18448,-56.81552
train,69,166,196.0,138.1662,-57.8338
train,69,167,195.0,129.8353,-65.1647
train,69,168,194.0,142.56079,-51.43921
train,69,169,193.0,142.71234,-50.28766
train,69,170,192.0,142.06458,-49.935425
train,69,171,191.0,141.55049,-49.44951
train,69,172,190.0,140.98862,-49.011383
train,69,173,189.0,143.15704,-45.842957
train,69,174,188.0,143.61667,-44.38333
train,69,175,187.0,143.78879,-43.211212
train,69,176,186.0,143.53125,-42.46875
train,69,177,185.0,143.1502,-41.849792
train,69,178,184.0,143.26212,-40.737885
train,69,179,183.0,143.35748,-39.642517
train,69,180,182.0,143.41583,-38.584167
train,69,181,181.0,143.41599,-37.584015
train,69,182,180.0,143.71524,-36.28476
train,69,183,179.0,143.60266,-35.39734
train,69,184,178.0,143.76752,-34.232483
train,69,185,177.0,143.08313,-33.91687
train,69,186,176.0,143.55577,-32.44423
train,69,187,175.0,142.55072,-32.44928
train,69,188,174.0,142.88165,-31.118347
train,69,189,173.0,143.22032,-29.779678
train,69,190,172.0,143.1136,-28.886398
train,69,191,171.0,142.23413,-28.76587
train,69,192,170.0,139.34305,-30.656952
train,69,193,169.0,130.8597,-38.140305
train,69,194,168.0,120.18863,-47.81137
train,69,195,167.0,118.57642,-48.423576
train,69,196,166.0,120.45373,-45.546272
train,69,197,165.0,128.44592,-36.554077
train,69,198,164.0,125.16501,-38.83499
train,69,199,163.0,126.12948,-36.87052
train,69,200,162.0,130.17952,-31.82048
train,69,201,161.0,138.43509,-22.56491
train,69,202,160.0,141.80252,-18.19748
train,69,203,159.0,140.44962,-18.550385
train,69,204,158.0,142.36346,-15.636536
train,69,205,157.0,142.77298,-14.22702
train,69,206,156.0,143.06248,-12.937515
train,69,207,155.0,142.41809,-12.581909
train,69,208,154.0,140.71518,-13.284821
train,69,209,153.0,140.20221,-12.797791
train,69,210,152.0,141.98914,-10.010864
train,69,211,151.0,142.7067,-8.293304
train,69,212,150.0,141.84904,-8.150955
train,69,213,149.0,142.33133,-6.6686707
train,69,214,148.0,140.94176,-7.058243
train,69,215,147.0,137.59995,-9.400055
train,69,216,146.0,138.55768,-7.442322
train,69,217,145.0,134.58087,-10.419128
train,69,218,144.0,140.56226,-3.4377441
train,69,219,143.0,142.98248,-0.01751709
train,69,220,142.0,142.48055,0.48054504
train,69,221,141.0,125.448845,-15.551155
train,69,222,140.0,138.83054,-1.1694641
train,69,223,139.0,134.35953,-4.6404724
train,69,224,138.0,138.24036,0.24035645
train,69,225,137.0,143.04082,6.0408173
train,69,226,136.0,142.31058,6.3105774
train,69,227,135.0,142.95747,7.9574738
train,69,228,134.0,143.15244,9.152435
train,69,229,133.0,139.92842,6.928421
train,69,230,132.0,141.49893,9.498932
train,69,231,131.0,133.34465,2.3446503
train,69,232,130.0,130.6099,0.6098938
train,69,233,129.0,122.92274,-6.077263
train,69,234,128.0,111.068756,-16.931244
train,69,235,127.0,97.164604,-29.835396
train,69,236,126.0,97.85313,-28.146873
train,69,237,125.0,101.448586,-23.551414
train,69,238,124.0,113.09045,-10.909554
train,69,239,123.0,114.17231,-8.82769
train,69,240,122.0,100.44741,-21.55259
train,69,241,121.0,99.94082,-21.059181
train,69,242,120.0,94.72805,-25.27195
train,69,243,119.0,95.984795,-23.015205
train,69,244,118.0,98.50795,-19.49205
train,69,245,117.0,93.07684,-23.923157
train,69,246,116.0,101.8635,-14.1364975
train,69,247,115.0,99.11387,-15.886131
train,69,248,114.0,102.26968,-11.730324
train,69,249,113.0,114.1152,1.1151962
train,69,250,112.0,113.694,1.6940002
train,69,251,111.0,112.69304,1.693039
train,69,252,110.0,109.97563,-0.024368286
train,69,253,109.0,94.55793,-14.44207
train,69,254,108.0,94.84008,-13.15992
train,69,255,107.0,100.96891,-6.03109
train,69,256,106.0,90.78416,-15.215843
train,69,257,105.0,89.6096,-15.390404
train,69,258,104.0,94.792274,-9.207726
train,69,259,103.0,84.38845,-18.61155
train,69,260,102.0,88.64808,-13.351921
train,69,261,101.0,98.99903,-2.000969
train,69,262,100.0,105.67785,5.677849
train,69,263,99.0,105.11424,6.1142426
train,69,264,98.0,99.36118,1.3611832
train,69,265,97.0,93.744865,-3.2551346
train,69,266,96.0,97.34472,1.3447189
train,69,267,95.0,92.648636,-2.3513641
train,69,268,94.0,94.82818,0.8281784
train,69,269,93.0,93.94246,0.9424591
train,69,270,92.0,83.530205,-8.469795
train,69,271,91.0,83.79075,-7.2092514
train,69,272,90.0,75.42969,-14.5703125
train,69,273,89.0,83.43658,-5.563423
train,69,274,88.0,85.28431,-2.7156906
train,69,275,87.0,83.97904,-3.020958
train,69,276,86.0,75.00616,-10.993843
train,69,277,85.0,71.1727,-13.827301
train,69,278,84.0,70.84381,-13.156189
train,69,279,83.0,69.26549,-13.734512
train,69,280,82.0,70.25202,-11.747978
train,69,281,81.0,75.71152,-5.2884827
train,69,282,80.0,80.87324,0.8732376
train,69,283,79.0,78.81814,-0.18186188
train,69,284,78.0,72.21237,-5.787628
train,69,285,77.0,63.42802,-13.5719795
train,69,286,76.0,60.096058,-15.903942
train,69,287,75.0,62.508392,-12.491608
train,69,288,74.0,59.989094,-14.010906
train,69,289,73.0,62.00893,-10.99107
train,69,290,72.0,71.93126,-0.068740845
train,69,291,71.0,65.279594,-5.7204056
train,69,292,70.0,56.790604,-13.209396
train,69,293,69.0,54.71499,-14.285011
train,69,294,68.0,45.348503,-22.651497
train,69,295,67.0,42.86386,-24.136139
train,69,296,66.0,43.529453,-22.470547
train,69,297,65.0,48.399864,-16.600136
train,69,298,64.0,53.174454,-10.825546
train,69,299,63.0,48.95661,-14.043388
train,69,300,62.0,48.656628,-13.343372
train,69,301,61.0,52.330383,-8.669617
train,69,302,60.0,49.918045,-10.081955
train,69,303,59.0,52.12815,-6.871849
train,69,304,58.0,53.796215,-4.203785
train,69,305,57.0,56.415413,-0.5845871
train,69,306,56.0,50.56183,-5.4381714
train,69,307,55.0,54.229816,-0.77018356
train,69,308,54.0,53.04112,-0.9588814
train,69,309,53.0,51.063255,-1.9367447
train,69,310,52.0,51.985615,-0.014385223
train,69,311,51.0,51.257507,0.25750732
train,69,312,50.0,47.101677,-2.898323
train,69,313,49.0,44.07834,-4.9216614
train,69,314,48.0,43.84055,-4.1594505
train,69,315,47.0,38.842937,-8.157063
train,69,316,46.0,37.184242,-8.815758
train,69,317,45.0,42.244633,-2.7553673
train,69,318,44.0,40.113438,-3.8865623
train,69,319,43.0,37.528214,-5.4717865
train,69,320,42.0,35.012234,-6.9877663
train,69,321,41.0,33.872818,-7.127182
train,69,322,40.0,32.482357,-7.517643
train,69,323,39.0,30.32105,-8.678949
train,69,324,38.0,24.78204,-13.21796
train,69,325,37.0,31.59507,-5.40493
train,69,326,36.0,27.952389,-8.047611
train,69,327,35.0,28.543701,-6.456299
train,69,328,34.0,32.22325,-1.7767487
train,69,329,33.0,31.759104,-1.2408962
train,69,330,32.0,30.604641,-1.395359
train,69,331,31.0,32.01491,1.0149117
train,69,332,30.0,28.23078,-1.7692204
train,69,333,29.0,28.008219,-0.99178123
train,69,334,28.0,23.888865,-4.1111355
train,69,335,27.0,28.649889,1.649889
train,69,336,26.0,26.892296,0.89229584
train,69,337,25.0,24.008038,-0.99196243
train,69,338,24.0,20.289341,-3.710659
train,69,339,23.0,20.243074,-2.7569256
train,69,340,22.0,16.742224,-5.2577763
train,69,341,21.0,15.912196,-5.087804
train,69,342,20.0,14.714251,-5.2857494
train,69,343,19.0,12.394471,-6.605529
train,69,344,18.0,12.243782,-5.756218
train,69,345,17.0,8.595893,-8.404107
train,69,346,16.0,10.171899,-5.828101
train,69,347,15.0,9.729748,-5.270252
train,69,348,14.0,6.37168,-7.62832
train,69,349,13.0,8.458272,-4.541728
train,69,350,12.0,8.134334,-3.8656664
train,69,351,11.0,7.2517304,-3.7482696
train,69,352,10.0,8.112696,-1.8873043
train,69,353,9.0,8.164664,-0.83533573
train,69,354,8.0,6.0529847,-1.9470153
train,69,355,7.0,6.7368474,-0.2631526
train,69,356,6.0,4.563969,-1.4360309
train,69,357,5.0,3.5547948,-1.4452052
train,69,358,4.0,3.098971,-0.9010291
train,69,359,3.0,3.3227906,0.32279062
train,69,360,2.0,1.6166769,-0.38332307
train,69,361,1.0,1.6199528,0.6199528
train,69,362,0.0,0.99450934,0.99450934
train,70,30,107.0,99.19081,-7.809189
train,70,31,106.0,94.00321,-11.996788
train,70,32,105.0,101.0806,-3.919403
train,70,33,104.0,100.82424,-3.1757584
train,70,34,103.0,103.01648,0.016479492
train,70,35,102.0,110.45563,8.455627
train,70,36,101.0,125.31333,24.313332
train,70,37,100.0,136.42221,36.42221
train,70,38,99.0,140.06166,41.06166
train,70,39,98.0,100.48068,2.4806824
train,70,40,97.0,87.977455,-9.022545
train,70,41,96.0,91.24528,-4.7547226
train,70,42,95.0,78.743675,-16.256325
train,70,43,94.0,81.76983,-12.230171
train,70,44,93.0,87.3285,-5.671501
train,70,45,92.0,96.893974,4.8939743
train,70,46,91.0,89.85593,-1.1440735
train,70,47,90.0,80.32933,-9.67067
train,70,48,89.0,77.94376,-11.056236
train,70,49,88.0,80.075356,-7.9246445
train,70,50,87.0,90.480415,3.4804153
train,70,51,86.0,94.743614,8.743614
train,70,52,85.0,87.515816,2.5158157
train,70,53,84.0,84.55576,0.55576324
train,70,54,83.0,84.34275,1.3427505
train,70,55,82.0,88.765785,6.765785
train,70,56,81.0,90.040794,9.040794
train,70,57,80.0,88.20343,8.20343
train,70,58,79.0,72.260345,-6.7396545
train,70,59,78.0,80.44628,2.4462814
train,70,60,77.0,82.470314,5.470314
train,70,61,76.0,89.71006,13.71006
train,70,62,75.0,87.14486,12.144859
train,70,63,74.0,86.76622,12.76622
train,70,64,73.0,80.27114,7.271141
train,70,65,72.0,86.368515,14.368515
train,70,66,71.0,83.4387,12.438698
train,70,67,70.0,86.02071,16.020714
train,70,68,69.0,81.02784,12.02784
train,70,69,68.0,82.866844,14.866844
train,70,70,67.0,73.55416,6.554161
train,70,71,66.0,73.224525,7.2245255
train,70,72,65.0,67.26562,2.2656174
train,70,73,64.0,66.378876,2.3788757
train,70,74,63.0,69.63063,6.6306305
train,70,75,62.0,69.65597,7.6559677
train,70,76,61.0,72.31432,11.314323
train,70,77,60.0,72.45958,12.459579
train,70,78,59.0,76.07005,17.070053
train,70,79,58.0,82.8415,24.8415
train,70,80,57.0,83.86321,26.863213
train,70,81,56.0,78.69342,22.69342
train,70,82,55.0,70.06768,15.06768
train,70,83,54.0,68.447266,14.447266
train,70,84,53.0,63.826447,10.826447
train,70,85,52.0,64.41026,12.410263
train,70,86,51.0,71.85568,20.855682
train,70,87,50.0,66.60073,16.60073
train,70,88,49.0,62.80233,13.80233
train,70,89,48.0,66.86131,18.861313
train,70,90,47.0,59.28225,12.282249
train,70,91,46.0,57.29335,11.29335
train,70,92,45.0,52.859528,7.8595276
train,70,93,44.0,49.08187,5.081871
train,70,94,43.0,48.411964,5.4119644
train,70,95,42.0,51.084885,9.084885
train,70,96,41.0,47.43526,6.435261
train,70,97,40.0,44.43982,4.4398193
train,70,98,39.0,39.804153,0.80415344
train,70,99,38.0,39.57367,1.5736694
train,70,100,37.0,36.57296,-0.4270401
train,70,101,36.0,36.710346,0.7103462
train,70,102,35.0,35.399815,0.3998146
train,70,103,34.0,31.0932,-2.9067993
train,70,104,33.0,32.245895,-0.7541046
train,70,105,32.0,32.840878,0.84087753
train,70,106,31.0,33.81543,2.8154297
train,70,107,30.0,29.126968,-0.8730316
train,70,108,29.0,29.720036,0.72003555
train,70,109,28.0,28.926334,0.9263344
train,70,110,27.0,25.742048,-1.2579517
train,70,111,26.0,26.635645,0.6356449
train,70,112,25.0,22.729734,-2.2702656
train,70,113,24.0,20.329144,-3.6708565
train,70,114,23.0,20.179665,-2.8203354
train,70,115,22.0,18.458897,-3.5411034
train,70,116,21.0,22.817835,1.8178349
train,70,117,20.0,20.94056,0.9405594
train,70,118,19.0,21.744177,2.7441769
train,70,119,18.0,25.299656,7.299656
train,70,120,17.0,24.28993,7.2899303
train,70,121,16.0,20.404278,4.404278
train,70,122,15.0,23.382292,8.382292
train,70,123,14.0,19.496773,5.496773
train,70,124,13.0,15.351013,2.3510132
train,70,125,12.0,14.574466,2.5744658
train,70,126,11.0,13.453692,2.4536924
train,70,127,10.0,12.961003,2.9610033
train,70,128,9.0,11.921039,2.9210386
train,70,129,8.0,10.4386835,2.4386835
train,70,130,7.0,6.3431315,-0.65686846
train,70,131,6.0,8.901449,2.9014492
train,70,132,5.0,7.1213803,2.1213803
train,70,133,4.0,4.5815187,0.58151865
train,70,134,3.0,3.9160485,0.9160485
train,70,135,2.0,4.0874486,2.0874486
train,70,136,1.0,1.7173067,0.71730673
train,70,137,0.0,2.2663121,2.2663121
train,71,30,178.0,143.70963,-34.290375
train,71,31,177.0,143.4957,-33.504303
train,71,32,176.0,143.60545,-32.394547
train,71,33,175.0,143.68765,-31.312347
train,71,34,174.0,143.75363,-30.246368
train,71,35,173.0,143.75421,-29.245789
train,71,36,172.0,143.41214,-28.58786
train,71,37,171.0,143.59055,-27.409454
train,71,38,170.0,143.58992,-26.41008
train,71,39,169.0,143.40907,-25.590927
train,71,40,168.0,143.42575,-24.57425
train,71,41,167.0,143.26189,-23.738113
train,71,42,166.0,143.32559,-22.674408
train,71,43,165.0,143.31544,-21.684555
train,71,44,164.0,143.62549,-20.374512
train,71,45,163.0,143.27484,-19.725159
train,71,46,162.0,143.711,-18.289001
train,71,47,161.0,143.06601,-17.93399
train,71,48,160.0,143.6594,-16.340607
train,71,49,159.0,143.73907,-15.260925
train,71,50,158.0,143.74274,-14.257263
train,71,51,157.0,143.28137,-13.718628
train,71,52,156.0,142.09056,-13.909439
train,71,53,155.0,143.07242,-11.927582
train,71,54,154.0,143.73688,-10.263123
train,71,55,153.0,143.43234,-9.567657
train,71,56,152.0,143.59444,-8.405563
train,71,57,151.0,143.62091,-7.3790894
train,71,58,150.0,143.76672,-6.2332764
train,71,59,149.0,143.52197,-5.4780273
train,71,60,148.0,143.50294,-4.497055
train,71,61,147.0,143.61761,-3.3823853
train,71,62,146.0,143.42914,-2.5708618
train,71,63,145.0,143.44688,-1.5531158
train,71,64,144.0,143.71739,-0.28260803
train,71,65,143.0,143.6488,0.6488037
train,71,66,142.0,143.62598,1.6259766
train,71,67,141.0,143.73495,2.7349548
train,71,68,140.0,143.76782,3.7678223
train,71,69,139.0,143.5351,4.535095
train,71,70,138.0,143.76962,5.769623
train,71,71,137.0,143.48538,6.485382
train,71,72,136.0,142.82635,6.826355
train,71,73,135.0,142.85956,7.859558
train,71,74,134.0,143.36021,9.360214
train,71,75,133.0,142.79108,9.791077
train,71,76,132.0,141.19257,9.192566
train,71,77,131.0,143.43839,12.438385
train,71,78,130.0,143.5379,13.537903
train,71,79,129.0,143.69354,14.6935425
train,71,80,128.0,142.79608,14.796082
train,71,81,127.0,141.76971,14.769714
train,71,82,126.0,142.4801,16.480103
train,71,83,125.0,142.06602,17.066025
train,71,84,124.0,142.65611,18.656113
train,71,85,123.0,141.10124,18.101242
train,71,86,122.0,109.1332,-12.866798
train,71,87,121.0,105.5169,-15.483101
train,71,88,120.0,103.469,-16.530998
train,71,89,119.0,100.8619,-18.1381
train,71,90,118.0,112.4473,-5.552696
train,71,91,117.0,120.07258,3.0725784
train,71,92,116.0,117.90891,1.9089127
train,71,93,115.0,103.89991,-11.10009
train,71,94,114.0,104.401024,-9.598976
train,71,95,113.0,113.16497,0.1649704
train,71,96,112.0,124.22817,12.228172
train,71,97,111.0,127.627396,16.627396
train,71,98,110.0,132.80824,22.808243
train,71,99,109.0,140.09814,31.098145
train,71,100,108.0,143.39536,35.395355
train,71,101,107.0,142.62326,35.62326
train,71,102,106.0,143.32864,37.328644
train,71,103,105.0,143.00589,38.00589
train,71,104,104.0,142.55449,38.55449
train,71,105,103.0,141.0256,38.025604
train,71,106,102.0,142.49251,40.492508
train,71,107,101.0,141.15384,40.15384
train,71,108,100.0,142.70961,42.70961
train,71,109,99.0,142.64124,43.641235
train,71,110,98.0,141.44972,43.449722
train,71,111,97.0,142.85745,45.857452
train,71,112,96.0,142.65488,46.654877
train,71,113,95.0,140.9643,45.964294
train,71,114,94.0,139.53072,45.530716
train,71,115,93.0,96.7853,3.7853012
train,71,116,92.0,99.032104,7.0321045
train,71,117,91.0,88.93918,-2.0608215
train,71,118,90.0,84.95798,-5.0420227
train,71,119,89.0,79.3582,-9.6418
train,71,120,88.0,114.94152,26.94152
train,71,121,87.0,82.05617,-4.9438324
train,71,122,86.0,80.75294,-5.2470627
train,71,123,85.0,62.329475,-22.670525
train,71,124,84.0,59.49608,-24.503922
train,71,125,83.0,62.68448,-20.315521
train,71,126,82.0,63.14984,-18.850159
train,71,127,81.0,59.091984,-21.908016
train,71,128,80.0,51.375816,-28.624184
train,71,129,79.0,53.866257,-25.133743
train,71,130,78.0,64.67264,-13.327362
train,71,131,77.0,72.81019,-4.1898117
train,71,132,76.0,76.30668,0.30667877
train,71,133,75.0,67.47846,-7.521538
train,71,134,74.0,70.51113,-3.4888687
train,71,135,73.0,65.490234,-7.5097656
train,71,136,72.0,75.255486,3.2554855
train,71,137,71.0,59.99672,-11.003281
train,71,138,70.0,57.317623,-12.682377
train,71,139,69.0,60.87702,-8.122978
train,71,140,68.0,67.18726,-0.8127365
train,71,141,67.0,61.67472,-5.325279
train,71,142,66.0,66.461525,0.46152496
train,71,143,65.0,62.63298,-2.3670197
train,71,144,64.0,67.41376,3.4137573
train,71,145,63.0,66.55227,3.552269
train,71,146,62.0,64.596794,2.5967941
train,71,147,61.0,57.961567,-3.038433
train,71,148,60.0,53.436893,-6.5631065
train,71,149,59.0,50.262093,-8.737907
train,71,150,58.0,56.12156,-1.8784409
train,71,151,57.0,57.25834,0.25833893
train,71,152,56.0,51.548794,-4.451206
train,71,153,55.0,50.1094,-4.8905983
train,71,154,54.0,45.684784,-8.315216
train,71,155,53.0,40.791473,-12.208527
train,71,156,52.0,42.693962,-9.306038
train,71,157,51.0,47.72582,-3.2741814
train,71,158,50.0,47.748764,-2.251236
train,71,159,49.0,47.371,-1.6290016
train,71,160,48.0,42.36644,-5.63356
train,71,161,47.0,47.75125,0.7512512
train,71,162,46.0,45.43969,-0.56031036
train,71,163,45.0,39.00656,-5.9934387
train,71,164,44.0,40.853237,-3.1467628
train,71,165,43.0,37.29724,-5.702759
train,71,166,42.0,36.768974,-5.2310257
train,71,167,41.0,36.219177,-4.7808228
train,71,168,40.0,36.477425,-3.5225754
train,71,169,39.0,35.917576,-3.0824242
train,71,170,38.0,34.082508,-3.917492
train,71,171,37.0,31.197214,-5.802786
train,71,172,36.0,32.55667,-3.4433289
train,71,173,35.0,29.168394,-5.831606
train,71,174,34.0,30.274803,-3.7251968
train,71,175,33.0,32.10667,-0.8933296
train,71,176,32.0,31.476318,-0.52368164
train,71,177,31.0,30.224512,-0.7754879
train,71,178,30.0,30.46165,0.46165085
train,71,179,29.0,27.268177,-1.731823
train,71,180,28.0,21.537247,-6.4627533
train,71,181,27.0,20.63195,-6.3680496
train,71,182,26.0,19.33426,-6.665739
train,71,183,25.0,19.101112,-5.8988876
train,71,184,24.0,21.15449,-2.8455105
train,71,185,23.0,21.898819,-1.101181
train,71,186,22.0,22.658005,0.65800476
train,71,187,21.0,23.653963,2.653963
train,71,188,20.0,23.016716,3.016716
train,71,189,19.0,21.189617,2.1896172
train,71,190,18.0,21.92727,3.927271
train,71,191,17.0,17.447235,0.4472351
train,71,192,16.0,17.67588,1.6758804
train,71,193,15.0,16.503498,1.5034981
train,71,194,14.0,15.300914,1.3009138
train,71,195,13.0,15.522906,2.5229063
train,71,196,12.0,13.569776,1.5697756
train,71,197,11.0,11.223852,0.22385216
train,71,198,10.0,9.902272,-0.097727776
train,71,199,9.0,9.527723,0.5277233
train,71,200,8.0,10.3252,2.3252
train,71,201,7.0,8.887708,1.8877077
train,71,202,6.0,6.955401,0.95540094
train,71,203,5.0,7.928616,2.928616
train,71,204,4.0,5.981337,1.9813371
train,71,205,3.0,3.9742246,0.97422457
train,71,206,2.0,4.4973073,2.4973073
train,71,207,1.0,1.1895968,0.18959677
train,71,208,0.0,1.4499127,1.4499127
train,73,30,183.0,140.38187,-42.618134
train,73,31,182.0,141.10175,-40.898254
train,73,32,181.0,142.06662,-38.93338
train,73,33,180.0,142.3919,-37.608093
train,73,34,179.0,142.91454,-36.085464
train,73,35,178.0,142.81548,-35.184525
train,73,36,177.0,142.16452,-34.83548
train,73,37,176.0,140.80847,-35.19153
train,73,38,175.0,141.30402,-33.695984
train,73,39,174.0,141.3872,-32.612793
train,73,40,173.0,142.16489,-30.835114
train,73,41,172.0,142.01549,-29.984512
train,73,42,171.0,142.44498,-28.555023
train,73,43,170.0,142.0286,-27.971405
train,73,44,169.0,142.03958,-26.960419
train,73,45,168.0,140.88638,-27.113617
train,73,46,167.0,141.85197,-25.148026
train,73,47,166.0,141.92282,-24.077179
train,73,48,165.0,141.66254,-23.337463
train,73,49,164.0,142.07349,-21.926514
train,73,50,163.0,142.07373,-20.92627
train,73,51,162.0,141.89525,-20.104752
train,73,52,161.0,142.25815,-18.741852
train,73,53,160.0,139.73334,-20.266663
train,73,54,159.0,139.76027,-19.23973
train,73,55,158.0,141.1759,-16.824097
train,73,56,157.0,136.19302,-20.806976
train,73,57,156.0,125.032616,-30.967384
train,73,58,155.0,125.776535,-29.223465
train,73,59,154.0,125.306465,-28.693535
train,73,60,153.0,124.99136,-28.008636
train,73,61,152.0,133.70335,-18.296646
train,73,62,151.0,133.6539,-17.3461
train,73,63,150.0,132.33325,-17.666748
train,73,64,149.0,137.34207,-11.657928
train,73,65,148.0,131.10866,-16.891342
train,73,66,147.0,136.5621,-10.437897
train,73,67,146.0,139.11957,-6.880432
train,73,68,145.0,111.7229,-33.2771
train,73,69,144.0,121.43392,-22.566078
train,73,70,143.0,128.72163,-14.278366
train,73,71,142.0,135.65376,-6.346237
train,73,72,141.0,137.62506,-3.374939
train,73,73,140.0,136.79303,-3.2069702
train,73,74,139.0,108.744576,-30.255424
train,73,75,138.0,123.20432,-14.795677
train,73,76,137.0,122.56031,-14.43969
train,73,77,136.0,102.99017,-33.009827
train,73,78,135.0,103.99708,-31.002922
train,73,79,134.0,120.45168,-13.548317
train,73,80,133.0,139.71217,6.7121735
train,73,81,132.0,140.57654,8.576538
train,73,82,131.0,139.80762,8.807617
train,73,83,130.0,140.24075,10.240753
train,73,84,129.0,140.75339,11.753387
train,73,85,128.0,139.51074,11.510742
train,73,86,127.0,141.21548,14.215485
train,73,87,126.0,140.08844,14.08844
train,73,88,125.0,139.52586,14.525864
train,73,89,124.0,138.59146,14.591461
train,73,90,123.0,140.06465,17.064651
train,73,91,122.0,139.9186,17.918594
train,73,92,121.0,132.42137,11.421371
train,73,93,120.0,140.031,20.031006
train,73,94,119.0,129.58273,10.582733
train,73,95,118.0,92.97022,-25.029778
train,73,96,117.0,98.16204,-18.83796
train,73,97,116.0,105.70678,-10.2932205
train,73,98,115.0,102.527794,-12.472206
train,73,99,114.0,107.58988,-6.410118
train,73,100,113.0,97.109566,-15.890434
train,73,101,112.0,91.12977,-20.870232
train,73,102,111.0,99.67173,-11.32827
train,73,103,110.0,94.19781,-15.802193
train,73,104,109.0,94.036476,-14.963524
train,73,105,108.0,89.25512,-18.74488
train,73,106,107.0,77.25173,-29.748268
train,73,107,106.0,76.23362,-29.76638
train,73,108,105.0,81.5084,-23.4916
train,73,109,104.0,85.181725,-18.818275
train,73,110,103.0,85.48507,-17.51493
train,73,111,102.0,90.21391,-11.786087
train,73,112,101.0,96.12792,-4.872078
train,73,113,100.0,101.084145,1.0841446
train,73,114,99.0,98.59399,-0.4060135
train,73,115,98.0,90.5295,-7.470497
train,73,116,97.0,93.29667,-3.703331
train,73,117,96.0,85.866585,-10.133415
train,73,118,95.0,88.4075,-6.592499
train,73,119,94.0,82.55485,-11.445152
train,73,120,93.0,77.01709,-15.98291
train,73,121,92.0,75.07552,-16.924477
train,73,122,91.0,77.57466,-13.425339
train,73,123,90.0,75.22408,-14.775917
train,73,124,89.0,80.31314,-8.686859
train,73,125,88.0,85.1039,-2.896103
train,73,126,87.0,84.27899,-2.7210083
train,73,127,86.0,81.26054,-4.739464
train,73,128,85.0,79.874855,-5.125145
train,73,129,84.0,73.831276,-10.168724
train,73,130,83.0,73.47535,-9.524651
train,73,131,82.0,67.9847,-14.015297
train,73,132,81.0,65.460014,-15.539986
train,73,133,80.0,61.685715,-18.314285
train,73,134,79.0,65.214264,-13.785736
train,73,135,78.0,64.461205,-13.538795
train,73,136,77.0,66.68678,-10.313217
train,73,137,76.0,63.059074,-12.940926
train,73,138,75.0,68.87481,-6.1251907
train,73,139,74.0,71.929634,-2.070366
train,73,140,73.0,69.78647,-3.2135315
train,73,141,72.0,73.0561,1.0560989
train,73,142,71.0,69.3697,-1.6303024
train,73,143,70.0,70.127815,0.12781525
train,73,144,69.0,66.7944,-2.205597
train,73,145,68.0,66.88745,-1.1125488
train,73,146,67.0,66.36006,-0.63993835
train,73,147,66.0,60.478943,-5.521057
train,73,148,65.0,62.680237,-2.3197632
train,73,149,64.0,62.566887,-1.4331131
train,73,150,63.0,65.37132,2.3713226
train,73,151,62.0,65.74238,3.7423782
train,73,152,61.0,67.0442,6.044197
train,73,153,60.0,61.033836,1.0338364
train,73,154,59.0,60.90928,1.9092789
train,73,155,58.0,57.30828,-0.69171906
train,73,156,57.0,54.56739,-2.4326096
train,73,157,56.0,52.367496,-3.6325035
train,73,158,55.0,51.822327,-3.1776733
train,73,159,54.0,49.915417,-4.0845833
train,73,160,53.0,51.286247,-1.7137527
train,73,161,52.0,46.945156,-5.054844
train,73,162,51.0,50.21077,-0.78923035
train,73,163,50.0,47.96893,-2.0310707
train,73,164,49.0,47.45388,-1.5461197
train,73,165,48.0,49.021507,1.0215073
train,73,166,47.0,45.473434,-1.5265656
train,73,167,46.0,44.03801,-1.9619904
train,73,168,45.0,43.25517,-1.7448311
train,73,169,44.0,40.695477,-3.3045235
train,73,170,43.0,37.014755,-5.9852448
train,73,171,42.0,37.706223,-4.2937775
train,73,172,41.0,34.71963,-6.280369
train,73,173,40.0,39.025352,-0.9746475
train,73,174,39.0,35.438362,-3.5616379
train,73,175,38.0,35.380688,-2.6193123
train,73,176,37.0,35.07017,-1.9298286
train,73,177,36.0,34.20502,-1.7949791
train,73,178,35.0,30.639751,-4.3602486
train,73,179,34.0,27.512358,-6.4876423
train,73,180,33.0,26.98881,-6.0111904
train,73,181,32.0,25.98844,-6.0115604
train,73,182,31.0,27.885681,-3.1143188
train,73,183,30.0,26.68473,-3.3152695
train,73,184,29.0,26.604193,-2.3958073
train,73,185,28.0,24.15474,-3.8452606
train,73,186,27.0,26.2193,-0.7807007
train,73,187,26.0,23.877956,-2.1220436
train,73,188,25.0,23.696453,-1.3035469
train,73,189,24.0,22.312017,-1.6879826
train,73,190,23.0,19.877172,-3.1228275
train,73,191,22.0,18.365639,-3.6343613
train,73,192,21.0,20.501835,-0.49816513
train,73,193,20.0,15.255909,-4.744091
train,73,194,19.0,13.110797,-5.889203
train,73,195,18.0,15.052811,-2.9471893
train,73,196,17.0,13.332431,-3.6675692
train,73,197,16.0,12.741933,-3.2580671
train,73,198,15.0,14.665359,-0.33464146
train,73,199,14.0,12.965613,-1.0343866
train,73,200,13.0,11.30248,-1.6975203
train,73,201,12.0,11.375518,-0.62448215
train,73,202,11.0,9.7647705,-1.2352295
train,73,203,10.0,10.793173,0.79317284
train,73,204,9.0,10.495608,1.4956083
train,73,205,8.0,10.814721,2.814721
train,73,206,7.0,9.306244,2.306244
train,73,207,6.0,5.985293,-0.0147070885
train,73,208,5.0,4.845596,-0.15440416
train,73,209,4.0,4.6260667,0.6260667
train,73,210,3.0,2.509643,-0.49035692
train,73,211,2.0,2.3961616,0.39616156
train,73,212,1.0,1.7842146,0.7842146
train,73,213,0.0,2.2994866,2.2994866
train,74,30,136.0,127.108406,-8.891594
train,74,31,135.0,111.87559,-23.124413
train,74,32,134.0,108.56132,-25.438683
train,74,33,133.0,105.74505,-27.254951
train,74,34,132.0,112.21012,-19.789879
train,74,35,131.0,108.29646,-22.703537
train,74,36,130.0,112.39294,-17.607063
train,74,37,129.0,112.662285,-16.337715
train,74,38,128.0,113.24942,-14.75058
train,74,39,127.0,107.913475,-19.086525
train,74,40,126.0,99.281784,-26.718216
train,74,41,125.0,96.22044,-28.779556
train,74,42,124.0,101.616905,-22.383095
train,74,43,123.0,120.08518,-2.9148178
train,74,44,122.0,107.48215,-14.517853
train,74,45,121.0,122.32835,1.3283463
train,74,46,120.0,118.74656,-1.2534409
train,74,47,119.0,117.74459,-1.2554092
train,74,48,118.0,131.6505,13.650497
train,74,49,117.0,135.38504,18.38504
train,74,50,116.0,132.8746,16.874603
train,74,51,115.0,126.83593,11.83593
train,74,52,114.0,137.41394,23.41394
train,74,53,113.0,130.39531,17.39531
train,74,54,112.0,133.03777,21.037766
train,74,55,111.0,143.63208,32.63208
train,74,56,110.0,119.63021,9.630211
train,74,57,109.0,109.78657,0.7865677
train,74,58,108.0,119.771866,11.771866
train,74,59,107.0,126.44259,19.442589
train,74,60,106.0,100.048256,-5.951744
train,74,61,105.0,91.42957,-13.570427
train,74,62,104.0,90.8093,-13.190697
train,74,63,103.0,89.57099,-13.4290085
train,74,64,102.0,86.25444,-15.74556
train,74,65,101.0,87.539055,-13.460945
train,74,66,100.0,86.75443,-13.245567
train,74,67,99.0,83.34156,-15.65844
train,74,68,98.0,82.47433,-15.525673
train,74,69,97.0,80.017204,-16.982796
train,74,70,96.0,77.83683,-18.16317
train,74,71,95.0,80.14138,-14.85862
train,74,72,94.0,82.636665,-11.363335
train,74,73,93.0,80.49183,-12.508171
train,74,74,92.0,83.1598,-8.840202
train,74,75,91.0,84.2377,-6.7622986
train,74,76,90.0,88.32907,-1.670929
train,74,77,89.0,86.34812,-2.6518784
train,74,78,88.0,81.24089,-6.7591095
train,74,79,87.0,78.86498,-8.135017
train,74,80,86.0,84.77282,-1.2271805
train,74,81,85.0,78.63821,-6.3617935
train,74,82,84.0,75.015755,-8.984245
train,74,83,83.0,75.6081,-7.391899
train,74,84,82.0,76.99206,-5.007942
train,74,85,81.0,75.81373,-5.1862717
train,74,86,80.0,81.10536,1.1053619
train,74,87,79.0,76.858116,-2.1418839
train,74,88,78.0,79.6907,1.6906967
train,74,89,77.0,80.866585,3.8665848
train,74,90,76.0,79.2174,3.2173996
train,74,91,75.0,79.93937,4.939369
train,74,92,74.0,86.313644,12.313644
train,74,93,73.0,83.075134,10.075134
train,74,94,72.0,79.805984,7.8059845
train,74,95,71.0,75.26931,4.26931
train,74,96,70.0,78.50776,8.507759
train,74,97,69.0,72.7163,3.716301
train,74,98,68.0,71.99718,3.9971771
train,74,99,67.0,66.38468,-0.6153183
train,74,100,66.0,69.80251,3.8025131
train,74,101,65.0,72.68993,7.689934
train,74,102,64.0,66.89242,2.892418
train,74,103,63.0,66.74415,3.7441483
train,74,104,62.0,71.5233,9.5233
train,74,105,61.0,75.586205,14.586205
train,74,106,60.0,79.365944,19.365944
train,74,107,59.0,92.68765,33.687653
train,74,108,58.0,82.6359,24.635902
train,74,109,57.0,78.248314,21.248314
train,74,110,56.0,77.08665,21.086647
train,74,111,55.0,65.474785,10.474785
train,74,112,54.0,68.38663,14.386627
train,74,113,53.0,66.66769,13.667686
train,74,114,52.0,67.00111,15.001106
train,74,115,51.0,65.94588,14.945877
train,74,116,50.0,67.63734,17.637337
train,74,117,49.0,54.42836,5.42836
train,74,118,48.0,59.812817,11.812817
train,74,119,47.0,56.986378,9.986378
train,74,120,46.0,60.174126,14.174126
train,74,121,45.0,58.63702,13.63702
train,74,122,44.0,55.8927,11.8927
train,74,123,43.0,54.901646,11.901646
train,74,124,42.0,55.65641,13.65641
train,74,125,41.0,53.967876,12.967876
train,74,126,40.0,53.67317,13.673168
train,74,127,39.0,55.068436,16.068436
train,74,128,38.0,46.990646,8.990646
train,74,129,37.0,50.015446,13.015446
train,74,130,36.0,47.441807,11.441807
train,74,131,35.0,46.8849,11.884899
train,74,132,34.0,43.492546,9.492546
train,74,133,33.0,41.495293,8.495293
train,74,134,32.0,41.96135,9.9613495
train,74,135,31.0,48.350773,17.350773
train,74,136,30.0,40.84121,10.841209
train,74,137,29.0,43.400505,14.400505
train,74,138,28.0,44.25976,16.259762
train,74,139,27.0,42.4272,15.4272
train,74,140,26.0,38.442142,12.4421425
train,74,141,25.0,29.125927,4.125927
train,74,142,24.0,30.152107,6.1521072
train,74,143,23.0,26.454395,3.4543953
train,74,144,22.0,28.045712,6.0457115
train,74,145,21.0,26.429281,5.429281
train,74,146,20.0,23.489964,3.4899635
train,74,147,19.0,24.690794,5.690794
train,74,148,18.0,23.42251,5.42251
train,74,149,17.0,21.148163,4.148163
train,74,150,16.0,17.262728,1.2627277
train,74,151,15.0,17.136106,2.1361065
train,74,152,14.0,16.0639,2.0639
train,74,153,13.0,11.494969,-1.5050306
train,74,154,12.0,12.248912,0.24891186
train,74,155,11.0,9.89385,-1.1061497
train,74,156,10.0,9.214925,-0.7850752
train,74,157,9.0,10.461478,1.4614782
train,74,158,8.0,9.669725,1.6697254
train,74,159,7.0,10.313301,3.313301
train,74,160,6.0,7.80008,1.8000798
train,74,161,5.0,6.619324,1.6193242
train,74,162,4.0,5.156381,1.1563811
train,74,163,3.0,3.4811234,0.48112345
train,74,164,2.0,2.3756795,0.3756795
train,74,165,1.0,3.4370332,2.4370332
train,74,166,0.0,3.9391608,3.9391608
train,75,30,199.0,143.37941,-55.62059
train,75,31,198.0,143.44788,-54.552124
train,75,32,197.0,142.58969,-54.41031
train,75,33,196.0,143.00372,-52.996277
train,75,34,195.0,143.27536,-51.72464
train,75,35,194.0,141.58151,-52.418488
train,75,36,193.0,143.44147,-49.558533
train,75,37,192.0,143.61288,-48.387115
train,75,38,191.0,142.92523,-48.074768
train,75,39,190.0,143.66728,-46.332718
train,75,40,189.0,143.37949,-45.620514
train,75,41,188.0,143.7108,-44.2892
train,75,42,187.0,143.47247,-43.527527
train,75,43,186.0,143.26929,-42.730713
train,75,44,185.0,143.35245,-41.647552
train,75,45,184.0,140.21909,-43.780914
train,75,46,183.0,141.33649,-41.663513
train,75,47,182.0,143.371,-38.628998
train,75,48,181.0,143.32913,-37.670868
train,75,49,180.0,143.22229,-36.77771
train,75,50,179.0,141.71786,-37.282135
train,75,51,178.0,142.28975,-35.71025
train,75,52,177.0,142.78024,-34.219757
train,75,53,176.0,143.26729,-32.73271
train,75,54,175.0,142.95798,-32.042023
train,75,55,174.0,143.25983,-30.740173
train,75,56,173.0,142.73404,-30.26596
train,75,57,172.0,143.39377,-28.606232
train,75,58,171.0,142.04483,-28.95517
train,75,59,170.0,143.50903,-26.490967
train,75,60,169.0,143.38136,-25.618637
train,75,61,168.0,143.26273,-24.737274
train,75,62,167.0,143.20834,-23.791656
train,75,63,166.0,143.03616,-22.963837
train,75,64,165.0,141.69974,-23.300262
train,75,65,164.0,143.41843,-20.581573
train,75,66,163.0,143.17674,-19.823257
train,75,67,162.0,143.57587,-18.424133
train,75,68,161.0,143.02872,-17.971283
train,75,69,160.0,142.77866,-17.221344
train,75,70,159.0,143.35898,-15.641022
train,75,71,158.0,143.19666,-14.803345
train,75,72,157.0,143.34561,-13.654388
train,75,73,156.0,143.11703,-12.882965
train,75,74,155.0,143.38535,-11.614655
train,75,75,154.0,143.48294,-10.517059
train,75,76,153.0,143.26474,-9.73526
train,75,77,152.0,143.02034,-8.97966
train,75,78,151.0,143.20972,-7.790283
train,75,79,150.0,141.61475,-8.385254
train,75,80,149.0,142.96532,-6.034683
train,75,81,148.0,139.39383,-8.606171
train,75,82,147.0,133.25824,-13.74176
train,75,83,146.0,130.07823,-15.921768
train,75,84,145.0,134.8761,-10.123901
train,75,85,144.0,137.99394,-6.0060577
train,75,86,143.0,138.23135,-4.7686462
train,75,87,142.0,126.23752,-15.762482
train,75,88,141.0,130.87633,-10.1236725
train,75,89,140.0,131.87436,-8.125641
train,75,90,139.0,140.80588,1.8058777
train,75,91,138.0,141.2363,3.2362976
train,75,92,137.0,139.853,2.8529968
train,75,93,136.0,137.9323,1.9322968
train,75,94,135.0,107.23679,-27.763206
train,75,95,134.0,137.6911,3.691101
train,75,96,133.0,141.1276,8.127594
train,75,97,132.0,142.71854,10.718536
train,75,98,131.0,142.61021,11.610214
train,75,99,130.0,143.01675,13.016754
train,75,100,129.0,142.87277,13.872772
train,75,101,128.0,142.96597,14.965973
train,75,102,127.0,141.86359,14.863586
train,75,103,126.0,142.91763,16.917633
train,75,104,125.0,141.21338,16.213379
train,75,105,124.0,136.1163,12.1163025
train,75,106,123.0,134.53168,11.531677
train,75,107,122.0,129.80661,7.80661
train,75,108,121.0,135.24792,14.247925
train,75,109,120.0,142.25058,22.25058
train,75,110,119.0,140.26367,21.263672
train,75,111,118.0,141.90417,23.904175
train,75,112,117.0,140.84706,23.847061
train,75,113,116.0,106.30079,-9.699211
train,75,114,115.0,131.26193,16.261932
train,75,115,114.0,131.2404,17.240402
train,75,116,113.0,127.553925,14.553925
train,75,117,112.0,102.04126,-9.95874
train,75,118,111.0,99.63069,-11.369308
train,75,119,110.0,93.308846,-16.691154
train,75,120,109.0,95.2876,-13.712402
train,75,121,108.0,100.17131,-7.8286896
train,75,122,107.0,93.57047,-13.429527
train,75,123,106.0,89.47077,-16.529228
train,75,124,105.0,93.07253,-11.927467
train,75,125,104.0,95.81822,-8.181778
train,75,126,103.0,105.746895,2.7468948
train,75,127,102.0,100.8325,-1.1675034
train,75,128,101.0,91.86325,-9.136749
train,75,129,100.0,91.74301,-8.256989
train,75,130,99.0,86.42248,-12.577522
train,75,131,98.0,88.56448,-9.435516
train,75,132,97.0,93.93859,-3.061409
train,75,133,96.0,99.32052,3.3205185
train,75,134,95.0,89.73864,-5.26136
train,75,135,94.0,85.81802,-8.181976
train,75,136,93.0,89.21598,-3.7840195
train,75,137,92.0,90.85088,-1.1491165
train,75,138,91.0,86.90078,-4.0992203
train,75,139,90.0,79.30417,-10.695831
train,75,140,89.0,81.172844,-7.827156
train,75,141,88.0,76.9342,-11.065804
train,75,142,87.0,77.93936,-9.060638
train,75,143,86.0,76.2103,-9.789703
train,75,144,85.0,79.7304,-5.2696
train,75,145,84.0,80.83287,-3.1671295
train,75,146,83.0,79.29162,-3.7083817
train,75,147,82.0,74.65505,-7.344948
train,75,148,81.0,79.82841,-1.1715927
train,75,149,80.0,69.53452,-10.465477
train,75,150,79.0,62.964478,-16.035522
train,75,151,78.0,66.31421,-11.685791
train,75,152,77.0,68.065956,-8.934044
train,75,153,76.0,69.72959,-6.2704086
train,75,154,75.0,73.808914,-1.1910858
train,75,155,74.0,70.20069,-3.7993088
train,75,156,73.0,83.213844,10.213844
train,75,157,72.0,81.926414,9.9264145
train,75,158,71.0,82.84897,11.8489685
train,75,159,70.0,84.955894,14.955894
train,75,160,69.0,78.531456,9.531456
train,75,161,68.0,77.11642,9.116417
train,75,162,67.0,80.46013,13.460129
train,75,163,66.0,81.877426,15.877426
train,75,164,65.0,74.36044,9.360443
train,75,165,64.0,74.97409,10.974091
train,75,166,63.0,79.16627,16.166267
train,75,167,62.0,73.149826,11.149826
train,75,168,61.0,64.284256,3.284256
train,75,169,60.0,63.768753,3.768753
train,75,170,59.0,70.91178,11.911781
train,75,171,58.0,58.10496,0.104961395
train,75,172,57.0,55.30165,-1.698349
train,75,173,56.0,52.14881,-3.8511887
train,75,174,55.0,50.265514,-4.7344856
train,75,175,54.0,47.04419,-6.9558105
train,75,176,53.0,40.23213,-12.767872
train,75,177,52.0,39.03521,-12.96479
train,75,178,51.0,43.697,-7.3030014
train,75,179,50.0,45.83242,-4.1675797
train,75,180,49.0,47.007782,-1.992218
train,75,181,48.0,47.14066,-0.85934067
train,75,182,47.0,41.67322,-5.3267784
train,75,183,46.0,40.138855,-5.861145
train,75,184,45.0,41.11574,-3.8842583
train,75,185,44.0,37.430206,-6.5697937
train,75,186,43.0,40.95196,-2.0480385
train,75,187,42.0,39.127563,-2.8724365
train,75,188,41.0,39.118855,-1.8811455
train,75,189,40.0,41.91805,1.9180489
train,75,190,39.0,41.208225,2.2082253
train,75,191,38.0,39.196373,1.196373
train,75,192,37.0,37.48446,0.48445892
train,75,193,36.0,36.959103,0.95910263
train,75,194,35.0,38.636158,3.636158
train,75,195,34.0,37.78386,3.7838593
train,75,196,33.0,37.762764,4.762764
train,75,197,32.0,34.89599,2.8959885
train,75,198,31.0,33.68866,2.6886597
train,75,199,30.0,30.749119,0.7491188
train,75,200,29.0,29.512314,0.51231384
train,75,201,28.0,30.245632,2.2456322
train,75,202,27.0,28.205385,1.2053852
train,75,203,26.0,28.931194,2.9311943
train,75,204,25.0,24.654613,-0.3453865
train,75,205,24.0,24.26147,0.2614708
train,75,206,23.0,24.564697,1.5646973
train,75,207,22.0,25.879238,3.8792381
train,75,208,21.0,22.861118,1.8611183
train,75,209,20.0,21.071484,1.0714836
train,75,210,19.0,21.89212,2.8921204
train,75,211,18.0,21.471512,3.4715118
train,75,212,17.0,22.22541,5.2254105
train,75,213,16.0,23.669245,7.669245
train,75,214,15.0,21.457008,6.4570084
train,75,215,14.0,17.87131,3.8713093
train,75,216,13.0,17.093561,4.093561
train,75,217,12.0,17.870071,5.8700714
train,75,218,11.0,17.695204,6.695204
train,75,219,10.0,14.889991,4.889991
train,75,220,9.0,12.603349,3.6033487
train,75,221,8.0,11.526477,3.5264769
train,75,222,7.0,11.844915,4.8449154
train,75,223,6.0,6.9718575,0.97185755
train,75,224,5.0,5.6192136,0.6192136
train,75,225,4.0,5.1837,1.1837001
train,75,226,3.0,2.9303746,-0.06962538
train,75,227,2.0,2.7487454,0.74874544
train,75,228,1.0,1.8036581,0.8036581
train,75,229,0.0,1.7975594,1.7975594
train,76,30,180.0,141.93457,-38.06543
train,76,31,179.0,141.44296,-37.557037
train,76,32,178.0,142.75879,-35.24121
train,76,33,177.0,127.74192,-49.25808
train,76,34,176.0,132.19702,-43.80298
train,76,35,175.0,134.94553,-40.054474
train,76,36,174.0,130.11679,-43.88321
train,76,37,173.0,138.17822,-34.821777
train,76,38,172.0,141.64355,-30.356445
train,76,39,171.0,142.60529,-28.394714
train,76,40,170.0,143.28058,-26.719421
train,76,41,169.0,143.08298,-25.917023
train,76,42,168.0,140.99081,-27.009186
train,76,43,167.0,138.29822,-28.701782
train,76,44,166.0,142.38275,-23.617249
train,76,45,165.0,143.23424,-21.765762
train,76,46,164.0,143.04034,-20.959656
train,76,47,163.0,143.07077,-19.92923
train,76,48,162.0,143.07802,-18.921982
train,76,49,161.0,142.89026,-18.109741
train,76,50,160.0,136.45648,-23.543518
train,76,51,159.0,137.91473,-21.085266
train,76,52,158.0,137.63353,-20.36647
train,76,53,157.0,138.96135,-18.03865
train,76,54,156.0,137.66788,-18.332123
train,76,55,155.0,141.19164,-13.808365
train,76,56,154.0,140.72748,-13.272522
train,76,57,153.0,138.61563,-14.384369
train,76,58,152.0,126.05503,-25.94497
train,76,59,151.0,125.07578,-25.924217
train,76,60,150.0,135.08348,-14.916519
train,76,61,149.0,117.30255,-31.697449
train,76,62,148.0,140.92542,-7.074585
train,76,63,147.0,129.21956,-17.780441
train,76,64,146.0,113.98792,-32.012077
train,76,65,145.0,141.15924,-3.8407593
train,76,66,144.0,140.28993,-3.7100677
train,76,67,143.0,130.3633,-12.6367035
train,76,68,142.0,128.52945,-13.470551
train,76,69,141.0,130.80661,-10.19339
train,76,70,140.0,140.95691,0.9569092
train,76,71,139.0,140.61462,1.614624
train,76,72,138.0,139.30435,1.3043518
train,76,73,137.0,137.19574,0.19573975
train,76,74,136.0,133.9213,-2.0787048
train,76,75,135.0,133.7379,-1.2621002
train,76,76,134.0,141.7625,7.762497
train,76,77,133.0,142.43484,9.434845
train,76,78,132.0,141.99442,9.994415
train,76,79,131.0,139.6987,8.6987
train,76,80,130.0,141.20055,11.200546
train,76,81,129.0,140.28258,11.2825775
train,76,82,128.0,130.06607,2.0660706
train,76,83,127.0,128.59502,1.5950165
train,76,84,126.0,136.07211,10.072113
train,76,85,125.0,129.97433,4.9743347
train,76,86,124.0,103.49946,-20.500542
train,76,87,123.0,135.12105,12.121048
train,76,88,122.0,140.11609,18.116089
train,76,89,121.0,140.22752,19.227524
train,76,90,120.0,141.4397,21.439697
train,76,91,119.0,132.1685,13.168503
train,76,92,118.0,127.02095,9.02095
train,76,93,117.0,115.88955,-1.1104507
train,76,94,116.0,106.67684,-9.323158
train,76,95,115.0,115.2565,0.25650024
train,76,96,114.0,112.47512,-1.5248795
train,76,97,113.0,115.51841,2.5184097
train,76,98,112.0,109.67576,-2.3242416
train,76,99,111.0,117.335884,6.335884
train,76,100,110.0,113.711555,3.7115555
train,76,101,109.0,94.047325,-14.952675
train,76,102,108.0,86.233345,-21.766655
train,76,103,107.0,82.575356,-24.424644
train,76,104,106.0,80.120995,-25.879005
train,76,105,105.0,69.3939,-35.606102
train,76,106,104.0,88.84719,-15.152809
train,76,107,103.0,82.76724,-20.232758
train,76,108,102.0,91.58773,-10.41227
train,76,109,101.0,101.56308,0.56307983
train,76,110,100.0,102.93561,2.935608
train,76,111,99.0,89.312775,-9.687225
train,76,112,98.0,91.08866,-6.911339
train,76,113,97.0,97.84671,0.8467102
train,76,114,96.0,105.06826,9.06826
train,76,115,95.0,103.4627,8.4627
train,76,116,94.0,93.07863,-0.92137146
train,76,117,93.0,93.52515,0.5251465
train,76,118,92.0,100.39066,8.390663
train,76,119,91.0,88.38114,-2.6188583
train,76,120,90.0,82.87589,-7.1241074
train,76,121,89.0,78.225975,-10.774025
train,76,122,88.0,81.979485,-6.0205154
train,76,123,87.0,80.88782,-6.1121826
train,76,124,86.0,80.49427,-5.5057297
train,76,125,85.0,69.28956,-15.710442
train,76,126,84.0,69.2887,-14.711304
train,76,127,83.0,99.48638,16.486382
train,76,128,82.0,96.77511,14.775108
train,76,129,81.0,97.30423,16.30423
train,76,130,80.0,100.15415,20.154152
train,76,131,79.0,91.02451,12.024513
train,76,132,78.0,81.66809,3.6680908
train,76,133,77.0,70.260765,-6.739235
train,76,134,76.0,69.62949,-6.3705063
train,76,135,75.0,74.66715,-0.3328476
train,76,136,74.0,66.81741,-7.1825867
train,76,137,73.0,68.161125,-4.838875
train,76,138,72.0,66.83952,-5.1604767
train,76,139,71.0,63.69195,-7.3080482
train,76,140,70.0,63.242256,-6.757744
train,76,141,69.0,64.47587,-4.524132
train,76,142,68.0,61.131935,-6.868065
train,76,143,67.0,65.07148,-1.9285202
train,76,144,66.0,55.76714,-10.232861
train,76,145,65.0,61.364166,-3.6358337
train,76,146,64.0,63.980377,-0.019622803
train,76,147,63.0,60.077717,-2.9222832
train,76,148,62.0,58.06566,-3.9343414
train,76,149,61.0,56.22593,-4.7740707
train,76,150,60.0,55.663025,-4.336975
train,76,151,59.0,57.348473,-1.6515274
train,76,152,58.0,53.245903,-4.754097
train,76,153,57.0,52.638702,-4.3612976
train,76,154,56.0,42.656395,-13.343605
train,76,155,55.0,41.40932,-13.590679
train,76,156,54.0,44.212257,-9.787743
train,76,157,53.0,42.17002,-10.829979
train,76,158,52.0,47.923275,-4.076725
train,76,159,51.0,48.34891,-2.6510887
train,76,160,50.0,51.638004,1.6380043
train,76,161,49.0,56.008934,7.008934
train,76,162,48.0,50.78592,2.7859192
train,76,163,47.0,46.581203,-0.41879654
train,76,164,46.0,43.737175,-2.262825
train,76,165,45.0,43.786804,-1.2131958
train,76,166,44.0,46.00025,2.0002518
train,76,167,43.0,44.255623,1.2556229
train,76,168,42.0,43.028996,1.0289955
train,76,169,41.0,44.631493,3.6314926
train,76,170,40.0,46.872017,6.872017
train,76,171,39.0,46.961266,7.9612656
train,76,172,38.0,44.88801,6.888008
train,76,173,37.0,42.20764,5.2076416
train,76,174,36.0,39.272385,3.2723846
train,76,175,35.0,38.989822,3.9898224
train,76,176,34.0,35.54705,1.5470505
train,76,177,33.0,32.6634,-0.33660126
train,76,178,32.0,32.182777,0.1827774
train,76,179,31.0,30.94759,-0.052410126
train,76,180,30.0,31.554016,1.5540161
train,76,181,29.0,28.524033,-0.4759674
train,76,182,28.0,24.763063,-3.2369366
train,76,183,27.0,25.628513,-1.3714867
train,76,184,26.0,23.782887,-2.2171135
train,76,185,25.0,22.665493,-2.334507
train,76,186,24.0,22.127789,-1.8722115
train,76,187,23.0,22.321768,-0.6782322
train,76,188,22.0,19.721745,-2.2782555
train,76,189,21.0,17.409565,-3.590435
train,76,190,20.0,16.178791,-3.821209
train,76,191,19.0,18.22232,-0.77767944
train,76,192,18.0,16.104136,-1.8958645
train,76,193,17.0,18.12262,1.1226196
train,76,194,16.0,16.588026,0.58802605
train,76,195,15.0,15.912707,0.9127073
train,76,196,14.0,15.620621,1.6206207
train,76,197,13.0,12.167203,-0.83279705
train,76,198,12.0,10.018952,-1.9810476
train,76,199,11.0,10.351415,-0.6485853
train,76,200,10.0,9.855839,-0.14416122
train,76,201,9.0,8.560356,-0.43964386
train,76,202,8.0,6.2942452,-1.7057548
train,76,203,7.0,6.4061303,-0.5938697
train,76,204,6.0,4.725035,-1.2749648
train,76,205,5.0,4.519689,-0.48031092
train,76,206,4.0,4.072086,0.07208586
train,76,207,3.0,3.8879247,0.8879247
train,76,208,2.0,2.2074018,0.20740175
train,76,209,1.0,2.260241,1.260241
train,76,210,0.0,2.1117215,2.1117215
train,77,30,124.0,142.98633,18.986328
train,77,31,123.0,143.53575,20.535751
train,77,32,122.0,143.66063,21.66063
train,77,33,121.0,138.83154,17.831543
train,77,34,120.0,136.37856,16.378555
train,77,35,119.0,133.23973,14.239731
train,77,36,118.0,130.96498,12.964981
train,77,37,117.0,127.57229,10.5722885
train,77,38,116.0,134.05203,18.052032
train,77,39,115.0,102.54139,-12.458611
train,77,40,114.0,105.16947,-8.830528
train,77,41,113.0,103.21361,-9.786392
train,77,42,112.0,121.97148,9.971481
train,77,43,111.0,135.81729,24.817291
train,77,44,110.0,141.03683,31.036835
train,77,45,109.0,142.25262,33.252625
train,77,46,108.0,142.71436,34.714355
train,77,47,107.0,143.07793,36.077927
train,77,48,106.0,142.06099,36.06099
train,77,49,105.0,143.30115,38.301147
train,77,50,104.0,143.4903,39.490295
train,77,51,103.0,143.57967,40.579666
train,77,52,102.0,142.71205,40.71205
train,77,53,101.0,142.32816,41.328156
train,77,54,100.0,142.6001,42.600098
train,77,55,99.0,142.6503,43.6503
train,77,56,98.0,143.41483,45.414825
train,77,57,97.0,143.49124,46.49124
train,77,58,96.0,142.97852,46.978516
train,77,59,95.0,142.95271,47.952713
train,77,60,94.0,141.8706,47.870605
train,77,61,93.0,140.79523,47.795227
train,77,62,92.0,143.11804,51.118042
train,77,63,91.0,142.9898,51.989807
train,77,64,90.0,140.42468,50.424683
train,77,65,89.0,141.90857,52.90857
train,77,66,88.0,94.857216,6.857216
train,77,67,87.0,95.21871,8.218712
train,77,68,86.0,83.54699,-2.4530106
train,77,69,85.0,73.38804,-11.611961
train,77,70,84.0,76.65472,-7.3452835
train,77,71,83.0,89.74808,6.7480774
train,77,72,82.0,83.06352,1.0635223
train,77,73,81.0,96.37048,15.370483
train,77,74,80.0,99.85015,19.850151
train,77,75,79.0,92.64232,13.642319
train,77,76,78.0,88.670906,10.670906
train,77,77,77.0,83.57578,6.575783
train,77,78,76.0,77.46064,1.46064
train,77,79,75.0,68.24929,-6.7507095
train,77,80,74.0,63.334015,-10.665985
train,77,81,73.0,67.27609,-5.7239075
train,77,82,72.0,65.89197,-6.108032
train,77,83,71.0,67.37756,-3.6224365
train,77,84,70.0,60.907005,-9.092995
train,77,85,69.0,63.664734,-5.335266
train,77,86,68.0,63.99644,-4.003559
train,77,87,67.0,67.81875,0.8187485
train,77,88,66.0,71.185814,5.185814
train,77,89,65.0,62.307686,-2.6923141
train,77,90,64.0,71.278145,7.278145
train,77,91,63.0,72.36395,9.363953
train,77,92,62.0,79.52949,17.529488
train,77,93,61.0,82.2877,21.287697
train,77,94,60.0,69.511406,9.511406
train,77,95,59.0,63.145115,4.145115
train,77,96,58.0,60.033928,2.033928
train,77,97,57.0,56.460255,-0.53974533
train,77,98,56.0,50.893646,-5.1063538
train,77,99,55.0,45.449913,-9.550087
train,77,100,54.0,47.95878,-6.0412216
train,77,101,53.0,48.888237,-4.111763
train,77,102,52.0,51.052704,-0.94729614
train,77,103,51.0,57.947166,6.9471664
train,77,104,50.0,62.222137,12.222137
train,77,105,49.0,52.128998,3.1289978
train,77,106,48.0,49.89967,1.8996696
train,77,107,47.0,47.19655,0.19654846
train,77,108,46.0,52.679623,6.6796227
train,77,109,45.0,45.14354,0.14353943
train,77,110,44.0,48.878525,4.878525
train,77,111,43.0,50.237152,7.237152
train,77,112,42.0,53.13279,11.13279
train,77,113,41.0,43.65944,2.659439
train,77,114,40.0,47.126656,7.1266556
train,77,115,39.0,42.896782,3.896782
train,77,116,38.0,43.14089,5.140888
train,77,117,37.0,39.879993,2.8799934
train,77,118,36.0,37.264103,1.2641029
train,77,119,35.0,40.38405,5.3840485
train,77,120,34.0,41.5885,7.588501
train,77,121,33.0,39.568363,6.568363
train,77,122,32.0,41.212646,9.2126465
train,77,123,31.0,42.857487,11.857487
train,77,124,30.0,38.656654,8.656654
train,77,125,29.0,30.103867,1.1038666
train,77,126,28.0,30.532179,2.5321789
train,77,127,27.0,29.421219,2.4212189
train,77,128,26.0,24.72031,-1.2796898
train,77,129,25.0,24.106243,-0.89375687
train,77,130,24.0,24.326622,0.326622
train,77,131,23.0,25.555225,2.5552254
train,77,132,22.0,21.83229,-0.16770935
train,77,133,21.0,26.283539,5.283539
train,77,134,20.0,27.00906,7.00906
train,77,135,19.0,23.632742,4.632742
train,77,136,18.0,23.328655,5.3286552
train,77,137,17.0,20.623665,3.6236649
train,77,138,16.0,19.49639,3.4963894
train,77,139,15.0,17.466387,2.4663868
train,77,140,14.0,15.590188,1.590188
train,77,141,13.0,13.922026,0.9220257
train,77,142,12.0,15.693217,3.6932173
train,77,143,11.0,14.746978,3.7469778
train,77,144,10.0,12.202171,2.2021713
train,77,145,9.0,11.190627,2.190627
train,77,146,8.0,10.054903,2.054903
train,77,147,7.0,13.372549,6.372549
train,77,148,6.0,13.528673,7.528673
train,77,149,5.0,11.073328,6.073328
train,77,150,4.0,6.6095567,2.6095567
train,77,151,3.0,7.3226876,4.3226876
train,77,152,2.0,5.823506,3.8235059
train,77,153,1.0,3.9505315,2.9505315
train,77,154,0.0,4.3003526,4.3003526
train,78,30,201.0,143.81453,-57.18547
train,78,31,200.0,143.823,-56.177002
train,78,32,199.0,143.77895,-55.221054
train,78,33,198.0,143.81793,-54.182068
train,78,34,197.0,143.81839,-53.18161
train,78,35,196.0,143.82515,-52.17485
train,78,36,195.0,143.80835,-51.19165
train,78,37,194.0,143.82388,-50.176117
train,78,38,193.0,143.80072,-49.19928
train,78,39,192.0,143.82219,-48.17781
train,78,40,191.0,143.7958,-47.204193
train,78,41,190.0,143.82443,-46.175568
train,78,42,189.0,143.82489,-45.17511
train,78,43,188.0,143.81946,-44.180542
train,78,44,187.0,143.8273,-43.1727
train,78,45,186.0,143.78786,-42.212143
train,78,46,185.0,143.81401,-41.18599
train,78,47,184.0,143.81967,-40.18033
train,78,48,183.0,143.82904,-39.17096
train,78,49,182.0,143.82413,-38.175873
train,78,50,181.0,143.82663,-37.17337
train,78,51,180.0,143.82263,-36.17737
train,78,52,179.0,143.81459,-35.18541
train,78,53,178.0,143.8082,-34.191803
train,78,54,177.0,143.81387,-33.186127
train,78,55,176.0,143.81717,-32.18283
train,78,56,175.0,143.82024,-31.179764
train,78,57,174.0,143.82393,-30.176071
train,78,58,173.0,143.83282,-29.167175
train,78,59,172.0,143.8247,-28.175293
train,78,60,171.0,143.83022,-27.169785
train,78,61,170.0,143.82774,-26.172256
train,78,62,169.0,143.82623,-25.173767
train,78,63,168.0,143.82468,-24.175323
train,78,64,167.0,143.82376,-23.176239
train,78,65,166.0,143.82253,-22.177475
train,78,66,165.0,143.81943,-21.180573
train,78,67,164.0,143.82869,-20.17131
train,78,68,163.0,143.82796,-19.172043
train,78,69,162.0,143.8312,-18.168793
train,78,70,161.0,143.81145,-17.188553
train,78,71,160.0,143.81914,-16.180862
train,78,72,159.0,143.82114,-15.178864
train,78,73,158.0,143.82852,-14.171478
train,78,74,157.0,143.83008,-13.169922
train,78,75,156.0,143.82056,-12.179443
train,78,76,155.0,143.82147,-11.178528
train,78,77,154.0,143.81668,-10.183319
train,78,78,153.0,143.8099,-9.190094
train,78,79,152.0,143.80591,-8.194092
train,78,80,151.0,143.78233,-7.2176666
train,78,81,150.0,143.82176,-6.178238
train,78,82,149.0,143.83174,-5.1682587
train,78,83,148.0,143.83002,-4.169983
train,78,84,147.0,143.8253,-3.1746979
train,78,85,146.0,143.8311,-2.1688995
train,78,86,145.0,143.83112,-1.1688843
train,78,87,144.0,143.8253,-0.17469788
train,78,88,143.0,143.82492,0.82492065
train,78,89,142.0,143.82697,1.8269653
train,78,90,141.0,143.82426,2.8242645
train,78,91,140.0,143.8302,3.8302002
train,78,92,139.0,143.8104,4.8103943
train,78,93,138.0,143.79927,5.7992706
train,78,94,137.0,143.83026,6.830261
train,78,95,136.0,143.8291,7.8291016
train,78,96,135.0,143.83084,8.830841
train,78,97,134.0,143.82889,9.828888
train,78,98,133.0,143.83261,10.832611
train,78,99,132.0,143.82707,11.827072
train,78,100,131.0,143.82704,12.827042
train,78,101,130.0,143.83511,13.835114
train,78,102,129.0,133.36044,4.360443
train,78,103,128.0,134.67584,6.6758423
train,78,104,127.0,124.36288,-2.637123
train,78,105,126.0,111.85634,-14.1436615
train,78,106,125.0,110.416534,-14.583466
train,78,107,124.0,108.136086,-15.8639145
train,78,108,123.0,111.70937,-11.290627
train,78,109,122.0,117.939674,-4.0603256
train,78,110,121.0,116.80222,-4.197777
train,78,111,120.0,116.00235,-3.9976501
train,78,112,119.0,109.48762,-9.5123825
train,78,113,118.0,119.91519,1.9151917
train,78,114,117.0,111.22963,-5.7703705
train,78,115,116.0,103.97202,-12.027977
train,78,116,115.0,106.87634,-8.123657
train,78,117,114.0,110.37222,-3.627777
train,78,118,113.0,116.8668,3.8667984
train,78,119,112.0,115.30329,3.3032913
train,78,120,111.0,119.60633,8.606331
train,78,121,110.0,100.390526,-9.609474
train,78,122,109.0,105.41466,-3.5853424
train,78,123,108.0,96.75772,-11.242279
train,78,124,107.0,94.44523,-12.554771
train,78,125,106.0,91.69029,-14.309708
train,78,126,105.0,88.2834,-16.716599
train,78,127,104.0,92.7559,-11.2441025
train,78,128,103.0,94.37763,-8.622368
train,78,129,102.0,94.02541,-7.9745865
train,78,130,101.0,97.08137,-3.9186325
train,78,131,100.0,100.06734,0.067337036
train,78,132,99.0,98.20133,-0.7986679
train,78,133,98.0,95.99004,-2.0099564
train,78,134,97.0,89.72376,-7.2762375
train,78,135,96.0,96.32076,0.32076263
train,78,136,95.0,87.394264,-7.605736
train,78,137,94.0,87.42676,-6.573242
train,78,138,93.0,94.13713,1.1371307
train,78,139,92.0,95.77792,3.7779236
train,78,140,91.0,84.62118,-6.3788223
train,78,141,90.0,84.27059,-5.7294083
train,78,142,89.0,82.53834,-6.4616623
train,78,143,88.0,85.17669,-2.8233109
train,78,144,87.0,83.29105,-3.7089462
train,78,145,86.0,80.04037,-5.959633
train,78,146,85.0,83.72813,-1.2718735
train,78,147,84.0,82.54856,-1.4514389
train,78,148,83.0,88.03942,5.039421
train,78,149,82.0,88.66584,6.66584
train,78,150,81.0,90.748726,9.748726
train,78,151,80.0,85.88175,5.881752
train,78,152,79.0,85.763885,6.7638855
train,78,153,78.0,78.30596,0.3059616
train,78,154,77.0,80.70091,3.7009125
train,78,155,76.0,74.695564,-1.3044357
train,78,156,75.0,75.71931,0.71930695
train,78,157,74.0,79.18188,5.181877
train,78,158,73.0,80.14866,7.1486588
train,78,159,72.0,77.817955,5.817955
train,78,160,71.0,67.39881,-3.6011887
train,78,161,70.0,71.54897,1.5489731
train,78,162,69.0,74.6498,5.649803
train,78,163,68.0,74.416115,6.416115
train,78,164,67.0,72.677864,5.677864
train,78,165,66.0,75.27914,9.279137
train,78,166,65.0,69.076385,4.0763855
train,78,167,64.0,72.15711,8.157112
train,78,168,63.0,70.18258,7.182579
train,78,169,62.0,64.051926,2.0519257
train,78,170,61.0,57.93817,-3.0618286
train,78,171,60.0,60.163605,0.16360474
train,78,172,59.0,57.61522,-1.3847809
train,78,173,58.0,55.749153,-2.2508469
train,78,174,57.0,57.522495,0.52249527
train,78,175,56.0,51.988148,-4.0118523
train,78,176,55.0,54.533012,-0.4669876
train,78,177,54.0,53.86387,-0.13613129
train,78,178,53.0,62.986084,9.986084
train,78,179,52.0,62.960888,10.960888
train,78,180,51.0,52.049644,1.0496445
train,78,181,50.0,51.409485,1.4094849
train,78,182,49.0,53.65669,4.6566887
train,78,183,48.0,48.97579,0.9757881
train,78,184,47.0,48.097366,1.0973663
train,78,185,46.0,51.969986,5.969986
train,78,186,45.0,44.34325,-0.6567497
train,78,187,44.0,43.906563,-0.093437195
train,78,188,43.0,39.686672,-3.3133278
train,78,189,42.0,43.50889,1.5088882
train,78,190,41.0,43.878494,2.8784943
train,78,191,40.0,43.350433,3.3504333
train,78,192,39.0,43.596313,4.5963135
train,78,193,38.0,41.14616,3.1461601
train,78,194,37.0,41.809685,4.8096848
train,78,195,36.0,42.201256,6.201256
train,78,196,35.0,39.353703,4.3537025
train,78,197,34.0,34.526253,0.52625275
train,78,198,33.0,32.690384,-0.3096161
train,78,199,32.0,30.2256,-1.7744007
train,78,200,31.0,31.19583,0.19582939
train,78,201,30.0,33.68497,3.6849709
train,78,202,29.0,36.41347,7.413471
train,78,203,28.0,36.696983,8.696983
train,78,204,27.0,32.31447,5.3144684
train,78,205,26.0,29.218473,3.2184734
train,78,206,25.0,27.774807,2.774807
train,78,207,24.0,24.852165,0.8521652
train,78,208,23.0,24.875395,1.8753948
train,78,209,22.0,23.8548,1.8547993
train,78,210,21.0,22.87133,1.8713303
train,78,211,20.0,19.091385,-0.9086151
train,78,212,19.0,21.908348,2.908348
train,78,213,18.0,18.927155,0.92715454
train,78,214,17.0,16.961702,-0.038297653
train,78,215,16.0,20.764858,4.7648582
train,78,216,15.0,17.456593,2.4565926
train,78,217,14.0,13.027246,-0.9727535
train,78,218,13.0,8.8892565,-4.1107435
train,78,219,12.0,6.6413255,-5.3586745
train,78,220,11.0,9.252063,-1.7479372
train,78,221,10.0,8.313542,-1.6864576
train,78,222,9.0,8.058181,-0.9418192
train,78,223,8.0,7.1368566,-0.86314344
train,78,224,7.0,6.8696055,-0.13039446
train,78,225,6.0,3.9093328,-2.0906672
train,78,226,5.0,3.9950519,-1.0049481
train,78,227,4.0,3.1731038,-0.8268962
train,78,228,3.0,4.650597,1.6505971
train,78,229,2.0,5.4035087,3.4035087
train,78,230,1.0,3.8571973,2.8571973
train,78,231,0.0,4.070824,4.070824
train,79,30,169.0,143.82774,-25.172256
train,79,31,168.0,143.81625,-24.183746
train,79,32,167.0,143.81815,-23.181854
train,79,33,166.0,143.81195,-22.18805
train,79,34,165.0,143.82973,-21.170273
train,79,35,164.0,143.82349,-20.176514
train,79,36,163.0,143.82368,-19.176315
train,79,37,162.0,143.8227,-18.177307
train,79,38,161.0,143.82724,-17.17276
train,79,39,160.0,143.80516,-16.19484
train,79,40,159.0,143.8212,-15.1788025
train,79,41,158.0,143.82977,-14.170227
train,79,42,157.0,143.82925,-13.170746
train,79,43,156.0,143.83334,-12.1666565
train,79,44,155.0,143.83606,-11.16394
train,79,45,154.0,143.83005,-10.169952
train,79,46,153.0,143.82019,-9.17981
train,79,47,152.0,143.83041,-8.169586
train,79,48,151.0,143.8162,-7.1838074
train,79,49,150.0,143.82045,-6.17955
train,79,50,149.0,143.83289,-5.1671143
train,79,51,148.0,143.81494,-4.1850586
train,79,52,147.0,143.83377,-3.1662292
train,79,53,146.0,143.83296,-2.167038
train,79,54,145.0,143.83014,-1.1698608
train,79,55,144.0,143.83267,-0.16732788
train,79,56,143.0,143.82025,0.82025146
train,79,57,142.0,143.82927,1.8292694
train,79,58,141.0,143.82324,2.8232422
train,79,59,140.0,143.8323,3.832306
train,79,60,139.0,143.8332,4.833206
train,79,61,138.0,143.83023,5.8302307
train,79,62,137.0,143.83493,6.8349304
train,79,63,136.0,143.819,7.8190002
train,79,64,135.0,143.82875,8.828751
train,79,65,134.0,143.82675,9.826752
train,79,66,133.0,143.8324,10.832397
train,79,67,132.0,143.82294,11.822937
train,79,68,131.0,143.83765,12.8376465
train,79,69,130.0,143.8214,13.821396
train,79,70,129.0,143.8182,14.818207
train,79,71,128.0,143.81598,15.815979
train,79,72,127.0,143.41908,16.419083
train,79,73,126.0,143.7782,17.778198
train,79,74,125.0,135.8198,10.819794
train,79,75,124.0,138.58553,14.5855255
train,79,76,123.0,143.5419,20.5419
train,79,77,122.0,143.27147,21.27147
train,79,78,121.0,143.382,22.382004
train,79,79,120.0,143.79031,23.790314
train,79,80,119.0,143.8012,24.801193
train,79,81,118.0,143.53392,25.53392
train,79,82,117.0,143.72302,26.723022
train,79,83,116.0,143.76936,27.769363
train,79,84,115.0,143.79242,28.79242
train,79,85,114.0,143.81546,29.81546
train,79,86,113.0,139.29684,26.296844
train,79,87,112.0,140.68924,28.68924
train,79,88,111.0,138.62273,27.622726
train,79,89,110.0,138.25986,28.259857
train,79,90,109.0,131.2579,22.257904
train,79,91,108.0,127.62886,19.62886
train,79,92,107.0,101.2887,-5.7113037
train,79,93,106.0,94.53753,-11.462471
train,79,94,105.0,97.338135,-7.661865
train,79,95,104.0,100.3299,-3.6700974
train,79,96,103.0,102.233635,-0.76636505
train,79,97,102.0,99.53225,-2.4677505
train,79,98,101.0,102.666824,1.6668243
train,79,99,100.0,101.54929,1.5492935
train,79,100,99.0,101.5442,2.544197
train,79,101,98.0,92.8294,-5.170601
train,79,102,97.0,89.07508,-7.924919
train,79,103,96.0,84.16935,-11.83065
train,79,104,95.0,85.673454,-9.326546
train,79,105,94.0,84.71104,-9.288963
train,79,106,93.0,91.11747,-1.8825302
train,79,107,92.0,84.71722,-7.2827835
train,79,108,91.0,85.211586,-5.788414
train,79,109,90.0,84.585,-5.415001
train,79,110,89.0,87.82837,-1.1716309
train,79,111,88.0,89.88524,1.8852386
train,79,112,87.0,94.99836,7.9983597
train,79,113,86.0,94.18269,8.1826935
train,79,114,85.0,92.47659,7.476593
train,79,115,84.0,92.00866,8.008659
train,79,116,83.0,90.44433,7.4443283
train,79,117,82.0,90.038475,8.038475
train,79,118,81.0,90.381905,9.381905
train,79,119,80.0,82.21421,2.2142105
train,79,120,79.0,79.86944,0.8694382
train,79,121,78.0,81.5569,3.5569
train,79,122,77.0,81.8131,4.8131027
train,79,123,76.0,80.30663,4.306633
train,79,124,75.0,78.62587,3.6258698
train,79,125,74.0,77.69784,3.6978378
train,79,126,73.0,81.35592,8.355919
train,79,127,72.0,82.50254,10.502541
train,79,128,71.0,82.63452,11.6345215
train,79,129,70.0,83.988625,13.988625
train,79,130,69.0,83.87704,14.877037
train,79,131,68.0,79.451546,11.451546
train,79,132,67.0,77.536095,10.536095
train,79,133,66.0,69.64384,3.643837
train,79,134,65.0,71.28892,6.2889175
train,79,135,64.0,69.72552,5.7255173
train,79,136,63.0,67.46795,4.467949
train,79,137,62.0,70.0467,8.0467
train,79,138,61.0,74.62046,13.6204605
train,79,139,60.0,70.4475,10.447502
train,79,140,59.0,66.38459,7.38459
train,79,141,58.0,59.210644,1.2106438
train,79,142,57.0,59.0324,2.0323982
train,79,143,56.0,57.325768,1.3257675
train,79,144,55.0,61.387733,6.3877335
train,79,145,54.0,60.05813,6.0581284
train,79,146,53.0,62.7808,9.7808
train,79,147,52.0,62.38701,10.387009
train,79,148,51.0,57.856792,6.8567924
train,79,149,50.0,58.830215,8.830215
train,79,150,49.0,57.566727,8.566727
train,79,151,48.0,58.228806,10.228806
train,79,152,47.0,51.786694,4.7866936
train,79,153,46.0,52.89816,6.898159
train,79,154,45.0,55.61596,10.615959
train,79,155,44.0,57.56318,13.563179
train,79,156,43.0,57.113987,14.113987
train,79,157,42.0,49.722134,7.7221336
train,79,158,41.0,52.046753,11.046753
train,79,159,40.0,54.83979,14.83979
train,79,160,39.0,51.079014,12.079014
train,79,161,38.0,48.836815,10.836815
train,79,162,37.0,45.157135,8.157135
train,79,163,36.0,43.775345,7.775345
train,79,164,35.0,42.85226,7.8522606
train,79,165,34.0,43.982754,9.982754
train,79,166,33.0,40.102516,7.102516
train,79,167,32.0,36.407097,4.407097
train,79,168,31.0,35.142788,4.142788
train,79,169,30.0,35.11578,5.11578
train,79,170,29.0,32.771103,3.771103
train,79,171,28.0,32.125156,4.1251564
train,79,172,27.0,30.3662,3.3661995
train,79,173,26.0,28.27077,2.2707691
train,79,174,25.0,26.228697,1.2286968
train,79,175,24.0,27.614723,3.6147232
train,79,176,23.0,28.494919,5.494919
train,79,177,22.0,26.355837,4.355837
train,79,178,21.0,24.313786,3.3137856
train,79,179,20.0,22.735025,2.7350254
train,79,180,19.0,20.722675,1.7226753
train,79,181,18.0,20.860405,2.860405
train,79,182,17.0,18.730888,1.7308884
train,79,183,16.0,14.480976,-1.5190239
train,79,184,15.0,13.514977,-1.4850225
train,79,185,14.0,11.587705,-2.4122953
train,79,186,13.0,10.544781,-2.4552193
train,79,187,12.0,10.551729,-1.4482708
train,79,188,11.0,10.30464,-0.6953602
train,79,189,10.0,10.872701,0.8727007
train,79,190,9.0,9.56346,0.56346035
train,79,191,8.0,8.996358,0.9963579
train,79,192,7.0,9.212821,2.212821
train,79,193,6.0,7.0383286,1.0383286
train,79,194,5.0,4.799071,-0.20092916
train,79,195,4.0,5.917791,1.9177909
train,79,196,3.0,3.4254022,0.42540216
train,79,197,2.0,3.1786408,1.1786408
train,79,198,1.0,1.9371668,0.9371668
train,79,199,0.0,1.5018774,1.5018774
train,80,30,155.0,142.44618,-12.553818
train,80,31,154.0,142.6891,-11.310898
train,80,32,153.0,143.18001,-9.819992
train,80,33,152.0,140.15063,-11.849365
train,80,34,151.0,140.37509,-10.624908
train,80,35,150.0,137.61475,-12.385254
train,80,36,149.0,133.93588,-15.064117
train,80,37,148.0,129.03897,-18.96103
train,80,38,147.0,138.91763,-8.082367
train,80,39,146.0,142.22418,-3.7758179
train,80,40,145.0,142.75632,-2.2436829
train,80,41,144.0,142.48111,-1.5188904
train,80,42,143.0,141.78372,-1.2162781
train,80,43,142.0,140.91113,-1.0888672
train,80,44,141.0,141.0413,0.041305542
train,80,45,140.0,142.18561,2.185608
train,80,46,139.0,141.7256,2.7256012
train,80,47,138.0,142.99661,4.9966125
train,80,48,137.0,142.24408,5.2440796
train,80,49,136.0,140.81764,4.817642
train,80,50,135.0,142.39447,7.39447
train,80,51,134.0,118.60494,-15.395058
train,80,52,133.0,129.68985,-3.3101501
train,80,53,132.0,139.20772,7.207718
train,80,54,131.0,106.40829,-24.591713
train,80,55,130.0,102.5437,-27.456299
train,80,56,129.0,109.92989,-19.070107
train,80,57,128.0,118.02546,-9.974541
train,80,58,127.0,131.42085,4.4208527
train,80,59,126.0,141.60913,15.609131
train,80,60,125.0,135.89632,10.896317
train,80,61,124.0,122.4194,-1.5805969
train,80,62,123.0,136.74101,13.741013
train,80,63,122.0,114.04084,-7.95916
train,80,64,121.0,104.14695,-16.85305
train,80,65,120.0,108.282005,-11.717995
train,80,66,119.0,104.57541,-14.424591
train,80,67,118.0,108.65278,-9.347221
train,80,68,117.0,110.31317,-6.6868286
train,80,69,116.0,106.17957,-9.820427
train,80,70,115.0,116.35092,1.3509216
train,80,71,114.0,110.14989,-3.850113
train,80,72,113.0,116.16628,3.1662827
train,80,73,112.0,122.91779,10.917793
train,80,74,111.0,115.7918,4.7918015
train,80,75,110.0,123.64271,13.642708
train,80,76,109.0,94.869484,-14.130516
train,80,77,108.0,105.30898,-2.6910172
train,80,78,107.0,111.43859,4.438591
train,80,79,106.0,121.48632,15.4863205
train,80,80,105.0,112.11735,7.1173477
train,80,81,104.0,107.135124,3.1351242
train,80,82,103.0,87.320625,-15.679375
train,80,83,102.0,75.52587,-26.474129
train,80,84,101.0,75.26094,-25.73906
train,80,85,100.0,71.8864,-28.113602
train,80,86,99.0,82.032005,-16.967995
train,80,87,98.0,81.54572,-16.454277
train,80,88,97.0,73.78695,-23.21305
train,80,89,96.0,84.099625,-11.900375
train,80,90,95.0,82.29635,-12.703651
train,80,91,94.0,92.14265,-1.8573532
train,80,92,93.0,97.04302,4.043022
train,80,93,92.0,95.41804,3.4180374
train,80,94,91.0,101.96606,10.966057
train,80,95,90.0,112.66482,22.664818
train,80,96,89.0,120.05985,31.059853
train,80,97,88.0,122.88619,34.886192
train,80,98,87.0,114.94636,27.946358
train,80,99,86.0,106.92782,20.927818
train,80,100,85.0,102.08951,17.089508
train,80,101,84.0,99.2023,15.202301
train,80,102,83.0,90.42643,7.4264297
train,80,103,82.0,86.64484,4.6448364
train,80,104,81.0,77.21843,-3.7815704
train,80,105,80.0,95.12897,15.128967
train,80,106,79.0,82.57229,3.5722885
train,80,107,78.0,84.332405,6.332405
train,80,108,77.0,94.93411,17.934113
train,80,109,76.0,108.62563,32.625633
train,80,110,75.0,102.09168,27.091682
train,80,111,74.0,96.506805,22.506805
train,80,112,73.0,83.15949,10.1594925
train,80,113,72.0,84.69768,12.697678
train,80,114,71.0,79.9278,8.927803
train,80,115,70.0,70.40533,0.40532684
train,80,116,69.0,63.764053,-5.2359467
train,80,117,68.0,58.936035,-9.063965
train,80,118,67.0,59.204514,-7.7954865
train,80,119,66.0,52.05275,-13.94725
train,80,120,65.0,53.13759,-11.8624115
train,80,121,64.0,50.063374,-13.936626
train,80,122,63.0,52.00952,-10.9904785
train,80,123,62.0,54.22605,-7.7739487
train,80,124,61.0,53.024273,-7.975727
train,80,125,60.0,51.75353,-8.246471
train,80,126,59.0,52.170193,-6.8298073
train,80,127,58.0,49.504723,-8.495277
train,80,128,57.0,50.25862,-6.741379
train,80,129,56.0,48.48198,-7.5180206
train,80,130,55.0,50.96542,-4.03458
train,80,131,54.0,55.154305,1.1543045
train,80,132,53.0,54.202137,1.202137
train,80,133,52.0,52.44297,0.44297028
train,80,134,51.0,46.62834,-4.3716583
train,80,135,50.0,47.085167,-2.914833
train,80,136,49.0,39.05767,-9.942329
train,80,137,48.0,46.696457,-1.3035431
train,80,138,47.0,56.06118,9.06118
train,80,139,46.0,46.216675,0.2166748
train,80,140,45.0,51.18086,6.1808586
train,80,141,44.0,50.433994,6.4339943
train,80,142,43.0,51.44462,8.444618
train,80,143,42.0,52.768696,10.768696
train,80,144,41.0,48.260094,7.2600937
train,80,145,40.0,47.614147,7.614147
train,80,146,39.0,43.04474,4.044739
train,80,147,38.0,39.277367,1.2773666
train,80,148,37.0,40.141174,3.1411743
train,80,149,36.0,35.430653,-0.5693474
train,80,150,35.0,35.626305,0.6263046
train,80,151,34.0,34.113422,0.113422394
train,80,152,33.0,32.86097,-0.13903046
train,80,153,32.0,30.56208,-1.4379196
train,80,154,31.0,26.318151,-4.6818485
train,80,155,30.0,23.520176,-6.479824
train,80,156,29.0,21.16427,-7.8357296
train,80,157,28.0,21.215723,-6.784277
train,80,158,27.0,21.243979,-5.7560215
train,80,159,26.0,23.687838,-2.3121624
train,80,160,25.0,27.273691,2.2736912
train,80,161,24.0,24.782703,0.7827034
train,80,162,23.0,23.899632,0.8996315
train,80,163,22.0,23.02296,1.0229607
train,80,164,21.0,22.33621,1.3362103
train,80,165,20.0,23.832674,3.832674
train,80,166,19.0,19.691528,0.6915283
train,80,167,18.0,20.247204,2.2472038
train,80,168,17.0,20.368633,3.3686333
train,80,169,16.0,18.984438,2.984438
train,80,170,15.0,19.368952,4.368952
train,80,171,14.0,16.690403,2.690403
train,80,172,13.0,16.16333,3.16333
train,80,173,12.0,14.034398,2.034398
train,80,174,11.0,14.488519,3.4885187
train,80,175,10.0,11.749638,1.7496376
train,80,176,9.0,10.0170355,1.0170355
train,80,177,8.0,8.986438,0.9864378
train,80,178,7.0,7.0993104,0.0993104
train,80,179,6.0,5.295424,-0.704576
train,80,180,5.0,4.188132,-0.8118682
train,80,181,4.0,1.839398,-2.160602
train,80,182,3.0,2.9911447,-0.008855343
train,80,183,2.0,2.7161565,0.7161565
train,80,184,1.0,1.9805046,0.98050463
train,80,185,0.0,-0.7358507,-0.7358507
train,81,30,210.0,143.55484,-66.44516
train,81,31,209.0,143.58847,-65.41153
train,81,32,208.0,141.49579,-66.50421
train,81,33,207.0,139.99475,-67.00525
train,81,34,206.0,141.30022,-64.69978
train,81,35,205.0,134.2426,-70.7574
train,81,36,204.0,138.48894,-65.51106
train,81,37,203.0,136.23451,-66.76549
train,81,38,202.0,142.32834,-59.67166
train,81,39,201.0,139.93167,-61.06833
train,81,40,200.0,143.34708,-56.652924
train,81,41,199.0,143.22836,-55.771637
train,81,42,198.0,143.62128,-54.378723
train,81,43,197.0,143.602,-53.397995
train,81,44,196.0,142.96622,-53.033783
train,81,45,195.0,143.39911,-51.60089
train,81,46,194.0,142.72882,-51.27118
train,81,47,193.0,142.38022,-50.61978
train,81,48,192.0,140.4877,-51.5123
train,81,49,191.0,143.43988,-47.56012
train,81,50,190.0,143.46915,-46.530853
train,81,51,189.0,143.64108,-45.358917
train,81,52,188.0,143.69717,-44.302826
train,81,53,187.0,143.60678,-43.39322
train,81,54,186.0,143.80426,-42.19574
train,81,55,185.0,143.18631,-41.81369
train,81,56,184.0,143.16348,-40.836517
train,81,57,183.0,143.73148,-39.268524
train,81,58,182.0,143.7844,-38.215607
train,81,59,181.0,143.80722,-37.19278
train,81,60,180.0,143.44237,-36.557632
train,81,61,179.0,143.76581,-35.23419
train,81,62,178.0,142.65779,-35.34221
train,81,63,177.0,143.26674,-33.73326
train,81,64,176.0,143.3906,-32.609406
train,81,65,175.0,143.71281,-31.287186
train,81,66,174.0,143.76816,-30.231842
train,81,67,173.0,143.0517,-29.948303
train,81,68,172.0,142.32297,-29.677032
train,81,69,171.0,135.15663,-35.84337
train,81,70,170.0,140.71747,-29.282532
train,81,71,169.0,143.59067,-25.409332
train,81,72,168.0,143.23318,-24.766815
train,81,73,167.0,143.26712,-23.73288
train,81,74,166.0,143.47983,-22.520172
train,81,75,165.0,143.64078,-21.359222
train,81,76,164.0,143.5705,-20.429504
train,81,77,163.0,143.60187,-19.398132
train,81,78,162.0,142.66156,-19.33844
train,81,79,161.0,143.03,-17.970001
train,81,80,160.0,142.84195,-17.15805
train,81,81,159.0,143.47809,-15.521912
train,81,82,158.0,143.64743,-14.35257
train,81,83,157.0,143.70476,-13.295242
train,81,84,156.0,142.01915,-13.98085
train,81,85,155.0,143.3168,-11.683197
train,81,86,154.0,142.19269,-11.807312
train,81,87,153.0,143.18675,-9.813248
train,81,88,152.0,143.48093,-8.5190735
train,81,89,151.0,140.41055,-10.589447
train,81,90,150.0,142.05524,-7.944763
train,81,91,149.0,143.07278,-5.9272156
train,81,92,148.0,143.6501,-4.3498993
train,81,93,147.0,143.40332,-3.5966797
train,81,94,146.0,143.7905,-2.2095032
train,81,95,145.0,143.72733,-1.2726746
train,81,96,144.0,142.34045,-1.6595459
train,81,97,143.0,142.78116,-0.21884155
train,81,98,142.0,136.70355,-5.2964478
train,81,99,141.0,127.67329,-13.326714
train,81,100,140.0,125.62678,-14.373222
train,81,101,139.0,129.2238,-9.776199
train,81,102,138.0,138.78127,0.78126526
train,81,103,137.0,141.4943,4.494293
train,81,104,136.0,142.36816,6.368164
train,81,105,135.0,143.5956,8.595596
train,81,106,134.0,142.1785,8.178497
train,81,107,133.0,141.21819,8.218185
train,81,108,132.0,142.5662,10.566193
train,81,109,131.0,142.70596,11.705963
train,81,110,130.0,143.15536,13.155365
train,81,111,129.0,142.79321,13.793213
train,81,112,128.0,140.53014,12.530136
train,81,113,127.0,142.89142,15.891418
train,81,114,126.0,138.49332,12.493317
train,81,115,125.0,131.86331,6.863312
train,81,116,124.0,133.17256,9.172562
train,81,117,123.0,137.26295,14.262955
train,81,118,122.0,136.66425,14.664246
train,81,119,121.0,94.788605,-26.211395
train,81,120,120.0,85.88981,-34.11019
train,81,121,119.0,96.03032,-22.96968
train,81,122,118.0,90.78533,-27.214668
train,81,123,117.0,97.25403,-19.745972
train,81,124,116.0,101.92806,-14.071938
train,81,125,115.0,111.86353,-3.136467
train,81,126,114.0,113.41805,-0.5819473
train,81,127,113.0,111.04849,-1.9515076
train,81,128,112.0,110.06925,-1.930748
train,81,129,111.0,107.40864,-3.591362
train,81,130,110.0,103.40252,-6.597481
train,81,131,109.0,99.55555,-9.44445
train,81,132,108.0,110.60021,2.600212
train,81,133,107.0,112.63926,5.6392593
train,81,134,106.0,117.793526,11.793526
train,81,135,105.0,138.80841,33.80841
train,81,136,104.0,140.40833,36.408325
train,81,137,103.0,134.62216,31.622162
train,81,138,102.0,140.9344,38.934402
train,81,139,101.0,139.78413,38.784134
train,81,140,100.0,139.226,39.225998
train,81,141,99.0,138.79126,39.79126
train,81,142,98.0,125.80956,27.809563
train,81,143,97.0,121.08788,24.087883
train,81,144,96.0,105.93741,9.937408
train,81,145,95.0,89.678535,-5.3214645
train,81,146,94.0,83.0993,-10.900703
train,81,147,93.0,102.052505,9.0525055
train,81,148,92.0,93.56048,1.5604782
train,81,149,91.0,92.37548,1.3754807
train,81,150,90.0,79.07659,-10.9234085
train,81,151,89.0,80.599236,-8.400764
train,81,152,88.0,71.73813,-16.261871
train,81,153,87.0,81.5489,-5.451103
train,81,154,86.0,77.93307,-8.066933
train,81,155,85.0,91.99239,6.9923935
train,81,156,84.0,91.44028,7.440277
train,81,157,83.0,91.87352,8.87352
train,81,158,82.0,87.75332,5.753319
train,81,159,81.0,93.56993,12.569931
train,81,160,80.0,98.11041,18.110413
train,81,161,79.0,92.16834,13.168343
train,81,162,78.0,90.954,12.954002
train,81,163,77.0,80.550415,3.550415
train,81,164,76.0,78.13196,2.131958
train,81,165,75.0,71.06401,-3.9359894
train,81,166,74.0,75.15228,1.1522827
train,81,167,73.0,78.68357,5.683571
train,81,168,72.0,93.29392,21.293922
train,81,169,71.0,86.63085,15.630852
train,81,170,70.0,75.94199,5.9419937
train,81,171,69.0,79.76829,10.768288
train,81,172,68.0,55.9495,-12.050499
train,81,173,67.0,67.03231,0.032310486
train,81,174,66.0,74.44671,8.446709
train,81,175,65.0,65.087776,0.087776184
train,81,176,64.0,57.091255,-6.908745
train,81,177,63.0,65.174614,2.174614
train,81,178,62.0,64.458015,2.4580154
train,81,179,61.0,57.389767,-3.6102333
train,81,180,60.0,51.41398,-8.586021
train,81,181,59.0,56.14822,-2.85178
train,81,182,58.0,55.490467,-2.509533
train,81,183,57.0,53.62153,-3.3784714
train,81,184,56.0,51.533573,-4.466427
train,81,185,55.0,51.98849,-3.011509
train,81,186,54.0,50.120728,-3.8792725
train,81,187,53.0,47.507927,-5.492073
train,81,188,52.0,45.87017,-6.1298294
train,81,189,51.0,45.39052,-5.609482
train,81,190,50.0,45.333668,-4.6663322
train,81,191,49.0,40.36641,-8.633591
train,81,192,48.0,41.928993,-6.071007
train,81,193,47.0,41.682766,-5.317234
train,81,194,46.0,40.200283,-5.799717
train,81,195,45.0,38.400585,-6.599415
train,81,196,44.0,42.537537,-1.4624634
train,81,197,43.0,39.911423,-3.0885773
train,81,198,42.0,40.246655,-1.7533455
train,81,199,41.0,37.412056,-3.587944
train,81,200,40.0,39.837242,-0.16275787
train,81,201,39.0,40.614845,1.6148453
train,81,202,38.0,43.706173,5.706173
train,81,203,37.0,41.997635,4.997635
train,81,204,36.0,41.499786,5.4997864
train,81,205,35.0,42.41201,7.41201
train,81,206,34.0,43.412987,9.412987
train,81,207,33.0,37.17903,4.1790314
train,81,208,32.0,38.183212,6.1832123
train,81,209,31.0,33.743523,2.7435226
train,81,210,30.0,33.452835,3.452835
train,81,211,29.0,34.00907,5.0090714
train,81,212,28.0,33.190247,5.1902466
train,81,213,27.0,30.58019,3.5801907
train,81,214,26.0,29.862825,3.8628254
train,81,215,25.0,24.902325,-0.09767532
train,81,216,24.0,18.494688,-5.505312
train,81,217,23.0,16.398916,-6.6010838
train,81,218,22.0,15.612288,-6.3877115
train,81,219,21.0,16.614223,-4.3857765
train,81,220,20.0,19.341427,-0.65857315
train,81,221,19.0,17.386051,-1.6139488
train,81,222,18.0,18.131752,0.13175201
train,81,223,17.0,15.522781,-1.4772186
train,81,224,16.0,15.857893,-0.14210701
train,81,225,15.0,14.894064,-0.10593605
train,81,226,14.0,15.54318,1.5431805
train,81,227,13.0,15.530851,2.5308514
train,81,228,12.0,14.813789,2.8137894
train,81,229,11.0,15.281369,4.281369
train,81,230,10.0,14.649774,4.6497736
train,81,231,9.0,13.323289,4.323289
train,81,232,8.0,12.072449,4.0724487
train,81,233,7.0,10.546603,3.5466032
train,81,234,6.0,11.825416,5.8254156
train,81,235,5.0,11.255137,6.2551374
train,81,236,4.0,8.230762,4.2307615
train,81,237,3.0,4.2982154,1.2982154
train,81,238,2.0,4.7702127,2.7702127
train,81,239,1.0,4.7105823,3.7105823
train,81,240,0.0,2.6987767,2.6987767
train,83,30,263.0,143.82803,-119.17197
train,83,31,262.0,143.82544,-118.17456
train,83,32,261.0,143.82567,-117.17433
train,83,33,260.0,143.83096,-116.16904
train,83,34,259.0,143.81816,-115.18184
train,83,35,258.0,143.82388,-114.17612
train,83,36,257.0,143.82996,-113.170044
train,83,37,256.0,143.79349,-112.20651
train,83,38,255.0,143.82617,-111.17383
train,83,39,254.0,143.81796,-110.18204
train,83,40,253.0,143.82254,-109.17746
train,83,41,252.0,143.8259,-108.1741
train,83,42,251.0,143.81647,-107.18353
train,83,43,250.0,143.82648,-106.17352
train,83,44,249.0,143.81285,-105.18715
train,83,45,248.0,143.83359,-104.16641
train,83,46,247.0,143.8118,-103.1882
train,83,47,246.0,143.82446,-102.17554
train,83,48,245.0,143.81937,-101.18063
train,83,49,244.0,143.82861,-100.17139
train,83,50,243.0,143.78084,-99.21916
train,83,51,242.0,143.78717,-98.21283
train,83,52,241.0,143.82413,-97.17587
train,83,53,240.0,143.83008,-96.16992
train,83,54,239.0,143.8086,-95.19141
train,83,55,238.0,143.81784,-94.18216
train,83,56,237.0,143.81912,-93.18088
train,83,57,236.0,143.83307,-92.16693
train,83,58,235.0,143.82047,-91.179535
train,83,59,234.0,143.82309,-90.17691
train,83,60,233.0,143.82965,-89.17035
train,83,61,232.0,143.82423,-88.175766
train,83,62,231.0,143.82338,-87.17662
train,83,63,230.0,143.81248,-86.187515
train,83,64,229.0,143.82758,-85.172424
train,83,65,228.0,143.8323,-84.167694
train,83,66,227.0,143.82549,-83.174515
train,83,67,226.0,143.83313,-82.16687
train,83,68,225.0,143.81602,-81.183975
train,83,69,224.0,143.82414,-80.17586
train,83,70,223.0,143.83054,-79.169464
train,83,71,222.0,143.81473,-78.18527
train,83,72,221.0,143.81728,-77.182724
train,83,73,220.0,143.83417,-76.16583
train,83,74,219.0,143.82788,-75.17212
train,83,75,218.0,143.83032,-74.16968
train,83,76,217.0,143.82286,-73.17714
train,83,77,216.0,143.8169,-72.183105
train,83,78,215.0,143.81512,-71.184875
train,83,79,214.0,143.82312,-70.17688
train,83,80,213.0,143.8232,-69.1768
train,83,81,212.0,143.8316,-68.168396
train,83,82,211.0,143.82231,-67.17769
train,83,83,210.0,143.82625,-66.17375
train,83,84,209.0,143.80922,-65.19078
train,83,85,208.0,143.80566,-64.194336
train,83,86,207.0,143.79597,-63.204025
train,83,87,206.0,143.82089,-62.179108
train,83,88,205.0,143.81781,-61.18219
train,83,89,204.0,143.8193,-60.180695
train,83,90,203.0,143.79938,-59.200623
train,83,91,202.0,143.81363,-58.18637
train,83,92,201.0,143.8258,-57.174194
train,83,93,200.0,143.79071,-56.20929
train,83,94,199.0,143.78433,-55.215668
train,83,95,198.0,143.81862,-54.18138
train,83,96,197.0,143.82976,-53.170242
train,83,97,196.0,143.81406,-52.185944
train,83,98,195.0,143.82748,-51.172516
train,83,99,194.0,143.8245,-50.175507
train,83,100,193.0,143.80673,-49.193268
train,83,101,192.0,143.81546,-48.18454
train,83,102,191.0,143.8353,-47.164703
train,83,103,190.0,143.82913,-46.170868
train,83,104,189.0,143.83098,-45.16902
train,83,105,188.0,143.82872,-44.17128
train,83,106,187.0,143.82047,-43.179535
train,83,107,186.0,143.82722,-42.172775
train,83,108,185.0,143.82983,-41.170166
train,83,109,184.0,143.82927,-40.17073
train,83,110,183.0,143.83029,-39.16971
train,83,111,182.0,143.82372,-38.176285
train,83,112,181.0,143.82822,-37.171783
train,83,113,180.0,143.82361,-36.17639
train,83,114,179.0,143.83353,-35.166473
train,83,115,178.0,143.82288,-34.177124
train,83,116,177.0,143.82268,-33.177322
train,83,117,176.0,143.82843,-32.17157
train,83,118,175.0,143.83058,-31.169418
train,83,119,174.0,143.8316,-30.168396
train,83,120,173.0,143.82733,-29.172668
train,83,121,172.0,143.83292,-28.167084
train,83,122,171.0,143.8328,-27.167206
train,83,123,170.0,143.82643,-26.173569
train,83,124,169.0,143.82043,-25.179565
train,83,125,168.0,143.8248,-24.175201
train,83,126,167.0,143.80667,-23.193329
train,83,127,166.0,143.78664,-22.213364
train,83,128,165.0,143.77628,-21.223724
train,83,129,164.0,143.72598,-20.274017
train,83,130,163.0,143.82413,-19.175873
train,83,131,162.0,143.82301,-18.176987
train,83,132,161.0,143.83228,-17.167725
train,83,133,160.0,143.83252,-16.16748
train,83,134,159.0,143.8321,-15.167892
train,83,135,158.0,143.81287,-14.187134
train,83,136,157.0,143.80124,-13.198761
train,83,137,156.0,143.81454,-12.185455
train,83,138,155.0,143.8245,-11.175507
train,83,139,154.0,143.80963,-10.190369
train,83,140,153.0,143.81195,-9.188049
train,83,141,152.0,143.82266,-8.177338
train,83,142,151.0,143.82349,-7.1765137
train,83,143,150.0,143.82655,-6.1734467
train,83,144,149.0,143.72308,-5.2769165
train,83,145,148.0,143.81406,-4.1859436
train,83,146,147.0,143.78392,-3.2160797
train,83,147,146.0,143.71779,-2.2822113
train,83,148,145.0,139.63412,-5.3658752
train,83,149,144.0,115.688576,-28.311424
train,83,150,143.0,106.4779,-36.522102
train,83,151,142.0,108.67321,-33.32679
train,83,152,141.0,108.59977,-32.40023
train,83,153,140.0,114.94738,-25.05262
train,83,154,139.0,114.698875,-24.301125
train,83,155,138.0,118.13172,-19.868279
train,83,156,137.0,117.00873,-19.991272
train,83,157,136.0,126.33907,-9.660927
train,83,158,135.0,116.48391,-18.51609
train,83,159,134.0,115.57489,-18.42511
train,83,160,133.0,111.47753,-21.522469
train,83,161,132.0,113.690025,-18.309975
train,83,162,131.0,108.42207,-22.577927
train,83,163,130.0,104.19988,-25.800117
train,83,164,129.0,108.807945,-20.192055
train,83,165,128.0,111.08082,-16.919182
train,83,166,127.0,115.02497,-11.975029
train,83,167,126.0,110.25282,-15.747177
train,83,168,125.0,109.73048,-15.269524
train,83,169,124.0,114.89793,-9.102074
train,83,170,123.0,113.94449,-9.055511
train,83,171,122.0,113.40156,-8.598442
train,83,172,121.0,110.43226,-10.567741
train,83,173,120.0,121.05728,1.0572815
train,83,174,119.0,108.10886,-10.891144
train,83,175,118.0,97.80046,-20.19954
train,83,176,117.0,91.19982,-25.800179
train,83,177,116.0,88.57107,-27.428932
train,83,178,115.0,96.46197,-18.538033
train,83,179,114.0,87.39708,-26.60292
train,83,180,113.0,92.27523,-20.72477
train,83,181,112.0,103.31355,-8.686447
train,83,182,111.0,108.92867,-2.0713272
train,83,183,110.0,111.51391,1.5139084
train,83,184,109.0,106.7217,-2.2782974
train,83,185,108.0,104.15861,-3.8413925
train,83,186,107.0,90.178154,-16.821846
train,83,187,106.0,82.03976,-23.960243
train,83,188,105.0,80.872154,-24.127846
train,83,189,104.0,93.14106,-10.85894
train,83,190,103.0,97.6628,-5.3371964
train,83,191,102.0,96.777626,-5.222374
train,83,192,101.0,96.08161,-4.9183884
train,83,193,100.0,86.31696,-13.683037
train,83,194,99.0,79.13752,-19.86248
train,83,195,98.0,86.223335,-11.776665
train,83,196,97.0,83.787575,-13.212425
train,83,197,96.0,83.912865,-12.087135
train,83,198,95.0,88.51972,-6.480278
train,83,199,94.0,74.59236,-19.407639
train,83,200,93.0,72.828636,-20.171364
train,83,201,92.0,71.734764,-20.265236
train,83,202,91.0,74.669426,-16.330574
train,83,203,90.0,69.95699,-20.043007
train,83,204,89.0,73.21273,-15.78727
train,83,205,88.0,78.44657,-9.553429
train,83,206,87.0,78.35682,-8.643181
train,83,207,86.0,74.92336,-11.076637
train,83,208,85.0,79.50304,-5.4969635
train,83,209,84.0,86.61405,2.6140518
train,83,210,83.0,90.426674,7.426674
train,83,211,82.0,90.40091,8.400909
train,83,212,81.0,87.49018,6.490181
train,83,213,80.0,80.422066,0.42206573
train,83,214,79.0,70.46401,-8.535988
train,83,215,78.0,69.70243,-8.297569
train,83,216,77.0,71.36013,-5.6398697
train,83,217,76.0,74.444664,-1.555336
train,83,218,75.0,76.57017,1.5701675
train,83,219,74.0,82.00646,8.006462
train,83,220,73.0,82.5992,9.599197
train,83,221,72.0,84.951065,12.951065
train,83,222,71.0,83.569176,12.569176
train,83,223,70.0,79.16107,9.161072
train,83,224,69.0,74.8197,5.819702
train,83,225,68.0,77.81578,9.815781
train,83,226,67.0,87.77065,20.770653
train,83,227,66.0,78.25109,12.251091
train,83,228,65.0,71.373726,6.373726
train,83,229,64.0,72.99645,8.996452
train,83,230,63.0,60.610687,-2.3893127
train,83,231,62.0,62.963165,0.9631653
train,83,232,61.0,61.281357,0.2813568
train,83,233,60.0,65.711464,5.711464
train,83,234,59.0,65.247505,6.247505
train,83,235,58.0,59.932507,1.9325066
train,83,236,57.0,55.952374,-1.0476265
train,83,237,56.0,50.999714,-5.000286
train,83,238,55.0,46.880657,-8.119343
train,83,239,54.0,45.331,-8.668999
train,83,240,53.0,45.216103,-7.7838974
train,83,241,52.0,38.89557,-13.104431
train,83,242,51.0,35.93555,-15.064449
train,83,243,50.0,34.672424,-15.327576
train,83,244,49.0,37.14892,-11.851082
train,83,245,48.0,36.78605,-11.213951
train,83,246,47.0,37.679142,-9.320858
train,83,247,46.0,36.21379,-9.786209
train,83,248,45.0,35.459305,-9.540695
train,83,249,44.0,35.551155,-8.448845
train,83,250,43.0,31.463778,-11.536222
train,83,251,42.0,29.638327,-12.361673
train,83,252,41.0,26.531544,-14.468456
train,83,253,40.0,28.737125,-11.262875
train,83,254,39.0,31.028936,-7.9710636
train,83,255,38.0,31.994772,-6.005228
train,83,256,37.0,35.79566,-1.2043419
train,83,257,36.0,31.525627,-4.474373
train,83,258,35.0,34.186646,-0.8133545
train,83,259,34.0,36.32168,2.3216782
train,83,260,33.0,31.707247,-1.2927532
train,83,261,32.0,35.011444,3.011444
train,83,262,31.0,32.705242,1.7052422
train,83,263,30.0,32.142963,2.1429634
train,83,264,29.0,34.221375,5.2213745
train,83,265,28.0,32.368477,4.368477
train,83,266,27.0,32.605957,5.605957
train,83,267,26.0,30.693544,4.6935444
train,83,268,25.0,28.22003,3.2200298
train,83,269,24.0,24.383865,0.38386536
train,83,270,23.0,25.020897,2.020897
train,83,271,22.0,20.729137,-1.2708626
train,83,272,21.0,20.259243,-0.740757
train,83,273,20.0,20.943108,0.9431076
train,83,274,19.0,17.497292,-1.5027084
train,83,275,18.0,16.401043,-1.5989571
train,83,276,17.0,17.960232,0.9602318
train,83,277,16.0,17.345894,1.3458939
train,83,278,15.0,12.818681,-2.1813192
train,83,279,14.0,11.146059,-2.853941
train,83,280,13.0,12.360255,-0.63974476
train,83,281,12.0,8.913991,-3.086009
train,83,282,11.0,7.6410995,-3.3589005
train,83,283,10.0,5.5743814,-4.4256186
train,83,284,9.0,4.5495477,-4.4504523
train,83,285,8.0,4.4671683,-3.5328317
train,83,286,7.0,5.8869624,-1.1130376
train,83,287,6.0,5.0989394,-0.9010606
train,83,288,5.0,5.7295976,0.72959757
train,83,289,4.0,5.450168,1.4501681
train,83,290,3.0,2.8075051,-0.19249487
train,83,291,2.0,4.2695413,2.2695413
train,83,292,1.0,2.9595428,1.9595428
train,83,293,0.0,2.727303,2.727303
train,84,30,237.0,141.96144,-95.03856
train,84,31,236.0,142.45831,-93.54169
train,84,32,235.0,142.43051,-92.56949
train,84,33,234.0,141.147,-92.853
train,84,34,233.0,142.40369,-90.59631
train,84,35,232.0,133.65247,-98.347534
train,84,36,231.0,142.48793,-88.51207
train,84,37,230.0,142.24771,-87.75229
train,84,38,229.0,142.53792,-86.46208
train,84,39,228.0,142.37006,-85.629944
train,84,40,227.0,142.10878,-84.89122
train,84,41,226.0,142.48203,-83.517975
train,84,42,225.0,142.15479,-82.845215
train,84,43,224.0,141.09352,-82.90648
train,84,44,223.0,141.64944,-81.350555
train,84,45,222.0,142.15517,-79.84483
train,84,46,221.0,142.41217,-78.58783
train,84,47,220.0,142.35373,-77.64627
train,84,48,219.0,139.49706,-79.502945
train,84,49,218.0,133.60272,-84.39728
train,84,50,217.0,133.82986,-83.170135
train,84,51,216.0,139.8757,-76.1243
train,84,52,215.0,141.47647,-73.52353
train,84,53,214.0,139.71481,-74.28519
train,84,54,213.0,142.12436,-70.87564
train,84,55,212.0,142.23972,-69.760284
train,84,56,211.0,142.16061,-68.839386
train,84,57,210.0,141.97888,-68.02112
train,84,58,209.0,141.25209,-67.74791
train,84,59,208.0,141.69379,-66.30621
train,84,60,207.0,141.9507,-65.0493
train,84,61,206.0,139.87473,-66.125275
train,84,62,205.0,141.61548,-63.38452
train,84,63,204.0,141.62209,-62.377914
train,84,64,203.0,141.79141,-61.208588
train,84,65,202.0,141.87016,-60.129837
train,84,66,201.0,141.77817,-59.221832
train,84,67,200.0,142.26521,-57.734787
train,84,68,199.0,140.7547,-58.2453
train,84,69,198.0,139.40889,-58.59111
train,84,70,197.0,139.69684,-57.30316
train,84,71,196.0,141.30615,-54.693848
train,84,72,195.0,141.68704,-53.312958
train,84,73,194.0,141.98016,-52.019836
train,84,74,193.0,139.07214,-53.927856
train,84,75,192.0,141.16492,-50.835083
train,84,76,191.0,140.54431,-50.45569
train,84,77,190.0,140.89105,-49.108948
train,84,78,189.0,141.82236,-47.177643
train,84,79,188.0,141.04948,-46.950516
train,84,80,187.0,141.73508,-45.264923
train,84,81,186.0,140.53665,-45.46335
train,84,82,185.0,142.03938,-42.960617
train,84,83,184.0,124.79266,-59.207336
train,84,84,183.0,137.44711,-45.552887
train,84,85,182.0,137.5426,-44.457397
train,84,86,181.0,139.2336,-41.766403
train,84,87,180.0,139.97899,-40.02101
train,84,88,179.0,140.8766,-38.123398
train,84,89,178.0,138.53842,-39.46158
train,84,90,177.0,137.66946,-39.330536
train,84,91,176.0,118.23968,-57.760323
train,84,92,175.0,136.26944,-38.73056
train,84,93,174.0,135.89316,-38.106842
train,84,94,173.0,141.16061,-31.839386
train,84,95,172.0,137.13263,-34.86737
train,84,96,171.0,135.81999,-35.180008
train,84,97,170.0,140.87679,-29.123215
train,84,98,169.0,138.02585,-30.974152
train,84,99,168.0,141.27003,-26.729965
train,84,100,167.0,141.4876,-25.512405
train,84,101,166.0,141.23334,-24.766663
train,84,102,165.0,140.97415,-24.025848
train,84,103,164.0,140.53624,-23.46376
train,84,104,163.0,138.62099,-24.379013
train,84,105,162.0,140.04575,-21.954254
train,84,106,161.0,141.24661,-19.753387
train,84,107,160.0,140.44257,-19.557434
train,84,108,159.0,140.765,-18.235
train,84,109,158.0,140.71774,-17.282257
train,84,110,157.0,140.94156,-16.058441
train,84,111,156.0,134.48708,-21.512924
train,84,112,155.0,139.78502,-15.214981
train,84,113,154.0,139.95145,-14.048553
train,84,114,153.0,141.21931,-11.780685
train,84,115,152.0,140.51097,-11.489029
train,84,116,151.0,130.41263,-20.587372
train,84,117,150.0,138.35202,-11.64798
train,84,118,149.0,138.56146,-10.438538
train,84,119,148.0,124.10238,-23.897621
train,84,120,147.0,140.40755,-6.592453
train,84,121,146.0,141.09708,-4.9029236
train,84,122,145.0,141.18411,-3.8158875
train,84,123,144.0,135.92871,-8.071289
train,84,124,143.0,139.20241,-3.7975922
train,84,125,142.0,139.8995,-2.1004944
train,84,126,141.0,136.9058,-4.0941925
train,84,127,140.0,136.72673,-3.2732697
train,84,128,139.0,126.90624,-12.093758
train,84,129,138.0,128.95201,-9.047989
train,84,130,137.0,128.0738,-8.926193
train,84,131,136.0,132.45091,-3.5490875
train,84,132,135.0,133.76498,-1.2350159
train,84,133,134.0,135.5662,1.5661926
train,84,134,133.0,134.75757,1.7575684
train,84,135,132.0,136.98123,4.9812317
train,84,136,131.0,134.64053,3.6405334
train,84,137,130.0,125.461784,-4.5382156
train,84,138,129.0,122.399376,-6.600624
train,84,139,128.0,97.844734,-30.155266
train,84,140,127.0,122.11791,-4.8820877
train,84,141,126.0,93.40509,-32.59491
train,84,142,125.0,109.26083,-15.739166
train,84,143,124.0,115.04115,-8.958847
train,84,144,123.0,128.77939,5.7793884
train,84,145,122.0,119.59394,-2.4060593
train,84,146,121.0,100.048195,-20.951805
train,84,147,120.0,126.35212,6.3521194
train,84,148,119.0,122.02469,3.0246887
train,84,149,118.0,111.88726,-6.1127396
train,84,150,117.0,117.52705,0.5270462
train,84,151,116.0,133.34479,17.344788
train,84,152,115.0,131.29681,16.296814
train,84,153,114.0,130.40265,16.402649
train,84,154,113.0,134.38913,21.38913
train,84,155,112.0,121.17553,9.1755295
train,84,156,111.0,107.26719,-3.732811
train,84,157,110.0,100.43449,-9.565514
train,84,158,109.0,87.69285,-21.307152
train,84,159,108.0,88.641624,-19.358376
train,84,160,107.0,88.63035,-18.369652
train,84,161,106.0,90.84113,-15.158867
train,84,162,105.0,91.437485,-13.562515
train,84,163,104.0,96.86705,-7.13295
train,84,164,103.0,101.99374,-1.0062637
train,84,165,102.0,95.04747,-6.95253
train,84,166,101.0,95.23728,-5.762718
train,84,167,100.0,76.54311,-23.456886
train,84,168,99.0,78.7599,-20.240097
train,84,169,98.0,80.76046,-17.23954
train,84,170,97.0,84.53985,-12.460152
train,84,171,96.0,80.899796,-15.100204
train,84,172,95.0,77.00626,-17.993736
train,84,173,94.0,79.37046,-14.6295395
train,84,174,93.0,79.98821,-13.011787
train,84,175,92.0,80.24095,-11.759048
train,84,176,91.0,76.973305,-14.026695
train,84,177,90.0,76.05724,-13.942757
train,84,178,89.0,79.51702,-9.482979
train,84,179,88.0,75.821175,-12.178825
train,84,180,87.0,83.49868,-3.50132
train,84,181,86.0,77.20951,-8.790489
train,84,182,85.0,74.133125,-10.866875
train,84,183,84.0,83.57045,-0.42955017
train,84,184,83.0,89.10567,6.105667
train,84,185,82.0,85.97994,3.9799423
train,84,186,81.0,84.45009,3.4500885
train,84,187,80.0,82.20489,2.2048874
train,84,188,79.0,77.46937,-1.530632
train,84,189,78.0,80.955864,2.955864
train,84,190,77.0,79.4932,2.4932022
train,84,191,76.0,79.398735,3.398735
train,84,192,75.0,84.442535,9.442535
train,84,193,74.0,78.91132,4.9113235
train,84,194,73.0,77.91715,4.9171524
train,84,195,72.0,72.814995,0.8149948
train,84,196,71.0,68.28083,-2.7191696
train,84,197,70.0,68.83061,-1.1693878
train,84,198,69.0,67.54053,-1.4594727
train,84,199,68.0,67.113655,-0.8863449
train,84,200,67.0,68.965164,1.9651642
train,84,201,66.0,66.01862,0.018623352
train,84,202,65.0,61.687157,-3.3128433
train,84,203,64.0,60.849857,-3.1501427
train,84,204,63.0,57.29561,-5.7043915
train,84,205,62.0,53.150528,-8.849472
train,84,206,61.0,52.183243,-8.816757
train,84,207,60.0,49.976486,-10.023514
train,84,208,59.0,47.13084,-11.86916
train,84,209,58.0,47.252106,-10.747894
train,84,210,57.0,45.39267,-11.60733
train,84,211,56.0,46.82663,-9.17337
train,84,212,55.0,48.17246,-6.8275414
train,84,213,54.0,49.677933,-4.3220673
train,84,214,53.0,48.19467,-4.8053284
train,84,215,52.0,47.050526,-4.9494743
train,84,216,51.0,46.51596,-4.4840393
train,84,217,50.0,46.85386,-3.146141
train,84,218,49.0,46.88693,-2.1130714
train,84,219,48.0,46.748993,-1.2510071
train,84,220,47.0,44.2416,-2.7584
train,84,221,46.0,42.923656,-3.0763435
train,84,222,45.0,42.376762,-2.6232376
train,84,223,44.0,39.588192,-4.411808
train,84,224,43.0,43.035355,0.035354614
train,84,225,42.0,41.376785,-0.6232147
train,84,226,41.0,40.258976,-0.741024
train,84,227,40.0,37.718224,-2.2817764
train,84,228,39.0,38.569138,-0.43086243
train,84,229,38.0,39.109215,1.1092148
train,84,230,37.0,35.920662,-1.0793381
train,84,231,36.0,36.042812,0.042812347
train,84,232,35.0,33.825966,-1.1740341
train,84,233,34.0,36.9236,2.9235992
train,84,234,33.0,32.891144,-0.1088562
train,84,235,32.0,33.52842,1.5284195
train,84,236,31.0,31.020481,0.02048111
train,84,237,30.0,29.18892,-0.81108093
train,84,238,29.0,27.440498,-1.5595016
train,84,239,28.0,30.489391,2.4893913
train,84,240,27.0,31.45086,4.450859
train,84,241,26.0,26.470114,0.47011375
train,84,242,25.0,26.264591,1.2645912
train,84,243,24.0,21.497917,-2.5020828
train,84,244,23.0,21.359367,-1.6406326
train,84,245,22.0,18.73188,-3.2681198
train,84,246,21.0,19.51265,-1.4873505
train,84,247,20.0,17.880842,-2.1191578
train,84,248,19.0,18.91534,-0.08465958
train,84,249,18.0,15.189853,-2.8101473
train,84,250,17.0,14.043124,-2.9568758
train,84,251,16.0,13.597323,-2.4026766
train,84,252,15.0,13.01628,-1.9837198
train,84,253,14.0,9.349488,-4.6505117
train,84,254,13.0,10.744308,-2.2556915
train,84,255,12.0,12.908539,0.9085388
train,84,256,11.0,12.787854,1.7878542
train,84,257,10.0,11.160435,1.1604347
train,84,258,9.0,10.893882,1.8938818
train,84,259,8.0,8.259378,0.25937843
train,84,260,7.0,6.6625695,-0.33743048
train,84,261,6.0,7.446448,1.4464478
train,84,262,5.0,5.376673,0.37667322
train,84,263,4.0,7.2379575,3.2379575
train,84,264,3.0,6.1540265,3.1540265
train,84,265,2.0,5.673041,3.6730409
train,84,266,1.0,4.6154027,3.6154027
train,84,267,0.0,2.8090863,2.8090863
train,85,30,158.0,143.69565,-14.304352
train,85,31,157.0,143.81226,-13.187744
train,85,32,156.0,143.82541,-12.174591
train,85,33,155.0,143.81732,-11.182678
train,85,34,154.0,143.82349,-10.176514
train,85,35,153.0,143.74304,-9.256958
train,85,36,152.0,143.79227,-8.207733
train,85,37,151.0,143.40463,-7.5953674
train,85,38,150.0,143.79669,-6.203308
train,85,39,149.0,143.81671,-5.1832886
train,85,40,148.0,143.76164,-4.2383575
train,85,41,147.0,143.78195,-3.218048
train,85,42,146.0,143.81537,-2.1846313
train,85,43,145.0,143.75412,-1.2458801
train,85,44,144.0,143.80545,-0.19454956
train,85,45,143.0,143.78477,0.7847748
train,85,46,142.0,143.80008,1.8000793
train,85,47,141.0,143.77853,2.778534
train,85,48,140.0,143.78351,3.7835083
train,85,49,139.0,143.73352,4.7335205
train,85,50,138.0,143.74149,5.7414856
train,85,51,137.0,143.7175,6.717499
train,85,52,136.0,143.70926,7.709259
train,85,53,135.0,143.7976,8.797607
train,85,54,134.0,143.71274,9.712738
train,85,55,133.0,143.74362,10.743622
train,85,56,132.0,143.79526,11.795258
train,85,57,131.0,143.58197,12.58197
train,85,58,130.0,143.77344,13.7734375
train,85,59,129.0,143.79108,14.791077
train,85,60,128.0,143.77505,15.775055
train,85,61,127.0,143.78113,16.781128
train,85,62,126.0,143.72296,17.722961
train,85,63,125.0,143.79872,18.798721
train,85,64,124.0,143.76328,19.763275
train,85,65,123.0,143.70654,20.706543
train,85,66,122.0,143.80249,21.80249
train,85,67,121.0,143.7738,22.773804
train,85,68,120.0,143.8015,23.801498
train,85,69,119.0,143.72559,24.725586
train,85,70,118.0,143.37,25.369995
train,85,71,117.0,143.65738,26.65738
train,85,72,116.0,143.69937,27.699371
train,85,73,115.0,143.73239,28.732391
train,85,74,114.0,143.7907,29.790695
train,85,75,113.0,143.47903,30.479034
train,85,76,112.0,142.16025,30.160248
train,85,77,111.0,124.26113,13.261131
train,85,78,110.0,97.2994,-12.7006
train,85,79,109.0,90.38288,-18.617119
train,85,80,108.0,89.83898,-18.161018
train,85,81,107.0,90.709175,-16.290825
train,85,82,106.0,101.07733,-4.9226685
train,85,83,105.0,131.62436,26.62436
train,85,84,104.0,104.74329,0.74329376
train,85,85,103.0,88.33605,-14.663948
train,85,86,102.0,92.45309,-9.546913
train,85,87,101.0,88.74686,-12.253143
train,85,88,100.0,79.57868,-20.421318
train,85,89,99.0,86.28806,-12.711937
train,85,90,98.0,93.56629,-4.433708
train,85,91,97.0,102.76611,5.7661133
train,85,92,96.0,106.48426,10.484261
train,85,93,95.0,98.12724,3.127243
train,85,94,94.0,106.417,12.417
train,85,95,93.0,96.74525,3.745247
train,85,96,92.0,92.7199,0.71990204
train,85,97,91.0,91.85089,0.8508911
train,85,98,90.0,85.72634,-4.2736588
train,85,99,89.0,75.88387,-13.116127
train,85,100,88.0,83.31552,-4.6844788
train,85,101,87.0,90.95437,3.9543686
train,85,102,86.0,90.96606,4.966057
train,85,103,85.0,89.3998,4.399803
train,85,104,84.0,82.61413,-1.3858719
train,85,105,83.0,77.44706,-5.5529404
train,85,106,82.0,83.34563,1.3456268
train,85,107,81.0,80.579956,-0.42004395
train,85,108,80.0,75.617615,-4.3823853
train,85,109,79.0,72.69382,-6.306183
train,85,110,78.0,76.61246,-1.3875427
train,85,111,77.0,86.933205,9.933205
train,85,112,76.0,87.64283,11.64283
train,85,113,75.0,75.65052,0.6505203
train,85,114,74.0,64.78876,-9.211243
train,85,115,73.0,66.5705,-6.429497
train,85,116,72.0,61.91962,-10.0803795
train,85,117,71.0,54.783615,-16.216385
train,85,118,70.0,56.98987,-13.010132
train,85,119,69.0,60.284916,-8.715084
train,85,120,68.0,71.919685,3.9196854
train,85,121,67.0,67.855064,0.8550644
train,85,122,66.0,63.00657,-2.993431
train,85,123,65.0,60.30356,-4.6964417
train,85,124,64.0,72.42878,8.42878
train,85,125,63.0,63.414066,0.4140663
train,85,126,62.0,64.56305,2.5630493
train,85,127,61.0,56.848175,-4.151825
train,85,128,60.0,52.27046,-7.729542
train,85,129,59.0,49.101555,-9.898445
train,85,130,58.0,48.180218,-9.819782
train,85,131,57.0,49.147717,-7.8522835
train,85,132,56.0,57.316162,1.3161621
train,85,133,55.0,53.72794,-1.2720604
train,85,134,54.0,49.332817,-4.667183
train,85,135,53.0,54.362003,1.3620033
train,85,136,52.0,56.87384,4.8738403
train,85,137,51.0,57.455418,6.4554176
train,85,138,50.0,55.713455,5.713455
train,85,139,49.0,58.11635,9.116348
train,85,140,48.0,55.067596,7.0675964
train,85,141,47.0,50.726112,3.7261124
train,85,142,46.0,48.88755,2.8875504
train,85,143,45.0,44.48206,-0.5179405
train,85,144,44.0,47.27998,3.2799797
train,85,145,43.0,52.162262,9.162262
train,85,146,42.0,48.229427,6.2294273
train,85,147,41.0,46.380028,5.380028
train,85,148,40.0,43.898766,3.8987656
train,85,149,39.0,40.573196,1.5731964
train,85,150,38.0,43.65178,5.651779
train,85,151,37.0,40.78776,3.7877617
train,85,152,36.0,38.45668,2.4566803
train,85,153,35.0,36.869366,1.8693657
train,85,154,34.0,34.024696,0.02469635
train,85,155,33.0,31.859367,-1.1406326
train,85,156,32.0,38.18969,6.1896896
train,85,157,31.0,35.65508,4.655079
train,85,158,30.0,35.01041,5.0104103
train,85,159,29.0,33.261585,4.261585
train,85,160,28.0,32.769096,4.7690964
train,85,161,27.0,34.12952,7.1295204
train,85,162,26.0,32.139965,6.139965
train,85,163,25.0,27.473133,2.473133
train,85,164,24.0,28.415987,4.415987
train,85,165,23.0,28.123932,5.123932
train,85,166,22.0,27.768152,5.768152
train,85,167,21.0,27.07111,6.07111
train,85,168,20.0,23.390152,3.390152
train,85,169,19.0,25.462837,6.462837
train,85,170,18.0,19.700207,1.7002068
train,85,171,17.0,20.902843,3.9028435
train,85,172,16.0,17.353138,1.353138
train,85,173,15.0,18.424896,3.4248962
train,85,174,14.0,17.777962,3.7779617
train,85,175,13.0,15.627891,2.6278906
train,85,176,12.0,16.337883,4.337883
train,85,177,11.0,14.628476,3.6284761
train,85,178,10.0,14.892156,4.8921556
train,85,179,9.0,13.54754,4.5475397
train,85,180,8.0,14.171482,6.171482
train,85,181,7.0,11.247429,4.247429
train,85,182,6.0,10.790372,4.790372
train,85,183,5.0,11.137969,6.137969
train,85,184,4.0,7.39193,3.39193
train,85,185,3.0,6.735005,3.735005
train,85,186,2.0,5.5141463,3.5141463
train,85,187,1.0,3.474872,2.474872
train,85,188,0.0,2.3410068,2.3410068
train,86,30,248.0,143.79883,-104.20117
train,86,31,247.0,143.67352,-103.32648
train,86,32,246.0,143.68187,-102.31813
train,86,33,245.0,143.63553,-101.36447
train,86,34,244.0,143.77531,-100.224686
train,86,35,243.0,143.62515,-99.37485
train,86,36,242.0,143.45206,-98.54794
train,86,37,241.0,143.6138,-97.3862
train,86,38,240.0,143.78218,-96.21782
train,86,39,239.0,143.38524,-95.61476
train,86,40,238.0,143.52316,-94.47684
train,86,41,237.0,143.753,-93.246994
train,86,42,236.0,143.7274,-92.2726
train,86,43,235.0,143.01913,-91.980865
train,86,44,234.0,143.76761,-90.23239
train,86,45,233.0,143.75124,-89.248764
train,86,46,232.0,143.74773,-88.25227
train,86,47,231.0,143.63786,-87.36214
train,86,48,230.0,143.76425,-86.23575
train,86,49,229.0,143.77194,-85.22806
train,86,50,228.0,143.80728,-84.19272
train,86,51,227.0,143.80916,-83.19084
train,86,52,226.0,143.76535,-82.23465
train,86,53,225.0,143.53699,-81.46301
train,86,54,224.0,143.55779,-80.442215
train,86,55,223.0,143.6899,-79.310104
train,86,56,222.0,143.59464,-78.405365
train,86,57,221.0,143.69872,-77.301285
train,86,58,220.0,143.57469,-76.42531
train,86,59,219.0,143.56497,-75.43503
train,86,60,218.0,143.2583,-74.7417
train,86,61,217.0,143.35962,-73.64038
train,86,62,216.0,143.53946,-72.46054
train,86,63,215.0,143.63776,-71.36224
train,86,64,214.0,143.70877,-70.29123
train,86,65,213.0,143.76854,-69.23146
train,86,66,212.0,139.11098,-72.88902
train,86,67,211.0,140.21365,-70.78635
train,86,68,210.0,142.27539,-67.72461
train,86,69,209.0,142.5029,-66.4971
train,86,70,208.0,143.38824,-64.611755
train,86,71,207.0,142.10315,-64.89685
train,86,72,206.0,143.04309,-62.95691
train,86,73,205.0,123.51481,-81.48519
train,86,74,204.0,140.01038,-63.989624
train,86,75,203.0,142.20586,-60.794144
train,86,76,202.0,132.39613,-69.60387
train,86,77,201.0,138.67517,-62.32483
train,86,78,200.0,140.75806,-59.241943
train,86,79,199.0,142.29214,-56.707855
train,86,80,198.0,142.95901,-55.040985
train,86,81,197.0,143.62376,-53.376236
train,86,82,196.0,143.59059,-52.40941
train,86,83,195.0,142.33487,-52.66513
train,86,84,194.0,142.40445,-51.59555
train,86,85,193.0,142.90883,-50.09117
train,86,86,192.0,143.65193,-48.34807
train,86,87,191.0,143.57997,-47.42003
train,86,88,190.0,143.2752,-46.724792
train,86,89,189.0,143.64249,-45.357513
train,86,90,188.0,143.52826,-44.47174
train,86,91,187.0,141.54175,-45.458252
train,86,92,186.0,142.9108,-43.089203
train,86,93,185.0,143.48117,-41.51883
train,86,94,184.0,143.70488,-40.29512
train,86,95,183.0,143.68634,-39.31366
train,86,96,182.0,141.45132,-40.548676
train,86,97,181.0,140.49023,-40.509766
train,86,98,180.0,142.89658,-37.103424
train,86,99,179.0,143.55763,-35.442368
train,86,100,178.0,143.1802,-34.819794
train,86,101,177.0,142.68404,-34.315964
train,86,102,176.0,142.88066,-33.11934
train,86,103,175.0,143.32231,-31.677689
train,86,104,174.0,143.05608,-30.943924
train,86,105,173.0,141.49945,-31.50055
train,86,106,172.0,141.34085,-30.65915
train,86,107,171.0,141.56552,-29.434479
train,86,108,170.0,142.32167,-27.67833
train,86,109,169.0,143.1946,-25.805405
train,86,110,168.0,143.14609,-24.853912
train,86,111,167.0,142.9813,-24.018707
train,86,112,166.0,141.77304,-24.22696
train,86,113,165.0,142.46312,-22.53688
train,86,114,164.0,143.26495,-20.735046
train,86,115,163.0,143.11346,-19.886536
train,86,116,162.0,143.23978,-18.760223
train,86,117,161.0,139.6605,-21.339493
train,86,118,160.0,137.99483,-22.005173
train,86,119,159.0,135.16104,-23.838959
train,86,120,158.0,137.67984,-20.32016
train,86,121,157.0,126.032234,-30.967766
train,86,122,156.0,128.61133,-27.388672
train,86,123,155.0,132.78018,-22.219818
train,86,124,154.0,135.17648,-18.823517
train,86,125,153.0,126.08774,-26.912262
train,86,126,152.0,125.41772,-26.582283
train,86,127,151.0,122.450005,-28.549995
train,86,128,150.0,135.63571,-14.364288
train,86,129,149.0,141.5001,-7.499893
train,86,130,148.0,140.79883,-7.201172
train,86,131,147.0,141.00969,-5.9903107
train,86,132,146.0,143.19514,-2.8048553
train,86,133,145.0,142.1177,-2.8822937
train,86,134,144.0,138.99426,-5.0057373
train,86,135,143.0,139.54301,-3.4569855
train,86,136,142.0,143.3204,1.320404
train,86,137,141.0,143.37888,2.3788757
train,86,138,140.0,141.63477,1.6347656
train,86,139,139.0,141.74713,2.7471313
train,86,140,138.0,141.98933,3.989334
train,86,141,137.0,142.66708,5.6670837
train,86,142,136.0,140.436,4.4360046
train,86,143,135.0,136.1707,1.1707001
train,86,144,134.0,133.84113,-0.15887451
train,86,145,133.0,118.29835,-14.701653
train,86,146,132.0,105.64914,-26.35086
train,86,147,131.0,115.08425,-15.915749
train,86,148,130.0,125.34188,-4.658119
train,86,149,129.0,129.09024,0.09024048
train,86,150,128.0,128.9452,0.9452057
train,86,151,127.0,119.33316,-7.6668396
train,86,152,126.0,118.73026,-7.2697372
train,86,153,125.0,126.94316,1.943161
train,86,154,124.0,132.40167,8.401672
train,86,155,123.0,131.37636,8.376358
train,86,156,122.0,121.45765,-0.54235077
train,86,157,121.0,92.34316,-28.656837
train,86,158,120.0,106.97291,-13.027092
train,86,159,119.0,98.86173,-20.138268
train,86,160,118.0,103.82833,-14.171669
train,86,161,117.0,123.43752,6.437523
train,86,162,116.0,133.42209,17.422089
train,86,163,115.0,140.5281,25.528107
train,86,164,114.0,135.83026,21.830261
train,86,165,113.0,130.08275,17.082748
train,86,166,112.0,131.50778,19.507782
train,86,167,111.0,122.45774,11.457741
train,86,168,110.0,113.71557,3.7155685
train,86,169,109.0,89.805565,-19.194435
train,86,170,108.0,92.20529,-15.794708
train,86,171,107.0,100.524055,-6.4759445
train,86,172,106.0,88.70287,-17.297127
train,86,173,105.0,94.96614,-10.033859
train,86,174,104.0,96.742775,-7.257225
train,86,175,103.0,85.89477,-17.105232
train,86,176,102.0,87.721436,-14.278564
train,86,177,101.0,90.05338,-10.946617
train,86,178,100.0,81.98279,-18.017212
train,86,179,99.0,79.36029,-19.63971
train,86,180,98.0,79.64605,-18.35395
train,86,181,97.0,58.187553,-38.812447
train,86,182,96.0,58.549377,-37.450623
train,86,183,95.0,71.74397,-23.256027
train,86,184,94.0,69.85477,-24.145233
train,86,185,93.0,83.54564,-9.454361
train,86,186,92.0,75.738884,-16.261116
train,86,187,91.0,78.512085,-12.487915
train,86,188,90.0,76.69047,-13.309532
train,86,189,89.0,72.9116,-16.088402
train,86,190,88.0,73.31988,-14.680122
train,86,191,87.0,76.89465,-10.105347
train,86,192,86.0,74.4643,-11.535698
train,86,193,85.0,80.47756,-4.522438
train,86,194,84.0,82.43618,-1.5638199
train,86,195,83.0,84.55409,1.5540924
train,86,196,82.0,98.01129,16.011292
train,86,197,81.0,94.86907,13.869072
train,86,198,80.0,84.73946,4.739464
train,86,199,79.0,92.11265,13.112648
train,86,200,78.0,88.1135,10.1135025
train,86,201,77.0,92.9345,15.934502
train,86,202,76.0,91.79905,15.799049
train,86,203,75.0,90.88671,15.886711
train,86,204,74.0,86.82658,12.826576
train,86,205,73.0,76.916725,3.9167252
train,86,206,72.0,72.655235,0.6552353
train,86,207,71.0,68.91216,-2.0878372
train,86,208,70.0,68.23413,-1.7658691
train,86,209,69.0,67.78851,-1.2114868
train,86,210,68.0,68.20862,0.20861816
train,86,211,67.0,65.217514,-1.782486
train,86,212,66.0,64.50597,-1.4940338
train,86,213,65.0,63.06745,-1.9325485
train,86,214,64.0,65.7852,1.785202
train,86,215,63.0,58.80957,-4.1904297
train,86,216,62.0,57.3681,-4.631901
train,86,217,61.0,60.98501,-0.01499176
train,86,218,60.0,62.745934,2.7459335
train,86,219,59.0,64.388535,5.3885345
train,86,220,58.0,58.790768,0.79076767
train,86,221,57.0,59.55509,2.5550919
train,86,222,56.0,56.701416,0.701416
train,86,223,55.0,55.76066,0.76065826
train,86,224,54.0,56.20896,2.2089615
train,86,225,53.0,59.66959,6.66959
train,86,226,52.0,56.777153,4.777153
train,86,227,51.0,54.94083,3.9408302
train,86,228,50.0,55.09654,5.0965385
train,86,229,49.0,57.014946,8.014946
train,86,230,48.0,54.62227,6.6222687
train,86,231,47.0,56.224915,9.224915
train,86,232,46.0,55.971004,9.9710045
train,86,233,45.0,51.22394,6.223942
train,86,234,44.0,52.41442,8.414421
train,86,235,43.0,50.126255,7.126255
train,86,236,42.0,48.983383,6.983383
train,86,237,41.0,46.71148,5.711479
train,86,238,40.0,42.107655,2.1076546
train,86,239,39.0,41.96638,2.966381
train,86,240,38.0,38.834164,0.83416367
train,86,241,37.0,37.738815,0.7388153
train,86,242,36.0,35.426933,-0.5730667
train,86,243,35.0,33.33071,-1.6692886
train,86,244,34.0,33.715527,-0.28447342
train,86,245,33.0,31.732292,-1.2677078
train,86,246,32.0,27.815845,-4.1841545
train,86,247,31.0,25.181034,-5.818966
train,86,248,30.0,21.171692,-8.828308
train,86,249,29.0,23.006874,-5.993126
train,86,250,28.0,20.47771,-7.5222893
train,86,251,27.0,21.334679,-5.6653214
train,86,252,26.0,20.277603,-5.722397
train,86,253,25.0,22.74403,-2.25597
train,86,254,24.0,19.46671,-4.533291
train,86,255,23.0,19.01364,-3.9863605
train,86,256,22.0,20.576517,-1.4234829
train,86,257,21.0,20.163395,-0.8366051
train,86,258,20.0,21.081032,1.0810318
train,86,259,19.0,19.606731,0.6067314
train,86,260,18.0,19.11496,1.1149597
train,86,261,17.0,18.561943,1.561943
train,86,262,16.0,16.764023,0.7640228
train,86,263,15.0,14.613788,-0.38621235
train,86,264,14.0,12.059384,-1.9406157
train,86,265,13.0,13.095089,0.09508896
train,86,266,12.0,10.550893,-1.4491072
train,86,267,11.0,10.779325,-0.22067547
train,86,268,10.0,5.460112,-4.539888
train,86,269,9.0,5.8081517,-3.1918483
train,86,270,8.0,5.8020816,-2.1979184
train,86,271,7.0,6.09479,-0.90521
train,86,272,6.0,6.954492,0.9544921
train,86,273,5.0,7.6932864,2.6932864
train,86,274,4.0,6.932568,2.932568
train,86,275,3.0,6.287411,3.2874112
train,86,276,2.0,7.2618756,5.2618756
train,86,277,1.0,6.2647367,5.2647367
train,86,278,0.0,5.565187,5.565187
train,87,30,148.0,142.40288,-5.597122
train,87,31,147.0,142.72925,-4.270752
train,87,32,146.0,143.14279,-2.8572083
train,87,33,145.0,143.61163,-1.3883667
train,87,34,144.0,143.45383,-0.5461731
train,87,35,143.0,143.57306,0.5730591
train,87,36,142.0,143.40982,1.4098206
train,87,37,141.0,143.73268,2.7326813
train,87,38,140.0,143.72742,3.727417
train,87,39,139.0,143.44382,4.443817
train,87,40,138.0,143.43034,5.4303436
train,87,41,137.0,143.55234,6.5523376
train,87,42,136.0,143.34232,7.3423157
train,87,43,135.0,141.53842,6.5384216
train,87,44,134.0,142.75719,8.757187
train,87,45,133.0,123.27903,-9.72097
train,87,46,132.0,132.2268,0.22680664
train,87,47,131.0,132.84554,1.8455353
train,87,48,130.0,135.47498,5.4749756
train,87,49,129.0,118.438354,-10.5616455
train,87,50,128.0,126.59317,-1.4068298
train,87,51,127.0,122.28085,-4.7191467
train,87,52,126.0,116.36352,-9.636482
train,87,53,125.0,139.20299,14.202988
train,87,54,124.0,131.40692,7.4069214
train,87,55,123.0,115.82255,-7.177452
train,87,56,122.0,118.38522,-3.6147766
train,87,57,121.0,115.087685,-5.9123154
train,87,58,120.0,122.48066,2.4806595
train,87,59,119.0,115.92954,-3.0704575
train,87,60,118.0,117.46409,-0.53591156
train,87,61,117.0,104.218864,-12.781136
train,87,62,116.0,123.600204,7.6002045
train,87,63,115.0,119.30927,4.309273
train,87,64,114.0,107.003975,-6.996025
train,87,65,113.0,110.67193,-2.3280716
train,87,66,112.0,96.351395,-15.648605
train,87,67,111.0,88.25503,-22.744972
train,87,68,110.0,91.132805,-18.867195
train,87,69,109.0,94.80443,-14.195572
train,87,70,108.0,100.47021,-7.529793
train,87,71,107.0,99.900856,-7.099144
train,87,72,106.0,106.53521,0.53520966
train,87,73,105.0,100.854355,-4.145645
train,87,74,104.0,105.64504,1.6450424
train,87,75,103.0,114.683525,11.683525
train,87,76,102.0,131.01248,29.012482
train,87,77,101.0,142.2395,41.239502
train,87,78,100.0,142.1423,42.142303
train,87,79,99.0,140.52618,41.526184
train,87,80,98.0,140.05772,42.057724
train,87,81,97.0,141.10382,44.10382
train,87,82,96.0,142.36264,46.36264
train,87,83,95.0,137.68616,42.686157
train,87,84,94.0,140.02032,46.020325
train,87,85,93.0,125.43243,32.432426
train,87,86,92.0,116.25913,24.259132
train,87,87,91.0,110.18336,19.183357
train,87,88,90.0,98.203255,8.203255
train,87,89,89.0,89.599236,0.59923553
train,87,90,88.0,92.25349,4.2534866
train,87,91,87.0,94.990166,7.9901657
train,87,92,86.0,99.61973,13.619728
train,87,93,85.0,118.16216,33.162163
train,87,94,84.0,79.910965,-4.089035
train,87,95,83.0,81.23237,-1.7676315
train,87,96,82.0,78.18387,-3.8161316
train,87,97,81.0,74.306984,-6.693016
train,87,98,80.0,74.36889,-5.631111
train,87,99,79.0,77.35298,-1.6470184
train,87,100,78.0,80.183014,2.183014
train,87,101,77.0,74.77048,-2.2295227
train,87,102,76.0,82.89706,6.8970566
train,87,103,75.0,71.60119,-3.3988113
train,87,104,74.0,106.04528,32.04528
train,87,105,73.0,136.2438,63.243805
train,87,106,72.0,137.40668,65.40668
train,87,107,71.0,141.03328,70.03328
train,87,108,70.0,140.2136,70.21359
train,87,109,69.0,133.15948,64.159485
train,87,110,68.0,116.66961,48.66961
train,87,111,67.0,104.9103,37.9103
train,87,112,66.0,99.78893,33.788933
train,87,113,65.0,83.09064,18.090637
train,87,114,64.0,71.935844,7.9358444
train,87,115,63.0,69.497826,6.4978256
train,87,116,62.0,59.60106,-2.398941
train,87,117,61.0,58.7295,-2.2705002
train,87,118,60.0,59.961372,-0.038627625
train,87,119,59.0,49.95802,-9.041981
train,87,120,58.0,44.84967,-13.15033
train,87,121,57.0,40.424416,-16.575584
train,87,122,56.0,41.764168,-14.235832
train,87,123,55.0,50.878803,-4.1211967
train,87,124,54.0,49.332443,-4.667557
train,87,125,53.0,44.125565,-8.874435
train,87,126,52.0,50.48334,-1.5166588
train,87,127,51.0,44.17487,-6.8251305
train,87,128,50.0,59.02223,9.022228
train,87,129,49.0,51.551025,2.5510254
train,87,130,48.0,47.287453,-0.7125473
train,87,131,47.0,48.37576,1.3757591
train,87,132,46.0,49.450874,3.4508743
train,87,133,45.0,43.311806,-1.6881943
train,87,134,44.0,37.90103,-6.0989685
train,87,135,43.0,37.389496,-5.610504
train,87,136,42.0,39.059235,-2.9407654
train,87,137,41.0,43.212273,2.2122726
train,87,138,40.0,41.135853,1.1358528
train,87,139,39.0,37.87057,-1.1294289
train,87,140,38.0,47.17173,9.17173
train,87,141,37.0,41.71044,4.7104416
train,87,142,36.0,47.249424,11.249424
train,87,143,35.0,47.119553,12.119553
train,87,144,34.0,40.59157,6.591572
train,87,145,33.0,42.783463,9.783463
train,87,146,32.0,36.92936,4.9293594
train,87,147,31.0,35.834747,4.8347473
train,87,148,30.0,36.22169,6.221691
train,87,149,29.0,33.455967,4.455967
train,87,150,28.0,32.10163,4.101631
train,87,151,27.0,30.359558,3.359558
train,87,152,26.0,27.287659,1.2876587
train,87,153,25.0,32.256256,7.256256
train,87,154,24.0,31.209919,7.209919
train,87,155,23.0,28.75415,5.7541504
train,87,156,22.0,28.93121,6.9312096
train,87,157,21.0,26.443083,5.443083
train,87,158,20.0,22.650146,2.6501465
train,87,159,19.0,18.851467,-0.14853287
train,87,160,18.0,17.599703,-0.40029716
train,87,161,17.0,17.15859,0.15859032
train,87,162,16.0,16.415543,0.4155426
train,87,163,15.0,15.398059,0.3980589
train,87,164,14.0,13.552447,-0.44755268
train,87,165,13.0,10.381829,-2.6181707
train,87,166,12.0,12.194214,0.19421387
train,87,167,11.0,9.878835,-1.1211653
train,87,168,10.0,10.233987,0.23398685
train,87,169,9.0,10.253837,1.2538366
train,87,170,8.0,8.865501,0.8655014
train,87,171,7.0,9.984362,2.9843616
train,87,172,6.0,7.412784,1.4127841
train,87,173,5.0,8.921044,3.9210443
train,87,174,4.0,7.5660396,3.5660396
train,87,175,3.0,5.154059,2.154059
train,87,176,2.0,5.0609117,3.0609117
train,87,177,1.0,2.2664142,1.2664142
train,87,178,0.0,2.4397855,2.4397855
train,88,30,183.0,113.31459,-69.68541
train,88,31,182.0,108.19683,-73.80317
train,88,32,181.0,110.03636,-70.96364
train,88,33,180.0,112.3014,-67.6986
train,88,34,179.0,116.85633,-62.14367
train,88,35,178.0,129.08203,-48.91797
train,88,36,177.0,140.77994,-36.220062
train,88,37,176.0,143.02701,-32.972992
train,88,38,175.0,143.57083,-31.429169
train,88,39,174.0,143.7034,-30.2966
train,88,40,173.0,143.6738,-29.326202
train,88,41,172.0,143.78738,-28.212616
train,88,42,171.0,143.7785,-27.221497
train,88,43,170.0,143.80524,-26.194763
train,88,44,169.0,143.3306,-25.669403
train,88,45,168.0,143.69904,-24.300964
train,88,46,167.0,143.69363,-23.306366
train,88,47,166.0,143.74274,-22.257263
train,88,48,165.0,141.87094,-23.129059
train,88,49,164.0,131.50731,-32.49269
train,88,50,163.0,138.73706,-24.26294
train,88,51,162.0,141.12726,-20.872742
train,88,52,161.0,136.89307,-24.106934
train,88,53,160.0,139.39957,-20.600433
train,88,54,159.0,132.0773,-26.922699
train,88,55,158.0,120.409874,-37.590126
train,88,56,157.0,122.28626,-34.713737
train,88,57,156.0,117.90109,-38.098907
train,88,58,155.0,119.98449,-35.01551
train,88,59,154.0,104.75513,-49.244873
train,88,60,153.0,103.16528,-49.834717
train,88,61,152.0,116.2089,-35.7911
train,88,62,151.0,120.15642,-30.843582
train,88,63,150.0,134.17407,-15.825928
train,88,64,149.0,141.55176,-7.448242
train,88,65,148.0,143.58746,-4.4125366
train,88,66,147.0,143.7453,-3.2546997
train,88,67,146.0,143.63777,-2.3622284
train,88,68,145.0,143.5675,-1.4324951
train,88,69,144.0,143.72049,-0.2795105
train,88,70,143.0,143.3474,0.34739685
train,88,71,142.0,143.77644,1.7764435
train,88,72,141.0,143.77563,2.7756348
train,88,73,140.0,143.80833,3.8083344
train,88,74,139.0,143.77011,4.770111
train,88,75,138.0,143.80138,5.8013763
train,88,76,137.0,143.21121,6.211212
train,88,77,136.0,143.63412,7.6341248
train,88,78,135.0,97.27268,-37.727318
train,88,79,134.0,104.433495,-29.566505
train,88,80,133.0,109.89536,-23.104637
train,88,81,132.0,116.14649,-15.853508
train,88,82,131.0,112.36559,-18.634407
train,88,83,130.0,111.60455,-18.395447
train,88,84,129.0,110.39152,-18.608482
train,88,85,128.0,107.63064,-20.369362
train,88,86,127.0,113.98035,-13.019653
train,88,87,126.0,102.681404,-23.318596
train,88,88,125.0,102.466965,-22.533035
train,88,89,124.0,106.53661,-17.463387
train,88,90,123.0,106.94276,-16.057243
train,88,91,122.0,113.95309,-8.046913
train,88,92,121.0,119.893326,-1.1066742
train,88,93,120.0,124.254776,4.254776
train,88,94,119.0,120.71295,1.7129517
train,88,95,118.0,103.86005,-14.139954
train,88,96,117.0,95.4166,-21.583397
train,88,97,116.0,90.43124,-25.568764
train,88,98,115.0,79.526146,-35.473854
train,88,99,114.0,86.517456,-27.482544
train,88,100,113.0,92.55299,-20.447006
train,88,101,112.0,91.82175,-20.178253
train,88,102,111.0,89.425095,-21.574905
train,88,103,110.0,90.22625,-19.77375
train,88,104,109.0,85.671394,-23.328606
train,88,105,108.0,81.80564,-26.194359
train,88,106,107.0,77.25172,-29.748283
train,88,107,106.0,81.21012,-24.789879
train,88,108,105.0,83.8865,-21.113503
train,88,109,104.0,80.63967,-23.360329
train,88,110,103.0,77.2203,-25.779701
train,88,111,102.0,83.381386,-18.618614
train,88,112,101.0,81.47199,-19.528008
train,88,113,100.0,83.768776,-16.231224
train,88,114,99.0,86.683235,-12.316765
train,88,115,98.0,91.81028,-6.18972
train,88,116,97.0,95.991035,-1.0089645
train,88,117,96.0,84.715775,-11.284225
train,88,118,95.0,81.60327,-13.3967285
train,88,119,94.0,88.45194,-5.5480576
train,88,120,93.0,91.98437,-1.0156326
train,88,121,92.0,91.371796,-0.62820435
train,88,122,91.0,83.81489,-7.185112
train,88,123,90.0,75.61418,-14.3858185
train,88,124,89.0,74.974915,-14.025085
train,88,125,88.0,80.216064,-7.7839355
train,88,126,87.0,86.48621,-0.5137863
train,88,127,86.0,87.632774,1.6327744
train,88,128,85.0,83.80832,-1.1916809
train,88,129,84.0,78.94573,-5.054268
train,88,130,83.0,78.67013,-4.329872
train,88,131,82.0,78.797005,-3.2029953
train,88,132,81.0,83.45121,2.45121
train,88,133,80.0,83.837814,3.8378143
train,88,134,79.0,82.19497,3.1949692
train,88,135,78.0,72.5481,-5.4518967
train,88,136,77.0,74.106476,-2.8935242
train,88,137,76.0,71.26662,-4.733383
train,88,138,75.0,75.48053,0.4805298
train,88,139,74.0,75.02741,1.0274124
train,88,140,73.0,72.202225,-0.79777527
train,88,141,72.0,72.93102,0.93102264
train,88,142,71.0,70.481,-0.5189972
train,88,143,70.0,70.88854,0.8885422
train,88,144,69.0,72.475716,3.4757156
train,88,145,68.0,70.45333,2.453331
train,88,146,67.0,68.19944,1.19944
train,88,147,66.0,59.7409,-6.259102
train,88,148,65.0,60.81437,-4.185631
train,88,149,64.0,60.43537,-3.5646286
train,88,150,63.0,58.638115,-4.361885
train,88,151,62.0,58.131798,-3.8682022
train,88,152,61.0,59.82505,-1.1749496
train,88,153,60.0,54.935455,-5.0645447
train,88,154,59.0,55.17324,-3.8267593
train,88,155,58.0,55.453697,-2.5463028
train,88,156,57.0,56.40724,-0.5927582
train,88,157,56.0,57.302464,1.3024635
train,88,158,55.0,52.95082,-2.049179
train,88,159,54.0,48.29419,-5.7058105
train,88,160,53.0,49.550312,-3.449688
train,88,161,52.0,50.551537,-1.4484634
train,88,162,51.0,51.92216,0.9221611
train,88,163,50.0,54.265636,4.2656364
train,88,164,49.0,53.840904,4.840904
train,88,165,48.0,51.835938,3.8359375
train,88,166,47.0,53.956703,6.956703
train,88,167,46.0,53.153366,7.153366
train,88,168,45.0,48.943756,3.943756
train,88,169,44.0,47.063187,3.0631866
train,88,170,43.0,44.31196,1.3119583
train,88,171,42.0,42.343098,0.3430977
train,88,172,41.0,40.65415,-0.3458519
train,88,173,40.0,35.583897,-4.4161034
train,88,174,39.0,34.672035,-4.327965
train,88,175,38.0,37.073997,-0.9260025
train,88,176,37.0,39.32356,2.3235588
train,88,177,36.0,37.58791,1.5879097
train,88,178,35.0,35.426743,0.42674255
train,88,179,34.0,35.2871,1.2871017
train,88,180,33.0,34.55058,1.5505791
train,88,181,32.0,30.108126,-1.8918743
train,88,182,31.0,28.423626,-2.576374
train,88,183,30.0,27.005312,-2.994688
train,88,184,29.0,26.209145,-2.7908554
train,88,185,28.0,23.917614,-4.082386
train,88,186,27.0,23.709875,-3.290125
train,88,187,26.0,22.205843,-3.794157
train,88,188,25.0,21.267239,-3.7327614
train,88,189,24.0,20.642124,-3.3578758
train,88,190,23.0,20.853247,-2.1467533
train,88,191,22.0,19.593782,-2.4062176
train,88,192,21.0,20.69668,-0.30331993
train,88,193,20.0,21.208614,1.2086143
train,88,194,19.0,16.896881,-2.103119
train,88,195,18.0,15.370974,-2.6290264
train,88,196,17.0,12.749168,-4.2508316
train,88,197,16.0,13.106429,-2.893571
train,88,198,15.0,12.669442,-2.3305578
train,88,199,14.0,13.44353,-0.5564699
train,88,200,13.0,15.065779,2.0657787
train,88,201,12.0,12.520621,0.5206213
train,88,202,11.0,12.889333,1.8893328
train,88,203,10.0,11.96469,1.9646902
train,88,204,9.0,9.780576,0.78057575
train,88,205,8.0,8.661283,0.66128254
train,88,206,7.0,7.210695,0.21069479
train,88,207,6.0,7.872668,1.8726678
train,88,208,5.0,6.891516,1.8915162
train,88,209,4.0,5.8446565,1.8446565
train,88,210,3.0,3.9819436,0.9819436
train,88,211,2.0,3.5861344,1.5861344
train,88,212,1.0,3.2363992,2.2363992
train,88,213,0.0,4.4694915,4.4694915
train,89,30,187.0,143.8197,-43.180298
train,89,31,186.0,143.81706,-42.182938
train,89,32,185.0,143.83331,-41.166687
train,89,33,184.0,143.83322,-40.16678
train,89,34,183.0,143.82663,-39.17337
train,89,35,182.0,143.82811,-38.17189
train,89,36,181.0,143.8273,-37.1727
train,89,37,180.0,143.82677,-36.173233
train,89,38,179.0,143.82417,-35.175827
train,89,39,178.0,143.82913,-34.170868
train,89,40,177.0,143.82632,-33.173676
train,89,41,176.0,143.81732,-32.18268
train,89,42,175.0,143.83136,-31.16864
train,89,43,174.0,143.82397,-30.176025
train,89,44,173.0,143.81348,-29.186523
train,89,45,172.0,143.82666,-28.17334
train,89,46,171.0,143.82942,-27.170578
train,89,47,170.0,143.81197,-26.188034
train,89,48,169.0,143.81451,-25.185486
train,89,49,168.0,143.82597,-24.174026
train,89,50,167.0,143.8076,-23.192398
train,89,51,166.0,143.8197,-22.180298
train,89,52,165.0,143.82632,-21.173676
train,89,53,164.0,143.82156,-20.178436
train,89,54,163.0,143.78944,-19.210556
train,89,55,162.0,143.8286,-18.171402
train,89,56,161.0,143.81549,-17.18451
train,89,57,160.0,143.81467,-16.185333
train,89,58,159.0,143.8216,-15.178406
train,89,59,158.0,143.8274,-14.172607
train,89,60,157.0,143.8275,-13.172501
train,89,61,156.0,143.82127,-12.178726
train,89,62,155.0,143.82794,-11.172058
train,89,63,154.0,143.82664,-10.173355
train,89,64,153.0,143.81462,-9.185379
train,89,65,152.0,143.82565,-8.174347
train,89,66,151.0,143.82312,-7.17688
train,89,67,150.0,143.82901,-6.17099
train,89,68,149.0,143.8142,-5.1858063
train,89,69,148.0,143.82828,-4.1717224
train,89,70,147.0,143.8266,-3.1734009
train,89,71,146.0,143.82382,-2.176178
train,89,72,145.0,143.81207,-1.1879272
train,89,73,144.0,143.81296,-0.18704224
train,89,74,143.0,143.80032,0.8003235
train,89,75,142.0,143.75708,1.7570801
train,89,76,141.0,143.80232,2.8023224
train,89,77,140.0,143.81546,3.8154602
train,89,78,139.0,143.80943,4.809433
train,89,79,138.0,143.80688,5.806885
train,89,80,137.0,143.7362,6.736206
train,89,81,136.0,143.77405,7.774048
train,89,82,135.0,143.76231,8.762314
train,89,83,134.0,143.63574,9.635742
train,89,84,133.0,143.60706,10.607056
train,89,85,132.0,143.59729,11.59729
train,89,86,131.0,143.71396,12.713959
train,89,87,130.0,143.56265,13.562653
train,89,88,129.0,143.71677,14.716766
train,89,89,128.0,143.49623,15.496231
train,89,90,127.0,143.07922,16.079224
train,89,91,126.0,141.31494,15.314941
train,89,92,125.0,143.24866,18.248657
train,89,93,124.0,142.2117,18.2117
train,89,94,123.0,115.45211,-7.5478897
train,89,95,122.0,114.4103,-7.589699
train,89,96,121.0,118.71935,-2.2806473
train,89,97,120.0,115.66336,-4.3366394
train,89,98,119.0,128.35596,9.355957
train,89,99,118.0,110.13109,-7.8689117
train,89,100,117.0,109.540565,-7.4594345
train,89,101,116.0,103.57568,-12.424316
train,89,102,115.0,109.97699,-5.0230103
train,89,103,114.0,118.44944,4.44944
train,89,104,113.0,108.81849,-4.181511
train,89,105,112.0,116.09913,4.0991287
train,89,106,111.0,104.89533,-6.1046677
train,89,107,110.0,120.941696,10.941696
train,89,108,109.0,116.89147,7.891472
train,89,109,108.0,113.91679,5.916786
train,89,110,107.0,115.78268,8.782677
train,89,111,106.0,133.49889,27.498886
train,89,112,105.0,142.44882,37.448822
train,89,113,104.0,113.13326,9.133263
train,89,114,103.0,118.163925,15.163925
train,89,115,102.0,104.235245,2.2352448
train,89,116,101.0,101.208084,0.2080841
train,89,117,100.0,95.118355,-4.881645
train,89,118,99.0,91.42924,-7.5707626
train,89,119,98.0,91.70935,-6.2906494
train,89,120,97.0,86.45782,-10.542183
train,89,121,96.0,93.56605,-2.4339523
train,89,122,95.0,95.24763,0.24762726
train,89,123,94.0,90.5891,-3.4108963
train,89,124,93.0,89.95789,-3.0421066
train,89,125,92.0,87.33671,-4.663292
train,89,126,91.0,79.27761,-11.722389
train,89,127,90.0,84.00394,-5.996063
train,89,128,89.0,86.42971,-2.5702896
train,89,129,88.0,80.06391,-7.9360886
train,89,130,87.0,75.00283,-11.9971695
train,89,131,86.0,69.99064,-16.009361
train,89,132,85.0,75.29497,-9.705032
train,89,133,84.0,75.64141,-8.358589
train,89,134,83.0,73.03748,-9.962517
train,89,135,82.0,74.456474,-7.5435257
train,89,136,81.0,67.71618,-13.283821
train,89,137,80.0,72.69915,-7.30085
train,89,138,79.0,78.65521,-0.3447876
train,89,139,78.0,73.41924,-4.580757
train,89,140,77.0,75.69156,-1.3084412
train,89,141,76.0,81.84671,5.84671
train,89,142,75.0,75.824844,0.82484436
train,89,143,74.0,73.94845,-0.05155182
train,89,144,73.0,70.94984,-2.0501633
train,89,145,72.0,77.190895,5.190895
train,89,146,71.0,82.041985,11.041985
train,89,147,70.0,80.29269,10.292686
train,89,148,69.0,78.44815,9.448151
train,89,149,68.0,65.57144,-2.4285583
train,89,150,67.0,68.78602,1.7860184
train,89,151,66.0,64.12217,-1.8778305
train,89,152,65.0,66.86227,1.8622665
train,89,153,64.0,60.220146,-3.7798538
train,89,154,63.0,57.573742,-5.426258
train,89,155,62.0,55.706013,-6.2939873
train,89,156,61.0,59.496513,-1.5034866
train,89,157,60.0,66.810936,6.810936
train,89,158,59.0,75.90791,16.907913
train,89,159,58.0,68.05555,10.05555
train,89,160,57.0,61.93153,4.93153
train,89,161,56.0,63.165062,7.165062
train,89,162,55.0,53.499546,-1.500454
train,89,163,54.0,54.224354,0.22435379
train,89,164,53.0,55.35697,2.3569717
train,89,165,52.0,49.703926,-2.296074
train,89,166,51.0,46.468056,-4.5319443
train,89,167,50.0,43.710674,-6.2893257
train,89,168,49.0,44.66646,-4.333542
train,89,169,48.0,44.96277,-3.0372314
train,89,170,47.0,42.096176,-4.903824
train,89,171,46.0,43.85276,-2.1472397
train,89,172,45.0,39.767815,-5.2321854
train,89,173,44.0,35.792755,-8.207245
train,89,174,43.0,37.66168,-5.3383217
train,89,175,42.0,36.49944,-5.5005608
train,89,176,41.0,38.551968,-2.4480324
train,89,177,40.0,41.04887,1.0488701
train,89,178,39.0,36.564304,-2.4356956
train,89,179,38.0,36.54641,-1.4535904
train,89,180,37.0,36.87158,-0.12842178
train,89,181,36.0,36.383583,0.38358307
train,89,182,35.0,37.91557,2.9155693
train,89,183,34.0,32.309593,-1.6904068
train,89,184,33.0,28.52785,-4.472151
train,89,185,32.0,24.915894,-7.0841064
train,89,186,31.0,24.897303,-6.1026974
train,89,187,30.0,24.76841,-5.2315903
train,89,188,29.0,23.399216,-5.6007843
train,89,189,28.0,21.952589,-6.047411
train,89,190,27.0,22.290083,-4.709917
train,89,191,26.0,22.996613,-3.0033875
train,89,192,25.0,21.819881,-3.1801186
train,89,193,24.0,26.95066,2.9506607
train,89,194,23.0,26.656605,3.6566048
train,89,195,22.0,25.094378,3.0943775
train,89,196,21.0,21.201145,0.20114517
train,89,197,20.0,19.75153,-0.2484703
train,89,198,19.0,17.350143,-1.6498566
train,89,199,18.0,14.294738,-3.7052622
train,89,200,17.0,18.133327,1.1333275
train,89,201,16.0,19.063324,3.063324
train,89,202,15.0,11.963154,-3.0368462
train,89,203,14.0,8.090947,-5.909053
train,89,204,13.0,8.847042,-4.152958
train,89,205,12.0,8.435961,-3.5640392
train,89,206,11.0,7.406574,-3.5934262
train,89,207,10.0,5.1764674,-4.8235326
train,89,208,9.0,5.615477,-3.384523
train,89,209,8.0,7.0348563,-0.9651437
train,89,210,7.0,6.896765,-0.10323477
train,89,211,6.0,7.9828134,1.9828134
train,89,212,5.0,7.5682626,2.5682626
train,89,213,4.0,5.8349786,1.8349786
train,89,214,3.0,6.6323457,3.6323457
train,89,215,2.0,6.210322,4.210322
train,89,216,1.0,5.9080396,4.9080396
train,89,217,0.0,6.050653,6.050653
train,90,30,124.0,143.82858,19.828583
train,90,31,123.0,143.82619,20.826187
train,90,32,122.0,143.81491,21.81491
train,90,33,121.0,143.8316,22.831604
train,90,34,120.0,143.82874,23.828735
train,90,35,119.0,143.82526,24.825256
train,90,36,118.0,143.82103,25.82103
train,90,37,117.0,143.82593,26.825928
train,90,38,116.0,143.8213,27.821304
train,90,39,115.0,143.83441,28.834412
train,90,40,114.0,143.82593,29.825928
train,90,41,113.0,143.82256,30.822556
train,90,42,112.0,143.83252,31.83252
train,90,43,111.0,143.82144,32.82144
train,90,44,110.0,143.82487,33.824875
train,90,45,109.0,143.83073,34.830734
train,90,46,108.0,143.82874,35.828735
train,90,47,107.0,143.82617,36.82617
train,90,48,106.0,143.82779,37.82779
train,90,49,105.0,143.83136,38.83136
train,90,50,104.0,143.8277,39.827698
train,90,51,103.0,143.81705,40.817047
train,90,52,102.0,143.83028,41.830276
train,90,53,101.0,143.8301,42.830093
train,90,54,100.0,143.83374,43.83374
train,90,55,99.0,143.82558,44.825577
train,90,56,98.0,143.82857,45.828568
train,90,57,97.0,143.77203,46.772034
train,90,58,96.0,143.81844,47.818436
train,90,59,95.0,143.73999,48.73999
train,90,60,94.0,143.59705,49.597046
train,90,61,93.0,143.65338,50.65338
train,90,62,92.0,143.6434,51.643402
train,90,63,91.0,124.3469,33.3469
train,90,64,90.0,103.0102,13.0102005
train,90,65,89.0,100.6027,11.602699
train,90,66,88.0,99.75558,11.755577
train,90,67,87.0,103.02592,16.025917
train,90,68,86.0,101.13935,15.139351
train,90,69,85.0,103.796486,18.796486
train,90,70,84.0,100.15616,16.156158
train,90,71,83.0,94.73942,11.739418
train,90,72,82.0,93.28949,11.28949
train,90,73,81.0,93.16901,12.169006
train,90,74,80.0,92.908714,12.908714
train,90,75,79.0,93.437775,14.437775
train,90,76,78.0,96.42949,18.42949
train,90,77,77.0,94.83585,17.835854
train,90,78,76.0,90.99238,14.992378
train,90,79,75.0,92.70829,17.70829
train,90,80,74.0,95.04941,21.049408
train,90,81,73.0,97.61202,24.612022
train,90,82,72.0,95.80092,23.800919
train,90,83,71.0,93.429,22.429
train,90,84,70.0,89.500015,19.500015
train,90,85,69.0,89.12335,20.123352
train,90,86,68.0,91.17584,23.175842
train,90,87,67.0,90.69548,23.69548
train,90,88,66.0,88.39263,22.392632
train,90,89,65.0,86.14062,21.140617
train,90,90,64.0,91.536865,27.536865
train,90,91,63.0,90.21369,27.213692
train,90,92,62.0,83.51977,21.519768
train,90,93,61.0,82.64115,21.641151
train,90,94,60.0,80.12658,20.12658
train,90,95,59.0,74.2498,15.249802
train,90,96,58.0,66.23989,8.239891
train,90,97,57.0,68.33401,11.334007
train,90,98,56.0,66.22028,10.2202835
train,90,99,55.0,74.17527,19.17527
train,90,100,54.0,77.49149,23.491493
train,90,101,53.0,74.06191,21.061913
train,90,102,52.0,74.0829,22.082901
train,90,103,51.0,67.809326,16.809326
train,90,104,50.0,67.04426,17.044258
train,90,105,49.0,67.97844,18.97844
train,90,106,48.0,58.78646,10.786461
train,90,107,47.0,56.81388,9.813881
train,90,108,46.0,58.10602,12.106022
train,90,109,45.0,59.157818,14.157818
train,90,110,44.0,52.919384,8.919384
train,90,111,43.0,57.913017,14.913017
train,90,112,42.0,49.439087,7.439087
train,90,113,41.0,56.888348,15.888348
train,90,114,40.0,52.867382,12.867382
train,90,115,39.0,56.329834,17.329834
train,90,116,38.0,53.924324,15.924324
train,90,117,37.0,52.59079,15.59079
train,90,118,36.0,51.898945,15.898945
train,90,119,35.0,48.70024,13.700241
train,90,120,34.0,49.436913,15.436913
train,90,121,33.0,46.24697,13.246971
train,90,122,32.0,45.268085,13.2680855
train,90,123,31.0,47.77442,16.774422
train,90,124,30.0,44.289307,14.289307
train,90,125,29.0,42.08922,13.089218
train,90,126,28.0,41.614265,13.614265
train,90,127,27.0,45.42875,18.42875
train,90,128,26.0,39.62861,13.628609
train,90,129,25.0,36.88467,11.88467
train,90,130,24.0,35.065094,11.065094
train,90,131,23.0,35.147125,12.147125
train,90,132,22.0,30.281824,8.281824
train,90,133,21.0,29.55027,8.55027
train,90,134,20.0,26.5323,6.532301
train,90,135,19.0,27.46848,8.468479
train,90,136,18.0,24.570013,6.570013
train,90,137,17.0,22.894482,5.8944817
train,90,138,16.0,24.07889,8.07889
train,90,139,15.0,19.881474,4.8814735
train,90,140,14.0,19.387348,5.387348
train,90,141,13.0,19.09862,6.0986195
train,90,142,12.0,16.660933,4.6609325
train,90,143,11.0,16.567692,5.567692
train,90,144,10.0,16.687174,6.687174
train,90,145,9.0,15.126027,6.126027
train,90,146,8.0,15.552154,7.5521536
train,90,147,7.0,12.0100975,5.0100975
train,90,148,6.0,12.640013,6.6400127
train,90,149,5.0,11.757068,6.7570677
train,90,150,4.0,12.39342,8.39342
train,90,151,3.0,13.927245,10.927245
train,90,152,2.0,10.343441,8.343441
train,90,153,1.0,8.039956,7.039956
train,90,154,0.0,5.937474,5.937474
train,91,30,105.0,128.53717,23.53717
train,91,31,104.0,140.63031,36.63031
train,91,32,103.0,137.6528,34.6528
train,91,33,102.0,128.01863,26.018631
train,91,34,101.0,128.50041,27.500412
train,91,35,100.0,122.40461,22.40461
train,91,36,99.0,121.07598,22.075981
train,91,37,98.0,112.838776,14.838776
train,91,38,97.0,117.22489,20.224892
train,91,39,96.0,111.855576,15.855576
train,91,40,95.0,114.59743,19.597427
train,91,41,94.0,118.2029,24.202904
train,91,42,93.0,109.46473,16.46473
train,91,43,92.0,101.34802,9.348022
train,91,44,91.0,99.36293,8.36293
train,91,45,90.0,97.48171,7.4817123
train,91,46,89.0,94.14194,5.1419373
train,91,47,88.0,89.57569,1.5756912
train,91,48,87.0,94.83484,7.834839
train,91,49,86.0,94.302826,8.302826
train,91,50,85.0,97.41858,12.418579
train,91,51,84.0,100.31373,16.313728
train,91,52,83.0,97.43896,14.438957
train,91,53,82.0,93.95468,11.954681
train,91,54,81.0,86.80956,5.8095627
train,91,55,80.0,83.11844,3.1184387
train,91,56,79.0,74.74329,-4.256706
train,91,57,78.0,76.099724,-1.9002762
train,91,58,77.0,79.24547,2.2454681
train,91,59,76.0,71.018715,-4.981285
train,91,60,75.0,74.289055,-0.7109451
train,91,61,74.0,71.17916,-2.820839
train,91,62,73.0,75.842094,2.8420944
train,91,63,72.0,77.07743,5.0774307
train,91,64,71.0,72.47218,1.4721832
train,91,65,70.0,66.30775,-3.692253
train,91,66,69.0,65.03305,-3.9669495
train,91,67,68.0,59.850433,-8.149567
train,91,68,67.0,65.585526,-1.4144745
train,91,69,66.0,59.81215,-6.187851
train,91,70,65.0,59.07196,-5.9280396
train,91,71,64.0,61.622463,-2.3775368
train,91,72,63.0,71.373055,8.3730545
train,91,73,62.0,69.606766,7.6067657
train,91,74,61.0,68.63446,7.6344604
train,91,75,60.0,60.180084,0.18008423
train,91,76,59.0,53.755642,-5.244358
train,91,77,58.0,53.850487,-4.1495132
train,91,78,57.0,58.764473,1.764473
train,91,79,56.0,59.45009,3.4500885
train,91,80,55.0,55.769127,0.7691269
train,91,81,54.0,59.964745,5.9647446
train,91,82,53.0,57.650238,4.650238
train,91,83,52.0,56.877686,4.8776855
train,91,84,51.0,53.373962,2.3739624
train,91,85,50.0,52.548866,2.5488663
train,91,86,49.0,51.403656,2.403656
train,91,87,48.0,50.072895,2.072895
train,91,88,47.0,45.5137,-1.4863014
train,91,89,46.0,40.71302,-5.2869797
train,91,90,45.0,44.152065,-0.8479347
train,91,91,44.0,48.50391,4.50391
train,91,92,43.0,49.323956,6.3239555
train,91,93,42.0,49.562214,7.562214
train,91,94,41.0,42.741734,1.7417336
train,91,95,40.0,41.271046,1.2710457
train,91,96,39.0,42.513565,3.513565
train,91,97,38.0,42.85273,4.85273
train,91,98,37.0,43.911057,6.9110565
train,91,99,36.0,41.494873,5.494873
train,91,100,35.0,36.174,1.1739998
train,91,101,34.0,36.633995,2.633995
train,91,102,33.0,37.72222,4.7222214
train,91,103,32.0,42.669556,10.669556
train,91,104,31.0,41.29075,10.290749
train,91,105,30.0,40.032715,10.032715
train,91,106,29.0,38.230583,9.230583
train,91,107,28.0,36.876312,8.876312
train,91,108,27.0,34.74826,7.7482605
train,91,109,26.0,33.31034,7.310341
train,91,110,25.0,34.897827,9.897827
train,91,111,24.0,28.941439,4.9414387
train,91,112,23.0,30.428581,7.428581
train,91,113,22.0,26.481365,4.481365
train,91,114,21.0,23.144035,2.1440353
train,91,115,20.0,24.91557,4.9155693
train,91,116,19.0,23.529999,4.529999
train,91,117,18.0,26.60096,8.60096
train,91,118,17.0,24.69881,7.6988106
train,91,119,16.0,21.751305,5.7513046
train,91,120,15.0,23.223658,8.223658
train,91,121,14.0,21.071741,7.071741
train,91,122,13.0,18.99006,5.990061
train,91,123,12.0,16.93506,4.9350605
train,91,124,11.0,13.28509,2.2850904
train,91,125,10.0,12.0716915,2.0716915
train,91,126,9.0,9.438498,0.43849754
train,91,127,8.0,8.060866,0.060866356
train,91,128,7.0,7.1799655,0.1799655
train,91,129,6.0,7.2215104,1.2215104
train,91,130,5.0,7.0108466,2.0108466
train,91,131,4.0,6.3791566,2.3791566
train,91,132,3.0,5.372913,2.372913
train,91,133,2.0,4.1751037,2.1751037
train,91,134,1.0,4.900311,3.900311
train,91,135,0.0,2.2024827,2.2024827
train,92,30,311.0,142.81491,-168.18509
train,92,31,310.0,141.41962,-168.58038
train,92,32,309.0,142.17491,-166.82509
train,92,33,308.0,143.06055,-164.93945
train,92,34,307.0,143.02435,-163.97565
train,92,35,306.0,143.15767,-162.84233
train,92,36,305.0,141.52667,-163.47333
train,92,37,304.0,142.99347,-161.00653
train,92,38,303.0,140.29747,-162.70253
train,92,39,302.0,143.37378,-158.62622
train,92,40,301.0,142.90182,-158.09818
train,92,41,300.0,143.49744,-156.50256
train,92,42,299.0,142.86774,-156.13226
train,92,43,298.0,138.13063,-159.86937
train,92,44,297.0,142.64658,-154.35342
train,92,45,296.0,143.67044,-152.32956
train,92,46,295.0,143.69983,-151.30017
train,92,47,294.0,143.71185,-150.28815
train,92,48,293.0,143.73772,-149.26228
train,92,49,292.0,143.77786,-148.22214
train,92,50,291.0,143.76259,-147.23741
train,92,51,290.0,143.6703,-146.3297
train,92,52,289.0,140.08818,-148.91182
train,92,53,288.0,130.85144,-157.14856
train,92,54,287.0,140.77386,-146.22614
train,92,55,286.0,133.81287,-152.18713
train,92,56,285.0,140.34087,-144.65913
train,92,57,284.0,138.01537,-145.98463
train,92,58,283.0,141.87062,-141.12938
train,92,59,282.0,142.86641,-139.13359
train,92,60,281.0,143.357,-137.643
train,92,61,280.0,143.62169,-136.37831
train,92,62,279.0,143.66936,-135.33064
train,92,63,278.0,143.79626,-134.20374
train,92,64,277.0,143.79715,-133.20285
train,92,65,276.0,143.7995,-132.2005
train,92,66,275.0,143.81244,-131.18756
train,92,67,274.0,143.82214,-130.17786
train,92,68,273.0,143.82657,-129.17343
train,92,69,272.0,143.82855,-128.17145
train,92,70,271.0,143.81647,-127.18353
train,92,71,270.0,143.82962,-126.17038
train,92,72,269.0,143.82095,-125.17905
train,92,73,268.0,143.80145,-124.19855
train,92,74,267.0,143.81845,-123.18155
train,92,75,266.0,143.82755,-122.172455
train,92,76,265.0,143.82092,-121.17908
train,92,77,264.0,143.8241,-120.1759
train,92,78,263.0,143.82869,-119.17131
train,92,79,262.0,143.77193,-118.22807
train,92,80,261.0,143.80165,-117.19835
train,92,81,260.0,143.8122,-116.187805
train,92,82,259.0,143.82727,-115.17273
train,92,83,258.0,143.80786,-114.19214
train,92,84,257.0,143.81467,-113.18533
train,92,85,256.0,143.80852,-112.19148
train,92,86,255.0,143.81781,-111.18219
train,92,87,254.0,143.80377,-110.19623
train,92,88,253.0,143.81802,-109.18198
train,92,89,252.0,143.81628,-108.183716
train,92,90,251.0,143.75668,-107.24332
train,92,91,250.0,143.77222,-106.22778
train,92,92,249.0,143.72418,-105.27582
train,92,93,248.0,143.6524,-104.347595
train,92,94,247.0,140.89468,-106.105316
train,92,95,246.0,142.59544,-103.40456
train,92,96,245.0,140.72559,-104.274414
train,92,97,244.0,143.09113,-100.908875
train,92,98,243.0,142.8275,-100.1725
train,92,99,242.0,143.46977,-98.53023
train,92,100,241.0,143.4054,-97.594604
train,92,101,240.0,143.6766,-96.323395
train,92,102,239.0,143.68677,-95.31323
train,92,103,238.0,143.0824,-94.9176
train,92,104,237.0,143.40686,-93.59314
train,92,105,236.0,143.77356,-92.22644
train,92,106,235.0,143.35178,-91.648224
train,92,107,234.0,139.3389,-94.6611
train,92,108,233.0,143.78015,-89.21985
train,92,109,232.0,142.87177,-89.128235
train,92,110,231.0,142.42172,-88.57828
train,92,111,230.0,142.555,-87.44501
train,92,112,229.0,142.15225,-86.84775
train,92,113,228.0,137.82846,-90.17154
train,92,114,227.0,142.33429,-84.66571
train,92,115,226.0,143.211,-82.789
train,92,116,225.0,143.13521,-81.86479
train,92,117,224.0,143.62881,-80.371185
train,92,118,223.0,142.97571,-80.02429
train,92,119,222.0,143.71661,-78.28339
train,92,120,221.0,143.66347,-77.33653
train,92,121,220.0,143.59355,-76.40645
train,92,122,219.0,143.39139,-75.60861
train,92,123,218.0,143.35114,-74.648865
train,92,124,217.0,143.54144,-73.45856
train,92,125,216.0,143.6232,-72.3768
train,92,126,215.0,143.74825,-71.251755
train,92,127,214.0,143.69896,-70.30104
train,92,128,213.0,143.76266,-69.237335
train,92,129,212.0,143.79243,-68.207565
train,92,130,211.0,143.80095,-67.19905
train,92,131,210.0,143.64099,-66.35901
train,92,132,209.0,143.77325,-65.226746
train,92,133,208.0,143.65982,-64.34018
train,92,134,207.0,139.63284,-67.36716
train,92,135,206.0,140.1958,-65.8042
train,92,136,205.0,143.50375,-61.496246
train,92,137,204.0,143.5468,-60.4532
train,92,138,203.0,143.52328,-59.476715
train,92,139,202.0,143.7204,-58.279602
train,92,140,201.0,143.69006,-57.309937
train,92,141,200.0,143.75305,-56.24695
train,92,142,199.0,143.73854,-55.26146
train,92,143,198.0,143.76898,-54.231018
train,92,144,197.0,143.72935,-53.270645
train,92,145,196.0,143.62671,-52.37329
train,92,146,195.0,143.76604,-51.233963
train,92,147,194.0,143.35287,-50.647125
train,92,148,193.0,143.45795,-49.542053
train,92,149,192.0,143.53525,-48.464752
train,92,150,191.0,143.74684,-47.25316
train,92,151,190.0,143.40237,-46.597626
train,92,152,189.0,143.68144,-45.318558
train,92,153,188.0,143.73198,-44.26802
train,92,154,187.0,143.69391,-43.30609
train,92,155,186.0,143.58011,-42.41989
train,92,156,185.0,143.73746,-41.262543
train,92,157,184.0,143.75046,-40.249542
train,92,158,183.0,143.73651,-39.26349
train,92,159,182.0,142.45633,-39.54367
train,92,160,181.0,142.03525,-38.964752
train,92,161,180.0,139.68707,-40.312927
train,92,162,179.0,141.93654,-37.06346
train,92,163,178.0,142.59149,-35.40851
train,92,164,177.0,141.4256,-35.5744
train,92,165,176.0,141.9537,-34.046295
train,92,166,175.0,142.87361,-32.12639
train,92,167,174.0,139.52066,-34.47934
train,92,168,173.0,140.25232,-32.74768
train,92,169,172.0,142.67941,-29.320587
train,92,170,171.0,143.71228,-27.28772
train,92,171,170.0,143.71576,-26.28424
train,92,172,169.0,143.4881,-25.511902
train,92,173,168.0,143.52333,-24.47667
train,92,174,167.0,143.66803,-23.33197
train,92,175,166.0,143.63388,-22.36612
train,92,176,165.0,143.46384,-21.536163
train,92,177,164.0,143.4992,-20.500793
train,92,178,163.0,143.19499,-19.805008
train,92,179,162.0,143.39255,-18.607452
train,92,180,161.0,143.02927,-17.970734
train,92,181,160.0,141.46735,-18.532654
train,92,182,159.0,143.28763,-15.712372
train,92,183,158.0,133.86224,-24.137756
train,92,184,157.0,127.3542,-29.645798
train,92,185,156.0,137.28522,-18.714783
train,92,186,155.0,125.04455,-29.955452
train,92,187,154.0,121.32619,-32.673813
train,92,188,153.0,143.09438,-9.905624
train,92,189,152.0,138.87543,-13.124573
train,92,190,151.0,136.13516,-14.864838
train,92,191,150.0,127.562614,-22.437386
train,92,192,149.0,118.464775,-30.535225
train,92,193,148.0,115.127045,-32.872955
train,92,194,147.0,120.54951,-26.450493
train,92,195,146.0,118.85284,-27.147163
train,92,196,145.0,110.658104,-34.341896
train,92,197,144.0,105.1305,-38.8695
train,92,198,143.0,108.62293,-34.377068
train,92,199,142.0,117.81486,-24.185143
train,92,200,141.0,121.98796,-19.01204
train,92,201,140.0,123.79402,-16.205978
train,92,202,139.0,125.05839,-13.941612
train,92,203,138.0,122.83204,-15.167961
train,92,204,137.0,131.30472,-5.695282
train,92,205,136.0,126.244286,-9.755714
train,92,206,135.0,115.28361,-19.716393
train,92,207,134.0,114.168236,-19.831764
train,92,208,133.0,114.63505,-18.364952
train,92,209,132.0,118.61854,-13.381462
train,92,210,131.0,123.55744,-7.4425583
train,92,211,130.0,136.05125,6.0512543
train,92,212,129.0,140.98944,11.989441
train,92,213,128.0,140.21193,12.211929
train,92,214,127.0,140.48553,13.485535
train,92,215,126.0,139.5698,13.569794
train,92,216,125.0,138.96661,13.966614
train,92,217,124.0,124.09008,0.09008026
train,92,218,123.0,124.44681,1.4468079
train,92,219,122.0,114.22131,-7.7786865
train,92,220,121.0,112.49181,-8.508186
train,92,221,120.0,102.44218,-17.557823
train,92,222,119.0,104.43678,-14.563217
train,92,223,118.0,113.460014,-4.5399857
train,92,224,117.0,106.87461,-10.125389
train,92,225,116.0,94.54461,-21.45539
train,92,226,115.0,99.60352,-15.396477
train,92,227,114.0,101.17289,-12.82711
train,92,228,113.0,93.28457,-19.715431
train,92,229,112.0,84.63725,-27.362747
train,92,230,111.0,88.70434,-22.295662
train,92,231,110.0,86.90693,-23.093071
train,92,232,109.0,94.70608,-14.293922
train,92,233,108.0,83.125725,-24.874275
train,92,234,107.0,86.52741,-20.472588
train,92,235,106.0,98.800865,-7.199135
train,92,236,105.0,83.19838,-21.80162
train,92,237,104.0,87.393616,-16.606384
train,92,238,103.0,85.42066,-17.579338
train,92,239,102.0,85.22692,-16.773079
train,92,240,101.0,73.85733,-27.14267
train,92,241,100.0,94.322845,-5.6771545
train,92,242,99.0,95.918236,-3.0817642
train,92,243,98.0,103.339355,5.3393555
train,92,244,97.0,100.324455,3.3244553
train,92,245,96.0,97.23468,1.2346802
train,92,246,95.0,94.25936,-0.74063873
train,92,247,94.0,79.64681,-14.353188
train,92,248,93.0,74.6768,-18.323196
train,92,249,92.0,74.34503,-17.654968
train,92,250,91.0,82.9847,-8.015297
train,92,251,90.0,64.60021,-25.399788
train,92,252,89.0,61.725487,-27.274513
train,92,253,88.0,73.096245,-14.903755
train,92,254,87.0,68.90131,-18.098686
train,92,255,86.0,79.84914,-6.1508636
train,92,256,85.0,77.53879,-7.461212
train,92,257,84.0,79.7293,-4.2706985
train,92,258,83.0,80.29751,-2.7024918
train,92,259,82.0,66.96469,-15.035309
train,92,260,81.0,64.0654,-16.9346
train,92,261,80.0,57.264572,-22.735428
train,92,262,79.0,63.348423,-15.651577
train,92,263,78.0,61.651295,-16.348705
train,92,264,77.0,62.79869,-14.201309
train,92,265,76.0,64.846756,-11.153244
train,92,266,75.0,64.78674,-10.213257
train,92,267,74.0,69.50402,-4.4959793
train,92,268,73.0,63.396423,-9.603577
train,92,269,72.0,51.94041,-20.05959
train,92,270,71.0,50.117313,-20.882687
train,92,271,70.0,56.821682,-13.178318
train,92,272,69.0,52.55864,-16.44136
train,92,273,68.0,52.978485,-15.021515
train,92,274,67.0,55.569054,-11.430946
train,92,275,66.0,57.684235,-8.315765
train,92,276,65.0,52.832886,-12.167114
train,92,277,64.0,46.628593,-17.371407
train,92,278,63.0,43.702225,-19.297775
train,92,279,62.0,40.417328,-21.582672
train,92,280,61.0,43.82543,-17.174568
train,92,281,60.0,45.99035,-14.009651
train,92,282,59.0,52.96444,-6.0355606
train,92,283,58.0,54.56024,-3.4397583
train,92,284,57.0,52.145687,-4.854313
train,92,285,56.0,49.07328,-6.9267197
train,92,286,55.0,48.14959,-6.8504105
train,92,287,54.0,43.884693,-10.115307
train,92,288,53.0,39.46369,-13.536308
train,92,289,52.0,38.599163,-13.400837
train,92,290,51.0,35.570946,-15.429054
train,92,291,50.0,35.24772,-14.752281
train,92,292,49.0,38.4183,-10.581699
train,92,293,48.0,40.376812,-7.623188
train,92,294,47.0,40.486996,-6.5130043
train,92,295,46.0,43.86814,-2.1318588
train,92,296,45.0,42.51308,-2.4869194
train,92,297,44.0,41.266224,-2.733776
train,92,298,43.0,42.5196,-0.4804001
train,92,299,42.0,39.70483,-2.2951698
train,92,300,41.0,37.594414,-3.4055862
train,92,301,40.0,35.246223,-4.7537766
train,92,302,39.0,35.143703,-3.8562965
train,92,303,38.0,36.171417,-1.8285828
train,92,304,37.0,34.595676,-2.4043236
train,92,305,36.0,33.498516,-2.501484
train,92,306,35.0,31.975649,-3.0243511
train,92,307,34.0,28.305313,-5.694687
train,92,308,33.0,30.807747,-2.192253
train,92,309,32.0,32.891247,0.8912468
train,92,310,31.0,32.225254,1.225254
train,92,311,30.0,30.604095,0.60409546
train,92,312,29.0,30.099659,1.099659
train,92,313,28.0,30.724718,2.724718
train,92,314,27.0,29.532156,2.532156
train,92,315,26.0,29.911036,3.9110355
train,92,316,25.0,27.269943,2.2699432
train,92,317,24.0,25.543594,1.5435944
train,92,318,23.0,23.402283,0.4022827
train,92,319,22.0,21.14009,-0.85990906
train,92,320,21.0,15.1482,-5.8518
train,92,321,20.0,12.935294,-7.064706
train,92,322,19.0,17.330696,-1.6693039
train,92,323,18.0,12.106332,-5.893668
train,92,324,17.0,12.322827,-4.6771727
train,92,325,16.0,10.207759,-5.792241
train,92,326,15.0,12.379466,-2.620534
train,92,327,14.0,8.70614,-5.2938604
train,92,328,13.0,11.016541,-1.9834595
train,92,329,12.0,6.9726834,-5.0273166
train,92,330,11.0,7.599301,-3.4006991
train,92,331,10.0,7.7810845,-2.2189155
train,92,332,9.0,9.377923,0.377923
train,92,333,8.0,6.3186,-1.6813998
train,92,334,7.0,5.078838,-1.9211621
train,92,335,6.0,5.1902394,-0.8097606
train,92,336,5.0,4.3210435,-0.6789565
train,92,337,4.0,1.949288,-2.050712
train,92,338,3.0,3.0824122,0.08241224
train,92,339,2.0,2.8029037,0.80290365
train,92,340,1.0,2.565312,1.5653119
train,92,341,0.0,0.6225754,0.6225754
train,94,30,228.0,140.7709,-87.229095
train,94,31,227.0,142.03476,-84.96524
train,94,32,226.0,142.30972,-83.69028
train,94,33,225.0,141.94044,-83.059555
train,94,34,224.0,141.21304,-82.78696
train,94,35,223.0,142.03607,-80.96393
train,94,36,222.0,138.14656,-83.85344
train,94,37,221.0,135.10094,-85.89906
train,94,38,220.0,140.52893,-79.47107
train,94,39,219.0,142.24814,-76.75186
train,94,40,218.0,142.82684,-75.17316
train,94,41,217.0,142.8851,-74.1149
train,94,42,216.0,139.42407,-76.57593
train,94,43,215.0,140.15385,-74.846146
train,94,44,214.0,141.79106,-72.20894
train,94,45,213.0,132.74643,-80.25357
train,94,46,212.0,138.92685,-73.07315
train,94,47,211.0,130.14862,-80.85138
train,94,48,210.0,142.69957,-67.30043
train,94,49,209.0,141.99747,-67.00253
train,94,50,208.0,142.37608,-65.62392
train,94,51,207.0,141.77402,-65.22598
train,94,52,206.0,142.09364,-63.906357
train,94,53,205.0,141.40765,-63.592346
train,94,54,204.0,142.40796,-61.59204
train,94,55,203.0,142.45316,-60.546844
train,94,56,202.0,141.25467,-60.74533
train,94,57,201.0,136.00485,-64.99515
train,94,58,200.0,140.17947,-59.820526
train,94,59,199.0,137.93063,-61.069366
train,94,60,198.0,137.98082,-60.01918
train,94,61,197.0,139.63464,-57.365356
train,94,62,196.0,141.60916,-54.39084
train,94,63,195.0,142.37057,-52.629425
train,94,64,194.0,141.02348,-52.976517
train,94,65,193.0,135.04419,-57.95581
train,94,66,192.0,127.85465,-64.14535
train,94,67,191.0,131.98044,-59.01956
train,94,68,190.0,127.72939,-62.270607
train,94,69,189.0,137.77222,-51.227783
train,94,70,188.0,134.30096,-53.699036
train,94,71,187.0,136.80478,-50.19522
train,94,72,186.0,140.17667,-45.823334
train,94,73,185.0,142.28314,-42.716858
train,94,74,184.0,142.04007,-41.95993
train,94,75,183.0,142.11673,-40.88327
train,94,76,182.0,142.44113,-39.55887
train,94,77,181.0,142.70636,-38.29364
train,94,78,180.0,142.58357,-37.416428
train,94,79,179.0,141.01428,-37.985718
train,94,80,178.0,141.924,-36.076004
train,94,81,177.0,141.99512,-35.004883
train,94,82,176.0,142.52199,-33.478012
train,94,83,175.0,142.29477,-32.70523
train,94,84,174.0,141.97418,-32.025818
train,94,85,173.0,140.59892,-32.401077
train,94,86,172.0,140.05066,-31.94934
train,94,87,171.0,136.16135,-34.838654
train,94,88,170.0,140.51291,-29.487091
train,94,89,169.0,141.82988,-27.17012
train,94,90,168.0,142.29608,-25.703918
train,94,91,167.0,134.01515,-32.984848
train,94,92,166.0,131.7132,-34.286804
train,94,93,165.0,132.48322,-32.516785
train,94,94,164.0,139.79692,-24.20308
train,94,95,163.0,141.86932,-21.130676
train,94,96,162.0,140.92673,-21.073273
train,94,97,161.0,136.06987,-24.93013
train,94,98,160.0,133.45044,-26.54956
train,94,99,159.0,136.22919,-22.770813
train,94,100,158.0,140.39687,-17.603134
train,94,101,157.0,137.4849,-19.515106
train,94,102,156.0,135.96355,-20.036453
train,94,103,155.0,139.9003,-15.099701
train,94,104,154.0,140.4707,-13.529297
train,94,105,153.0,140.54703,-12.452972
train,94,106,152.0,120.97979,-31.02021
train,94,107,151.0,141.63483,-9.365173
train,94,108,150.0,141.46463,-8.53537
train,94,109,149.0,140.39873,-8.601273
train,94,110,148.0,140.73505,-7.2649536
train,94,111,147.0,138.32976,-8.670242
train,94,112,146.0,141.11365,-4.8863525
train,94,113,145.0,141.2927,-3.707306
train,94,114,144.0,139.9852,-4.014801
train,94,115,143.0,141.32153,-1.6784668
train,94,116,142.0,141.36229,-0.6377106
train,94,117,141.0,141.5788,0.5787964
train,94,118,140.0,141.55771,1.5577087
train,94,119,139.0,141.43744,2.437439
train,94,120,138.0,141.35901,3.3590088
train,94,121,137.0,141.12952,4.1295166
train,94,122,136.0,140.11584,4.1158447
train,94,123,135.0,140.89143,5.8914337
train,94,124,134.0,135.66801,1.6680145
train,94,125,133.0,139.35614,6.35614
train,94,126,132.0,138.77237,6.7723694
train,94,127,131.0,138.70813,7.70813
train,94,128,130.0,140.56494,10.564941
train,94,129,129.0,139.39377,10.393768
train,94,130,128.0,140.31586,12.315857
train,94,131,127.0,140.90375,13.903748
train,94,132,126.0,140.19435,14.194351
train,94,133,125.0,137.05878,12.058777
train,94,134,124.0,140.65044,16.650436
train,94,135,123.0,139.50552,16.505524
train,94,136,122.0,139.80545,17.80545
train,94,137,121.0,138.19711,17.197113
train,94,138,120.0,135.96355,15.963547
train,94,139,119.0,131.18486,12.18486
train,94,140,118.0,126.87485,8.874847
train,94,141,117.0,118.727715,1.7277145
train,94,142,116.0,105.48507,-10.514931
train,94,143,115.0,115.16629,0.16629028
train,94,144,114.0,128.3549,14.354904
train,94,145,113.0,136.45767,23.457672
train,94,146,112.0,140.46552,28.465515
train,94,147,111.0,139.90897,28.908966
train,94,148,110.0,140.67957,30.679565
train,94,149,109.0,137.75107,28.751068
train,94,150,108.0,140.45787,32.45787
train,94,151,107.0,140.16873,33.16873
train,94,152,106.0,138.19183,32.191833
train,94,153,105.0,135.8162,30.816193
train,94,154,104.0,113.42292,9.42292
train,94,155,103.0,103.04615,0.046150208
train,94,156,102.0,91.78037,-10.219627
train,94,157,101.0,85.31989,-15.680107
train,94,158,100.0,84.530876,-15.469124
train,94,159,99.0,82.10625,-16.893753
train,94,160,98.0,76.837715,-21.162285
train,94,161,97.0,83.01865,-13.981354
train,94,162,96.0,84.624886,-11.375114
train,94,163,95.0,82.761925,-12.238075
train,94,164,94.0,89.73708,-4.2629166
train,94,165,93.0,91.92738,-1.0726166
train,94,166,92.0,84.80288,-7.1971207
train,94,167,91.0,87.5174,-3.4825974
train,94,168,90.0,82.15145,-7.848549
train,94,169,89.0,79.13134,-9.86866
train,94,170,88.0,77.8463,-10.153702
train,94,171,87.0,79.740425,-7.259575
train,94,172,86.0,81.449425,-4.5505753
train,94,173,85.0,85.1435,0.14350128
train,94,174,84.0,80.867424,-3.132576
train,94,175,83.0,73.371185,-9.628815
train,94,176,82.0,73.9811,-8.018898
train,94,177,81.0,77.948326,-3.051674
train,94,178,80.0,79.492195,-0.5078049
train,94,179,79.0,84.563545,5.563545
train,94,180,78.0,91.77392,13.773918
train,94,181,77.0,85.4343,8.434303
train,94,182,76.0,86.66708,10.667084
train,94,183,75.0,85.885704,10.885704
train,94,184,74.0,91.141174,17.141174
train,94,185,73.0,90.22743,17.227432
train,94,186,72.0,85.648315,13.648315
train,94,187,71.0,85.467384,14.467384
train,94,188,70.0,76.3144,6.3143997
train,94,189,69.0,73.599014,4.5990143
train,94,190,68.0,71.88,3.8799973
train,94,191,67.0,68.94961,1.9496078
train,94,192,66.0,63.272186,-2.7278137
train,94,193,65.0,62.68255,-2.3174515
train,94,194,64.0,54.746117,-9.253883
train,94,195,63.0,52.549458,-10.450542
train,94,196,62.0,53.506104,-8.4938965
train,94,197,61.0,52.525005,-8.474995
train,94,198,60.0,53.482048,-6.517952
train,94,199,59.0,53.162903,-5.837097
train,94,200,58.0,52.31183,-5.6881714
train,94,201,57.0,53.053055,-3.9469452
train,94,202,56.0,50.292,-5.708
train,94,203,55.0,46.374447,-8.625553
train,94,204,54.0,47.747627,-6.2523727
train,94,205,53.0,48.05095,-4.949051
train,94,206,52.0,50.36267,-1.6373291
train,94,207,51.0,46.094517,-4.9054832
train,94,208,50.0,46.809414,-3.190586
train,94,209,49.0,51.25253,2.2525291
train,94,210,48.0,48.781715,0.7817154
train,94,211,47.0,46.7293,-0.27069855
train,94,212,46.0,46.61914,0.6191406
train,94,213,45.0,45.09996,0.09996033
train,94,214,44.0,43.27775,-0.7222519
train,94,215,43.0,41.69364,-1.3063583
train,94,216,42.0,42.55209,0.5520897
train,94,217,41.0,41.25425,0.25424957
train,94,218,40.0,41.354,1.3540001
train,94,219,39.0,41.666653,2.6666527
train,94,220,38.0,38.412357,0.41235733
train,94,221,37.0,41.573917,4.5739174
train,94,222,36.0,39.13024,3.1302414
train,94,223,35.0,35.318863,0.31886292
train,94,224,34.0,33.732376,-0.2676239
train,94,225,33.0,34.360294,1.3602943
train,94,226,32.0,33.118034,1.1180344
train,94,227,31.0,31.02785,0.027849197
train,94,228,30.0,29.105194,-0.8948059
train,94,229,29.0,27.70292,-1.2970791
train,94,230,28.0,29.050144,1.0501442
train,94,231,27.0,30.627033,3.6270332
train,94,232,26.0,30.740183,4.740183
train,94,233,25.0,28.256638,3.2566376
train,94,234,24.0,28.854248,4.854248
train,94,235,23.0,26.137966,3.1379662
train,94,236,22.0,22.999329,0.9993286
train,94,237,21.0,17.670567,-3.3294334
train,94,238,20.0,16.760862,-3.2391376
train,94,239,19.0,16.61187,-2.3881302
train,94,240,18.0,13.668019,-4.3319807
train,94,241,17.0,13.653956,-3.3460436
train,94,242,16.0,12.572487,-3.4275131
train,94,243,15.0,14.003522,-0.9964781
train,94,244,14.0,9.920051,-4.0799494
train,94,245,13.0,10.41676,-2.5832396
train,94,246,12.0,9.4460745,-2.5539255
train,94,247,11.0,6.3767915,-4.6232085
train,94,248,10.0,5.8148236,-4.1851764
train,94,249,9.0,5.2330956,-3.7669044
train,94,250,8.0,4.5408864,-3.4591136
train,94,251,7.0,5.299046,-1.700954
train,94,252,6.0,5.746569,-0.25343084
train,94,253,5.0,4.054274,-0.9457259
train,94,254,4.0,1.3657137,-2.6342864
train,94,255,3.0,1.8345028,-1.1654972
train,94,256,2.0,0.27771914,-1.7222809
train,94,257,1.0,-0.023730636,-1.0237306
train,94,258,0.0,-2.1013942,-2.1013942
train,95,30,253.0,143.80417,-109.19583
train,95,31,252.0,143.79138,-108.20862
train,95,32,251.0,143.80759,-107.19241
train,95,33,250.0,143.07718,-106.92282
train,95,34,249.0,143.77179,-105.22821
train,95,35,248.0,143.77979,-104.220215
train,95,36,247.0,143.7537,-103.24631
train,95,37,246.0,143.77068,-102.229324
train,95,38,245.0,143.37561,-101.62439
train,95,39,244.0,143.24738,-100.752625
train,95,40,243.0,143.34319,-99.656815
train,95,41,242.0,143.5957,-98.4043
train,95,42,241.0,143.7651,-97.23489
train,95,43,240.0,143.36165,-96.63835
train,95,44,239.0,143.70688,-95.29312
train,95,45,238.0,143.76215,-94.237854
train,95,46,237.0,143.7587,-93.2413
train,95,47,236.0,143.54666,-92.45334
train,95,48,235.0,143.74997,-91.25003
train,95,49,234.0,143.3836,-90.616394
train,95,50,233.0,143.79909,-89.20091
train,95,51,232.0,143.42978,-88.57022
train,95,52,231.0,143.67708,-87.32292
train,95,53,230.0,143.60715,-86.39285
train,95,54,229.0,143.50558,-85.494415
train,95,55,228.0,143.7335,-84.266495
train,95,56,227.0,143.77501,-83.22499
train,95,57,226.0,143.76776,-82.23224
train,95,58,225.0,143.61859,-81.38141
train,95,59,224.0,143.6959,-80.30409
train,95,60,223.0,143.68016,-79.31984
train,95,61,222.0,143.59479,-78.40521
train,95,62,221.0,143.72934,-77.27066
train,95,63,220.0,143.69554,-76.30446
train,95,64,219.0,141.8924,-77.107605
train,95,65,218.0,142.366,-75.634
train,95,66,217.0,143.73248,-73.26752
train,95,67,216.0,143.48999,-72.51001
train,95,68,215.0,143.63556,-71.36444
train,95,69,214.0,143.81076,-70.18924
train,95,70,213.0,143.15642,-69.84358
train,95,71,212.0,143.76859,-68.231415
train,95,72,211.0,143.80519,-67.19481
train,95,73,210.0,143.78065,-66.219345
train,95,74,209.0,143.8243,-65.175705
train,95,75,208.0,143.81523,-64.18477
train,95,76,207.0,143.80383,-63.196167
train,95,77,206.0,143.80858,-62.19142
train,95,78,205.0,143.8259,-61.174103
train,95,79,204.0,143.76126,-60.23874
train,95,80,203.0,143.68213,-59.31787
train,95,81,202.0,142.45224,-59.54776
train,95,82,201.0,143.76758,-57.23242
train,95,83,200.0,143.62503,-56.37497
train,95,84,199.0,143.6594,-55.340607
train,95,85,198.0,143.76007,-54.23993
train,95,86,197.0,143.7869,-53.213104
train,95,87,196.0,143.80774,-52.19226
train,95,88,195.0,143.77095,-51.22905
train,95,89,194.0,143.7284,-50.271606
train,95,90,193.0,143.8216,-49.178406
train,95,91,192.0,143.79623,-48.203766
train,95,92,191.0,143.53996,-47.460037
train,95,93,190.0,143.79446,-46.205536
train,95,94,189.0,143.81717,-45.18283
train,95,95,188.0,143.65134,-44.348663
train,95,96,187.0,143.80365,-43.19635
train,95,97,186.0,143.80835,-42.19165
train,95,98,185.0,143.80199,-41.198013
train,95,99,184.0,143.82965,-40.17035
train,95,100,183.0,143.7707,-39.229294
train,95,101,182.0,143.69823,-38.301773
train,95,102,181.0,143.77971,-37.22029
train,95,103,180.0,143.72867,-36.27133
train,95,104,179.0,143.74728,-35.252716
train,95,105,178.0,143.63528,-34.364716
train,95,106,177.0,142.32843,-34.67157
train,95,107,176.0,142.24557,-33.754425
train,95,108,175.0,143.12537,-31.874634
train,95,109,174.0,143.52257,-30.477432
train,95,110,173.0,143.39478,-29.605225
train,95,111,172.0,137.87125,-34.128754
train,95,112,171.0,143.16568,-27.83432
train,95,113,170.0,139.15088,-30.849121
train,95,114,169.0,137.18317,-31.816833
train,95,115,168.0,138.4891,-29.510895
train,95,116,167.0,134.78607,-32.21393
train,95,117,166.0,133.36697,-32.633026
train,95,118,165.0,136.37964,-28.620361
train,95,119,164.0,136.33032,-27.669678
train,95,120,163.0,139.91296,-23.087036
train,95,121,162.0,139.29681,-22.703186
train,95,122,161.0,123.36816,-37.631844
train,95,123,160.0,107.39764,-52.602364
train,95,124,159.0,117.64335,-41.35665
train,95,125,158.0,135.65152,-22.34848
train,95,126,157.0,139.01636,-17.983643
train,95,127,156.0,139.31041,-16.68959
train,95,128,155.0,140.30511,-14.694885
train,95,129,154.0,138.55804,-15.441956
train,95,130,153.0,131.33275,-21.667252
train,95,131,152.0,135.21799,-16.782013
train,95,132,151.0,135.44449,-15.555511
train,95,133,150.0,139.15372,-10.846283
train,95,134,149.0,136.20876,-12.7912445
train,95,135,148.0,122.20255,-25.797447
train,95,136,147.0,118.79012,-28.209877
train,95,137,146.0,115.764595,-30.235405
train,95,138,145.0,112.9784,-32.0216
train,95,139,144.0,111.33149,-32.66851
train,95,140,143.0,106.11828,-36.88172
train,95,141,142.0,104.57112,-37.42888
train,95,142,141.0,108.84153,-32.15847
train,95,143,140.0,106.9634,-33.0366
train,95,144,139.0,113.78996,-25.210037
train,95,145,138.0,104.19167,-33.808327
train,95,146,137.0,96.27807,-40.72193
train,95,147,136.0,103.19169,-32.80831
train,95,148,135.0,113.41514,-21.584862
train,95,149,134.0,110.3399,-23.660103
train,95,150,133.0,115.41523,-17.58477
train,95,151,132.0,116.96375,-15.036247
train,95,152,131.0,110.30071,-20.699287
train,95,153,130.0,102.70638,-27.293617
train,95,154,129.0,104.8527,-24.1473
train,95,155,128.0,104.08819,-23.911812
train,95,156,127.0,102.51487,-24.48513
train,95,157,126.0,90.54804,-35.451958
train,95,158,125.0,92.24516,-32.754837
train,95,159,124.0,86.91315,-37.086853
train,95,160,123.0,101.67426,-21.325737
train,95,161,122.0,98.80387,-23.196129
train,95,162,121.0,110.85354,-10.1464615
train,95,163,120.0,120.8585,0.8584976
train,95,164,119.0,118.54996,-0.45004272
train,95,165,118.0,96.90845,-21.091553
train,95,166,117.0,108.10035,-8.899651
train,95,167,116.0,95.46038,-20.53962
train,95,168,115.0,89.66398,-25.336021
train,95,169,114.0,87.92092,-26.079079
train,95,170,113.0,88.96368,-24.036324
train,95,171,112.0,95.80189,-16.198112
train,95,172,111.0,94.334175,-16.665825
train,95,173,110.0,96.182304,-13.817696
train,95,174,109.0,95.15163,-13.848373
train,95,175,108.0,94.35021,-13.649788
train,95,176,107.0,100.37211,-6.6278915
train,95,177,106.0,103.22856,-2.7714386
train,95,178,105.0,107.86589,2.8658905
train,95,179,104.0,98.861855,-5.1381454
train,95,180,103.0,94.217384,-8.782616
train,95,181,102.0,97.360916,-4.639084
train,95,182,101.0,97.50408,-3.4959183
train,95,183,100.0,99.470116,-0.52988434
train,95,184,99.0,96.09846,-2.9015427
train,95,185,98.0,88.701584,-9.298416
train,95,186,97.0,83.27067,-13.729332
train,95,187,96.0,85.83999,-10.160011
train,95,188,95.0,85.1706,-9.829399
train,95,189,94.0,78.66132,-15.338676
train,95,190,93.0,76.507484,-16.492516
train,95,191,92.0,72.00794,-19.992058
train,95,192,91.0,75.12857,-15.871429
train,95,193,90.0,72.30489,-17.695107
train,95,194,89.0,69.6903,-19.3097
train,95,195,88.0,71.32904,-16.67096
train,95,196,87.0,73.54174,-13.45826
train,95,197,86.0,68.73034,-17.26966
train,95,198,85.0,61.31463,-23.685371
train,95,199,84.0,58.102493,-25.897507
train,95,200,83.0,60.84639,-22.15361
train,95,201,82.0,61.133698,-20.866302
train,95,202,81.0,62.422516,-18.577484
train,95,203,80.0,66.6835,-13.316498
train,95,204,79.0,68.03269,-10.967308
train,95,205,78.0,64.53998,-13.460022
train,95,206,77.0,68.74141,-8.258591
train,95,207,76.0,69.99265,-6.007347
train,95,208,75.0,73.11225,-1.8877487
train,95,209,74.0,73.38848,-0.61151886
train,95,210,73.0,78.44327,5.443268
train,95,211,72.0,71.53781,-0.46218872
train,95,212,71.0,66.07142,-4.928581
train,95,213,70.0,65.09074,-4.9092636
train,95,214,69.0,66.68567,-2.314331
train,95,215,68.0,63.562862,-4.4371376
train,95,216,67.0,59.284763,-7.7152367
train,95,217,66.0,64.27657,-1.7234268
train,95,218,65.0,58.106472,-6.893528
train,95,219,64.0,57.369957,-6.630043
train,95,220,63.0,53.89399,-9.10601
train,95,221,62.0,51.100243,-10.899757
train,95,222,61.0,53.76615,-7.2338486
train,95,223,60.0,50.50801,-9.491989
train,95,224,59.0,51.4172,-7.582802
train,95,225,58.0,52.89687,-5.1031303
train,95,226,57.0,52.630676,-4.3693237
train,95,227,56.0,53.796368,-2.2036324
train,95,228,55.0,51.506638,-3.4933624
train,95,229,54.0,50.16606,-3.8339386
train,95,230,53.0,51.517982,-1.4820175
train,95,231,52.0,52.335945,0.33594513
train,95,232,51.0,46.34477,-4.6552315
train,95,233,50.0,47.106136,-2.8938637
train,95,234,49.0,43.10102,-5.898979
train,95,235,48.0,43.32898,-4.6710205
train,95,236,47.0,40.020405,-6.979595
train,95,237,46.0,40.40578,-5.594219
train,95,238,45.0,41.230682,-3.7693176
train,95,239,44.0,39.53102,-4.468979
train,95,240,43.0,38.779613,-4.2203865
train,95,241,42.0,37.154514,-4.8454857
train,95,242,41.0,34.960518,-6.039482
train,95,243,40.0,33.65338,-6.3466187
train,95,244,39.0,33.795586,-5.2044144
train,95,245,38.0,31.91341,-6.08659
train,95,246,37.0,31.496887,-5.503113
train,95,247,36.0,32.335907,-3.664093
train,95,248,35.0,32.511993,-2.4880066
train,95,249,34.0,29.561497,-4.4385033
train,95,250,33.0,28.289385,-4.710615
train,95,251,32.0,27.457048,-4.5429516
train,95,252,31.0,25.837711,-5.1622887
train,95,253,30.0,25.306099,-4.693901
train,95,254,29.0,23.58218,-5.41782
train,95,255,28.0,25.593023,-2.4069767
train,95,256,27.0,24.827974,-2.1720257
train,95,257,26.0,25.042992,-0.95700836
train,95,258,25.0,21.321707,-3.6782932
train,95,259,24.0,26.303871,2.3038712
train,95,260,23.0,27.104677,4.104677
train,95,261,22.0,29.599983,7.599983
train,95,262,21.0,28.067602,7.067602
train,95,263,20.0,26.0458,6.0457993
train,95,264,19.0,21.320631,2.320631
train,95,265,18.0,21.751919,3.7519188
train,95,266,17.0,20.529411,3.5294113
train,95,267,16.0,19.848293,3.8482933
train,95,268,15.0,20.633484,5.633484
train,95,269,14.0,19.020336,5.020336
train,95,270,13.0,16.911715,3.9117146
train,95,271,12.0,14.605588,2.605588
train,95,272,11.0,12.272361,1.2723608
train,95,273,10.0,10.945842,0.9458418
train,95,274,9.0,11.009852,2.0098524
train,95,275,8.0,11.527344,3.5273438
train,95,276,7.0,8.474308,1.474308
train,95,277,6.0,10.1039295,4.1039295
train,95,278,5.0,9.808423,4.808423
train,95,279,4.0,8.159047,4.159047
train,95,280,3.0,6.129353,3.129353
train,95,281,2.0,4.236917,2.236917
train,95,282,1.0,4.11192,3.1119199
train,95,283,0.0,3.6271062,3.6271062
train,96,30,306.0,143.76276,-162.23724
train,96,31,305.0,143.81923,-161.18077
train,96,32,304.0,143.78168,-160.21832
train,96,33,303.0,143.77147,-159.22853
train,96,34,302.0,143.78595,-158.21405
train,96,35,301.0,143.79205,-157.20795
train,96,36,300.0,143.82335,-156.17665
train,96,37,299.0,143.8116,-155.1884
train,96,38,298.0,143.81418,-154.18582
train,96,39,297.0,143.81395,-153.18605
train,96,40,296.0,143.75876,-152.24124
train,96,41,295.0,143.76474,-151.23526
train,96,42,294.0,143.09146,-150.90854
train,96,43,293.0,143.69339,-149.30661
train,96,44,292.0,142.8438,-149.1562
train,96,45,291.0,142.79733,-148.20267
train,96,46,290.0,143.62228,-146.37772
train,96,47,289.0,143.34189,-145.65811
train,96,48,288.0,142.83531,-145.16469
train,96,49,287.0,141.32138,-145.67862
train,96,50,286.0,142.96646,-143.03354
train,96,51,285.0,143.53142,-141.46858
train,96,52,284.0,143.6344,-140.3656
train,96,53,283.0,143.77533,-139.22467
train,96,54,282.0,143.79964,-138.20036
train,96,55,281.0,143.8064,-137.1936
train,96,56,280.0,143.80339,-136.19661
train,96,57,279.0,143.82025,-135.17975
train,96,58,278.0,143.7767,-134.2233
train,96,59,277.0,143.81302,-133.18698
train,96,60,276.0,143.82028,-132.17972
train,96,61,275.0,143.7037,-131.2963
train,96,62,274.0,143.7744,-130.2256
train,96,63,273.0,143.70773,-129.29227
train,96,64,272.0,143.68259,-128.31741
train,96,65,271.0,143.74078,-127.25922
train,96,66,270.0,143.78201,-126.21799
train,96,67,269.0,143.75949,-125.24051
train,96,68,268.0,143.77307,-124.22693
train,96,69,267.0,143.77097,-123.229034
train,96,70,266.0,143.77458,-122.22542
train,96,71,265.0,143.80867,-121.19133
train,96,72,264.0,143.82368,-120.176315
train,96,73,263.0,143.82585,-119.17415
train,96,74,262.0,143.83217,-118.16783
train,96,75,261.0,143.82614,-117.17386
train,96,76,260.0,143.81978,-116.18022
train,96,77,259.0,143.82654,-115.17346
train,96,78,258.0,143.82431,-114.17569
train,96,79,257.0,143.82335,-113.17665
train,96,80,256.0,143.8047,-112.1953
train,96,81,255.0,143.7956,-111.20441
train,96,82,254.0,143.79156,-110.208435
train,96,83,253.0,143.80342,-109.19658
train,96,84,252.0,143.81723,-108.18277
train,96,85,251.0,143.69711,-107.30289
train,96,86,250.0,143.63419,-106.365814
train,96,87,249.0,143.62793,-105.37207
train,96,88,248.0,143.44391,-104.55609
train,96,89,247.0,142.90634,-104.09366
train,96,90,246.0,143.00893,-102.99107
train,96,91,245.0,141.25558,-103.744415
train,96,92,244.0,143.52505,-100.474945
train,96,93,243.0,141.82664,-101.173355
train,96,94,242.0,142.29088,-99.70912
train,96,95,241.0,143.42035,-97.57965
train,96,96,240.0,143.53264,-96.46736
train,96,97,239.0,143.70953,-95.29047
train,96,98,238.0,143.70963,-94.290375
train,96,99,237.0,143.68954,-93.310455
train,96,100,236.0,142.64502,-93.35498
train,96,101,235.0,143.40135,-91.59865
train,96,102,234.0,143.49805,-90.50195
train,96,103,233.0,143.73181,-89.26819
train,96,104,232.0,143.77939,-88.22061
train,96,105,231.0,143.76349,-87.23651
train,96,106,230.0,143.80469,-86.19531
train,96,107,229.0,143.78406,-85.21594
train,96,108,228.0,143.81543,-84.18457
train,96,109,227.0,143.82,-83.17999
train,96,110,226.0,143.74442,-82.255585
train,96,111,225.0,143.69446,-81.30554
train,96,112,224.0,143.53052,-80.46948
train,96,113,223.0,142.8505,-80.149506
train,96,114,222.0,143.4454,-78.554596
train,96,115,221.0,142.28355,-78.716446
train,96,116,220.0,143.41942,-76.58058
train,96,117,219.0,143.15965,-75.84035
train,96,118,218.0,143.38998,-74.610016
train,96,119,217.0,143.04681,-73.953186
train,96,120,216.0,143.65047,-72.34953
train,96,121,215.0,143.6973,-71.302704
train,96,122,214.0,143.29895,-70.70105
train,96,123,213.0,143.62296,-69.377045
train,96,124,212.0,143.72447,-68.27553
train,96,125,211.0,142.87851,-68.12149
train,96,126,210.0,143.68503,-66.31497
train,96,127,209.0,143.61142,-65.38858
train,96,128,208.0,143.74002,-64.25998
train,96,129,207.0,143.68614,-63.313858
train,96,130,206.0,143.7048,-62.295197
train,96,131,205.0,143.78786,-61.212143
train,96,132,204.0,143.79977,-60.200226
train,96,133,203.0,143.71709,-59.282913
train,96,134,202.0,143.81747,-58.182526
train,96,135,201.0,143.80191,-57.19809
train,96,136,200.0,143.79008,-56.209915
train,96,137,199.0,143.81793,-55.182068
train,96,138,198.0,143.82414,-54.175858
train,96,139,197.0,143.82971,-53.170288
train,96,140,196.0,143.8212,-52.178802
train,96,141,195.0,143.78058,-51.21942
train,96,142,194.0,143.825,-50.175003
train,96,143,193.0,143.81552,-49.18448
train,96,144,192.0,143.79834,-48.20166
train,96,145,191.0,143.8214,-47.178604
train,96,146,190.0,143.8233,-46.176697
train,96,147,189.0,143.50084,-45.49916
train,96,148,188.0,143.69977,-44.300232
train,96,149,187.0,143.48943,-43.510574
train,96,150,186.0,143.41074,-42.589264
train,96,151,185.0,130.04587,-54.954132
train,96,152,184.0,119.84165,-64.15835
train,96,153,183.0,128.49255,-54.507446
train,96,154,182.0,128.84018,-53.15982
train,96,155,181.0,142.73505,-38.264954
train,96,156,180.0,142.6268,-37.3732
train,96,157,179.0,143.41129,-35.588715
train,96,158,178.0,143.61179,-34.388214
train,96,159,177.0,143.58942,-33.410583
train,96,160,176.0,143.63522,-32.364777
train,96,161,175.0,143.03651,-31.963486
train,96,162,174.0,143.31479,-30.685211
train,96,163,173.0,141.75308,-31.246918
train,96,164,172.0,143.42365,-28.576355
train,96,165,171.0,143.56795,-27.432053
train,96,166,170.0,143.27292,-26.727081
train,96,167,169.0,143.3512,-25.648804
train,96,168,168.0,143.76463,-24.235367
train,96,169,167.0,143.75775,-23.242249
train,96,170,166.0,143.81454,-22.185455
train,96,171,165.0,143.54936,-21.450638
train,96,172,164.0,143.79143,-20.208572
train,96,173,163.0,143.81805,-19.181946
train,96,174,162.0,143.67516,-18.324844
train,96,175,161.0,143.76988,-17.230118
train,96,176,160.0,143.80772,-16.192276
train,96,177,159.0,143.53296,-15.467041
train,96,178,158.0,143.69608,-14.303925
train,96,179,157.0,143.70277,-13.297226
train,96,180,156.0,143.18607,-12.813934
train,96,181,155.0,136.79742,-18.202576
train,96,182,154.0,118.07723,-35.922768
train,96,183,153.0,127.05059,-25.94941
train,96,184,152.0,140.50598,-11.494019
train,96,185,151.0,142.76273,-8.237274
train,96,186,150.0,143.11185,-6.888153
train,96,187,149.0,143.16156,-5.83844
train,96,188,148.0,143.32594,-4.674057
train,96,189,147.0,143.48724,-3.5127563
train,96,190,146.0,143.64743,-2.3525696
train,96,191,145.0,143.05322,-1.9467773
train,96,192,144.0,143.6626,-0.33740234
train,96,193,143.0,143.7445,0.74450684
train,96,194,142.0,142.01643,0.016433716
train,96,195,141.0,143.58788,2.5878754
train,96,196,140.0,143.49664,3.496643
train,96,197,139.0,143.4606,4.460602
train,96,198,138.0,142.82074,4.8207397
train,96,199,137.0,140.82997,3.8299713
train,96,200,136.0,143.53412,7.5341187
train,96,201,135.0,143.29007,8.29007
train,96,202,134.0,143.41742,9.417419
train,96,203,133.0,140.34494,7.34494
train,96,204,132.0,140.36732,8.367325
train,96,205,131.0,142.52008,11.520081
train,96,206,130.0,143.18481,13.184814
train,96,207,129.0,143.11478,14.114777
train,96,208,128.0,132.67764,4.677643
train,96,209,127.0,142.84006,15.840057
train,96,210,126.0,136.55896,10.55896
train,96,211,125.0,134.35805,9.3580475
train,96,212,124.0,106.29163,-17.708366
train,96,213,123.0,111.934685,-11.065315
train,96,214,122.0,109.03309,-12.966911
train,96,215,121.0,120.71237,-0.28762817
train,96,216,120.0,111.430214,-8.569786
train,96,217,119.0,114.9396,-4.060402
train,96,218,118.0,124.93909,6.939087
train,96,219,117.0,104.23704,-12.762962
train,96,220,116.0,111.5805,-4.4195023
train,96,221,115.0,121.3057,6.305702
train,96,222,114.0,129.15527,15.155273
train,96,223,113.0,117.96833,4.9683304
train,96,224,112.0,107.087685,-4.9123154
train,96,225,111.0,101.68122,-9.318779
train,96,226,110.0,96.24792,-13.752083
train,96,227,109.0,115.5687,6.5687027
train,96,228,108.0,103.18789,-4.812111
train,96,229,107.0,89.26551,-17.73449
train,96,230,106.0,102.946365,-3.0536346
train,96,231,105.0,97.592354,-7.407646
train,96,232,104.0,107.998695,3.9986954
train,96,233,103.0,105.37093,2.3709335
train,96,234,102.0,91.81994,-10.180061
train,96,235,101.0,87.80175,-13.19825
train,96,236,100.0,93.43251,-6.5674896
train,96,237,99.0,98.03713,-0.96286774
train,96,238,98.0,92.7205,-5.279503
train,96,239,97.0,84.565636,-12.434364
train,96,240,96.0,89.29518,-6.7048187
train,96,241,95.0,94.795616,-0.20438385
train,96,242,94.0,99.67554,5.675537
train,96,243,93.0,91.6899,-1.3100967
train,96,244,92.0,86.6408,-5.3591995
train,96,245,91.0,83.44735,-7.5526505
train,96,246,90.0,81.06696,-8.933037
train,96,247,89.0,71.79214,-17.207863
train,96,248,88.0,70.859795,-17.140205
train,96,249,87.0,57.590263,-29.409737
train,96,250,86.0,54.939262,-31.060738
train,96,251,85.0,58.775772,-26.224228
train,96,252,84.0,75.55064,-8.449364
train,96,253,83.0,60.282227,-22.717773
train,96,254,82.0,83.62005,1.6200485
train,96,255,81.0,80.23209,-0.7679062
train,96,256,80.0,68.8422,-11.157799
train,96,257,79.0,68.29812,-10.701881
train,96,258,78.0,76.10409,-1.8959122
train,96,259,77.0,83.92493,6.9249268
train,96,260,76.0,77.55453,1.5545273
train,96,261,75.0,77.437004,2.437004
train,96,262,74.0,69.90621,-4.093788
train,96,263,73.0,72.95446,-0.045539856
train,96,264,72.0,68.6019,-3.3981018
train,96,265,71.0,73.14173,2.1417313
train,96,266,70.0,80.35026,10.350258
train,96,267,69.0,75.34083,6.340828
train,96,268,68.0,84.43981,16.439812
train,96,269,67.0,87.07605,20.07605
train,96,270,66.0,87.58802,21.58802
train,96,271,65.0,80.82207,15.822067
train,96,272,64.0,73.05201,9.05201
train,96,273,63.0,65.333015,2.3330154
train,96,274,62.0,57.727962,-4.2720375
train,96,275,61.0,65.20763,4.2076263
train,96,276,60.0,66.25297,6.252968
train,96,277,59.0,62.65696,3.6569595
train,96,278,58.0,68.44926,10.449257
train,96,279,57.0,67.36643,10.366432
train,96,280,56.0,57.248497,1.248497
train,96,281,55.0,59.299324,4.299324
train,96,282,54.0,62.90747,8.907471
train,96,283,53.0,56.807648,3.8076477
train,96,284,52.0,53.50556,1.5055618
train,96,285,51.0,49.490097,-1.509903
train,96,286,50.0,44.49238,-5.507622
train,96,287,49.0,46.83163,-2.1683693
train,96,288,48.0,47.755295,-0.2447052
train,96,289,47.0,40.605072,-6.394928
train,96,290,46.0,41.139427,-4.860573
train,96,291,45.0,39.795662,-5.204338
train,96,292,44.0,38.451775,-5.5482254
train,96,293,43.0,43.481678,0.481678
train,96,294,42.0,40.750652,-1.2493477
train,96,295,41.0,39.739258,-1.2607422
train,96,296,40.0,38.89324,-1.1067581
train,96,297,39.0,34.26822,-4.731781
train,96,298,38.0,39.09245,1.0924492
train,96,299,37.0,38.316044,1.3160439
train,96,300,36.0,37.52766,1.5276604
train,96,301,35.0,35.920372,0.920372
train,96,302,34.0,33.9814,-0.018600464
train,96,303,33.0,30.037981,-2.962019
train,96,304,32.0,24.974442,-7.0255585
train,96,305,31.0,26.118673,-4.8813267
train,96,306,30.0,27.388153,-2.611847
train,96,307,29.0,27.440802,-1.5591984
train,96,308,28.0,27.085312,-0.9146881
train,96,309,27.0,27.228739,0.22873878
train,96,310,26.0,28.064323,2.0643234
train,96,311,25.0,29.155437,4.1554375
train,96,312,24.0,28.993885,4.993885
train,96,313,23.0,28.073475,5.073475
train,96,314,22.0,24.272615,2.2726154
train,96,315,21.0,23.687357,2.687357
train,96,316,20.0,24.720854,4.720854
train,96,317,19.0,21.692974,2.692974
train,96,318,18.0,22.56289,4.562889
train,96,319,17.0,24.185467,7.185467
train,96,320,16.0,21.748672,5.7486725
train,96,321,15.0,23.009785,8.009785
train,96,322,14.0,20.903217,6.9032173
train,96,323,13.0,20.502853,7.5028534
train,96,324,12.0,17.426527,5.426527
train,96,325,11.0,13.705891,2.7058907
train,96,326,10.0,13.00981,3.0098104
train,96,327,9.0,12.323453,3.323453
train,96,328,8.0,10.938866,2.9388657
train,96,329,7.0,10.275136,3.275136
train,96,330,6.0,8.753299,2.7532988
train,96,331,5.0,7.1515603,2.1515603
train,96,332,4.0,7.9453626,3.9453626
train,96,333,3.0,8.48503,5.48503
train,96,334,2.0,5.1445622,3.1445622
train,96,335,1.0,5.518456,4.518456
train,96,336,0.0,2.2158628,2.2158628
train,97,30,172.0,143.8173,-28.182693
train,97,31,171.0,143.81175,-27.188248
train,97,32,170.0,143.82,-26.179993
train,97,33,169.0,143.79904,-25.200958
train,97,34,168.0,143.82059,-24.179413
train,97,35,167.0,143.82378,-23.176224
train,97,36,166.0,143.82652,-22.173477
train,97,37,165.0,143.8203,-21.179703
train,97,38,164.0,143.802,-20.197998
train,97,39,163.0,143.80225,-19.197754
train,97,40,162.0,143.81273,-18.187271
train,97,41,161.0,143.82983,-17.170166
train,97,42,160.0,143.79889,-16.20111
train,97,43,159.0,143.70004,-15.299957
train,97,44,158.0,143.8115,-14.188507
train,97,45,157.0,143.8226,-13.177399
train,97,46,156.0,143.80629,-12.19371
train,97,47,155.0,143.82013,-11.179871
train,97,48,154.0,143.82599,-10.174011
train,97,49,153.0,143.83005,-9.169952
train,97,50,152.0,143.82452,-8.175476
train,97,51,151.0,143.81953,-7.1804657
train,97,52,150.0,143.82556,-6.1744385
train,97,53,149.0,143.82709,-5.1729126
train,97,54,148.0,143.83275,-4.1672516
train,97,55,147.0,143.82928,-3.1707153
train,97,56,146.0,143.80592,-2.1940765
train,97,57,145.0,143.83429,-1.1657104
train,97,58,144.0,143.80801,-0.19198608
train,97,59,143.0,143.80984,0.809845
train,97,60,142.0,143.82394,1.8239441
train,97,61,141.0,143.83058,2.8305817
train,97,62,140.0,143.83096,3.8309631
train,97,63,139.0,143.83272,4.832718
train,97,64,138.0,143.81532,5.815323
train,97,65,137.0,143.82904,6.8290405
train,97,66,136.0,143.82643,7.8264313
train,97,67,135.0,143.8245,8.824493
train,97,68,134.0,143.80432,9.804321
train,97,69,133.0,143.82472,10.824722
train,97,70,132.0,143.75427,11.754272
train,97,71,131.0,143.82854,12.828537
train,97,72,130.0,143.8252,13.825195
train,97,73,129.0,143.82555,14.825546
train,97,74,128.0,143.83514,15.835144
train,97,75,127.0,143.82513,16.825134
train,97,76,126.0,143.74896,17.748962
train,97,77,125.0,143.81668,18.81668
train,97,78,124.0,143.81023,19.810226
train,97,79,123.0,143.81163,20.81163
train,97,80,122.0,143.80798,21.807983
train,97,81,121.0,143.80106,22.801056
train,97,82,120.0,143.7869,23.786896
train,97,83,119.0,143.80176,24.801758
train,97,84,118.0,143.78868,25.788681
train,97,85,117.0,143.20253,26.20253
train,97,86,116.0,128.8985,12.898499
train,97,87,115.0,137.78214,22.782135
train,97,88,114.0,143.66856,29.668564
train,97,89,113.0,143.54382,30.543823
train,97,90,112.0,143.5849,31.5849
train,97,91,111.0,143.62161,32.621613
train,97,92,110.0,143.7266,33.726593
train,97,93,109.0,143.80408,34.804077
train,97,94,108.0,143.79024,35.790237
train,97,95,107.0,143.79846,36.798462
train,97,96,106.0,143.8269,37.826904
train,97,97,105.0,143.81683,38.816833
train,97,98,104.0,143.7795,39.779495
train,97,99,103.0,143.82613,40.826126
train,97,100,102.0,143.80142,41.801422
train,97,101,101.0,143.8077,42.807693
train,97,102,100.0,143.76349,43.76349
train,97,103,99.0,143.60535,44.605347
train,97,104,98.0,136.30615,38.306152
train,97,105,97.0,117.760155,20.760155
train,97,106,96.0,105.69311,9.693108
train,97,107,95.0,98.36796,3.367958
train,97,108,94.0,92.183556,-1.8164444
train,97,109,93.0,93.73921,0.73921204
train,97,110,92.0,88.17323,-3.826767
train,97,111,91.0,91.51163,0.5116272
train,97,112,90.0,92.4835,2.4834976
train,97,113,89.0,90.77601,1.7760086
train,97,114,88.0,84.11808,-3.8819199
train,97,115,87.0,84.330215,-2.6697845
train,97,116,86.0,89.319214,3.3192139
train,97,117,85.0,93.87153,8.871529
train,97,118,84.0,81.350075,-2.6499252
train,97,119,83.0,77.886314,-5.1136856
train,97,120,82.0,77.33657,-4.6634293
train,97,121,81.0,77.659096,-3.3409042
train,97,122,80.0,79.477745,-0.52225494
train,97,123,79.0,76.377914,-2.6220856
train,97,124,78.0,77.99471,-0.0052871704
train,97,125,77.0,78.25529,1.2552872
train,97,126,76.0,79.953026,3.9530258
train,97,127,75.0,79.49679,4.496788
train,97,128,74.0,76.48015,2.4801483
train,97,129,73.0,82.86236,9.862358
train,97,130,72.0,78.20742,6.2074203
train,97,131,71.0,81.37753,10.377533
train,97,132,70.0,79.98934,9.989342
train,97,133,69.0,78.14974,9.149742
train,97,134,68.0,81.51317,13.513168
train,97,135,67.0,75.9393,8.939301
train,97,136,66.0,75.6182,9.618202
train,97,137,65.0,75.335815,10.335815
train,97,138,64.0,75.18497,11.184967
train,97,139,63.0,78.68174,15.68174
train,97,140,62.0,73.90564,11.90564
train,97,141,61.0,74.81113,13.811127
train,97,142,60.0,78.61796,18.617958
train,97,143,59.0,76.17487,17.174873
train,97,144,58.0,70.86884,12.868843
train,97,145,57.0,63.610817,6.610817
train,97,146,56.0,59.785816,3.7858162
train,97,147,55.0,59.574005,4.574005
train,97,148,54.0,59.48375,5.4837494
train,97,149,53.0,59.17569,6.1756897
train,97,150,52.0,57.165234,5.1652336
train,97,151,51.0,54.83696,3.8369598
train,97,152,50.0,56.15467,6.1546707
train,97,153,49.0,54.072487,5.072487
train,97,154,48.0,54.054413,6.054413
train,97,155,47.0,54.679367,7.679367
train,97,156,46.0,55.799026,9.7990265
train,97,157,45.0,52.73134,7.7313385
train,97,158,44.0,47.939896,3.9398956
train,97,159,43.0,49.032112,6.032112
train,97,160,42.0,41.03927,-0.9607315
train,97,161,41.0,43.61798,2.617981
train,97,162,40.0,42.047188,2.0471878
train,97,163,39.0,38.704193,-0.29580688
train,97,164,38.0,39.50665,1.506649
train,97,165,37.0,38.349113,1.3491135
train,97,166,36.0,37.980885,1.9808846
train,97,167,35.0,38.50506,3.5050583
train,97,168,34.0,35.111084,1.111084
train,97,169,33.0,35.089607,2.0896072
train,97,170,32.0,34.98048,2.9804802
train,97,171,31.0,34.179325,3.179325
train,97,172,30.0,37.050896,7.0508957
train,97,173,29.0,37.625072,8.6250725
train,97,174,28.0,38.14218,10.142181
train,97,175,27.0,32.397858,5.3978577
train,97,176,26.0,30.169079,4.169079
train,97,177,25.0,31.231201,6.231201
train,97,178,24.0,25.110073,1.1100731
train,97,179,23.0,21.630178,-1.3698215
train,97,180,22.0,21.177626,-0.82237434
train,97,181,21.0,20.98883,-0.011169434
train,97,182,20.0,22.01122,2.011221
train,97,183,19.0,22.433884,3.4338837
train,97,184,18.0,18.173012,0.17301178
train,97,185,17.0,17.679708,0.6797085
train,97,186,16.0,20.758753,4.758753
train,97,187,15.0,18.546085,3.5460854
train,97,188,14.0,17.87584,3.8758392
train,97,189,13.0,17.517624,4.517624
train,97,190,12.0,15.349305,3.3493052
train,97,191,11.0,12.77838,1.7783804
train,97,192,10.0,11.389525,1.3895254
train,97,193,9.0,9.806979,0.8069792
train,97,194,8.0,8.743214,0.74321365
train,97,195,7.0,7.1743474,0.1743474
train,97,196,6.0,4.854173,-1.1458268
train,97,197,5.0,6.256493,1.2564931
train,97,198,4.0,5.404692,1.4046922
train,97,199,3.0,2.9119658,-0.08803415
train,97,200,2.0,5.2173114,3.2173114
train,97,201,1.0,3.8354697,2.8354697
train,97,202,0.0,4.0818906,4.0818906
train,99,30,155.0,142.18149,-12.818512
train,99,31,154.0,143.19177,-10.808228
train,99,32,153.0,143.57605,-9.42395
train,99,33,152.0,142.96382,-9.036179
train,99,34,151.0,143.36745,-7.632553
train,99,35,150.0,142.59828,-7.401718
train,99,36,149.0,143.78154,-5.21846
train,99,37,148.0,142.95828,-5.0417175
train,99,38,147.0,143.7592,-3.240799
train,99,39,146.0,143.74138,-2.2586212
train,99,40,145.0,139.80618,-5.193817
train,99,41,144.0,142.8453,-1.1546936
train,99,42,143.0,135.48886,-7.511139
train,99,43,142.0,143.27463,1.2746277
train,99,44,141.0,139.30283,-1.6971741
train,99,45,140.0,143.25206,3.25206
train,99,46,139.0,135.43503,-3.564972
train,99,47,138.0,141.11343,3.1134338
train,99,48,137.0,140.17981,3.1798096
train,99,49,136.0,135.6715,-0.32850647
train,99,50,135.0,119.3763,-15.623703
train,99,51,134.0,123.41891,-10.581093
train,99,52,133.0,104.63613,-28.363869
train,99,53,132.0,101.924194,-30.075806
train,99,54,131.0,95.95996,-35.04004
train,99,55,130.0,104.15058,-25.849419
train,99,56,129.0,103.69637,-25.303627
train,99,57,128.0,108.43134,-19.568657
train,99,58,127.0,114.697784,-12.302216
train,99,59,126.0,109.98731,-16.012688
train,99,60,125.0,109.541626,-15.458374
train,99,61,124.0,116.28887,-7.711128
train,99,62,123.0,113.54693,-9.453072
train,99,63,122.0,123.01599,1.0159912
train,99,64,121.0,131.59871,10.598709
train,99,65,120.0,131.6394,11.639404
train,99,66,119.0,143.36873,24.368729
train,99,67,118.0,143.69388,25.693878
train,99,68,117.0,143.81282,26.81282
train,99,69,116.0,143.81853,27.818527
train,99,70,115.0,143.824,28.824005
train,99,71,114.0,143.8306,29.830597
train,99,72,113.0,143.8269,30.826904
train,99,73,112.0,143.81683,31.816833
train,99,74,111.0,143.83461,32.83461
train,99,75,110.0,143.83011,33.83011
train,99,76,109.0,143.82599,34.82599
train,99,77,108.0,143.81448,35.814484
train,99,78,107.0,143.82037,36.820374
train,99,79,106.0,143.81288,37.81288
train,99,80,105.0,143.7633,38.763306
train,99,81,104.0,143.797,39.796997
train,99,82,103.0,143.78986,40.789856
train,99,83,102.0,131.74324,29.74324
train,99,84,101.0,96.61904,-4.3809586
train,99,85,100.0,75.14661,-24.853394
train,99,86,99.0,73.81296,-25.187042
train,99,87,98.0,74.03312,-23.96688
train,99,88,97.0,77.15172,-19.848282
train,99,89,96.0,78.033745,-17.966255
train,99,90,95.0,84.1865,-10.813499
train,99,91,94.0,94.302025,0.30202484
train,99,92,93.0,94.61916,1.6191635
train,99,93,92.0,93.30392,1.3039169
train,99,94,91.0,96.63203,5.6320267
train,99,95,90.0,100.15342,10.1534195
train,99,96,89.0,108.513466,19.513466
train,99,97,88.0,110.19215,22.192146
train,99,98,87.0,104.02481,17.02481
train,99,99,86.0,103.030334,17.030334
train,99,100,85.0,93.079124,8.079124
train,99,101,84.0,81.71201,-2.2879868
train,99,102,83.0,78.72052,-4.27948
train,99,103,82.0,74.92124,-7.0787582
train,99,104,81.0,76.449265,-4.5507355
train,99,105,80.0,75.32572,-4.6742783
train,99,106,79.0,72.50774,-6.492264
train,99,107,78.0,66.622856,-11.377144
train,99,108,77.0,73.12404,-3.8759613
train,99,109,76.0,68.50584,-7.4941635
train,99,110,75.0,64.72681,-10.273193
train,99,111,74.0,61.426178,-12.573822
train,99,112,73.0,63.210083,-9.789917
train,99,113,72.0,62.315247,-9.684753
train,99,114,71.0,58.385918,-12.614082
train,99,115,70.0,59.24829,-10.751709
train,99,116,69.0,59.390434,-9.609566
train,99,117,68.0,64.589005,-3.4109955
train,99,118,67.0,74.546906,7.5469055
train,99,119,66.0,68.54775,2.5477524
train,99,120,65.0,76.257195,11.2571945
train,99,121,64.0,78.02872,14.028717
train,99,122,63.0,73.83491,10.834908
train,99,123,62.0,70.21112,8.211121
train,99,124,61.0,67.227196,6.2271957
train,99,125,60.0,74.192566,14.192566
train,99,126,59.0,76.572075,17.572075
train,99,127,58.0,79.21412,21.214119
train,99,128,57.0,79.27243,22.27243
train,99,129,56.0,75.979485,19.979485
train,99,130,55.0,71.58094,16.58094
train,99,131,54.0,63.003468,9.003468
train,99,132,53.0,55.677235,2.6772346
train,99,133,52.0,53.019882,1.0198822
train,99,134,51.0,57.130775,6.1307755
train,99,135,50.0,50.78687,0.78686905
train,99,136,49.0,52.668655,3.6686554
train,99,137,48.0,49.052628,1.0526276
train,99,138,47.0,46.211823,-0.7881775
train,99,139,46.0,44.70391,-1.2960892
train,99,140,45.0,43.681343,-1.3186569
train,99,141,44.0,42.02371,-1.9762917
train,99,142,43.0,41.887947,-1.1120529
train,99,143,42.0,43.38201,1.3820114
train,99,144,41.0,43.683075,2.683075
train,99,145,40.0,35.141487,-4.858513
train,99,146,39.0,40.42124,1.4212418
train,99,147,38.0,37.455338,-0.5446625
train,99,148,37.0,38.62471,1.6247101
train,99,149,36.0,36.677505,0.6775055
train,99,150,35.0,35.86662,0.8666191
train,99,151,34.0,34.55414,0.5541382
train,99,152,33.0,32.04932,-0.9506798
train,99,153,32.0,31.515213,-0.484787
train,99,154,31.0,30.828022,-0.171978
train,99,155,30.0,31.141638,1.1416378
train,99,156,29.0,29.389452,0.38945198
train,99,157,28.0,30.665688,2.6656876
train,99,158,27.0,32.2751,5.2751007
train,99,159,26.0,32.194107,6.194107
train,99,160,25.0,31.017616,6.0176163
train,99,161,24.0,26.19391,2.1939106
train,99,162,23.0,25.393412,2.3934116
train,99,163,22.0,23.07137,1.0713692
train,99,164,21.0,22.321186,1.3211861
train,99,165,20.0,22.740124,2.7401237
train,99,166,19.0,20.040178,1.0401783
train,99,167,18.0,16.451958,-1.5480423
train,99,168,17.0,14.801214,-2.1987858
train,99,169,16.0,15.431889,-0.5681114
train,99,170,15.0,14.985476,-0.01452446
train,99,171,14.0,12.952775,-1.047225
train,99,172,13.0,12.581103,-0.41889668
train,99,173,12.0,13.572566,1.572566
train,99,174,11.0,13.104813,2.1048126
train,99,175,10.0,11.328677,1.3286772
train,99,176,9.0,9.380062,0.3800621
train,99,177,8.0,8.668033,0.66803265
train,99,178,7.0,6.3365636,-0.6634364
train,99,179,6.0,4.8246636,-1.1753364
train,99,180,5.0,2.1290298,-2.8709702
train,99,181,4.0,1.2599789,-2.7400212
train,99,182,3.0,0.97800696,-2.0219932
train,99,183,2.0,-0.8763727,-2.8763728
train,99,184,1.0,0.8443905,-0.15560949
train,99,185,0.0,1.878122,1.878122
val,3,30,149.0,143.82835,-5.171646
val,3,31,148.0,143.81033,-4.1896667
val,3,32,147.0,143.8275,-3.1725006
val,3,33,146.0,143.82762,-2.1723785
val,3,34,145.0,143.8253,-1.1746979
val,3,35,144.0,143.82388,-0.17611694
val,3,36,143.0,143.819,0.81900024
val,3,37,142.0,143.76907,1.7690735
val,3,38,141.0,143.6623,2.6622925
val,3,39,140.0,142.90189,2.901886
val,3,40,139.0,115.41761,-23.58239
val,3,41,138.0,122.74879,-15.251213
val,3,42,137.0,120.03916,-16.960838
val,3,43,136.0,117.7897,-18.210297
val,3,44,135.0,125.06336,-9.936638
val,3,45,134.0,131.20328,-2.7967224
val,3,46,133.0,127.78886,-5.2111435
val,3,47,132.0,137.74527,5.74527
val,3,48,131.0,135.82254,4.8225403
val,3,49,130.0,143.59114,13.591141
val,3,50,129.0,141.33438,12.334381
val,3,51,128.0,137.0516,9.051605
val,3,52,127.0,141.03613,14.036133
val,3,53,126.0,141.33241,15.332413
val,3,54,125.0,138.28625,13.286255
val,3,55,124.0,141.16544,17.165436
val,3,56,123.0,133.8284,10.8284
val,3,57,122.0,138.42001,16.420013
val,3,58,121.0,137.85379,16.85379
val,3,59,120.0,116.66244,-3.3375626
val,3,60,119.0,102.3836,-16.616402
val,3,61,118.0,101.26173,-16.738274
val,3,62,117.0,97.28995,-19.710052
val,3,63,116.0,96.99288,-19.007118
val,3,64,115.0,97.375984,-17.624016
val,3,65,114.0,100.88171,-13.118294
val,3,66,113.0,107.2459,-5.754097
val,3,67,112.0,110.18652,-1.8134766
val,3,68,111.0,106.11658,-4.883423
val,3,69,110.0,100.69434,-9.305656
val,3,70,109.0,99.192055,-9.807945
val,3,71,108.0,97.095116,-10.904884
val,3,72,107.0,95.889145,-11.110855
val,3,73,106.0,101.24285,-4.7571487
val,3,74,105.0,102.363304,-2.6366959
val,3,75,104.0,103.33213,-0.66786957
val,3,76,103.0,104.22779,1.2277908
val,3,77,102.0,104.71229,2.712288
val,3,78,101.0,104.10496,3.1049576
val,3,79,100.0,115.6988,15.698799
val,3,80,99.0,123.180855,24.180855
val,3,81,98.0,115.43194,17.431938
val,3,82,97.0,105.28936,8.28936
val,3,83,96.0,105.72192,9.721916
val,3,84,95.0,109.80247,14.802467
val,3,85,94.0,108.803566,14.803566
val,3,86,93.0,106.84066,13.84066
val,3,87,92.0,110.93642,18.936417
val,3,88,91.0,104.561226,13.561226
val,3,89,90.0,116.6182,26.618202
val,3,90,89.0,110.4443,21.444298
val,3,91,88.0,118.37354,30.373543
val,3,92,87.0,117.069145,30.069145
val,3,93,86.0,116.39135,30.39135
val,3,94,85.0,114.697876,29.697876
val,3,95,84.0,127.70444,43.704437
val,3,96,83.0,136.16393,53.163925
val,3,97,82.0,137.74548,55.745483
val,3,98,81.0,134.08015,53.080154
val,3,99,80.0,132.32446,52.324463
val,3,100,79.0,127.72401,48.724007
val,3,101,78.0,131.51799,53.51799
val,3,102,77.0,114.44356,37.443558
val,3,103,76.0,110.63016,34.630157
val,3,104,75.0,104.720375,29.720375
val,3,105,74.0,103.78893,29.788933
val,3,106,73.0,111.29824,38.29824
val,3,107,72.0,106.20565,34.20565
val,3,108,71.0,87.68864,16.688637
val,3,109,70.0,90.09606,20.096062
val,3,110,69.0,88.94927,19.949272
val,3,111,68.0,86.61541,18.61541
val,3,112,67.0,86.86352,19.863518
val,3,113,66.0,86.97743,20.977432
val,3,114,65.0,85.48002,20.480019
val,3,115,64.0,81.92536,17.925362
val,3,116,63.0,83.510506,20.510506
val,3,117,62.0,80.63801,18.638008
val,3,118,61.0,76.50163,15.501633
val,3,119,60.0,71.838554,11.838554
val,3,120,59.0,69.54684,10.546837
val,3,121,58.0,68.11321,10.113213
val,3,122,57.0,65.02098,8.020981
val,3,123,56.0,61.928787,5.928787
val,3,124,55.0,61.880127,6.880127
val,3,125,54.0,60.609974,6.609974
val,3,126,53.0,60.994133,7.994133
val,3,127,52.0,56.756767,4.7567673
val,3,128,51.0,55.561966,4.561966
val,3,129,50.0,52.21402,2.2140198
val,3,130,49.0,53.117096,4.117096
val,3,131,48.0,52.73867,4.7386703
val,3,132,47.0,48.630165,1.6301651
val,3,133,46.0,47.226357,1.2263565
val,3,134,45.0,45.03147,0.031471252
val,3,135,44.0,48.54918,4.549179
val,3,136,43.0,44.754753,1.7547531
val,3,137,42.0,42.0756,0.07559967
val,3,138,41.0,42.073322,1.0733223
val,3,139,40.0,40.465042,0.4650421
val,3,140,39.0,40.8243,1.8242989
val,3,141,38.0,38.418907,0.41890717
val,3,142,37.0,37.743053,0.74305344
val,3,143,36.0,37.81369,1.8136902
val,3,144,35.0,36.71997,1.7199707
val,3,145,34.0,37.74086,3.74086
val,3,146,33.0,37.198868,4.198868
val,3,147,32.0,33.45287,1.4528694
val,3,148,31.0,34.562927,3.5629272
val,3,149,30.0,31.413986,1.4139862
val,3,150,29.0,31.145136,2.1451359
val,3,151,28.0,31.295551,3.2955513
val,3,152,27.0,29.742474,2.7424736
val,3,153,26.0,28.306389,2.3063889
val,3,154,25.0,28.340075,3.3400745
val,3,155,24.0,27.997335,3.9973354
val,3,156,23.0,25.978523,2.9785233
val,3,157,22.0,25.654179,3.6541786
val,3,158,21.0,22.759996,1.7599964
val,3,159,20.0,22.099197,2.0991974
val,3,160,19.0,21.185982,2.1859818
val,3,161,18.0,21.881727,3.8817272
val,3,162,17.0,19.082724,2.0827236
val,3,163,16.0,18.511154,2.5111542
val,3,164,15.0,17.994946,2.9949455
val,3,165,14.0,16.272747,2.272747
val,3,166,13.0,12.954382,-0.045618057
val,3,167,12.0,13.703289,1.703289
val,3,168,11.0,14.274239,3.2742386
val,3,169,10.0,12.426408,2.4264078
val,3,170,9.0,10.870485,1.8704853
val,3,171,8.0,10.044331,2.0443306
val,3,172,7.0,7.78645,0.7864499
val,3,173,6.0,5.584764,-0.415236
val,3,174,5.0,5.009125,0.009125233
val,3,175,4.0,8.7666445,4.7666445
val,3,176,3.0,4.957873,1.9578729
val,3,177,2.0,5.6542134,3.6542134
val,3,178,1.0,2.56111,1.56111
val,3,179,0.0,2.3015037,2.3015037
val,5,30,239.0,143.78818,-95.21182
val,5,31,238.0,143.82649,-94.17351
val,5,32,237.0,143.82944,-93.17056
val,5,33,236.0,143.81314,-92.18686
val,5,34,235.0,143.49118,-91.50882
val,5,35,234.0,143.82906,-90.170944
val,5,36,233.0,143.80379,-89.19621
val,5,37,232.0,143.7919,-88.2081
val,5,38,231.0,143.82939,-87.17061
val,5,39,230.0,143.82013,-86.17987
val,5,40,229.0,143.70338,-85.296616
val,5,41,228.0,143.22589,-84.77411
val,5,42,227.0,143.6141,-83.385895
val,5,43,226.0,143.76012,-82.23988
val,5,44,225.0,143.65793,-81.34207
val,5,45,224.0,143.72476,-80.27524
val,5,46,223.0,143.72177,-79.27823
val,5,47,222.0,143.69702,-78.30298
val,5,48,221.0,143.58267,-77.41733
val,5,49,220.0,143.77644,-76.22356
val,5,50,219.0,143.7708,-75.2292
val,5,51,218.0,143.40776,-74.59224
val,5,52,217.0,143.24252,-73.75748
val,5,53,216.0,143.09445,-72.90555
val,5,54,215.0,143.27896,-71.72104
val,5,55,214.0,143.75043,-70.24957
val,5,56,213.0,143.24854,-69.751465
val,5,57,212.0,143.5684,-68.431595
val,5,58,211.0,143.54701,-67.45299
val,5,59,210.0,143.4833,-66.51669
val,5,60,209.0,143.38895,-65.61105
val,5,61,208.0,143.64227,-64.35773
val,5,62,207.0,143.76215,-63.237854
val,5,63,206.0,143.57486,-62.42514
val,5,64,205.0,143.42477,-61.575226
val,5,65,204.0,143.0469,-60.953094
val,5,66,203.0,143.63281,-59.367188
val,5,67,202.0,143.7546,-58.245407
val,5,68,201.0,143.68964,-57.310364
val,5,69,200.0,143.77884,-56.22116
val,5,70,199.0,143.7922,-55.207794
val,5,71,198.0,143.01762,-54.982376
val,5,72,197.0,143.72592,-53.27408
val,5,73,196.0,143.73407,-52.26593
val,5,74,195.0,143.8063,-51.193695
val,5,75,194.0,143.74272,-50.25728
val,5,76,193.0,143.80888,-49.191116
val,5,77,192.0,143.7612,-48.2388
val,5,78,191.0,143.74316,-47.256836
val,5,79,190.0,143.7819,-46.218094
val,5,80,189.0,143.77382,-45.22618
val,5,81,188.0,143.71838,-44.281616
val,5,82,187.0,142.85696,-44.143036
val,5,83,186.0,133.94147,-52.058533
val,5,84,185.0,114.87942,-70.12058
val,5,85,184.0,116.63236,-67.36764
val,5,86,183.0,122.622925,-60.377075
val,5,87,182.0,118.18448,-63.81552
val,5,88,181.0,123.12008,-57.87992
val,5,89,180.0,130.2337,-49.766296
val,5,90,179.0,138.72855,-40.271454
val,5,91,178.0,142.7461,-35.253906
val,5,92,177.0,143.65778,-33.342224
val,5,93,176.0,143.65677,-32.34323
val,5,94,175.0,143.76807,-31.231934
val,5,95,174.0,143.77019,-30.229813
val,5,96,173.0,143.76978,-29.230225
val,5,97,172.0,143.77255,-28.227448
val,5,98,171.0,132.55893,-38.44107
val,5,99,170.0,128.06863,-41.931366
val,5,100,169.0,127.087395,-41.912605
val,5,101,168.0,115.33111,-52.66889
val,5,102,167.0,124.070625,-42.929375
val,5,103,166.0,118.54673,-47.45327
val,5,104,165.0,133.03519,-31.964813
val,5,105,164.0,130.23369,-33.76631
val,5,106,163.0,131.8309,-31.169098
val,5,107,162.0,120.93314,-41.066856
val,5,108,161.0,136.35995,-24.640045
val,5,109,160.0,139.80219,-20.197815
val,5,110,159.0,137.94977,-21.050232
val,5,111,158.0,120.29189,-37.708107
val,5,112,157.0,130.52313,-26.476868
val,5,113,156.0,130.8659,-25.134094
val,5,114,155.0,135.0203,-19.979706
val,5,115,154.0,136.4052,-17.594803
val,5,116,153.0,140.27782,-12.722183
val,5,117,152.0,140.76924,-11.230759
val,5,118,151.0,140.43713,-10.562866
val,5,119,150.0,142.30847,-7.6915283
val,5,120,149.0,138.77661,-10.223389
val,5,121,148.0,140.09418,-7.9058228
val,5,122,147.0,142.97641,-4.02359
val,5,123,146.0,142.59146,-3.4085388
val,5,124,145.0,124.14143,-20.858566
val,5,125,144.0,122.05696,-21.943039
val,5,126,143.0,121.87469,-21.125313
val,5,127,142.0,119.9352,-22.064796
val,5,128,141.0,111.23768,-29.762321
val,5,129,140.0,109.91538,-30.084618
val,5,130,139.0,111.17441,-27.825592
val,5,131,138.0,97.69796,-40.30204
val,5,132,137.0,93.19546,-43.804543
val,5,133,136.0,91.69189,-44.308113
val,5,134,135.0,98.532234,-36.467766
val,5,135,134.0,97.19434,-36.805656
val,5,136,133.0,93.13072,-39.869278
val,5,137,132.0,85.22536,-46.774643
val,5,138,131.0,81.779945,-49.220055
val,5,139,130.0,77.60553,-52.39447
val,5,140,129.0,76.19948,-52.80052
val,5,141,128.0,75.97053,-52.029472
val,5,142,127.0,75.496056,-51.503944
val,5,143,126.0,81.82749,-44.17251
val,5,144,125.0,83.06393,-41.936073
val,5,145,124.0,80.35294,-43.647057
val,5,146,123.0,80.89244,-42.10756
val,5,147,122.0,82.50915,-39.490852
val,5,148,121.0,82.57947,-38.420532
val,5,149,120.0,81.40926,-38.590736
val,5,150,119.0,82.41975,-36.580254
val,5,151,118.0,73.55332,-44.44668
val,5,152,117.0,69.26461,-47.73539
val,5,153,116.0,72.68873,-43.31127
val,5,154,115.0,72.449684,-42.550316
val,5,155,114.0,69.8354,-44.164597
val,5,156,113.0,69.43195,-43.568047
val,5,157,112.0,69.45231,-42.54769
val,5,158,111.0,67.777176,-43.222824
val,5,159,110.0,70.70809,-39.29191
val,5,160,109.0,66.46947,-42.530533
val,5,161,108.0,68.15751,-39.84249
val,5,162,107.0,71.18487,-35.815132
val,5,163,106.0,65.100365,-40.899635
val,5,164,105.0,65.46425,-39.53575
val,5,165,104.0,63.48642,-40.51358
val,5,166,103.0,64.6723,-38.327698
val,5,167,102.0,65.90124,-36.098763
val,5,168,101.0,68.66392,-32.336082
val,5,169,100.0,67.379555,-32.620445
val,5,170,99.0,65.91096,-33.089043
val,5,171,98.0,65.572586,-32.427414
val,5,172,97.0,65.62462,-31.375381
val,5,173,96.0,65.21269,-30.787308
val,5,174,95.0,69.60775,-25.39225
val,5,175,94.0,68.41698,-25.583023
val,5,176,93.0,66.461525,-26.538475
val,5,177,92.0,67.7762,-24.2238
val,5,178,91.0,72.07749,-18.922508
val,5,179,90.0,72.49772,-17.502281
val,5,180,89.0,70.78226,-18.217743
val,5,181,88.0,76.64289,-11.357109
val,5,182,87.0,75.71247,-11.287529
val,5,183,86.0,68.12246,-17.87754
val,5,184,85.0,66.30196,-18.698036
val,5,185,84.0,65.70063,-18.29937
val,5,186,83.0,67.23893,-15.76107
val,5,187,82.0,64.37729,-17.622711
val,5,188,81.0,63.443794,-17.556206
val,5,189,80.0,63.109615,-16.890385
val,5,190,79.0,60.15784,-18.84216
val,5,191,78.0,62.658283,-15.341717
val,5,192,77.0,67.159966,-9.8400345
val,5,193,76.0,60.324486,-15.675514
val,5,194,75.0,60.048733,-14.951267
val,5,195,74.0,57.363514,-16.636486
val,5,196,73.0,51.994083,-21.005917
val,5,197,72.0,54.086502,-17.913498
val,5,198,71.0,50.91596,-20.084042
val,5,199,70.0,46.972256,-23.027744
val,5,200,69.0,51.674374,-17.325626
val,5,201,68.0,52.941994,-15.058006
val,5,202,67.0,53.64123,-13.358768
val,5,203,66.0,50.228447,-15.771553
val,5,204,65.0,47.40831,-17.59169
val,5,205,64.0,45.636284,-18.363716
val,5,206,63.0,44.532066,-18.467934
val,5,207,62.0,44.652008,-17.347992
val,5,208,61.0,41.82697,-19.17303
val,5,209,60.0,44.67057,-15.32943
val,5,210,59.0,43.51325,-15.486752
val,5,211,58.0,43.8601,-14.1399
val,5,212,57.0,44.50737,-12.49263
val,5,213,56.0,45.13193,-10.868069
val,5,214,55.0,45.095745,-9.904255
val,5,215,54.0,40.24309,-13.756908
val,5,216,53.0,43.70405,-9.295952
val,5,217,52.0,41.878452,-10.121548
val,5,218,51.0,43.748043,-7.251957
val,5,219,50.0,43.096592,-6.903408
val,5,220,49.0,41.3409,-7.6590996
val,5,221,48.0,38.770473,-9.2295265
val,5,222,47.0,38.038433,-8.961567
val,5,223,46.0,35.25117,-10.748829
val,5,224,45.0,34.665485,-10.334515
val,5,225,44.0,33.749176,-10.250824
val,5,226,43.0,33.657425,-9.342575
val,5,227,42.0,30.934687,-11.065313
val,5,228,41.0,30.173239,-10.826761
val,5,229,40.0,28.149702,-11.850298
val,5,230,39.0,28.606815,-10.393185
val,5,231,38.0,30.055134,-7.944866
val,5,232,37.0,30.275831,-6.724169
val,5,233,36.0,28.619495,-7.3805046
val,5,234,35.0,27.168833,-7.831167
val,5,235,34.0,29.226479,-4.7735214
val,5,236,33.0,27.77192,-5.2280807
val,5,237,32.0,27.017918,-4.9820824
val,5,238,31.0,26.882622,-4.117378
val,5,239,30.0,26.629616,-3.3703842
val,5,240,29.0,26.628208,-2.3717918
val,5,241,28.0,26.408321,-1.5916786
val,5,242,27.0,22.956387,-4.0436134
val,5,243,26.0,20.409939,-5.590061
val,5,244,25.0,21.138836,-3.861164
val,5,245,24.0,20.18956,-3.81044
val,5,246,23.0,18.130514,-4.869486
val,5,247,22.0,18.000051,-3.9999485
val,5,248,21.0,17.607946,-3.3920536
val,5,249,20.0,18.121674,-1.8783264
val,5,250,19.0,17.85973,-1.1402702
val,5,251,18.0,18.682098,0.6820984
val,5,252,17.0,17.279005,0.27900505
val,5,253,16.0,16.07129,0.07128906
val,5,254,15.0,13.864005,-1.1359949
val,5,255,14.0,11.768544,-2.2314558
val,5,256,13.0,9.847617,-3.1523829
val,5,257,12.0,8.615069,-3.3849306
val,5,258,11.0,7.778088,-3.221912
val,5,259,10.0,7.5502505,-2.4497495
val,5,260,9.0,5.772021,-3.2279792
val,5,261,8.0,7.162561,-0.83743906
val,5,262,7.0,7.253882,0.25388193
val,5,263,6.0,5.5905995,-0.40940046
val,5,264,5.0,4.1391816,-0.8608184
val,5,265,4.0,3.867353,-0.13264704
val,5,266,3.0,3.909472,0.909472
val,5,267,2.0,3.3216767,1.3216767
val,5,268,1.0,1.4262301,0.42623007
val,5,269,0.0,3.7547994,3.7547994
val,19,30,128.0,141.0789,13.078903
val,19,31,127.0,138.14348,11.143478
val,19,32,126.0,116.41946,-9.5805435
val,19,33,125.0,97.68957,-27.310432
val,19,34,124.0,86.34254,-37.657463
val,19,35,123.0,77.998665,-45.001335
val,19,36,122.0,72.33308,-49.666924
val,19,37,121.0,73.296074,-47.703926
val,19,38,120.0,71.956795,-48.043205
val,19,39,119.0,77.0911,-41.908897
val,19,40,118.0,89.27707,-28.72293
val,19,41,117.0,87.9613,-29.038696
val,19,42,116.0,95.85577,-20.144234
val,19,43,115.0,98.00651,-16.993492
val,19,44,114.0,100.935234,-13.064766
val,19,45,113.0,119.14018,6.1401825
val,19,46,112.0,109.23759,-2.762413
val,19,47,111.0,139.96696,28.966965
val,19,48,110.0,141.31131,31.31131
val,19,49,109.0,140.61816,31.618164
val,19,50,108.0,141.43468,33.434677
val,19,51,107.0,141.71619,34.716187
val,19,52,106.0,141.55254,35.552536
val,19,53,105.0,140.5256,35.525604
val,19,54,104.0,139.63957,35.639572
val,19,55,103.0,139.49005,36.49005
val,19,56,102.0,140.9812,38.9812
val,19,57,101.0,141.27573,40.275726
val,19,58,100.0,140.8388,40.838806
val,19,59,99.0,141.15479,42.154785
val,19,60,98.0,140.68079,42.680786
val,19,61,97.0,140.88693,43.886932
val,19,62,96.0,141.10602,45.106018
val,19,63,95.0,100.30528,5.3052826
val,19,64,94.0,106.286995,12.286995
val,19,65,93.0,105.06834,12.0683365
val,19,66,92.0,123.7784,31.778397
val,19,67,91.0,120.74832,29.748322
val,19,68,90.0,135.20578,45.20578
val,19,69,89.0,132.13535,43.135345
val,19,70,88.0,140.93073,52.930725
val,19,71,87.0,140.17235,53.172348
val,19,72,86.0,139.50485,53.504852
val,19,73,85.0,138.72256,53.722565
val,19,74,84.0,140.35345,56.353455
val,19,75,83.0,137.43814,54.43814
val,19,76,82.0,136.20126,54.201263
val,19,77,81.0,133.12903,52.12903
val,19,78,80.0,134.62909,54.62909
val,19,79,79.0,134.34615,55.346146
val,19,80,78.0,109.32385,31.323853
val,19,81,77.0,98.894875,21.894875
val,19,82,76.0,92.43635,16.436348
val,19,83,75.0,88.49912,13.499123
val,19,84,74.0,75.17434,1.1743393
val,19,85,73.0,65.98444,-7.0155563
val,19,86,72.0,70.43462,-1.5653763
val,19,87,71.0,77.85036,6.850357
val,19,88,70.0,71.54898,1.5489807
val,19,89,69.0,58.11577,-10.884232
val,19,90,68.0,51.264565,-16.735435
val,19,91,67.0,43.87789,-23.122108
val,19,92,66.0,42.47191,-23.528091
val,19,93,65.0,39.272373,-25.727627
val,19,94,64.0,37.46739,-26.532612
val,19,95,63.0,37.285664,-25.714336
val,19,96,62.0,34.8485,-27.1515
val,19,97,61.0,34.49937,-26.50063
val,19,98,60.0,34.22166,-25.77834
val,19,99,59.0,37.830456,-21.169544
val,19,100,58.0,38.655457,-19.344543
val,19,101,57.0,38.43367,-18.56633
val,19,102,56.0,40.831593,-15.168407
val,19,103,55.0,46.05446,-8.945541
val,19,104,54.0,48.123425,-5.8765755
val,19,105,53.0,45.325783,-7.674217
val,19,106,52.0,39.03361,-12.966389
val,19,107,51.0,44.155613,-6.844387
val,19,108,50.0,51.830414,1.8304138
val,19,109,49.0,51.277542,2.277542
val,19,110,48.0,46.783157,-1.2168427
val,19,111,47.0,46.853462,-0.14653778
val,19,112,46.0,40.994648,-5.005352
val,19,113,45.0,38.667942,-6.332058
val,19,114,44.0,34.544094,-9.455906
val,19,115,43.0,38.2062,-4.7938004
val,19,116,42.0,41.505318,-0.4946823
val,19,117,41.0,49.6511,8.6511
val,19,118,40.0,46.255547,6.2555466
val,19,119,39.0,41.698013,2.6980133
val,19,120,38.0,41.46401,3.4640083
val,19,121,37.0,38.26912,1.2691193
val,19,122,36.0,38.988564,2.9885635
val,19,123,35.0,39.4155,4.4155006
val,19,124,34.0,35.763187,1.7631874
val,19,125,33.0,34.851196,1.8511963
val,19,126,32.0,35.499645,3.4996452
val,19,127,31.0,37.724396,6.7243958
val,19,128,30.0,33.091614,3.0916138
val,19,129,29.0,33.381954,4.381954
val,19,130,28.0,32.3181,4.3181
val,19,131,27.0,31.996807,4.996807
val,19,132,26.0,29.446651,3.4466515
val,19,133,25.0,30.605385,5.605385
val,19,134,24.0,26.56108,2.561081
val,19,135,23.0,25.257713,2.2577133
val,19,136,22.0,23.873339,1.8733387
val,19,137,21.0,22.570303,1.570303
val,19,138,20.0,22.221378,2.2213783
val,19,139,19.0,17.0742,-1.9258003
val,19,140,18.0,14.849551,-3.1504488
val,19,141,17.0,16.918417,-0.08158302
val,19,142,16.0,17.322792,1.322792
val,19,143,15.0,16.07223,1.0722294
val,19,144,14.0,15.993421,1.9934206
val,19,145,13.0,16.846745,3.8467445
val,19,146,12.0,13.736449,1.7364492
val,19,147,11.0,13.446002,2.446002
val,19,148,10.0,13.777896,3.777896
val,19,149,9.0,9.961649,0.96164894
val,19,150,8.0,9.030977,1.0309772
val,19,151,7.0,7.248099,0.24809885
val,19,152,6.0,5.3497643,-0.65023565
val,19,153,5.0,6.280625,1.2806249
val,19,154,4.0,7.2418647,3.2418647
val,19,155,3.0,6.0532327,3.0532327
val,19,156,2.0,4.154097,2.154097
val,19,157,1.0,5.863791,4.863791
val,19,158,0.0,3.8996787,3.8996787
val,22,30,172.0,109.778694,-62.221306
val,22,31,171.0,116.519875,-54.480125
val,22,32,170.0,109.04148,-60.95852
val,22,33,169.0,129.98581,-39.01419
val,22,34,168.0,141.4819,-26.518097
val,22,35,167.0,141.58098,-25.419022
val,22,36,166.0,141.55188,-24.44812
val,22,37,165.0,141.49432,-23.505676
val,22,38,164.0,141.26425,-22.735748
val,22,39,163.0,141.09805,-21.901947
val,22,40,162.0,141.40292,-20.597076
val,22,41,161.0,138.3338,-22.666199
val,22,42,160.0,140.68991,-19.31009
val,22,43,159.0,140.02296,-18.977036
val,22,44,158.0,137.16225,-20.837753
val,22,45,157.0,140.09671,-16.90329
val,22,46,156.0,139.17206,-16.827942
val,22,47,155.0,141.02429,-13.975708
val,22,48,154.0,140.70827,-13.291733
val,22,49,153.0,140.25732,-12.742676
val,22,50,152.0,140.00317,-11.996826
val,22,51,151.0,139.6847,-11.315308
val,22,52,150.0,141.17865,-8.82135
val,22,53,149.0,139.84987,-9.150131
val,22,54,148.0,134.13515,-13.864853
val,22,55,147.0,113.78162,-33.218384
val,22,56,146.0,107.07925,-38.920753
val,22,57,145.0,107.719185,-37.280815
val,22,58,144.0,85.758804,-58.241196
val,22,59,143.0,93.16944,-49.83056
val,22,60,142.0,95.74372,-46.25628
val,22,61,141.0,83.93215,-57.06785
val,22,62,140.0,81.83606,-58.16394
val,22,63,139.0,90.10761,-48.892387
val,22,64,138.0,89.72918,-48.27082
val,22,65,137.0,91.18729,-45.812714
val,22,66,136.0,90.75289,-45.24711
val,22,67,135.0,94.25213,-40.74787
val,22,68,134.0,91.90166,-42.098343
val,22,69,133.0,86.08221,-46.917793
val,22,70,132.0,79.83322,-52.16678
val,22,71,131.0,81.973045,-49.026955
val,22,72,130.0,95.63834,-34.361656
val,22,73,129.0,99.29015,-29.709846
val,22,74,128.0,104.10881,-23.89119
val,22,75,127.0,123.07226,-3.927742
val,22,76,126.0,122.76774,-3.2322617
val,22,77,125.0,125.73897,0.7389679
val,22,78,124.0,127.43151,3.431511
val,22,79,123.0,132.41101,9.411011
val,22,80,122.0,129.6767,7.676697
val,22,81,121.0,121.44079,0.44078827
val,22,82,120.0,121.74366,1.74366
val,22,83,119.0,120.81728,1.8172836
val,22,84,118.0,117.97321,-0.026786804
val,22,85,117.0,125.67124,8.671242
val,22,86,116.0,119.73008,3.7300797
val,22,87,115.0,112.45937,-2.5406265
val,22,88,114.0,118.83554,4.835541
val,22,89,113.0,128.9803,15.980301
val,22,90,112.0,113.581825,1.5818253
val,22,91,111.0,98.44006,-12.559937
val,22,92,110.0,87.18291,-22.817093
val,22,93,109.0,79.32377,-29.676231
val,22,94,108.0,72.84035,-35.159653
val,22,95,107.0,76.93322,-30.06678
val,22,96,106.0,70.87778,-35.122223
val,22,97,105.0,71.64733,-33.35267
val,22,98,104.0,74.299965,-29.700035
val,22,99,103.0,74.30355,-28.69645
val,22,100,102.0,70.506035,-31.493965
val,22,101,101.0,80.89776,-20.102242
val,22,102,100.0,86.606316,-13.393684
val,22,103,99.0,87.27766,-11.722343
val,22,104,98.0,88.805756,-9.194244
val,22,105,97.0,96.49457,-0.5054321
val,22,106,96.0,82.63615,-13.363853
val,22,107,95.0,75.94828,-19.05172
val,22,108,94.0,75.326385,-18.673615
val,22,109,93.0,77.05087,-15.949127
val,22,110,92.0,75.69275,-16.307251
val,22,111,91.0,74.842155,-16.157845
val,22,112,90.0,72.16903,-17.83097
val,22,113,89.0,68.982346,-20.017654
val,22,114,88.0,74.95718,-13.042824
val,22,115,87.0,73.90445,-13.095551
val,22,116,86.0,80.53991,-5.4600906
val,22,117,85.0,83.00719,-1.9928131
val,22,118,84.0,74.79897,-9.201027
val,22,119,83.0,69.804924,-13.195076
val,22,120,82.0,72.28811,-9.711891
val,22,121,81.0,66.775085,-14.224915
val,22,122,80.0,62.71138,-17.28862
val,22,123,79.0,59.7465,-19.253502
val,22,124,78.0,58.92852,-19.07148
val,22,125,77.0,56.202934,-20.797066
val,22,126,76.0,55.689644,-20.310356
val,22,127,75.0,56.189095,-18.810905
val,22,128,74.0,60.83287,-13.1671295
val,22,129,73.0,66.575836,-6.424164
val,22,130,72.0,64.669174,-7.330826
val,22,131,71.0,72.3517,1.3516998
val,22,132,70.0,74.598724,4.5987244
val,22,133,69.0,63.03938,-5.960621
val,22,134,68.0,62.432117,-5.5678825
val,22,135,67.0,58.356834,-8.643166
val,22,136,66.0,57.423325,-8.576675
val,22,137,65.0,57.311844,-7.688156
val,22,138,64.0,54.631157,-9.368843
val,22,139,63.0,50.458748,-12.541252
val,22,140,62.0,49.71418,-12.28582
val,22,141,61.0,45.843952,-15.156048
val,22,142,60.0,46.15402,-13.845982
val,22,143,59.0,44.548782,-14.451218
val,22,144,58.0,43.838768,-14.161232
val,22,145,57.0,46.964973,-10.035027
val,22,146,56.0,46.67878,-9.32122
val,22,147,55.0,45.719074,-9.280926
val,22,148,54.0,40.844486,-13.155514
val,22,149,53.0,38.340775,-14.659225
val,22,150,52.0,39.993446,-12.006554
val,22,151,51.0,39.485474,-11.514526
val,22,152,50.0,45.519924,-4.480076
val,22,153,49.0,46.349762,-2.650238
val,22,154,48.0,46.129913,-1.8700867
val,22,155,47.0,47.024197,0.024196625
val,22,156,46.0,44.85507,-1.1449318
val,22,157,45.0,45.3704,0.37039948
val,22,158,44.0,41.51828,-2.48172
val,22,159,43.0,35.842907,-7.157093
val,22,160,42.0,35.414364,-6.585636
val,22,161,41.0,34.41312,-6.5868797
val,22,162,40.0,32.172718,-7.827282
val,22,163,39.0,31.842876,-7.1571236
val,22,164,38.0,33.97459,-4.0254097
val,22,165,37.0,33.737507,-3.2624931
val,22,166,36.0,31.763968,-4.2360325
val,22,167,35.0,30.841484,-4.158516
val,22,168,34.0,27.28979,-6.710211
val,22,169,33.0,27.763504,-5.236496
val,22,170,32.0,27.40257,-4.5974293
val,22,171,31.0,26.377108,-4.6228924
val,22,172,30.0,27.293922,-2.7060776
val,22,173,29.0,24.509014,-4.490986
val,22,174,28.0,25.381268,-2.6187325
val,22,175,27.0,25.694845,-1.3051548
val,22,176,26.0,26.60289,0.60289
val,22,177,25.0,26.26529,1.2652893
val,22,178,24.0,20.887161,-3.1128387
val,22,179,23.0,19.314789,-3.6852112
val,22,180,22.0,19.5432,-2.4568005
val,22,181,21.0,16.452694,-4.547306
val,22,182,20.0,16.823984,-3.1760159
val,22,183,19.0,13.710801,-5.289199
val,22,184,18.0,14.973367,-3.0266333
val,22,185,17.0,16.674885,-0.3251152
val,22,186,16.0,14.231332,-1.7686682
val,22,187,15.0,12.661114,-2.3388863
val,22,188,14.0,12.223215,-1.7767849
val,22,189,13.0,8.924653,-4.075347
val,22,190,12.0,10.571197,-1.4288034
val,22,191,11.0,8.423151,-2.576849
val,22,192,10.0,8.3231,-1.6768999
val,22,193,9.0,6.4751916,-2.5248084
val,22,194,8.0,6.6513257,-1.3486743
val,22,195,7.0,5.6554627,-1.3445373
val,22,196,6.0,4.6299405,-1.3700595
val,22,197,5.0,3.1520925,-1.8479075
val,22,198,4.0,3.7938046,-0.20619535
val,22,199,3.0,2.5329995,-0.46700048
val,22,200,2.0,3.018395,1.018395
val,22,201,1.0,2.3159738,1.3159738
val,22,202,0.0,-1.0963978,-1.0963978
val,25,30,200.0,143.73679,-56.263214
val,25,31,199.0,143.6721,-55.327896
val,25,32,198.0,143.29916,-54.700836
val,25,33,197.0,143.5556,-53.444397
val,25,34,196.0,143.52588,-52.47412
val,25,35,195.0,143.73463,-51.265366
val,25,36,194.0,143.75061,-50.24939
val,25,37,193.0,143.5636,-49.4364
val,25,38,192.0,143.34543,-48.65457
val,25,39,191.0,142.87494,-48.12506
val,25,40,190.0,142.16132,-47.838684
val,25,41,189.0,143.31839,-45.68161
val,25,42,188.0,143.53766,-44.46234
val,25,43,187.0,143.29994,-43.700058
val,25,44,186.0,143.30905,-42.69095
val,25,45,185.0,142.40253,-42.597473
val,25,46,184.0,136.82506,-47.174942
val,25,47,183.0,122.02773,-60.972267
val,25,48,182.0,124.207634,-57.792366
val,25,49,181.0,132.4672,-48.532806
val,25,50,180.0,136.90923,-43.090775
val,25,51,179.0,139.00592,-39.99408
val,25,52,178.0,138.31755,-39.68245
val,25,53,177.0,142.50455,-34.495453
val,25,54,176.0,141.5924,-34.407593
val,25,55,175.0,143.1009,-31.899094
val,25,56,174.0,143.46681,-30.533188
val,25,57,173.0,143.61288,-29.387115
val,25,58,172.0,143.46777,-28.532227
val,25,59,171.0,143.27556,-27.724442
val,25,60,170.0,143.10297,-26.897034
val,25,61,169.0,143.57922,-25.420776
val,25,62,168.0,143.45116,-24.548843
val,25,63,167.0,143.64098,-23.359024
val,25,64,166.0,142.93642,-23.063583
val,25,65,165.0,142.28278,-22.717224
val,25,66,164.0,137.2174,-26.782593
val,25,67,163.0,140.21524,-22.78476
val,25,68,162.0,142.21628,-19.783722
val,25,69,161.0,143.25977,-17.740234
val,25,70,160.0,143.11462,-16.885376
val,25,71,159.0,143.46912,-15.530884
val,25,72,158.0,143.26955,-14.7304535
val,25,73,157.0,142.18005,-14.819946
val,25,74,156.0,143.51889,-12.48111
val,25,75,155.0,143.51123,-11.48877
val,25,76,154.0,143.73297,-10.267029
val,25,77,153.0,137.66109,-15.338913
val,25,78,152.0,138.78688,-13.2131195
val,25,79,151.0,140.80827,-10.191727
val,25,80,150.0,143.3545,-6.6454926
val,25,81,149.0,143.5415,-5.458496
val,25,82,148.0,142.52266,-5.4773407
val,25,83,147.0,142.974,-4.026001
val,25,84,146.0,141.27486,-4.7251434
val,25,85,145.0,142.61996,-2.3800354
val,25,86,144.0,140.94283,-3.0571747
val,25,87,143.0,143.26328,0.26327515
val,25,88,142.0,143.41454,1.4145355
val,25,89,141.0,143.14001,2.1400146
val,25,90,140.0,143.32158,3.321579
val,25,91,139.0,143.20514,4.205139
val,25,92,138.0,143.32059,5.320587
val,25,93,137.0,140.87155,3.8715515
val,25,94,136.0,142.08327,6.083267
val,25,95,135.0,143.22571,8.225708
val,25,96,134.0,141.16904,7.169037
val,25,97,133.0,126.43067,-6.5693283
val,25,98,132.0,126.396935,-5.6030655
val,25,99,131.0,135.19138,4.1913757
val,25,100,130.0,137.63715,7.637146
val,25,101,129.0,142.79913,13.799133
val,25,102,128.0,142.7798,14.7798
val,25,103,127.0,141.68549,14.685486
val,25,104,126.0,139.64664,13.646637
val,25,105,125.0,137.51633,12.516327
val,25,106,124.0,140.00772,16.00772
val,25,107,123.0,137.12793,14.12793
val,25,108,122.0,140.14517,18.145172
val,25,109,121.0,136.9274,15.927399
val,25,110,120.0,143.27544,23.275436
val,25,111,119.0,143.30115,24.301147
val,25,112,118.0,143.27795,25.277954
val,25,113,117.0,140.60126,23.601257
val,25,114,116.0,141.85408,25.85408
val,25,115,115.0,142.59613,27.59613
val,25,116,114.0,143.01495,29.014954
val,25,117,113.0,142.88757,29.887573
val,25,118,112.0,143.10828,31.108276
val,25,119,111.0,139.71071,28.710709
val,25,120,110.0,142.57431,32.57431
val,25,121,109.0,142.34291,33.34291
val,25,122,108.0,126.10833,18.10833
val,25,123,107.0,123.1753,16.1753
val,25,124,106.0,131.14609,25.146088
val,25,125,105.0,137.5487,32.548706
val,25,126,104.0,140.40147,36.401474
val,25,127,103.0,141.15163,38.151627
val,25,128,102.0,135.66603,33.66603
val,25,129,101.0,137.3313,36.3313
val,25,130,100.0,131.3876,31.387604
val,25,131,99.0,133.9454,34.945404
val,25,132,98.0,142.41193,44.411926
val,25,133,97.0,138.16699,41.166992
val,25,134,96.0,136.77669,40.776688
val,25,135,95.0,116.045715,21.045715
val,25,136,94.0,107.633736,13.633736
val,25,137,93.0,81.72805,-11.27195
val,25,138,92.0,77.08969,-14.910309
val,25,139,91.0,82.02563,-8.974373
val,25,140,90.0,75.25465,-14.745354
val,25,141,89.0,62.55925,-26.44075
val,25,142,88.0,54.739178,-33.260822
val,25,143,87.0,60.922443,-26.077557
val,25,144,86.0,58.431328,-27.568672
val,25,145,85.0,57.880833,-27.119167
val,25,146,84.0,52.234657,-31.765343
val,25,147,83.0,57.394787,-25.605213
val,25,148,82.0,65.77723,-16.22277
val,25,149,81.0,54.842056,-26.157944
val,25,150,80.0,54.609154,-25.390846
val,25,151,79.0,52.4742,-26.525799
val,25,152,78.0,56.885117,-21.114883
val,25,153,77.0,59.945778,-17.054222
val,25,154,76.0,78.94152,2.9415207
val,25,155,75.0,48.825607,-26.174393
val,25,156,74.0,70.61182,-3.3881836
val,25,157,73.0,67.81011,-5.189888
val,25,158,72.0,53.833588,-18.166412
val,25,159,71.0,50.395042,-20.604958
val,25,160,70.0,41.791656,-28.208344
val,25,161,69.0,40.765915,-28.234085
val,25,162,68.0,47.474636,-20.525364
val,25,163,67.0,61.89863,-5.101372
val,25,164,66.0,74.35877,8.358772
val,25,165,65.0,83.1105,18.110497
val,25,166,64.0,86.5195,22.5195
val,25,167,63.0,86.523125,23.523125
val,25,168,62.0,81.65789,19.65789
val,25,169,61.0,83.92652,22.926521
val,25,170,60.0,85.36141,25.361412
val,25,171,59.0,82.71135,23.71135
val,25,172,58.0,73.354774,15.354774
val,25,173,57.0,72.38952,15.389519
val,25,174,56.0,84.76629,28.766289
val,25,175,55.0,74.246254,19.246254
val,25,176,54.0,66.472145,12.472145
val,25,177,53.0,62.987732,9.987732
val,25,178,52.0,63.993484,11.9934845
val,25,179,51.0,58.66181,7.661812
val,25,180,50.0,55.056625,5.0566254
val,25,181,49.0,55.083008,6.083008
val,25,182,48.0,52.597,4.597
val,25,183,47.0,49.109604,2.109604
val,25,184,46.0,44.554363,-1.4456367
val,25,185,45.0,40.19966,-4.8003387
val,25,186,44.0,37.98859,-6.0114098
val,25,187,43.0,34.087917,-8.912083
val,25,188,42.0,34.060234,-7.939766
val,25,189,41.0,33.153454,-7.846546
val,25,190,40.0,35.30975,-4.6902504
val,25,191,39.0,36.92703,-2.0729713
val,25,192,38.0,33.847317,-4.1526833
val,25,193,37.0,35.682533,-1.3174667
val,25,194,36.0,33.978657,-2.0213432
val,25,195,35.0,28.192131,-6.807869
val,25,196,34.0,32.31031,-1.6896896
val,25,197,33.0,36.644093,3.6440926
val,25,198,32.0,35.510612,3.5106125
val,25,199,31.0,34.228287,3.2282867
val,25,200,30.0,34.60578,4.6057816
val,25,201,29.0,35.09995,6.099949
val,25,202,28.0,33.11918,5.119179
val,25,203,27.0,31.190842,4.1908417
val,25,204,26.0,32.52877,6.5287704
val,25,205,25.0,29.894085,4.894085
val,25,206,24.0,28.609911,4.609911
val,25,207,23.0,30.886122,7.8861217
val,25,208,22.0,29.543242,7.5432415
val,25,209,21.0,32.238316,11.238316
val,25,210,20.0,30.239206,10.239206
val,25,211,19.0,26.283518,7.283518
val,25,212,18.0,24.03912,6.0391197
val,25,213,17.0,21.931316,4.9313164
val,25,214,16.0,22.862194,6.862194
val,25,215,15.0,18.44909,3.449089
val,25,216,14.0,16.408403,2.4084034
val,25,217,13.0,12.458777,-0.5412226
val,25,218,12.0,13.824022,1.8240223
val,25,219,11.0,10.869018,-0.1309824
val,25,220,10.0,10.321239,0.32123947
val,25,221,9.0,8.98875,-0.011249542
val,25,222,8.0,7.66791,-0.3320899
val,25,223,7.0,5.8049273,-1.1950727
val,25,224,6.0,6.3428426,0.34284258
val,25,225,5.0,2.6084409,-2.3915591
val,25,226,4.0,3.4108586,-0.58914137
val,25,227,3.0,3.3708825,0.3708825
val,25,228,2.0,4.58071,2.58071
val,25,229,1.0,1.3234202,0.32342017
val,25,230,0.0,2.7192054,2.7192054
val,26,30,169.0,143.32175,-25.678253
val,26,31,168.0,143.29578,-24.704224
val,26,32,167.0,143.29623,-23.703766
val,26,33,166.0,143.38765,-22.61235
val,26,34,165.0,143.39038,-21.60962
val,26,35,164.0,142.84412,-21.155884
val,26,36,163.0,143.55727,-19.442734
val,26,37,162.0,143.45673,-18.543274
val,26,38,161.0,140.53094,-20.469055
val,26,39,160.0,142.70967,-17.290329
val,26,40,159.0,142.91956,-16.080444
val,26,41,158.0,141.48517,-16.514832
val,26,42,157.0,143.24268,-13.757324
val,26,43,156.0,140.59955,-15.400452
val,26,44,155.0,137.08713,-17.912872
val,26,45,154.0,135.39966,-18.600342
val,26,46,153.0,125.41894,-27.581062
val,26,47,152.0,115.58535,-36.41465
val,26,48,151.0,115.74168,-35.258324
val,26,49,150.0,99.09968,-50.900322
val,26,50,149.0,107.90473,-41.09527
val,26,51,148.0,112.48203,-35.517967
val,26,52,147.0,71.54577,-75.45423
val,26,53,146.0,67.96221,-78.03779
val,26,54,145.0,78.64925,-66.35075
val,26,55,144.0,79.095146,-64.904854
val,26,56,143.0,83.59097,-59.409027
val,26,57,142.0,82.15374,-59.84626
val,26,58,141.0,82.56637,-58.43363
val,26,59,140.0,97.474045,-42.525955
val,26,60,139.0,114.866005,-24.133995
val,26,61,138.0,127.94793,-10.052071
val,26,62,137.0,137.32492,0.32492065
val,26,63,136.0,136.96547,0.96546936
val,26,64,135.0,140.84259,5.8425903
val,26,65,134.0,142.25967,8.259674
val,26,66,133.0,142.33728,9.33728
val,26,67,132.0,142.37262,10.37262
val,26,68,131.0,141.86186,10.861862
val,26,69,130.0,142.24301,12.243011
val,26,70,129.0,142.13802,13.138016
val,26,71,128.0,142.1222,14.122192
val,26,72,127.0,140.77187,13.771866
val,26,73,126.0,138.27695,12.276947
val,26,74,125.0,141.69977,16.699768
val,26,75,124.0,141.08467,17.084671
val,26,76,123.0,132.81613,9.816132
val,26,77,122.0,136.909,14.908997
val,26,78,121.0,141.54726,20.547256
val,26,79,120.0,142.22153,22.221527
val,26,80,119.0,138.72787,19.727875
val,26,81,118.0,141.819,23.819
val,26,82,117.0,142.11722,25.117218
val,26,83,116.0,141.82812,25.828125
val,26,84,115.0,136.73717,21.737167
val,26,85,114.0,139.47131,25.471313
val,26,86,113.0,91.16419,-21.835808
val,26,87,112.0,82.72425,-29.27575
val,26,88,111.0,81.5554,-29.444603
val,26,89,110.0,66.71725,-43.282753
val,26,90,109.0,69.73588,-39.264122
val,26,91,108.0,78.408745,-29.591255
val,26,92,107.0,81.21031,-25.789688
val,26,93,106.0,62.333374,-43.666626
val,26,94,105.0,70.67108,-34.32892
val,26,95,104.0,74.84866,-29.151337
val,26,96,103.0,111.800674,8.800674
val,26,97,102.0,132.98807,30.988068
val,26,98,101.0,139.92795,38.927948
val,26,99,100.0,141.16162,41.16162
val,26,100,99.0,140.57352,41.573517
val,26,101,98.0,140.82224,42.822235
val,26,102,97.0,139.17525,42.175247
val,26,103,96.0,141.67627,45.67627
val,26,104,95.0,141.86877,46.868774
val,26,105,94.0,140.9583,46.958298
val,26,106,93.0,139.03142,46.031418
val,26,107,92.0,139.84317,47.84317
val,26,108,91.0,139.52414,48.52414
val,26,109,90.0,135.99243,45.99243
val,26,110,89.0,135.05756,46.057556
val,26,111,88.0,139.37045,51.370453
val,26,112,87.0,140.0665,53.066498
val,26,113,86.0,139.85391,53.853912
val,26,114,85.0,134.46536,49.465363
val,26,115,84.0,134.48668,50.48668
val,26,116,83.0,123.664795,40.664795
val,26,117,82.0,118.20548,36.205482
val,26,118,81.0,116.55287,35.55287
val,26,119,80.0,118.96031,38.96031
val,26,120,79.0,118.12278,39.12278
val,26,121,78.0,113.686295,35.686295
val,26,122,77.0,109.76682,32.766823
val,26,123,76.0,95.82365,19.823647
val,26,124,75.0,102.62937,27.629372
val,26,125,74.0,92.478294,18.478294
val,26,126,73.0,92.662926,19.662926
val,26,127,72.0,100.47035,28.470352
val,26,128,71.0,108.09786,37.097862
val,26,129,70.0,105.783966,35.783966
val,26,130,69.0,88.371475,19.371475
val,26,131,68.0,95.72558,27.725578
val,26,132,67.0,91.60851,24.608513
val,26,133,66.0,84.367,18.366997
val,26,134,65.0,81.74985,16.749847
val,26,135,64.0,81.07612,17.076118
val,26,136,63.0,84.91111,21.91111
val,26,137,62.0,97.49869,35.498688
val,26,138,61.0,91.41697,30.41697
val,26,139,60.0,82.08799,22.08799
val,26,140,59.0,78.12118,19.121178
val,26,141,58.0,75.96683,17.966827
val,26,142,57.0,63.84672,6.8467216
val,26,143,56.0,61.927757,5.9277573
val,26,144,55.0,55.59044,0.59043884
val,26,145,54.0,48.392887,-5.607113
val,26,146,53.0,46.17758,-6.822418
val,26,147,52.0,50.50408,-1.4959183
val,26,148,51.0,44.475742,-6.5242577
val,26,149,50.0,43.824707,-6.175293
val,26,150,49.0,41.711536,-7.2884636
val,26,151,48.0,41.008724,-6.991276
val,26,152,47.0,40.989876,-6.010124
val,26,153,46.0,41.383038,-4.6169624
val,26,154,45.0,41.839764,-3.1602364
val,26,155,44.0,41.54818,-2.4518204
val,26,156,43.0,39.585747,-3.4142532
val,26,157,42.0,39.1102,-2.889801
val,26,158,41.0,41.84006,0.8400612
val,26,159,40.0,35.955833,-4.0441666
val,26,160,39.0,39.133244,0.13324356
val,26,161,38.0,38.960014,0.96001434
val,26,162,37.0,36.0948,-0.90520096
val,26,163,36.0,38.824844,2.8248444
val,26,164,35.0,39.312428,4.3124275
val,26,165,34.0,37.816452,3.816452
val,26,166,33.0,30.861942,-2.1380577
val,26,167,32.0,38.15887,6.1588707
val,26,168,31.0,34.929054,3.9290543
val,26,169,30.0,36.06153,6.061531
val,26,170,29.0,35.842606,6.8426056
val,26,171,28.0,33.678387,5.6783867
val,26,172,27.0,33.40726,6.407261
val,26,173,26.0,31.914444,5.914444
val,26,174,25.0,29.143654,4.143654
val,26,175,24.0,26.600128,2.6001282
val,26,176,23.0,28.264523,5.2645226
val,26,177,22.0,26.029022,4.029022
val,26,178,21.0,22.613712,1.6137123
val,26,179,20.0,18.163532,-1.8364677
val,26,180,19.0,20.735971,1.7359715
val,26,181,18.0,18.703726,0.7037258
val,26,182,17.0,19.316246,2.316246
val,26,183,16.0,18.647705,2.647705
val,26,184,15.0,19.502132,4.5021324
val,26,185,14.0,20.075651,6.075651
val,26,186,13.0,16.373638,3.3736382
val,26,187,12.0,12.927596,0.9275961
val,26,188,11.0,13.255479,2.2554789
val,26,189,10.0,9.277617,-0.72238255
val,26,190,9.0,8.616817,-0.38318253
val,26,191,8.0,7.8468537,-0.15314627
val,26,192,7.0,5.508347,-1.491653
val,26,193,6.0,3.6837325,-2.3162675
val,26,194,5.0,4.07346,-0.9265399
val,26,195,4.0,2.8069577,-1.1930423
val,26,196,3.0,3.9308343,0.9308343
val,26,197,2.0,1.6668764,-0.33312356
val,26,198,1.0,1.144447,0.14444697
val,26,199,0.0,1.7543837,1.7543837
val,28,30,135.0,143.81686,8.816864
val,28,31,134.0,143.83429,9.83429
val,28,32,133.0,143.81352,10.813522
val,28,33,132.0,143.80984,11.809845
val,28,34,131.0,143.74734,12.747345
val,28,35,130.0,143.80032,13.8003235
val,28,36,129.0,143.8262,14.826202
val,28,37,128.0,143.80759,15.807587
val,28,38,127.0,143.83035,16.830353
val,28,39,126.0,143.82635,17.826355
val,28,40,125.0,143.82977,18.829773
val,28,41,124.0,143.82286,19.82286
val,28,42,123.0,143.83188,20.831879
val,28,43,122.0,143.83308,21.833084
val,28,44,121.0,143.8255,22.8255
val,28,45,120.0,143.80478,23.80478
val,28,46,119.0,143.82817,24.82817
val,28,47,118.0,143.8279,25.827896
val,28,48,117.0,143.82341,26.82341
val,28,49,116.0,143.47932,27.479324
val,28,50,115.0,143.82071,28.82071
val,28,51,114.0,143.56587,29.565872
val,28,52,113.0,136.8815,23.8815
val,28,53,112.0,143.7857,31.785706
val,28,54,111.0,143.82802,32.82802
val,28,55,110.0,143.82109,33.82109
val,28,56,109.0,143.79132,34.79132
val,28,57,108.0,143.80554,35.805542
val,28,58,107.0,143.51599,36.51599
val,28,59,106.0,143.76588,37.765884
val,28,60,105.0,143.814,38.813995
val,28,61,104.0,143.68118,39.681183
val,28,62,103.0,142.87791,39.877914
val,28,63,102.0,115.86051,13.860512
val,28,64,101.0,143.13968,42.13968
val,28,65,100.0,143.83067,43.830673
val,28,66,99.0,143.79662,44.796616
val,28,67,98.0,143.25034,45.250336
val,28,68,97.0,137.47267,40.47267
val,28,69,96.0,119.39369,23.393692
val,28,70,95.0,109.17777,14.1777725
val,28,71,94.0,104.60587,10.605873
val,28,72,93.0,110.12138,17.121384
val,28,73,92.0,112.90168,20.90168
val,28,74,91.0,115.76215,24.762154
val,28,75,90.0,122.6123,32.612297
val,28,76,89.0,119.61668,30.616676
val,28,77,88.0,111.35396,23.353958
val,28,78,87.0,114.50138,27.50138
val,28,79,86.0,107.17884,21.17884
val,28,80,85.0,109.667336,24.667336
val,28,81,84.0,113.82184,29.821838
val,28,82,83.0,110.46054,27.46054
val,28,83,82.0,126.39652,44.396523
val,28,84,81.0,121.05785,40.057854
val,28,85,80.0,112.9797,32.9797
val,28,86,79.0,110.75671,31.756706
val,28,87,78.0,114.842964,36.842964
val,28,88,77.0,96.13038,19.130379
val,28,89,76.0,92.853355,16.853355
val,28,90,75.0,87.22264,12.222641
val,28,91,74.0,89.785225,15.785225
val,28,92,73.0,87.40292,14.402924
val,28,93,72.0,86.711754,14.711754
val,28,94,71.0,88.748665,17.748665
val,28,95,70.0,85.660286,15.660286
val,28,96,69.0,83.991714,14.9917145
val,28,97,68.0,84.30784,16.307838
val,28,98,67.0,76.61189,9.611893
val,28,99,66.0,78.74871,12.748711
val,28,100,65.0,80.16921,15.169212
val,28,101,64.0,82.43944,18.439438
val,28,102,63.0,77.31042,14.310417
val,28,103,62.0,79.31911,17.319107
val,28,104,61.0,76.060555,15.0605545
val,28,105,60.0,76.81327,16.81327
val,28,106,59.0,72.299644,13.299644
val,28,107,58.0,69.82279,11.822792
val,28,108,57.0,76.39251,19.39251
val,28,109,56.0,81.25033,25.250328
val,28,110,55.0,76.45032,21.450317
val,28,111,54.0,79.374245,25.374245
val,28,112,53.0,76.16663,23.166634
val,28,113,52.0,72.05102,20.051018
val,28,114,51.0,72.645546,21.645546
val,28,115,50.0,65.95759,15.957588
val,28,116,49.0,64.62353,15.623528
val,28,117,48.0,62.76748,14.767479
val,28,118,47.0,60.151424,13.151424
val,28,119,46.0,56.22774,10.227741
val,28,120,45.0,56.7733,11.7733
val,28,121,44.0,51.59366,7.5936584
val,28,122,43.0,49.251312,6.2513123
val,28,123,42.0,51.694534,9.694534
val,28,124,41.0,55.412903,14.412903
val,28,125,40.0,55.07679,15.07679
val,28,126,39.0,55.334087,16.334087
val,28,127,38.0,59.803017,21.803017
val,28,128,37.0,54.69728,17.69728
val,28,129,36.0,53.077366,17.077366
val,28,130,35.0,48.969887,13.969887
val,28,131,34.0,49.067154,15.067154
val,28,132,33.0,50.673088,17.673088
val,28,133,32.0,48.578384,16.578384
val,28,134,31.0,48.321033,17.321033
val,28,135,30.0,44.307247,14.307247
val,28,136,29.0,41.403248,12.403248
val,28,137,28.0,40.641953,12.6419525
val,28,138,27.0,33.453182,6.453182
val,28,139,26.0,35.37364,9.373638
val,28,140,25.0,35.316166,10.316166
val,28,141,24.0,36.136272,12.136272
val,28,142,23.0,30.0985,7.0984993
val,28,143,22.0,30.151697,8.151697
val,28,144,21.0,31.566116,10.566116
val,28,145,20.0,28.056095,8.056095
val,28,146,19.0,26.517216,7.5172157
val,28,147,18.0,26.042866,8.042866
val,28,148,17.0,22.498386,5.4983864
val,28,149,16.0,22.785114,6.7851143
val,28,150,15.0,17.271147,2.2711468
val,28,151,14.0,16.071033,2.0710335
val,28,152,13.0,15.25574,2.2557402
val,28,153,12.0,15.099258,3.0992584
val,28,154,11.0,14.793499,3.793499
val,28,155,10.0,15.019904,5.019904
val,28,156,9.0,13.066705,4.0667048
val,28,157,8.0,10.879275,2.8792753
val,28,158,7.0,9.499545,2.499545
val,28,159,6.0,9.198506,3.1985064
val,28,160,5.0,8.980641,3.9806414
val,28,161,4.0,8.243315,4.2433147
val,28,162,3.0,4.6303287,1.6303287
val,28,163,2.0,4.860352,2.860352
val,28,164,1.0,4.42289,3.4228902
val,28,165,0.0,2.4187188,2.4187188
val,34,30,165.0,112.957695,-52.042305
val,34,31,164.0,110.16118,-53.83882
val,34,32,163.0,108.01171,-54.98829
val,34,33,162.0,122.01852,-39.981483
val,34,34,161.0,139.83725,-21.16275
val,34,35,160.0,143.06592,-16.934082
val,34,36,159.0,143.61465,-15.385345
val,34,37,158.0,143.4979,-14.502106
val,34,38,157.0,142.8468,-14.153198
val,34,39,156.0,143.56155,-12.438446
val,34,40,155.0,143.13742,-11.862579
val,34,41,154.0,143.74004,-10.259964
val,34,42,153.0,143.68582,-9.314178
val,34,43,152.0,143.68448,-8.315521
val,34,44,151.0,143.76878,-7.2312164
val,34,45,150.0,143.44766,-6.5523376
val,34,46,149.0,142.66821,-6.331787
val,34,47,148.0,143.50665,-4.493347
val,34,48,147.0,143.72485,-3.2751465
val,34,49,146.0,143.42017,-2.579834
val,34,50,145.0,142.92361,-2.0763855
val,34,51,144.0,143.14845,-0.85154724
val,34,52,143.0,143.78511,0.7851105
val,34,53,142.0,143.73792,1.737915
val,34,54,141.0,140.25305,-0.74694824
val,34,55,140.0,125.16073,-14.839272
val,34,56,139.0,142.46649,3.4664917
val,34,57,138.0,142.90947,4.9094696
val,34,58,137.0,143.60239,6.6023865
val,34,59,136.0,143.56161,7.561615
val,34,60,135.0,143.49042,8.4904175
val,34,61,134.0,143.08032,9.080322
val,34,62,133.0,140.43219,7.43219
val,34,63,132.0,136.87048,4.8704834
val,34,64,131.0,135.76645,4.766449
val,34,65,130.0,141.89389,11.89389
val,34,66,129.0,142.97337,13.973373
val,34,67,128.0,143.55441,15.554413
val,34,68,127.0,143.28494,16.284943
val,34,69,126.0,143.62123,17.621231
val,34,70,125.0,143.31104,18.311035
val,34,71,124.0,143.2186,19.218597
val,34,72,123.0,142.88948,19.88948
val,34,73,122.0,142.81503,20.815033
val,34,74,121.0,143.57788,22.57788
val,34,75,120.0,143.57983,23.579834
val,34,76,119.0,143.71274,24.712738
val,34,77,118.0,143.41568,25.41568
val,34,78,117.0,143.49771,26.497711
val,34,79,116.0,142.96349,26.963486
val,34,80,115.0,141.11084,26.11084
val,34,81,114.0,140.44806,26.44806
val,34,82,113.0,139.63034,26.63034
val,34,83,112.0,140.95691,28.95691
val,34,84,111.0,136.20633,25.20633
val,34,85,110.0,115.16645,5.1664505
val,34,86,109.0,109.5996,0.59960175
val,34,87,108.0,94.98423,-13.01577
val,34,88,107.0,108.95728,1.957283
val,34,89,106.0,98.80448,-7.1955185
val,34,90,105.0,97.35557,-7.644432
val,34,91,104.0,96.389984,-7.610016
val,34,92,103.0,96.32683,-6.673172
val,34,93,102.0,89.63824,-12.361763
val,34,94,101.0,99.01615,-1.9838486
val,34,95,100.0,116.12289,16.122887
val,34,96,99.0,131.30605,32.306046
val,34,97,98.0,138.68015,40.680145
val,34,98,97.0,139.8738,42.873795
val,34,99,96.0,142.02505,46.025055
val,34,100,95.0,133.37926,38.379257
val,34,101,94.0,111.155365,17.155365
val,34,102,93.0,96.80982,3.809822
val,34,103,92.0,96.38102,4.3810196
val,34,104,91.0,91.57397,0.573967
val,34,105,90.0,83.340385,-6.6596146
val,34,106,89.0,75.46037,-13.539627
val,34,107,88.0,71.32633,-16.673668
val,34,108,87.0,68.246445,-18.753555
val,34,109,86.0,72.19779,-13.802208
val,34,110,85.0,70.287315,-14.712685
val,34,111,84.0,65.84194,-18.158058
val,34,112,83.0,68.62165,-14.378349
val,34,113,82.0,69.42861,-12.571388
val,34,114,81.0,85.76543,4.7654266
val,34,115,80.0,97.23061,17.230614
val,34,116,79.0,71.41159,-7.5884094
val,34,117,78.0,79.03927,1.0392685
val,34,118,77.0,96.65131,19.651314
val,34,119,76.0,97.5467,21.5467
val,34,120,75.0,96.97416,21.97416
val,34,121,74.0,101.87264,27.872643
val,34,122,73.0,101.77468,28.774681
val,34,123,72.0,85.74749,13.74749
val,34,124,71.0,93.35761,22.357613
val,34,125,70.0,97.15315,27.153152
val,34,126,69.0,105.171,36.170998
val,34,127,68.0,107.33256,39.332558
val,34,128,67.0,96.33029,29.330292
val,34,129,66.0,92.46698,26.46698
val,34,130,65.0,90.45602,25.456017
val,34,131,64.0,83.29759,19.297592
val,34,132,63.0,70.45372,7.45372
val,34,133,62.0,63.54385,1.54385
val,34,134,61.0,61.04367,0.043670654
val,34,135,60.0,58.838585,-1.1614151
val,34,136,59.0,54.878098,-4.1219025
val,34,137,58.0,55.68134,-2.3186607
val,34,138,57.0,56.984787,-0.015213013
val,34,139,56.0,58.670883,2.6708832
val,34,140,55.0,85.83251,30.832512
val,34,141,54.0,90.70517,36.70517
val,34,142,53.0,85.85535,32.855347
val,34,143,52.0,80.94419,28.944191
val,34,144,51.0,69.03951,18.039513
val,34,145,50.0,66.37951,16.379509
val,34,146,49.0,60.65478,11.654781
val,34,147,48.0,58.22767,10.227669
val,34,148,47.0,49.985184,2.9851837
val,34,149,46.0,49.42212,3.4221191
val,34,150,45.0,48.614067,3.614067
val,34,151,44.0,46.10998,2.1099815
val,34,152,43.0,44.04164,1.0416412
val,34,153,42.0,40.14907,-1.8509293
val,34,154,41.0,39.519012,-1.4809875
val,34,155,40.0,35.830933,-4.1690674
val,34,156,39.0,40.06674,1.0667381
val,34,157,38.0,40.276802,2.276802
val,34,158,37.0,42.124413,5.1244125
val,34,159,36.0,36.761585,0.76158524
val,34,160,35.0,35.83898,0.8389816
val,34,161,34.0,38.227844,4.227844
val,34,162,33.0,34.783752,1.7837524
val,34,163,32.0,34.976124,2.9761238
val,34,164,31.0,31.333622,0.33362198
val,34,165,30.0,26.565151,-3.4348488
val,34,166,29.0,26.651537,-2.348463
val,34,167,28.0,25.809347,-2.1906528
val,34,168,27.0,27.758827,0.7588272
val,34,169,26.0,24.464891,-1.5351086
val,34,170,25.0,24.258606,-0.74139404
val,34,171,24.0,26.863047,2.8630466
val,34,172,23.0,26.149017,3.1490173
val,34,173,22.0,24.677956,2.6779556
val,34,174,21.0,22.226826,1.2268257
val,34,175,20.0,21.05569,1.0556908
val,34,176,19.0,20.871696,1.8716965
val,34,177,18.0,18.604761,0.6047611
val,34,178,17.0,16.655376,-0.34462357
val,34,179,16.0,15.066313,-0.9336872
val,34,180,15.0,15.262764,0.26276398
val,34,181,14.0,14.533517,0.5335169
val,34,182,13.0,14.833832,1.8338318
val,34,183,12.0,12.517084,0.5170841
val,34,184,11.0,12.394321,1.3943214
val,34,185,10.0,9.935775,-0.0642252
val,34,186,9.0,6.5191064,-2.4808936
val,34,187,8.0,4.7851825,-3.2148175
val,34,188,7.0,4.8946795,-2.1053205
val,34,189,6.0,2.3479886,-3.6520114
val,34,190,5.0,4.2781014,-0.72189856
val,34,191,4.0,2.0741735,-1.9258265
val,34,192,3.0,2.8198514,-0.1801486
val,34,193,2.0,1.391172,-0.60882795
val,34,194,1.0,0.66912425,-0.33087575
val,34,195,0.0,0.27889884,0.27889884
val,43,30,177.0,143.82097,-33.17903
val,43,31,176.0,143.82697,-32.173035
val,43,32,175.0,143.8135,-31.186493
val,43,33,174.0,143.82567,-30.174332
val,43,34,173.0,143.82167,-29.17833
val,43,35,172.0,143.82497,-28.175034
val,43,36,171.0,143.8342,-27.165802
val,43,37,170.0,143.83032,-26.169678
val,43,38,169.0,143.81137,-25.18863
val,43,39,168.0,143.80869,-24.191315
val,43,40,167.0,143.81682,-23.183182
val,43,41,166.0,143.81093,-22.189072
val,43,42,165.0,143.7788,-21.221207
val,43,43,164.0,143.82425,-20.17575
val,43,44,163.0,143.83325,-19.166748
val,43,45,162.0,143.82631,-18.17369
val,43,46,161.0,143.82007,-17.179932
val,43,47,160.0,143.83116,-16.168839
val,43,48,159.0,143.82217,-15.177826
val,43,49,158.0,143.83032,-14.169678
val,43,50,157.0,143.83545,-13.164551
val,43,51,156.0,143.83505,-12.1649475
val,43,52,155.0,143.83148,-11.168518
val,43,53,154.0,143.8189,-10.181107
val,43,54,153.0,143.81857,-9.181427
val,43,55,152.0,143.81116,-8.188843
val,43,56,151.0,143.80017,-7.199829
val,43,57,150.0,143.78094,-6.219055
val,43,58,149.0,143.79716,-5.202835
val,43,59,148.0,143.77911,-4.220886
val,43,60,147.0,143.42065,-3.5793457
val,43,61,146.0,120.02355,-25.976448
val,43,62,145.0,124.70585,-20.294151
val,43,63,144.0,121.19717,-22.802834
val,43,64,143.0,114.225334,-28.774666
val,43,65,142.0,116.73481,-25.26519
val,43,66,141.0,127.43282,-13.567177
val,43,67,140.0,129.82204,-10.177963
val,43,68,139.0,116.460365,-22.539635
val,43,69,138.0,143.66603,5.666031
val,43,70,137.0,142.10852,5.1085205
val,43,71,136.0,135.78271,-0.21728516
val,43,72,135.0,125.39967,-9.600327
val,43,73,134.0,119.25117,-14.748833
val,43,74,133.0,116.18311,-16.816887
val,43,75,132.0,122.74981,-9.250191
val,43,76,131.0,117.79866,-13.20134
val,43,77,130.0,115.33021,-14.669792
val,43,78,129.0,120.10589,-8.894112
val,43,79,128.0,109.94973,-18.05027
val,43,80,127.0,102.16787,-24.83213
val,43,81,126.0,107.4769,-18.523102
val,43,82,125.0,119.210464,-5.7895355
val,43,83,124.0,112.01525,-11.984749
val,43,84,123.0,108.20319,-14.796806
val,43,85,122.0,112.78307,-9.216927
val,43,86,121.0,101.17341,-19.826591
val,43,87,120.0,110.867805,-9.1321945
val,43,88,119.0,105.21612,-13.783882
val,43,89,118.0,106.63557,-11.364433
val,43,90,117.0,110.30165,-6.698349
val,43,91,116.0,122.68407,6.684067
val,43,92,115.0,117.93166,2.9316635
val,43,93,114.0,109.78332,-4.2166824
val,43,94,113.0,116.45069,3.4506912
val,43,95,112.0,119.87777,7.8777695
val,43,96,111.0,110.31638,-0.68361664
val,43,97,110.0,107.66576,-2.3342438
val,43,98,109.0,117.17486,8.174858
val,43,99,108.0,113.8548,5.8547974
val,43,100,107.0,104.101204,-2.898796
val,43,101,106.0,104.309,-1.6910019
val,43,102,105.0,106.38009,1.3800888
val,43,103,104.0,111.8455,7.845497
val,43,104,103.0,110.26103,7.261032
val,43,105,102.0,101.71956,-0.28044128
val,43,106,101.0,97.7499,-3.2500992
val,43,107,100.0,101.638405,1.6384048
val,43,108,99.0,98.88328,-0.11672211
val,43,109,98.0,92.54937,-5.45063
val,43,110,97.0,94.75809,-2.2419128
val,43,111,96.0,93.17449,-2.825508
val,43,112,95.0,86.71225,-8.28775
val,43,113,94.0,79.43017,-14.569832
val,43,114,93.0,80.181206,-12.818794
val,43,115,92.0,77.112816,-14.887184
val,43,116,91.0,79.891945,-11.108055
val,43,117,90.0,72.62771,-17.372292
val,43,118,89.0,79.632866,-9.367134
val,43,119,88.0,90.00761,2.0076065
val,43,120,87.0,102.36703,15.367027
val,43,121,86.0,99.75808,13.75808
val,43,122,85.0,98.71142,13.711418
val,43,123,84.0,100.29636,16.296356
val,43,124,83.0,94.49334,11.49334
val,43,125,82.0,97.42447,15.424469
val,43,126,81.0,106.43842,25.438423
val,43,127,80.0,120.19636,40.196358
val,43,128,79.0,123.85562,44.85562
val,43,129,78.0,125.27741,47.277412
val,43,130,77.0,123.36155,46.36155
val,43,131,76.0,142.38843,66.38843
val,43,132,75.0,138.70126,63.701263
val,43,133,74.0,128.62738,54.62738
val,43,134,73.0,101.437614,28.437614
val,43,135,72.0,112.31647,40.316467
val,43,136,71.0,100.896996,29.896996
val,43,137,70.0,122.067795,52.067795
val,43,138,69.0,74.33387,5.33387
val,43,139,68.0,69.71235,1.7123489
val,43,140,67.0,62.46678,-4.5332184
val,43,141,66.0,65.18479,-0.81520844
val,43,142,65.0,63.55469,-1.4453087
val,43,143,64.0,59.682297,-4.3177032
val,43,144,63.0,60.51291,-2.487091
val,43,145,62.0,63.500637,1.500637
val,43,146,61.0,64.10442,3.1044235
val,43,147,60.0,62.32303,2.3230286
val,43,148,59.0,62.77028,3.770279
val,43,149,58.0,68.45709,10.457092
val,43,150,57.0,67.02288,10.022881
val,43,151,56.0,61.25022,5.2502213
val,43,152,55.0,58.879143,3.8791428
val,43,153,54.0,59.77829,5.77829
val,43,154,53.0,62.184845,9.184845
val,43,155,52.0,53.959396,1.9593964
val,43,156,51.0,52.18513,1.1851311
val,43,157,50.0,52.043636,2.0436363
val,43,158,49.0,56.24825,7.248249
val,43,159,48.0,54.513687,6.513687
val,43,160,47.0,55.184242,8.184242
val,43,161,46.0,58.134438,12.134438
val,43,162,45.0,59.116463,14.116463
val,43,163,44.0,51.398106,7.3981056
val,43,164,43.0,52.01305,9.01305
val,43,165,42.0,52.576363,10.576363
val,43,166,41.0,45.214348,4.214348
val,43,167,40.0,42.65251,2.6525116
val,43,168,39.0,36.719658,-2.280342
val,43,169,38.0,32.562237,-5.437763
val,43,170,37.0,30.483232,-6.5167675
val,43,171,36.0,29.987946,-6.0120544
val,43,172,35.0,29.209747,-5.7902527
val,43,173,34.0,29.365082,-4.634918
val,43,174,33.0,29.108421,-3.8915787
val,43,175,32.0,30.884796,-1.1152039
val,43,176,31.0,29.580711,-1.4192886
val,43,177,30.0,27.75802,-2.2419796
val,43,178,29.0,27.446276,-1.5537243
val,43,179,28.0,30.212856,2.2128563
val,43,180,27.0,30.206095,3.2060947
val,43,181,26.0,28.745232,2.7452316
val,43,182,25.0,26.233307,1.2333069
val,43,183,24.0,25.399374,1.399374
val,43,184,23.0,21.51899,-1.4810104
val,43,185,22.0,18.24497,-3.7550297
val,43,186,21.0,14.723545,-6.276455
val,43,187,20.0,17.317379,-2.682621
val,43,188,19.0,15.302704,-3.6972961
val,43,189,18.0,14.393102,-3.6068983
val,43,190,17.0,14.822842,-2.1771584
val,43,191,16.0,13.642928,-2.3570719
val,43,192,15.0,15.681531,0.68153095
val,43,193,14.0,15.297898,1.2978983
val,43,194,13.0,12.963673,-0.036327362
val,43,195,12.0,14.7057495,2.7057495
val,43,196,11.0,15.539357,4.539357
val,43,197,10.0,16.630995,6.630995
val,43,198,9.0,13.058522,4.058522
val,43,199,8.0,11.603487,3.603487
val,43,200,7.0,11.080363,4.0803633
val,43,201,6.0,8.379286,2.3792858
val,43,202,5.0,7.975941,2.9759412
val,43,203,4.0,7.4273744,3.4273744
val,43,204,3.0,7.292315,4.292315
val,43,205,2.0,7.2456555,5.2456555
val,43,206,1.0,8.425285,7.4252853
val,43,207,0.0,5.3168817,5.3168817
val,51,30,183.0,142.71078,-40.289215
val,51,31,182.0,143.3486,-38.651398
val,51,32,181.0,143.67267,-37.32733
val,51,33,180.0,143.76254,-36.237457
val,51,34,179.0,142.5614,-36.4386
val,51,35,178.0,139.50398,-38.496017
val,51,36,177.0,124.027145,-52.972855
val,51,37,176.0,141.35757,-34.642426
val,51,38,175.0,141.77272,-33.22728
val,51,39,174.0,143.16617,-30.833832
val,51,40,173.0,143.59293,-29.407074
val,51,41,172.0,143.53848,-28.461517
val,51,42,171.0,143.72394,-27.276062
val,51,43,170.0,143.69992,-26.30008
val,51,44,169.0,143.46994,-25.53006
val,51,45,168.0,143.79706,-24.202942
val,51,46,167.0,143.70119,-23.298813
val,51,47,166.0,143.76843,-22.231567
val,51,48,165.0,143.76637,-21.233627
val,51,49,164.0,143.779,-20.220993
val,51,50,163.0,143.56284,-19.437164
val,51,51,162.0,143.5603,-18.439697
val,51,52,161.0,143.32884,-17.671158
val,51,53,160.0,143.23178,-16.768219
val,51,54,159.0,143.73349,-15.26651
val,51,55,158.0,143.60504,-14.3949585
val,51,56,157.0,143.46788,-13.53212
val,51,57,156.0,143.6831,-12.316895
val,51,58,155.0,143.09467,-11.905334
val,51,59,154.0,143.01602,-10.983978
val,51,60,153.0,143.61804,-9.381958
val,51,61,152.0,143.75278,-8.247223
val,51,62,151.0,143.73853,-7.2614746
val,51,63,150.0,143.71712,-6.2828827
val,51,64,149.0,143.77905,-5.2209473
val,51,65,148.0,143.80258,-4.197418
val,51,66,147.0,143.74979,-3.2502136
val,51,67,146.0,143.46277,-2.5372314
val,51,68,145.0,143.42334,-1.5766602
val,51,69,144.0,143.73337,-0.26663208
val,51,70,143.0,143.51448,0.5144806
val,51,71,142.0,143.5846,1.5845947
val,51,72,141.0,131.27939,-9.720612
val,51,73,140.0,137.17316,-2.8268433
val,51,74,139.0,103.08348,-35.91652
val,51,75,138.0,101.627464,-36.372536
val,51,76,137.0,104.86135,-32.13865
val,51,77,136.0,99.23319,-36.766808
val,51,78,135.0,99.4582,-35.5418
val,51,79,134.0,113.393036,-20.606964
val,51,80,133.0,96.82168,-36.17832
val,51,81,132.0,100.104,-31.896004
val,51,82,131.0,107.87827,-23.121727
val,51,83,130.0,101.02531,-28.974693
val,51,84,129.0,105.135445,-23.864555
val,51,85,128.0,103.88686,-24.113136
val,51,86,127.0,114.689354,-12.310646
val,51,87,126.0,110.56333,-15.436668
val,51,88,125.0,104.48725,-20.512749
val,51,89,124.0,113.38012,-10.619881
val,51,90,123.0,107.99343,-15.006569
val,51,91,122.0,105.18256,-16.817436
val,51,92,121.0,97.69204,-23.30796
val,51,93,120.0,109.97432,-10.025681
val,51,94,119.0,115.72205,-3.2779465
val,51,95,118.0,121.63359,3.6335907
val,51,96,117.0,137.02785,20.027847
val,51,97,116.0,121.12374,5.123741
val,51,98,115.0,113.885994,-1.114006
val,51,99,114.0,103.28779,-10.712212
val,51,100,113.0,109.8695,-3.1305008
val,51,101,112.0,108.703285,-3.2967148
val,51,102,111.0,121.09405,10.094048
val,51,103,110.0,127.01595,17.015953
val,51,104,109.0,122.72429,13.724289
val,51,105,108.0,123.01243,15.012428
val,51,106,107.0,122.85748,15.857483
val,51,107,106.0,114.94593,8.9459305
val,51,108,105.0,121.115005,16.115005
val,51,109,104.0,106.69883,2.6988297
val,51,110,103.0,93.68078,-9.3192215
val,51,111,102.0,109.67063,7.6706314
val,51,112,101.0,101.59545,0.59545135
val,51,113,100.0,96.879555,-3.1204453
val,51,114,99.0,81.094475,-17.905525
val,51,115,98.0,82.2211,-15.7789
val,51,116,97.0,81.11389,-15.886108
val,51,117,96.0,76.65942,-19.340584
val,51,118,95.0,76.00526,-18.994743
val,51,119,94.0,78.220695,-15.7793045
val,51,120,93.0,77.84457,-15.155434
val,51,121,92.0,79.36242,-12.637581
val,51,122,91.0,76.97323,-14.026772
val,51,123,90.0,76.34051,-13.6594925
val,51,124,89.0,73.9522,-15.047798
val,51,125,88.0,73.06912,-14.930878
val,51,126,87.0,75.79432,-11.205681
val,51,127,86.0,77.796196,-8.203804
val,51,128,85.0,73.68243,-11.317574
val,51,129,84.0,69.87026,-14.129738
val,51,130,83.0,71.49133,-11.508667
val,51,131,82.0,68.27672,-13.723282
val,51,132,81.0,66.277565,-14.722435
val,51,133,80.0,71.28172,-8.718277
val,51,134,79.0,72.81884,-6.18116
val,51,135,78.0,70.117714,-7.882286
val,51,136,77.0,73.50493,-3.4950714
val,51,137,76.0,76.181404,0.18140411
val,51,138,75.0,73.509636,-1.4903641
val,51,139,74.0,68.809715,-5.1902847
val,51,140,73.0,66.74047,-6.259529
val,51,141,72.0,70.339096,-1.6609039
val,51,142,71.0,75.96743,4.96743
val,51,143,70.0,72.5541,2.5541
val,51,144,69.0,69.19108,0.19107819
val,51,145,68.0,67.51986,-0.4801407
val,51,146,67.0,65.23875,-1.7612534
val,51,147,66.0,62.093323,-3.9066772
val,51,148,65.0,62.312798,-2.6872025
val,51,149,64.0,64.44357,0.443573
val,51,150,63.0,60.472557,-2.527443
val,51,151,62.0,62.159595,0.15959549
val,51,152,61.0,59.910595,-1.0894051
val,51,153,60.0,61.312294,1.312294
val,51,154,59.0,59.678276,0.67827606
val,51,155,58.0,55.606453,-2.393547
val,51,156,57.0,51.505405,-5.4945946
val,51,157,56.0,53.325806,-2.6741943
val,51,158,55.0,49.968536,-5.0314636
val,51,159,54.0,46.368813,-7.6311874
val,51,160,53.0,45.503105,-7.496895
val,51,161,52.0,47.421093,-4.578907
val,51,162,51.0,45.2358,-5.7641983
val,51,163,50.0,45.10251,-4.8974915
val,51,164,49.0,45.128174,-3.8718262
val,51,165,48.0,44.93357,-3.0664291
val,51,166,47.0,43.380207,-3.619793
val,51,167,46.0,43.558975,-2.4410248
val,51,168,45.0,45.706436,0.70643616
val,51,169,44.0,44.428467,0.4284668
val,51,170,43.0,37.18039,-5.8196106
val,51,171,42.0,37.521904,-4.478096
val,51,172,41.0,38.541016,-2.4589844
val,51,173,40.0,37.31772,-2.6822815
val,51,174,39.0,34.985634,-4.014366
val,51,175,38.0,34.641,-3.3590012
val,51,176,37.0,32.82585,-4.1741486
val,51,177,36.0,30.176786,-5.8232136
val,51,178,35.0,29.755201,-5.2447987
val,51,179,34.0,30.217169,-3.7828312
val,51,180,33.0,29.361858,-3.6381416
val,51,181,32.0,32.1956,0.1955986
val,51,182,31.0,29.252079,-1.747921
val,51,183,30.0,30.972847,0.972847
val,51,184,29.0,28.677692,-0.3223076
val,51,185,28.0,26.187702,-1.8122978
val,51,186,27.0,25.672697,-1.3273029
val,51,187,26.0,24.542358,-1.4576416
val,51,188,25.0,22.72598,-2.2740192
val,51,189,24.0,19.14651,-4.853491
val,51,190,23.0,18.01389,-4.9861107
val,51,191,22.0,19.250874,-2.7491264
val,51,192,21.0,19.21089,-1.7891102
val,51,193,20.0,17.46632,-2.53368
val,51,194,19.0,16.413763,-2.586237
val,51,195,18.0,14.381986,-3.6180143
val,51,196,17.0,14.068456,-2.9315443
val,51,197,16.0,14.598388,-1.4016123
val,51,198,15.0,14.916646,-0.083354
val,51,199,14.0,15.690071,1.6900711
val,51,200,13.0,13.863827,0.86382675
val,51,201,12.0,13.057326,1.0573263
val,51,202,11.0,11.880526,0.8805256
val,51,203,10.0,11.789631,1.7896309
val,51,204,9.0,10.520199,1.5201988
val,51,205,8.0,10.963574,2.9635744
val,51,206,7.0,8.750992,1.7509918
val,51,207,6.0,6.2959914,0.29599142
val,51,208,5.0,6.857365,1.8573651
val,51,209,4.0,5.424745,1.4247451
val,51,210,3.0,6.491613,3.491613
val,51,211,2.0,4.224505,2.224505
val,51,212,1.0,4.0612893,3.0612893
val,51,213,0.0,0.18622935,0.18622935
val,52,30,183.0,143.58853,-39.41147
val,52,31,182.0,143.71074,-38.28926
val,52,32,181.0,143.45255,-37.547455
val,52,33,180.0,143.75952,-36.24048
val,52,34,179.0,143.53821,-35.461792
val,52,35,178.0,143.56657,-34.433426
val,52,36,177.0,143.64267,-33.35733
val,52,37,176.0,143.7064,-32.293594
val,52,38,175.0,143.24503,-31.754974
val,52,39,174.0,143.59021,-30.40979
val,52,40,173.0,143.47897,-29.521027
val,52,41,172.0,142.98053,-29.01947
val,52,42,171.0,141.77599,-29.224014
val,52,43,170.0,139.47076,-30.529236
val,52,44,169.0,141.38985,-27.610153
val,52,45,168.0,142.76602,-25.233978
val,52,46,167.0,143.26509,-23.73491
val,52,47,166.0,143.34901,-22.650986
val,52,48,165.0,143.42148,-21.578522
val,52,49,164.0,143.14322,-20.856781
val,52,50,163.0,143.6434,-19.356598
val,52,51,162.0,143.39859,-18.60141
val,52,52,161.0,143.4884,-17.511597
val,52,53,160.0,143.41544,-16.584564
val,52,54,159.0,143.45416,-15.545837
val,52,55,158.0,143.65594,-14.344055
val,52,56,157.0,143.59784,-13.402161
val,52,57,156.0,143.52838,-12.471619
val,52,58,155.0,143.61398,-11.386017
val,52,59,154.0,143.63205,-10.36795
val,52,60,153.0,143.7036,-9.296402
val,52,61,152.0,143.58693,-8.413071
val,52,62,151.0,143.4626,-7.5373993
val,52,63,150.0,143.2179,-6.7821045
val,52,64,149.0,143.42621,-5.5737915
val,52,65,148.0,143.72282,-4.277176
val,52,66,147.0,143.16367,-3.8363342
val,52,67,146.0,143.22507,-2.7749329
val,52,68,145.0,143.49792,-1.5020752
val,52,69,144.0,143.12633,-0.8736725
val,52,70,143.0,143.43784,0.4378357
val,52,71,142.0,142.75023,0.7502289
val,52,72,141.0,143.16653,2.1665344
val,52,73,140.0,143.36253,3.3625336
val,52,74,139.0,143.33253,4.332535
val,52,75,138.0,143.55042,5.550415
val,52,76,137.0,143.59799,6.597992
val,52,77,136.0,143.04787,7.047867
val,52,78,135.0,143.51152,8.51152
val,52,79,134.0,143.4718,9.471802
val,52,80,133.0,143.6583,10.658295
val,52,81,132.0,143.64426,11.644257
val,52,82,131.0,142.76927,11.769272
val,52,83,130.0,143.19339,13.19339
val,52,84,129.0,142.4511,13.451096
val,52,85,128.0,142.48718,14.487183
val,52,86,127.0,142.77087,15.770874
val,52,87,126.0,140.2497,14.249695
val,52,88,125.0,134.58844,9.58844
val,52,89,124.0,94.75997,-29.240028
val,52,90,123.0,95.52422,-27.475777
val,52,91,122.0,103.07674,-18.923264
val,52,92,121.0,92.71194,-28.288063
val,52,93,120.0,86.67864,-33.321358
val,52,94,119.0,85.6803,-33.319702
val,52,95,118.0,81.347916,-36.652084
val,52,96,117.0,66.160065,-50.839935
val,52,97,116.0,68.44585,-47.554153
val,52,98,115.0,64.91649,-50.08351
val,52,99,114.0,67.08057,-46.919434
val,52,100,113.0,63.0448,-49.9552
val,52,101,112.0,63.07838,-48.92162
val,52,102,111.0,72.34045,-38.659554
val,52,103,110.0,77.08251,-32.91749
val,52,104,109.0,67.29377,-41.70623
val,52,105,108.0,71.17864,-36.821358
val,52,106,107.0,66.64405,-40.35595
val,52,107,106.0,61.089096,-44.910904
val,52,108,105.0,62.608246,-42.391754
val,52,109,104.0,56.63849,-47.36151
val,52,110,103.0,58.550026,-44.449974
val,52,111,102.0,50.64722,-51.35278
val,52,112,101.0,57.33055,-43.66945
val,52,113,100.0,64.714455,-35.285545
val,52,114,99.0,56.83345,-42.16655
val,52,115,98.0,67.76714,-30.232857
val,52,116,97.0,85.32635,-11.673653
val,52,117,96.0,85.48715,-10.512848
val,52,118,95.0,75.99666,-19.003342
val,52,119,94.0,72.637276,-21.362724
val,52,120,93.0,70.90975,-22.090248
val,52,121,92.0,66.81011,-25.189888
val,52,122,91.0,66.68457,-24.31543
val,52,123,90.0,59.916862,-30.083138
val,52,124,89.0,58.036774,-30.963226
val,52,125,88.0,61.60435,-26.395649
val,52,126,87.0,60.067665,-26.932335
val,52,127,86.0,62.74742,-23.252579
val,52,128,85.0,61.68643,-23.313568
val,52,129,84.0,62.352757,-21.647243
val,52,130,83.0,62.91689,-20.08311
val,52,131,82.0,90.13311,8.13311
val,52,132,81.0,84.89741,3.8974075
val,52,133,80.0,85.386444,5.386444
val,52,134,79.0,82.46507,3.4650726
val,52,135,78.0,85.75681,7.756813
val,52,136,77.0,77.5631,0.5631027
val,52,137,76.0,90.62712,14.627121
val,52,138,75.0,87.46052,12.460518
val,52,139,74.0,87.913445,13.9134445
val,52,140,73.0,81.77411,8.774109
val,52,141,72.0,74.70673,2.7067337
val,52,142,71.0,76.96692,5.966919
val,52,143,70.0,97.33551,27.33551
val,52,144,69.0,93.76084,24.760841
val,52,145,68.0,93.73014,25.73014
val,52,146,67.0,96.887764,29.887764
val,52,147,66.0,96.312706,30.312706
val,52,148,65.0,95.381386,30.381386
val,52,149,64.0,91.50748,27.507477
val,52,150,63.0,91.98126,28.981262
val,52,151,62.0,82.865074,20.865074
val,52,152,61.0,79.16024,18.16024
val,52,153,60.0,64.097435,4.097435
val,52,154,59.0,60.350986,1.3509865
val,52,155,58.0,46.55363,-11.446369
val,52,156,57.0,42.32878,-14.671219
val,52,157,56.0,42.071167,-13.928833
val,52,158,55.0,38.577007,-16.422993
val,52,159,54.0,45.90613,-8.093868
val,52,160,53.0,38.442177,-14.557823
val,52,161,52.0,36.661278,-15.338722
val,52,162,51.0,34.994534,-16.005466
val,52,163,50.0,34.3353,-15.6647
val,52,164,49.0,29.78486,-19.21514
val,52,165,48.0,31.888678,-16.111322
val,52,166,47.0,35.69671,-11.303291
val,52,167,46.0,40.512978,-5.4870224
val,52,168,45.0,41.5152,-3.4847984
val,52,169,44.0,35.42491,-8.5750885
val,52,170,43.0,30.322344,-12.677656
val,52,171,42.0,30.542889,-11.457111
val,52,172,41.0,41.382137,0.3821373
val,52,173,40.0,36.12053,-3.8794708
val,52,174,39.0,35.064133,-3.9358673
val,52,175,38.0,32.824337,-5.175663
val,52,176,37.0,34.202793,-2.7972069
val,52,177,36.0,33.55952,-2.4404793
val,52,178,35.0,35.918232,0.91823196
val,52,179,34.0,38.721954,4.7219543
val,52,180,33.0,37.76367,4.763672
val,52,181,32.0,37.963036,5.9630356
val,52,182,31.0,38.478477,7.4784775
val,52,183,30.0,36.63077,6.6307716
val,52,184,29.0,36.3334,7.3334007
val,52,185,28.0,35.83435,7.8343506
val,52,186,27.0,32.909645,5.909645
val,52,187,26.0,34.446045,8.446045
val,52,188,25.0,32.528187,7.528187
val,52,189,24.0,31.384577,7.384577
val,52,190,23.0,30.212599,7.212599
val,52,191,22.0,31.598724,9.598724
val,52,192,21.0,28.069006,7.069006
val,52,193,20.0,25.11953,5.1195297
val,52,194,19.0,23.615753,4.615753
val,52,195,18.0,21.27575,3.2757492
val,52,196,17.0,17.414701,0.41470146
val,52,197,16.0,20.337261,4.337261
val,52,198,15.0,18.73808,3.738079
val,52,199,14.0,15.056927,1.0569267
val,52,200,13.0,14.536487,1.5364866
val,52,201,12.0,12.3933115,0.3933115
val,52,202,11.0,13.927344,2.9273443
val,52,203,10.0,12.12196,2.1219597
val,52,204,9.0,11.913002,2.913002
val,52,205,8.0,10.864094,2.8640938
val,52,206,7.0,10.631209,3.6312094
val,52,207,6.0,8.118609,2.1186094
val,52,208,5.0,8.907794,3.907794
val,52,209,4.0,6.850515,2.850515
val,52,210,3.0,5.6531444,2.6531444
val,52,211,2.0,5.47623,3.4762301
val,52,212,1.0,3.3513074,2.3513074
val,52,213,0.0,2.6936746,2.6936746
val,53,30,165.0,109.45805,-55.541946
val,53,31,164.0,111.851234,-52.148766
val,53,32,163.0,108.105385,-54.894615
val,53,33,162.0,125.875,-36.125
val,53,34,161.0,134.06354,-26.936462
val,53,35,160.0,136.74905,-23.250946
val,53,36,159.0,140.03453,-18.96547
val,53,37,158.0,140.0123,-17.987701
val,53,38,157.0,139.39474,-17.605255
val,53,39,156.0,140.54076,-15.459244
val,53,40,155.0,142.61827,-12.381729
val,53,41,154.0,143.77324,-10.226761
val,53,42,153.0,143.52356,-9.47644
val,53,43,152.0,143.265,-8.735001
val,53,44,151.0,136.50143,-14.498566
val,53,45,150.0,130.56668,-19.43332
val,53,46,149.0,137.76456,-11.235443
val,53,47,148.0,139.77855,-8.221451
val,53,48,147.0,128.50159,-18.498413
val,53,49,146.0,123.25501,-22.744987
val,53,50,145.0,124.24426,-20.755737
val,53,51,144.0,134.10907,-9.89093
val,53,52,143.0,137.13733,-5.862671
val,53,53,142.0,138.70706,-3.2929382
val,53,54,141.0,142.67534,1.6753387
val,53,55,140.0,140.98302,0.98301697
val,53,56,139.0,143.57303,4.5730286
val,53,57,138.0,143.64319,5.6431885
val,53,58,137.0,143.1864,6.1864014
val,53,59,136.0,143.59435,7.594345
val,53,60,135.0,142.9039,7.9039
val,53,61,134.0,142.79071,8.79071
val,53,62,133.0,143.13327,10.13327
val,53,63,132.0,141.4701,9.470093
val,53,64,131.0,122.93429,-8.065712
val,53,65,130.0,120.99221,-9.00779
val,53,66,129.0,114.200134,-14.799866
val,53,67,128.0,106.77521,-21.224792
val,53,68,127.0,106.4045,-20.595497
val,53,69,126.0,105.3679,-20.632103
val,53,70,125.0,107.26795,-17.732048
val,53,71,124.0,103.79603,-20.203972
val,53,72,123.0,90.856514,-32.143486
val,53,73,122.0,82.89651,-39.103493
val,53,74,121.0,77.29905,-43.70095
val,53,75,120.0,85.340256,-34.659744
val,53,76,119.0,78.35944,-40.640556
val,53,77,118.0,78.50027,-39.499733
val,53,78,117.0,93.03385,-23.966148
val,53,79,116.0,110.78129,-5.218712
val,53,80,115.0,137.9404,22.9404
val,53,81,114.0,139.33423,25.334229
val,53,82,113.0,124.053154,11.053154
val,53,83,112.0,111.71576,-0.28424072
val,53,84,111.0,118.15263,7.1526337
val,53,85,110.0,117.727905,7.7279053
val,53,86,109.0,122.63825,13.638252
val,53,87,108.0,117.13127,9.131271
val,53,88,107.0,110.3504,3.3504028
val,53,89,106.0,112.55421,6.554207
val,53,90,105.0,111.67704,6.67704
val,53,91,104.0,120.28119,16.281189
val,53,92,103.0,123.327995,20.327995
val,53,93,102.0,121.48916,19.489159
val,53,94,101.0,121.02871,20.02871
val,53,95,100.0,129.29036,29.29036
val,53,96,99.0,123.664246,24.664246
val,53,97,98.0,132.30112,34.301117
val,53,98,97.0,130.82562,33.825623
val,53,99,96.0,131.2484,35.248398
val,53,100,95.0,125.284676,30.284676
val,53,101,94.0,110.22822,16.228218
val,53,102,93.0,99.54024,6.5402374
val,53,103,92.0,98.25298,6.252983
val,53,104,91.0,100.275925,9.275925
val,53,105,90.0,109.25388,19.253883
val,53,106,89.0,111.42359,22.423592
val,53,107,88.0,111.20476,23.204758
val,53,108,87.0,103.33965,16.339653
val,53,109,86.0,116.00982,30.009819
val,53,110,85.0,119.41282,34.41282
val,53,111,84.0,119.71133,35.711327
val,53,112,83.0,115.29404,32.294037
val,53,113,82.0,107.59022,25.590218
val,53,114,81.0,87.87791,6.877907
val,53,115,80.0,87.24963,7.249634
val,53,116,79.0,90.63775,11.637749
val,53,117,78.0,93.64295,15.642952
val,53,118,77.0,97.79679,20.796791
val,53,119,76.0,96.186035,20.186035
val,53,120,75.0,90.09449,15.09449
val,53,121,74.0,80.42382,6.4238205
val,53,122,73.0,77.104034,4.1040344
val,53,123,72.0,66.35539,-5.6446075
val,53,124,71.0,59.095707,-11.904293
val,53,125,70.0,57.854397,-12.145603
val,53,126,69.0,60.2611,-8.738899
val,53,127,68.0,60.744026,-7.255974
val,53,128,67.0,62.02108,-4.97892
val,53,129,66.0,63.647102,-2.3528976
val,53,130,65.0,64.79123,-0.20877075
val,53,131,64.0,64.93885,0.9388504
val,53,132,63.0,61.29563,-1.7043686
val,53,133,62.0,62.98723,0.9872284
val,53,134,61.0,58.719273,-2.2807274
val,53,135,60.0,59.35311,-0.64688873
val,53,136,59.0,54.46999,-4.53001
val,53,137,58.0,56.430706,-1.569294
val,53,138,57.0,57.98996,0.9899597
val,53,139,56.0,57.836124,1.8361244
val,53,140,55.0,56.115883,1.1158829
val,53,141,54.0,56.47934,2.4793396
val,53,142,53.0,52.75464,-0.24536133
val,53,143,52.0,49.415237,-2.5847626
val,53,144,51.0,49.918507,-1.0814934
val,53,145,50.0,48.842194,-1.1578064
val,53,146,49.0,46.43875,-2.5612488
val,53,147,48.0,48.488937,0.48893738
val,53,148,47.0,46.641994,-0.35800552
val,53,149,46.0,41.653862,-4.346138
val,53,150,45.0,44.491005,-0.50899506
val,53,151,44.0,44.595085,0.59508514
val,53,152,43.0,44.82207,1.8220711
val,53,153,42.0,46.549698,4.549698
val,53,154,41.0,43.376072,2.376072
val,53,155,40.0,42.2668,2.2668
val,53,156,39.0,39.359024,0.35902405
val,53,157,38.0,35.357212,-2.642788
val,53,158,37.0,37.317642,0.3176422
val,53,159,36.0,35.74771,-0.25228882
val,53,160,35.0,35.515785,0.5157852
val,53,161,34.0,36.045475,2.045475
val,53,162,33.0,32.43697,-0.56303024
val,53,163,32.0,31.022232,-0.97776794
val,53,164,31.0,28.336628,-2.663372
val,53,165,30.0,30.649395,0.649395
val,53,166,29.0,27.541117,-1.4588833
val,53,167,28.0,26.296862,-1.7031384
val,53,168,27.0,22.943756,-4.056244
val,53,169,26.0,23.193455,-2.8065453
val,53,170,25.0,21.439766,-3.560234
val,53,171,24.0,19.951542,-4.048458
val,53,172,23.0,21.26528,-1.7347202
val,53,173,22.0,19.57724,-2.42276
val,53,174,21.0,19.144289,-1.855711
val,53,175,20.0,18.98937,-1.0106297
val,53,176,19.0,18.35939,-0.64060974
val,53,177,18.0,16.668743,-1.3312569
val,53,178,17.0,17.621244,0.62124443
val,53,179,16.0,15.6667,-0.33329964
val,53,180,15.0,16.190897,1.190897
val,53,181,14.0,15.955952,1.9559517
val,53,182,13.0,14.686992,1.6869917
val,53,183,12.0,12.897184,0.8971844
val,53,184,11.0,9.73858,-1.2614202
val,53,185,10.0,7.8866696,-2.1133304
val,53,186,9.0,8.08649,-0.9135103
val,53,187,8.0,6.361708,-1.6382918
val,53,188,7.0,5.398087,-1.601913
val,53,189,6.0,4.7187924,-1.2812076
val,53,190,5.0,4.0307336,-0.9692664
val,53,191,4.0,2.8600602,-1.1399398
val,53,192,3.0,4.1891026,1.1891026
val,53,193,2.0,1.8951422,-0.1048578
val,53,194,1.0,1.4675499,0.46754992
val,53,195,0.0,1.7206427,1.7206427
val,57,30,107.0,143.77179,36.77179
val,57,31,106.0,143.74059,37.740585
val,57,32,105.0,143.68494,38.684937
val,57,33,104.0,143.77045,39.770447
val,57,34,103.0,143.77533,40.77533
val,57,35,102.0,143.69534,41.695343
val,57,36,101.0,143.73892,42.738922
val,57,37,100.0,143.8186,43.818604
val,57,38,99.0,143.81741,44.817413
val,57,39,98.0,143.8078,45.8078
val,57,40,97.0,143.80911,46.809113
val,57,41,96.0,143.78412,47.78412
val,57,42,95.0,143.81326,48.813263
val,57,43,94.0,143.78235,49.78235
val,57,44,93.0,143.79993,50.799927
val,57,45,92.0,143.69858,51.698578
val,57,46,91.0,143.7761,52.776093
val,57,47,90.0,143.7475,53.747498
val,57,48,89.0,143.72401,54.724014
val,57,49,88.0,143.6882,55.6882
val,57,50,87.0,143.65416,56.65416
val,57,51,86.0,143.72513,57.72513
val,57,52,85.0,143.77028,58.77028
val,57,53,84.0,143.76198,59.76198
val,57,54,83.0,143.76881,60.768814
val,57,55,82.0,143.8171,61.817093
val,57,56,81.0,143.54637,62.54637
val,57,57,80.0,143.53023,63.530228
val,57,58,79.0,143.22673,64.22673
val,57,59,78.0,143.26288,65.26288
val,57,60,77.0,141.742,64.742004
val,57,61,76.0,105.45286,29.452858
val,57,62,75.0,115.33591,40.335907
val,57,63,74.0,110.27149,36.271492
val,57,64,73.0,94.771935,21.771935
val,57,65,72.0,84.50871,12.508713
val,57,66,71.0,82.41943,11.419434
val,57,67,70.0,78.14408,8.144081
val,57,68,69.0,72.864815,3.8648148
val,57,69,68.0,75.31103,7.3110275
val,57,70,67.0,78.84531,11.845306
val,57,71,66.0,83.169014,17.169014
val,57,72,65.0,96.013504,31.013504
val,57,73,64.0,80.154045,16.154045
val,57,74,63.0,76.37678,13.376778
val,57,75,62.0,71.470146,9.470146
val,57,76,61.0,58.162216,-2.8377838
val,57,77,60.0,67.654366,7.6543655
val,57,78,59.0,66.64686,7.646858
val,57,79,58.0,66.89443,8.894432
val,57,80,57.0,69.64622,12.646217
val,57,81,56.0,68.51519,12.51519
val,57,82,55.0,72.70901,17.709007
val,57,83,54.0,84.51724,30.517242
val,57,84,53.0,96.82163,43.821632
val,57,85,52.0,138.10138,86.10138
val,57,86,51.0,142.44252,91.44252
val,57,87,50.0,142.65857,92.65857
val,57,88,49.0,142.86536,93.86536
val,57,89,48.0,128.28441,80.28441
val,57,90,47.0,121.69377,74.69377
val,57,91,46.0,90.516685,44.516685
val,57,92,45.0,85.35296,40.35296
val,57,93,44.0,82.784325,38.784325
val,57,94,43.0,82.10771,39.10771
val,57,95,42.0,96.15145,54.15145
val,57,96,41.0,85.41157,44.411568
val,57,97,40.0,67.33437,27.334373
val,57,98,39.0,61.85978,22.85978
val,57,99,38.0,60.981243,22.981243
val,57,100,37.0,53.217373,16.217373
val,57,101,36.0,47.970036,11.970036
val,57,102,35.0,40.854744,5.854744
val,57,103,34.0,39.849712,5.8497124
val,57,104,33.0,38.75421,5.7542114
val,57,105,32.0,38.146942,6.146942
val,57,106,31.0,38.58176,7.5817604
val,57,107,30.0,36.923138,6.9231377
val,57,108,29.0,34.214188,5.2141876
val,57,109,28.0,33.82382,5.823818
val,57,110,27.0,33.856247,6.856247
val,57,111,26.0,33.940712,7.940712
val,57,112,25.0,33.242332,8.242332
val,57,113,24.0,30.65174,6.651739
val,57,114,23.0,30.670694,7.6706944
val,57,115,22.0,27.09385,5.093849
val,57,116,21.0,26.697803,5.6978035
val,57,117,20.0,27.846342,7.846342
val,57,118,19.0,25.544592,6.544592
val,57,119,18.0,23.29675,5.296749
val,57,120,17.0,19.30939,2.309389
val,57,121,16.0,15.939708,-0.060292244
val,57,122,15.0,17.115498,2.1154976
val,57,123,14.0,16.95529,2.9552898
val,57,124,13.0,19.271383,6.2713833
val,57,125,12.0,16.635605,4.635605
val,57,126,11.0,16.133457,5.133457
val,57,127,10.0,16.52752,6.527519
val,57,128,9.0,17.342577,8.342577
val,57,129,8.0,16.304873,8.3048725
val,57,130,7.0,16.630713,9.6307125
val,57,131,6.0,18.788181,12.788181
val,57,132,5.0,15.106512,10.106512
val,57,133,4.0,11.156724,7.156724
val,57,134,3.0,8.543151,5.543151
val,57,135,2.0,5.8930364,3.8930364
val,57,136,1.0,2.9186664,1.9186664
val,57,137,0.0,2.4218593,2.4218593
val,60,30,142.0,142.68073,0.6807251
val,60,31,141.0,143.65231,2.6523132
val,60,32,140.0,143.4812,3.4812012
val,60,33,139.0,136.9715,-2.0285034
val,60,34,138.0,141.52866,3.528656
val,60,35,137.0,141.12437,4.1243744
val,60,36,136.0,142.52814,6.528137
val,60,37,135.0,142.93845,7.938446
val,60,38,134.0,143.32281,9.322815
val,60,39,133.0,143.4436,10.4436035
val,60,40,132.0,143.62737,11.627365
val,60,41,131.0,143.75395,12.753952
val,60,42,130.0,143.39137,13.391373
val,60,43,129.0,143.72186,14.721863
val,60,44,128.0,143.52954,15.529541
val,60,45,127.0,143.78268,16.782684
val,60,46,126.0,143.64674,17.646744
val,60,47,125.0,143.50026,18.50026
val,60,48,124.0,142.86565,18.865646
val,60,49,123.0,143.67575,20.67575
val,60,50,122.0,142.72058,20.720581
val,60,51,121.0,143.14864,22.148636
val,60,52,120.0,142.5303,22.530304
val,60,53,119.0,143.35785,24.35785
val,60,54,118.0,139.10785,21.10785
val,60,55,117.0,106.62527,-10.374733
val,60,56,116.0,112.90122,-3.0987778
val,60,57,115.0,125.81718,10.817177
val,60,58,114.0,133.22617,19.226166
val,60,59,113.0,131.09113,18.091125
val,60,60,112.0,117.80701,5.807007
val,60,61,111.0,126.51261,15.512611
val,60,62,110.0,131.08319,21.08319
val,60,63,109.0,142.38187,33.381866
val,60,64,108.0,142.4798,34.479797
val,60,65,107.0,141.87592,34.875916
val,60,66,106.0,141.68837,35.68837
val,60,67,105.0,138.16855,33.16855
val,60,68,104.0,138.69467,34.69467
val,60,69,103.0,134.13544,31.135437
val,60,70,102.0,91.69833,-10.301666
val,60,71,101.0,103.205765,2.2057648
val,60,72,100.0,79.89694,-20.103058
val,60,73,99.0,84.1408,-14.8592
val,60,74,98.0,93.94442,-4.05558
val,60,75,97.0,108.32676,11.326759
val,60,76,96.0,120.85491,24.854912
val,60,77,95.0,111.16775,16.167747
val,60,78,94.0,95.05906,1.0590591
val,60,79,93.0,93.73079,0.7307892
val,60,80,92.0,85.4879,-6.5121
val,60,81,91.0,74.21397,-16.786034
val,60,82,90.0,72.99932,-17.000679
val,60,83,89.0,71.093346,-17.906654
val,60,84,88.0,83.880875,-4.1191254
val,60,85,87.0,95.514885,8.514885
val,60,86,86.0,109.66329,23.663292
val,60,87,85.0,123.5959,38.5959
val,60,88,84.0,134.29294,50.29294
val,60,89,83.0,137.53023,54.530228
val,60,90,82.0,141.32552,59.325516
val,60,91,81.0,139.43219,58.43219
val,60,92,80.0,116.6835,36.683502
val,60,93,79.0,130.79486,51.79486
val,60,94,78.0,94.22468,16.224678
val,60,95,77.0,88.30726,11.307259
val,60,96,76.0,86.38534,10.385338
val,60,97,75.0,77.42374,2.4237366
val,60,98,74.0,69.30734,-4.6926575
val,60,99,73.0,63.7499,-9.250099
val,60,100,72.0,65.61166,-6.388344
val,60,101,71.0,66.03264,-4.9673615
val,60,102,70.0,64.047165,-5.952835
val,60,103,69.0,64.14218,-4.8578186
val,60,104,68.0,61.2802,-6.719799
val,60,105,67.0,62.215675,-4.7843246
val,60,106,66.0,63.805725,-2.194275
val,60,107,65.0,68.170784,3.170784
val,60,108,64.0,69.242516,5.2425156
val,60,109,63.0,67.63903,4.6390305
val,60,110,62.0,71.86259,9.862587
val,60,111,61.0,71.046394,10.046394
val,60,112,60.0,66.89738,6.897377
val,60,113,59.0,61.83441,2.8344116
val,60,114,58.0,54.49312,-3.5068817
val,60,115,57.0,59.807434,2.807434
val,60,116,56.0,58.979713,2.9797134
val,60,117,55.0,58.978405,3.978405
val,60,118,54.0,57.31432,3.3143196
val,60,119,53.0,57.18246,4.182461
val,60,120,52.0,56.851128,4.8511276
val,60,121,51.0,56.942963,5.9429626
val,60,122,50.0,56.018085,6.0180855
val,60,123,49.0,54.02825,5.0282516
val,60,124,48.0,51.175102,3.1751022
val,60,125,47.0,46.9673,-0.032699585
val,60,126,46.0,47.99731,1.9973106
val,60,127,45.0,46.807938,1.8079376
val,60,128,44.0,44.360336,0.3603363
val,60,129,43.0,42.5245,-0.4754982
val,60,130,42.0,37.521458,-4.4785423
val,60,131,41.0,36.453335,-4.546665
val,60,132,40.0,35.084846,-4.9151535
val,60,133,39.0,32.017136,-6.9828644
val,60,134,38.0,31.309568,-6.6904316
val,60,135,37.0,31.629078,-5.370922
val,60,136,36.0,29.177078,-6.8229218
val,60,137,35.0,29.149553,-5.8504467
val,60,138,34.0,30.481283,-3.5187168
val,60,139,33.0,32.30253,-0.6974716
val,60,140,32.0,29.918297,-2.0817032
val,60,141,31.0,27.982733,-3.0172672
val,60,142,30.0,28.577187,-1.4228134
val,60,143,29.0,28.565083,-0.43491745
val,60,144,28.0,27.158594,-0.84140587
val,60,145,27.0,26.292278,-0.7077217
val,60,146,26.0,23.330116,-2.6698837
val,60,147,25.0,21.159863,-3.8401375
val,60,148,24.0,22.979021,-1.0209789
val,60,149,23.0,22.558311,-0.44168854
val,60,150,22.0,21.685026,-0.31497383
val,60,151,21.0,19.07737,-1.9226303
val,60,152,20.0,19.737507,-0.26249313
val,60,153,19.0,19.460337,0.4603367
val,60,154,18.0,19.887669,1.8876686
val,60,155,17.0,20.907349,3.9073486
val,60,156,16.0,17.923931,1.9239311
val,60,157,15.0,16.176008,1.1760082
val,60,158,14.0,13.848789,-0.15121078
val,60,159,13.0,12.207189,-0.7928114
val,60,160,12.0,9.802864,-2.197136
val,60,161,11.0,7.763433,-3.236567
val,60,162,10.0,8.771698,-1.228302
val,60,163,9.0,7.056564,-1.9434361
val,60,164,8.0,8.127321,0.12732124
val,60,165,7.0,9.091812,2.0918121
val,60,166,6.0,8.337222,2.337222
val,60,167,5.0,7.3628078,2.3628078
val,60,168,4.0,7.807242,3.807242
val,60,169,3.0,6.205999,3.205999
val,60,170,2.0,4.347009,2.3470092
val,60,171,1.0,5.5529237,4.5529237
val,60,172,0.0,4.866259,4.866259
val,62,30,150.0,131.34358,-18.656418
val,62,31,149.0,130.36368,-18.636322
val,62,32,148.0,138.7893,-9.210693
val,62,33,147.0,141.65268,-5.3473206
val,62,34,146.0,140.75485,-5.2451477
val,62,35,145.0,141.63672,-3.3632812
val,62,36,144.0,142.15836,-1.8416443
val,62,37,143.0,138.63976,-4.3602448
val,62,38,142.0,138.5807,-3.4192963
val,62,39,141.0,129.6538,-11.346207
val,62,40,140.0,129.46599,-10.534012
val,62,41,139.0,126.4597,-12.540298
val,62,42,138.0,134.81396,-3.1860352
val,62,43,137.0,137.67535,0.675354
val,62,44,136.0,140.50269,4.5026855
val,62,45,135.0,142.05127,7.0512695
val,62,46,134.0,139.81552,5.8155212
val,62,47,133.0,141.16205,8.162048
val,62,48,132.0,141.5521,9.5520935
val,62,49,131.0,140.8935,9.893494
val,62,50,130.0,141.36285,11.362854
val,62,51,129.0,140.0026,11.002594
val,62,52,128.0,140.49846,12.498459
val,62,53,127.0,141.0936,14.093597
val,62,54,126.0,141.18057,15.1805725
val,62,55,125.0,131.7033,6.703293
val,62,56,124.0,128.07533,4.0753326
val,62,57,123.0,132.23682,9.236816
val,62,58,122.0,125.34832,3.34832
val,62,59,121.0,99.358215,-21.641785
val,62,60,120.0,77.28003,-42.71997
val,62,61,119.0,79.14713,-39.852867
val,62,62,118.0,84.8058,-33.1942
val,62,63,117.0,91.93574,-25.064262
val,62,64,116.0,86.710464,-29.289536
val,62,65,115.0,100.8854,-14.114601
val,62,66,114.0,137.81557,23.815567
val,62,67,113.0,139.08965,26.089645
val,62,68,112.0,141.10938,29.109375
val,62,69,111.0,134.83914,23.839142
val,62,70,110.0,139.37218,29.372177
val,62,71,109.0,140.9404,31.9404
val,62,72,108.0,126.807045,18.807045
val,62,73,107.0,121.70356,14.70356
val,62,74,106.0,108.44317,2.4431686
val,62,75,105.0,104.81707,-0.18293
val,62,76,104.0,94.419,-9.581001
val,62,77,103.0,97.77157,-5.2284317
val,62,78,102.0,103.51592,1.5159225
val,62,79,101.0,103.06933,2.0693283
val,62,80,100.0,104.27607,4.2760696
val,62,81,99.0,102.20138,3.2013779
val,62,82,98.0,99.53037,1.5303726
val,62,83,97.0,115.907814,18.907814
val,62,84,96.0,124.96331,28.96331
val,62,85,95.0,118.816345,23.816345
val,62,86,94.0,115.66645,21.66645
val,62,87,93.0,122.217155,29.217155
val,62,88,92.0,108.795364,16.795364
val,62,89,91.0,121.326546,30.326546
val,62,90,90.0,109.824326,19.824326
val,62,91,89.0,80.95101,-8.048988
val,62,92,88.0,82.28551,-5.714493
val,62,93,87.0,67.50759,-19.492409
val,62,94,86.0,65.35252,-20.647476
val,62,95,85.0,64.34527,-20.654732
val,62,96,84.0,66.2309,-17.769096
val,62,97,83.0,60.243095,-22.756905
val,62,98,82.0,75.76511,-6.234894
val,62,99,81.0,65.44144,-15.558563
val,62,100,80.0,56.923798,-23.076202
val,62,101,79.0,101.05988,22.059883
val,62,102,78.0,91.291176,13.291176
val,62,103,77.0,83.90722,6.907219
val,62,104,76.0,78.158134,2.1581345
val,62,105,75.0,69.19476,-5.805237
val,62,106,74.0,62.786877,-11.213123
val,62,107,73.0,66.37563,-6.6243668
val,62,108,72.0,69.03721,-2.9627914
val,62,109,71.0,65.19132,-5.8086777
val,62,110,70.0,61.069706,-8.930294
val,62,111,69.0,54.038223,-14.961777
val,62,112,68.0,58.246563,-9.753437
val,62,113,67.0,59.368923,-7.631077
val,62,114,66.0,54.725033,-11.274967
val,62,115,65.0,66.67997,1.6799698
val,62,116,64.0,71.76177,7.761772
val,62,117,63.0,63.589863,0.5898628
val,62,118,62.0,63.36029,1.3602905
val,62,119,61.0,63.29715,2.2971497
val,62,120,60.0,61.68392,1.6839218
val,62,121,59.0,60.73085,1.7308502
val,62,122,58.0,71.14003,13.14003
val,62,123,57.0,77.407906,20.407906
val,62,124,56.0,71.70083,15.700829
val,62,125,55.0,66.236046,11.236046
val,62,126,54.0,56.772404,2.7724037
val,62,127,53.0,49.384674,-3.615326
val,62,128,52.0,40.72814,-11.271858
val,62,129,51.0,42.941093,-8.058907
val,62,130,50.0,41.852425,-8.147575
val,62,131,49.0,39.124557,-9.8754425
val,62,132,48.0,42.259666,-5.7403336
val,62,133,47.0,42.7875,-4.2125015
val,62,134,46.0,39.663536,-6.336464
val,62,135,45.0,42.950897,-2.0491028
val,62,136,44.0,42.083847,-1.916153
val,62,137,43.0,46.860363,3.860363
val,62,138,42.0,43.62986,1.6298599
val,62,139,41.0,37.02473,-3.9752693
val,62,140,40.0,38.609886,-1.3901138
val,62,141,39.0,39.890594,0.8905945
val,62,142,38.0,39.669342,1.669342
val,62,143,37.0,32.90007,-4.09993
val,62,144,36.0,35.84827,-0.15172958
val,62,145,35.0,32.662064,-2.3379364
val,62,146,34.0,31.770733,-2.2292671
val,62,147,33.0,30.554344,-2.4456558
val,62,148,32.0,28.55896,-3.44104
val,62,149,31.0,30.014467,-0.98553276
val,62,150,30.0,33.0808,3.080799
val,62,151,29.0,29.119102,0.11910248
val,62,152,28.0,32.03737,4.037369
val,62,153,27.0,30.336287,3.3362865
val,62,154,26.0,31.680332,5.680332
val,62,155,25.0,32.579926,7.5799255
val,62,156,24.0,31.746613,7.7466125
val,62,157,23.0,31.841295,8.841295
val,62,158,22.0,33.531384,11.5313835
val,62,159,21.0,31.925068,10.925068
val,62,160,20.0,27.70071,7.7007103
val,62,161,19.0,24.764215,5.7642155
val,62,162,18.0,26.059998,8.059998
val,62,163,17.0,24.768215,7.768215
val,62,164,16.0,18.940483,2.940483
val,62,165,15.0,18.556805,3.5568047
val,62,166,14.0,16.504498,2.5044975
val,62,167,13.0,15.037179,2.037179
val,62,168,12.0,14.235329,2.2353287
val,62,169,11.0,10.516207,-0.48379326
val,62,170,10.0,9.626714,-0.37328625
val,62,171,9.0,9.963922,0.96392155
val,62,172,8.0,7.7258325,-0.27416754
val,62,173,7.0,6.1924806,-0.80751944
val,62,174,6.0,7.0348573,1.0348573
val,62,175,5.0,5.890303,0.89030313
val,62,176,4.0,6.191385,2.1913848
val,62,177,3.0,5.970363,2.9703631
val,62,178,2.0,4.884999,2.8849988
val,62,179,1.0,2.0552993,1.0552993
val,62,180,0.0,2.0759063,2.0759063
val,72,30,183.0,143.82462,-39.175385
val,72,31,182.0,143.82788,-38.17212
val,72,32,181.0,143.82944,-37.170563
val,72,33,180.0,143.82146,-36.178543
val,72,34,179.0,143.82866,-35.17134
val,72,35,178.0,143.82904,-34.17096
val,72,36,177.0,143.81934,-33.180664
val,72,37,176.0,143.81812,-32.181885
val,72,38,175.0,143.82632,-31.173676
val,72,39,174.0,143.82777,-30.172226
val,72,40,173.0,143.82242,-29.177582
val,72,41,172.0,143.82689,-28.173111
val,72,42,171.0,143.82626,-27.173737
val,72,43,170.0,143.82976,-26.170242
val,72,44,169.0,143.8177,-25.182297
val,72,45,168.0,143.8086,-24.191406
val,72,46,167.0,143.8224,-23.177597
val,72,47,166.0,143.82558,-22.174423
val,72,48,165.0,143.82083,-21.179169
val,72,49,164.0,143.81674,-20.183258
val,72,50,163.0,143.82632,-19.173676
val,72,51,162.0,143.82953,-18.170471
val,72,52,161.0,143.8155,-17.184494
val,72,53,160.0,143.82,-16.179993
val,72,54,159.0,143.81587,-15.184128
val,72,55,158.0,143.82079,-14.1792145
val,72,56,157.0,143.80914,-13.190857
val,72,57,156.0,143.8101,-12.189896
val,72,58,155.0,143.75624,-11.243759
val,72,59,154.0,143.7897,-10.210297
val,72,60,153.0,143.81757,-9.182434
val,72,61,152.0,143.81097,-8.189026
val,72,62,151.0,143.81288,-7.1871185
val,72,63,150.0,143.8162,-6.1838074
val,72,64,149.0,143.81642,-5.1835785
val,72,65,148.0,143.80408,-4.195923
val,72,66,147.0,143.81567,-3.1843262
val,72,67,146.0,143.79735,-2.202652
val,72,68,145.0,143.80547,-1.1945343
val,72,69,144.0,143.81761,-0.1823883
val,72,70,143.0,143.82007,0.82006836
val,72,71,142.0,143.81085,1.810852
val,72,72,141.0,143.81964,2.819641
val,72,73,140.0,143.78604,3.7860413
val,72,74,139.0,143.82143,4.8214264
val,72,75,138.0,143.81741,5.8174133
val,72,76,137.0,143.81317,6.8131714
val,72,77,136.0,143.75127,7.7512665
val,72,78,135.0,143.81696,8.816956
val,72,79,134.0,143.74168,9.741684
val,72,80,133.0,143.82385,10.823853
val,72,81,132.0,143.82266,11.822662
val,72,82,131.0,143.80304,12.80304
val,72,83,130.0,143.71445,13.714447
val,72,84,129.0,143.80292,14.8029175
val,72,85,128.0,143.81612,15.816116
val,72,86,127.0,143.82925,16.829254
val,72,87,126.0,143.82594,17.825943
val,72,88,125.0,143.71378,18.713776
val,72,89,124.0,143.79242,19.79242
val,72,90,123.0,143.81389,20.813889
val,72,91,122.0,143.8104,21.810394
val,72,92,121.0,143.72589,22.725891
val,72,93,120.0,143.79768,23.797684
val,72,94,119.0,143.7933,24.793304
val,72,95,118.0,143.81625,25.816254
val,72,96,117.0,142.5936,25.593597
val,72,97,116.0,143.67892,27.678925
val,72,98,115.0,143.56818,28.568176
val,72,99,114.0,143.43372,29.433716
val,72,100,113.0,143.6422,30.642197
val,72,101,112.0,143.66943,31.669434
val,72,102,111.0,143.73378,32.73378
val,72,103,110.0,143.78668,33.786682
val,72,104,109.0,143.78171,34.781708
val,72,105,108.0,143.59808,35.598083
val,72,106,107.0,143.71826,36.71826
val,72,107,106.0,143.67473,37.67473
val,72,108,105.0,142.28915,37.289154
val,72,109,104.0,143.06274,39.062744
val,72,110,103.0,143.30992,40.30992
val,72,111,102.0,143.64728,41.647278
val,72,112,101.0,143.60684,42.606842
val,72,113,100.0,143.60263,43.60263
val,72,114,99.0,142.46844,43.468445
val,72,115,98.0,143.62119,45.621185
val,72,116,97.0,143.72021,46.720215
val,72,117,96.0,143.70769,47.707687
val,72,118,95.0,143.75043,48.750427
val,72,119,94.0,143.13074,49.130737
val,72,120,93.0,143.68692,50.68692
val,72,121,92.0,143.7355,51.735504
val,72,122,91.0,139.42404,48.42404
val,72,123,90.0,141.95851,51.95851
val,72,124,89.0,142.65625,53.65625
val,72,125,88.0,143.4795,55.479507
val,72,126,87.0,143.24295,56.24295
val,72,127,86.0,143.19174,57.191742
val,72,128,85.0,142.93774,57.937744
val,72,129,84.0,131.27509,47.275085
val,72,130,83.0,98.15845,15.158447
val,72,131,82.0,91.60768,9.607681
val,72,132,81.0,100.129555,19.129555
val,72,133,80.0,85.60292,5.6029205
val,72,134,79.0,82.05982,3.059822
val,72,135,78.0,68.711075,-9.288925
val,72,136,77.0,70.52157,-6.4784317
val,72,137,76.0,69.32845,-6.671547
val,72,138,75.0,78.11869,3.1186905
val,72,139,74.0,80.24674,6.2467422
val,72,140,73.0,70.21978,-2.78022
val,72,141,72.0,74.25488,2.2548828
val,72,142,71.0,76.153694,5.153694
val,72,143,70.0,73.268654,3.2686539
val,72,144,69.0,71.36044,2.360443
val,72,145,68.0,72.76089,4.760887
val,72,146,67.0,78.88701,11.887009
val,72,147,66.0,79.77471,13.774712
val,72,148,65.0,104.27422,39.274223
val,72,149,64.0,106.020096,42.020096
val,72,150,63.0,126.48069,63.48069
val,72,151,62.0,127.281815,65.281815
val,72,152,61.0,127.811485,66.811485
val,72,153,60.0,131.90833,71.908325
val,72,154,59.0,124.743004,65.743004
val,72,155,58.0,118.81414,60.81414
val,72,156,57.0,112.42013,55.420128
val,72,157,56.0,99.657906,43.657906
val,72,158,55.0,89.57807,34.57807
val,72,159,54.0,77.50231,23.502312
val,72,160,53.0,69.31899,16.318993
val,72,161,52.0,64.62436,12.624359
val,72,162,51.0,62.865776,11.865776
val,72,163,50.0,62.63791,12.637909
val,72,164,49.0,56.895103,7.8951035
val,72,165,48.0,50.851326,2.851326
val,72,166,47.0,52.455223,5.455223
val,72,167,46.0,48.664158,2.6641579
val,72,168,45.0,40.256462,-4.743538
val,72,169,44.0,38.44508,-5.55492
val,72,170,43.0,38.097717,-4.9022827
val,72,171,42.0,37.503483,-4.496517
val,72,172,41.0,35.419525,-5.580475
val,72,173,40.0,36.21309,-3.786911
val,72,174,39.0,37.252335,-1.7476654
val,72,175,38.0,33.749187,-4.2508125
val,72,176,37.0,35.877384,-1.1226158
val,72,177,36.0,30.241766,-5.758234
val,72,178,35.0,30.567783,-4.4322166
val,72,179,34.0,33.588596,-0.41140366
val,72,180,33.0,36.180622,3.180622
val,72,181,32.0,33.25581,1.2558098
val,72,182,31.0,32.05089,1.0508919
val,72,183,30.0,30.944649,0.94464874
val,72,184,29.0,34.74372,5.743721
val,72,185,28.0,35.348877,7.348877
val,72,186,27.0,38.34637,11.346371
val,72,187,26.0,39.609097,13.609097
val,72,188,25.0,37.619373,12.619373
val,72,189,24.0,36.902786,12.902786
val,72,190,23.0,38.736084,15.736084
val,72,191,22.0,37.086258,15.086258
val,72,192,21.0,37.604084,16.604084
val,72,193,20.0,36.464775,16.464775
val,72,194,19.0,36.617912,17.617912
val,72,195,18.0,31.672508,13.672508
val,72,196,17.0,27.902554,10.902554
val,72,197,16.0,25.768408,9.768408
val,72,198,15.0,28.26159,13.261589
val,72,199,14.0,23.797428,9.797428
val,72,200,13.0,21.099487,8.099487
val,72,201,12.0,19.6955,7.6954994
val,72,202,11.0,17.640902,6.6409016
val,72,203,10.0,15.804818,5.804818
val,72,204,9.0,14.634063,5.634063
val,72,205,8.0,14.3649435,6.3649435
val,72,206,7.0,14.71844,7.71844
val,72,207,6.0,10.106167,4.106167
val,72,208,5.0,10.592737,5.592737
val,72,209,4.0,10.204631,6.204631
val,72,210,3.0,6.8940053,3.8940053
val,72,211,2.0,5.0706096,3.0706096
val,72,212,1.0,6.6397586,5.6397586
val,72,213,0.0,4.8050847,4.8050847
val,82,30,184.0,143.8222,-40.177795
val,82,31,183.0,143.82135,-39.17865
val,82,32,182.0,143.80681,-38.19319
val,82,33,181.0,143.7962,-37.203796
val,82,34,180.0,143.81122,-36.18878
val,82,35,179.0,143.82628,-35.17372
val,82,36,178.0,143.83087,-34.16913
val,82,37,177.0,143.8002,-33.1998
val,82,38,176.0,143.82831,-32.17169
val,82,39,175.0,143.80821,-31.191788
val,82,40,174.0,143.811,-30.188995
val,82,41,173.0,143.82587,-29.174133
val,82,42,172.0,143.81418,-28.185822
val,82,43,171.0,143.81686,-27.183136
val,82,44,170.0,143.77435,-26.225647
val,82,45,169.0,143.81625,-25.183746
val,82,46,168.0,143.81578,-24.18422
val,82,47,167.0,143.81677,-23.183228
val,82,48,166.0,143.81058,-22.189423
val,82,49,165.0,143.81221,-21.18779
val,82,50,164.0,143.82512,-20.174881
val,82,51,163.0,143.83148,-19.168518
val,82,52,162.0,143.82745,-18.172546
val,82,53,161.0,143.8299,-17.170105
val,82,54,160.0,143.82605,-16.17395
val,82,55,159.0,143.80374,-15.196259
val,82,56,158.0,143.8198,-14.180206
val,82,57,157.0,143.83238,-13.167618
val,82,58,156.0,143.81021,-12.189789
val,82,59,155.0,143.81891,-11.181091
val,82,60,154.0,143.82414,-10.175858
val,82,61,153.0,143.81879,-9.181213
val,82,62,152.0,143.8215,-8.178497
val,82,63,151.0,143.81248,-7.1875153
val,82,64,150.0,143.82234,-6.177658
val,82,65,149.0,143.82582,-5.174179
val,82,66,148.0,143.82623,-4.173767
val,82,67,147.0,143.81808,-3.1819153
val,82,68,146.0,143.82516,-2.1748352
val,82,69,145.0,143.82129,-1.1787109
val,82,70,144.0,143.8344,-0.16560364
val,82,71,143.0,143.83054,0.8305359
val,82,72,142.0,143.8223,1.8222961
val,82,73,141.0,143.81525,2.8152466
val,82,74,140.0,143.80264,3.8026428
val,82,75,139.0,143.81436,4.8143616
val,82,76,138.0,143.78485,5.784851
val,82,77,137.0,143.79736,6.7973633
val,82,78,136.0,143.7848,7.7848053
val,82,79,135.0,143.80682,8.806824
val,82,80,134.0,143.8179,9.817902
val,82,81,133.0,143.79434,10.794342
val,82,82,132.0,143.74365,11.743652
val,82,83,131.0,142.78741,11.787415
val,82,84,130.0,143.70532,13.705322
val,82,85,129.0,143.65121,14.651215
val,82,86,128.0,143.67592,15.675919
val,82,87,127.0,143.01546,16.015457
val,82,88,126.0,141.17311,15.173111
val,82,89,125.0,140.15515,15.155151
val,82,90,124.0,143.21533,19.215332
val,82,91,123.0,143.49155,20.491547
val,82,92,122.0,143.70665,21.70665
val,82,93,121.0,143.45538,22.455383
val,82,94,120.0,143.73055,23.730545
val,82,95,119.0,143.77396,24.773956
val,82,96,118.0,143.80118,25.801178
val,82,97,117.0,143.79413,26.794128
val,82,98,116.0,143.80275,27.80275
val,82,99,115.0,143.80273,28.802734
val,82,100,114.0,143.78954,29.789536
val,82,101,113.0,143.8167,30.816696
val,82,102,112.0,143.68192,31.681915
val,82,103,111.0,143.76175,32.76175
val,82,104,110.0,143.80978,33.809784
val,82,105,109.0,143.791,34.791
val,82,106,108.0,143.82481,35.824814
val,82,107,107.0,143.81212,36.81212
val,82,108,106.0,143.80753,37.807526
val,82,109,105.0,143.6979,38.697906
val,82,110,104.0,143.79465,39.794647
val,82,111,103.0,143.75775,40.75775
val,82,112,102.0,142.94496,40.94496
val,82,113,101.0,123.52683,22.526833
val,82,114,100.0,118.91476,18.914757
val,82,115,99.0,136.04446,37.044464
val,82,116,98.0,127.06724,29.067238
val,82,117,97.0,119.808205,22.808205
val,82,118,96.0,117.77288,21.77288
val,82,119,95.0,116.275215,21.275215
val,82,120,94.0,103.84441,9.844414
val,82,121,93.0,102.42521,9.425209
val,82,122,92.0,88.22684,-3.7731628
val,82,123,91.0,96.11285,5.1128464
val,82,124,90.0,84.54747,-5.45253
val,82,125,89.0,95.69284,6.6928406
val,82,126,88.0,99.732414,11.732414
val,82,127,87.0,101.128105,14.128105
val,82,128,86.0,87.89876,1.8987579
val,82,129,85.0,86.154274,1.154274
val,82,130,84.0,83.981735,-0.01826477
val,82,131,83.0,79.62502,-3.374977
val,82,132,82.0,76.06443,-5.93557
val,82,133,81.0,74.65574,-6.344261
val,82,134,80.0,70.86387,-9.136131
val,82,135,79.0,72.14879,-6.8512115
val,82,136,78.0,73.12861,-4.8713913
val,82,137,77.0,73.10061,-3.8993912
val,82,138,76.0,69.942856,-6.057144
val,82,139,75.0,68.6977,-6.3022995
val,82,140,74.0,68.56235,-5.4376526
val,82,141,73.0,66.50628,-6.493721
val,82,142,72.0,71.14384,-0.856163
val,82,143,71.0,69.12956,-1.8704376
val,82,144,70.0,68.90745,-1.0925522
val,82,145,69.0,70.59159,1.5915909
val,82,146,68.0,70.17605,2.1760483
val,82,147,67.0,73.299255,6.2992554
val,82,148,66.0,72.15304,6.153038
val,82,149,65.0,71.699455,6.6994553
val,82,150,64.0,65.69978,1.6997833
val,82,151,63.0,68.14563,5.14563
val,82,152,62.0,65.95378,3.9537811
val,82,153,61.0,69.06529,8.065292
val,82,154,60.0,65.56295,5.56295
val,82,155,59.0,72.17166,13.171661
val,82,156,58.0,63.95375,5.9537506
val,82,157,57.0,58.60835,1.6083488
val,82,158,56.0,58.931404,2.931404
val,82,159,55.0,60.182278,5.1822777
val,82,160,54.0,58.867195,4.867195
val,82,161,53.0,61.15674,8.156738
val,82,162,52.0,55.22564,3.2256393
val,82,163,51.0,54.57853,3.5785294
val,82,164,50.0,54.392372,4.392372
val,82,165,49.0,55.027454,6.0274544
val,82,166,48.0,50.422894,2.4228935
val,82,167,47.0,49.85344,2.8534393
val,82,168,46.0,46.957695,0.957695
val,82,169,45.0,45.647682,0.6476822
val,82,170,44.0,41.735245,-2.2647552
val,82,171,43.0,38.957363,-4.042637
val,82,172,42.0,39.88952,-2.1104813
val,82,173,41.0,39.412273,-1.5877266
val,82,174,40.0,36.962875,-3.0371246
val,82,175,39.0,34.363304,-4.636696
val,82,176,38.0,34.750984,-3.2490158
val,82,177,37.0,33.99271,-3.00729
val,82,178,36.0,34.10472,-1.8952789
val,82,179,35.0,31.062347,-3.9376526
val,82,180,34.0,31.781559,-2.218441
val,82,181,33.0,29.625093,-3.3749065
val,82,182,32.0,31.952421,-0.04757881
val,82,183,31.0,30.201471,-0.7985287
val,82,184,30.0,29.759266,-0.2407341
val,82,185,29.0,28.52402,-0.47598076
val,82,186,28.0,25.74548,-2.2545204
val,82,187,27.0,23.795141,-3.2048588
val,82,188,26.0,22.069126,-3.9308739
val,82,189,25.0,23.713781,-1.2862186
val,82,190,24.0,20.576572,-3.4234276
val,82,191,23.0,20.18483,-2.8151703
val,82,192,22.0,20.125395,-1.8746052
val,82,193,21.0,20.730318,-0.26968193
val,82,194,20.0,22.041899,2.0418987
val,82,195,19.0,17.46399,-1.5360107
val,82,196,18.0,15.755354,-2.244646
val,82,197,17.0,15.74008,-1.2599201
val,82,198,16.0,13.677502,-2.3224983
val,82,199,15.0,13.455477,-1.5445232
val,82,200,14.0,10.98721,-3.0127897
val,82,201,13.0,8.117088,-4.8829117
val,82,202,12.0,8.026267,-3.973733
val,82,203,11.0,11.24631,0.24631023
val,82,204,10.0,9.423541,-0.57645893
val,82,205,9.0,7.9274344,-1.0725656
val,82,206,8.0,7.519057,-0.4809432
val,82,207,7.0,4.849481,-2.150519
val,82,208,6.0,6.321342,0.321342
val,82,209,5.0,5.433578,0.433578
val,82,210,4.0,4.1721787,0.17217875
val,82,211,3.0,2.9500985,-0.049901485
val,82,212,2.0,2.791638,0.7916379
val,82,213,1.0,1.9249808,0.92498076
val,82,214,0.0,0.7789303,0.7789303
val,93,30,125.0,90.17428,-34.82572
val,93,31,124.0,93.674416,-30.325584
val,93,32,123.0,92.41856,-30.581444
val,93,33,122.0,97.21152,-24.788483
val,93,34,121.0,95.743645,-25.256355
val,93,35,120.0,95.29468,-24.705322
val,93,36,119.0,101.7116,-17.288399
val,93,37,118.0,105.98175,-12.0182495
val,93,38,117.0,107.76002,-9.239983
val,93,39,116.0,110.668365,-5.3316345
val,93,40,115.0,117.259094,2.2590942
val,93,41,114.0,124.761856,10.761856
val,93,42,113.0,130.7445,17.744507
val,93,43,112.0,142.15192,30.151917
val,93,44,111.0,137.80032,26.800323
val,93,45,110.0,134.88982,24.889816
val,93,46,109.0,132.67828,23.678284
val,93,47,108.0,110.32331,2.3233109
val,93,48,107.0,109.80204,2.80204
val,93,49,106.0,104.08471,-1.9152908
val,93,50,105.0,109.03394,4.033943
val,93,51,104.0,104.48175,0.4817505
val,93,52,103.0,104.74863,1.7486267
val,93,53,102.0,102.7757,0.77570343
val,93,54,101.0,105.71223,4.712227
val,93,55,100.0,102.264694,2.2646942
val,93,56,99.0,103.98403,4.9840317
val,93,57,98.0,104.5369,6.5369034
val,93,58,97.0,101.40066,4.4006577
val,93,59,96.0,105.273224,9.273224
val,93,60,95.0,103.14275,8.142754
val,93,61,94.0,107.80188,13.80188
val,93,62,93.0,99.8605,6.8604965
val,93,63,92.0,113.195595,21.195595
val,93,64,91.0,104.114174,13.114174
val,93,65,90.0,108.51194,18.51194
val,93,66,89.0,113.795555,24.795555
val,93,67,88.0,126.6059,38.605904
val,93,68,87.0,127.11425,40.11425
val,93,69,86.0,130.17126,44.171265
val,93,70,85.0,119.98336,34.98336
val,93,71,84.0,114.69752,30.697517
val,93,72,83.0,119.07531,36.07531
val,93,73,82.0,100.89046,18.890457
val,93,74,81.0,94.53495,13.53495
val,93,75,80.0,93.57796,13.577957
val,93,76,79.0,86.44165,7.4416504
val,93,77,78.0,75.77507,-2.2249298
val,93,78,77.0,79.11867,2.1186676
val,93,79,76.0,78.87484,2.8748398
val,93,80,75.0,79.120865,4.120865
val,93,81,74.0,78.4107,4.410698
val,93,82,73.0,75.38028,2.3802795
val,93,83,72.0,72.36797,0.36797333
val,93,84,71.0,71.46892,0.46891785
val,93,85,70.0,72.93507,2.9350662
val,93,86,69.0,68.14865,-0.8513489
val,93,87,68.0,62.903374,-5.0966263
val,93,88,67.0,64.9324,-2.0675964
val,93,89,66.0,68.417145,2.4171448
val,93,90,65.0,69.416595,4.4165955
val,93,91,64.0,70.11008,6.110077
val,93,92,63.0,71.48975,8.489754
val,93,93,62.0,69.189476,7.189476
val,93,94,61.0,67.74195,6.741951
val,93,95,60.0,71.37322,11.373222
val,93,96,59.0,72.86152,13.861519
val,93,97,58.0,78.17924,20.179237
val,93,98,57.0,78.3569,21.356903
val,93,99,56.0,84.18509,28.18509
val,93,100,55.0,82.857735,27.857735
val,93,101,54.0,82.14277,28.142769
val,93,102,53.0,71.85173,18.85173
val,93,103,52.0,80.64587,28.645866
val,93,104,51.0,78.380684,27.380684
val,93,105,50.0,73.41048,23.410477
val,93,106,49.0,118.71481,69.71481
val,93,107,48.0,79.287895,31.287895
val,93,108,47.0,131.63226,84.63226
val,93,109,46.0,118.74091,72.74091
val,93,110,45.0,95.59622,50.596222
val,93,111,44.0,83.5438,39.5438
val,93,112,43.0,66.536736,23.536736
val,93,113,42.0,60.695976,18.695976
val,93,114,41.0,54.81601,13.8160095
val,93,115,40.0,52.421974,12.421974
val,93,116,39.0,53.597183,14.597183
val,93,117,38.0,52.300434,14.300434
val,93,118,37.0,46.23757,9.237572
val,93,119,36.0,43.57776,7.577759
val,93,120,35.0,42.61788,7.617882
val,93,121,34.0,43.589355,9.589355
val,93,122,33.0,40.883484,7.883484
val,93,123,32.0,41.79704,9.797039
val,93,124,31.0,41.6034,10.603401
val,93,125,30.0,34.555733,4.5557327
val,93,126,29.0,33.912327,4.912327
val,93,127,28.0,34.66694,6.666939
val,93,128,27.0,34.027306,7.0273056
val,93,129,26.0,37.004395,11.004395
val,93,130,25.0,42.044235,17.044235
val,93,131,24.0,43.25377,19.253769
val,93,132,23.0,38.024277,15.024277
val,93,133,22.0,31.78001,9.78001
val,93,134,21.0,29.176643,8.176643
val,93,135,20.0,27.948208,7.948208
val,93,136,19.0,24.87197,5.871969
val,93,137,18.0,23.219273,5.2192726
val,93,138,17.0,23.019625,6.0196247
val,93,139,16.0,22.827696,6.827696
val,93,140,15.0,15.744241,0.74424076
val,93,141,14.0,15.7175,1.7174997
val,93,142,13.0,21.085936,8.085936
val,93,143,12.0,17.368767,5.368767
val,93,144,11.0,16.987062,5.9870625
val,93,145,10.0,14.075455,4.0754547
val,93,146,9.0,15.303998,6.303998
val,93,147,8.0,14.386979,6.386979
val,93,148,7.0,9.297512,2.297512
val,93,149,6.0,5.451672,-0.5483279
val,93,150,5.0,4.15323,-0.8467698
val,93,151,4.0,3.008906,-0.9910941
val,93,152,3.0,3.16678,0.16678
val,93,153,2.0,3.0959334,1.0959334
val,93,154,1.0,1.1324326,0.13243258
val,93,155,0.0,1.5725256,1.5725256
val,98,30,126.0,139.6362,13.6362
val,98,31,125.0,126.684166,1.684166
val,98,32,124.0,136.18227,12.182266
val,98,33,123.0,134.64409,11.644089
val,98,34,122.0,134.37949,12.379486
val,98,35,121.0,141.56487,20.564865
val,98,36,120.0,142.74118,22.74118
val,98,37,119.0,140.37582,21.375824
val,98,38,118.0,143.63092,25.63092
val,98,39,117.0,143.73605,26.736053
val,98,40,116.0,143.53482,27.53482
val,98,41,115.0,143.65843,28.658432
val,98,42,114.0,143.7633,29.763306
val,98,43,113.0,143.68478,30.684784
val,98,44,112.0,142.26877,30.268768
val,98,45,111.0,142.48166,31.481659
val,98,46,110.0,140.74698,30.746979
val,98,47,109.0,139.61403,30.614029
val,98,48,108.0,138.21466,30.21466
val,98,49,107.0,142.39087,35.39087
val,98,50,106.0,141.01178,35.01178
val,98,51,105.0,125.1737,20.173698
val,98,52,104.0,113.92426,9.924263
val,98,53,103.0,117.453514,14.453514
val,98,54,102.0,118.77631,16.776314
val,98,55,101.0,118.00382,17.003822
val,98,56,100.0,108.8944,8.894402
val,98,57,99.0,118.921196,19.921196
val,98,58,98.0,122.92797,24.92797
val,98,59,97.0,126.07225,29.07225
val,98,60,96.0,137.21909,41.219086
val,98,61,95.0,143.1938,48.1938
val,98,62,94.0,142.93715,48.93715
val,98,63,93.0,142.40826,49.408264
val,98,64,92.0,141.64915,49.649155
val,98,65,91.0,138.69809,47.69809
val,98,66,90.0,142.63239,52.632385
val,98,67,89.0,136.85544,47.85544
val,98,68,88.0,140.37582,52.375824
val,98,69,87.0,127.132286,40.132286
val,98,70,86.0,123.80929,37.809288
val,98,71,85.0,133.65662,48.656616
val,98,72,84.0,124.84525,40.845253
val,98,73,83.0,135.97734,52.97734
val,98,74,82.0,90.19947,8.1994705
val,98,75,81.0,92.50382,11.503822
val,98,76,80.0,98.90591,18.905907
val,98,77,79.0,99.41669,20.416687
val,98,78,78.0,91.29947,13.299469
val,98,79,77.0,89.4353,12.435303
val,98,80,76.0,87.2176,11.217598
val,98,81,75.0,82.13157,7.131569
val,98,82,74.0,85.06281,11.062813
val,98,83,73.0,84.12024,11.120239
val,98,84,72.0,94.08499,22.084991
val,98,85,71.0,98.22352,27.223518
val,98,86,70.0,93.15333,23.153328
val,98,87,69.0,93.29194,24.291939
val,98,88,68.0,98.8272,30.827202
val,98,89,67.0,97.16671,30.16671
val,98,90,66.0,102.67237,36.67237
val,98,91,65.0,93.40733,28.407333
val,98,92,64.0,83.03886,19.038857
val,98,93,63.0,85.72499,22.72499
val,98,94,62.0,86.70342,24.703423
val,98,95,61.0,80.552444,19.552444
val,98,96,60.0,84.17274,24.172737
val,98,97,59.0,82.069984,23.069984
val,98,98,58.0,80.03772,22.03772
val,98,99,57.0,72.149864,15.149864
val,98,100,56.0,69.866905,13.866905
val,98,101,55.0,74.14016,19.14016
val,98,102,54.0,61.513504,7.513504
val,98,103,53.0,64.98712,11.987122
val,98,104,52.0,67.828285,15.828285
val,98,105,51.0,65.26652,14.266518
val,98,106,50.0,63.197716,13.197716
val,98,107,49.0,64.71346,15.713463
val,98,108,48.0,64.64283,16.64283
val,98,109,47.0,53.41143,6.4114304
val,98,110,46.0,62.546062,16.546062
val,98,111,45.0,58.61742,13.61742
val,98,112,44.0,62.75531,18.75531
val,98,113,43.0,59.32596,16.325958
val,98,114,42.0,61.132595,19.132595
val,98,115,41.0,56.98186,15.981861
val,98,116,40.0,61.229195,21.229195
val,98,117,39.0,54.663857,15.6638565
val,98,118,38.0,54.934193,16.934193
val,98,119,37.0,50.736237,13.736237
val,98,120,36.0,47.864456,11.864456
val,98,121,35.0,46.454796,11.454796
val,98,122,34.0,45.845375,11.845375
val,98,123,33.0,49.054745,16.054745
val,98,124,32.0,45.430458,13.430458
val,98,125,31.0,43.801075,12.801075
val,98,126,30.0,37.24718,7.247181
val,98,127,29.0,34.66342,5.6634216
val,98,128,28.0,36.9787,8.978699
val,98,129,27.0,34.26922,7.2692184
val,98,130,26.0,28.323408,2.3234081
val,98,131,25.0,28.09817,3.0981693
val,98,132,24.0,31.582024,7.5820236
val,98,133,23.0,28.287485,5.287485
val,98,134,22.0,27.905354,5.9053535
val,98,135,21.0,26.971363,5.971363
val,98,136,20.0,24.256535,4.2565346
val,98,137,19.0,24.13388,5.1338806
val,98,138,18.0,24.111252,6.111252
val,98,139,17.0,20.79899,3.7989902
val,98,140,16.0,19.84993,3.8499298
val,98,141,15.0,19.230402,4.230402
val,98,142,14.0,20.235624,6.2356243
val,98,143,13.0,17.461634,4.4616337
val,98,144,12.0,16.051588,4.051588
val,98,145,11.0,15.277818,4.2778177
val,98,146,10.0,13.871031,3.8710308
val,98,147,9.0,11.0781,2.0781002
val,98,148,8.0,8.221126,0.2211256
val,98,149,7.0,7.799996,0.7999959
val,98,150,6.0,6.52978,0.5297799
val,98,151,5.0,4.865478,-0.13452196
val,98,152,4.0,4.636891,0.6368909
val,98,153,3.0,2.8313403,-0.16865969
val,98,154,2.0,2.4316745,0.43167448
val,98,155,1.0,0.8853661,-0.11463392
val,98,156,0.0,2.8589082,2.8589082
val,100,30,170.0,125.97407,-44.025932
val,100,31,169.0,133.51324,-35.486755
val,100,32,168.0,103.25022,-64.74978
val,100,33,167.0,94.033,-72.967
val,100,34,166.0,103.199104,-62.800896
val,100,35,165.0,108.47403,-56.52597
val,100,36,164.0,140.99655,-23.003448
val,100,37,163.0,112.14765,-50.85235
val,100,38,162.0,100.72913,-61.270866
val,100,39,161.0,95.711205,-65.288795
val,100,40,160.0,95.85304,-64.14696
val,100,41,159.0,104.74468,-54.255318
val,100,42,158.0,121.33877,-36.661232
val,100,43,157.0,120.39852,-36.60148
val,100,44,156.0,115.29239,-40.70761
val,100,45,155.0,111.495056,-43.504944
val,100,46,154.0,129.54126,-24.45874
val,100,47,153.0,139.3967,-13.603302
val,100,48,152.0,143.54996,-8.450043
val,100,49,151.0,143.70175,-7.2982483
val,100,50,150.0,143.7231,-6.2769012
val,100,51,149.0,143.69482,-5.305176
val,100,52,148.0,143.69534,-4.304657
val,100,53,147.0,143.46638,-3.533615
val,100,54,146.0,143.74234,-2.25766
val,100,55,145.0,143.76562,-1.234375
val,100,56,144.0,143.73909,-0.26091003
val,100,57,143.0,143.14989,0.14988708
val,100,58,142.0,141.06674,-0.93325806
val,100,59,141.0,142.80275,1.8027496
val,100,60,140.0,139.00615,-0.9938507
val,100,61,139.0,140.96315,1.96315
val,100,62,138.0,142.0278,4.0278015
val,100,63,137.0,140.6933,3.6932983
val,100,64,136.0,143.00366,7.003662
val,100,65,135.0,143.59598,8.595978
val,100,66,134.0,141.95367,7.9536743
val,100,67,133.0,141.43195,8.431946
val,100,68,132.0,142.87553,10.875534
val,100,69,131.0,140.66757,9.667572
val,100,70,130.0,131.87901,1.8790131
val,100,71,129.0,109.18211,-19.817886
val,100,72,128.0,110.80462,-17.195381
val,100,73,127.0,98.15496,-28.84504
val,100,74,126.0,101.20245,-24.797546
val,100,75,125.0,107.30925,-17.69075
val,100,76,124.0,107.11375,-16.886253
val,100,77,123.0,100.08149,-22.91851
val,100,78,122.0,101.86796,-20.132042
val,100,79,121.0,107.14756,-13.85244
val,100,80,120.0,95.68136,-24.318642
val,100,81,119.0,105.72541,-13.27459
val,100,82,118.0,100.39885,-17.60115
val,100,83,117.0,82.94546,-34.054543
val,100,84,116.0,77.50422,-38.49578
val,100,85,115.0,91.15924,-23.84076
val,100,86,114.0,90.50657,-23.493431
val,100,87,113.0,80.144745,-32.855255
val,100,88,112.0,77.409584,-34.590416
val,100,89,111.0,80.86833,-30.131668
val,100,90,110.0,77.72863,-32.27137
val,100,91,109.0,78.773766,-30.226234
val,100,92,108.0,82.73798,-25.262016
val,100,93,107.0,80.80038,-26.199623
val,100,94,106.0,87.05466,-18.945343
val,100,95,105.0,90.16382,-14.836182
val,100,96,104.0,85.476265,-18.523735
val,100,97,103.0,84.40111,-18.598892
val,100,98,102.0,80.19468,-21.80532
val,100,99,101.0,87.14324,-13.856758
val,100,100,100.0,77.700035,-22.299965
val,100,101,99.0,77.64266,-21.357338
val,100,102,98.0,77.54329,-20.45671
val,100,103,97.0,67.64967,-29.350327
val,100,104,96.0,79.6131,-16.386902
val,100,105,95.0,88.995346,-6.004654
val,100,106,94.0,90.69236,-3.30764
val,100,107,93.0,96.096016,3.096016
val,100,108,92.0,142.10907,50.10907
val,100,109,91.0,142.97656,51.976562
val,100,110,90.0,135.94183,45.941833
val,100,111,89.0,128.20125,39.20125
val,100,112,88.0,130.07979,42.07979
val,100,113,87.0,97.5535,10.553497
val,100,114,86.0,98.53602,12.536018
val,100,115,85.0,97.75759,12.757591
val,100,116,84.0,98.63964,14.639641
val,100,117,83.0,97.43426,14.4342575
val,100,118,82.0,100.230354,18.230354
val,100,119,81.0,95.98898,14.988983
val,100,120,80.0,91.798515,11.798515
val,100,121,79.0,75.896034,-3.1039658
val,100,122,78.0,70.44114,-7.558861
val,100,123,77.0,76.84657,-0.15342712
val,100,124,76.0,72.42016,-3.5798416
val,100,125,75.0,67.90826,-7.0917435
val,100,126,74.0,58.552185,-15.447815
val,100,127,73.0,50.176014,-22.823986
val,100,128,72.0,47.25501,-24.744991
val,100,129,71.0,52.118217,-18.881783
val,100,130,70.0,58.926815,-11.073185
val,100,131,69.0,56.344437,-12.655563
val,100,132,68.0,52.243866,-15.756134
val,100,133,67.0,45.68778,-21.312222
val,100,134,66.0,43.87352,-22.12648
val,100,135,65.0,44.310455,-20.689545
val,100,136,64.0,47.515644,-16.484356
val,100,137,63.0,48.368237,-14.631763
val,100,138,62.0,51.887367,-10.112633
val,100,139,61.0,50.801895,-10.198105
val,100,140,60.0,50.832016,-9.167984
val,100,141,59.0,65.240456,6.2404556
val,100,142,58.0,91.31391,33.31391
val,100,143,57.0,84.086044,27.086044
val,100,144,56.0,83.259605,27.259605
val,100,145,55.0,72.81338,17.813377
val,100,146,54.0,66.20678,12.2067795
val,100,147,53.0,57.23864,4.23864
val,100,148,52.0,55.632774,3.6327744
val,100,149,51.0,41.80107,-9.198929
val,100,150,50.0,41.265568,-8.734432
val,100,151,49.0,38.21768,-10.782318
val,100,152,48.0,37.002502,-10.997498
val,100,153,47.0,39.600704,-7.399296
val,100,154,46.0,35.459236,-10.540764
val,100,155,45.0,28.914225,-16.085775
val,100,156,44.0,29.591743,-14.408257
val,100,157,43.0,31.135674,-11.8643265
val,100,158,42.0,27.432177,-14.567823
val,100,159,41.0,29.417126,-11.582874
val,100,160,40.0,27.176723,-12.8232765
val,100,161,39.0,28.336597,-10.663403
val,100,162,38.0,27.987864,-10.012136
val,100,163,37.0,25.726433,-11.273567
val,100,164,36.0,25.056273,-10.9437275
val,100,165,35.0,18.791235,-16.208765
val,100,166,34.0,21.181417,-12.818583
val,100,167,33.0,23.795177,-9.204823
val,100,168,32.0,20.254185,-11.745815
val,100,169,31.0,26.445494,-4.5545063
val,100,170,30.0,23.773626,-6.2263737
val,100,171,29.0,32.08665,3.0866508
val,100,172,28.0,30.935322,2.9353218
val,100,173,27.0,28.421005,1.4210052
val,100,174,26.0,29.011494,3.0114937
val,100,175,25.0,30.743149,5.743149
val,100,176,24.0,30.03862,6.03862
val,100,177,23.0,32.387516,9.387516
val,100,178,22.0,33.04479,11.044788
val,100,179,21.0,26.758438,5.758438
val,100,180,20.0,29.588373,9.588373
val,100,181,19.0,26.752188,7.7521877
val,100,182,18.0,25.333391,7.333391
val,100,183,17.0,23.930681,6.930681
val,100,184,16.0,21.754757,5.754757
val,100,185,15.0,21.716286,6.7162857
val,100,186,14.0,21.573725,7.5737247
val,100,187,13.0,21.725473,8.725473
val,100,188,12.0,17.672682,5.672682
val,100,189,11.0,16.23004,5.2300396
val,100,190,10.0,13.985916,3.9859161
val,100,191,9.0,7.7862744,-1.2137256
val,100,192,8.0,10.711862,2.7118616
val,100,193,7.0,10.5259695,3.5259695
val,100,194,6.0,10.116485,4.1164846
val,100,195,5.0,7.882483,2.882483
val,100,196,4.0,7.274037,3.274037
val,100,197,3.0,4.869633,1.8696332
val,100,198,2.0,3.5065608,1.5065608
val,100,199,1.0,3.5619063,2.5619063
val,100,200,0.0,1.9311882,1.9311882
